"repository_path","working_source_path","data_class","origin","immutable","upload_policy","size_bytes","sha256","notes"
"data/raw/annotations/kegg_ko_info_2026-08-06.txt","data/raw/annotations/kegg_ko_info_2026-08-06.txt","external-reference","KEGG REST retrieval metadata","yes","git",224,"b91e839ce5329294d0bf9d121e9e1c4f2856237529b77dc84c8d510c1e3bc960","Unmodified KEGG release metadata retrieved 2026-08-06; KO list intentionally not staged pending redistribution review"
"data/raw/b12_assay_comparison/Ecoli_chlamy_b12_assay_dataset.csv","data/raw/b12_assay_comparison/Ecoli_chlamy_b12_assay_dataset.csv","instrument","combined E. coli-Chlamydomonas assay dataset","no","git",232547,"ccbaaaa647f8913e7c47b615c916401dfde567f34c49e690ffd3316cc9057fe4",""
"data/raw/b12_release_uptake_death/b12_assay/260216_1642_FB_Chlorophyll_384_b12_release_uptake_death1_plate1_hour72.csv","data/raw/b12_release_uptake_death/b12_assay/260216_1642_FB_Chlorophyll_384_b12_release_uptake_death1_plate1_hour72.csv","instrument","plate-reader export","yes","git",6166,"903685fb30a26f727579ad6186b4efa6e1f26c98eb9e33733268c20592516d3f",""
"data/raw/b12_release_uptake_death/b12_assay/260216_1644_FB_Chlorophyll_384_b12_release_uptake_death1_plate2_hour72.csv","data/raw/b12_release_uptake_death/b12_assay/260216_1644_FB_Chlorophyll_384_b12_release_uptake_death1_plate2_hour72.csv","instrument","plate-reader export","yes","git",6166,"03953d2e1b6b8df5f19e0ac94486943ff031ae8784bfdd2a2c51453c1e493a51",""
"data/raw/b12_release_uptake_death/b12_assay/260216_1647_FB_Chlorophyll_384_b12_release_uptake_death1_plate3_hour72.csv","data/raw/b12_release_uptake_death/b12_assay/260216_1647_FB_Chlorophyll_384_b12_release_uptake_death1_plate3_hour72.csv","instrument","plate-reader export","yes","git",6166,"ed8a862fa947f14a252f10b93a6e37f568828ccdfb5fc90b56a4a31b960a6077",""
"data/raw/b12_release_uptake_death/b12_assay/260216_1649_FB_Chlorophyll_384_b12_release_uptake_death1_plate4_hour72.csv","data/raw/b12_release_uptake_death/b12_assay/260216_1649_FB_Chlorophyll_384_b12_release_uptake_death1_plate4_hour72.csv","instrument","plate-reader export","yes","git",6166,"156864d770c6eafaecc5a2702159bdcf5fe7aca0d56b6811908e9eb3adaf404b",""
"data/raw/b12_release_uptake_death/b12_assay/260216_1652_FB_Chlorophyll_384_b12_release_uptake_death1_plate5_hour72.csv","data/raw/b12_release_uptake_death/b12_assay/260216_1652_FB_Chlorophyll_384_b12_release_uptake_death1_plate5_hour72.csv","instrument","plate-reader export","yes","git",6166,"93a1f367ef1ab29778d259701fe1d65244c809ce08279da1c75f8e6b529190a4",""
"data/raw/b12_release_uptake_death/b12_assay/260216_1655_FB_Chlorophyll_384_b12_release_uptake_death1_plate6_hour72.csv","data/raw/b12_release_uptake_death/b12_assay/260216_1655_FB_Chlorophyll_384_b12_release_uptake_death1_plate6_hour72.csv","instrument","plate-reader export","yes","git",6166,"82b4637a21fb1fbd7007db59fd9c61b1142615d232b77d0f8777b023c2a1f0e5",""
"data/raw/b12_release_uptake_death/b12_assay/260216_1657_FB_Chlorophyll_384_b12_release_uptake_death1_plate7_hour72.csv","data/raw/b12_release_uptake_death/b12_assay/260216_1657_FB_Chlorophyll_384_b12_release_uptake_death1_plate7_hour72.csv","instrument","plate-reader export","yes","git",6166,"3896d190556711df72eb7deb2f77027712c98b03a8bfdb249e7d08e6fcf99149",""
"data/raw/b12_release_uptake_death/b12_assay/260216_1700_FB_Chlorophyll_384_b12_release_uptake_death1_plate8_hour72.csv","data/raw/b12_release_uptake_death/b12_assay/260216_1700_FB_Chlorophyll_384_b12_release_uptake_death1_plate8_hour72.csv","instrument","plate-reader export","yes","git",6166,"05e05194d1fcee51d2e09145d16d50319761fa78cb56c6b3dc69143f37fab0bb",""
"data/raw/b12_release_uptake_death/b12_assay/260216_1705_FB_Chlorophyll_384_b12_release_uptake_death1_plate17_hour72.csv","data/raw/b12_release_uptake_death/b12_assay/260216_1705_FB_Chlorophyll_384_b12_release_uptake_death1_plate17_hour72.csv","instrument","plate-reader export","yes","git",6167,"0bcdc40df52b218a755362b0caf72f29d52696b77cbd7b109c4f3164a387ff17",""
"data/raw/b12_release_uptake_death/b12_assay/260216_1728_FB_Chlorophyll_384_b12_release_uptake_death1_plate9_hour72.csv","data/raw/b12_release_uptake_death/b12_assay/260216_1728_FB_Chlorophyll_384_b12_release_uptake_death1_plate9_hour72.csv","instrument","plate-reader export","yes","git",6166,"cbcfd52f8c475c57ed5bc33679dbca1766ba77aa4a9d33d270af77ad56c463ed",""
"data/raw/b12_release_uptake_death/b12_assay/260216_1731_FB_Chlorophyll_384_b12_release_uptake_death1_plate10_hour72.csv","data/raw/b12_release_uptake_death/b12_assay/260216_1731_FB_Chlorophyll_384_b12_release_uptake_death1_plate10_hour72.csv","instrument","plate-reader export","yes","git",6167,"06aac7274bf90e6d3ba55aeac2472b5975a6f9957279a8267b675e70fbebd1b3",""
"data/raw/b12_release_uptake_death/b12_assay/260216_1734_FB_Chlorophyll_384_b12_release_uptake_death1_plate11_hour72.csv","data/raw/b12_release_uptake_death/b12_assay/260216_1734_FB_Chlorophyll_384_b12_release_uptake_death1_plate11_hour72.csv","instrument","plate-reader export","yes","git",6167,"f0d6d61fbaf45bb3d566b32ea1ae3ff9a2f041aa4667a5841f8f6e0711d6f92d",""
"data/raw/b12_release_uptake_death/b12_assay/260216_1737_FB_Chlorophyll_384_b12_release_uptake_death1_plate12_hour72.csv","data/raw/b12_release_uptake_death/b12_assay/260216_1737_FB_Chlorophyll_384_b12_release_uptake_death1_plate12_hour72.csv","instrument","plate-reader export","yes","git",6167,"015a796e6d4315487ed10019399c0212cc76e4c02c884abc40032e7272e35bae",""
"data/raw/b12_release_uptake_death/b12_assay/260216_1739_FB_Chlorophyll_384_b12_release_uptake_death1_plate13_hour72.csv","data/raw/b12_release_uptake_death/b12_assay/260216_1739_FB_Chlorophyll_384_b12_release_uptake_death1_plate13_hour72.csv","instrument","plate-reader export","yes","git",6167,"f4192859c8ca471acd541ba13501888147320b10d90469e5cc90f902471a9f68",""
"data/raw/b12_release_uptake_death/b12_assay/260216_1741_FB_Chlorophyll_384_b12_release_uptake_death1_plate14_hour72.csv","data/raw/b12_release_uptake_death/b12_assay/260216_1741_FB_Chlorophyll_384_b12_release_uptake_death1_plate14_hour72.csv","instrument","plate-reader export","yes","git",6167,"662fc1049c6910149a9674d016fbfd686b0138cd89b62b23f1d6d13bcdf60fec",""
"data/raw/b12_release_uptake_death/b12_assay/260216_1744_FB_Chlorophyll_384_b12_release_uptake_death1_plate15_hour72.csv","data/raw/b12_release_uptake_death/b12_assay/260216_1744_FB_Chlorophyll_384_b12_release_uptake_death1_plate15_hour72.csv","instrument","plate-reader export","yes","git",6167,"9cfa74dbefb107e89a944aafd80e85996095b698c0678a69f8ff493ff5bd3488",""
"data/raw/b12_release_uptake_death/b12_assay/260216_1746_FB_Chlorophyll_384_b12_release_uptake_death1_plate16_hour72.csv","data/raw/b12_release_uptake_death/b12_assay/260216_1746_FB_Chlorophyll_384_b12_release_uptake_death1_plate16_hour72.csv","instrument","plate-reader export","yes","git",6167,"165be30e89f2aa8b67a1773848eca835a7a3071f2b787b17752fd0f2f790b6c9",""
"data/raw/b12_release_uptake_death/b12_assay/260216_1749_FB_Chlorophyll_384_b12_release_uptake_death1_plate18_hour72.csv","data/raw/b12_release_uptake_death/b12_assay/260216_1749_FB_Chlorophyll_384_b12_release_uptake_death1_plate18_hour72.csv","instrument","plate-reader export","yes","git",6167,"ec0193899cfefb1be37d5cfe2252df5ab650abb5fdfb9f1bff2d54a1adc7f60f",""
"data/raw/b12_release_uptake_death/b12_assay/260217_1554_FB_Chlorophyll_384_b12_release_uptake_death1_plate1_hour94.csv","data/raw/b12_release_uptake_death/b12_assay/260217_1554_FB_Chlorophyll_384_b12_release_uptake_death1_plate1_hour94.csv","instrument","plate-reader export","yes","git",6166,"163f09460c397a67a835f3bedc0036ae68540169acd3f165b0cddcfecf439563",""
"data/raw/b12_release_uptake_death/b12_assay/260217_1556_FB_Chlorophyll_384_b12_release_uptake_death1_plate2_hour94.csv","data/raw/b12_release_uptake_death/b12_assay/260217_1556_FB_Chlorophyll_384_b12_release_uptake_death1_plate2_hour94.csv","instrument","plate-reader export","yes","git",6166,"925822c072722e80a0b969f7831aa253adce6d29959b3932354e3a3fa0b736b8",""
"data/raw/b12_release_uptake_death/b12_assay/260217_1558_FB_Chlorophyll_384_b12_release_uptake_death1_plate3_hour94.csv","data/raw/b12_release_uptake_death/b12_assay/260217_1558_FB_Chlorophyll_384_b12_release_uptake_death1_plate3_hour94.csv","instrument","plate-reader export","yes","git",6166,"00f1b606cd3cc21eb084f88f5bbdaa1d9438bd2cde7b7a8efb68bf6f6fd050fc",""
"data/raw/b12_release_uptake_death/b12_assay/260217_1600_FB_Chlorophyll_384_b12_release_uptake_death1_plate4_hour94.csv","data/raw/b12_release_uptake_death/b12_assay/260217_1600_FB_Chlorophyll_384_b12_release_uptake_death1_plate4_hour94.csv","instrument","plate-reader export","yes","git",6166,"168655a7042e403ab966d849ffb5ede85f399454644caa76c69b67acf4b0e19a",""
"data/raw/b12_release_uptake_death/b12_assay/260217_1603_FB_Chlorophyll_384_b12_release_uptake_death1_plate5_hour94.csv","data/raw/b12_release_uptake_death/b12_assay/260217_1603_FB_Chlorophyll_384_b12_release_uptake_death1_plate5_hour94.csv","instrument","plate-reader export","yes","git",6166,"e52123d88b8169603bac5860a73bc7ad487058ee382722f7cdff32175df5763c",""
"data/raw/b12_release_uptake_death/b12_assay/260217_1605_FB_Chlorophyll_384_b12_release_uptake_death1_plate6_hour94.csv","data/raw/b12_release_uptake_death/b12_assay/260217_1605_FB_Chlorophyll_384_b12_release_uptake_death1_plate6_hour94.csv","instrument","plate-reader export","yes","git",6166,"327a06cdf33565875c16d9c960924325d0d66eb67863aa958576e6cb828810fd",""
"data/raw/b12_release_uptake_death/b12_assay/260217_1607_FB_Chlorophyll_384_b12_release_uptake_death1_plate7_hour94.csv","data/raw/b12_release_uptake_death/b12_assay/260217_1607_FB_Chlorophyll_384_b12_release_uptake_death1_plate7_hour94.csv","instrument","plate-reader export","yes","git",6166,"3682581920fdd8552ccd9eeadd5eb25fb2062debe08dd8c04b93135be10e0bce",""
"data/raw/b12_release_uptake_death/b12_assay/260217_1610_FB_Chlorophyll_384_b12_release_uptake_death1_plate8_hour94.csv","data/raw/b12_release_uptake_death/b12_assay/260217_1610_FB_Chlorophyll_384_b12_release_uptake_death1_plate8_hour94.csv","instrument","plate-reader export","yes","git",6166,"6af4d2883a8f521fdb51cb66761e2606e7956ca614e148c2113439872bd70524",""
"data/raw/b12_release_uptake_death/b12_assay/260217_1613_FB_Chlorophyll_384_b12_release_uptake_death1_plate17_hour94.csv","data/raw/b12_release_uptake_death/b12_assay/260217_1613_FB_Chlorophyll_384_b12_release_uptake_death1_plate17_hour94.csv","instrument","plate-reader export","yes","git",6167,"9721f201ae6d974db732acef9898d53eeac693f472a6bb71ed3d4c32cee36e92",""
"data/raw/b12_release_uptake_death/b12_assay/260217_1615_FB_Chlorophyll_384_b12_release_uptake_death1_plate9_hour94.csv","data/raw/b12_release_uptake_death/b12_assay/260217_1615_FB_Chlorophyll_384_b12_release_uptake_death1_plate9_hour94.csv","instrument","plate-reader export","yes","git",6166,"431d897c424df077a97fce5a4e179873eb444e97d5332564eff59befd68754bd",""
"data/raw/b12_release_uptake_death/b12_assay/260217_1617_FB_Chlorophyll_384_b12_release_uptake_death1_plate10_hour94.csv","data/raw/b12_release_uptake_death/b12_assay/260217_1617_FB_Chlorophyll_384_b12_release_uptake_death1_plate10_hour94.csv","instrument","plate-reader export","yes","git",6167,"df71dadf28c0c2ca5b5629f2c5a4d77806a31387394afa24b0a052c1fd5bc00d",""
"data/raw/b12_release_uptake_death/b12_assay/260217_1621_FB_Chlorophyll_384_b12_release_uptake_death1_plate11_hour94.csv","data/raw/b12_release_uptake_death/b12_assay/260217_1621_FB_Chlorophyll_384_b12_release_uptake_death1_plate11_hour94.csv","instrument","plate-reader export","yes","git",6167,"5826ba20015746224361f960489a92382b81170ca80045a8ed4a3608d04373e6",""
"data/raw/b12_release_uptake_death/b12_assay/260217_1623_FB_Chlorophyll_384_b12_release_uptake_death1_plate12_hour94.csv","data/raw/b12_release_uptake_death/b12_assay/260217_1623_FB_Chlorophyll_384_b12_release_uptake_death1_plate12_hour94.csv","instrument","plate-reader export","yes","git",6167,"611ad2525fc6a1e4c4fff8303e7954e353c3a4456395967f766b82c2481c8d6c",""
"data/raw/b12_release_uptake_death/b12_assay/260217_1625_FB_Chlorophyll_384_b12_release_uptake_death1_plate13_hour94.csv","data/raw/b12_release_uptake_death/b12_assay/260217_1625_FB_Chlorophyll_384_b12_release_uptake_death1_plate13_hour94.csv","instrument","plate-reader export","yes","git",6167,"c779adbc1142ef0306519320b375b3a64ad59e1aff9985b86c0909e09f758806",""
"data/raw/b12_release_uptake_death/b12_assay/260217_1628_FB_Chlorophyll_384_b12_release_uptake_death1_plate14_hour94.csv","data/raw/b12_release_uptake_death/b12_assay/260217_1628_FB_Chlorophyll_384_b12_release_uptake_death1_plate14_hour94.csv","instrument","plate-reader export","yes","git",6167,"2af4863fe61e7c89c3dd4373f01fe90943bfd50be15637d969e9950e17f41545",""
"data/raw/b12_release_uptake_death/b12_assay/260217_1630_FB_Chlorophyll_384_b12_release_uptake_death1_plate15_hour94.csv","data/raw/b12_release_uptake_death/b12_assay/260217_1630_FB_Chlorophyll_384_b12_release_uptake_death1_plate15_hour94.csv","instrument","plate-reader export","yes","git",6167,"e89fbf93178ea601d8c59087c546a5fb9ea762a2d35f13c54216890c36208556",""
"data/raw/b12_release_uptake_death/b12_assay/260217_1632_FB_Chlorophyll_384_b12_release_uptake_death1_plate16_hour94.csv","data/raw/b12_release_uptake_death/b12_assay/260217_1632_FB_Chlorophyll_384_b12_release_uptake_death1_plate16_hour94.csv","instrument","plate-reader export","yes","git",6167,"5b6639320eff074adf9440813b6f31d49a48f32f65238c23528469e6c7d333bb",""
"data/raw/b12_release_uptake_death/b12_assay/260217_1634_FB_Chlorophyll_384_b12_release_uptake_death1_plate18_hour94.csv","data/raw/b12_release_uptake_death/b12_assay/260217_1634_FB_Chlorophyll_384_b12_release_uptake_death1_plate18_hour94.csv","instrument","plate-reader export","yes","git",6167,"748bfe34f282d8b3184da01a2c79d8dd20f14876169cda0b30359e8fd458ff64",""
"data/raw/b12_release_uptake_death/b12_assay/260218_1555_FB_Chlorophyll_384_b12_release_uptake_death1_plate1_hour120.csv","data/raw/b12_release_uptake_death/b12_assay/260218_1555_FB_Chlorophyll_384_b12_release_uptake_death1_plate1_hour120.csv","instrument","plate-reader export","yes","git",6167,"2f6f74aa457295d9b52b47770adb218eac667bcdc43221f48ce34db987c3f689",""
"data/raw/b12_release_uptake_death/b12_assay/260218_1557_FB_Chlorophyll_384_b12_release_uptake_death1_plate2_hour120.csv","data/raw/b12_release_uptake_death/b12_assay/260218_1557_FB_Chlorophyll_384_b12_release_uptake_death1_plate2_hour120.csv","instrument","plate-reader export","yes","git",6167,"0d178c30a7c9177e0995224bee032b57bbcd363640a6e016f0914459eeb5a03f",""
"data/raw/b12_release_uptake_death/b12_assay/260218_1559_FB_Chlorophyll_384_b12_release_uptake_death1_plate3_hour120.csv","data/raw/b12_release_uptake_death/b12_assay/260218_1559_FB_Chlorophyll_384_b12_release_uptake_death1_plate3_hour120.csv","instrument","plate-reader export","yes","git",6167,"eb4c0ab4c758e5da21f01a55a84bd3b582c642ef14bb45236b297316540daa6f",""
"data/raw/b12_release_uptake_death/b12_assay/260218_1601_FB_Chlorophyll_384_b12_release_uptake_death1_plate4_hour120.csv","data/raw/b12_release_uptake_death/b12_assay/260218_1601_FB_Chlorophyll_384_b12_release_uptake_death1_plate4_hour120.csv","instrument","plate-reader export","yes","git",6167,"2ed3f00959e45e4ee8c03bc48bd985e2fed53f19a1d7301bc9ea7c0feb5a4f4f",""
"data/raw/b12_release_uptake_death/b12_assay/260218_1603_FB_Chlorophyll_384_b12_release_uptake_death1_plate5_hour120.csv","data/raw/b12_release_uptake_death/b12_assay/260218_1603_FB_Chlorophyll_384_b12_release_uptake_death1_plate5_hour120.csv","instrument","plate-reader export","yes","git",6167,"288e1cd44404e7c06fb257a821ecd600c6864eec7eed555f517c82efe56b9fca",""
"data/raw/b12_release_uptake_death/b12_assay/260218_1606_FB_Chlorophyll_384_b12_release_uptake_death1_plate6_hour120.csv","data/raw/b12_release_uptake_death/b12_assay/260218_1606_FB_Chlorophyll_384_b12_release_uptake_death1_plate6_hour120.csv","instrument","plate-reader export","yes","git",6167,"7caa10aeabf2ffb3cedd574665f21a6a95cc11cd087b49ed91db27d80d78f33c",""
"data/raw/b12_release_uptake_death/b12_assay/260218_1608_FB_Chlorophyll_384_b12_release_uptake_death1_plate7_hour120.csv","data/raw/b12_release_uptake_death/b12_assay/260218_1608_FB_Chlorophyll_384_b12_release_uptake_death1_plate7_hour120.csv","instrument","plate-reader export","yes","git",6167,"aadcad931573f24c457c036f963dd4bcd95aaa45cb29e4fe104940549f6f6aad",""
"data/raw/b12_release_uptake_death/b12_assay/260218_1611_FB_Chlorophyll_384_b12_release_uptake_death1_plate8_hour120.csv","data/raw/b12_release_uptake_death/b12_assay/260218_1611_FB_Chlorophyll_384_b12_release_uptake_death1_plate8_hour120.csv","instrument","plate-reader export","yes","git",6167,"48e6f16669b47b74843504b0c94b51f4eb9ba67cd51725bb6d14c5aa6b76b486",""
"data/raw/b12_release_uptake_death/b12_assay/260218_1613_FB_Chlorophyll_384_b12_release_uptake_death1_plate17_hour120.csv","data/raw/b12_release_uptake_death/b12_assay/260218_1613_FB_Chlorophyll_384_b12_release_uptake_death1_plate17_hour120.csv","instrument","plate-reader export","yes","git",6168,"9eb946b280867f442e52373a7d71e9738e46760f63c77969ed42c256040aa820",""
"data/raw/b12_release_uptake_death/b12_assay/260218_1616_FB_Chlorophyll_384_b12_release_uptake_death1_plate9_hour120.csv","data/raw/b12_release_uptake_death/b12_assay/260218_1616_FB_Chlorophyll_384_b12_release_uptake_death1_plate9_hour120.csv","instrument","plate-reader export","yes","git",6167,"dcad6b12187aadb0221dd30862b02bf35272bf68dfcf0b6b89a97018a1fbac34",""
"data/raw/b12_release_uptake_death/b12_assay/260218_1618_FB_Chlorophyll_384_b12_release_uptake_death1_plate10_hour120.csv","data/raw/b12_release_uptake_death/b12_assay/260218_1618_FB_Chlorophyll_384_b12_release_uptake_death1_plate10_hour120.csv","instrument","plate-reader export","yes","git",6168,"0c30b7b9a49585a94e7e7b681140270cb376cc7f873d4e9c6baec3d3b15b6c4c",""
"data/raw/b12_release_uptake_death/b12_assay/260218_1620_FB_Chlorophyll_384_b12_release_uptake_death1_plate11_hour120.csv","data/raw/b12_release_uptake_death/b12_assay/260218_1620_FB_Chlorophyll_384_b12_release_uptake_death1_plate11_hour120.csv","instrument","plate-reader export","yes","git",6168,"dba8485bf35e19d826e1aeaa99aae84ae05063662c0a8bce7ad34e5e3e81bc4d",""
"data/raw/b12_release_uptake_death/b12_assay/260218_1622_FB_Chlorophyll_384_b12_release_uptake_death1_plate12_hour120.csv","data/raw/b12_release_uptake_death/b12_assay/260218_1622_FB_Chlorophyll_384_b12_release_uptake_death1_plate12_hour120.csv","instrument","plate-reader export","yes","git",6168,"e70285bff292775d781349ec207f80b9236b37dccd3a6876cc4957aee925c079",""
"data/raw/b12_release_uptake_death/b12_assay/260218_1625_FB_Chlorophyll_384_b12_release_uptake_death1_plate13_hour120.csv","data/raw/b12_release_uptake_death/b12_assay/260218_1625_FB_Chlorophyll_384_b12_release_uptake_death1_plate13_hour120.csv","instrument","plate-reader export","yes","git",6168,"f4649f80eb12ae1ca15451090051b9f9a1a22c21b1177d86060137e134b6f0d1",""
"data/raw/b12_release_uptake_death/b12_assay/260218_1627_FB_Chlorophyll_384_b12_release_uptake_death1_plate14_hour120.csv","data/raw/b12_release_uptake_death/b12_assay/260218_1627_FB_Chlorophyll_384_b12_release_uptake_death1_plate14_hour120.csv","instrument","plate-reader export","yes","git",6168,"310cfdca0a2cfb12fdc83087f681263998b26873dc591ef9e288d00ad561380a",""
"data/raw/b12_release_uptake_death/b12_assay/260218_1629_FB_Chlorophyll_384_b12_release_uptake_death1_plate15_hour120.csv","data/raw/b12_release_uptake_death/b12_assay/260218_1629_FB_Chlorophyll_384_b12_release_uptake_death1_plate15_hour120.csv","instrument","plate-reader export","yes","git",6168,"7dddf66d01add1e7d1dd3a1b4b0718564ef63feac6462aead40373c2ff56eb14",""
"data/raw/b12_release_uptake_death/b12_assay/260218_1632_FB_Chlorophyll_384_b12_release_uptake_death1_plate16_hour120.csv","data/raw/b12_release_uptake_death/b12_assay/260218_1632_FB_Chlorophyll_384_b12_release_uptake_death1_plate16_hour120.csv","instrument","plate-reader export","yes","git",6168,"e096c151f13319ef5d9a33714d9214a557e7e8afc455dfe6a49cd25f53f57b3d",""
"data/raw/b12_release_uptake_death/b12_assay/260218_1634_FB_Chlorophyll_384_b12_release_uptake_death1_plate18_hour120.csv","data/raw/b12_release_uptake_death/b12_assay/260218_1634_FB_Chlorophyll_384_b12_release_uptake_death1_plate18_hour120.csv","instrument","plate-reader export","yes","git",6168,"44f0fff8f98fd420563c05a7ec80295f62e0b38bc52304392ef55545f94ac5d0",""
"data/raw/b12_release_uptake_death/bacteria_od/260210_1331_FB_OD600_96well_b12_release_uptake_death1_plate1_hour20_minute0.csv","data/raw/b12_release_uptake_death/bacteria_od/260210_1331_FB_OD600_96well_b12_release_uptake_death1_plate1_hour20_minute0.csv","instrument","plate-reader export","yes","git",674,"b748528eefbc1e7aa917ebf37c98b135adc7bec4cddca7a4ee33a20c3659ed2f",""
"data/raw/b12_release_uptake_death/bacteria_od/260210_1727_FB_OD600_96well_b12_release_uptake_death1_plate2_hour20_minute240.csv","data/raw/b12_release_uptake_death/bacteria_od/260210_1727_FB_OD600_96well_b12_release_uptake_death1_plate2_hour20_minute240.csv","instrument","plate-reader export","yes","git",674,"d7ee0f13f4280f747a80a4caea30b3d5413cf2f4c59c3ffe41bcea5c20fa9aaf",""
"data/raw/b12_release_uptake_death/bacteria_od/260210_1729_FB_OD600_96well_b12_release_uptake_death1_plate3_hour20_minute240.csv","data/raw/b12_release_uptake_death/bacteria_od/260210_1729_FB_OD600_96well_b12_release_uptake_death1_plate3_hour20_minute240.csv","instrument","plate-reader export","yes","git",674,"245167e376c7084f5fd618a8e555a08dcd2a580186798a6d5cf98d1a33d57a9d",""
"data/raw/b12_release_uptake_death/bacteria_od/260212_1426_FB_OD600_96well_b12_release_uptake_death2_plate1_hour20_minute0.csv","data/raw/b12_release_uptake_death/bacteria_od/260212_1426_FB_OD600_96well_b12_release_uptake_death2_plate1_hour20_minute0.csv","instrument","plate-reader export","yes","git",674,"ee0aafd988c52b6afd53318ec6be61750b2b70973106bb22530c57086785b8f8",""
"data/raw/b12_release_uptake_death/bacteria_od/260212_1816_FB_OD600_96well_b12_release_uptake_death2_plate2_hour20_minute240.csv","data/raw/b12_release_uptake_death/bacteria_od/260212_1816_FB_OD600_96well_b12_release_uptake_death2_plate2_hour20_minute240.csv","instrument","plate-reader export","yes","git",674,"a02de8651b75f2158f80db27d5f29f012ccbcfb345487aff3b64d4f650c6d585",""
"data/raw/b12_release_uptake_death/bacteria_od/260212_1818_FB_OD600_96well_b12_release_uptake_death2_plate3_hour20_minute240.csv","data/raw/b12_release_uptake_death/bacteria_od/260212_1818_FB_OD600_96well_b12_release_uptake_death2_plate3_hour20_minute240.csv","instrument","plate-reader export","yes","git",674,"98b32b7bd6e903d481158f62a52a86b3c013b4b5723c813e9f0434ec08821513",""
"data/raw/b12_release_uptake_death/metadata/strains_selected_b12_release_uptake_20260520.csv","data/raw/b12_release_uptake_death/metadata/strains_selected_b12_release_uptake_20260520.csv","metadata","release-uptake experiment design","no","git",1223,"44aa50e1028d28c5a79901c8f2a539cc9721d58734ab1e278e93d23eecd8d3c5",""
"data/raw/b12_release_uptake_death/viability/260210_1410_FB_nuc_green_dead_b12_release_uptake_death1_plate1_minute15.csv","data/raw/b12_release_uptake_death/viability/260210_1410_FB_nuc_green_dead_b12_release_uptake_death1_plate1_minute15.csv","instrument","plate-reader export","yes","git",6167,"c251b33ef4a48d02d3590f468192b7c5fddad7a693fec12597eaf7f5c2320f6e",""
"data/raw/b12_release_uptake_death/viability/260210_1419_FB_nuc_green_dead_b12_release_uptake_death1_plate1_minute20.csv","data/raw/b12_release_uptake_death/viability/260210_1419_FB_nuc_green_dead_b12_release_uptake_death1_plate1_minute20.csv","instrument","plate-reader export","yes","git",6167,"6008ccf0897956c2d63287571e66e9a1bd66eac5d7dc9a7e1ec19c136fa84e1e",""
"data/raw/b12_release_uptake_death/viability/260210_1635_FB_nuc_green_dead_b12_release_uptake_death1_plate2_minute15.csv","data/raw/b12_release_uptake_death/viability/260210_1635_FB_nuc_green_dead_b12_release_uptake_death1_plate2_minute15.csv","instrument","plate-reader export","yes","git",6167,"f4ddad34d46dbe4430e7221805347e5a8211dc0af78246003d62514b3bfc0991",""
"data/raw/b12_release_uptake_death/viability/260210_1641_FB_nuc_green_dead_b12_release_uptake_death1_plate2_minute20.csv","data/raw/b12_release_uptake_death/viability/260210_1641_FB_nuc_green_dead_b12_release_uptake_death1_plate2_minute20.csv","instrument","plate-reader export","yes","git",6167,"a1ea29528a3ed22579ff10fd5b0546df72da0fcb729476c2e3198ae0f47a4cb3",""
"data/raw/b12_release_uptake_death/viability/260210_1855_FB_nuc_green_dead_b12_release_uptake_death1_plate3_minute15.csv","data/raw/b12_release_uptake_death/viability/260210_1855_FB_nuc_green_dead_b12_release_uptake_death1_plate3_minute15.csv","instrument","plate-reader export","yes","git",6167,"1dca1ad2d60aeba902bed25f8d31e9c65368dcfc2aa22b444e0481b50718f5d8",""
"data/raw/b12_release_uptake_death/viability/260210_1900_FB_nuc_green_dead_b12_release_uptake_death1_plate3_minute20.csv","data/raw/b12_release_uptake_death/viability/260210_1900_FB_nuc_green_dead_b12_release_uptake_death1_plate3_minute20.csv","instrument","plate-reader export","yes","git",6167,"4f3f91fd7a004357ddd4e836de42dc32471d2c5ee3263c1d49228e69676114e0",""
"data/raw/b12_release_uptake_death/viability/260212_1518_FB_nuc_green_dead_b12_release_uptake_death2_plate1_minute15.csv","data/raw/b12_release_uptake_death/viability/260212_1518_FB_nuc_green_dead_b12_release_uptake_death2_plate1_minute15.csv","instrument","plate-reader export","yes","git",6167,"e8f5413c63964b92db528b1e968d3f98804817da0deed756209be706cddabf14",""
"data/raw/b12_release_uptake_death/viability/260212_1522_FB_nuc_green_dead_b12_release_uptake_death2_plate1_minute20.csv","data/raw/b12_release_uptake_death/viability/260212_1522_FB_nuc_green_dead_b12_release_uptake_death2_plate1_minute20.csv","instrument","plate-reader export","yes","git",6167,"858192ced3e812ecf81f45fc3f7c318bee2d5cdb78a20ba0c8839b565c1c43c9",""
"data/raw/b12_release_uptake_death/viability/260212_1729_FB_nuc_green_dead_b12_release_uptake_death2_plate2_minute15.csv","data/raw/b12_release_uptake_death/viability/260212_1729_FB_nuc_green_dead_b12_release_uptake_death2_plate2_minute15.csv","instrument","plate-reader export","yes","git",6167,"cb00ef3ef003becde4e6923a02384ffe6870a396710c395dad20089b9a220d19",""
"data/raw/b12_release_uptake_death/viability/260212_1735_FB_nuc_green_dead_b12_release_uptake_death2_plate2_minute20.csv","data/raw/b12_release_uptake_death/viability/260212_1735_FB_nuc_green_dead_b12_release_uptake_death2_plate2_minute20.csv","instrument","plate-reader export","yes","git",6167,"2f89a67b4540c1a02c66711430432fd7d54c84435f714cb3515b17792cc02c67",""
"data/raw/b12_release_uptake_death/viability/260212_1946_FB_nuc_green_dead_b12_release_uptake_death2_plate3_minute15.csv","data/raw/b12_release_uptake_death/viability/260212_1946_FB_nuc_green_dead_b12_release_uptake_death2_plate3_minute15.csv","instrument","plate-reader export","yes","git",6167,"529afab791026c9b2fa02b152edac17d095216c689e6fe4f061d033c6c977c0b",""
"data/raw/b12_release_uptake_death/viability/260212_1953_FB_nuc_green_dead_b12_release_uptake_death2_plate3_minute20.csv","data/raw/b12_release_uptake_death/viability/260212_1953_FB_nuc_green_dead_b12_release_uptake_death2_plate3_minute20.csv","instrument","plate-reader export","yes","git",6167,"062060b971ec0e44a8b29bb48c8d79ef4b0b12f39743c1c38d9202a26f037202",""
"data/raw/b12_trait_survey/b12_assay/260123_1828_FB_Chlorophyll_384_B12_transfer2_plate1_hour72.csv","data/raw/b12_trait_survey/b12_assay/260123_1828_FB_Chlorophyll_384_B12_transfer2_plate1_hour72.csv","instrument","plate-reader export","yes","git",6154,"8d2e55ca7991268fae8c69a2a19e751e61050dd754130c6b1f5cc49ff80fdf34",""
"data/raw/b12_trait_survey/b12_assay/260123_1831_FB_Chlorophyll_384_B12_transfer2_plate2_hour72.csv","data/raw/b12_trait_survey/b12_assay/260123_1831_FB_Chlorophyll_384_B12_transfer2_plate2_hour72.csv","instrument","plate-reader export","yes","git",6154,"e2d798dfbdb32aeecee46366cd744d24603a1ae2ebeaa5835f0609f3e9690423",""
"data/raw/b12_trait_survey/b12_assay/260123_1834_FB_Chlorophyll_384_B12_transfer2_plate3_hour72.csv","data/raw/b12_trait_survey/b12_assay/260123_1834_FB_Chlorophyll_384_B12_transfer2_plate3_hour72.csv","instrument","plate-reader export","yes","git",6154,"7721500d2c38b0854967e1df899bdf0b44faab27de5cb478ae2c5f65c604ac86",""
"data/raw/b12_trait_survey/b12_assay/260123_1837_FB_Chlorophyll_384_B12_transfer2_plate4_hour72.csv","data/raw/b12_trait_survey/b12_assay/260123_1837_FB_Chlorophyll_384_B12_transfer2_plate4_hour72.csv","instrument","plate-reader export","yes","git",6154,"8565dcf341016fb5937139bb47f32047de70ef77cc1a28fc9f43aa05a9d625d3",""
"data/raw/b12_trait_survey/b12_assay/260123_1840_FB_Chlorophyll_384_B12_transfer2_plate5_hour72.csv","data/raw/b12_trait_survey/b12_assay/260123_1840_FB_Chlorophyll_384_B12_transfer2_plate5_hour72.csv","instrument","plate-reader export","yes","git",6154,"1fe80352779518365ef17c29ca1a2b5f0fe69a6ed1d41712b7114c8f3b20b35b",""
"data/raw/b12_trait_survey/b12_assay/260123_1844_FB_Chlorophyll_384_B12_transfer2_plate6_hour72.csv","data/raw/b12_trait_survey/b12_assay/260123_1844_FB_Chlorophyll_384_B12_transfer2_plate6_hour72.csv","instrument","plate-reader export","yes","git",6154,"0257d29b41c011632e3172c50cd9ad59e696157fb249b111d8e6ed60ecda0194",""
"data/raw/b12_trait_survey/b12_assay/260123_1849_FB_Chlorophyll_384_B12_transfer2_plate7_hour72.csv","data/raw/b12_trait_survey/b12_assay/260123_1849_FB_Chlorophyll_384_B12_transfer2_plate7_hour72.csv","instrument","plate-reader export","yes","git",6154,"195435a094f27d768ca9d010cfcb9ce8e6a79f9b96101b744b41084662d1de4d",""
"data/raw/b12_trait_survey/b12_assay/260123_1853_FB_Chlorophyll_384_B12_transfer2_plate8_hour72.csv","data/raw/b12_trait_survey/b12_assay/260123_1853_FB_Chlorophyll_384_B12_transfer2_plate8_hour72.csv","instrument","plate-reader export","yes","git",6154,"134386396e9f48714d0b052b83af70b05544be09edef59b87673d409010e9812",""
"data/raw/b12_trait_survey/b12_assay/260123_1859_FB_Chlorophyll_384_B12_transfer2_plate9_hour72.csv","data/raw/b12_trait_survey/b12_assay/260123_1859_FB_Chlorophyll_384_B12_transfer2_plate9_hour72.csv","instrument","plate-reader export","yes","git",6154,"13b64e78f06acfea9fd14c92d50177eee453035740e613246e304684ca893027",""
"data/raw/b12_trait_survey/b12_assay/260123_1902_FB_Chlorophyll_384_B12_transfer2_plate10_hour72.csv","data/raw/b12_trait_survey/b12_assay/260123_1902_FB_Chlorophyll_384_B12_transfer2_plate10_hour72.csv","instrument","plate-reader export","yes","git",6155,"74185a3b858cba973cb5c1b7ba8f858408f9b301ebb689beac8a10257600d257",""
"data/raw/b12_trait_survey/b12_assay/260123_1905_FB_Chlorophyll_384_B12_transfer2_plate11_hour72.csv","data/raw/b12_trait_survey/b12_assay/260123_1905_FB_Chlorophyll_384_B12_transfer2_plate11_hour72.csv","instrument","plate-reader export","yes","git",6155,"08edadb412aeb9aee2350bc0081aef629bd1affe1d45f332aa8eb21fc633b2ae",""
"data/raw/b12_trait_survey/b12_assay/260123_1907_FB_Chlorophyll_384_B12_transfer2_plate12_hour72.csv","data/raw/b12_trait_survey/b12_assay/260123_1907_FB_Chlorophyll_384_B12_transfer2_plate12_hour72.csv","instrument","plate-reader export","yes","git",6155,"b9650d82581107a583ab215dd13a4e945dc8167f928196700b4376c65ed6e870",""
"data/raw/b12_trait_survey/b12_assay/260123_1909_FB_Chlorophyll_384_B12_transfer2_plate13_hour72.csv","data/raw/b12_trait_survey/b12_assay/260123_1909_FB_Chlorophyll_384_B12_transfer2_plate13_hour72.csv","instrument","plate-reader export","yes","git",6155,"a62f7aeb4041f4b2f1539621d9362474440671745cdd16a38c9df73a8d64bc18",""
"data/raw/b12_trait_survey/b12_assay/260124_1208_FB_Chlorophyll_384_B12_transfer2_plate1_hour90.csv","data/raw/b12_trait_survey/b12_assay/260124_1208_FB_Chlorophyll_384_B12_transfer2_plate1_hour90.csv","instrument","plate-reader export","yes","git",6155,"c85c294c19591a6145991b2ba32fc3b32af2de8c318fe0817183b177b1b0ad0b",""
"data/raw/b12_trait_survey/b12_assay/260124_1210_FB_Chlorophyll_384_B12_transfer2_plate2_hour90.csv","data/raw/b12_trait_survey/b12_assay/260124_1210_FB_Chlorophyll_384_B12_transfer2_plate2_hour90.csv","instrument","plate-reader export","yes","git",6155,"f5acfbe4d2e36ea80df2db29bb957e03068ef70ba4c0585a3745251ebb3e326b",""
"data/raw/b12_trait_survey/b12_assay/260124_1213_FB_Chlorophyll_384_B12_transfer2_plate3_hour90.csv","data/raw/b12_trait_survey/b12_assay/260124_1213_FB_Chlorophyll_384_B12_transfer2_plate3_hour90.csv","instrument","plate-reader export","yes","git",6155,"52b520f07dc0b4f23ee5c15d6a8388e8b500579f857f0a2291ab23688f4891fd",""
"data/raw/b12_trait_survey/b12_assay/260124_1219_FB_Chlorophyll_384_B12_transfer2_plate4_hour90.csv","data/raw/b12_trait_survey/b12_assay/260124_1219_FB_Chlorophyll_384_B12_transfer2_plate4_hour90.csv","instrument","plate-reader export","yes","git",6155,"10b8aebe4f9393ad8619164205ae1a5b572e1845e6259c5779aeda24f497c8e9",""
"data/raw/b12_trait_survey/b12_assay/260124_1222_FB_Chlorophyll_384_B12_transfer2_plate5_hour90.csv","data/raw/b12_trait_survey/b12_assay/260124_1222_FB_Chlorophyll_384_B12_transfer2_plate5_hour90.csv","instrument","plate-reader export","yes","git",6155,"2b1d75ab3595f74660e66c3ba1ca562fe47c6687758c8aa8ea35d75311ae8cd7",""
"data/raw/b12_trait_survey/b12_assay/260124_1225_FB_Chlorophyll_384_B12_transfer2_plate6_hour90.csv","data/raw/b12_trait_survey/b12_assay/260124_1225_FB_Chlorophyll_384_B12_transfer2_plate6_hour90.csv","instrument","plate-reader export","yes","git",6155,"3c70cbd45825bfd3c7a7631de4e4b1c9c3e33c5ce146624acb708739e22a1cca",""
"data/raw/b12_trait_survey/b12_assay/260124_1228_FB_Chlorophyll_384_B12_transfer2_plate7_hour90.csv","data/raw/b12_trait_survey/b12_assay/260124_1228_FB_Chlorophyll_384_B12_transfer2_plate7_hour90.csv","instrument","plate-reader export","yes","git",6155,"30dfb9a9743021919fe4a64f2eda558bda3f0045be544fec7fa71da2403f94c2",""
"data/raw/b12_trait_survey/b12_assay/260124_1231_FB_Chlorophyll_384_B12_transfer2_plate8_hour90.csv","data/raw/b12_trait_survey/b12_assay/260124_1231_FB_Chlorophyll_384_B12_transfer2_plate8_hour90.csv","instrument","plate-reader export","yes","git",6155,"53dba477cb8fd50865c5bdaead76f508c7f5afb67f086ff9d3e4018c412a4e40",""
"data/raw/b12_trait_survey/b12_assay/260124_1234_FB_Chlorophyll_384_B12_transfer2_plate9_hour90.csv","data/raw/b12_trait_survey/b12_assay/260124_1234_FB_Chlorophyll_384_B12_transfer2_plate9_hour90.csv","instrument","plate-reader export","yes","git",6155,"a0c96916d87caadea3b167357b0dca460fa2deb92f625cbff1e95e5a69154630",""
"data/raw/b12_trait_survey/b12_assay/260124_1236_FB_Chlorophyll_384_B12_transfer2_plate10_hour90.csv","data/raw/b12_trait_survey/b12_assay/260124_1236_FB_Chlorophyll_384_B12_transfer2_plate10_hour90.csv","instrument","plate-reader export","yes","git",6156,"189067213cd3e8f9c04b3c571533b880734668f41eaac7980723c98c4564dbcc",""
"data/raw/b12_trait_survey/b12_assay/260124_1241_FB_Chlorophyll_384_B12_transfer2_plate11_hour90.csv","data/raw/b12_trait_survey/b12_assay/260124_1241_FB_Chlorophyll_384_B12_transfer2_plate11_hour90.csv","instrument","plate-reader export","yes","git",6156,"0adbfa60002ebfe9cf4c43956cec19bd22874de04a7127ee09f8ab292735750e",""
"data/raw/b12_trait_survey/b12_assay/260124_1243_FB_Chlorophyll_384_B12_transfer2_plate12_hour90.csv","data/raw/b12_trait_survey/b12_assay/260124_1243_FB_Chlorophyll_384_B12_transfer2_plate12_hour90.csv","instrument","plate-reader export","yes","git",6156,"e29adf872d167187deac5a28fca9e32066be316367de9fe320fcbf006d908ded",""
"data/raw/b12_trait_survey/b12_assay/260124_1246_FB_Chlorophyll_384_B12_transfer2_plate13_hour90.csv","data/raw/b12_trait_survey/b12_assay/260124_1246_FB_Chlorophyll_384_B12_transfer2_plate13_hour90.csv","instrument","plate-reader export","yes","git",6156,"679ac6e37a4a55feba3ed3ac10a947c7a57fa9eee6402a1ba90c6a27564a1f58",""
"data/raw/b12_trait_survey/b12_assay/260126_1535_FB_Chlorophyll_384_B12_transfer3_plate1_hour70.csv","data/raw/b12_trait_survey/b12_assay/260126_1535_FB_Chlorophyll_384_B12_transfer3_plate1_hour70.csv","instrument","plate-reader export","yes","git",6154,"e35764d61c2051dddeb618a049a5417906237e08d41fc723d10b2376d50567ba",""
"data/raw/b12_trait_survey/b12_assay/260126_1537_FB_Chlorophyll_384_B12_transfer3_plate2_hour70.csv","data/raw/b12_trait_survey/b12_assay/260126_1537_FB_Chlorophyll_384_B12_transfer3_plate2_hour70.csv","instrument","plate-reader export","yes","git",6154,"776458bb7431d39515586b8cc6c24a389c60fe736de0ce058fafee964e9a1cc1",""
"data/raw/b12_trait_survey/b12_assay/260126_1542_FB_Chlorophyll_384_B12_transfer3_plate3_hour70.csv","data/raw/b12_trait_survey/b12_assay/260126_1542_FB_Chlorophyll_384_B12_transfer3_plate3_hour70.csv","instrument","plate-reader export","yes","git",6154,"50b13b9a5b3b1f7f423c7b2c3b624d342378cc8e00d9f1bcc7a0e9dfac9c6100",""
"data/raw/b12_trait_survey/b12_assay/260126_1545_FB_Chlorophyll_384_B12_transfer3_plate4_hour70.csv","data/raw/b12_trait_survey/b12_assay/260126_1545_FB_Chlorophyll_384_B12_transfer3_plate4_hour70.csv","instrument","plate-reader export","yes","git",6154,"57cda035d968aac9bd5e34497387780713ced6d3d881ecaba6c68174c6bddeb9",""
"data/raw/b12_trait_survey/b12_assay/260126_1547_FB_Chlorophyll_384_B12_transfer3_plate5_hour70.csv","data/raw/b12_trait_survey/b12_assay/260126_1547_FB_Chlorophyll_384_B12_transfer3_plate5_hour70.csv","instrument","plate-reader export","yes","git",6154,"047e914a3b575ae6651e0db2622ff27bb664a304a07e28c1b97013b4a16eb279",""
"data/raw/b12_trait_survey/b12_assay/260126_1554_FB_Chlorophyll_384_B12_transfer3_plate6_hour70.csv","data/raw/b12_trait_survey/b12_assay/260126_1554_FB_Chlorophyll_384_B12_transfer3_plate6_hour70.csv","instrument","plate-reader export","yes","git",6154,"8dd62b4296501ca14ef2275cbfbea642ec463a60ddbca8b625fa0763cf11c3b6",""
"data/raw/b12_trait_survey/b12_assay/260126_1557_FB_Chlorophyll_384_B12_transfer3_plate7_hour70.csv","data/raw/b12_trait_survey/b12_assay/260126_1557_FB_Chlorophyll_384_B12_transfer3_plate7_hour70.csv","instrument","plate-reader export","yes","git",6154,"a14e793272f61125e785d62be2665dabed4c811655f66272ca7b43a3ca933938",""
"data/raw/b12_trait_survey/b12_assay/260126_1600_FB_Chlorophyll_384_B12_transfer3_plate8_hour70.csv","data/raw/b12_trait_survey/b12_assay/260126_1600_FB_Chlorophyll_384_B12_transfer3_plate8_hour70.csv","instrument","plate-reader export","yes","git",6154,"f9967790f145901015c29271ac31c01b917e6f0c995c16b6515f1bde5f3a8e18",""
"data/raw/b12_trait_survey/b12_assay/260126_1605_FB_Chlorophyll_384_B12_transfer3_plate9_hour70.csv","data/raw/b12_trait_survey/b12_assay/260126_1605_FB_Chlorophyll_384_B12_transfer3_plate9_hour70.csv","instrument","plate-reader export","yes","git",6154,"c3d79fa0c57d407c830b6ef0a077f1c6445355dc4df8ed5052568af97b1e3a33",""
"data/raw/b12_trait_survey/b12_assay/260126_1609_FB_Chlorophyll_384_B12_transfer3_plate10_hour70.csv","data/raw/b12_trait_survey/b12_assay/260126_1609_FB_Chlorophyll_384_B12_transfer3_plate10_hour70.csv","instrument","plate-reader export","yes","git",6155,"e26ab8500c2c2d8633ed61a5a5462c3ab5aa614f773dd9f3f6427e28596ab017",""
"data/raw/b12_trait_survey/b12_assay/260126_1612_FB_Chlorophyll_384_B12_transfer3_plate11_hour70.csv","data/raw/b12_trait_survey/b12_assay/260126_1612_FB_Chlorophyll_384_B12_transfer3_plate11_hour70.csv","instrument","plate-reader export","yes","git",6155,"158a5cc215cf0f6ee02be38bd810a65980919608670fca35a4284820c89b8f1a",""
"data/raw/b12_trait_survey/b12_assay/260126_1617_FB_Chlorophyll_384_B12_transfer3_plate12_hour70.csv","data/raw/b12_trait_survey/b12_assay/260126_1617_FB_Chlorophyll_384_B12_transfer3_plate12_hour70.csv","instrument","plate-reader export","yes","git",6155,"8b121ffa9291013f9722be7da70220c546bf7724ad44b79b62e987508b6df3f1",""
"data/raw/b12_trait_survey/b12_assay/260126_1620_FB_Chlorophyll_384_B12_transfer3_plate13_hour70.csv","data/raw/b12_trait_survey/b12_assay/260126_1620_FB_Chlorophyll_384_B12_transfer3_plate13_hour70.csv","instrument","plate-reader export","yes","git",6155,"8d9fb8d95190f7fa776030b4c046369939b1dc4fb244550cab061becf2a011e8",""
"data/raw/b12_trait_survey/b12_assay/260127_1451_FB_Chlorophyll_384_B12_transfer3_plate1_hour92.csv","data/raw/b12_trait_survey/b12_assay/260127_1451_FB_Chlorophyll_384_B12_transfer3_plate1_hour92.csv","instrument","plate-reader export","yes","git",6154,"d775a464bd82ffc980f582810e6bad7e9cf54b88f95cc7fcb84d8e180b7d68b1",""
"data/raw/b12_trait_survey/b12_assay/260127_1453_FB_Chlorophyll_384_B12_transfer3_plate2_hour92.csv","data/raw/b12_trait_survey/b12_assay/260127_1453_FB_Chlorophyll_384_B12_transfer3_plate2_hour92.csv","instrument","plate-reader export","yes","git",6154,"df05153ef77a0d6697a602bc6f02d1b8cbda8e45ce00e6410305b8e1475cca3d",""
"data/raw/b12_trait_survey/b12_assay/260127_1455_FB_Chlorophyll_384_B12_transfer3_plate3_hour92.csv","data/raw/b12_trait_survey/b12_assay/260127_1455_FB_Chlorophyll_384_B12_transfer3_plate3_hour92.csv","instrument","plate-reader export","yes","git",6154,"f31ad1417f5297305e339caab3a41eb8dd8c4a439956608639bce1ccc9d08115",""
"data/raw/b12_trait_survey/b12_assay/260127_1458_FB_Chlorophyll_384_B12_transfer3_plate4_hour92.csv","data/raw/b12_trait_survey/b12_assay/260127_1458_FB_Chlorophyll_384_B12_transfer3_plate4_hour92.csv","instrument","plate-reader export","yes","git",6154,"6e1bd9d1e9a006068ca0649154d55aabe20344eb19615bad304f688e571adfa3",""
"data/raw/b12_trait_survey/b12_assay/260127_1500_FB_Chlorophyll_384_B12_transfer3_plate5_hour92.csv","data/raw/b12_trait_survey/b12_assay/260127_1500_FB_Chlorophyll_384_B12_transfer3_plate5_hour92.csv","instrument","plate-reader export","yes","git",6154,"a13fa65526c8e56b57533d188ea115b3ca4a5a3ba559eebaa76b546d14e229ae",""
"data/raw/b12_trait_survey/b12_assay/260127_1502_FB_Chlorophyll_384_B12_transfer3_plate6_hour92.csv","data/raw/b12_trait_survey/b12_assay/260127_1502_FB_Chlorophyll_384_B12_transfer3_plate6_hour92.csv","instrument","plate-reader export","yes","git",6154,"38668c725295ddab9ab0a146fae6bcdee34fe580ade9cce90dc02fefb4d0db46",""
"data/raw/b12_trait_survey/b12_assay/260127_1505_FB_Chlorophyll_384_B12_transfer3_plate7_hour92.csv","data/raw/b12_trait_survey/b12_assay/260127_1505_FB_Chlorophyll_384_B12_transfer3_plate7_hour92.csv","instrument","plate-reader export","yes","git",6154,"8f1e231c7d4503416fa3a01dbb84b89e326fe03b21952e1c45548c5d8b82d4db",""
"data/raw/b12_trait_survey/b12_assay/260127_1507_FB_Chlorophyll_384_B12_transfer3_plate8_hour92.csv","data/raw/b12_trait_survey/b12_assay/260127_1507_FB_Chlorophyll_384_B12_transfer3_plate8_hour92.csv","instrument","plate-reader export","yes","git",6154,"82595ff7d71140f4ed928cd89cc07b6fa35ab395693fb4666ee564e1dd9036b5",""
"data/raw/b12_trait_survey/b12_assay/260127_1509_FB_Chlorophyll_384_B12_transfer3_plate9_hour92.csv","data/raw/b12_trait_survey/b12_assay/260127_1509_FB_Chlorophyll_384_B12_transfer3_plate9_hour92.csv","instrument","plate-reader export","yes","git",6154,"dc3004a387b9d43f7f8db688a54d6a24c21e39eda710fa57a58d77ca20a3a84b",""
"data/raw/b12_trait_survey/b12_assay/260127_1511_FB_Chlorophyll_384_B12_transfer3_plate10_hour92.csv","data/raw/b12_trait_survey/b12_assay/260127_1511_FB_Chlorophyll_384_B12_transfer3_plate10_hour92.csv","instrument","plate-reader export","yes","git",6155,"bb2a325316fc660ab1717e7dcdb46d36a32cf257de4f5c283a8c9785e97ecded",""
"data/raw/b12_trait_survey/b12_assay/260127_1514_FB_Chlorophyll_384_B12_transfer3_plate11_hour92.csv","data/raw/b12_trait_survey/b12_assay/260127_1514_FB_Chlorophyll_384_B12_transfer3_plate11_hour92.csv","instrument","plate-reader export","yes","git",6155,"e31d9f055c43b15abc2e7b0ad9a309046cd4f1cb63b2d9f1e9d0a9378996c32c",""
"data/raw/b12_trait_survey/b12_assay/260127_1516_FB_Chlorophyll_384_B12_transfer3_plate12_hour92.csv","data/raw/b12_trait_survey/b12_assay/260127_1516_FB_Chlorophyll_384_B12_transfer3_plate12_hour92.csv","instrument","plate-reader export","yes","git",6155,"97b3d900e8402be9dbe2258e5674086ff43f6785445daedd1934dd5c057715ef",""
"data/raw/b12_trait_survey/b12_assay/260127_1518_FB_Chlorophyll_384_B12_transfer3_plate13_hour92.csv","data/raw/b12_trait_survey/b12_assay/260127_1518_FB_Chlorophyll_384_B12_transfer3_plate13_hour92.csv","instrument","plate-reader export","yes","git",6155,"7027baf491ff4a8da43543ff5e7fe89441bd3dc1c92595a855c3c5175c785bd2",""
"data/raw/b12_trait_survey/bacteria_od/260119_1057_FB_OD600_384well_B12_transfer2_plate1_hour20.csv","data/raw/b12_trait_survey/bacteria_od/260119_1057_FB_OD600_384well_B12_transfer2_plate1_hour20.csv","instrument","plate-reader export","yes","git",2690,"7d24d1dd0be4056995ebe24d3813871140356474b17826d0898fac896c108f06",""
"data/raw/b12_trait_survey/bacteria_od/260119_1100_FB_OD600_384well_B12_transfer2_plate2_hour20.csv","data/raw/b12_trait_survey/bacteria_od/260119_1100_FB_OD600_384well_B12_transfer2_plate2_hour20.csv","instrument","plate-reader export","yes","git",2690,"8b9be2dd1d991472e000b492e72ff2ea6cb9933e5754ce50e3d95487ae66537b",""
"data/raw/b12_trait_survey/bacteria_od/260120_1037_FB_OD600_384well_B12_transfer2_plate1_hour44.csv","data/raw/b12_trait_survey/bacteria_od/260120_1037_FB_OD600_384well_B12_transfer2_plate1_hour44.csv","instrument","plate-reader export","yes","git",2690,"982533cf8f1f8271d3dccf470c050a736b3e85de796f3f672a424ecb6c1047e3",""
"data/raw/b12_trait_survey/bacteria_od/260120_1041_FB_OD600_384well_B12_transfer2_plate2_hour44.csv","data/raw/b12_trait_survey/bacteria_od/260120_1041_FB_OD600_384well_B12_transfer2_plate2_hour44.csv","instrument","plate-reader export","yes","git",2690,"1b0962ee8d70b1535b5884977ec529e685e75906544c1605b2c0cc0a71532801",""
"data/raw/b12_trait_survey/bacteria_od/260122_1240_FB_OD600_384well_B12_transfer3_plate1_hour20.csv","data/raw/b12_trait_survey/bacteria_od/260122_1240_FB_OD600_384well_B12_transfer3_plate1_hour20.csv","instrument","plate-reader export","yes","git",2690,"93d763c9a5853423a2a758bce6a6bccfb25e2fe3dad36d0bc677282b13e2cdf2",""
"data/raw/b12_trait_survey/bacteria_od/260122_1243_FB_OD600_384well_B12_transfer3_plate2_hour20.csv","data/raw/b12_trait_survey/bacteria_od/260122_1243_FB_OD600_384well_B12_transfer3_plate2_hour20.csv","instrument","plate-reader export","yes","git",2690,"b2067dae33f1e0d6533fe9b69876effae9998e405b772f3d2e1cbd70ce736933",""
"data/raw/b12_trait_survey/bacteria_od/260123_1123_FB_OD600_384well_B12_transfer3_plate1_hour44.csv","data/raw/b12_trait_survey/bacteria_od/260123_1123_FB_OD600_384well_B12_transfer3_plate1_hour44.csv","instrument","plate-reader export","yes","git",2690,"014a824266a90438220e3b51825bb82b7bcd802751d2871ab8541bd6ba86e5fc",""
"data/raw/b12_trait_survey/bacteria_od/260123_1126_FB_OD600_384well_B12_transfer3_plate2_hour44.csv","data/raw/b12_trait_survey/bacteria_od/260123_1126_FB_OD600_384well_B12_transfer3_plate2_hour44.csv","instrument","plate-reader export","yes","git",2690,"68f299ea72cab2a4d2169d8b3c2cacc77984f307c14693acb7efbe6e39473e6c",""
"data/raw/b12_trait_survey/viability/260119_1256_FB_nuc_green_dead_B12_transfer2_plate1_hour20_minute15.csv","data/raw/b12_trait_survey/viability/260119_1256_FB_nuc_green_dead_B12_transfer2_plate1_hour20_minute15.csv","instrument","plate-reader export","yes","git",6164,"d81170e1ed4ab956a9432fc1b29c50b105665b270d2061c860242dd9ddf29d9c",""
"data/raw/b12_trait_survey/viability/260119_1258_FB_nuc_green_dead_B12_transfer2_plate2_hour20_minute15.csv","data/raw/b12_trait_survey/viability/260119_1258_FB_nuc_green_dead_B12_transfer2_plate2_hour20_minute15.csv","instrument","plate-reader export","yes","git",6164,"827da556526b521a104c6db280f3ae1630249ddf9f3c3b11dc0eacc7cc58e1c9",""
"data/raw/b12_trait_survey/viability/260119_1302_FB_nuc_green_dead_B12_transfer2_plate1_hour20_minute20.csv","data/raw/b12_trait_survey/viability/260119_1302_FB_nuc_green_dead_B12_transfer2_plate1_hour20_minute20.csv","instrument","plate-reader export","yes","git",6163,"8f219bd41f86ffbcefd63ab951f238ba43b58781363156909e1ddf015ffd1033",""
"data/raw/b12_trait_survey/viability/260119_1304_FB_nuc_green_dead_B12_transfer2_plate2_hour20_minute20.csv","data/raw/b12_trait_survey/viability/260119_1304_FB_nuc_green_dead_B12_transfer2_plate2_hour20_minute20.csv","instrument","plate-reader export","yes","git",6163,"b94a76213fd0ad4ab714624ab9f368bf333c6571c7741e44a14c20abbfa09a63",""
"data/raw/b12_trait_survey/viability/260120_1224_FB_nuc_green_dead_B12_transfer2_plate1_hour44_minute15.csv","data/raw/b12_trait_survey/viability/260120_1224_FB_nuc_green_dead_B12_transfer2_plate1_hour44_minute15.csv","instrument","plate-reader export","yes","git",6164,"2d8ae454e89d6a4aa799215a58aa9c665ab83da50b4209059d52b8a84f56814c",""
"data/raw/b12_trait_survey/viability/260120_1226_FB_nuc_green_dead_B12_transfer2_plate2_hour44_minute15.csv","data/raw/b12_trait_survey/viability/260120_1226_FB_nuc_green_dead_B12_transfer2_plate2_hour44_minute15.csv","instrument","plate-reader export","yes","git",6164,"bd4ed419c6fcd43130b5c2d49c203e8c7735c28e1899d1790c19b0e92eec2624",""
"data/raw/b12_trait_survey/viability/260120_1228_FB_nuc_green_dead_B12_transfer2_plate1_hour44_minute20.csv","data/raw/b12_trait_survey/viability/260120_1228_FB_nuc_green_dead_B12_transfer2_plate1_hour44_minute20.csv","instrument","plate-reader export","yes","git",6164,"700cbc404bfbba7d45f469b87d3399e8b6ef0012aed674ca30b05113ad7edcb7",""
"data/raw/b12_trait_survey/viability/260120_1231_FB_nuc_green_dead_B12_transfer2_plate2_hour44_minute20.csv","data/raw/b12_trait_survey/viability/260120_1231_FB_nuc_green_dead_B12_transfer2_plate2_hour44_minute20.csv","instrument","plate-reader export","yes","git",6164,"469673c1e59f550f93c7fcda3244371c850939cde399f7f012ba177f90dbc675",""
"data/raw/b12_trait_survey/viability/260122_1418_FB_nuc_green_dead_B12_transfer3_plate1_hour20_minute15.csv","data/raw/b12_trait_survey/viability/260122_1418_FB_nuc_green_dead_B12_transfer3_plate1_hour20_minute15.csv","instrument","plate-reader export","yes","git",6163,"07f8c38a7048661b554b9573cafe3c2640042c6e8be1d95c3f1d9053fb1833ca",""
"data/raw/b12_trait_survey/viability/260122_1420_FB_nuc_green_dead_B12_transfer3_plate2_hour20_minute15.csv","data/raw/b12_trait_survey/viability/260122_1420_FB_nuc_green_dead_B12_transfer3_plate2_hour20_minute15.csv","instrument","plate-reader export","yes","git",6163,"523e2fa8234ccd695f9789efb46edb46cffd90b1bbe73b8708fd12fe70205f50",""
"data/raw/b12_trait_survey/viability/260122_1423_FB_nuc_green_dead_B12_transfer3_plate1_hour20_minute20.csv","data/raw/b12_trait_survey/viability/260122_1423_FB_nuc_green_dead_B12_transfer3_plate1_hour20_minute20.csv","instrument","plate-reader export","yes","git",6163,"1f3225f76f1835d7a4a6af71d1fa8be0911d80a99dc2055dc1e8c1b2b3234ef5",""
"data/raw/b12_trait_survey/viability/260122_1426_FB_nuc_green_dead_B12_transfer3_plate2_hour20_minute20.csv","data/raw/b12_trait_survey/viability/260122_1426_FB_nuc_green_dead_B12_transfer3_plate2_hour20_minute20.csv","instrument","plate-reader export","yes","git",6163,"568a164ce7ae3f5dfa6b0128372ee68e9db22b3542c1150088f353e4604e1367",""
"data/raw/b12_trait_survey/viability/260123_1302_FB_nuc_green_dead_B12_transfer3_plate1_hour44_minute15.csv","data/raw/b12_trait_survey/viability/260123_1302_FB_nuc_green_dead_B12_transfer3_plate1_hour44_minute15.csv","instrument","plate-reader export","yes","git",6163,"b3b1f09f3130b15571369baaf2d90d12bb9f91cb1f8b0256e7113c8a897ae51a",""
"data/raw/b12_trait_survey/viability/260123_1304_FB_nuc_green_dead_B12_transfer3_plate2_hour44_minute15.csv","data/raw/b12_trait_survey/viability/260123_1304_FB_nuc_green_dead_B12_transfer3_plate2_hour44_minute15.csv","instrument","plate-reader export","yes","git",6163,"7a906a24797d37486c9bd4cea612e88b92395d49da71b5dd79ae5ed70580ed83",""
"data/raw/b12_trait_survey/viability/260123_1307_FB_nuc_green_dead_B12_transfer3_plate1_hour44_minute20.csv","data/raw/b12_trait_survey/viability/260123_1307_FB_nuc_green_dead_B12_transfer3_plate1_hour44_minute20.csv","instrument","plate-reader export","yes","git",6163,"a2d815affdb9f519cf101408f0220f8caa0b97adaa4b91d2c2db55ffc4e2c45c",""
"data/raw/b12_trait_survey/viability/260123_1309_FB_nuc_green_dead_B12_transfer3_plate2_hour44_minute20.csv","data/raw/b12_trait_survey/viability/260123_1309_FB_nuc_green_dead_B12_transfer3_plate2_hour44_minute20.csv","instrument","plate-reader export","yes","git",6163,"629b73fe6b269c9b61c8f19e4cfe245cbb8eb1ff7dda9699e0dc6b0b9ddc7773",""
"data/raw/genome_pipeline_nf_core/ko_count_matrix.tsv","data/raw/genome_pipeline_nf_core/ko_count_matrix.tsv","computational","nf-core genome annotation output","yes","git",3506145,"2db997f715a1e6e2a60705cbd4ce64e10a77dc75a11dcc6813191f48b1555e07",""
"data/raw/growth_dynamics_b12_methionine/20251208_bacteria_b12_methionine_2/20251208_153553_FB_OD600scan_96well_P0000000015_d12a6641-4d0c-48bd-aeac-668fa5facce1.csv","data/raw/growth_dynamics_b12_methionine/20251208_bacteria_b12_methionine_2/20251208_153553_FB_OD600scan_96well_P0000000015_d12a6641-4d0c-48bd-aeac-668fa5facce1.csv","instrument","plate-reader export","yes","git",2088,"91b1fb03050532640006e20fedff8a26c0c97d810860d75be76d69ca767a6ab6",""
"data/raw/growth_dynamics_b12_methionine/20251208_bacteria_b12_methionine_2/20251208_153850_FB_OD600scan_96well_P0000000014_d12a6641-4d0c-48bd-aeac-668fa5facce1.csv","data/raw/growth_dynamics_b12_methionine/20251208_bacteria_b12_methionine_2/20251208_153850_FB_OD600scan_96well_P0000000014_d12a6641-4d0c-48bd-aeac-668fa5facce1.csv","instrument","plate-reader export","yes","git",2088,"77e5dc1cfcb4fba193bcddcba9dfac3271ccb2a87badd49a974c1426b61c80d2",""
"data/raw/growth_dynamics_b12_methionine/20251208_bacteria_b12_methionine_2/20251208_154146_FB_OD600scan_96well_P0000000012_d12a6641-4d0c-48bd-aeac-668fa5facce1.csv","data/raw/growth_dynamics_b12_methionine/20251208_bacteria_b12_methionine_2/20251208_154146_FB_OD600scan_96well_P0000000012_d12a6641-4d0c-48bd-aeac-668fa5facce1.csv","instrument","plate-reader export","yes","git",2088,"d262df9f03fe72b68d7f35da2f46723bbb0cff468b27b3f8f7b93be6f8db83a2",""
"data/raw/growth_dynamics_b12_methionine/20251208_bacteria_b12_methionine_2/20251208_154443_FB_OD600scan_96well_P0000000011_d12a6641-4d0c-48bd-aeac-668fa5facce1.csv","data/raw/growth_dynamics_b12_methionine/20251208_bacteria_b12_methionine_2/20251208_154443_FB_OD600scan_96well_P0000000011_d12a6641-4d0c-48bd-aeac-668fa5facce1.csv","instrument","plate-reader export","yes","git",2088,"1941ad86ffcc9f6a63d36bda269bd0625ca6edf623646b2e3979d3acd3269ea5",""
"data/raw/growth_dynamics_b12_methionine/20251208_bacteria_b12_methionine_2/20251208_154741_FB_OD600scan_96well_P0000000010_d12a6641-4d0c-48bd-aeac-668fa5facce1.csv","data/raw/growth_dynamics_b12_methionine/20251208_bacteria_b12_methionine_2/20251208_154741_FB_OD600scan_96well_P0000000010_d12a6641-4d0c-48bd-aeac-668fa5facce1.csv","instrument","plate-reader export","yes","git",2088,"320b60d848fca05c3b7dd37daa6b9ba3e239df6740054d94c08083c2e71fe5a9",""
"data/raw/growth_dynamics_b12_methionine/20251208_bacteria_b12_methionine_2/20251208_155038_FB_OD600scan_96well_P0000000009_d12a6641-4d0c-48bd-aeac-668fa5facce1.csv","data/raw/growth_dynamics_b12_methionine/20251208_bacteria_b12_methionine_2/20251208_155038_FB_OD600scan_96well_P0000000009_d12a6641-4d0c-48bd-aeac-668fa5facce1.csv","instrument","plate-reader export","yes","git",2088,"930ccd0c9962bfe233584d7cfa1835ed158cee3a99b9e3631000e05b69d2f9d4",""
"data/raw/growth_dynamics_b12_methionine/20251208_bacteria_b12_methionine_2/20251208_155336_FB_OD600scan_96well_P0000000008_d12a6641-4d0c-48bd-aeac-668fa5facce1.csv","data/raw/growth_dynamics_b12_methionine/20251208_bacteria_b12_methionine_2/20251208_155336_FB_OD600scan_96well_P0000000008_d12a6641-4d0c-48bd-aeac-668fa5facce1.csv","instrument","plate-reader export","yes","git",2088,"c241f62ba27b109a6d7620b1ad300b9edcaec492d7a724fc5d8b902fc29b308e",""
"data/raw/growth_dynamics_b12_methionine/20251208_bacteria_b12_methionine_2/20251208_155636_FB_OD600scan_96well_P0000000007_d12a6641-4d0c-48bd-aeac-668fa5facce1.csv","data/raw/growth_dynamics_b12_methionine/20251208_bacteria_b12_methionine_2/20251208_155636_FB_OD600scan_96well_P0000000007_d12a6641-4d0c-48bd-aeac-668fa5facce1.csv","instrument","plate-reader export","yes","git",2088,"bab6a0aa38e5bf2bf8def4accd24a78af151a96b4131f5177f5714f66cb9f759",""
"data/raw/growth_dynamics_b12_methionine/20251208_bacteria_b12_methionine_2/20251208_155935_FB_OD600scan_96well_P0000000006_d12a6641-4d0c-48bd-aeac-668fa5facce1.csv","data/raw/growth_dynamics_b12_methionine/20251208_bacteria_b12_methionine_2/20251208_155935_FB_OD600scan_96well_P0000000006_d12a6641-4d0c-48bd-aeac-668fa5facce1.csv","instrument","plate-reader export","yes","git",2088,"763b9451872f680d6b53c358d6b2fbd736b4652e294507ec0d3eeb13e3493c5a",""
"data/raw/growth_dynamics_b12_methionine/20251208_bacteria_b12_methionine_2/20251208_160234_FB_OD600scan_96well_P0000000005_d12a6641-4d0c-48bd-aeac-668fa5facce1.csv","data/raw/growth_dynamics_b12_methionine/20251208_bacteria_b12_methionine_2/20251208_160234_FB_OD600scan_96well_P0000000005_d12a6641-4d0c-48bd-aeac-668fa5facce1.csv","instrument","plate-reader export","yes","git",2088,"1c4cc2d1266649fef2c1dc2c89aecdaf6bfec4ad6d0bab99a849f683d06a4261",""
"data/raw/growth_dynamics_b12_methionine/20251208_bacteria_b12_methionine_2/20251208_160536_FB_OD600scan_96well_P0000000004_d12a6641-4d0c-48bd-aeac-668fa5facce1.csv","data/raw/growth_dynamics_b12_methionine/20251208_bacteria_b12_methionine_2/20251208_160536_FB_OD600scan_96well_P0000000004_d12a6641-4d0c-48bd-aeac-668fa5facce1.csv","instrument","plate-reader export","yes","git",2088,"c7d644d2c1e47f3f60ba37fc8aef3a375e2ca85a31cd4a692339d7aa37142465",""
"data/raw/growth_dynamics_b12_methionine/20251208_bacteria_b12_methionine_2/20251208_160836_FB_OD600scan_96well_P0000000003_d12a6641-4d0c-48bd-aeac-668fa5facce1.csv","data/raw/growth_dynamics_b12_methionine/20251208_bacteria_b12_methionine_2/20251208_160836_FB_OD600scan_96well_P0000000003_d12a6641-4d0c-48bd-aeac-668fa5facce1.csv","instrument","plate-reader export","yes","git",2088,"46b31abd1ce361fd3b78833a8a183bb3ae64f4093a444df75dcef81fa0b4053a",""
"data/raw/growth_dynamics_b12_methionine/20251208_bacteria_b12_methionine_2/20251208_161139_FB_OD600scan_96well_P0000000028_d12a6641-4d0c-48bd-aeac-668fa5facce1.csv","data/raw/growth_dynamics_b12_methionine/20251208_bacteria_b12_methionine_2/20251208_161139_FB_OD600scan_96well_P0000000028_d12a6641-4d0c-48bd-aeac-668fa5facce1.csv","instrument","plate-reader export","yes","git",2088,"412ee208b4fcc05b39c85f9d9fcef8a9c851644aca35d43e1894f59fe56da9ab",""
"data/raw/growth_dynamics_b12_methionine/20251208_bacteria_b12_methionine_2/20251208_161439_FB_OD600scan_96well_P0000000027_d12a6641-4d0c-48bd-aeac-668fa5facce1.csv","data/raw/growth_dynamics_b12_methionine/20251208_bacteria_b12_methionine_2/20251208_161439_FB_OD600scan_96well_P0000000027_d12a6641-4d0c-48bd-aeac-668fa5facce1.csv","instrument","plate-reader export","yes","git",2088,"90d7ea12e50586b110fc321d6bc5d7f5c5159cdd91390e936bccfaaaa955385c",""
"data/raw/growth_dynamics_b12_methionine/20251208_bacteria_b12_methionine_2/20251208_161743_FB_OD600scan_96well_P0000000026_d12a6641-4d0c-48bd-aeac-668fa5facce1.csv","data/raw/growth_dynamics_b12_methionine/20251208_bacteria_b12_methionine_2/20251208_161743_FB_OD600scan_96well_P0000000026_d12a6641-4d0c-48bd-aeac-668fa5facce1.csv","instrument","plate-reader export","yes","git",2088,"d8ea2eb1134d3f2fbe800f2c1db9869382faf75cb2f89b04d20e11308a499a5d",""
"data/raw/growth_dynamics_b12_methionine/20251208_bacteria_b12_methionine_2/20251208_162047_FB_OD600scan_96well_P0000000025_d12a6641-4d0c-48bd-aeac-668fa5facce1.csv","data/raw/growth_dynamics_b12_methionine/20251208_bacteria_b12_methionine_2/20251208_162047_FB_OD600scan_96well_P0000000025_d12a6641-4d0c-48bd-aeac-668fa5facce1.csv","instrument","plate-reader export","yes","git",2088,"bf71155a5e493fdb49e1bb912bd81f225caad5b6a8f159b54847cc1552f66454",""
"data/raw/growth_dynamics_b12_methionine/20251208_bacteria_b12_methionine_2/20251208_162349_FB_OD600scan_96well_P0000000024_d12a6641-4d0c-48bd-aeac-668fa5facce1.csv","data/raw/growth_dynamics_b12_methionine/20251208_bacteria_b12_methionine_2/20251208_162349_FB_OD600scan_96well_P0000000024_d12a6641-4d0c-48bd-aeac-668fa5facce1.csv","instrument","plate-reader export","yes","git",2088,"459c33865fded286920497ec5c793b98633a6117931870645e7bc65f3607d2a0",""
"data/raw/growth_dynamics_b12_methionine/20251208_bacteria_b12_methionine_2/20251208_162651_FB_OD600scan_96well_P0000000023_d12a6641-4d0c-48bd-aeac-668fa5facce1.csv","data/raw/growth_dynamics_b12_methionine/20251208_bacteria_b12_methionine_2/20251208_162651_FB_OD600scan_96well_P0000000023_d12a6641-4d0c-48bd-aeac-668fa5facce1.csv","instrument","plate-reader export","yes","git",2088,"8537f885d4221770ec99f7c11b5eedcb51132decb435bf626a3a852f5aaf2224",""
"data/raw/growth_dynamics_b12_methionine/20251208_bacteria_b12_methionine_2/20251208_162957_FB_OD600scan_96well_P0000000022_d12a6641-4d0c-48bd-aeac-668fa5facce1.csv","data/raw/growth_dynamics_b12_methionine/20251208_bacteria_b12_methionine_2/20251208_162957_FB_OD600scan_96well_P0000000022_d12a6641-4d0c-48bd-aeac-668fa5facce1.csv","instrument","plate-reader export","yes","git",2088,"7b5ee2d604bdc635ebfa5ebe1fbf0d5b01133b270a4d2910c1ba98639f3564a5",""
"data/raw/growth_dynamics_b12_methionine/20251208_bacteria_b12_methionine_2/20251208_163259_FB_OD600scan_96well_P0000000021_d12a6641-4d0c-48bd-aeac-668fa5facce1.csv","data/raw/growth_dynamics_b12_methionine/20251208_bacteria_b12_methionine_2/20251208_163259_FB_OD600scan_96well_P0000000021_d12a6641-4d0c-48bd-aeac-668fa5facce1.csv","instrument","plate-reader export","yes","git",2088,"9e8e3ef2824ee26d19f719f93ced98220ec26efd16d8202bd5f10df01312e0eb",""
"data/raw/growth_dynamics_b12_methionine/20251208_bacteria_b12_methionine_2/20251208_163602_FB_OD600scan_96well_P0000000020_d12a6641-4d0c-48bd-aeac-668fa5facce1.csv","data/raw/growth_dynamics_b12_methionine/20251208_bacteria_b12_methionine_2/20251208_163602_FB_OD600scan_96well_P0000000020_d12a6641-4d0c-48bd-aeac-668fa5facce1.csv","instrument","plate-reader export","yes","git",2088,"e7eb764b5a146db12f8e1affc191b4ad80692e3fbd0ec3d409743dd0102aaa3b",""
"data/raw/growth_dynamics_b12_methionine/20251208_bacteria_b12_methionine_2/20251208_163905_FB_OD600scan_96well_P0000000019_d12a6641-4d0c-48bd-aeac-668fa5facce1.csv","data/raw/growth_dynamics_b12_methionine/20251208_bacteria_b12_methionine_2/20251208_163905_FB_OD600scan_96well_P0000000019_d12a6641-4d0c-48bd-aeac-668fa5facce1.csv","instrument","plate-reader export","yes","git",2088,"214b9dd3451ecb4749e1686216083b0820e814e85d0c692c1437b1e7564232bb",""
"data/raw/growth_dynamics_b12_methionine/20251208_bacteria_b12_methionine_2/20251208_164209_FB_OD600scan_96well_P0000000018_d12a6641-4d0c-48bd-aeac-668fa5facce1.csv","data/raw/growth_dynamics_b12_methionine/20251208_bacteria_b12_methionine_2/20251208_164209_FB_OD600scan_96well_P0000000018_d12a6641-4d0c-48bd-aeac-668fa5facce1.csv","instrument","plate-reader export","yes","git",2088,"9550b9d97a79af13a66badf491d94460715f48ddcd2480b505959cdbf46047c3",""
"data/raw/growth_dynamics_b12_methionine/20251208_bacteria_b12_methionine_2/20251208_164516_FB_OD600scan_96well_P0000000017_d12a6641-4d0c-48bd-aeac-668fa5facce1.csv","data/raw/growth_dynamics_b12_methionine/20251208_bacteria_b12_methionine_2/20251208_164516_FB_OD600scan_96well_P0000000017_d12a6641-4d0c-48bd-aeac-668fa5facce1.csv","instrument","plate-reader export","yes","git",2088,"74d8ff9b3dcb9f64540a848fd51433be9fdcdfeaddb0ffcf4a8156c86ff3945c",""
"data/raw/growth_dynamics_b12_methionine/20251208_bacteria_b12_methionine_2/20251208_170820_FB_OD600scan_96well_P0000000015_d12a6641-4d0c-48bd-aeac-668fa5facce1.csv","data/raw/growth_dynamics_b12_methionine/20251208_bacteria_b12_methionine_2/20251208_170820_FB_OD600scan_96well_P0000000015_d12a6641-4d0c-48bd-aeac-668fa5facce1.csv","instrument","plate-reader export","yes","git",2088,"11f86ad7302de549d4c2e5e3ae722cb19ac90d133d5fb72686e8a5bad0d73c38",""
"data/raw/growth_dynamics_b12_methionine/20251208_bacteria_b12_methionine_2/20251208_171116_FB_OD600scan_96well_P0000000014_d12a6641-4d0c-48bd-aeac-668fa5facce1.csv","data/raw/growth_dynamics_b12_methionine/20251208_bacteria_b12_methionine_2/20251208_171116_FB_OD600scan_96well_P0000000014_d12a6641-4d0c-48bd-aeac-668fa5facce1.csv","instrument","plate-reader export","yes","git",2088,"d6d33c87292116db6ae6414a09bba5d22ce468cc9561d5f7a3feaf35853abfdd",""
"data/raw/growth_dynamics_b12_methionine/20251208_bacteria_b12_methionine_2/20251208_171416_FB_OD600scan_96well_P0000000012_d12a6641-4d0c-48bd-aeac-668fa5facce1.csv","data/raw/growth_dynamics_b12_methionine/20251208_bacteria_b12_methionine_2/20251208_171416_FB_OD600scan_96well_P0000000012_d12a6641-4d0c-48bd-aeac-668fa5facce1.csv","instrument","plate-reader export","yes","git",2088,"ba4a15bf5b40463381db2e0584cd5e7fa77c3d14cbace74316d8c0bc0086bd91",""
"data/raw/growth_dynamics_b12_methionine/20251208_bacteria_b12_methionine_2/20251208_171714_FB_OD600scan_96well_P0000000011_d12a6641-4d0c-48bd-aeac-668fa5facce1.csv","data/raw/growth_dynamics_b12_methionine/20251208_bacteria_b12_methionine_2/20251208_171714_FB_OD600scan_96well_P0000000011_d12a6641-4d0c-48bd-aeac-668fa5facce1.csv","instrument","plate-reader export","yes","git",2088,"02ebea7f94bd5b19b173d733b07a5c61ed72c0ff1c12247a2e2130bb5c7981f6",""
"data/raw/growth_dynamics_b12_methionine/20251208_bacteria_b12_methionine_2/20251208_172014_FB_OD600scan_96well_P0000000010_d12a6641-4d0c-48bd-aeac-668fa5facce1.csv","data/raw/growth_dynamics_b12_methionine/20251208_bacteria_b12_methionine_2/20251208_172014_FB_OD600scan_96well_P0000000010_d12a6641-4d0c-48bd-aeac-668fa5facce1.csv","instrument","plate-reader export","yes","git",2088,"3bb3e50e5a22c9f54ef728e35bbd53fd48815c1533615005a7514b96701c84eb",""
"data/raw/growth_dynamics_b12_methionine/20251208_bacteria_b12_methionine_2/20251208_172314_FB_OD600scan_96well_P0000000009_d12a6641-4d0c-48bd-aeac-668fa5facce1.csv","data/raw/growth_dynamics_b12_methionine/20251208_bacteria_b12_methionine_2/20251208_172314_FB_OD600scan_96well_P0000000009_d12a6641-4d0c-48bd-aeac-668fa5facce1.csv","instrument","plate-reader export","yes","git",2088,"3eebf6f27791f4e4cee87390fcacfd46cde54e8c02452665c1f4abb0a7967303",""
"data/raw/growth_dynamics_b12_methionine/20251208_bacteria_b12_methionine_2/20251208_172615_FB_OD600scan_96well_P0000000008_d12a6641-4d0c-48bd-aeac-668fa5facce1.csv","data/raw/growth_dynamics_b12_methionine/20251208_bacteria_b12_methionine_2/20251208_172615_FB_OD600scan_96well_P0000000008_d12a6641-4d0c-48bd-aeac-668fa5facce1.csv","instrument","plate-reader export","yes","git",2088,"455d84675f1fc5d6a2859809c1750112b582f952b6cdc4956ee68709b11b64af",""
"data/raw/growth_dynamics_b12_methionine/20251208_bacteria_b12_methionine_2/20251208_172916_FB_OD600scan_96well_P0000000007_d12a6641-4d0c-48bd-aeac-668fa5facce1.csv","data/raw/growth_dynamics_b12_methionine/20251208_bacteria_b12_methionine_2/20251208_172916_FB_OD600scan_96well_P0000000007_d12a6641-4d0c-48bd-aeac-668fa5facce1.csv","instrument","plate-reader export","yes","git",2088,"94ed52a0c14f2c242d69717e8814c6f9ec4a4b61a2ab16ac2e367c294ed77046",""
"data/raw/growth_dynamics_b12_methionine/20251208_bacteria_b12_methionine_2/20251208_173217_FB_OD600scan_96well_P0000000006_d12a6641-4d0c-48bd-aeac-668fa5facce1.csv","data/raw/growth_dynamics_b12_methionine/20251208_bacteria_b12_methionine_2/20251208_173217_FB_OD600scan_96well_P0000000006_d12a6641-4d0c-48bd-aeac-668fa5facce1.csv","instrument","plate-reader export","yes","git",2088,"f9c83201c7cef01d55df8a9c1e9814d778d0cae293ac7618e3a0d5d16df6504b",""
"data/raw/growth_dynamics_b12_methionine/20251208_bacteria_b12_methionine_2/20251208_173516_FB_OD600scan_96well_P0000000005_d12a6641-4d0c-48bd-aeac-668fa5facce1.csv","data/raw/growth_dynamics_b12_methionine/20251208_bacteria_b12_methionine_2/20251208_173516_FB_OD600scan_96well_P0000000005_d12a6641-4d0c-48bd-aeac-668fa5facce1.csv","instrument","plate-reader export","yes","git",2088,"2218231a6ef95093ab734d26d4a463b415c515bde420cbbbbb5d2b2d5abc71b2",""
"data/raw/growth_dynamics_b12_methionine/20251208_bacteria_b12_methionine_2/20251208_173815_FB_OD600scan_96well_P0000000004_d12a6641-4d0c-48bd-aeac-668fa5facce1.csv","data/raw/growth_dynamics_b12_methionine/20251208_bacteria_b12_methionine_2/20251208_173815_FB_OD600scan_96well_P0000000004_d12a6641-4d0c-48bd-aeac-668fa5facce1.csv","instrument","plate-reader export","yes","git",2088,"8c6fb227a93f291fb8905ffbc264cba216247117bce4238d92b502aae85305ea",""
"data/raw/growth_dynamics_b12_methionine/20251208_bacteria_b12_methionine_2/20251208_174114_FB_OD600scan_96well_P0000000003_d12a6641-4d0c-48bd-aeac-668fa5facce1.csv","data/raw/growth_dynamics_b12_methionine/20251208_bacteria_b12_methionine_2/20251208_174114_FB_OD600scan_96well_P0000000003_d12a6641-4d0c-48bd-aeac-668fa5facce1.csv","instrument","plate-reader export","yes","git",2088,"83259f42763f9d22b20367f658bb99cc0598210bad0bac3c2aa182ed8098586d",""
"data/raw/growth_dynamics_b12_methionine/20251208_bacteria_b12_methionine_2/20251208_174413_FB_OD600scan_96well_P0000000028_d12a6641-4d0c-48bd-aeac-668fa5facce1.csv","data/raw/growth_dynamics_b12_methionine/20251208_bacteria_b12_methionine_2/20251208_174413_FB_OD600scan_96well_P0000000028_d12a6641-4d0c-48bd-aeac-668fa5facce1.csv","instrument","plate-reader export","yes","git",2088,"f56acf8f2728a5937d66f347e259dfb42424a75ff6501b70b06379a081fb0c8c",""
"data/raw/growth_dynamics_b12_methionine/20251208_bacteria_b12_methionine_2/20251208_174716_FB_OD600scan_96well_P0000000027_d12a6641-4d0c-48bd-aeac-668fa5facce1.csv","data/raw/growth_dynamics_b12_methionine/20251208_bacteria_b12_methionine_2/20251208_174716_FB_OD600scan_96well_P0000000027_d12a6641-4d0c-48bd-aeac-668fa5facce1.csv","instrument","plate-reader export","yes","git",2088,"11537f83f0836c919bf56aa4a3418a6fb1db89473037826bdf462dbe32b1d302",""
"data/raw/growth_dynamics_b12_methionine/20251208_bacteria_b12_methionine_2/20251208_175017_FB_OD600scan_96well_P0000000026_d12a6641-4d0c-48bd-aeac-668fa5facce1.csv","data/raw/growth_dynamics_b12_methionine/20251208_bacteria_b12_methionine_2/20251208_175017_FB_OD600scan_96well_P0000000026_d12a6641-4d0c-48bd-aeac-668fa5facce1.csv","instrument","plate-reader export","yes","git",2088,"42bd4cd1701db3608e762253792e985cc674c01696558c6ef65e705af195614a",""
"data/raw/growth_dynamics_b12_methionine/20251208_bacteria_b12_methionine_2/20251208_175321_FB_OD600scan_96well_P0000000025_d12a6641-4d0c-48bd-aeac-668fa5facce1.csv","data/raw/growth_dynamics_b12_methionine/20251208_bacteria_b12_methionine_2/20251208_175321_FB_OD600scan_96well_P0000000025_d12a6641-4d0c-48bd-aeac-668fa5facce1.csv","instrument","plate-reader export","yes","git",2088,"b726365c7cb4a667f96cb7b0f44cc36741cbf23239d8fb45c5c81a57f9b927b9",""
"data/raw/growth_dynamics_b12_methionine/20251208_bacteria_b12_methionine_2/20251208_175622_FB_OD600scan_96well_P0000000024_d12a6641-4d0c-48bd-aeac-668fa5facce1.csv","data/raw/growth_dynamics_b12_methionine/20251208_bacteria_b12_methionine_2/20251208_175622_FB_OD600scan_96well_P0000000024_d12a6641-4d0c-48bd-aeac-668fa5facce1.csv","instrument","plate-reader export","yes","git",2088,"829f17d54a38200d47572d26e8fc49da8a1169c34968252fb28a24f3b827f367",""
"data/raw/growth_dynamics_b12_methionine/20251208_bacteria_b12_methionine_2/20251208_175927_FB_OD600scan_96well_P0000000023_d12a6641-4d0c-48bd-aeac-668fa5facce1.csv","data/raw/growth_dynamics_b12_methionine/20251208_bacteria_b12_methionine_2/20251208_175927_FB_OD600scan_96well_P0000000023_d12a6641-4d0c-48bd-aeac-668fa5facce1.csv","instrument","plate-reader export","yes","git",2088,"9f48879a3c650cde23353233e7103d29c171e750dda1971e136d1bee9ca0fcdd",""
"data/raw/growth_dynamics_b12_methionine/20251208_bacteria_b12_methionine_2/20251208_180232_FB_OD600scan_96well_P0000000022_d12a6641-4d0c-48bd-aeac-668fa5facce1.csv","data/raw/growth_dynamics_b12_methionine/20251208_bacteria_b12_methionine_2/20251208_180232_FB_OD600scan_96well_P0000000022_d12a6641-4d0c-48bd-aeac-668fa5facce1.csv","instrument","plate-reader export","yes","git",2088,"f4477e102a7364a9517f33a9178141349bcbd5fe0e813036a86c37c839945bf0",""
"data/raw/growth_dynamics_b12_methionine/20251208_bacteria_b12_methionine_2/20251208_180539_FB_OD600scan_96well_P0000000021_d12a6641-4d0c-48bd-aeac-668fa5facce1.csv","data/raw/growth_dynamics_b12_methionine/20251208_bacteria_b12_methionine_2/20251208_180539_FB_OD600scan_96well_P0000000021_d12a6641-4d0c-48bd-aeac-668fa5facce1.csv","instrument","plate-reader export","yes","git",2088,"621e8508ab7d218010ac4fffb2cbcb43b459578adb07d94b82ef66125d29214f",""
"data/raw/growth_dynamics_b12_methionine/20251208_bacteria_b12_methionine_2/20251208_180842_FB_OD600scan_96well_P0000000020_d12a6641-4d0c-48bd-aeac-668fa5facce1.csv","data/raw/growth_dynamics_b12_methionine/20251208_bacteria_b12_methionine_2/20251208_180842_FB_OD600scan_96well_P0000000020_d12a6641-4d0c-48bd-aeac-668fa5facce1.csv","instrument","plate-reader export","yes","git",2088,"4a141364f87ed2efd62e1e0ecba56c9fdd40a6091dcc082ae2fe038a53ae7393",""
"data/raw/growth_dynamics_b12_methionine/20251208_bacteria_b12_methionine_2/20251208_181148_FB_OD600scan_96well_P0000000019_d12a6641-4d0c-48bd-aeac-668fa5facce1.csv","data/raw/growth_dynamics_b12_methionine/20251208_bacteria_b12_methionine_2/20251208_181148_FB_OD600scan_96well_P0000000019_d12a6641-4d0c-48bd-aeac-668fa5facce1.csv","instrument","plate-reader export","yes","git",2088,"631c0412c4375fbb31e1be274df3c323917ddb2d7b3745b0f69bdbf3bdbe446b",""
"data/raw/growth_dynamics_b12_methionine/20251208_bacteria_b12_methionine_2/20251208_181454_FB_OD600scan_96well_P0000000018_d12a6641-4d0c-48bd-aeac-668fa5facce1.csv","data/raw/growth_dynamics_b12_methionine/20251208_bacteria_b12_methionine_2/20251208_181454_FB_OD600scan_96well_P0000000018_d12a6641-4d0c-48bd-aeac-668fa5facce1.csv","instrument","plate-reader export","yes","git",2088,"8c8644b0470aa6a5daa0121c46d90a602c73a95c6cf8f1371b809d16647fdc1e",""
"data/raw/growth_dynamics_b12_methionine/20251208_bacteria_b12_methionine_2/20251208_181801_FB_OD600scan_96well_P0000000017_d12a6641-4d0c-48bd-aeac-668fa5facce1.csv","data/raw/growth_dynamics_b12_methionine/20251208_bacteria_b12_methionine_2/20251208_181801_FB_OD600scan_96well_P0000000017_d12a6641-4d0c-48bd-aeac-668fa5facce1.csv","instrument","plate-reader export","yes","git",2088,"93ccb06aa91ba86383771d9c19acf0fa9ed1e05c87f8e780ec3176ad12787f77",""
"data/raw/growth_dynamics_b12_methionine/20251208_bacteria_b12_methionine_2/20251208_184103_FB_OD600scan_96well_P0000000015_d12a6641-4d0c-48bd-aeac-668fa5facce1.csv","data/raw/growth_dynamics_b12_methionine/20251208_bacteria_b12_methionine_2/20251208_184103_FB_OD600scan_96well_P0000000015_d12a6641-4d0c-48bd-aeac-668fa5facce1.csv","instrument","plate-reader export","yes","git",2088,"6b59b35e4dea93acd2ffc426284b71f2c919aa2f733edde3cf8ed331b0554215",""
"data/raw/growth_dynamics_b12_methionine/20251208_bacteria_b12_methionine_2/20251208_184359_FB_OD600scan_96well_P0000000014_d12a6641-4d0c-48bd-aeac-668fa5facce1.csv","data/raw/growth_dynamics_b12_methionine/20251208_bacteria_b12_methionine_2/20251208_184359_FB_OD600scan_96well_P0000000014_d12a6641-4d0c-48bd-aeac-668fa5facce1.csv","instrument","plate-reader export","yes","git",2088,"d9272a2ffe701e342aecc0a98da2ea0a862a04d9d5b4b925f20243c0dfceb554",""
"data/raw/growth_dynamics_b12_methionine/20251208_bacteria_b12_methionine_2/20251208_184658_FB_OD600scan_96well_P0000000012_d12a6641-4d0c-48bd-aeac-668fa5facce1.csv","data/raw/growth_dynamics_b12_methionine/20251208_bacteria_b12_methionine_2/20251208_184658_FB_OD600scan_96well_P0000000012_d12a6641-4d0c-48bd-aeac-668fa5facce1.csv","instrument","plate-reader export","yes","git",2088,"d7e78276468e6d3f51f441acf583f32e65a40addb31b2ddb2925c8b99b357072",""
"data/raw/growth_dynamics_b12_methionine/20251208_bacteria_b12_methionine_2/20251208_184957_FB_OD600scan_96well_P0000000011_d12a6641-4d0c-48bd-aeac-668fa5facce1.csv","data/raw/growth_dynamics_b12_methionine/20251208_bacteria_b12_methionine_2/20251208_184957_FB_OD600scan_96well_P0000000011_d12a6641-4d0c-48bd-aeac-668fa5facce1.csv","instrument","plate-reader export","yes","git",2088,"223b93a9de198b6499471d65f6171b3cf03974ca761dc008b49cdc9d3814773b",""
"data/raw/growth_dynamics_b12_methionine/20251208_bacteria_b12_methionine_2/20251208_185257_FB_OD600scan_96well_P0000000010_d12a6641-4d0c-48bd-aeac-668fa5facce1.csv","data/raw/growth_dynamics_b12_methionine/20251208_bacteria_b12_methionine_2/20251208_185257_FB_OD600scan_96well_P0000000010_d12a6641-4d0c-48bd-aeac-668fa5facce1.csv","instrument","plate-reader export","yes","git",2088,"b8ac364fee19dfd3bb420f2bf411c0d6db92c6fe5ed9ac5559c50620f10b6fbf",""
"data/raw/growth_dynamics_b12_methionine/20251208_bacteria_b12_methionine_2/20251208_185555_FB_OD600scan_96well_P0000000009_d12a6641-4d0c-48bd-aeac-668fa5facce1.csv","data/raw/growth_dynamics_b12_methionine/20251208_bacteria_b12_methionine_2/20251208_185555_FB_OD600scan_96well_P0000000009_d12a6641-4d0c-48bd-aeac-668fa5facce1.csv","instrument","plate-reader export","yes","git",2088,"9d2b222fe379f96e1b2d7b1a9454a48723c68ef600113917de1b8443a5508f1d",""
"data/raw/growth_dynamics_b12_methionine/20251208_bacteria_b12_methionine_2/20251208_185852_FB_OD600scan_96well_P0000000008_d12a6641-4d0c-48bd-aeac-668fa5facce1.csv","data/raw/growth_dynamics_b12_methionine/20251208_bacteria_b12_methionine_2/20251208_185852_FB_OD600scan_96well_P0000000008_d12a6641-4d0c-48bd-aeac-668fa5facce1.csv","instrument","plate-reader export","yes","git",2088,"345516f347c0576685bcedb45b107fb9cc5d1bb8b3137a934f2de7b3cc287362",""
"data/raw/growth_dynamics_b12_methionine/20251208_bacteria_b12_methionine_2/20251208_190151_FB_OD600scan_96well_P0000000007_d12a6641-4d0c-48bd-aeac-668fa5facce1.csv","data/raw/growth_dynamics_b12_methionine/20251208_bacteria_b12_methionine_2/20251208_190151_FB_OD600scan_96well_P0000000007_d12a6641-4d0c-48bd-aeac-668fa5facce1.csv","instrument","plate-reader export","yes","git",2088,"247284fdb4cc5dd72449d924b95b346b44de8b6724f0bb6198cb85cccd47ec3d",""
"data/raw/growth_dynamics_b12_methionine/20251208_bacteria_b12_methionine_2/20251208_190452_FB_OD600scan_96well_P0000000006_d12a6641-4d0c-48bd-aeac-668fa5facce1.csv","data/raw/growth_dynamics_b12_methionine/20251208_bacteria_b12_methionine_2/20251208_190452_FB_OD600scan_96well_P0000000006_d12a6641-4d0c-48bd-aeac-668fa5facce1.csv","instrument","plate-reader export","yes","git",2088,"9972887608e8b3eb883cf24f421fa2734de6818dcb71cdc9cec0b55ce23a2a93",""
"data/raw/growth_dynamics_b12_methionine/20251208_bacteria_b12_methionine_2/20251208_190750_FB_OD600scan_96well_P0000000005_d12a6641-4d0c-48bd-aeac-668fa5facce1.csv","data/raw/growth_dynamics_b12_methionine/20251208_bacteria_b12_methionine_2/20251208_190750_FB_OD600scan_96well_P0000000005_d12a6641-4d0c-48bd-aeac-668fa5facce1.csv","instrument","plate-reader export","yes","git",2088,"73a3ef558648958e04f42000f21b111fb12a9c0d19715262e44885f8a3522838",""
"data/raw/growth_dynamics_b12_methionine/20251208_bacteria_b12_methionine_2/20251208_191052_FB_OD600scan_96well_P0000000004_d12a6641-4d0c-48bd-aeac-668fa5facce1.csv","data/raw/growth_dynamics_b12_methionine/20251208_bacteria_b12_methionine_2/20251208_191052_FB_OD600scan_96well_P0000000004_d12a6641-4d0c-48bd-aeac-668fa5facce1.csv","instrument","plate-reader export","yes","git",2088,"330910b24ff4906e8d25e4f2bae97f476460cf2b73f26165add48680d6f21a0e",""
"data/raw/growth_dynamics_b12_methionine/20251208_bacteria_b12_methionine_2/20251208_191352_FB_OD600scan_96well_P0000000003_d12a6641-4d0c-48bd-aeac-668fa5facce1.csv","data/raw/growth_dynamics_b12_methionine/20251208_bacteria_b12_methionine_2/20251208_191352_FB_OD600scan_96well_P0000000003_d12a6641-4d0c-48bd-aeac-668fa5facce1.csv","instrument","plate-reader export","yes","git",2088,"1063fe9d73eb2840737a52098da1fe41a6cd2e60d1e19fc6fa6b615156e64e40",""
"data/raw/growth_dynamics_b12_methionine/20251208_bacteria_b12_methionine_2/20251208_191655_FB_OD600scan_96well_P0000000028_d12a6641-4d0c-48bd-aeac-668fa5facce1.csv","data/raw/growth_dynamics_b12_methionine/20251208_bacteria_b12_methionine_2/20251208_191655_FB_OD600scan_96well_P0000000028_d12a6641-4d0c-48bd-aeac-668fa5facce1.csv","instrument","plate-reader export","yes","git",2088,"21652891ad0c57b2728884a9349aa37d798a220d3c348bcee121a2db253dffb5",""
"data/raw/growth_dynamics_b12_methionine/20251208_bacteria_b12_methionine_2/20251208_191955_FB_OD600scan_96well_P0000000027_d12a6641-4d0c-48bd-aeac-668fa5facce1.csv","data/raw/growth_dynamics_b12_methionine/20251208_bacteria_b12_methionine_2/20251208_191955_FB_OD600scan_96well_P0000000027_d12a6641-4d0c-48bd-aeac-668fa5facce1.csv","instrument","plate-reader export","yes","git",2088,"fd68542908bb2cc7f5112e8dd9399b1759953dbd0622ed184883178cb74dccf3",""
"data/raw/growth_dynamics_b12_methionine/20251208_bacteria_b12_methionine_2/20251208_192259_FB_OD600scan_96well_P0000000026_d12a6641-4d0c-48bd-aeac-668fa5facce1.csv","data/raw/growth_dynamics_b12_methionine/20251208_bacteria_b12_methionine_2/20251208_192259_FB_OD600scan_96well_P0000000026_d12a6641-4d0c-48bd-aeac-668fa5facce1.csv","instrument","plate-reader export","yes","git",2088,"37a06d53defc3dede69f6af5a98fdff7dd8303f288260a7a7d1e036a8b21be9e",""
"data/raw/growth_dynamics_b12_methionine/20251208_bacteria_b12_methionine_2/20251208_192600_FB_OD600scan_96well_P0000000025_d12a6641-4d0c-48bd-aeac-668fa5facce1.csv","data/raw/growth_dynamics_b12_methionine/20251208_bacteria_b12_methionine_2/20251208_192600_FB_OD600scan_96well_P0000000025_d12a6641-4d0c-48bd-aeac-668fa5facce1.csv","instrument","plate-reader export","yes","git",2088,"f56f7676126b9048608018264902353759533573eeae998dc317c6b215cfb8e6",""
"data/raw/growth_dynamics_b12_methionine/20251208_bacteria_b12_methionine_2/20251208_192905_FB_OD600scan_96well_P0000000024_d12a6641-4d0c-48bd-aeac-668fa5facce1.csv","data/raw/growth_dynamics_b12_methionine/20251208_bacteria_b12_methionine_2/20251208_192905_FB_OD600scan_96well_P0000000024_d12a6641-4d0c-48bd-aeac-668fa5facce1.csv","instrument","plate-reader export","yes","git",2088,"c108d158a0916078c0ebc17e89a61af8d5cb2a258d8929ade7ce1844385614fd",""
"data/raw/growth_dynamics_b12_methionine/20251208_bacteria_b12_methionine_2/20251208_193207_FB_OD600scan_96well_P0000000023_d12a6641-4d0c-48bd-aeac-668fa5facce1.csv","data/raw/growth_dynamics_b12_methionine/20251208_bacteria_b12_methionine_2/20251208_193207_FB_OD600scan_96well_P0000000023_d12a6641-4d0c-48bd-aeac-668fa5facce1.csv","instrument","plate-reader export","yes","git",2088,"34dabf16e71f6e01ccb16030a3ff7c33f4981e71ce1c747438d6ff2f7eaad697",""
"data/raw/growth_dynamics_b12_methionine/20251208_bacteria_b12_methionine_2/20251208_193512_FB_OD600scan_96well_P0000000022_d12a6641-4d0c-48bd-aeac-668fa5facce1.csv","data/raw/growth_dynamics_b12_methionine/20251208_bacteria_b12_methionine_2/20251208_193512_FB_OD600scan_96well_P0000000022_d12a6641-4d0c-48bd-aeac-668fa5facce1.csv","instrument","plate-reader export","yes","git",2088,"aaf3cac4f2efc689cc4687600a3bce40ede20a910aa1b87f427127efa8f46f1b",""
"data/raw/growth_dynamics_b12_methionine/20251208_bacteria_b12_methionine_2/20251208_193818_FB_OD600scan_96well_P0000000021_d12a6641-4d0c-48bd-aeac-668fa5facce1.csv","data/raw/growth_dynamics_b12_methionine/20251208_bacteria_b12_methionine_2/20251208_193818_FB_OD600scan_96well_P0000000021_d12a6641-4d0c-48bd-aeac-668fa5facce1.csv","instrument","plate-reader export","yes","git",2088,"5481ecd97bf0132a29804c3163bdadcc8b82b1e2664421da9cdbb6d9205102ea",""
"data/raw/growth_dynamics_b12_methionine/20251208_bacteria_b12_methionine_2/20251208_194123_FB_OD600scan_96well_P0000000020_d12a6641-4d0c-48bd-aeac-668fa5facce1.csv","data/raw/growth_dynamics_b12_methionine/20251208_bacteria_b12_methionine_2/20251208_194123_FB_OD600scan_96well_P0000000020_d12a6641-4d0c-48bd-aeac-668fa5facce1.csv","instrument","plate-reader export","yes","git",2088,"cd527ec0a00f9448ef45e829ba537ce47971b0ff0d25410506cd051d6b6262a7",""
"data/raw/growth_dynamics_b12_methionine/20251208_bacteria_b12_methionine_2/20251208_194429_FB_OD600scan_96well_P0000000019_d12a6641-4d0c-48bd-aeac-668fa5facce1.csv","data/raw/growth_dynamics_b12_methionine/20251208_bacteria_b12_methionine_2/20251208_194429_FB_OD600scan_96well_P0000000019_d12a6641-4d0c-48bd-aeac-668fa5facce1.csv","instrument","plate-reader export","yes","git",2088,"5c53e4243f59e9ec5eec6fc5250767e6587908e2fb559eb694c1fd24f2d2ce7e",""
"data/raw/growth_dynamics_b12_methionine/20251208_bacteria_b12_methionine_2/20251208_194735_FB_OD600scan_96well_P0000000018_d12a6641-4d0c-48bd-aeac-668fa5facce1.csv","data/raw/growth_dynamics_b12_methionine/20251208_bacteria_b12_methionine_2/20251208_194735_FB_OD600scan_96well_P0000000018_d12a6641-4d0c-48bd-aeac-668fa5facce1.csv","instrument","plate-reader export","yes","git",2088,"3c6d673156d7aeda9d144076d7a6382393b473506149fc639057637b8c19ca5b",""
"data/raw/growth_dynamics_b12_methionine/20251208_bacteria_b12_methionine_2/20251208_195039_FB_OD600scan_96well_P0000000017_d12a6641-4d0c-48bd-aeac-668fa5facce1.csv","data/raw/growth_dynamics_b12_methionine/20251208_bacteria_b12_methionine_2/20251208_195039_FB_OD600scan_96well_P0000000017_d12a6641-4d0c-48bd-aeac-668fa5facce1.csv","instrument","plate-reader export","yes","git",2088,"94ee1b0c028a203a67ddc4884f92757eb06e62f333e3e65f331be75c50580b80",""
"data/raw/growth_dynamics_b12_methionine/20251208_bacteria_b12_methionine_2/20251208_201344_FB_OD600scan_96well_P0000000015_d12a6641-4d0c-48bd-aeac-668fa5facce1.csv","data/raw/growth_dynamics_b12_methionine/20251208_bacteria_b12_methionine_2/20251208_201344_FB_OD600scan_96well_P0000000015_d12a6641-4d0c-48bd-aeac-668fa5facce1.csv","instrument","plate-reader export","yes","git",2088,"c93bce73dc53208d196c10f407692fa50317d9f0a3906cc1820c7468eea7aa4a",""
"data/raw/growth_dynamics_b12_methionine/20251208_bacteria_b12_methionine_2/20251208_201642_FB_OD600scan_96well_P0000000014_d12a6641-4d0c-48bd-aeac-668fa5facce1.csv","data/raw/growth_dynamics_b12_methionine/20251208_bacteria_b12_methionine_2/20251208_201642_FB_OD600scan_96well_P0000000014_d12a6641-4d0c-48bd-aeac-668fa5facce1.csv","instrument","plate-reader export","yes","git",2088,"f4ffbebf29f89455ebd537b195363ce8e4e69b0171bfae0323d320a37abf3754",""
"data/raw/growth_dynamics_b12_methionine/20251208_bacteria_b12_methionine_2/20251208_201938_FB_OD600scan_96well_P0000000012_d12a6641-4d0c-48bd-aeac-668fa5facce1.csv","data/raw/growth_dynamics_b12_methionine/20251208_bacteria_b12_methionine_2/20251208_201938_FB_OD600scan_96well_P0000000012_d12a6641-4d0c-48bd-aeac-668fa5facce1.csv","instrument","plate-reader export","yes","git",2088,"0e4ce9b42feeafecd1c3f82c1123b9b9680b4000c90fda7581485a1906ba72b8",""
"data/raw/growth_dynamics_b12_methionine/20251208_bacteria_b12_methionine_2/20251208_202235_FB_OD600scan_96well_P0000000011_d12a6641-4d0c-48bd-aeac-668fa5facce1.csv","data/raw/growth_dynamics_b12_methionine/20251208_bacteria_b12_methionine_2/20251208_202235_FB_OD600scan_96well_P0000000011_d12a6641-4d0c-48bd-aeac-668fa5facce1.csv","instrument","plate-reader export","yes","git",2088,"0b001d79d3b7139dc82adab5399fedd22a0342b7f16c9022ceb4aca2648f6f6c",""
"data/raw/growth_dynamics_b12_methionine/20251208_bacteria_b12_methionine_2/20251208_202536_FB_OD600scan_96well_P0000000010_d12a6641-4d0c-48bd-aeac-668fa5facce1.csv","data/raw/growth_dynamics_b12_methionine/20251208_bacteria_b12_methionine_2/20251208_202536_FB_OD600scan_96well_P0000000010_d12a6641-4d0c-48bd-aeac-668fa5facce1.csv","instrument","plate-reader export","yes","git",2088,"543a06fa63a4e2176875f246fcc48e6d634aadc6f8e74a69f987729d139a0abf",""
"data/raw/growth_dynamics_b12_methionine/20251208_bacteria_b12_methionine_2/20251208_202837_FB_OD600scan_96well_P0000000009_d12a6641-4d0c-48bd-aeac-668fa5facce1.csv","data/raw/growth_dynamics_b12_methionine/20251208_bacteria_b12_methionine_2/20251208_202837_FB_OD600scan_96well_P0000000009_d12a6641-4d0c-48bd-aeac-668fa5facce1.csv","instrument","plate-reader export","yes","git",2088,"085e5c874788fb7462db89b529cd7d4963d69dfb1c20e78a8ab61a190439031d",""
"data/raw/growth_dynamics_b12_methionine/20251208_bacteria_b12_methionine_2/20251208_203138_FB_OD600scan_96well_P0000000008_d12a6641-4d0c-48bd-aeac-668fa5facce1.csv","data/raw/growth_dynamics_b12_methionine/20251208_bacteria_b12_methionine_2/20251208_203138_FB_OD600scan_96well_P0000000008_d12a6641-4d0c-48bd-aeac-668fa5facce1.csv","instrument","plate-reader export","yes","git",2088,"ee1e4ff5c6710e2af3ad78ce419eecfd0fdee82f3b8ec5637ce25016db8b764e",""
"data/raw/growth_dynamics_b12_methionine/20251208_bacteria_b12_methionine_2/20251208_203436_FB_OD600scan_96well_P0000000007_d12a6641-4d0c-48bd-aeac-668fa5facce1.csv","data/raw/growth_dynamics_b12_methionine/20251208_bacteria_b12_methionine_2/20251208_203436_FB_OD600scan_96well_P0000000007_d12a6641-4d0c-48bd-aeac-668fa5facce1.csv","instrument","plate-reader export","yes","git",2088,"a32de48701b0a14bc5638ca9370b835fa415366dff302736aa921ec27898fddc",""
"data/raw/growth_dynamics_b12_methionine/20251208_bacteria_b12_methionine_2/20251208_203738_FB_OD600scan_96well_P0000000006_d12a6641-4d0c-48bd-aeac-668fa5facce1.csv","data/raw/growth_dynamics_b12_methionine/20251208_bacteria_b12_methionine_2/20251208_203738_FB_OD600scan_96well_P0000000006_d12a6641-4d0c-48bd-aeac-668fa5facce1.csv","instrument","plate-reader export","yes","git",2088,"f3bcaad15477fb732e4cd072554926424c70d6f597be4d976f7f106346730eb4",""
"data/raw/growth_dynamics_b12_methionine/20251208_bacteria_b12_methionine_2/20251208_204036_FB_OD600scan_96well_P0000000005_d12a6641-4d0c-48bd-aeac-668fa5facce1.csv","data/raw/growth_dynamics_b12_methionine/20251208_bacteria_b12_methionine_2/20251208_204036_FB_OD600scan_96well_P0000000005_d12a6641-4d0c-48bd-aeac-668fa5facce1.csv","instrument","plate-reader export","yes","git",2088,"39fddfd70904ae20fb829b6c8dd33bee273cf8159305df0e8836f121d2f19b98",""
"data/raw/growth_dynamics_b12_methionine/20251208_bacteria_b12_methionine_2/20251208_204337_FB_OD600scan_96well_P0000000004_d12a6641-4d0c-48bd-aeac-668fa5facce1.csv","data/raw/growth_dynamics_b12_methionine/20251208_bacteria_b12_methionine_2/20251208_204337_FB_OD600scan_96well_P0000000004_d12a6641-4d0c-48bd-aeac-668fa5facce1.csv","instrument","plate-reader export","yes","git",2088,"e231df4d08dcf6bfc811911fcf196dd73e3f62f2cc9b294cc77a80d4951c2cd6",""
"data/raw/growth_dynamics_b12_methionine/20251208_bacteria_b12_methionine_2/20251208_204639_FB_OD600scan_96well_P0000000003_d12a6641-4d0c-48bd-aeac-668fa5facce1.csv","data/raw/growth_dynamics_b12_methionine/20251208_bacteria_b12_methionine_2/20251208_204639_FB_OD600scan_96well_P0000000003_d12a6641-4d0c-48bd-aeac-668fa5facce1.csv","instrument","plate-reader export","yes","git",2088,"83be6c5af7ecf29d1b70213c40c129c9fd4d1c59cadd10d2a861b7106f9abb3b",""
"data/raw/growth_dynamics_b12_methionine/20251208_bacteria_b12_methionine_2/20251208_204939_FB_OD600scan_96well_P0000000028_d12a6641-4d0c-48bd-aeac-668fa5facce1.csv","data/raw/growth_dynamics_b12_methionine/20251208_bacteria_b12_methionine_2/20251208_204939_FB_OD600scan_96well_P0000000028_d12a6641-4d0c-48bd-aeac-668fa5facce1.csv","instrument","plate-reader export","yes","git",2088,"055024ad5f785eaea6b3e7b73ead4c3e80029a5c4a6821586b7f4662a864e1ea",""
"data/raw/growth_dynamics_b12_methionine/20251208_bacteria_b12_methionine_2/20251208_205239_FB_OD600scan_96well_P0000000027_d12a6641-4d0c-48bd-aeac-668fa5facce1.csv","data/raw/growth_dynamics_b12_methionine/20251208_bacteria_b12_methionine_2/20251208_205239_FB_OD600scan_96well_P0000000027_d12a6641-4d0c-48bd-aeac-668fa5facce1.csv","instrument","plate-reader export","yes","git",2088,"1d4a238f9c4078141af99c9245663fef30a8fdc29932bce228212f3b839e205e",""
"data/raw/growth_dynamics_b12_methionine/20251208_bacteria_b12_methionine_2/20251208_205540_FB_OD600scan_96well_P0000000026_d12a6641-4d0c-48bd-aeac-668fa5facce1.csv","data/raw/growth_dynamics_b12_methionine/20251208_bacteria_b12_methionine_2/20251208_205540_FB_OD600scan_96well_P0000000026_d12a6641-4d0c-48bd-aeac-668fa5facce1.csv","instrument","plate-reader export","yes","git",2088,"d609fdd7498ee2927d42c3fb4118437956f6e3470fd41467916f0a5a16ee3ab0",""
"data/raw/growth_dynamics_b12_methionine/20251208_bacteria_b12_methionine_2/20251208_205844_FB_OD600scan_96well_P0000000025_d12a6641-4d0c-48bd-aeac-668fa5facce1.csv","data/raw/growth_dynamics_b12_methionine/20251208_bacteria_b12_methionine_2/20251208_205844_FB_OD600scan_96well_P0000000025_d12a6641-4d0c-48bd-aeac-668fa5facce1.csv","instrument","plate-reader export","yes","git",2088,"bfbff97b274b0c3be0e24789e2db60fbd7ba9ff7a4627a3abe03cb4e6fea8278",""
"data/raw/growth_dynamics_b12_methionine/20251208_bacteria_b12_methionine_2/20251208_210146_FB_OD600scan_96well_P0000000024_d12a6641-4d0c-48bd-aeac-668fa5facce1.csv","data/raw/growth_dynamics_b12_methionine/20251208_bacteria_b12_methionine_2/20251208_210146_FB_OD600scan_96well_P0000000024_d12a6641-4d0c-48bd-aeac-668fa5facce1.csv","instrument","plate-reader export","yes","git",2088,"f4e19d05ebc33400a4a8868bfd260232f717e63bc48cf1d5272ff49c04f05b97",""
"data/raw/growth_dynamics_b12_methionine/20251208_bacteria_b12_methionine_2/20251208_210450_FB_OD600scan_96well_P0000000023_d12a6641-4d0c-48bd-aeac-668fa5facce1.csv","data/raw/growth_dynamics_b12_methionine/20251208_bacteria_b12_methionine_2/20251208_210450_FB_OD600scan_96well_P0000000023_d12a6641-4d0c-48bd-aeac-668fa5facce1.csv","instrument","plate-reader export","yes","git",2088,"75dce3d534e78bc346eecc7e8d211ca3fd4bc7a399269c655ccea48c6fc83728",""
"data/raw/growth_dynamics_b12_methionine/20251208_bacteria_b12_methionine_2/20251208_210752_FB_OD600scan_96well_P0000000022_d12a6641-4d0c-48bd-aeac-668fa5facce1.csv","data/raw/growth_dynamics_b12_methionine/20251208_bacteria_b12_methionine_2/20251208_210752_FB_OD600scan_96well_P0000000022_d12a6641-4d0c-48bd-aeac-668fa5facce1.csv","instrument","plate-reader export","yes","git",2088,"ccc8116d2ac31149d21e44f94f92aca02dabacf3b17e3edea13661a65237cd9d",""
"data/raw/growth_dynamics_b12_methionine/20251208_bacteria_b12_methionine_2/20251208_211055_FB_OD600scan_96well_P0000000021_d12a6641-4d0c-48bd-aeac-668fa5facce1.csv","data/raw/growth_dynamics_b12_methionine/20251208_bacteria_b12_methionine_2/20251208_211055_FB_OD600scan_96well_P0000000021_d12a6641-4d0c-48bd-aeac-668fa5facce1.csv","instrument","plate-reader export","yes","git",2088,"8e4f98427211a3f0e334fabf0a31c9166eab520c692f6d43b1122c8427169957",""
"data/raw/growth_dynamics_b12_methionine/20251208_bacteria_b12_methionine_2/20251208_211401_FB_OD600scan_96well_P0000000020_d12a6641-4d0c-48bd-aeac-668fa5facce1.csv","data/raw/growth_dynamics_b12_methionine/20251208_bacteria_b12_methionine_2/20251208_211401_FB_OD600scan_96well_P0000000020_d12a6641-4d0c-48bd-aeac-668fa5facce1.csv","instrument","plate-reader export","yes","git",2088,"a8e787564ec687fe5be435ea82ff4a203ae132c5a2b8c9900d51cb1310d7dcf0",""
"data/raw/growth_dynamics_b12_methionine/20251208_bacteria_b12_methionine_2/20251208_211704_FB_OD600scan_96well_P0000000019_d12a6641-4d0c-48bd-aeac-668fa5facce1.csv","data/raw/growth_dynamics_b12_methionine/20251208_bacteria_b12_methionine_2/20251208_211704_FB_OD600scan_96well_P0000000019_d12a6641-4d0c-48bd-aeac-668fa5facce1.csv","instrument","plate-reader export","yes","git",2088,"9c21b47c2dc8c7557977f0d884dc162b248afe1823bc741d8bd5dae919735551",""
"data/raw/growth_dynamics_b12_methionine/20251208_bacteria_b12_methionine_2/20251208_212010_FB_OD600scan_96well_P0000000018_d12a6641-4d0c-48bd-aeac-668fa5facce1.csv","data/raw/growth_dynamics_b12_methionine/20251208_bacteria_b12_methionine_2/20251208_212010_FB_OD600scan_96well_P0000000018_d12a6641-4d0c-48bd-aeac-668fa5facce1.csv","instrument","plate-reader export","yes","git",2088,"e01b229f5ee0261d62a3a369f83d4252ed615b613b4d13f9b09fa70db16e79d9",""
"data/raw/growth_dynamics_b12_methionine/20251208_bacteria_b12_methionine_2/20251208_212316_FB_OD600scan_96well_P0000000017_d12a6641-4d0c-48bd-aeac-668fa5facce1.csv","data/raw/growth_dynamics_b12_methionine/20251208_bacteria_b12_methionine_2/20251208_212316_FB_OD600scan_96well_P0000000017_d12a6641-4d0c-48bd-aeac-668fa5facce1.csv","instrument","plate-reader export","yes","git",2088,"7e0a598541fd97510fb956d897e812614ced76bf477390934346dc408e5b989b",""
"data/raw/growth_dynamics_b12_methionine/20251208_bacteria_b12_methionine_2/20251208_214619_FB_OD600scan_96well_P0000000015_d12a6641-4d0c-48bd-aeac-668fa5facce1.csv","data/raw/growth_dynamics_b12_methionine/20251208_bacteria_b12_methionine_2/20251208_214619_FB_OD600scan_96well_P0000000015_d12a6641-4d0c-48bd-aeac-668fa5facce1.csv","instrument","plate-reader export","yes","git",2088,"8d0b8e1d956bcdf81fccf4b331d91d0891bb6489da42cf5f3b159fea2c10b202",""
"data/raw/growth_dynamics_b12_methionine/20251208_bacteria_b12_methionine_2/20251208_214917_FB_OD600scan_96well_P0000000014_d12a6641-4d0c-48bd-aeac-668fa5facce1.csv","data/raw/growth_dynamics_b12_methionine/20251208_bacteria_b12_methionine_2/20251208_214917_FB_OD600scan_96well_P0000000014_d12a6641-4d0c-48bd-aeac-668fa5facce1.csv","instrument","plate-reader export","yes","git",2088,"50dcbb5d9b921272d39eb6d3240085ae24fc02040d6ecdb81a95390d20deedb2",""
"data/raw/growth_dynamics_b12_methionine/20251208_bacteria_b12_methionine_2/20251208_215216_FB_OD600scan_96well_P0000000012_d12a6641-4d0c-48bd-aeac-668fa5facce1.csv","data/raw/growth_dynamics_b12_methionine/20251208_bacteria_b12_methionine_2/20251208_215216_FB_OD600scan_96well_P0000000012_d12a6641-4d0c-48bd-aeac-668fa5facce1.csv","instrument","plate-reader export","yes","git",2088,"915b7031aca58875029f5cd3144fd4cb9eee13324725fe85d9c5ebf5b218c5ce",""
"data/raw/growth_dynamics_b12_methionine/20251208_bacteria_b12_methionine_2/20251208_215516_FB_OD600scan_96well_P0000000011_d12a6641-4d0c-48bd-aeac-668fa5facce1.csv","data/raw/growth_dynamics_b12_methionine/20251208_bacteria_b12_methionine_2/20251208_215516_FB_OD600scan_96well_P0000000011_d12a6641-4d0c-48bd-aeac-668fa5facce1.csv","instrument","plate-reader export","yes","git",2088,"75b79f68204a29a033f8aa9e8fd6d4fd2a99a38c18166bc4473c1104dedb6b8d",""
"data/raw/growth_dynamics_b12_methionine/20251208_bacteria_b12_methionine_2/20251208_215813_FB_OD600scan_96well_P0000000010_d12a6641-4d0c-48bd-aeac-668fa5facce1.csv","data/raw/growth_dynamics_b12_methionine/20251208_bacteria_b12_methionine_2/20251208_215813_FB_OD600scan_96well_P0000000010_d12a6641-4d0c-48bd-aeac-668fa5facce1.csv","instrument","plate-reader export","yes","git",2088,"fa185e5ba9ef3d13db82f24cec4bbe889919adba2becaa14955ac0cc9ed439cb",""
"data/raw/growth_dynamics_b12_methionine/20251208_bacteria_b12_methionine_2/20251208_220114_FB_OD600scan_96well_P0000000009_d12a6641-4d0c-48bd-aeac-668fa5facce1.csv","data/raw/growth_dynamics_b12_methionine/20251208_bacteria_b12_methionine_2/20251208_220114_FB_OD600scan_96well_P0000000009_d12a6641-4d0c-48bd-aeac-668fa5facce1.csv","instrument","plate-reader export","yes","git",2088,"897ae8b0b31d65a722f55f486d200c2cf9334067739c7c26dfde9323d0b54db3",""
"data/raw/growth_dynamics_b12_methionine/20251208_bacteria_b12_methionine_2/20251208_220414_FB_OD600scan_96well_P0000000008_d12a6641-4d0c-48bd-aeac-668fa5facce1.csv","data/raw/growth_dynamics_b12_methionine/20251208_bacteria_b12_methionine_2/20251208_220414_FB_OD600scan_96well_P0000000008_d12a6641-4d0c-48bd-aeac-668fa5facce1.csv","instrument","plate-reader export","yes","git",2089,"93d98da35e6c1939bb1c6772b1ed941b9d07c7e2bd652aac9e65d14214d0939f",""
"data/raw/growth_dynamics_b12_methionine/20251208_bacteria_b12_methionine_2/20251208_220714_FB_OD600scan_96well_P0000000007_d12a6641-4d0c-48bd-aeac-668fa5facce1.csv","data/raw/growth_dynamics_b12_methionine/20251208_bacteria_b12_methionine_2/20251208_220714_FB_OD600scan_96well_P0000000007_d12a6641-4d0c-48bd-aeac-668fa5facce1.csv","instrument","plate-reader export","yes","git",2089,"a6c5bbac004770770fe0606142002293f91d2144f17c4bfda8c8a21b53a691f9",""
"data/raw/growth_dynamics_b12_methionine/20251208_bacteria_b12_methionine_2/20251208_221012_FB_OD600scan_96well_P0000000006_d12a6641-4d0c-48bd-aeac-668fa5facce1.csv","data/raw/growth_dynamics_b12_methionine/20251208_bacteria_b12_methionine_2/20251208_221012_FB_OD600scan_96well_P0000000006_d12a6641-4d0c-48bd-aeac-668fa5facce1.csv","instrument","plate-reader export","yes","git",2089,"9b3dd5833b15ad7cfdb1ea607cb16189b14dabfd1b07a8a7162ce694621b3c40",""
"data/raw/growth_dynamics_b12_methionine/20251208_bacteria_b12_methionine_2/20251208_221314_FB_OD600scan_96well_P0000000005_d12a6641-4d0c-48bd-aeac-668fa5facce1.csv","data/raw/growth_dynamics_b12_methionine/20251208_bacteria_b12_methionine_2/20251208_221314_FB_OD600scan_96well_P0000000005_d12a6641-4d0c-48bd-aeac-668fa5facce1.csv","instrument","plate-reader export","yes","git",2089,"0f70bcde550dfc4cb17a104ae6162b81e250717b9f4ba38c89787ab8bd92437f",""
"data/raw/growth_dynamics_b12_methionine/20251208_bacteria_b12_methionine_2/20251208_221613_FB_OD600scan_96well_P0000000004_d12a6641-4d0c-48bd-aeac-668fa5facce1.csv","data/raw/growth_dynamics_b12_methionine/20251208_bacteria_b12_methionine_2/20251208_221613_FB_OD600scan_96well_P0000000004_d12a6641-4d0c-48bd-aeac-668fa5facce1.csv","instrument","plate-reader export","yes","git",2089,"ae1ae99fa18e7ca8b3e71bf7ca6ee35371813a8798188758ed5c561777f07a2b",""
"data/raw/growth_dynamics_b12_methionine/20251208_bacteria_b12_methionine_2/20251208_221912_FB_OD600scan_96well_P0000000003_d12a6641-4d0c-48bd-aeac-668fa5facce1.csv","data/raw/growth_dynamics_b12_methionine/20251208_bacteria_b12_methionine_2/20251208_221912_FB_OD600scan_96well_P0000000003_d12a6641-4d0c-48bd-aeac-668fa5facce1.csv","instrument","plate-reader export","yes","git",2089,"a40e7b2cec71e2d662231cfa52396fe8c5cc0fadce4763bbd0417471f06f0b78",""
"data/raw/growth_dynamics_b12_methionine/20251208_bacteria_b12_methionine_2/20251208_222212_FB_OD600scan_96well_P0000000028_d12a6641-4d0c-48bd-aeac-668fa5facce1.csv","data/raw/growth_dynamics_b12_methionine/20251208_bacteria_b12_methionine_2/20251208_222212_FB_OD600scan_96well_P0000000028_d12a6641-4d0c-48bd-aeac-668fa5facce1.csv","instrument","plate-reader export","yes","git",2089,"24ffe0261eb9cb200979ff22242fd3ba2a73e9ddb094571ad2a7636d7968a2a2",""
"data/raw/growth_dynamics_b12_methionine/20251208_bacteria_b12_methionine_2/20251208_222515_FB_OD600scan_96well_P0000000027_d12a6641-4d0c-48bd-aeac-668fa5facce1.csv","data/raw/growth_dynamics_b12_methionine/20251208_bacteria_b12_methionine_2/20251208_222515_FB_OD600scan_96well_P0000000027_d12a6641-4d0c-48bd-aeac-668fa5facce1.csv","instrument","plate-reader export","yes","git",2089,"8253f8c3ed4b877162758667fe4007a47e79d866ea4280b82822eb24013048cf",""
"data/raw/growth_dynamics_b12_methionine/20251208_bacteria_b12_methionine_2/20251208_222818_FB_OD600scan_96well_P0000000026_d12a6641-4d0c-48bd-aeac-668fa5facce1.csv","data/raw/growth_dynamics_b12_methionine/20251208_bacteria_b12_methionine_2/20251208_222818_FB_OD600scan_96well_P0000000026_d12a6641-4d0c-48bd-aeac-668fa5facce1.csv","instrument","plate-reader export","yes","git",2089,"edbb679575af046b38764aaa92a4286991f55f6f3e4139e00d18ed898e1f7e13",""
"data/raw/growth_dynamics_b12_methionine/20251208_bacteria_b12_methionine_2/20251208_223123_FB_OD600scan_96well_P0000000025_d12a6641-4d0c-48bd-aeac-668fa5facce1.csv","data/raw/growth_dynamics_b12_methionine/20251208_bacteria_b12_methionine_2/20251208_223123_FB_OD600scan_96well_P0000000025_d12a6641-4d0c-48bd-aeac-668fa5facce1.csv","instrument","plate-reader export","yes","git",2089,"1c50f74e2b82878ebd3f53950d0e605dd1aa2bdeae655679383d4de405d9fa10",""
"data/raw/growth_dynamics_b12_methionine/20251208_bacteria_b12_methionine_2/20251208_223427_FB_OD600scan_96well_P0000000024_d12a6641-4d0c-48bd-aeac-668fa5facce1.csv","data/raw/growth_dynamics_b12_methionine/20251208_bacteria_b12_methionine_2/20251208_223427_FB_OD600scan_96well_P0000000024_d12a6641-4d0c-48bd-aeac-668fa5facce1.csv","instrument","plate-reader export","yes","git",2089,"f43d14a1852d7523d6bc702dbd0ebced2cc6020ac5ff52e51544bba659fbef77",""
"data/raw/growth_dynamics_b12_methionine/20251208_bacteria_b12_methionine_2/20251208_223732_FB_OD600scan_96well_P0000000023_d12a6641-4d0c-48bd-aeac-668fa5facce1.csv","data/raw/growth_dynamics_b12_methionine/20251208_bacteria_b12_methionine_2/20251208_223732_FB_OD600scan_96well_P0000000023_d12a6641-4d0c-48bd-aeac-668fa5facce1.csv","instrument","plate-reader export","yes","git",2089,"0a7cb2dca39d6d2613b84499ea1d2541b69b840d1e4442c447d65dd27ec74438",""
"data/raw/growth_dynamics_b12_methionine/20251208_bacteria_b12_methionine_2/20251208_224037_FB_OD600scan_96well_P0000000022_d12a6641-4d0c-48bd-aeac-668fa5facce1.csv","data/raw/growth_dynamics_b12_methionine/20251208_bacteria_b12_methionine_2/20251208_224037_FB_OD600scan_96well_P0000000022_d12a6641-4d0c-48bd-aeac-668fa5facce1.csv","instrument","plate-reader export","yes","git",2089,"6cddd508af94f5de0a0599e4cb4f53e04003965b4a447a090219baa34246f9b3",""
"data/raw/growth_dynamics_b12_methionine/20251208_bacteria_b12_methionine_2/20251208_224343_FB_OD600scan_96well_P0000000021_d12a6641-4d0c-48bd-aeac-668fa5facce1.csv","data/raw/growth_dynamics_b12_methionine/20251208_bacteria_b12_methionine_2/20251208_224343_FB_OD600scan_96well_P0000000021_d12a6641-4d0c-48bd-aeac-668fa5facce1.csv","instrument","plate-reader export","yes","git",2089,"22e2568ffe1f124e636fc9c323c42ff9127bac5109246941c09184d5c7f7b9b6",""
"data/raw/growth_dynamics_b12_methionine/20251208_bacteria_b12_methionine_2/20251208_224650_FB_OD600scan_96well_P0000000020_d12a6641-4d0c-48bd-aeac-668fa5facce1.csv","data/raw/growth_dynamics_b12_methionine/20251208_bacteria_b12_methionine_2/20251208_224650_FB_OD600scan_96well_P0000000020_d12a6641-4d0c-48bd-aeac-668fa5facce1.csv","instrument","plate-reader export","yes","git",2089,"fc27967772cdda89c649099afadeaee0276748dd2a578b6f92f682b079167242",""
"data/raw/growth_dynamics_b12_methionine/20251208_bacteria_b12_methionine_2/20251208_224956_FB_OD600scan_96well_P0000000019_d12a6641-4d0c-48bd-aeac-668fa5facce1.csv","data/raw/growth_dynamics_b12_methionine/20251208_bacteria_b12_methionine_2/20251208_224956_FB_OD600scan_96well_P0000000019_d12a6641-4d0c-48bd-aeac-668fa5facce1.csv","instrument","plate-reader export","yes","git",2089,"32f038a5cd108dea993af3c5c5e0592a447fe7b9ca353e5a55b43fb932306655",""
"data/raw/growth_dynamics_b12_methionine/20251208_bacteria_b12_methionine_2/20251208_225302_FB_OD600scan_96well_P0000000018_d12a6641-4d0c-48bd-aeac-668fa5facce1.csv","data/raw/growth_dynamics_b12_methionine/20251208_bacteria_b12_methionine_2/20251208_225302_FB_OD600scan_96well_P0000000018_d12a6641-4d0c-48bd-aeac-668fa5facce1.csv","instrument","plate-reader export","yes","git",2089,"97e3de628ffefd4aec2ee98b57e5863a7a5091f1fad3f882fd810a33cbeebb47",""
"data/raw/growth_dynamics_b12_methionine/20251208_bacteria_b12_methionine_2/20251208_225608_FB_OD600scan_96well_P0000000017_d12a6641-4d0c-48bd-aeac-668fa5facce1.csv","data/raw/growth_dynamics_b12_methionine/20251208_bacteria_b12_methionine_2/20251208_225608_FB_OD600scan_96well_P0000000017_d12a6641-4d0c-48bd-aeac-668fa5facce1.csv","instrument","plate-reader export","yes","git",2089,"f363d9c8d898c31ea80adceabcba7eddaabce877aef44aa6ff198217f12525cb",""
"data/raw/growth_dynamics_b12_methionine/20251208_bacteria_b12_methionine_2/20251208_231914_FB_OD600scan_96well_P0000000015_d12a6641-4d0c-48bd-aeac-668fa5facce1.csv","data/raw/growth_dynamics_b12_methionine/20251208_bacteria_b12_methionine_2/20251208_231914_FB_OD600scan_96well_P0000000015_d12a6641-4d0c-48bd-aeac-668fa5facce1.csv","instrument","plate-reader export","yes","git",2089,"244bf3608af1bfe6554a6b562df1e4e527f967e9ee2842d8e1b5ad6f6ce14906",""
"data/raw/growth_dynamics_b12_methionine/20251208_bacteria_b12_methionine_2/20251208_232212_FB_OD600scan_96well_P0000000014_d12a6641-4d0c-48bd-aeac-668fa5facce1.csv","data/raw/growth_dynamics_b12_methionine/20251208_bacteria_b12_methionine_2/20251208_232212_FB_OD600scan_96well_P0000000014_d12a6641-4d0c-48bd-aeac-668fa5facce1.csv","instrument","plate-reader export","yes","git",2089,"917473b609b867d43a9301798b8bbe3d055e53b200056afc5f4d28a597d254b5",""
"data/raw/growth_dynamics_b12_methionine/20251208_bacteria_b12_methionine_2/20251208_232509_FB_OD600scan_96well_P0000000012_d12a6641-4d0c-48bd-aeac-668fa5facce1.csv","data/raw/growth_dynamics_b12_methionine/20251208_bacteria_b12_methionine_2/20251208_232509_FB_OD600scan_96well_P0000000012_d12a6641-4d0c-48bd-aeac-668fa5facce1.csv","instrument","plate-reader export","yes","git",2089,"86471d2c9d7e844ed90e161e1a46190a250fa5851e43eb34657b21d87846fdd7",""
"data/raw/growth_dynamics_b12_methionine/20251208_bacteria_b12_methionine_2/20251208_232806_FB_OD600scan_96well_P0000000011_d12a6641-4d0c-48bd-aeac-668fa5facce1.csv","data/raw/growth_dynamics_b12_methionine/20251208_bacteria_b12_methionine_2/20251208_232806_FB_OD600scan_96well_P0000000011_d12a6641-4d0c-48bd-aeac-668fa5facce1.csv","instrument","plate-reader export","yes","git",2089,"8b8597d8ff9416369f314a3613a7cf38c174f8638fda8908bb54798a7b5f69ce",""
"data/raw/growth_dynamics_b12_methionine/20251208_bacteria_b12_methionine_2/20251208_233106_FB_OD600scan_96well_P0000000010_d12a6641-4d0c-48bd-aeac-668fa5facce1.csv","data/raw/growth_dynamics_b12_methionine/20251208_bacteria_b12_methionine_2/20251208_233106_FB_OD600scan_96well_P0000000010_d12a6641-4d0c-48bd-aeac-668fa5facce1.csv","instrument","plate-reader export","yes","git",2089,"1b5c9434d0b685dcdb4cc0cfb93027f8248d94782a1ba79af61ac64d73ef0b61",""
"data/raw/growth_dynamics_b12_methionine/20251208_bacteria_b12_methionine_2/20251208_233406_FB_OD600scan_96well_P0000000009_d12a6641-4d0c-48bd-aeac-668fa5facce1.csv","data/raw/growth_dynamics_b12_methionine/20251208_bacteria_b12_methionine_2/20251208_233406_FB_OD600scan_96well_P0000000009_d12a6641-4d0c-48bd-aeac-668fa5facce1.csv","instrument","plate-reader export","yes","git",2089,"e55bf44fca638890afac27285e5e97f73d38b766999c36d5124f5547189aad29",""
"data/raw/growth_dynamics_b12_methionine/20251208_bacteria_b12_methionine_2/20251208_233706_FB_OD600scan_96well_P0000000008_d12a6641-4d0c-48bd-aeac-668fa5facce1.csv","data/raw/growth_dynamics_b12_methionine/20251208_bacteria_b12_methionine_2/20251208_233706_FB_OD600scan_96well_P0000000008_d12a6641-4d0c-48bd-aeac-668fa5facce1.csv","instrument","plate-reader export","yes","git",2089,"7fa55c158cf1bfe7dd1edad27236d694f3bd35e64e7e6660d9ac700a5685ae32",""
"data/raw/growth_dynamics_b12_methionine/20251208_bacteria_b12_methionine_2/20251208_234007_FB_OD600scan_96well_P0000000007_d12a6641-4d0c-48bd-aeac-668fa5facce1.csv","data/raw/growth_dynamics_b12_methionine/20251208_bacteria_b12_methionine_2/20251208_234007_FB_OD600scan_96well_P0000000007_d12a6641-4d0c-48bd-aeac-668fa5facce1.csv","instrument","plate-reader export","yes","git",2089,"592f7a4b59741371fff1e12e979598857185106c3a8bac215e5986546aa862cc",""
"data/raw/growth_dynamics_b12_methionine/20251208_bacteria_b12_methionine_2/20251208_234305_FB_OD600scan_96well_P0000000006_d12a6641-4d0c-48bd-aeac-668fa5facce1.csv","data/raw/growth_dynamics_b12_methionine/20251208_bacteria_b12_methionine_2/20251208_234305_FB_OD600scan_96well_P0000000006_d12a6641-4d0c-48bd-aeac-668fa5facce1.csv","instrument","plate-reader export","yes","git",2089,"2fbf78459a67a52aae141017fb5cb4ba2dc41ff3b172193d7f231c11e4fde07a",""
"data/raw/growth_dynamics_b12_methionine/20251208_bacteria_b12_methionine_2/20251208_234607_FB_OD600scan_96well_P0000000005_d12a6641-4d0c-48bd-aeac-668fa5facce1.csv","data/raw/growth_dynamics_b12_methionine/20251208_bacteria_b12_methionine_2/20251208_234607_FB_OD600scan_96well_P0000000005_d12a6641-4d0c-48bd-aeac-668fa5facce1.csv","instrument","plate-reader export","yes","git",2089,"0f1e5b0648549da0f6b9fd9d66383b0d07c156e9e411c21fed3577faccdd3a02",""
"data/raw/growth_dynamics_b12_methionine/20251208_bacteria_b12_methionine_2/20251208_234909_FB_OD600scan_96well_P0000000004_d12a6641-4d0c-48bd-aeac-668fa5facce1.csv","data/raw/growth_dynamics_b12_methionine/20251208_bacteria_b12_methionine_2/20251208_234909_FB_OD600scan_96well_P0000000004_d12a6641-4d0c-48bd-aeac-668fa5facce1.csv","instrument","plate-reader export","yes","git",2089,"5f542c7d67bc60ccfe54496456007541ea723f436615a4ffec4b3acfe2f6247a",""
"data/raw/growth_dynamics_b12_methionine/20251208_bacteria_b12_methionine_2/20251208_235211_FB_OD600scan_96well_P0000000003_d12a6641-4d0c-48bd-aeac-668fa5facce1.csv","data/raw/growth_dynamics_b12_methionine/20251208_bacteria_b12_methionine_2/20251208_235211_FB_OD600scan_96well_P0000000003_d12a6641-4d0c-48bd-aeac-668fa5facce1.csv","instrument","plate-reader export","yes","git",2089,"11e100f855008130600962ddd144b81e632ba95b23f3bd2a41a019ca4551c318",""
"data/raw/growth_dynamics_b12_methionine/20251208_bacteria_b12_methionine_2/20251208_235513_FB_OD600scan_96well_P0000000028_d12a6641-4d0c-48bd-aeac-668fa5facce1.csv","data/raw/growth_dynamics_b12_methionine/20251208_bacteria_b12_methionine_2/20251208_235513_FB_OD600scan_96well_P0000000028_d12a6641-4d0c-48bd-aeac-668fa5facce1.csv","instrument","plate-reader export","yes","git",2089,"bfe156e5b4df4c24d76f79f41626640718d4fd47f1391331346077c43d01f60e",""
"data/raw/growth_dynamics_b12_methionine/20251208_bacteria_b12_methionine_2/20251208_235817_FB_OD600scan_96well_P0000000027_d12a6641-4d0c-48bd-aeac-668fa5facce1.csv","data/raw/growth_dynamics_b12_methionine/20251208_bacteria_b12_methionine_2/20251208_235817_FB_OD600scan_96well_P0000000027_d12a6641-4d0c-48bd-aeac-668fa5facce1.csv","instrument","plate-reader export","yes","git",2089,"a4e885c6f742571166d03fcf93779702fefaff9d5bc5f754a2c69a9337f1fb0e",""
"data/raw/growth_dynamics_b12_methionine/20251208_bacteria_b12_methionine_2/20251209_000120_FB_OD600scan_96well_P0000000026_d12a6641-4d0c-48bd-aeac-668fa5facce1.csv","data/raw/growth_dynamics_b12_methionine/20251208_bacteria_b12_methionine_2/20251209_000120_FB_OD600scan_96well_P0000000026_d12a6641-4d0c-48bd-aeac-668fa5facce1.csv","instrument","plate-reader export","yes","git",2089,"983feaeabb2b065e0bc35d446cf1caf4eee15c3071675aaa779ab6fed2339dbf",""
"data/raw/growth_dynamics_b12_methionine/20251208_bacteria_b12_methionine_2/20251209_000422_FB_OD600scan_96well_P0000000025_d12a6641-4d0c-48bd-aeac-668fa5facce1.csv","data/raw/growth_dynamics_b12_methionine/20251208_bacteria_b12_methionine_2/20251209_000422_FB_OD600scan_96well_P0000000025_d12a6641-4d0c-48bd-aeac-668fa5facce1.csv","instrument","plate-reader export","yes","git",2089,"b4baf8ff959c5c20433e36f09910246285b12532bd16e52972af4e61095bf933",""
"data/raw/growth_dynamics_b12_methionine/20251208_bacteria_b12_methionine_2/20251209_000726_FB_OD600scan_96well_P0000000024_d12a6641-4d0c-48bd-aeac-668fa5facce1.csv","data/raw/growth_dynamics_b12_methionine/20251208_bacteria_b12_methionine_2/20251209_000726_FB_OD600scan_96well_P0000000024_d12a6641-4d0c-48bd-aeac-668fa5facce1.csv","instrument","plate-reader export","yes","git",2089,"07e6cb67189be5c3b2bb862eb53fa7ba44c08c93d8d51c1b9b9509bdaea3c1c0",""
"data/raw/growth_dynamics_b12_methionine/20251208_bacteria_b12_methionine_2/20251209_001029_FB_OD600scan_96well_P0000000023_d12a6641-4d0c-48bd-aeac-668fa5facce1.csv","data/raw/growth_dynamics_b12_methionine/20251208_bacteria_b12_methionine_2/20251209_001029_FB_OD600scan_96well_P0000000023_d12a6641-4d0c-48bd-aeac-668fa5facce1.csv","instrument","plate-reader export","yes","git",2089,"c005d9ccebb73fbfe212cac344997c74fc2fde3a1ff5120a3b6aba53838855fe",""
"data/raw/growth_dynamics_b12_methionine/20251208_bacteria_b12_methionine_2/20251209_001333_FB_OD600scan_96well_P0000000022_d12a6641-4d0c-48bd-aeac-668fa5facce1.csv","data/raw/growth_dynamics_b12_methionine/20251208_bacteria_b12_methionine_2/20251209_001333_FB_OD600scan_96well_P0000000022_d12a6641-4d0c-48bd-aeac-668fa5facce1.csv","instrument","plate-reader export","yes","git",2089,"dc6fca573a0df612b9e6732f8fed9bcc12b1c1f91c105a9ddd6975712fd379a2",""
"data/raw/growth_dynamics_b12_methionine/20251208_bacteria_b12_methionine_2/20251209_001635_FB_OD600scan_96well_P0000000021_d12a6641-4d0c-48bd-aeac-668fa5facce1.csv","data/raw/growth_dynamics_b12_methionine/20251208_bacteria_b12_methionine_2/20251209_001635_FB_OD600scan_96well_P0000000021_d12a6641-4d0c-48bd-aeac-668fa5facce1.csv","instrument","plate-reader export","yes","git",2089,"2d0e47380eeeeb630dcc9bef6e23d6924e683dbd3c3165d2c0ef19644d8d2754",""
"data/raw/growth_dynamics_b12_methionine/20251208_bacteria_b12_methionine_2/20251209_001941_FB_OD600scan_96well_P0000000020_d12a6641-4d0c-48bd-aeac-668fa5facce1.csv","data/raw/growth_dynamics_b12_methionine/20251208_bacteria_b12_methionine_2/20251209_001941_FB_OD600scan_96well_P0000000020_d12a6641-4d0c-48bd-aeac-668fa5facce1.csv","instrument","plate-reader export","yes","git",2089,"352a5f94a451b69d69a1bccfe669f94f4a30e1f226c11d0c1314d73682bc3d75",""
"data/raw/growth_dynamics_b12_methionine/20251208_bacteria_b12_methionine_2/20251209_002245_FB_OD600scan_96well_P0000000019_d12a6641-4d0c-48bd-aeac-668fa5facce1.csv","data/raw/growth_dynamics_b12_methionine/20251208_bacteria_b12_methionine_2/20251209_002245_FB_OD600scan_96well_P0000000019_d12a6641-4d0c-48bd-aeac-668fa5facce1.csv","instrument","plate-reader export","yes","git",2089,"1e6934d6c0b654c2b00fb8ba77ab1648223749e46292ca7d1a21a8abeafabc60",""
"data/raw/growth_dynamics_b12_methionine/20251208_bacteria_b12_methionine_2/20251209_002551_FB_OD600scan_96well_P0000000018_d12a6641-4d0c-48bd-aeac-668fa5facce1.csv","data/raw/growth_dynamics_b12_methionine/20251208_bacteria_b12_methionine_2/20251209_002551_FB_OD600scan_96well_P0000000018_d12a6641-4d0c-48bd-aeac-668fa5facce1.csv","instrument","plate-reader export","yes","git",2089,"d91fc2d513aa9c8b3282947d22a1de3e4b9f8190a7cb40306b2d2c2b00b3293b",""
"data/raw/growth_dynamics_b12_methionine/20251208_bacteria_b12_methionine_2/20251209_002857_FB_OD600scan_96well_P0000000017_d12a6641-4d0c-48bd-aeac-668fa5facce1.csv","data/raw/growth_dynamics_b12_methionine/20251208_bacteria_b12_methionine_2/20251209_002857_FB_OD600scan_96well_P0000000017_d12a6641-4d0c-48bd-aeac-668fa5facce1.csv","instrument","plate-reader export","yes","git",2089,"39f9319b47b6834a69d0ee73a8d0a138717c18f3f8f58444888d73e122be6816",""
"data/raw/growth_dynamics_b12_methionine/20251208_bacteria_b12_methionine_2/20251209_005202_FB_OD600scan_96well_P0000000015_d12a6641-4d0c-48bd-aeac-668fa5facce1.csv","data/raw/growth_dynamics_b12_methionine/20251208_bacteria_b12_methionine_2/20251209_005202_FB_OD600scan_96well_P0000000015_d12a6641-4d0c-48bd-aeac-668fa5facce1.csv","instrument","plate-reader export","yes","git",2089,"1ab42633505ca892d1a5907c180fef851735d70acaef51e60416ced82cdee21c",""
"data/raw/growth_dynamics_b12_methionine/20251208_bacteria_b12_methionine_2/20251209_005501_FB_OD600scan_96well_P0000000014_d12a6641-4d0c-48bd-aeac-668fa5facce1.csv","data/raw/growth_dynamics_b12_methionine/20251208_bacteria_b12_methionine_2/20251209_005501_FB_OD600scan_96well_P0000000014_d12a6641-4d0c-48bd-aeac-668fa5facce1.csv","instrument","plate-reader export","yes","git",2089,"89b5c031f77589a0e7b20b6bfb8a25f85a2fe5be16cf2a486d8314e1478d2fdb",""
"data/raw/growth_dynamics_b12_methionine/20251208_bacteria_b12_methionine_2/20251209_005757_FB_OD600scan_96well_P0000000012_d12a6641-4d0c-48bd-aeac-668fa5facce1.csv","data/raw/growth_dynamics_b12_methionine/20251208_bacteria_b12_methionine_2/20251209_005757_FB_OD600scan_96well_P0000000012_d12a6641-4d0c-48bd-aeac-668fa5facce1.csv","instrument","plate-reader export","yes","git",2089,"f522d3392275751d9a37245bd51180b9322560c7931ad0769d0db2f1110c7cf8",""
"data/raw/growth_dynamics_b12_methionine/20251208_bacteria_b12_methionine_2/20251209_010056_FB_OD600scan_96well_P0000000011_d12a6641-4d0c-48bd-aeac-668fa5facce1.csv","data/raw/growth_dynamics_b12_methionine/20251208_bacteria_b12_methionine_2/20251209_010056_FB_OD600scan_96well_P0000000011_d12a6641-4d0c-48bd-aeac-668fa5facce1.csv","instrument","plate-reader export","yes","git",2089,"ada220539a182c858cf2520f573dede3d9e583dc05240f2c18ac5fccb14a5c1d",""
"data/raw/growth_dynamics_b12_methionine/20251208_bacteria_b12_methionine_2/20251209_010356_FB_OD600scan_96well_P0000000010_d12a6641-4d0c-48bd-aeac-668fa5facce1.csv","data/raw/growth_dynamics_b12_methionine/20251208_bacteria_b12_methionine_2/20251209_010356_FB_OD600scan_96well_P0000000010_d12a6641-4d0c-48bd-aeac-668fa5facce1.csv","instrument","plate-reader export","yes","git",2088,"949d03ff95c13a7205f601a91ba05b7a89b8dcf0b8956a8dbdbfcdaa710e0fc7",""
"data/raw/growth_dynamics_b12_methionine/20251208_bacteria_b12_methionine_2/20251209_010653_FB_OD600scan_96well_P0000000009_d12a6641-4d0c-48bd-aeac-668fa5facce1.csv","data/raw/growth_dynamics_b12_methionine/20251208_bacteria_b12_methionine_2/20251209_010653_FB_OD600scan_96well_P0000000009_d12a6641-4d0c-48bd-aeac-668fa5facce1.csv","instrument","plate-reader export","yes","git",2088,"cc084cb49c0aa0620fea21cda8866e59d2559538ee2d792ebcff7bca487b7a85",""
"data/raw/growth_dynamics_b12_methionine/20251208_bacteria_b12_methionine_2/20251209_010954_FB_OD600scan_96well_P0000000008_d12a6641-4d0c-48bd-aeac-668fa5facce1.csv","data/raw/growth_dynamics_b12_methionine/20251208_bacteria_b12_methionine_2/20251209_010954_FB_OD600scan_96well_P0000000008_d12a6641-4d0c-48bd-aeac-668fa5facce1.csv","instrument","plate-reader export","yes","git",2088,"1826bdc5a7a3b22f3768a310d1dd8688e8dddca358a37d23e2a05761d08a5952",""
"data/raw/growth_dynamics_b12_methionine/20251208_bacteria_b12_methionine_2/20251209_011255_FB_OD600scan_96well_P0000000007_d12a6641-4d0c-48bd-aeac-668fa5facce1.csv","data/raw/growth_dynamics_b12_methionine/20251208_bacteria_b12_methionine_2/20251209_011255_FB_OD600scan_96well_P0000000007_d12a6641-4d0c-48bd-aeac-668fa5facce1.csv","instrument","plate-reader export","yes","git",2088,"b14eeb6931a82ca513a3c1e966ba72a8c11a1c007bb487c17749fe1a688d9ec9",""
"data/raw/growth_dynamics_b12_methionine/20251208_bacteria_b12_methionine_2/20251209_011553_FB_OD600scan_96well_P0000000006_d12a6641-4d0c-48bd-aeac-668fa5facce1.csv","data/raw/growth_dynamics_b12_methionine/20251208_bacteria_b12_methionine_2/20251209_011553_FB_OD600scan_96well_P0000000006_d12a6641-4d0c-48bd-aeac-668fa5facce1.csv","instrument","plate-reader export","yes","git",2088,"f3c92c7a49c6779cd6dbb5750478209af191136cf0b4c019047dbdb12c807708",""
"data/raw/growth_dynamics_b12_methionine/20251208_bacteria_b12_methionine_2/20251209_011851_FB_OD600scan_96well_P0000000005_d12a6641-4d0c-48bd-aeac-668fa5facce1.csv","data/raw/growth_dynamics_b12_methionine/20251208_bacteria_b12_methionine_2/20251209_011851_FB_OD600scan_96well_P0000000005_d12a6641-4d0c-48bd-aeac-668fa5facce1.csv","instrument","plate-reader export","yes","git",2088,"ac06dff52fb9c68469fc0c367406452b2df7d399cf0be90d6ff7f34334c3b695",""
"data/raw/growth_dynamics_b12_methionine/20251208_bacteria_b12_methionine_2/20251209_012153_FB_OD600scan_96well_P0000000004_d12a6641-4d0c-48bd-aeac-668fa5facce1.csv","data/raw/growth_dynamics_b12_methionine/20251208_bacteria_b12_methionine_2/20251209_012153_FB_OD600scan_96well_P0000000004_d12a6641-4d0c-48bd-aeac-668fa5facce1.csv","instrument","plate-reader export","yes","git",2088,"6dab8350b92d9b7b129f5b09a9d8349074e8a634330faa18fb64152803452568",""
"data/raw/growth_dynamics_b12_methionine/20251208_bacteria_b12_methionine_2/20251209_012456_FB_OD600scan_96well_P0000000003_d12a6641-4d0c-48bd-aeac-668fa5facce1.csv","data/raw/growth_dynamics_b12_methionine/20251208_bacteria_b12_methionine_2/20251209_012456_FB_OD600scan_96well_P0000000003_d12a6641-4d0c-48bd-aeac-668fa5facce1.csv","instrument","plate-reader export","yes","git",2088,"f0779a1f7c36346eaa126d41e8a31b7d3474a1e9c5a932afa967e4f9ba7f5d1c",""
"data/raw/growth_dynamics_b12_methionine/20251208_bacteria_b12_methionine_2/20251209_012759_FB_OD600scan_96well_P0000000028_d12a6641-4d0c-48bd-aeac-668fa5facce1.csv","data/raw/growth_dynamics_b12_methionine/20251208_bacteria_b12_methionine_2/20251209_012759_FB_OD600scan_96well_P0000000028_d12a6641-4d0c-48bd-aeac-668fa5facce1.csv","instrument","plate-reader export","yes","git",2088,"10daf7a5b589689d17898abc696027b9f5040f667a0d56179493fa5c82540f6e",""
"data/raw/growth_dynamics_b12_methionine/20251208_bacteria_b12_methionine_2/20251209_013059_FB_OD600scan_96well_P0000000027_d12a6641-4d0c-48bd-aeac-668fa5facce1.csv","data/raw/growth_dynamics_b12_methionine/20251208_bacteria_b12_methionine_2/20251209_013059_FB_OD600scan_96well_P0000000027_d12a6641-4d0c-48bd-aeac-668fa5facce1.csv","instrument","plate-reader export","yes","git",2088,"9a80ac45c713239d6e61d466b80e63bf96c705b72eee2c4719709e6ca9f6687b",""
"data/raw/growth_dynamics_b12_methionine/20251208_bacteria_b12_methionine_2/20251209_013400_FB_OD600scan_96well_P0000000026_d12a6641-4d0c-48bd-aeac-668fa5facce1.csv","data/raw/growth_dynamics_b12_methionine/20251208_bacteria_b12_methionine_2/20251209_013400_FB_OD600scan_96well_P0000000026_d12a6641-4d0c-48bd-aeac-668fa5facce1.csv","instrument","plate-reader export","yes","git",2088,"dc1b6b31644fd3fabe882d70ba7f767c1af625c713a8c031cf29627c6a844c98",""
"data/raw/growth_dynamics_b12_methionine/20251208_bacteria_b12_methionine_2/20251209_013705_FB_OD600scan_96well_P0000000025_d12a6641-4d0c-48bd-aeac-668fa5facce1.csv","data/raw/growth_dynamics_b12_methionine/20251208_bacteria_b12_methionine_2/20251209_013705_FB_OD600scan_96well_P0000000025_d12a6641-4d0c-48bd-aeac-668fa5facce1.csv","instrument","plate-reader export","yes","git",2088,"f7dec107f221fd71797b12789d3a324e70f4dce9fff284654a03a6719be37d66",""
"data/raw/growth_dynamics_b12_methionine/20251208_bacteria_b12_methionine_2/20251209_014010_FB_OD600scan_96well_P0000000024_d12a6641-4d0c-48bd-aeac-668fa5facce1.csv","data/raw/growth_dynamics_b12_methionine/20251208_bacteria_b12_methionine_2/20251209_014010_FB_OD600scan_96well_P0000000024_d12a6641-4d0c-48bd-aeac-668fa5facce1.csv","instrument","plate-reader export","yes","git",2088,"dac3f05a3557e6842cf13d1bde40d02af3f928189bbdb9be56608a4708bc85d5",""
"data/raw/growth_dynamics_b12_methionine/20251208_bacteria_b12_methionine_2/20251209_014312_FB_OD600scan_96well_P0000000023_d12a6641-4d0c-48bd-aeac-668fa5facce1.csv","data/raw/growth_dynamics_b12_methionine/20251208_bacteria_b12_methionine_2/20251209_014312_FB_OD600scan_96well_P0000000023_d12a6641-4d0c-48bd-aeac-668fa5facce1.csv","instrument","plate-reader export","yes","git",2088,"54afa5b7c79a4625255bc09593ea5798443d59f5d6cfc76eee270a4a19899386",""
"data/raw/growth_dynamics_b12_methionine/20251208_bacteria_b12_methionine_2/20251209_014614_FB_OD600scan_96well_P0000000022_d12a6641-4d0c-48bd-aeac-668fa5facce1.csv","data/raw/growth_dynamics_b12_methionine/20251208_bacteria_b12_methionine_2/20251209_014614_FB_OD600scan_96well_P0000000022_d12a6641-4d0c-48bd-aeac-668fa5facce1.csv","instrument","plate-reader export","yes","git",2088,"67dad4802872c14bf5dbda794fb60737fcd2de3d95af99eca302fcf0b2c9ba65",""
"data/raw/growth_dynamics_b12_methionine/20251208_bacteria_b12_methionine_2/20251209_014916_FB_OD600scan_96well_P0000000021_d12a6641-4d0c-48bd-aeac-668fa5facce1.csv","data/raw/growth_dynamics_b12_methionine/20251208_bacteria_b12_methionine_2/20251209_014916_FB_OD600scan_96well_P0000000021_d12a6641-4d0c-48bd-aeac-668fa5facce1.csv","instrument","plate-reader export","yes","git",2088,"4e12ddadab193bdf8112bc2d7c8f046242ad9e4e90b8d9f5c884f019fa4ff6fa",""
"data/raw/growth_dynamics_b12_methionine/20251208_bacteria_b12_methionine_2/20251209_015219_FB_OD600scan_96well_P0000000020_d12a6641-4d0c-48bd-aeac-668fa5facce1.csv","data/raw/growth_dynamics_b12_methionine/20251208_bacteria_b12_methionine_2/20251209_015219_FB_OD600scan_96well_P0000000020_d12a6641-4d0c-48bd-aeac-668fa5facce1.csv","instrument","plate-reader export","yes","git",2088,"c3feb23432ab092c015a5eb919fdea6d7df4c5534d0c1c9c154e500813c2476f",""
"data/raw/growth_dynamics_b12_methionine/20251208_bacteria_b12_methionine_2/20251209_015525_FB_OD600scan_96well_P0000000019_d12a6641-4d0c-48bd-aeac-668fa5facce1.csv","data/raw/growth_dynamics_b12_methionine/20251208_bacteria_b12_methionine_2/20251209_015525_FB_OD600scan_96well_P0000000019_d12a6641-4d0c-48bd-aeac-668fa5facce1.csv","instrument","plate-reader export","yes","git",2088,"df86df0e1f448fc0398a067dd2a074e64bf4bddee8797fc3c947cdebfcc723c8",""
"data/raw/growth_dynamics_b12_methionine/20251208_bacteria_b12_methionine_2/20251209_015831_FB_OD600scan_96well_P0000000018_d12a6641-4d0c-48bd-aeac-668fa5facce1.csv","data/raw/growth_dynamics_b12_methionine/20251208_bacteria_b12_methionine_2/20251209_015831_FB_OD600scan_96well_P0000000018_d12a6641-4d0c-48bd-aeac-668fa5facce1.csv","instrument","plate-reader export","yes","git",2088,"b9605f1f6d52270dca42b47f1339dfc40ab1e4ebc696e96e886f408390f0ec09",""
"data/raw/growth_dynamics_b12_methionine/20251208_bacteria_b12_methionine_2/20251209_020138_FB_OD600scan_96well_P0000000017_d12a6641-4d0c-48bd-aeac-668fa5facce1.csv","data/raw/growth_dynamics_b12_methionine/20251208_bacteria_b12_methionine_2/20251209_020138_FB_OD600scan_96well_P0000000017_d12a6641-4d0c-48bd-aeac-668fa5facce1.csv","instrument","plate-reader export","yes","git",2088,"f0fe4bfe8e15f59c8b078410d331c4c1dab0c96e805e65bdd1a58cca0c20c96b",""
"data/raw/growth_dynamics_b12_methionine/20251208_bacteria_b12_methionine_2/20251209_022440_FB_OD600scan_96well_P0000000015_d12a6641-4d0c-48bd-aeac-668fa5facce1.csv","data/raw/growth_dynamics_b12_methionine/20251208_bacteria_b12_methionine_2/20251209_022440_FB_OD600scan_96well_P0000000015_d12a6641-4d0c-48bd-aeac-668fa5facce1.csv","instrument","plate-reader export","yes","git",2088,"d757329b2b318f6e1f9b6bef162a14f22a3ad85a974e0692f625456a4c4acd8d",""
"data/raw/growth_dynamics_b12_methionine/20251208_bacteria_b12_methionine_2/20251209_022736_FB_OD600scan_96well_P0000000014_d12a6641-4d0c-48bd-aeac-668fa5facce1.csv","data/raw/growth_dynamics_b12_methionine/20251208_bacteria_b12_methionine_2/20251209_022736_FB_OD600scan_96well_P0000000014_d12a6641-4d0c-48bd-aeac-668fa5facce1.csv","instrument","plate-reader export","yes","git",2088,"c2865ee0fda518249fc52c14f980efe6380a0d66ab9fc0968c5624d3cb462f68",""
"data/raw/growth_dynamics_b12_methionine/20251208_bacteria_b12_methionine_2/20251209_023032_FB_OD600scan_96well_P0000000012_d12a6641-4d0c-48bd-aeac-668fa5facce1.csv","data/raw/growth_dynamics_b12_methionine/20251208_bacteria_b12_methionine_2/20251209_023032_FB_OD600scan_96well_P0000000012_d12a6641-4d0c-48bd-aeac-668fa5facce1.csv","instrument","plate-reader export","yes","git",2088,"63161e2700051124094acabd24733dfac6ac756f5eb7ed64bca3ad58ee5b18eb",""
"data/raw/growth_dynamics_b12_methionine/20251208_bacteria_b12_methionine_2/20251209_023332_FB_OD600scan_96well_P0000000011_d12a6641-4d0c-48bd-aeac-668fa5facce1.csv","data/raw/growth_dynamics_b12_methionine/20251208_bacteria_b12_methionine_2/20251209_023332_FB_OD600scan_96well_P0000000011_d12a6641-4d0c-48bd-aeac-668fa5facce1.csv","instrument","plate-reader export","yes","git",2088,"d350557494e4d287299a41d459192085fb643231a01797eeba19d5d009dea4c3",""
"data/raw/growth_dynamics_b12_methionine/20251208_bacteria_b12_methionine_2/20251209_023631_FB_OD600scan_96well_P0000000010_d12a6641-4d0c-48bd-aeac-668fa5facce1.csv","data/raw/growth_dynamics_b12_methionine/20251208_bacteria_b12_methionine_2/20251209_023631_FB_OD600scan_96well_P0000000010_d12a6641-4d0c-48bd-aeac-668fa5facce1.csv","instrument","plate-reader export","yes","git",2088,"fa75c91d1709139da9369ed797a1fc7a076eb3001e8773a310d00de7c90299dd",""
"data/raw/growth_dynamics_b12_methionine/20251208_bacteria_b12_methionine_2/20251209_023933_FB_OD600scan_96well_P0000000009_d12a6641-4d0c-48bd-aeac-668fa5facce1.csv","data/raw/growth_dynamics_b12_methionine/20251208_bacteria_b12_methionine_2/20251209_023933_FB_OD600scan_96well_P0000000009_d12a6641-4d0c-48bd-aeac-668fa5facce1.csv","instrument","plate-reader export","yes","git",2088,"e4bb9d8a84d67b7efc10abc93507423743b6519084376106783eec6dc5a2f49b",""
"data/raw/growth_dynamics_b12_methionine/20251208_bacteria_b12_methionine_2/20251209_024230_FB_OD600scan_96well_P0000000008_d12a6641-4d0c-48bd-aeac-668fa5facce1.csv","data/raw/growth_dynamics_b12_methionine/20251208_bacteria_b12_methionine_2/20251209_024230_FB_OD600scan_96well_P0000000008_d12a6641-4d0c-48bd-aeac-668fa5facce1.csv","instrument","plate-reader export","yes","git",2088,"2ca9720be9daef654f5ed458b4dc4052953f63d8e5384bec44f23873a0553d3a",""
"data/raw/growth_dynamics_b12_methionine/20251208_bacteria_b12_methionine_2/20251209_024531_FB_OD600scan_96well_P0000000007_d12a6641-4d0c-48bd-aeac-668fa5facce1.csv","data/raw/growth_dynamics_b12_methionine/20251208_bacteria_b12_methionine_2/20251209_024531_FB_OD600scan_96well_P0000000007_d12a6641-4d0c-48bd-aeac-668fa5facce1.csv","instrument","plate-reader export","yes","git",2088,"1f4070bc341c787de3cdba544d00f5481b9fa7a357c681b6a2418b9d9c98e418",""
"data/raw/growth_dynamics_b12_methionine/20251208_bacteria_b12_methionine_2/20251209_024833_FB_OD600scan_96well_P0000000006_d12a6641-4d0c-48bd-aeac-668fa5facce1.csv","data/raw/growth_dynamics_b12_methionine/20251208_bacteria_b12_methionine_2/20251209_024833_FB_OD600scan_96well_P0000000006_d12a6641-4d0c-48bd-aeac-668fa5facce1.csv","instrument","plate-reader export","yes","git",2088,"6e4c8f4ebd5610a5b52231e38802383be439fbac79e6c30f54085a414b5c8f96",""
"data/raw/growth_dynamics_b12_methionine/20251208_bacteria_b12_methionine_2/20251209_025131_FB_OD600scan_96well_P0000000005_d12a6641-4d0c-48bd-aeac-668fa5facce1.csv","data/raw/growth_dynamics_b12_methionine/20251208_bacteria_b12_methionine_2/20251209_025131_FB_OD600scan_96well_P0000000005_d12a6641-4d0c-48bd-aeac-668fa5facce1.csv","instrument","plate-reader export","yes","git",2088,"daab8ac7e78b9c9c11b531a4441b60d295bf8752f441d8a4a93bf9540ad34447",""
"data/raw/growth_dynamics_b12_methionine/20251208_bacteria_b12_methionine_2/20251209_025432_FB_OD600scan_96well_P0000000004_d12a6641-4d0c-48bd-aeac-668fa5facce1.csv","data/raw/growth_dynamics_b12_methionine/20251208_bacteria_b12_methionine_2/20251209_025432_FB_OD600scan_96well_P0000000004_d12a6641-4d0c-48bd-aeac-668fa5facce1.csv","instrument","plate-reader export","yes","git",2088,"b1fb4095a9deb02d84011c776129216a802984fc6c17a659c69159587b4b7515",""
"data/raw/growth_dynamics_b12_methionine/20251208_bacteria_b12_methionine_2/20251209_025734_FB_OD600scan_96well_P0000000003_d12a6641-4d0c-48bd-aeac-668fa5facce1.csv","data/raw/growth_dynamics_b12_methionine/20251208_bacteria_b12_methionine_2/20251209_025734_FB_OD600scan_96well_P0000000003_d12a6641-4d0c-48bd-aeac-668fa5facce1.csv","instrument","plate-reader export","yes","git",2088,"a19b1280fb508a092ab2bac7f3801635d2c10525ad9868fde8e05673aeaf6585",""
"data/raw/growth_dynamics_b12_methionine/20251208_bacteria_b12_methionine_2/20251209_030036_FB_OD600scan_96well_P0000000028_d12a6641-4d0c-48bd-aeac-668fa5facce1.csv","data/raw/growth_dynamics_b12_methionine/20251208_bacteria_b12_methionine_2/20251209_030036_FB_OD600scan_96well_P0000000028_d12a6641-4d0c-48bd-aeac-668fa5facce1.csv","instrument","plate-reader export","yes","git",2088,"6639e2f18a9da9c7b1d36d1f2a1aed6f7af85452df1d73f5da0fa7ec47179b44",""
"data/raw/growth_dynamics_b12_methionine/20251208_bacteria_b12_methionine_2/20251209_030340_FB_OD600scan_96well_P0000000027_d12a6641-4d0c-48bd-aeac-668fa5facce1.csv","data/raw/growth_dynamics_b12_methionine/20251208_bacteria_b12_methionine_2/20251209_030340_FB_OD600scan_96well_P0000000027_d12a6641-4d0c-48bd-aeac-668fa5facce1.csv","instrument","plate-reader export","yes","git",2088,"88022be2ba7ace6d567d8277a12b8aebabb2790c1928bf60303e7ca2911ed016",""
"data/raw/growth_dynamics_b12_methionine/20251208_bacteria_b12_methionine_2/20251209_030641_FB_OD600scan_96well_P0000000026_d12a6641-4d0c-48bd-aeac-668fa5facce1.csv","data/raw/growth_dynamics_b12_methionine/20251208_bacteria_b12_methionine_2/20251209_030641_FB_OD600scan_96well_P0000000026_d12a6641-4d0c-48bd-aeac-668fa5facce1.csv","instrument","plate-reader export","yes","git",2088,"69aa4ad3c032f4b360910eb975d1c3b8d9d0523a3ffa341bc083790e0dffb6c0",""
"data/raw/growth_dynamics_b12_methionine/20251208_bacteria_b12_methionine_2/20251209_030943_FB_OD600scan_96well_P0000000025_d12a6641-4d0c-48bd-aeac-668fa5facce1.csv","data/raw/growth_dynamics_b12_methionine/20251208_bacteria_b12_methionine_2/20251209_030943_FB_OD600scan_96well_P0000000025_d12a6641-4d0c-48bd-aeac-668fa5facce1.csv","instrument","plate-reader export","yes","git",2088,"f55e0732e84f59804f976b2d3827d1d61598ee890c8402ec63ab1c73afbe46ee",""
"data/raw/growth_dynamics_b12_methionine/20251208_bacteria_b12_methionine_2/20251209_031244_FB_OD600scan_96well_P0000000024_d12a6641-4d0c-48bd-aeac-668fa5facce1.csv","data/raw/growth_dynamics_b12_methionine/20251208_bacteria_b12_methionine_2/20251209_031244_FB_OD600scan_96well_P0000000024_d12a6641-4d0c-48bd-aeac-668fa5facce1.csv","instrument","plate-reader export","yes","git",2088,"5c7a0b090bb70cdb72a82421804ed24296973f95ccbc89909068a8dff32876f3",""
"data/raw/growth_dynamics_b12_methionine/20251208_bacteria_b12_methionine_2/20251209_031549_FB_OD600scan_96well_P0000000023_d12a6641-4d0c-48bd-aeac-668fa5facce1.csv","data/raw/growth_dynamics_b12_methionine/20251208_bacteria_b12_methionine_2/20251209_031549_FB_OD600scan_96well_P0000000023_d12a6641-4d0c-48bd-aeac-668fa5facce1.csv","instrument","plate-reader export","yes","git",2088,"f304aa6d48c9f93ceb851a7f1d42095b806de19c5286d2530d53ce00af6bd4ce",""
"data/raw/growth_dynamics_b12_methionine/20251208_bacteria_b12_methionine_2/20251209_031851_FB_OD600scan_96well_P0000000022_d12a6641-4d0c-48bd-aeac-668fa5facce1.csv","data/raw/growth_dynamics_b12_methionine/20251208_bacteria_b12_methionine_2/20251209_031851_FB_OD600scan_96well_P0000000022_d12a6641-4d0c-48bd-aeac-668fa5facce1.csv","instrument","plate-reader export","yes","git",2088,"443d628abce5d18f49b0aef9d8fc3abdbe8115c2cc31e145110b9294f05946b7",""
"data/raw/growth_dynamics_b12_methionine/20251208_bacteria_b12_methionine_2/20251209_032153_FB_OD600scan_96well_P0000000021_d12a6641-4d0c-48bd-aeac-668fa5facce1.csv","data/raw/growth_dynamics_b12_methionine/20251208_bacteria_b12_methionine_2/20251209_032153_FB_OD600scan_96well_P0000000021_d12a6641-4d0c-48bd-aeac-668fa5facce1.csv","instrument","plate-reader export","yes","git",2088,"47f63be200d20d567168ecc83ebf3c30313ce3b4c4ef4ba02b057f2f0bd281ae",""
"data/raw/growth_dynamics_b12_methionine/20251208_bacteria_b12_methionine_2/20251209_032459_FB_OD600scan_96well_P0000000020_d12a6641-4d0c-48bd-aeac-668fa5facce1.csv","data/raw/growth_dynamics_b12_methionine/20251208_bacteria_b12_methionine_2/20251209_032459_FB_OD600scan_96well_P0000000020_d12a6641-4d0c-48bd-aeac-668fa5facce1.csv","instrument","plate-reader export","yes","git",2088,"8611a1b7d492e7839475187a77ca96a6ba4380b7e8a261f3effa16ee7e8bf89d",""
"data/raw/growth_dynamics_b12_methionine/20251208_bacteria_b12_methionine_2/20251209_032805_FB_OD600scan_96well_P0000000019_d12a6641-4d0c-48bd-aeac-668fa5facce1.csv","data/raw/growth_dynamics_b12_methionine/20251208_bacteria_b12_methionine_2/20251209_032805_FB_OD600scan_96well_P0000000019_d12a6641-4d0c-48bd-aeac-668fa5facce1.csv","instrument","plate-reader export","yes","git",2088,"cfa86bcbd9937817bd194d967a075c928c2bddba11a90fa5008b9a78445bd2a9",""
"data/raw/growth_dynamics_b12_methionine/20251208_bacteria_b12_methionine_2/20251209_033110_FB_OD600scan_96well_P0000000018_d12a6641-4d0c-48bd-aeac-668fa5facce1.csv","data/raw/growth_dynamics_b12_methionine/20251208_bacteria_b12_methionine_2/20251209_033110_FB_OD600scan_96well_P0000000018_d12a6641-4d0c-48bd-aeac-668fa5facce1.csv","instrument","plate-reader export","yes","git",2088,"05b400bcb363621d8452d0546ea4ddaeee774b4fdf1a42ec7c8873f2cb7d9583",""
"data/raw/growth_dynamics_b12_methionine/20251208_bacteria_b12_methionine_2/20251209_033414_FB_OD600scan_96well_P0000000017_d12a6641-4d0c-48bd-aeac-668fa5facce1.csv","data/raw/growth_dynamics_b12_methionine/20251208_bacteria_b12_methionine_2/20251209_033414_FB_OD600scan_96well_P0000000017_d12a6641-4d0c-48bd-aeac-668fa5facce1.csv","instrument","plate-reader export","yes","git",2088,"657de8beb00ee1123650d32b3bc9f7076868ea8b36ebacaeeb8588b38a39935d",""
"data/raw/growth_dynamics_b12_methionine/20251208_bacteria_b12_methionine_2/20251209_035718_FB_OD600scan_96well_P0000000015_d12a6641-4d0c-48bd-aeac-668fa5facce1.csv","data/raw/growth_dynamics_b12_methionine/20251208_bacteria_b12_methionine_2/20251209_035718_FB_OD600scan_96well_P0000000015_d12a6641-4d0c-48bd-aeac-668fa5facce1.csv","instrument","plate-reader export","yes","git",2088,"f1638369c76690982fd5ba7786158912d311796662195b96b35719e6a8769575",""
"data/raw/growth_dynamics_b12_methionine/20251208_bacteria_b12_methionine_2/20251209_040013_FB_OD600scan_96well_P0000000014_d12a6641-4d0c-48bd-aeac-668fa5facce1.csv","data/raw/growth_dynamics_b12_methionine/20251208_bacteria_b12_methionine_2/20251209_040013_FB_OD600scan_96well_P0000000014_d12a6641-4d0c-48bd-aeac-668fa5facce1.csv","instrument","plate-reader export","yes","git",2088,"53980d38b23ddd9792264aaa678a9046b8bcfae0c34035aba8734d5a69ccf06a",""
"data/raw/growth_dynamics_b12_methionine/20251208_bacteria_b12_methionine_2/20251209_040309_FB_OD600scan_96well_P0000000012_d12a6641-4d0c-48bd-aeac-668fa5facce1.csv","data/raw/growth_dynamics_b12_methionine/20251208_bacteria_b12_methionine_2/20251209_040309_FB_OD600scan_96well_P0000000012_d12a6641-4d0c-48bd-aeac-668fa5facce1.csv","instrument","plate-reader export","yes","git",2088,"9e8724682a38ffa65e4c0878cc877727ae65a2d2884ac0680b30fd42ff512e03",""
"data/raw/growth_dynamics_b12_methionine/20251208_bacteria_b12_methionine_2/20251209_040606_FB_OD600scan_96well_P0000000011_d12a6641-4d0c-48bd-aeac-668fa5facce1.csv","data/raw/growth_dynamics_b12_methionine/20251208_bacteria_b12_methionine_2/20251209_040606_FB_OD600scan_96well_P0000000011_d12a6641-4d0c-48bd-aeac-668fa5facce1.csv","instrument","plate-reader export","yes","git",2088,"f552ebcc8a4938fae920de5d050b25213573ef8b2cbc4ada31663892536a4e4e",""
"data/raw/growth_dynamics_b12_methionine/20251208_bacteria_b12_methionine_2/20251209_040906_FB_OD600scan_96well_P0000000010_d12a6641-4d0c-48bd-aeac-668fa5facce1.csv","data/raw/growth_dynamics_b12_methionine/20251208_bacteria_b12_methionine_2/20251209_040906_FB_OD600scan_96well_P0000000010_d12a6641-4d0c-48bd-aeac-668fa5facce1.csv","instrument","plate-reader export","yes","git",2088,"381108c8478a8ee21d3426f13ae4ec3286392d477aa0ba0649b822720dd16abe",""
"data/raw/growth_dynamics_b12_methionine/20251208_bacteria_b12_methionine_2/20251209_041204_FB_OD600scan_96well_P0000000009_d12a6641-4d0c-48bd-aeac-668fa5facce1.csv","data/raw/growth_dynamics_b12_methionine/20251208_bacteria_b12_methionine_2/20251209_041204_FB_OD600scan_96well_P0000000009_d12a6641-4d0c-48bd-aeac-668fa5facce1.csv","instrument","plate-reader export","yes","git",2088,"9aec28e48e690a8390b298abd96c13fd3c358e4467fb16afd30a7602cd3c3c9c",""
"data/raw/growth_dynamics_b12_methionine/20251208_bacteria_b12_methionine_2/20251209_041505_FB_OD600scan_96well_P0000000008_d12a6641-4d0c-48bd-aeac-668fa5facce1.csv","data/raw/growth_dynamics_b12_methionine/20251208_bacteria_b12_methionine_2/20251209_041505_FB_OD600scan_96well_P0000000008_d12a6641-4d0c-48bd-aeac-668fa5facce1.csv","instrument","plate-reader export","yes","git",2088,"da5a2ac6ccb7e655f2b206f2239b8325ff874ebdeb2da8002d2a6b12ca07421d",""
"data/raw/growth_dynamics_b12_methionine/20251208_bacteria_b12_methionine_2/20251209_041803_FB_OD600scan_96well_P0000000007_d12a6641-4d0c-48bd-aeac-668fa5facce1.csv","data/raw/growth_dynamics_b12_methionine/20251208_bacteria_b12_methionine_2/20251209_041803_FB_OD600scan_96well_P0000000007_d12a6641-4d0c-48bd-aeac-668fa5facce1.csv","instrument","plate-reader export","yes","git",2088,"3d20da675b413fc647acb87aa9f6946da3d1660992a60a517e9c2f25a4fb1b3d",""
"data/raw/growth_dynamics_b12_methionine/20251208_bacteria_b12_methionine_2/20251209_042103_FB_OD600scan_96well_P0000000006_d12a6641-4d0c-48bd-aeac-668fa5facce1.csv","data/raw/growth_dynamics_b12_methionine/20251208_bacteria_b12_methionine_2/20251209_042103_FB_OD600scan_96well_P0000000006_d12a6641-4d0c-48bd-aeac-668fa5facce1.csv","instrument","plate-reader export","yes","git",2088,"1351144e3862b58caa6e4909312ce78f98c99fafa8cf8d32970580d2c24f5aa5",""
"data/raw/growth_dynamics_b12_methionine/20251208_bacteria_b12_methionine_2/20251209_042402_FB_OD600scan_96well_P0000000005_d12a6641-4d0c-48bd-aeac-668fa5facce1.csv","data/raw/growth_dynamics_b12_methionine/20251208_bacteria_b12_methionine_2/20251209_042402_FB_OD600scan_96well_P0000000005_d12a6641-4d0c-48bd-aeac-668fa5facce1.csv","instrument","plate-reader export","yes","git",2088,"d927200731e668b8d08dfb6d9eadbd01ca68f79d2b1beac7ccf598f73bdd5658",""
"data/raw/growth_dynamics_b12_methionine/20251208_bacteria_b12_methionine_2/20251209_042703_FB_OD600scan_96well_P0000000004_d12a6641-4d0c-48bd-aeac-668fa5facce1.csv","data/raw/growth_dynamics_b12_methionine/20251208_bacteria_b12_methionine_2/20251209_042703_FB_OD600scan_96well_P0000000004_d12a6641-4d0c-48bd-aeac-668fa5facce1.csv","instrument","plate-reader export","yes","git",2088,"426015f0ec38c7d66c1f01646339dd879bf961dceb8b5e6ef85eff250daa6d22",""
"data/raw/growth_dynamics_b12_methionine/20251208_bacteria_b12_methionine_2/20251209_043002_FB_OD600scan_96well_P0000000003_d12a6641-4d0c-48bd-aeac-668fa5facce1.csv","data/raw/growth_dynamics_b12_methionine/20251208_bacteria_b12_methionine_2/20251209_043002_FB_OD600scan_96well_P0000000003_d12a6641-4d0c-48bd-aeac-668fa5facce1.csv","instrument","plate-reader export","yes","git",2088,"376c5fe6cead342b32f1ebaaa6397b47e64c63e713241814f7f1ea593a9b3df5",""
"data/raw/growth_dynamics_b12_methionine/20251208_bacteria_b12_methionine_2/20251209_043304_FB_OD600scan_96well_P0000000028_d12a6641-4d0c-48bd-aeac-668fa5facce1.csv","data/raw/growth_dynamics_b12_methionine/20251208_bacteria_b12_methionine_2/20251209_043304_FB_OD600scan_96well_P0000000028_d12a6641-4d0c-48bd-aeac-668fa5facce1.csv","instrument","plate-reader export","yes","git",2088,"6e58aa65112eacb880289a6ba48c0cd78bf723de1a95e762e7388f1329bac3f6",""
"data/raw/growth_dynamics_b12_methionine/20251208_bacteria_b12_methionine_2/20251209_043607_FB_OD600scan_96well_P0000000027_d12a6641-4d0c-48bd-aeac-668fa5facce1.csv","data/raw/growth_dynamics_b12_methionine/20251208_bacteria_b12_methionine_2/20251209_043607_FB_OD600scan_96well_P0000000027_d12a6641-4d0c-48bd-aeac-668fa5facce1.csv","instrument","plate-reader export","yes","git",2088,"c290df2e3b10e07fc4c344c61df1fbc58510713a341394437aa0ec0b9060dfa2",""
"data/raw/growth_dynamics_b12_methionine/20251208_bacteria_b12_methionine_2/20251209_043908_FB_OD600scan_96well_P0000000026_d12a6641-4d0c-48bd-aeac-668fa5facce1.csv","data/raw/growth_dynamics_b12_methionine/20251208_bacteria_b12_methionine_2/20251209_043908_FB_OD600scan_96well_P0000000026_d12a6641-4d0c-48bd-aeac-668fa5facce1.csv","instrument","plate-reader export","yes","git",2088,"c95d08f3b5e086b500809fd8fc190a57ff481e35c80e997ad1a4931dcb6d9aca",""
"data/raw/growth_dynamics_b12_methionine/20251208_bacteria_b12_methionine_2/20251209_044210_FB_OD600scan_96well_P0000000025_d12a6641-4d0c-48bd-aeac-668fa5facce1.csv","data/raw/growth_dynamics_b12_methionine/20251208_bacteria_b12_methionine_2/20251209_044210_FB_OD600scan_96well_P0000000025_d12a6641-4d0c-48bd-aeac-668fa5facce1.csv","instrument","plate-reader export","yes","git",2088,"e6976e214448b65518c0b7788e6c0f19a95481e6c69d34235857e5b95bbb741a",""
"data/raw/growth_dynamics_b12_methionine/20251208_bacteria_b12_methionine_2/20251209_044511_FB_OD600scan_96well_P0000000024_d12a6641-4d0c-48bd-aeac-668fa5facce1.csv","data/raw/growth_dynamics_b12_methionine/20251208_bacteria_b12_methionine_2/20251209_044511_FB_OD600scan_96well_P0000000024_d12a6641-4d0c-48bd-aeac-668fa5facce1.csv","instrument","plate-reader export","yes","git",2088,"e26211d46d20d1304fc66cee82e8e9e0e49e267a66fe02726f4a3fbaf0647e45",""
"data/raw/growth_dynamics_b12_methionine/20251208_bacteria_b12_methionine_2/20251209_044816_FB_OD600scan_96well_P0000000023_d12a6641-4d0c-48bd-aeac-668fa5facce1.csv","data/raw/growth_dynamics_b12_methionine/20251208_bacteria_b12_methionine_2/20251209_044816_FB_OD600scan_96well_P0000000023_d12a6641-4d0c-48bd-aeac-668fa5facce1.csv","instrument","plate-reader export","yes","git",2088,"fde7d6159e1f2d0a475db1fe2dd9ee51488c656bf8559b3c41cb984e37175cc5",""
"data/raw/growth_dynamics_b12_methionine/20251208_bacteria_b12_methionine_2/20251209_045121_FB_OD600scan_96well_P0000000022_d12a6641-4d0c-48bd-aeac-668fa5facce1.csv","data/raw/growth_dynamics_b12_methionine/20251208_bacteria_b12_methionine_2/20251209_045121_FB_OD600scan_96well_P0000000022_d12a6641-4d0c-48bd-aeac-668fa5facce1.csv","instrument","plate-reader export","yes","git",2088,"f62f080227b3bcc3a828841c9188ccf048a18d669b35718d6830bb73679935c8",""
"data/raw/growth_dynamics_b12_methionine/20251208_bacteria_b12_methionine_2/20251209_045423_FB_OD600scan_96well_P0000000021_d12a6641-4d0c-48bd-aeac-668fa5facce1.csv","data/raw/growth_dynamics_b12_methionine/20251208_bacteria_b12_methionine_2/20251209_045423_FB_OD600scan_96well_P0000000021_d12a6641-4d0c-48bd-aeac-668fa5facce1.csv","instrument","plate-reader export","yes","git",2088,"6ab6bb4a2565b7fd32fefb48b0e1725b1b9cf9c0f8abf02c7d47920c1a58f84d",""
"data/raw/growth_dynamics_b12_methionine/20251208_bacteria_b12_methionine_2/20251209_045726_FB_OD600scan_96well_P0000000020_d12a6641-4d0c-48bd-aeac-668fa5facce1.csv","data/raw/growth_dynamics_b12_methionine/20251208_bacteria_b12_methionine_2/20251209_045726_FB_OD600scan_96well_P0000000020_d12a6641-4d0c-48bd-aeac-668fa5facce1.csv","instrument","plate-reader export","yes","git",2088,"d29c7d4a2bdaf2e1a55bc4418bd6a1c15af6b8a9cd5c0b5676d61ba54672b7ad",""
"data/raw/growth_dynamics_b12_methionine/20251208_bacteria_b12_methionine_2/20251209_050029_FB_OD600scan_96well_P0000000019_d12a6641-4d0c-48bd-aeac-668fa5facce1.csv","data/raw/growth_dynamics_b12_methionine/20251208_bacteria_b12_methionine_2/20251209_050029_FB_OD600scan_96well_P0000000019_d12a6641-4d0c-48bd-aeac-668fa5facce1.csv","instrument","plate-reader export","yes","git",2088,"9191080076f02ce6f70a54eb1ea7d1283ebc01929e906cd44ceb37d6c0a2a2bc",""
"data/raw/growth_dynamics_b12_methionine/20251208_bacteria_b12_methionine_2/20251209_050332_FB_OD600scan_96well_P0000000018_d12a6641-4d0c-48bd-aeac-668fa5facce1.csv","data/raw/growth_dynamics_b12_methionine/20251208_bacteria_b12_methionine_2/20251209_050332_FB_OD600scan_96well_P0000000018_d12a6641-4d0c-48bd-aeac-668fa5facce1.csv","instrument","plate-reader export","yes","git",2088,"640392b0ab7c4d64353ca7e759ff4a2bf614d74049896ced54c6828464079183",""
"data/raw/growth_dynamics_b12_methionine/20251208_bacteria_b12_methionine_2/20251209_050636_FB_OD600scan_96well_P0000000017_d12a6641-4d0c-48bd-aeac-668fa5facce1.csv","data/raw/growth_dynamics_b12_methionine/20251208_bacteria_b12_methionine_2/20251209_050636_FB_OD600scan_96well_P0000000017_d12a6641-4d0c-48bd-aeac-668fa5facce1.csv","instrument","plate-reader export","yes","git",2088,"a8453ee7de674ed4c51db42915540120a343c5a414b2d4ad0d2e7ad85db082a9",""
"data/raw/growth_dynamics_b12_methionine/20251208_bacteria_b12_methionine_2/20251209_052938_FB_OD600scan_96well_P0000000015_d12a6641-4d0c-48bd-aeac-668fa5facce1.csv","data/raw/growth_dynamics_b12_methionine/20251208_bacteria_b12_methionine_2/20251209_052938_FB_OD600scan_96well_P0000000015_d12a6641-4d0c-48bd-aeac-668fa5facce1.csv","instrument","plate-reader export","yes","git",2088,"ec88c29f044668c664e5e0812f8416ddd23998d6a2acddec41b44ff94872aef2",""
"data/raw/growth_dynamics_b12_methionine/20251208_bacteria_b12_methionine_2/20251209_053236_FB_OD600scan_96well_P0000000014_d12a6641-4d0c-48bd-aeac-668fa5facce1.csv","data/raw/growth_dynamics_b12_methionine/20251208_bacteria_b12_methionine_2/20251209_053236_FB_OD600scan_96well_P0000000014_d12a6641-4d0c-48bd-aeac-668fa5facce1.csv","instrument","plate-reader export","yes","git",2088,"02229b6fd40c7f670ac23df06f4d0872b64a91b533e2ab219956e5547047c2c5",""
"data/raw/growth_dynamics_b12_methionine/20251208_bacteria_b12_methionine_2/20251209_053535_FB_OD600scan_96well_P0000000012_d12a6641-4d0c-48bd-aeac-668fa5facce1.csv","data/raw/growth_dynamics_b12_methionine/20251208_bacteria_b12_methionine_2/20251209_053535_FB_OD600scan_96well_P0000000012_d12a6641-4d0c-48bd-aeac-668fa5facce1.csv","instrument","plate-reader export","yes","git",2088,"6901e61d0d47d9326d7dc4f0eac36e6c8be1678c67adc17f6dee5bfd5a0eff42",""
"data/raw/growth_dynamics_b12_methionine/20251208_bacteria_b12_methionine_2/20251209_053832_FB_OD600scan_96well_P0000000011_d12a6641-4d0c-48bd-aeac-668fa5facce1.csv","data/raw/growth_dynamics_b12_methionine/20251208_bacteria_b12_methionine_2/20251209_053832_FB_OD600scan_96well_P0000000011_d12a6641-4d0c-48bd-aeac-668fa5facce1.csv","instrument","plate-reader export","yes","git",2088,"a03765676351b31b691ce87aa0f9ebe13d7c34a3b64e642c25511532000e607e",""
"data/raw/growth_dynamics_b12_methionine/20251208_bacteria_b12_methionine_2/20251209_054130_FB_OD600scan_96well_P0000000010_d12a6641-4d0c-48bd-aeac-668fa5facce1.csv","data/raw/growth_dynamics_b12_methionine/20251208_bacteria_b12_methionine_2/20251209_054130_FB_OD600scan_96well_P0000000010_d12a6641-4d0c-48bd-aeac-668fa5facce1.csv","instrument","plate-reader export","yes","git",2088,"0838994e87850a164ef3b6accd64839fa5bc877d767172f453ae316701a43ac5",""
"data/raw/growth_dynamics_b12_methionine/20251208_bacteria_b12_methionine_2/20251209_054427_FB_OD600scan_96well_P0000000009_d12a6641-4d0c-48bd-aeac-668fa5facce1.csv","data/raw/growth_dynamics_b12_methionine/20251208_bacteria_b12_methionine_2/20251209_054427_FB_OD600scan_96well_P0000000009_d12a6641-4d0c-48bd-aeac-668fa5facce1.csv","instrument","plate-reader export","yes","git",2088,"02bf967c4a5747aea21c24f9d14333efac890906215c29c131b49218a33232a0",""
"data/raw/growth_dynamics_b12_methionine/20251208_bacteria_b12_methionine_2/20251209_054728_FB_OD600scan_96well_P0000000008_d12a6641-4d0c-48bd-aeac-668fa5facce1.csv","data/raw/growth_dynamics_b12_methionine/20251208_bacteria_b12_methionine_2/20251209_054728_FB_OD600scan_96well_P0000000008_d12a6641-4d0c-48bd-aeac-668fa5facce1.csv","instrument","plate-reader export","yes","git",2088,"6b127edf747413b335c456a04d40fdccae44058f4b4d76b6bc3a4b99d5646d5e",""
"data/raw/growth_dynamics_b12_methionine/20251208_bacteria_b12_methionine_2/20251209_055028_FB_OD600scan_96well_P0000000007_d12a6641-4d0c-48bd-aeac-668fa5facce1.csv","data/raw/growth_dynamics_b12_methionine/20251208_bacteria_b12_methionine_2/20251209_055028_FB_OD600scan_96well_P0000000007_d12a6641-4d0c-48bd-aeac-668fa5facce1.csv","instrument","plate-reader export","yes","git",2088,"36b163a7bd413e97f35ae18e47f9da0b8e2a0095c3819fa026c883ce60f8d804",""
"data/raw/growth_dynamics_b12_methionine/20251208_bacteria_b12_methionine_2/20251209_055330_FB_OD600scan_96well_P0000000006_d12a6641-4d0c-48bd-aeac-668fa5facce1.csv","data/raw/growth_dynamics_b12_methionine/20251208_bacteria_b12_methionine_2/20251209_055330_FB_OD600scan_96well_P0000000006_d12a6641-4d0c-48bd-aeac-668fa5facce1.csv","instrument","plate-reader export","yes","git",2088,"044884844ab1aa3b785268340a14278037dce1bad99e6ffffc45cb1b1f8f707b",""
"data/raw/growth_dynamics_b12_methionine/20251208_bacteria_b12_methionine_2/20251209_055632_FB_OD600scan_96well_P0000000005_d12a6641-4d0c-48bd-aeac-668fa5facce1.csv","data/raw/growth_dynamics_b12_methionine/20251208_bacteria_b12_methionine_2/20251209_055632_FB_OD600scan_96well_P0000000005_d12a6641-4d0c-48bd-aeac-668fa5facce1.csv","instrument","plate-reader export","yes","git",2088,"3417cb38bf4906db80c9b60a01a2981dbf046f569e7e6c2c50fd53df2cd18df6",""
"data/raw/growth_dynamics_b12_methionine/20251208_bacteria_b12_methionine_2/20251209_055934_FB_OD600scan_96well_P0000000004_d12a6641-4d0c-48bd-aeac-668fa5facce1.csv","data/raw/growth_dynamics_b12_methionine/20251208_bacteria_b12_methionine_2/20251209_055934_FB_OD600scan_96well_P0000000004_d12a6641-4d0c-48bd-aeac-668fa5facce1.csv","instrument","plate-reader export","yes","git",2088,"3a913d2e7f20e59b1ab934e9b6da094e1ac8e916a1f82cb480a735b464e1c7f6",""
"data/raw/growth_dynamics_b12_methionine/20251208_bacteria_b12_methionine_2/20251209_060235_FB_OD600scan_96well_P0000000003_d12a6641-4d0c-48bd-aeac-668fa5facce1.csv","data/raw/growth_dynamics_b12_methionine/20251208_bacteria_b12_methionine_2/20251209_060235_FB_OD600scan_96well_P0000000003_d12a6641-4d0c-48bd-aeac-668fa5facce1.csv","instrument","plate-reader export","yes","git",2088,"61bc417bead9c16882d197e5855b45340f3a866d14699b3dca5e89a49855f816",""
"data/raw/growth_dynamics_b12_methionine/20251208_bacteria_b12_methionine_2/20251209_060538_FB_OD600scan_96well_P0000000028_d12a6641-4d0c-48bd-aeac-668fa5facce1.csv","data/raw/growth_dynamics_b12_methionine/20251208_bacteria_b12_methionine_2/20251209_060538_FB_OD600scan_96well_P0000000028_d12a6641-4d0c-48bd-aeac-668fa5facce1.csv","instrument","plate-reader export","yes","git",2088,"162919173c4797be7c904c9ca89c7e19058858f400e5171e52eaf0abf04e67ef",""
"data/raw/growth_dynamics_b12_methionine/20251208_bacteria_b12_methionine_2/20251209_060841_FB_OD600scan_96well_P0000000027_d12a6641-4d0c-48bd-aeac-668fa5facce1.csv","data/raw/growth_dynamics_b12_methionine/20251208_bacteria_b12_methionine_2/20251209_060841_FB_OD600scan_96well_P0000000027_d12a6641-4d0c-48bd-aeac-668fa5facce1.csv","instrument","plate-reader export","yes","git",2088,"85f425d6588133af8a7b334abe7d85bcf7766f39093ca02aaac505a9c88bdd8e",""
"data/raw/growth_dynamics_b12_methionine/20251208_bacteria_b12_methionine_2/20251209_061142_FB_OD600scan_96well_P0000000026_d12a6641-4d0c-48bd-aeac-668fa5facce1.csv","data/raw/growth_dynamics_b12_methionine/20251208_bacteria_b12_methionine_2/20251209_061142_FB_OD600scan_96well_P0000000026_d12a6641-4d0c-48bd-aeac-668fa5facce1.csv","instrument","plate-reader export","yes","git",2088,"301a5b1afa1dd771c2c105aafc0be9adbf74c6fe6bcdb1dcab9492354517d13c",""
"data/raw/growth_dynamics_b12_methionine/20251208_bacteria_b12_methionine_2/20251209_061446_FB_OD600scan_96well_P0000000025_d12a6641-4d0c-48bd-aeac-668fa5facce1.csv","data/raw/growth_dynamics_b12_methionine/20251208_bacteria_b12_methionine_2/20251209_061446_FB_OD600scan_96well_P0000000025_d12a6641-4d0c-48bd-aeac-668fa5facce1.csv","instrument","plate-reader export","yes","git",2088,"a02414b2279e2c0e6625f8091754e12cac42fc8e387c37678518a94b331754ac",""
"data/raw/growth_dynamics_b12_methionine/20251208_bacteria_b12_methionine_2/20251209_061747_FB_OD600scan_96well_P0000000024_d12a6641-4d0c-48bd-aeac-668fa5facce1.csv","data/raw/growth_dynamics_b12_methionine/20251208_bacteria_b12_methionine_2/20251209_061747_FB_OD600scan_96well_P0000000024_d12a6641-4d0c-48bd-aeac-668fa5facce1.csv","instrument","plate-reader export","yes","git",2088,"cf99cf578c10eda5f06736df38fcba15d421a3a7e3b761b723246f6abee6a8de",""
"data/raw/growth_dynamics_b12_methionine/20251208_bacteria_b12_methionine_2/20251209_062051_FB_OD600scan_96well_P0000000023_d12a6641-4d0c-48bd-aeac-668fa5facce1.csv","data/raw/growth_dynamics_b12_methionine/20251208_bacteria_b12_methionine_2/20251209_062051_FB_OD600scan_96well_P0000000023_d12a6641-4d0c-48bd-aeac-668fa5facce1.csv","instrument","plate-reader export","yes","git",2088,"795f9b638c8902eb50ab94e7bc29f8976c1b8ec4133d3db755f94817a54c2409",""
"data/raw/growth_dynamics_b12_methionine/20251208_bacteria_b12_methionine_2/20251209_062357_FB_OD600scan_96well_P0000000022_d12a6641-4d0c-48bd-aeac-668fa5facce1.csv","data/raw/growth_dynamics_b12_methionine/20251208_bacteria_b12_methionine_2/20251209_062357_FB_OD600scan_96well_P0000000022_d12a6641-4d0c-48bd-aeac-668fa5facce1.csv","instrument","plate-reader export","yes","git",2088,"2a3ebda72a0f21818979d1d3c617ff926e7f154c9299b13406e541412c549f9d",""
"data/raw/growth_dynamics_b12_methionine/20251208_bacteria_b12_methionine_2/20251209_062700_FB_OD600scan_96well_P0000000021_d12a6641-4d0c-48bd-aeac-668fa5facce1.csv","data/raw/growth_dynamics_b12_methionine/20251208_bacteria_b12_methionine_2/20251209_062700_FB_OD600scan_96well_P0000000021_d12a6641-4d0c-48bd-aeac-668fa5facce1.csv","instrument","plate-reader export","yes","git",2088,"0264d99a691574bab1a64bd745252e80de1f8eb8d1b890551fa6721af18ede4c",""
"data/raw/growth_dynamics_b12_methionine/20251208_bacteria_b12_methionine_2/20251209_063005_FB_OD600scan_96well_P0000000020_d12a6641-4d0c-48bd-aeac-668fa5facce1.csv","data/raw/growth_dynamics_b12_methionine/20251208_bacteria_b12_methionine_2/20251209_063005_FB_OD600scan_96well_P0000000020_d12a6641-4d0c-48bd-aeac-668fa5facce1.csv","instrument","plate-reader export","yes","git",2088,"a33bdcdead2b8c2bc72f6f2a1173199efa106cebc80103136466e765ca295d87",""
"data/raw/growth_dynamics_b12_methionine/20251208_bacteria_b12_methionine_2/20251209_063311_FB_OD600scan_96well_P0000000019_d12a6641-4d0c-48bd-aeac-668fa5facce1.csv","data/raw/growth_dynamics_b12_methionine/20251208_bacteria_b12_methionine_2/20251209_063311_FB_OD600scan_96well_P0000000019_d12a6641-4d0c-48bd-aeac-668fa5facce1.csv","instrument","plate-reader export","yes","git",2088,"6a5dc4e8230be713b38779b06c9d8288a22f7680c4e5228a71fc39e71c8a1998",""
"data/raw/growth_dynamics_b12_methionine/20251208_bacteria_b12_methionine_2/20251209_063617_FB_OD600scan_96well_P0000000018_d12a6641-4d0c-48bd-aeac-668fa5facce1.csv","data/raw/growth_dynamics_b12_methionine/20251208_bacteria_b12_methionine_2/20251209_063617_FB_OD600scan_96well_P0000000018_d12a6641-4d0c-48bd-aeac-668fa5facce1.csv","instrument","plate-reader export","yes","git",2088,"6a53fc419643cec19fd9213e35ae741119c94f381f4e25aaed95dcba5b54ac48",""
"data/raw/growth_dynamics_b12_methionine/20251208_bacteria_b12_methionine_2/20251209_063923_FB_OD600scan_96well_P0000000017_d12a6641-4d0c-48bd-aeac-668fa5facce1.csv","data/raw/growth_dynamics_b12_methionine/20251208_bacteria_b12_methionine_2/20251209_063923_FB_OD600scan_96well_P0000000017_d12a6641-4d0c-48bd-aeac-668fa5facce1.csv","instrument","plate-reader export","yes","git",2088,"30f7cfa9698f6833a5053f8e9d376e26862616905f03289a0b16a94bbd810506",""
"data/raw/growth_dynamics_b12_methionine/20251208_bacteria_b12_methionine_2/20251209_070228_FB_OD600scan_96well_P0000000015_d12a6641-4d0c-48bd-aeac-668fa5facce1.csv","data/raw/growth_dynamics_b12_methionine/20251208_bacteria_b12_methionine_2/20251209_070228_FB_OD600scan_96well_P0000000015_d12a6641-4d0c-48bd-aeac-668fa5facce1.csv","instrument","plate-reader export","yes","git",2088,"270bcd56f10c1cda6be913899c9c8443707e2213f97f4ae5e666c4db0338c700",""
"data/raw/growth_dynamics_b12_methionine/20251208_bacteria_b12_methionine_2/20251209_070524_FB_OD600scan_96well_P0000000014_d12a6641-4d0c-48bd-aeac-668fa5facce1.csv","data/raw/growth_dynamics_b12_methionine/20251208_bacteria_b12_methionine_2/20251209_070524_FB_OD600scan_96well_P0000000014_d12a6641-4d0c-48bd-aeac-668fa5facce1.csv","instrument","plate-reader export","yes","git",2088,"743e16c9895c27d9be52148c507ee113511d80a7934a32a36fa325b7985974a4",""
"data/raw/growth_dynamics_b12_methionine/20251208_bacteria_b12_methionine_2/20251209_070823_FB_OD600scan_96well_P0000000012_d12a6641-4d0c-48bd-aeac-668fa5facce1.csv","data/raw/growth_dynamics_b12_methionine/20251208_bacteria_b12_methionine_2/20251209_070823_FB_OD600scan_96well_P0000000012_d12a6641-4d0c-48bd-aeac-668fa5facce1.csv","instrument","plate-reader export","yes","git",2088,"e862a1b8e09008310f82f89e13abe323be6bfec75d65c903e685d26f6dc9cbe4",""
"data/raw/growth_dynamics_b12_methionine/20251208_bacteria_b12_methionine_2/20251209_071124_FB_OD600scan_96well_P0000000011_d12a6641-4d0c-48bd-aeac-668fa5facce1.csv","data/raw/growth_dynamics_b12_methionine/20251208_bacteria_b12_methionine_2/20251209_071124_FB_OD600scan_96well_P0000000011_d12a6641-4d0c-48bd-aeac-668fa5facce1.csv","instrument","plate-reader export","yes","git",2088,"7f0c49717ed8d4243baf3bf97c31d77897b05addc95725b0609d67d2fc28e94b",""
"data/raw/growth_dynamics_b12_methionine/20251208_bacteria_b12_methionine_2/20251209_071421_FB_OD600scan_96well_P0000000010_d12a6641-4d0c-48bd-aeac-668fa5facce1.csv","data/raw/growth_dynamics_b12_methionine/20251208_bacteria_b12_methionine_2/20251209_071421_FB_OD600scan_96well_P0000000010_d12a6641-4d0c-48bd-aeac-668fa5facce1.csv","instrument","plate-reader export","yes","git",2088,"aa780d19e68cb2d013a2b5e83a5e5af295ed91201c8e7f32ec612c2c0013a6aa",""
"data/raw/growth_dynamics_b12_methionine/20251208_bacteria_b12_methionine_2/20251209_071718_FB_OD600scan_96well_P0000000009_d12a6641-4d0c-48bd-aeac-668fa5facce1.csv","data/raw/growth_dynamics_b12_methionine/20251208_bacteria_b12_methionine_2/20251209_071718_FB_OD600scan_96well_P0000000009_d12a6641-4d0c-48bd-aeac-668fa5facce1.csv","instrument","plate-reader export","yes","git",2088,"7d8d754bec44dd0f3709b22ef0cc43dce9f0ff94d54a302617b63cfa4ae7c583",""
"data/raw/growth_dynamics_b12_methionine/20251208_bacteria_b12_methionine_2/20251209_072016_FB_OD600scan_96well_P0000000008_d12a6641-4d0c-48bd-aeac-668fa5facce1.csv","data/raw/growth_dynamics_b12_methionine/20251208_bacteria_b12_methionine_2/20251209_072016_FB_OD600scan_96well_P0000000008_d12a6641-4d0c-48bd-aeac-668fa5facce1.csv","instrument","plate-reader export","yes","git",2088,"d407dd6ee18182b65e724d5fa793b1ff212019ff0b79e495776dcb994526249f",""
"data/raw/growth_dynamics_b12_methionine/20251208_bacteria_b12_methionine_2/20251209_072314_FB_OD600scan_96well_P0000000007_d12a6641-4d0c-48bd-aeac-668fa5facce1.csv","data/raw/growth_dynamics_b12_methionine/20251208_bacteria_b12_methionine_2/20251209_072314_FB_OD600scan_96well_P0000000007_d12a6641-4d0c-48bd-aeac-668fa5facce1.csv","instrument","plate-reader export","yes","git",2088,"7891d3ce03e1cbc8f065a88d9a8ceb0d594058881045a4abb344771988368ee6",""
"data/raw/growth_dynamics_b12_methionine/20251208_bacteria_b12_methionine_2/20251209_072612_FB_OD600scan_96well_P0000000006_d12a6641-4d0c-48bd-aeac-668fa5facce1.csv","data/raw/growth_dynamics_b12_methionine/20251208_bacteria_b12_methionine_2/20251209_072612_FB_OD600scan_96well_P0000000006_d12a6641-4d0c-48bd-aeac-668fa5facce1.csv","instrument","plate-reader export","yes","git",2088,"0497550b07f444412fa98153aaf5529219faae87687af38196e31699b1a61207",""
"data/raw/growth_dynamics_b12_methionine/20251208_bacteria_b12_methionine_2/20251209_072914_FB_OD600scan_96well_P0000000005_d12a6641-4d0c-48bd-aeac-668fa5facce1.csv","data/raw/growth_dynamics_b12_methionine/20251208_bacteria_b12_methionine_2/20251209_072914_FB_OD600scan_96well_P0000000005_d12a6641-4d0c-48bd-aeac-668fa5facce1.csv","instrument","plate-reader export","yes","git",2088,"e49a5afd0b206cf432cdf701c12a50d425bc265dd25f278e7df53b3a26c69467",""
"data/raw/growth_dynamics_b12_methionine/20251208_bacteria_b12_methionine_2/20251209_073213_FB_OD600scan_96well_P0000000004_d12a6641-4d0c-48bd-aeac-668fa5facce1.csv","data/raw/growth_dynamics_b12_methionine/20251208_bacteria_b12_methionine_2/20251209_073213_FB_OD600scan_96well_P0000000004_d12a6641-4d0c-48bd-aeac-668fa5facce1.csv","instrument","plate-reader export","yes","git",2088,"73f2ef03208f1a09aafa2af35c72ce94d8a34bd2f102c9b82764c79385d2dab6",""
"data/raw/growth_dynamics_b12_methionine/20251208_bacteria_b12_methionine_2/20251209_073515_FB_OD600scan_96well_P0000000003_d12a6641-4d0c-48bd-aeac-668fa5facce1.csv","data/raw/growth_dynamics_b12_methionine/20251208_bacteria_b12_methionine_2/20251209_073515_FB_OD600scan_96well_P0000000003_d12a6641-4d0c-48bd-aeac-668fa5facce1.csv","instrument","plate-reader export","yes","git",2088,"1a2b302920dcbd2e20c87d846b8e9310e6e993a9512dd5496a0bd42d6dcfec58",""
"data/raw/growth_dynamics_b12_methionine/20251208_bacteria_b12_methionine_2/20251209_073814_FB_OD600scan_96well_P0000000028_d12a6641-4d0c-48bd-aeac-668fa5facce1.csv","data/raw/growth_dynamics_b12_methionine/20251208_bacteria_b12_methionine_2/20251209_073814_FB_OD600scan_96well_P0000000028_d12a6641-4d0c-48bd-aeac-668fa5facce1.csv","instrument","plate-reader export","yes","git",2088,"180837d9ef1f2c4456b272242ceef8839b6674c536e01c24bc49c364ca46a227",""
"data/raw/growth_dynamics_b12_methionine/20251208_bacteria_b12_methionine_2/20251209_074117_FB_OD600scan_96well_P0000000027_d12a6641-4d0c-48bd-aeac-668fa5facce1.csv","data/raw/growth_dynamics_b12_methionine/20251208_bacteria_b12_methionine_2/20251209_074117_FB_OD600scan_96well_P0000000027_d12a6641-4d0c-48bd-aeac-668fa5facce1.csv","instrument","plate-reader export","yes","git",2088,"7269aed7a488ce4bf20f6b7e495650a2fd769a417995d34532c851e617559893",""
"data/raw/growth_dynamics_b12_methionine/20251208_bacteria_b12_methionine_2/20251209_074421_FB_OD600scan_96well_P0000000026_d12a6641-4d0c-48bd-aeac-668fa5facce1.csv","data/raw/growth_dynamics_b12_methionine/20251208_bacteria_b12_methionine_2/20251209_074421_FB_OD600scan_96well_P0000000026_d12a6641-4d0c-48bd-aeac-668fa5facce1.csv","instrument","plate-reader export","yes","git",2088,"94f7415ba76656f194b35185f64a0e2faf75b1f8bb5b4a051a8dbf91edcb9268",""
"data/raw/growth_dynamics_b12_methionine/20251208_bacteria_b12_methionine_2/20251209_074725_FB_OD600scan_96well_P0000000025_d12a6641-4d0c-48bd-aeac-668fa5facce1.csv","data/raw/growth_dynamics_b12_methionine/20251208_bacteria_b12_methionine_2/20251209_074725_FB_OD600scan_96well_P0000000025_d12a6641-4d0c-48bd-aeac-668fa5facce1.csv","instrument","plate-reader export","yes","git",2088,"9b4895d07bc02c905aedc070c384678b6c246de0abd684d12cfed07425619a69",""
"data/raw/growth_dynamics_b12_methionine/20251208_bacteria_b12_methionine_2/20251209_075027_FB_OD600scan_96well_P0000000024_d12a6641-4d0c-48bd-aeac-668fa5facce1.csv","data/raw/growth_dynamics_b12_methionine/20251208_bacteria_b12_methionine_2/20251209_075027_FB_OD600scan_96well_P0000000024_d12a6641-4d0c-48bd-aeac-668fa5facce1.csv","instrument","plate-reader export","yes","git",2088,"20c369aec94b22e11ca28bce389f05f1ce927aa39cf9146a87dc7b51034215bc",""
"data/raw/growth_dynamics_b12_methionine/20251208_bacteria_b12_methionine_2/20251209_075328_FB_OD600scan_96well_P0000000023_d12a6641-4d0c-48bd-aeac-668fa5facce1.csv","data/raw/growth_dynamics_b12_methionine/20251208_bacteria_b12_methionine_2/20251209_075328_FB_OD600scan_96well_P0000000023_d12a6641-4d0c-48bd-aeac-668fa5facce1.csv","instrument","plate-reader export","yes","git",2088,"3a0ae3a5a70499301717871f9b906e218c54a2eb68be1fa59be16f46db78e483",""
"data/raw/growth_dynamics_b12_methionine/20251208_bacteria_b12_methionine_2/20251209_075633_FB_OD600scan_96well_P0000000022_d12a6641-4d0c-48bd-aeac-668fa5facce1.csv","data/raw/growth_dynamics_b12_methionine/20251208_bacteria_b12_methionine_2/20251209_075633_FB_OD600scan_96well_P0000000022_d12a6641-4d0c-48bd-aeac-668fa5facce1.csv","instrument","plate-reader export","yes","git",2088,"5c84b7f7eb5226bb201a56a0cb44cca1f01241934e8f211f053a13543fc808bc",""
"data/raw/growth_dynamics_b12_methionine/20251208_bacteria_b12_methionine_2/20251209_075939_FB_OD600scan_96well_P0000000021_d12a6641-4d0c-48bd-aeac-668fa5facce1.csv","data/raw/growth_dynamics_b12_methionine/20251208_bacteria_b12_methionine_2/20251209_075939_FB_OD600scan_96well_P0000000021_d12a6641-4d0c-48bd-aeac-668fa5facce1.csv","instrument","plate-reader export","yes","git",2088,"cad99a864a61e4d4f05bd60d6bb5d046cbf1d3750987e043f4240c6db71aeb20",""
"data/raw/growth_dynamics_b12_methionine/20251208_bacteria_b12_methionine_2/20251209_080244_FB_OD600scan_96well_P0000000020_d12a6641-4d0c-48bd-aeac-668fa5facce1.csv","data/raw/growth_dynamics_b12_methionine/20251208_bacteria_b12_methionine_2/20251209_080244_FB_OD600scan_96well_P0000000020_d12a6641-4d0c-48bd-aeac-668fa5facce1.csv","instrument","plate-reader export","yes","git",2088,"2194bef703aeb80f262af6718c12e98a34e2803086b3c7afd3c101ee44a5af2e",""
"data/raw/growth_dynamics_b12_methionine/20251208_bacteria_b12_methionine_2/20251209_080550_FB_OD600scan_96well_P0000000019_d12a6641-4d0c-48bd-aeac-668fa5facce1.csv","data/raw/growth_dynamics_b12_methionine/20251208_bacteria_b12_methionine_2/20251209_080550_FB_OD600scan_96well_P0000000019_d12a6641-4d0c-48bd-aeac-668fa5facce1.csv","instrument","plate-reader export","yes","git",2088,"100ec360e1cefbdc4eceaf1a5b1ff8a5682d1916aee35945a3c4f72450839fbb",""
"data/raw/growth_dynamics_b12_methionine/20251208_bacteria_b12_methionine_2/20251209_080856_FB_OD600scan_96well_P0000000018_d12a6641-4d0c-48bd-aeac-668fa5facce1.csv","data/raw/growth_dynamics_b12_methionine/20251208_bacteria_b12_methionine_2/20251209_080856_FB_OD600scan_96well_P0000000018_d12a6641-4d0c-48bd-aeac-668fa5facce1.csv","instrument","plate-reader export","yes","git",2088,"e160e2870ef0279a97dac4ae8cc27c2ed82fea9acec311dbc06cead0bfc1dfd1",""
"data/raw/growth_dynamics_b12_methionine/20251208_bacteria_b12_methionine_2/20251209_081203_FB_OD600scan_96well_P0000000017_d12a6641-4d0c-48bd-aeac-668fa5facce1.csv","data/raw/growth_dynamics_b12_methionine/20251208_bacteria_b12_methionine_2/20251209_081203_FB_OD600scan_96well_P0000000017_d12a6641-4d0c-48bd-aeac-668fa5facce1.csv","instrument","plate-reader export","yes","git",2088,"275f7fc558a0a9237a278c59d275902d1b98d67b48f239a86a11ffdb6b9b7e1d",""
"data/raw/growth_dynamics_b12_methionine/20251208_bacteria_b12_methionine_2/20251209_083507_FB_OD600scan_96well_P0000000015_d12a6641-4d0c-48bd-aeac-668fa5facce1.csv","data/raw/growth_dynamics_b12_methionine/20251208_bacteria_b12_methionine_2/20251209_083507_FB_OD600scan_96well_P0000000015_d12a6641-4d0c-48bd-aeac-668fa5facce1.csv","instrument","plate-reader export","yes","git",2088,"2c7e9197cb55cb7da6a2bba2150a57df8b4eb89365edc920d8dff853d9fc053d",""
"data/raw/growth_dynamics_b12_methionine/20251208_bacteria_b12_methionine_2/20251209_083803_FB_OD600scan_96well_P0000000014_d12a6641-4d0c-48bd-aeac-668fa5facce1.csv","data/raw/growth_dynamics_b12_methionine/20251208_bacteria_b12_methionine_2/20251209_083803_FB_OD600scan_96well_P0000000014_d12a6641-4d0c-48bd-aeac-668fa5facce1.csv","instrument","plate-reader export","yes","git",2088,"74b6c0c0634ab8490b860ff252a708f67d1255720f4fbd1d8e1c564c44dd8197",""
"data/raw/growth_dynamics_b12_methionine/20251208_bacteria_b12_methionine_2/20251209_084058_FB_OD600scan_96well_P0000000012_d12a6641-4d0c-48bd-aeac-668fa5facce1.csv","data/raw/growth_dynamics_b12_methionine/20251208_bacteria_b12_methionine_2/20251209_084058_FB_OD600scan_96well_P0000000012_d12a6641-4d0c-48bd-aeac-668fa5facce1.csv","instrument","plate-reader export","yes","git",2088,"3234c8f48de01fe1f2ed34a4c64a7cb902259309045f302987f679126539ab9b",""
"data/raw/growth_dynamics_b12_methionine/20251208_bacteria_b12_methionine_2/20251209_084359_FB_OD600scan_96well_P0000000011_d12a6641-4d0c-48bd-aeac-668fa5facce1.csv","data/raw/growth_dynamics_b12_methionine/20251208_bacteria_b12_methionine_2/20251209_084359_FB_OD600scan_96well_P0000000011_d12a6641-4d0c-48bd-aeac-668fa5facce1.csv","instrument","plate-reader export","yes","git",2088,"a924180aaab8a58918c2798eeb2c8832c56e05a09a0623f61a4ccdae9bca839c",""
"data/raw/growth_dynamics_b12_methionine/20251208_bacteria_b12_methionine_2/20251209_084659_FB_OD600scan_96well_P0000000010_d12a6641-4d0c-48bd-aeac-668fa5facce1.csv","data/raw/growth_dynamics_b12_methionine/20251208_bacteria_b12_methionine_2/20251209_084659_FB_OD600scan_96well_P0000000010_d12a6641-4d0c-48bd-aeac-668fa5facce1.csv","instrument","plate-reader export","yes","git",2088,"47303a62e22376929662f9d711dad0c9e599f0344467f3f05e475aaeb14dd386",""
"data/raw/growth_dynamics_b12_methionine/20251208_bacteria_b12_methionine_2/20251209_084957_FB_OD600scan_96well_P0000000009_d12a6641-4d0c-48bd-aeac-668fa5facce1.csv","data/raw/growth_dynamics_b12_methionine/20251208_bacteria_b12_methionine_2/20251209_084957_FB_OD600scan_96well_P0000000009_d12a6641-4d0c-48bd-aeac-668fa5facce1.csv","instrument","plate-reader export","yes","git",2088,"818c68a0c391b3069f0d71fbfe3e8aa119d021006d393e4a3f88cce25336012d",""
"data/raw/growth_dynamics_b12_methionine/20251208_bacteria_b12_methionine_2/20251209_085257_FB_OD600scan_96well_P0000000008_d12a6641-4d0c-48bd-aeac-668fa5facce1.csv","data/raw/growth_dynamics_b12_methionine/20251208_bacteria_b12_methionine_2/20251209_085257_FB_OD600scan_96well_P0000000008_d12a6641-4d0c-48bd-aeac-668fa5facce1.csv","instrument","plate-reader export","yes","git",2088,"405b9c88ed67505032efc79c860721aa051150d266a494d11463b00e4adfaa64",""
"data/raw/growth_dynamics_b12_methionine/20251208_bacteria_b12_methionine_2/20251209_085555_FB_OD600scan_96well_P0000000007_d12a6641-4d0c-48bd-aeac-668fa5facce1.csv","data/raw/growth_dynamics_b12_methionine/20251208_bacteria_b12_methionine_2/20251209_085555_FB_OD600scan_96well_P0000000007_d12a6641-4d0c-48bd-aeac-668fa5facce1.csv","instrument","plate-reader export","yes","git",2088,"54c92e7b6e60e57b3d21896260a24be0c9eabae7e5fc5830192ea1aa76e933dd",""
"data/raw/growth_dynamics_b12_methionine/20251208_bacteria_b12_methionine_2/20251209_085854_FB_OD600scan_96well_P0000000006_d12a6641-4d0c-48bd-aeac-668fa5facce1.csv","data/raw/growth_dynamics_b12_methionine/20251208_bacteria_b12_methionine_2/20251209_085854_FB_OD600scan_96well_P0000000006_d12a6641-4d0c-48bd-aeac-668fa5facce1.csv","instrument","plate-reader export","yes","git",2088,"2f304b79930f307542646cfc4fb3fba315d9bdcda447e4983f8d98830dd09b90",""
"data/raw/growth_dynamics_b12_methionine/20251208_bacteria_b12_methionine_2/20251209_090152_FB_OD600scan_96well_P0000000005_d12a6641-4d0c-48bd-aeac-668fa5facce1.csv","data/raw/growth_dynamics_b12_methionine/20251208_bacteria_b12_methionine_2/20251209_090152_FB_OD600scan_96well_P0000000005_d12a6641-4d0c-48bd-aeac-668fa5facce1.csv","instrument","plate-reader export","yes","git",2088,"f4f84c20d9ad35162683f10e6457c6bb55be728586a39a7688bc1944b15c2d46",""
"data/raw/growth_dynamics_b12_methionine/20251208_bacteria_b12_methionine_2/20251209_090451_FB_OD600scan_96well_P0000000004_d12a6641-4d0c-48bd-aeac-668fa5facce1.csv","data/raw/growth_dynamics_b12_methionine/20251208_bacteria_b12_methionine_2/20251209_090451_FB_OD600scan_96well_P0000000004_d12a6641-4d0c-48bd-aeac-668fa5facce1.csv","instrument","plate-reader export","yes","git",2088,"bfc2d868352e9ae4246eac0386407b4f5ed23dba74f805c980d3c9e0e6b832c8",""
"data/raw/growth_dynamics_b12_methionine/20251208_bacteria_b12_methionine_2/20251209_090753_FB_OD600scan_96well_P0000000003_d12a6641-4d0c-48bd-aeac-668fa5facce1.csv","data/raw/growth_dynamics_b12_methionine/20251208_bacteria_b12_methionine_2/20251209_090753_FB_OD600scan_96well_P0000000003_d12a6641-4d0c-48bd-aeac-668fa5facce1.csv","instrument","plate-reader export","yes","git",2088,"01ce47e4185eefe60561af9752b06e07e1c495f0bcf4728efd356a11ead0d04b",""
"data/raw/growth_dynamics_b12_methionine/20251208_bacteria_b12_methionine_2/20251209_091056_FB_OD600scan_96well_P0000000028_d12a6641-4d0c-48bd-aeac-668fa5facce1.csv","data/raw/growth_dynamics_b12_methionine/20251208_bacteria_b12_methionine_2/20251209_091056_FB_OD600scan_96well_P0000000028_d12a6641-4d0c-48bd-aeac-668fa5facce1.csv","instrument","plate-reader export","yes","git",2088,"a51d347fdbaf9f6fe07141ca386ccad64bf2d3dfd61a8cc2f7862533d1b75ca4",""
"data/raw/growth_dynamics_b12_methionine/20251208_bacteria_b12_methionine_2/20251209_091357_FB_OD600scan_96well_P0000000027_d12a6641-4d0c-48bd-aeac-668fa5facce1.csv","data/raw/growth_dynamics_b12_methionine/20251208_bacteria_b12_methionine_2/20251209_091357_FB_OD600scan_96well_P0000000027_d12a6641-4d0c-48bd-aeac-668fa5facce1.csv","instrument","plate-reader export","yes","git",2088,"afb4e044d989799e5ee106b817c2aa986f60edd3cc1f6e037b7c594e59c172fe",""
"data/raw/growth_dynamics_b12_methionine/20251208_bacteria_b12_methionine_2/20251209_091657_FB_OD600scan_96well_P0000000026_d12a6641-4d0c-48bd-aeac-668fa5facce1.csv","data/raw/growth_dynamics_b12_methionine/20251208_bacteria_b12_methionine_2/20251209_091657_FB_OD600scan_96well_P0000000026_d12a6641-4d0c-48bd-aeac-668fa5facce1.csv","instrument","plate-reader export","yes","git",2088,"7ef89e2a9aa42cc968f9c50ba877964520acaf7c829ba05cca0b814927fc98d9",""
"data/raw/growth_dynamics_b12_methionine/20251208_bacteria_b12_methionine_2/20251209_092001_FB_OD600scan_96well_P0000000025_d12a6641-4d0c-48bd-aeac-668fa5facce1.csv","data/raw/growth_dynamics_b12_methionine/20251208_bacteria_b12_methionine_2/20251209_092001_FB_OD600scan_96well_P0000000025_d12a6641-4d0c-48bd-aeac-668fa5facce1.csv","instrument","plate-reader export","yes","git",2088,"39fefc27604abd47028389117b184a95e690fbf2b05711c6206847dac5ecac16",""
"data/raw/growth_dynamics_b12_methionine/20251208_bacteria_b12_methionine_2/20251209_092305_FB_OD600scan_96well_P0000000024_d12a6641-4d0c-48bd-aeac-668fa5facce1.csv","data/raw/growth_dynamics_b12_methionine/20251208_bacteria_b12_methionine_2/20251209_092305_FB_OD600scan_96well_P0000000024_d12a6641-4d0c-48bd-aeac-668fa5facce1.csv","instrument","plate-reader export","yes","git",2088,"eddc85c522fad19e4ee152fd14b9225a1914d7acf33fb39a663c357b40f1550f",""
"data/raw/growth_dynamics_b12_methionine/20251208_bacteria_b12_methionine_2/20251209_092610_FB_OD600scan_96well_P0000000023_d12a6641-4d0c-48bd-aeac-668fa5facce1.csv","data/raw/growth_dynamics_b12_methionine/20251208_bacteria_b12_methionine_2/20251209_092610_FB_OD600scan_96well_P0000000023_d12a6641-4d0c-48bd-aeac-668fa5facce1.csv","instrument","plate-reader export","yes","git",2088,"8d20419f53db7d0621e770c3f9080cfbc74a99b38c90da4cb4ef848d14ffe86c",""
"data/raw/growth_dynamics_b12_methionine/20251208_bacteria_b12_methionine_2/20251209_092915_FB_OD600scan_96well_P0000000022_d12a6641-4d0c-48bd-aeac-668fa5facce1.csv","data/raw/growth_dynamics_b12_methionine/20251208_bacteria_b12_methionine_2/20251209_092915_FB_OD600scan_96well_P0000000022_d12a6641-4d0c-48bd-aeac-668fa5facce1.csv","instrument","plate-reader export","yes","git",2088,"27dfa24c6076a1d99ff73ebe22775463110b4de730ab286bdce1f5dbf5fe1bed",""
"data/raw/growth_dynamics_b12_methionine/20251208_bacteria_b12_methionine_2/20251209_093219_FB_OD600scan_96well_P0000000021_d12a6641-4d0c-48bd-aeac-668fa5facce1.csv","data/raw/growth_dynamics_b12_methionine/20251208_bacteria_b12_methionine_2/20251209_093219_FB_OD600scan_96well_P0000000021_d12a6641-4d0c-48bd-aeac-668fa5facce1.csv","instrument","plate-reader export","yes","git",2088,"93a667084b48409803167fffe89e17f26a2c52162593feea311fe6f6ee12f089",""
"data/raw/growth_dynamics_b12_methionine/20251208_bacteria_b12_methionine_2/20251209_093521_FB_OD600scan_96well_P0000000020_d12a6641-4d0c-48bd-aeac-668fa5facce1.csv","data/raw/growth_dynamics_b12_methionine/20251208_bacteria_b12_methionine_2/20251209_093521_FB_OD600scan_96well_P0000000020_d12a6641-4d0c-48bd-aeac-668fa5facce1.csv","instrument","plate-reader export","yes","git",2088,"b1900cc9a395cba8b1b30010d34cb903d4ee357ab7e39d8b60d993fd99da1f8b",""
"data/raw/growth_dynamics_b12_methionine/20251208_bacteria_b12_methionine_2/20251209_093828_FB_OD600scan_96well_P0000000019_d12a6641-4d0c-48bd-aeac-668fa5facce1.csv","data/raw/growth_dynamics_b12_methionine/20251208_bacteria_b12_methionine_2/20251209_093828_FB_OD600scan_96well_P0000000019_d12a6641-4d0c-48bd-aeac-668fa5facce1.csv","instrument","plate-reader export","yes","git",2088,"c3fe28a7c5ffe8b733d043e7b0cc0818a6ee99ccbc8064c423951f72395e5b19",""
"data/raw/growth_dynamics_b12_methionine/20251208_bacteria_b12_methionine_2/20251209_094135_FB_OD600scan_96well_P0000000018_d12a6641-4d0c-48bd-aeac-668fa5facce1.csv","data/raw/growth_dynamics_b12_methionine/20251208_bacteria_b12_methionine_2/20251209_094135_FB_OD600scan_96well_P0000000018_d12a6641-4d0c-48bd-aeac-668fa5facce1.csv","instrument","plate-reader export","yes","git",2088,"c7bb093aba912b37f948a2734f57865cdb24e5d2c9728410f6f63734d3d71fd0",""
"data/raw/growth_dynamics_b12_methionine/20251208_bacteria_b12_methionine_2/20251209_094441_FB_OD600scan_96well_P0000000017_d12a6641-4d0c-48bd-aeac-668fa5facce1.csv","data/raw/growth_dynamics_b12_methionine/20251208_bacteria_b12_methionine_2/20251209_094441_FB_OD600scan_96well_P0000000017_d12a6641-4d0c-48bd-aeac-668fa5facce1.csv","instrument","plate-reader export","yes","git",2088,"e4b548d7fb251ca21f6c3ebe0c92e94b5dce96a1a28f5415357ff2f25347470a",""
"data/raw/growth_dynamics_b12_methionine/20251208_bacteria_b12_methionine_2/20251209_100743_FB_OD600scan_96well_P0000000015_d12a6641-4d0c-48bd-aeac-668fa5facce1.csv","data/raw/growth_dynamics_b12_methionine/20251208_bacteria_b12_methionine_2/20251209_100743_FB_OD600scan_96well_P0000000015_d12a6641-4d0c-48bd-aeac-668fa5facce1.csv","instrument","plate-reader export","yes","git",2089,"cc5e7159b6e9b49c9c67c0b43e2a1b8f9928bd8a965dd576b3a3575a854bac42",""
"data/raw/growth_dynamics_b12_methionine/20251208_bacteria_b12_methionine_2/20251209_101038_FB_OD600scan_96well_P0000000014_d12a6641-4d0c-48bd-aeac-668fa5facce1.csv","data/raw/growth_dynamics_b12_methionine/20251208_bacteria_b12_methionine_2/20251209_101038_FB_OD600scan_96well_P0000000014_d12a6641-4d0c-48bd-aeac-668fa5facce1.csv","instrument","plate-reader export","yes","git",2089,"1e2275ee0394ff56e036c2ce0124ba31cf71ecc06417c33477fccd38900f6c97",""
"data/raw/growth_dynamics_b12_methionine/20251208_bacteria_b12_methionine_2/20251209_101337_FB_OD600scan_96well_P0000000012_d12a6641-4d0c-48bd-aeac-668fa5facce1.csv","data/raw/growth_dynamics_b12_methionine/20251208_bacteria_b12_methionine_2/20251209_101337_FB_OD600scan_96well_P0000000012_d12a6641-4d0c-48bd-aeac-668fa5facce1.csv","instrument","plate-reader export","yes","git",2089,"7d1f2faa817d4f5bff1d7adf073276dde65b1f7f668f4753bc697456509489ed",""
"data/raw/growth_dynamics_b12_methionine/20251208_bacteria_b12_methionine_2/20251209_101634_FB_OD600scan_96well_P0000000011_d12a6641-4d0c-48bd-aeac-668fa5facce1.csv","data/raw/growth_dynamics_b12_methionine/20251208_bacteria_b12_methionine_2/20251209_101634_FB_OD600scan_96well_P0000000011_d12a6641-4d0c-48bd-aeac-668fa5facce1.csv","instrument","plate-reader export","yes","git",2089,"ce46ab3bb604a88922ef76fe2ea02d7ab139699f98a225c651efca2540d617d4",""
"data/raw/growth_dynamics_b12_methionine/20251208_bacteria_b12_methionine_2/20251209_101934_FB_OD600scan_96well_P0000000010_d12a6641-4d0c-48bd-aeac-668fa5facce1.csv","data/raw/growth_dynamics_b12_methionine/20251208_bacteria_b12_methionine_2/20251209_101934_FB_OD600scan_96well_P0000000010_d12a6641-4d0c-48bd-aeac-668fa5facce1.csv","instrument","plate-reader export","yes","git",2089,"889f2f3edd7d43a843238aa178114b805a6c22f8321a5f024b9b387c91394f84",""
"data/raw/growth_dynamics_b12_methionine/20251208_bacteria_b12_methionine_2/20251209_102234_FB_OD600scan_96well_P0000000009_d12a6641-4d0c-48bd-aeac-668fa5facce1.csv","data/raw/growth_dynamics_b12_methionine/20251208_bacteria_b12_methionine_2/20251209_102234_FB_OD600scan_96well_P0000000009_d12a6641-4d0c-48bd-aeac-668fa5facce1.csv","instrument","plate-reader export","yes","git",2089,"e8d6b1b14bb64499cc45fc9ac6da1427a2731a3430e18c4217c0c3b75d0f446f",""
"data/raw/growth_dynamics_b12_methionine/20251208_bacteria_b12_methionine_2/20251209_102535_FB_OD600scan_96well_P0000000008_d12a6641-4d0c-48bd-aeac-668fa5facce1.csv","data/raw/growth_dynamics_b12_methionine/20251208_bacteria_b12_methionine_2/20251209_102535_FB_OD600scan_96well_P0000000008_d12a6641-4d0c-48bd-aeac-668fa5facce1.csv","instrument","plate-reader export","yes","git",2089,"911d96b2e4ca5ee757cff086a17576c3a835f31fac0ea315ccc168db7ead65c3",""
"data/raw/growth_dynamics_b12_methionine/20251208_bacteria_b12_methionine_2/20251209_102836_FB_OD600scan_96well_P0000000007_d12a6641-4d0c-48bd-aeac-668fa5facce1.csv","data/raw/growth_dynamics_b12_methionine/20251208_bacteria_b12_methionine_2/20251209_102836_FB_OD600scan_96well_P0000000007_d12a6641-4d0c-48bd-aeac-668fa5facce1.csv","instrument","plate-reader export","yes","git",2089,"f99c5e61ff32d9847688b576c63d13d7ad9a0e17ec73b954dd6b4cd6a5ffb5ee",""
"data/raw/growth_dynamics_b12_methionine/20251208_bacteria_b12_methionine_2/20251209_103137_FB_OD600scan_96well_P0000000006_d12a6641-4d0c-48bd-aeac-668fa5facce1.csv","data/raw/growth_dynamics_b12_methionine/20251208_bacteria_b12_methionine_2/20251209_103137_FB_OD600scan_96well_P0000000006_d12a6641-4d0c-48bd-aeac-668fa5facce1.csv","instrument","plate-reader export","yes","git",2089,"4ffe04e5c54e33c2f5ea2e609dd30fc434d17ab2eddf15b935c316e853a4bf54",""
"data/raw/growth_dynamics_b12_methionine/20251208_bacteria_b12_methionine_2/20251209_103439_FB_OD600scan_96well_P0000000005_d12a6641-4d0c-48bd-aeac-668fa5facce1.csv","data/raw/growth_dynamics_b12_methionine/20251208_bacteria_b12_methionine_2/20251209_103439_FB_OD600scan_96well_P0000000005_d12a6641-4d0c-48bd-aeac-668fa5facce1.csv","instrument","plate-reader export","yes","git",2089,"5914bdbda24fffb48568a18955bb3cd9b9ed8fc459810ef21569877913f3fbb7",""
"data/raw/growth_dynamics_b12_methionine/20251208_bacteria_b12_methionine_2/20251209_103738_FB_OD600scan_96well_P0000000004_d12a6641-4d0c-48bd-aeac-668fa5facce1.csv","data/raw/growth_dynamics_b12_methionine/20251208_bacteria_b12_methionine_2/20251209_103738_FB_OD600scan_96well_P0000000004_d12a6641-4d0c-48bd-aeac-668fa5facce1.csv","instrument","plate-reader export","yes","git",2089,"03b361f60dbdcee8a0981a15f901bd1ea3a1c21589146d110737aaec28961af3",""
"data/raw/growth_dynamics_b12_methionine/20251208_bacteria_b12_methionine_2/20251209_104037_FB_OD600scan_96well_P0000000003_d12a6641-4d0c-48bd-aeac-668fa5facce1.csv","data/raw/growth_dynamics_b12_methionine/20251208_bacteria_b12_methionine_2/20251209_104037_FB_OD600scan_96well_P0000000003_d12a6641-4d0c-48bd-aeac-668fa5facce1.csv","instrument","plate-reader export","yes","git",2089,"fd2d4f934484c5327fab804ff0dfb90914427cfeb5b320a50bd9e2c572d1abd6",""
"data/raw/growth_dynamics_b12_methionine/20251208_bacteria_b12_methionine_2/20251209_104339_FB_OD600scan_96well_P0000000028_d12a6641-4d0c-48bd-aeac-668fa5facce1.csv","data/raw/growth_dynamics_b12_methionine/20251208_bacteria_b12_methionine_2/20251209_104339_FB_OD600scan_96well_P0000000028_d12a6641-4d0c-48bd-aeac-668fa5facce1.csv","instrument","plate-reader export","yes","git",2089,"051fd02142ff783a32df571df4eb3871556f53146942ca89acba4bf786517059",""
"data/raw/growth_dynamics_b12_methionine/20251208_bacteria_b12_methionine_2/20251209_104643_FB_OD600scan_96well_P0000000027_d12a6641-4d0c-48bd-aeac-668fa5facce1.csv","data/raw/growth_dynamics_b12_methionine/20251208_bacteria_b12_methionine_2/20251209_104643_FB_OD600scan_96well_P0000000027_d12a6641-4d0c-48bd-aeac-668fa5facce1.csv","instrument","plate-reader export","yes","git",2089,"fa3f06540130c1a0bcb9f10719a92714e5434e5d04394d064dd98ae94c04feec",""
"data/raw/growth_dynamics_b12_methionine/20251208_bacteria_b12_methionine_2/20251209_104947_FB_OD600scan_96well_P0000000026_d12a6641-4d0c-48bd-aeac-668fa5facce1.csv","data/raw/growth_dynamics_b12_methionine/20251208_bacteria_b12_methionine_2/20251209_104947_FB_OD600scan_96well_P0000000026_d12a6641-4d0c-48bd-aeac-668fa5facce1.csv","instrument","plate-reader export","yes","git",2089,"1102c7aabaf8bff82d0dada1cd76a27a8c7bb2866b975187ba42702e3a9cabf6",""
"data/raw/growth_dynamics_b12_methionine/20251208_bacteria_b12_methionine_2/20251209_105251_FB_OD600scan_96well_P0000000025_d12a6641-4d0c-48bd-aeac-668fa5facce1.csv","data/raw/growth_dynamics_b12_methionine/20251208_bacteria_b12_methionine_2/20251209_105251_FB_OD600scan_96well_P0000000025_d12a6641-4d0c-48bd-aeac-668fa5facce1.csv","instrument","plate-reader export","yes","git",2089,"8c55653c4a7e82b8b9267a1d4b033d0328efdd9d489bd438a20d79305bad17c3",""
"data/raw/growth_dynamics_b12_methionine/20251208_bacteria_b12_methionine_2/20251209_105552_FB_OD600scan_96well_P0000000024_d12a6641-4d0c-48bd-aeac-668fa5facce1.csv","data/raw/growth_dynamics_b12_methionine/20251208_bacteria_b12_methionine_2/20251209_105552_FB_OD600scan_96well_P0000000024_d12a6641-4d0c-48bd-aeac-668fa5facce1.csv","instrument","plate-reader export","yes","git",2089,"dcc9e2c1b722a6c3f69fad69a4db35c345329c0f279a03adabd38ecb61aabe5a",""
"data/raw/growth_dynamics_b12_methionine/20251208_bacteria_b12_methionine_2/20251209_105857_FB_OD600scan_96well_P0000000023_d12a6641-4d0c-48bd-aeac-668fa5facce1.csv","data/raw/growth_dynamics_b12_methionine/20251208_bacteria_b12_methionine_2/20251209_105857_FB_OD600scan_96well_P0000000023_d12a6641-4d0c-48bd-aeac-668fa5facce1.csv","instrument","plate-reader export","yes","git",2089,"26e126ba8899b607292fcfbc25a6723c3a4bc51e156070a8c5c06401066ca4f7",""
"data/raw/growth_dynamics_b12_methionine/20251208_bacteria_b12_methionine_2/20251209_110159_FB_OD600scan_96well_P0000000022_d12a6641-4d0c-48bd-aeac-668fa5facce1.csv","data/raw/growth_dynamics_b12_methionine/20251208_bacteria_b12_methionine_2/20251209_110159_FB_OD600scan_96well_P0000000022_d12a6641-4d0c-48bd-aeac-668fa5facce1.csv","instrument","plate-reader export","yes","git",2089,"2f78e8b3e9ede007df79964a597ea1765c5a935dc625cfe653536c1cf9c82f45",""
"data/raw/growth_dynamics_b12_methionine/20251208_bacteria_b12_methionine_2/20251209_110502_FB_OD600scan_96well_P0000000021_d12a6641-4d0c-48bd-aeac-668fa5facce1.csv","data/raw/growth_dynamics_b12_methionine/20251208_bacteria_b12_methionine_2/20251209_110502_FB_OD600scan_96well_P0000000021_d12a6641-4d0c-48bd-aeac-668fa5facce1.csv","instrument","plate-reader export","yes","git",2089,"12df618815c96f9249ef49cc5c33215b7b6e0ccd08d38bb17cefbd45018c98d1",""
"data/raw/growth_dynamics_b12_methionine/20251208_bacteria_b12_methionine_2/20251209_110805_FB_OD600scan_96well_P0000000020_d12a6641-4d0c-48bd-aeac-668fa5facce1.csv","data/raw/growth_dynamics_b12_methionine/20251208_bacteria_b12_methionine_2/20251209_110805_FB_OD600scan_96well_P0000000020_d12a6641-4d0c-48bd-aeac-668fa5facce1.csv","instrument","plate-reader export","yes","git",2089,"bf6c14bd8fc88b5fc8e8d962783a2738046f504b34c8c2a18bbb8f9b89c9b392",""
"data/raw/growth_dynamics_b12_methionine/20251208_bacteria_b12_methionine_2/20251209_111111_FB_OD600scan_96well_P0000000019_d12a6641-4d0c-48bd-aeac-668fa5facce1.csv","data/raw/growth_dynamics_b12_methionine/20251208_bacteria_b12_methionine_2/20251209_111111_FB_OD600scan_96well_P0000000019_d12a6641-4d0c-48bd-aeac-668fa5facce1.csv","instrument","plate-reader export","yes","git",2089,"446f3b61c9af57777a4fc612ba8432125c79530b49346ca9beac635e11d6b904",""
"data/raw/growth_dynamics_b12_methionine/20251208_bacteria_b12_methionine_2/20251209_111418_FB_OD600scan_96well_P0000000018_d12a6641-4d0c-48bd-aeac-668fa5facce1.csv","data/raw/growth_dynamics_b12_methionine/20251208_bacteria_b12_methionine_2/20251209_111418_FB_OD600scan_96well_P0000000018_d12a6641-4d0c-48bd-aeac-668fa5facce1.csv","instrument","plate-reader export","yes","git",2089,"ec757c25882afeed778c6e1a9c4245d9f996c01c3c8774cf36158b1118ce43f4",""
"data/raw/growth_dynamics_b12_methionine/20251208_bacteria_b12_methionine_2/20251209_111724_FB_OD600scan_96well_P0000000017_d12a6641-4d0c-48bd-aeac-668fa5facce1.csv","data/raw/growth_dynamics_b12_methionine/20251208_bacteria_b12_methionine_2/20251209_111724_FB_OD600scan_96well_P0000000017_d12a6641-4d0c-48bd-aeac-668fa5facce1.csv","instrument","plate-reader export","yes","git",2089,"e202585ff70171e669e4176934ebde2091796dd35c916873e73fd26cab3170c8",""
"data/raw/growth_dynamics_b12_methionine/20251208_bacteria_b12_methionine_2/20251209_114029_FB_OD600scan_96well_P0000000015_d12a6641-4d0c-48bd-aeac-668fa5facce1.csv","data/raw/growth_dynamics_b12_methionine/20251208_bacteria_b12_methionine_2/20251209_114029_FB_OD600scan_96well_P0000000015_d12a6641-4d0c-48bd-aeac-668fa5facce1.csv","instrument","plate-reader export","yes","git",2089,"66ae4111ecb23bd7826fd2c0359979bb76a414649b6af247fe300e4cd4c816d6",""
"data/raw/growth_dynamics_b12_methionine/20251208_bacteria_b12_methionine_2/20251209_114328_FB_OD600scan_96well_P0000000014_d12a6641-4d0c-48bd-aeac-668fa5facce1.csv","data/raw/growth_dynamics_b12_methionine/20251208_bacteria_b12_methionine_2/20251209_114328_FB_OD600scan_96well_P0000000014_d12a6641-4d0c-48bd-aeac-668fa5facce1.csv","instrument","plate-reader export","yes","git",2089,"aed5303c7dcb49d7b1f101e1333df26fc9c04a166e27dacc6a0b2a4686cdf462",""
"data/raw/growth_dynamics_b12_methionine/20251208_bacteria_b12_methionine_2/20251209_114624_FB_OD600scan_96well_P0000000012_d12a6641-4d0c-48bd-aeac-668fa5facce1.csv","data/raw/growth_dynamics_b12_methionine/20251208_bacteria_b12_methionine_2/20251209_114624_FB_OD600scan_96well_P0000000012_d12a6641-4d0c-48bd-aeac-668fa5facce1.csv","instrument","plate-reader export","yes","git",2089,"101d28378aea476b0cc0e09443a57740156464c56fb1b79f3ba28940dc835bcb",""
"data/raw/growth_dynamics_b12_methionine/20251208_bacteria_b12_methionine_2/20251209_114921_FB_OD600scan_96well_P0000000011_d12a6641-4d0c-48bd-aeac-668fa5facce1.csv","data/raw/growth_dynamics_b12_methionine/20251208_bacteria_b12_methionine_2/20251209_114921_FB_OD600scan_96well_P0000000011_d12a6641-4d0c-48bd-aeac-668fa5facce1.csv","instrument","plate-reader export","yes","git",2089,"b7018abd436c476345658a9e48f1301b9db2495ad2222e51cff2a673c88efc37",""
"data/raw/growth_dynamics_b12_methionine/20251208_bacteria_b12_methionine_2/20251209_115217_FB_OD600scan_96well_P0000000010_d12a6641-4d0c-48bd-aeac-668fa5facce1.csv","data/raw/growth_dynamics_b12_methionine/20251208_bacteria_b12_methionine_2/20251209_115217_FB_OD600scan_96well_P0000000010_d12a6641-4d0c-48bd-aeac-668fa5facce1.csv","instrument","plate-reader export","yes","git",2089,"dc5ec13d209511a1e933381c7eb6fd902c04c7c5aad827073efb876d01636725",""
"data/raw/growth_dynamics_b12_methionine/20251208_bacteria_b12_methionine_2/20251209_115517_FB_OD600scan_96well_P0000000009_d12a6641-4d0c-48bd-aeac-668fa5facce1.csv","data/raw/growth_dynamics_b12_methionine/20251208_bacteria_b12_methionine_2/20251209_115517_FB_OD600scan_96well_P0000000009_d12a6641-4d0c-48bd-aeac-668fa5facce1.csv","instrument","plate-reader export","yes","git",2089,"eb852380cd862ebf05e95be1ea03111122423987e06c80efe19c56f8e73ae8c0",""
"data/raw/growth_dynamics_b12_methionine/20251208_bacteria_b12_methionine_2/20251209_115817_FB_OD600scan_96well_P0000000008_d12a6641-4d0c-48bd-aeac-668fa5facce1.csv","data/raw/growth_dynamics_b12_methionine/20251208_bacteria_b12_methionine_2/20251209_115817_FB_OD600scan_96well_P0000000008_d12a6641-4d0c-48bd-aeac-668fa5facce1.csv","instrument","plate-reader export","yes","git",2089,"841d3e0d26204ed6996c2b6bdf57a5ce9626f7b61f623d8ae9b4857fdf3ade58",""
"data/raw/growth_dynamics_b12_methionine/20251208_bacteria_b12_methionine_2/20251209_120115_FB_OD600scan_96well_P0000000007_d12a6641-4d0c-48bd-aeac-668fa5facce1.csv","data/raw/growth_dynamics_b12_methionine/20251208_bacteria_b12_methionine_2/20251209_120115_FB_OD600scan_96well_P0000000007_d12a6641-4d0c-48bd-aeac-668fa5facce1.csv","instrument","plate-reader export","yes","git",2089,"e4b191477573c2b16d2dd36b7e270351ab296d9b90b6e9c46173dfcf9f3cbc25",""
"data/raw/growth_dynamics_b12_methionine/20251208_bacteria_b12_methionine_2/20251209_120413_FB_OD600scan_96well_P0000000006_d12a6641-4d0c-48bd-aeac-668fa5facce1.csv","data/raw/growth_dynamics_b12_methionine/20251208_bacteria_b12_methionine_2/20251209_120413_FB_OD600scan_96well_P0000000006_d12a6641-4d0c-48bd-aeac-668fa5facce1.csv","instrument","plate-reader export","yes","git",2089,"b980a60918e97f406d7d68023868c632c71e8c569b1f300223e5499fe9596ef2",""
"data/raw/growth_dynamics_b12_methionine/20251208_bacteria_b12_methionine_2/20251209_120714_FB_OD600scan_96well_P0000000005_d12a6641-4d0c-48bd-aeac-668fa5facce1.csv","data/raw/growth_dynamics_b12_methionine/20251208_bacteria_b12_methionine_2/20251209_120714_FB_OD600scan_96well_P0000000005_d12a6641-4d0c-48bd-aeac-668fa5facce1.csv","instrument","plate-reader export","yes","git",2089,"40c1691f7685f5969f6692769f8886784e2edf64d3e73bb468afd26b6b23f2d3",""
"data/raw/growth_dynamics_b12_methionine/20251208_bacteria_b12_methionine_2/20251209_121015_FB_OD600scan_96well_P0000000004_d12a6641-4d0c-48bd-aeac-668fa5facce1.csv","data/raw/growth_dynamics_b12_methionine/20251208_bacteria_b12_methionine_2/20251209_121015_FB_OD600scan_96well_P0000000004_d12a6641-4d0c-48bd-aeac-668fa5facce1.csv","instrument","plate-reader export","yes","git",2089,"dce52fc248aeef19005ebba3ad45921b22e19a42736b7cbcbca6098e2ef107ee",""
"data/raw/growth_dynamics_b12_methionine/20251208_bacteria_b12_methionine_2/20251209_121315_FB_OD600scan_96well_P0000000003_d12a6641-4d0c-48bd-aeac-668fa5facce1.csv","data/raw/growth_dynamics_b12_methionine/20251208_bacteria_b12_methionine_2/20251209_121315_FB_OD600scan_96well_P0000000003_d12a6641-4d0c-48bd-aeac-668fa5facce1.csv","instrument","plate-reader export","yes","git",2089,"6b094ff7c8b086a2a8712be83059df09c91a995fb7f5a9fc33bda8977504aa0c",""
"data/raw/growth_dynamics_b12_methionine/20251208_bacteria_b12_methionine_2/20251209_121617_FB_OD600scan_96well_P0000000028_d12a6641-4d0c-48bd-aeac-668fa5facce1.csv","data/raw/growth_dynamics_b12_methionine/20251208_bacteria_b12_methionine_2/20251209_121617_FB_OD600scan_96well_P0000000028_d12a6641-4d0c-48bd-aeac-668fa5facce1.csv","instrument","plate-reader export","yes","git",2089,"90debf2c199a18fe54e06edfc6069b93264941f6a129d589e2c68bec3f4b43b6",""
"data/raw/growth_dynamics_b12_methionine/20251208_bacteria_b12_methionine_2/20251209_121920_FB_OD600scan_96well_P0000000027_d12a6641-4d0c-48bd-aeac-668fa5facce1.csv","data/raw/growth_dynamics_b12_methionine/20251208_bacteria_b12_methionine_2/20251209_121920_FB_OD600scan_96well_P0000000027_d12a6641-4d0c-48bd-aeac-668fa5facce1.csv","instrument","plate-reader export","yes","git",2089,"b448c7df7b164532ddc16821ba200f4446ac1b5b5c99de98132a38712fd4bbc5",""
"data/raw/growth_dynamics_b12_methionine/20251208_bacteria_b12_methionine_2/20251209_122222_FB_OD600scan_96well_P0000000026_d12a6641-4d0c-48bd-aeac-668fa5facce1.csv","data/raw/growth_dynamics_b12_methionine/20251208_bacteria_b12_methionine_2/20251209_122222_FB_OD600scan_96well_P0000000026_d12a6641-4d0c-48bd-aeac-668fa5facce1.csv","instrument","plate-reader export","yes","git",2089,"512db5b63fef691721acb5dcf9e928270c48539804a500bc2fd90913b0c74bb9",""
"data/raw/growth_dynamics_b12_methionine/20251208_bacteria_b12_methionine_2/20251209_122526_FB_OD600scan_96well_P0000000025_d12a6641-4d0c-48bd-aeac-668fa5facce1.csv","data/raw/growth_dynamics_b12_methionine/20251208_bacteria_b12_methionine_2/20251209_122526_FB_OD600scan_96well_P0000000025_d12a6641-4d0c-48bd-aeac-668fa5facce1.csv","instrument","plate-reader export","yes","git",2089,"66db2b8116683069a88b789fc3c3487efd21567bfdd6303a656a0d0b828f4cc2",""
"data/raw/growth_dynamics_b12_methionine/20251208_bacteria_b12_methionine_2/20251209_122831_FB_OD600scan_96well_P0000000024_d12a6641-4d0c-48bd-aeac-668fa5facce1.csv","data/raw/growth_dynamics_b12_methionine/20251208_bacteria_b12_methionine_2/20251209_122831_FB_OD600scan_96well_P0000000024_d12a6641-4d0c-48bd-aeac-668fa5facce1.csv","instrument","plate-reader export","yes","git",2089,"1e078af9d3692e984db7c79de3792c6ed36e3c8ab33dbde6ef81dbc9d5dab2d0",""
"data/raw/growth_dynamics_b12_methionine/20251208_bacteria_b12_methionine_2/20251209_123135_FB_OD600scan_96well_P0000000023_d12a6641-4d0c-48bd-aeac-668fa5facce1.csv","data/raw/growth_dynamics_b12_methionine/20251208_bacteria_b12_methionine_2/20251209_123135_FB_OD600scan_96well_P0000000023_d12a6641-4d0c-48bd-aeac-668fa5facce1.csv","instrument","plate-reader export","yes","git",2089,"8ed9ef63a2b4a55a044739365b2579fc88f3aacdd606014f7dee24d14046e171",""
"data/raw/growth_dynamics_b12_methionine/20251208_bacteria_b12_methionine_2/20251209_123440_FB_OD600scan_96well_P0000000022_d12a6641-4d0c-48bd-aeac-668fa5facce1.csv","data/raw/growth_dynamics_b12_methionine/20251208_bacteria_b12_methionine_2/20251209_123440_FB_OD600scan_96well_P0000000022_d12a6641-4d0c-48bd-aeac-668fa5facce1.csv","instrument","plate-reader export","yes","git",2089,"eb90cd957c6bd9987db88884ca6bc12b2230caa745dc3df3d4d965a0d02c29af",""
"data/raw/growth_dynamics_b12_methionine/20251208_bacteria_b12_methionine_2/20251209_123745_FB_OD600scan_96well_P0000000021_d12a6641-4d0c-48bd-aeac-668fa5facce1.csv","data/raw/growth_dynamics_b12_methionine/20251208_bacteria_b12_methionine_2/20251209_123745_FB_OD600scan_96well_P0000000021_d12a6641-4d0c-48bd-aeac-668fa5facce1.csv","instrument","plate-reader export","yes","git",2089,"41ae00743cfba6f82ae36532dd46dfd5371d3debdb315429154699b73ce719d8",""
"data/raw/growth_dynamics_b12_methionine/20251208_bacteria_b12_methionine_2/20251209_124051_FB_OD600scan_96well_P0000000020_d12a6641-4d0c-48bd-aeac-668fa5facce1.csv","data/raw/growth_dynamics_b12_methionine/20251208_bacteria_b12_methionine_2/20251209_124051_FB_OD600scan_96well_P0000000020_d12a6641-4d0c-48bd-aeac-668fa5facce1.csv","instrument","plate-reader export","yes","git",2089,"704cbf3bf66fdb36fa300a434de87dade723b0c44fab9e0c3caddb0c7aa218f1",""
"data/raw/growth_dynamics_b12_methionine/20251208_bacteria_b12_methionine_2/20251209_124358_FB_OD600scan_96well_P0000000019_d12a6641-4d0c-48bd-aeac-668fa5facce1.csv","data/raw/growth_dynamics_b12_methionine/20251208_bacteria_b12_methionine_2/20251209_124358_FB_OD600scan_96well_P0000000019_d12a6641-4d0c-48bd-aeac-668fa5facce1.csv","instrument","plate-reader export","yes","git",2089,"3947a66b993501cdd65d466cbd2944516114731d92b9428b40c4ad177660cc5b",""
"data/raw/growth_dynamics_b12_methionine/20251208_bacteria_b12_methionine_2/20251209_124701_FB_OD600scan_96well_P0000000018_d12a6641-4d0c-48bd-aeac-668fa5facce1.csv","data/raw/growth_dynamics_b12_methionine/20251208_bacteria_b12_methionine_2/20251209_124701_FB_OD600scan_96well_P0000000018_d12a6641-4d0c-48bd-aeac-668fa5facce1.csv","instrument","plate-reader export","yes","git",2089,"cab8b4dee58e2eda120ee3bb19aee8b8e7ffde64b1968c7dafb4d8cf01c14853",""
"data/raw/growth_dynamics_b12_methionine/20251208_bacteria_b12_methionine_2/20251209_125008_FB_OD600scan_96well_P0000000017_d12a6641-4d0c-48bd-aeac-668fa5facce1.csv","data/raw/growth_dynamics_b12_methionine/20251208_bacteria_b12_methionine_2/20251209_125008_FB_OD600scan_96well_P0000000017_d12a6641-4d0c-48bd-aeac-668fa5facce1.csv","instrument","plate-reader export","yes","git",2089,"ad16cb57d579bfe2a8250e263624197c5ba035947c6432bde2555a5376365df1",""
"data/raw/growth_dynamics_b12_methionine/20251208_bacteria_b12_methionine_2/20251209_131309_FB_OD600scan_96well_P0000000015_d12a6641-4d0c-48bd-aeac-668fa5facce1.csv","data/raw/growth_dynamics_b12_methionine/20251208_bacteria_b12_methionine_2/20251209_131309_FB_OD600scan_96well_P0000000015_d12a6641-4d0c-48bd-aeac-668fa5facce1.csv","instrument","plate-reader export","yes","git",2088,"a0ddcd01f8eb020ee954a20092b9782cc9b099a6660a898b17622b7042022d62",""
"data/raw/growth_dynamics_b12_methionine/20251208_bacteria_b12_methionine_2/20251209_131607_FB_OD600scan_96well_P0000000014_d12a6641-4d0c-48bd-aeac-668fa5facce1.csv","data/raw/growth_dynamics_b12_methionine/20251208_bacteria_b12_methionine_2/20251209_131607_FB_OD600scan_96well_P0000000014_d12a6641-4d0c-48bd-aeac-668fa5facce1.csv","instrument","plate-reader export","yes","git",2088,"f0deb2fa535172f220fbcb4fd5b7061dc76a95c925637006ad8654fad04295da",""
"data/raw/growth_dynamics_b12_methionine/20251208_bacteria_b12_methionine_2/20251209_131904_FB_OD600scan_96well_P0000000012_d12a6641-4d0c-48bd-aeac-668fa5facce1.csv","data/raw/growth_dynamics_b12_methionine/20251208_bacteria_b12_methionine_2/20251209_131904_FB_OD600scan_96well_P0000000012_d12a6641-4d0c-48bd-aeac-668fa5facce1.csv","instrument","plate-reader export","yes","git",2088,"dbe14acd4fc6e2aa9d5d4310bad29112df8690a58f1e2903815df908008f5165",""
"data/raw/growth_dynamics_b12_methionine/20251208_bacteria_b12_methionine_2/20251209_132200_FB_OD600scan_96well_P0000000011_d12a6641-4d0c-48bd-aeac-668fa5facce1.csv","data/raw/growth_dynamics_b12_methionine/20251208_bacteria_b12_methionine_2/20251209_132200_FB_OD600scan_96well_P0000000011_d12a6641-4d0c-48bd-aeac-668fa5facce1.csv","instrument","plate-reader export","yes","git",2088,"4348909a849e37c4d660e75b6e8fce40bbfdaf72b256646b240612c28dba676b",""
"data/raw/growth_dynamics_b12_methionine/20251208_bacteria_b12_methionine_2/20251209_132500_FB_OD600scan_96well_P0000000010_d12a6641-4d0c-48bd-aeac-668fa5facce1.csv","data/raw/growth_dynamics_b12_methionine/20251208_bacteria_b12_methionine_2/20251209_132500_FB_OD600scan_96well_P0000000010_d12a6641-4d0c-48bd-aeac-668fa5facce1.csv","instrument","plate-reader export","yes","git",2088,"0f6c590d1378e82c33b3bd6c61d7c9ea98c713fdc93468bc20c808f0953eced1",""
"data/raw/growth_dynamics_b12_methionine/20251208_bacteria_b12_methionine_2/20251209_132801_FB_OD600scan_96well_P0000000009_d12a6641-4d0c-48bd-aeac-668fa5facce1.csv","data/raw/growth_dynamics_b12_methionine/20251208_bacteria_b12_methionine_2/20251209_132801_FB_OD600scan_96well_P0000000009_d12a6641-4d0c-48bd-aeac-668fa5facce1.csv","instrument","plate-reader export","yes","git",2088,"ec70d60e57f89e4cd310bcf4cd5c9591eaf4fbc605c032f57db0d661ad12dac3",""
"data/raw/growth_dynamics_b12_methionine/20251208_bacteria_b12_methionine_2/20251209_133100_FB_OD600scan_96well_P0000000008_d12a6641-4d0c-48bd-aeac-668fa5facce1.csv","data/raw/growth_dynamics_b12_methionine/20251208_bacteria_b12_methionine_2/20251209_133100_FB_OD600scan_96well_P0000000008_d12a6641-4d0c-48bd-aeac-668fa5facce1.csv","instrument","plate-reader export","yes","git",2088,"ce3a1225dfd6485e498eb8951b365ec2e1406c0b4ec11056ddb0fbd955b73884",""
"data/raw/growth_dynamics_b12_methionine/20251208_bacteria_b12_methionine_2/20251209_133401_FB_OD600scan_96well_P0000000007_d12a6641-4d0c-48bd-aeac-668fa5facce1.csv","data/raw/growth_dynamics_b12_methionine/20251208_bacteria_b12_methionine_2/20251209_133401_FB_OD600scan_96well_P0000000007_d12a6641-4d0c-48bd-aeac-668fa5facce1.csv","instrument","plate-reader export","yes","git",2088,"84697d1feb08b875fecd12810d810e7eab330e97daec38b16760fa9a7404f05c",""
"data/raw/growth_dynamics_b12_methionine/20251208_bacteria_b12_methionine_2/20251209_133659_FB_OD600scan_96well_P0000000006_d12a6641-4d0c-48bd-aeac-668fa5facce1.csv","data/raw/growth_dynamics_b12_methionine/20251208_bacteria_b12_methionine_2/20251209_133659_FB_OD600scan_96well_P0000000006_d12a6641-4d0c-48bd-aeac-668fa5facce1.csv","instrument","plate-reader export","yes","git",2088,"2ee58a068178e5078c28e087f64786fad749906d7305e909c27a4ec8427e2720",""
"data/raw/growth_dynamics_b12_methionine/20251208_bacteria_b12_methionine_2/20251209_134001_FB_OD600scan_96well_P0000000005_d12a6641-4d0c-48bd-aeac-668fa5facce1.csv","data/raw/growth_dynamics_b12_methionine/20251208_bacteria_b12_methionine_2/20251209_134001_FB_OD600scan_96well_P0000000005_d12a6641-4d0c-48bd-aeac-668fa5facce1.csv","instrument","plate-reader export","yes","git",2088,"819a1fab1c7e9231467fab2f89233c62d16ed09e30512ec18bb8342ff9341838",""
"data/raw/growth_dynamics_b12_methionine/20251208_bacteria_b12_methionine_2/20251209_134259_FB_OD600scan_96well_P0000000004_d12a6641-4d0c-48bd-aeac-668fa5facce1.csv","data/raw/growth_dynamics_b12_methionine/20251208_bacteria_b12_methionine_2/20251209_134259_FB_OD600scan_96well_P0000000004_d12a6641-4d0c-48bd-aeac-668fa5facce1.csv","instrument","plate-reader export","yes","git",2088,"70e9d178f8d4783372892f2879809428a740274c5a32d9f71060cba96bd595e1",""
"data/raw/growth_dynamics_b12_methionine/20251208_bacteria_b12_methionine_2/20251209_134601_FB_OD600scan_96well_P0000000003_d12a6641-4d0c-48bd-aeac-668fa5facce1.csv","data/raw/growth_dynamics_b12_methionine/20251208_bacteria_b12_methionine_2/20251209_134601_FB_OD600scan_96well_P0000000003_d12a6641-4d0c-48bd-aeac-668fa5facce1.csv","instrument","plate-reader export","yes","git",2088,"51db6d43850c08aa6c12b966e3769bf982c528b5b69cde096e75feb1562bb22b",""
"data/raw/growth_dynamics_b12_methionine/20251208_bacteria_b12_methionine_2/20251209_134901_FB_OD600scan_96well_P0000000028_d12a6641-4d0c-48bd-aeac-668fa5facce1.csv","data/raw/growth_dynamics_b12_methionine/20251208_bacteria_b12_methionine_2/20251209_134901_FB_OD600scan_96well_P0000000028_d12a6641-4d0c-48bd-aeac-668fa5facce1.csv","instrument","plate-reader export","yes","git",2088,"637ba60e7f5d5af4c65a43cdb229d92caed97b6d25d25a24f7d70c971ab53114",""
"data/raw/growth_dynamics_b12_methionine/20251208_bacteria_b12_methionine_2/20251209_135204_FB_OD600scan_96well_P0000000027_d12a6641-4d0c-48bd-aeac-668fa5facce1.csv","data/raw/growth_dynamics_b12_methionine/20251208_bacteria_b12_methionine_2/20251209_135204_FB_OD600scan_96well_P0000000027_d12a6641-4d0c-48bd-aeac-668fa5facce1.csv","instrument","plate-reader export","yes","git",2088,"8046247711c32a77e9570477da64b8fe7b0e170abc32e47d0306b2f22969ed1e",""
"data/raw/growth_dynamics_b12_methionine/20251208_bacteria_b12_methionine_2/20251209_135508_FB_OD600scan_96well_P0000000026_d12a6641-4d0c-48bd-aeac-668fa5facce1.csv","data/raw/growth_dynamics_b12_methionine/20251208_bacteria_b12_methionine_2/20251209_135508_FB_OD600scan_96well_P0000000026_d12a6641-4d0c-48bd-aeac-668fa5facce1.csv","instrument","plate-reader export","yes","git",2088,"f3f0a621e85429e9d8a523b882e2c85e505afb060159742b69ecfc86ab3a4aad",""
"data/raw/growth_dynamics_b12_methionine/20251208_bacteria_b12_methionine_2/20251209_135812_FB_OD600scan_96well_P0000000025_d12a6641-4d0c-48bd-aeac-668fa5facce1.csv","data/raw/growth_dynamics_b12_methionine/20251208_bacteria_b12_methionine_2/20251209_135812_FB_OD600scan_96well_P0000000025_d12a6641-4d0c-48bd-aeac-668fa5facce1.csv","instrument","plate-reader export","yes","git",2088,"b13e4719431c70b64fe790e31f2b118d8d002c4abe4697e7da20912c16e55a2a",""
"data/raw/growth_dynamics_b12_methionine/20251208_bacteria_b12_methionine_2/20251209_140114_FB_OD600scan_96well_P0000000024_d12a6641-4d0c-48bd-aeac-668fa5facce1.csv","data/raw/growth_dynamics_b12_methionine/20251208_bacteria_b12_methionine_2/20251209_140114_FB_OD600scan_96well_P0000000024_d12a6641-4d0c-48bd-aeac-668fa5facce1.csv","instrument","plate-reader export","yes","git",2088,"fcc0b50bda4256a816113fa04ca5146e6fa647d7e03c9efbb578c1cb4a787ed6",""
"data/raw/growth_dynamics_b12_methionine/20251208_bacteria_b12_methionine_2/20251209_140419_FB_OD600scan_96well_P0000000023_d12a6641-4d0c-48bd-aeac-668fa5facce1.csv","data/raw/growth_dynamics_b12_methionine/20251208_bacteria_b12_methionine_2/20251209_140419_FB_OD600scan_96well_P0000000023_d12a6641-4d0c-48bd-aeac-668fa5facce1.csv","instrument","plate-reader export","yes","git",2088,"6bc373482f8f08494575aa8ef7cc8f30e47baa0621f2653329bfce124c86acd3",""
"data/raw/growth_dynamics_b12_methionine/20251208_bacteria_b12_methionine_2/20251209_140721_FB_OD600scan_96well_P0000000022_d12a6641-4d0c-48bd-aeac-668fa5facce1.csv","data/raw/growth_dynamics_b12_methionine/20251208_bacteria_b12_methionine_2/20251209_140721_FB_OD600scan_96well_P0000000022_d12a6641-4d0c-48bd-aeac-668fa5facce1.csv","instrument","plate-reader export","yes","git",2088,"23bd4d64c3087307e4830279c6ba94a18c7b0c2f3eeb5af44d3c9b302183e8d9",""
"data/raw/growth_dynamics_b12_methionine/20251208_bacteria_b12_methionine_2/20251209_141027_FB_OD600scan_96well_P0000000021_d12a6641-4d0c-48bd-aeac-668fa5facce1.csv","data/raw/growth_dynamics_b12_methionine/20251208_bacteria_b12_methionine_2/20251209_141027_FB_OD600scan_96well_P0000000021_d12a6641-4d0c-48bd-aeac-668fa5facce1.csv","instrument","plate-reader export","yes","git",2088,"0f529bfd62b1c603fe161eeed2221883b77d602411a3ed4fe573b51e6aac0105",""
"data/raw/growth_dynamics_b12_methionine/20251208_bacteria_b12_methionine_2/20251209_141330_FB_OD600scan_96well_P0000000020_d12a6641-4d0c-48bd-aeac-668fa5facce1.csv","data/raw/growth_dynamics_b12_methionine/20251208_bacteria_b12_methionine_2/20251209_141330_FB_OD600scan_96well_P0000000020_d12a6641-4d0c-48bd-aeac-668fa5facce1.csv","instrument","plate-reader export","yes","git",2088,"300e1dcada06b8d66133c0b176cdfc179ce15b3159d001d6012e212a72607ef1",""
"data/raw/growth_dynamics_b12_methionine/20251208_bacteria_b12_methionine_2/20251209_141636_FB_OD600scan_96well_P0000000019_d12a6641-4d0c-48bd-aeac-668fa5facce1.csv","data/raw/growth_dynamics_b12_methionine/20251208_bacteria_b12_methionine_2/20251209_141636_FB_OD600scan_96well_P0000000019_d12a6641-4d0c-48bd-aeac-668fa5facce1.csv","instrument","plate-reader export","yes","git",2088,"fa47407ae5025d8bf756ff2d124517e17e64cedf15c031daa04d7798ec339044",""
"data/raw/growth_dynamics_b12_methionine/20251208_bacteria_b12_methionine_2/20251209_141943_FB_OD600scan_96well_P0000000018_d12a6641-4d0c-48bd-aeac-668fa5facce1.csv","data/raw/growth_dynamics_b12_methionine/20251208_bacteria_b12_methionine_2/20251209_141943_FB_OD600scan_96well_P0000000018_d12a6641-4d0c-48bd-aeac-668fa5facce1.csv","instrument","plate-reader export","yes","git",2088,"82e14ed3b6302d49e2b370a2716beb0a02f560ffaea283904b20e049047989f4",""
"data/raw/growth_dynamics_b12_methionine/20251208_bacteria_b12_methionine_2/20251209_142247_FB_OD600scan_96well_P0000000017_d12a6641-4d0c-48bd-aeac-668fa5facce1.csv","data/raw/growth_dynamics_b12_methionine/20251208_bacteria_b12_methionine_2/20251209_142247_FB_OD600scan_96well_P0000000017_d12a6641-4d0c-48bd-aeac-668fa5facce1.csv","instrument","plate-reader export","yes","git",2088,"2cbe6f6bf2ace5c3561bdb87ebb9bf4c4ddea0ad4ee0ee9f83284eb08a4408a1",""
"data/raw/growth_dynamics_b12_methionine/20251208_bacteria_b12_methionine_2/20251209_144548_FB_OD600scan_96well_P0000000015_d12a6641-4d0c-48bd-aeac-668fa5facce1.csv","data/raw/growth_dynamics_b12_methionine/20251208_bacteria_b12_methionine_2/20251209_144548_FB_OD600scan_96well_P0000000015_d12a6641-4d0c-48bd-aeac-668fa5facce1.csv","instrument","plate-reader export","yes","git",2088,"e27d83acf71e69a461384154651e307f9a6200bc95d9f150e9a00832b35f7caa",""
"data/raw/growth_dynamics_b12_methionine/20251208_bacteria_b12_methionine_2/20251209_144844_FB_OD600scan_96well_P0000000014_d12a6641-4d0c-48bd-aeac-668fa5facce1.csv","data/raw/growth_dynamics_b12_methionine/20251208_bacteria_b12_methionine_2/20251209_144844_FB_OD600scan_96well_P0000000014_d12a6641-4d0c-48bd-aeac-668fa5facce1.csv","instrument","plate-reader export","yes","git",2088,"9e1a7fce50b2d95aefeec363e34e3a5e141aeab8bcbb1d41f06732820793a648",""
"data/raw/growth_dynamics_b12_methionine/20251208_bacteria_b12_methionine_2/20251209_145139_FB_OD600scan_96well_P0000000012_d12a6641-4d0c-48bd-aeac-668fa5facce1.csv","data/raw/growth_dynamics_b12_methionine/20251208_bacteria_b12_methionine_2/20251209_145139_FB_OD600scan_96well_P0000000012_d12a6641-4d0c-48bd-aeac-668fa5facce1.csv","instrument","plate-reader export","yes","git",2088,"e524c1375f57efae9b0d4d4c12f8624101a0c11d89032509b96dd1cc244c8141",""
"data/raw/growth_dynamics_b12_methionine/20251208_bacteria_b12_methionine_2/20251209_145436_FB_OD600scan_96well_P0000000011_d12a6641-4d0c-48bd-aeac-668fa5facce1.csv","data/raw/growth_dynamics_b12_methionine/20251208_bacteria_b12_methionine_2/20251209_145436_FB_OD600scan_96well_P0000000011_d12a6641-4d0c-48bd-aeac-668fa5facce1.csv","instrument","plate-reader export","yes","git",2088,"6d9d1c80f1bc10a4bfae777b3d6d9fd558dc20f5ff2bb46fd9e20f32f59cffab",""
"data/raw/growth_dynamics_b12_methionine/20251208_bacteria_b12_methionine_2/20251209_145733_FB_OD600scan_96well_P0000000010_d12a6641-4d0c-48bd-aeac-668fa5facce1.csv","data/raw/growth_dynamics_b12_methionine/20251208_bacteria_b12_methionine_2/20251209_145733_FB_OD600scan_96well_P0000000010_d12a6641-4d0c-48bd-aeac-668fa5facce1.csv","instrument","plate-reader export","yes","git",2088,"6d1890604f5f0989515a26c7834404394ca449ec6f8c2bf40942764b2559435d",""
"data/raw/growth_dynamics_b12_methionine/20251208_bacteria_b12_methionine_2/20251209_150031_FB_OD600scan_96well_P0000000009_d12a6641-4d0c-48bd-aeac-668fa5facce1.csv","data/raw/growth_dynamics_b12_methionine/20251208_bacteria_b12_methionine_2/20251209_150031_FB_OD600scan_96well_P0000000009_d12a6641-4d0c-48bd-aeac-668fa5facce1.csv","instrument","plate-reader export","yes","git",2088,"0fa24c5bb9bf979d748af239b52e5c84fe46f128ebbff55237a01574b0be9d4d",""
"data/raw/growth_dynamics_b12_methionine/20251208_bacteria_b12_methionine_2/20251209_150331_FB_OD600scan_96well_P0000000008_d12a6641-4d0c-48bd-aeac-668fa5facce1.csv","data/raw/growth_dynamics_b12_methionine/20251208_bacteria_b12_methionine_2/20251209_150331_FB_OD600scan_96well_P0000000008_d12a6641-4d0c-48bd-aeac-668fa5facce1.csv","instrument","plate-reader export","yes","git",2088,"5017c896362e3e093cdf4926325ce331da2bdd79f766a3a8c9b54ff905d4ef18",""
"data/raw/growth_dynamics_b12_methionine/20251208_bacteria_b12_methionine_2/20251209_150631_FB_OD600scan_96well_P0000000007_d12a6641-4d0c-48bd-aeac-668fa5facce1.csv","data/raw/growth_dynamics_b12_methionine/20251208_bacteria_b12_methionine_2/20251209_150631_FB_OD600scan_96well_P0000000007_d12a6641-4d0c-48bd-aeac-668fa5facce1.csv","instrument","plate-reader export","yes","git",2088,"213b9fa1fa352337990882be5fe6eb976ec3d5b10131ea271f39ab0e46d8e5f8",""
"data/raw/growth_dynamics_b12_methionine/20251208_bacteria_b12_methionine_2/20251209_150930_FB_OD600scan_96well_P0000000006_d12a6641-4d0c-48bd-aeac-668fa5facce1.csv","data/raw/growth_dynamics_b12_methionine/20251208_bacteria_b12_methionine_2/20251209_150930_FB_OD600scan_96well_P0000000006_d12a6641-4d0c-48bd-aeac-668fa5facce1.csv","instrument","plate-reader export","yes","git",2088,"d353136bd1e60da3ff78163878f9a647def6c8fdc75e85bc6f04441258da1fb8",""
"data/raw/growth_dynamics_b12_methionine/20251208_bacteria_b12_methionine_2/20251209_151229_FB_OD600scan_96well_P0000000005_d12a6641-4d0c-48bd-aeac-668fa5facce1.csv","data/raw/growth_dynamics_b12_methionine/20251208_bacteria_b12_methionine_2/20251209_151229_FB_OD600scan_96well_P0000000005_d12a6641-4d0c-48bd-aeac-668fa5facce1.csv","instrument","plate-reader export","yes","git",2088,"3454ee9498928739d2a3240d448a433e3be1d1bc352f48f26cdb5ed4c0bd839c",""
"data/raw/growth_dynamics_b12_methionine/20251208_bacteria_b12_methionine_2/20251209_151527_FB_OD600scan_96well_P0000000004_d12a6641-4d0c-48bd-aeac-668fa5facce1.csv","data/raw/growth_dynamics_b12_methionine/20251208_bacteria_b12_methionine_2/20251209_151527_FB_OD600scan_96well_P0000000004_d12a6641-4d0c-48bd-aeac-668fa5facce1.csv","instrument","plate-reader export","yes","git",2088,"6870146e9dcc712720d05016073ccbaee5a1d43977515628bc136a264d452f1c",""
"data/raw/growth_dynamics_b12_methionine/20251208_bacteria_b12_methionine_2/20251209_151828_FB_OD600scan_96well_P0000000003_d12a6641-4d0c-48bd-aeac-668fa5facce1.csv","data/raw/growth_dynamics_b12_methionine/20251208_bacteria_b12_methionine_2/20251209_151828_FB_OD600scan_96well_P0000000003_d12a6641-4d0c-48bd-aeac-668fa5facce1.csv","instrument","plate-reader export","yes","git",2088,"0a0c7035cfb662ab6f1818d3faf69273dbedc11cea66838b2418061c86c144df",""
"data/raw/growth_dynamics_b12_methionine/20251208_bacteria_b12_methionine_2/20251209_152130_FB_OD600scan_96well_P0000000028_d12a6641-4d0c-48bd-aeac-668fa5facce1.csv","data/raw/growth_dynamics_b12_methionine/20251208_bacteria_b12_methionine_2/20251209_152130_FB_OD600scan_96well_P0000000028_d12a6641-4d0c-48bd-aeac-668fa5facce1.csv","instrument","plate-reader export","yes","git",2088,"4302f8bced4b8a2265e4cd35e332355f277c2625de637a91f7d2dfc3d1984c1f",""
"data/raw/growth_dynamics_b12_methionine/20251208_bacteria_b12_methionine_2/20251209_152431_FB_OD600scan_96well_P0000000027_d12a6641-4d0c-48bd-aeac-668fa5facce1.csv","data/raw/growth_dynamics_b12_methionine/20251208_bacteria_b12_methionine_2/20251209_152431_FB_OD600scan_96well_P0000000027_d12a6641-4d0c-48bd-aeac-668fa5facce1.csv","instrument","plate-reader export","yes","git",2088,"6880cfa1fac2a68195e5c619781e40595387d158da19f00e022d9d4309e83507",""
"data/raw/growth_dynamics_b12_methionine/20251208_bacteria_b12_methionine_2/20251209_152732_FB_OD600scan_96well_P0000000026_d12a6641-4d0c-48bd-aeac-668fa5facce1.csv","data/raw/growth_dynamics_b12_methionine/20251208_bacteria_b12_methionine_2/20251209_152732_FB_OD600scan_96well_P0000000026_d12a6641-4d0c-48bd-aeac-668fa5facce1.csv","instrument","plate-reader export","yes","git",2088,"e3f85834c1caa0bc798e57c2b6899dcccb1de20ca6748078485c19ebd5d09391",""
"data/raw/growth_dynamics_b12_methionine/20251208_bacteria_b12_methionine_2/20251209_153036_FB_OD600scan_96well_P0000000025_d12a6641-4d0c-48bd-aeac-668fa5facce1.csv","data/raw/growth_dynamics_b12_methionine/20251208_bacteria_b12_methionine_2/20251209_153036_FB_OD600scan_96well_P0000000025_d12a6641-4d0c-48bd-aeac-668fa5facce1.csv","instrument","plate-reader export","yes","git",2088,"91f18d9480f735577531a0f1bb94b73d8749217a4e6b84cb64bc4d320cabba26",""
"data/raw/growth_dynamics_b12_methionine/20251208_bacteria_b12_methionine_2/20251209_153340_FB_OD600scan_96well_P0000000024_d12a6641-4d0c-48bd-aeac-668fa5facce1.csv","data/raw/growth_dynamics_b12_methionine/20251208_bacteria_b12_methionine_2/20251209_153340_FB_OD600scan_96well_P0000000024_d12a6641-4d0c-48bd-aeac-668fa5facce1.csv","instrument","plate-reader export","yes","git",2088,"fdd8eee570a3c180605f7dd510550a2490142a75c3bd6e54936c86a19ddf461b",""
"data/raw/growth_dynamics_b12_methionine/20251208_bacteria_b12_methionine_2/20251209_153642_FB_OD600scan_96well_P0000000023_d12a6641-4d0c-48bd-aeac-668fa5facce1.csv","data/raw/growth_dynamics_b12_methionine/20251208_bacteria_b12_methionine_2/20251209_153642_FB_OD600scan_96well_P0000000023_d12a6641-4d0c-48bd-aeac-668fa5facce1.csv","instrument","plate-reader export","yes","git",2088,"af94f0bd563c593202472cb76e81db45c550de9e5237395471929fe00f5f09d7",""
"data/raw/growth_dynamics_b12_methionine/20251208_bacteria_b12_methionine_2/20251209_153948_FB_OD600scan_96well_P0000000022_d12a6641-4d0c-48bd-aeac-668fa5facce1.csv","data/raw/growth_dynamics_b12_methionine/20251208_bacteria_b12_methionine_2/20251209_153948_FB_OD600scan_96well_P0000000022_d12a6641-4d0c-48bd-aeac-668fa5facce1.csv","instrument","plate-reader export","yes","git",2088,"572b908ab5e3a1474292304b9973b7abfe0876d7edd58fd8950af9dc4909559d",""
"data/raw/growth_dynamics_b12_methionine/20251208_bacteria_b12_methionine_2/20251209_154253_FB_OD600scan_96well_P0000000021_d12a6641-4d0c-48bd-aeac-668fa5facce1.csv","data/raw/growth_dynamics_b12_methionine/20251208_bacteria_b12_methionine_2/20251209_154253_FB_OD600scan_96well_P0000000021_d12a6641-4d0c-48bd-aeac-668fa5facce1.csv","instrument","plate-reader export","yes","git",2088,"4f9d99f6bcd326b85e8912d65e66b8282e65a4eb5ab1f8537a95c0686f3e9488",""
"data/raw/growth_dynamics_b12_methionine/20251208_bacteria_b12_methionine_2/20251209_154556_FB_OD600scan_96well_P0000000020_d12a6641-4d0c-48bd-aeac-668fa5facce1.csv","data/raw/growth_dynamics_b12_methionine/20251208_bacteria_b12_methionine_2/20251209_154556_FB_OD600scan_96well_P0000000020_d12a6641-4d0c-48bd-aeac-668fa5facce1.csv","instrument","plate-reader export","yes","git",2088,"ac89fcd8a43dd480aa1923d5ee876d0becf6f3cd58de6ebfffdce253bb3f6c10",""
"data/raw/growth_dynamics_b12_methionine/20251208_bacteria_b12_methionine_2/20251209_154902_FB_OD600scan_96well_P0000000019_d12a6641-4d0c-48bd-aeac-668fa5facce1.csv","data/raw/growth_dynamics_b12_methionine/20251208_bacteria_b12_methionine_2/20251209_154902_FB_OD600scan_96well_P0000000019_d12a6641-4d0c-48bd-aeac-668fa5facce1.csv","instrument","plate-reader export","yes","git",2088,"ccd5008639bc9f896d203ada2d23c55df24ef794bcae10500756f51ab6744471",""
"data/raw/growth_dynamics_b12_methionine/20251208_bacteria_b12_methionine_2/20251209_155208_FB_OD600scan_96well_P0000000018_d12a6641-4d0c-48bd-aeac-668fa5facce1.csv","data/raw/growth_dynamics_b12_methionine/20251208_bacteria_b12_methionine_2/20251209_155208_FB_OD600scan_96well_P0000000018_d12a6641-4d0c-48bd-aeac-668fa5facce1.csv","instrument","plate-reader export","yes","git",2088,"210bc6bb1dce783d79f3cc6b0e44bb0bd4fa5cd61347c92e519ae2ac9400c371",""
"data/raw/growth_dynamics_b12_methionine/20251208_bacteria_b12_methionine_2/20251209_155512_FB_OD600scan_96well_P0000000017_d12a6641-4d0c-48bd-aeac-668fa5facce1.csv","data/raw/growth_dynamics_b12_methionine/20251208_bacteria_b12_methionine_2/20251209_155512_FB_OD600scan_96well_P0000000017_d12a6641-4d0c-48bd-aeac-668fa5facce1.csv","instrument","plate-reader export","yes","git",2088,"c3e3538c3c6602300935cefc8a4bf842555ed76e4ca9c45f659dbc21b41f0407",""
"data/raw/growth_dynamics_b12_methionine/20251208_bacteria_b12_methionine_2/20251209_161814_FB_OD600scan_96well_P0000000015_d12a6641-4d0c-48bd-aeac-668fa5facce1.csv","data/raw/growth_dynamics_b12_methionine/20251208_bacteria_b12_methionine_2/20251209_161814_FB_OD600scan_96well_P0000000015_d12a6641-4d0c-48bd-aeac-668fa5facce1.csv","instrument","plate-reader export","yes","git",2088,"e1cd25a65f0ee5fb16c001cb07445b15e231f742e8401de790b4c8d65a986e53",""
"data/raw/growth_dynamics_b12_methionine/20251208_bacteria_b12_methionine_2/20251209_162109_FB_OD600scan_96well_P0000000014_d12a6641-4d0c-48bd-aeac-668fa5facce1.csv","data/raw/growth_dynamics_b12_methionine/20251208_bacteria_b12_methionine_2/20251209_162109_FB_OD600scan_96well_P0000000014_d12a6641-4d0c-48bd-aeac-668fa5facce1.csv","instrument","plate-reader export","yes","git",2088,"b1e1ccb034e58d9fdbdacf645d26c460f70f8a076cd4699a62209a837629f625",""
"data/raw/growth_dynamics_b12_methionine/20251208_bacteria_b12_methionine_2/20251209_162408_FB_OD600scan_96well_P0000000012_d12a6641-4d0c-48bd-aeac-668fa5facce1.csv","data/raw/growth_dynamics_b12_methionine/20251208_bacteria_b12_methionine_2/20251209_162408_FB_OD600scan_96well_P0000000012_d12a6641-4d0c-48bd-aeac-668fa5facce1.csv","instrument","plate-reader export","yes","git",2088,"1440437c19d56c9ae2be8a02cf2ec8f9cf4e8e7049901e1afac87774a3b9c0a1",""
"data/raw/growth_dynamics_b12_methionine/20251208_bacteria_b12_methionine_2/20251209_162704_FB_OD600scan_96well_P0000000011_d12a6641-4d0c-48bd-aeac-668fa5facce1.csv","data/raw/growth_dynamics_b12_methionine/20251208_bacteria_b12_methionine_2/20251209_162704_FB_OD600scan_96well_P0000000011_d12a6641-4d0c-48bd-aeac-668fa5facce1.csv","instrument","plate-reader export","yes","git",2088,"6a8e52c6caae374bf066adc572e3831a02e2c5ce0f1b03d8c1d69d4142a012b9",""
"data/raw/growth_dynamics_b12_methionine/20251208_bacteria_b12_methionine_2/20251209_163004_FB_OD600scan_96well_P0000000010_d12a6641-4d0c-48bd-aeac-668fa5facce1.csv","data/raw/growth_dynamics_b12_methionine/20251208_bacteria_b12_methionine_2/20251209_163004_FB_OD600scan_96well_P0000000010_d12a6641-4d0c-48bd-aeac-668fa5facce1.csv","instrument","plate-reader export","yes","git",2088,"063d6f5c3cbb45857dd390207de5d67b6134ff865af7a6b70a4a764e8412e554",""
"data/raw/growth_dynamics_b12_methionine/20251208_bacteria_b12_methionine_2/20251209_163305_FB_OD600scan_96well_P0000000009_d12a6641-4d0c-48bd-aeac-668fa5facce1.csv","data/raw/growth_dynamics_b12_methionine/20251208_bacteria_b12_methionine_2/20251209_163305_FB_OD600scan_96well_P0000000009_d12a6641-4d0c-48bd-aeac-668fa5facce1.csv","instrument","plate-reader export","yes","git",2088,"d9cf9b38e0e777f71c7df9d02b8e3ae0c777ae40aef00751c0c7c9fc9e271d91",""
"data/raw/growth_dynamics_b12_methionine/20251208_bacteria_b12_methionine_2/20251209_163605_FB_OD600scan_96well_P0000000008_d12a6641-4d0c-48bd-aeac-668fa5facce1.csv","data/raw/growth_dynamics_b12_methionine/20251208_bacteria_b12_methionine_2/20251209_163605_FB_OD600scan_96well_P0000000008_d12a6641-4d0c-48bd-aeac-668fa5facce1.csv","instrument","plate-reader export","yes","git",2088,"9e6f9c41d8c0987f0f296fce7f5fe88868332e19d569f3d6a6d3843eaf724848",""
"data/raw/growth_dynamics_b12_methionine/20251208_bacteria_b12_methionine_2/20251209_163903_FB_OD600scan_96well_P0000000007_d12a6641-4d0c-48bd-aeac-668fa5facce1.csv","data/raw/growth_dynamics_b12_methionine/20251208_bacteria_b12_methionine_2/20251209_163903_FB_OD600scan_96well_P0000000007_d12a6641-4d0c-48bd-aeac-668fa5facce1.csv","instrument","plate-reader export","yes","git",2088,"4c1c4becfa8babdbff20b43b50865afaf9966e467503601b41d2969e5c11882b",""
"data/raw/growth_dynamics_b12_methionine/20251208_bacteria_b12_methionine_2/20251209_164204_FB_OD600scan_96well_P0000000006_d12a6641-4d0c-48bd-aeac-668fa5facce1.csv","data/raw/growth_dynamics_b12_methionine/20251208_bacteria_b12_methionine_2/20251209_164204_FB_OD600scan_96well_P0000000006_d12a6641-4d0c-48bd-aeac-668fa5facce1.csv","instrument","plate-reader export","yes","git",2088,"6dca5fb618f3a7eb6dc24113733d01d837237300fe3ac7284b7be27e3cfb57d8",""
"data/raw/growth_dynamics_b12_methionine/20251208_bacteria_b12_methionine_2/20251209_164503_FB_OD600scan_96well_P0000000005_d12a6641-4d0c-48bd-aeac-668fa5facce1.csv","data/raw/growth_dynamics_b12_methionine/20251208_bacteria_b12_methionine_2/20251209_164503_FB_OD600scan_96well_P0000000005_d12a6641-4d0c-48bd-aeac-668fa5facce1.csv","instrument","plate-reader export","yes","git",2088,"2f8d96ede708aaa9cf8b477f7072031232e74c8aca841697ba0c3d4d7d9d6701",""
"data/raw/growth_dynamics_b12_methionine/20251208_bacteria_b12_methionine_2/20251209_164805_FB_OD600scan_96well_P0000000004_d12a6641-4d0c-48bd-aeac-668fa5facce1.csv","data/raw/growth_dynamics_b12_methionine/20251208_bacteria_b12_methionine_2/20251209_164805_FB_OD600scan_96well_P0000000004_d12a6641-4d0c-48bd-aeac-668fa5facce1.csv","instrument","plate-reader export","yes","git",2088,"9bbd9cca2c2decba873e57d5bbb0d2ad243194479f2056b0e0fd5899a416f233",""
"data/raw/growth_dynamics_b12_methionine/20251208_bacteria_b12_methionine_2/20251209_165105_FB_OD600scan_96well_P0000000003_d12a6641-4d0c-48bd-aeac-668fa5facce1.csv","data/raw/growth_dynamics_b12_methionine/20251208_bacteria_b12_methionine_2/20251209_165105_FB_OD600scan_96well_P0000000003_d12a6641-4d0c-48bd-aeac-668fa5facce1.csv","instrument","plate-reader export","yes","git",2088,"8c56baf2a31493613e8626bbcf667c41a6dcbca2e3c66ffb7484aad12e4559d6",""
"data/raw/growth_dynamics_b12_methionine/20251208_bacteria_b12_methionine_2/20251209_165407_FB_OD600scan_96well_P0000000028_d12a6641-4d0c-48bd-aeac-668fa5facce1.csv","data/raw/growth_dynamics_b12_methionine/20251208_bacteria_b12_methionine_2/20251209_165407_FB_OD600scan_96well_P0000000028_d12a6641-4d0c-48bd-aeac-668fa5facce1.csv","instrument","plate-reader export","yes","git",2088,"9ace6f8be992bc475dc9f87adcc25725ec9a13663b9284f2a2969aa4353e38fd",""
"data/raw/growth_dynamics_b12_methionine/20251208_bacteria_b12_methionine_2/20251209_165708_FB_OD600scan_96well_P0000000027_d12a6641-4d0c-48bd-aeac-668fa5facce1.csv","data/raw/growth_dynamics_b12_methionine/20251208_bacteria_b12_methionine_2/20251209_165708_FB_OD600scan_96well_P0000000027_d12a6641-4d0c-48bd-aeac-668fa5facce1.csv","instrument","plate-reader export","yes","git",2088,"df0405a821f823c05cd6837361a830c4adf29c7f4f33aee48c4d12d7f40023ff",""
"data/raw/growth_dynamics_b12_methionine/20251208_bacteria_b12_methionine_2/20251209_170008_FB_OD600scan_96well_P0000000026_d12a6641-4d0c-48bd-aeac-668fa5facce1.csv","data/raw/growth_dynamics_b12_methionine/20251208_bacteria_b12_methionine_2/20251209_170008_FB_OD600scan_96well_P0000000026_d12a6641-4d0c-48bd-aeac-668fa5facce1.csv","instrument","plate-reader export","yes","git",2088,"68736ea979c241e4cf8010b5c17a1e1cdfd7e4483d7ca208a2173f772ac4b6e5",""
"data/raw/growth_dynamics_b12_methionine/20251208_bacteria_b12_methionine_2/20251209_170312_FB_OD600scan_96well_P0000000025_d12a6641-4d0c-48bd-aeac-668fa5facce1.csv","data/raw/growth_dynamics_b12_methionine/20251208_bacteria_b12_methionine_2/20251209_170312_FB_OD600scan_96well_P0000000025_d12a6641-4d0c-48bd-aeac-668fa5facce1.csv","instrument","plate-reader export","yes","git",2088,"d9012e6f675f7ab5465b8527fda2128d13f2e5f23e8a64df81a1121d01eb2bd2",""
"data/raw/growth_dynamics_b12_methionine/20251208_bacteria_b12_methionine_2/20251209_170617_FB_OD600scan_96well_P0000000024_d12a6641-4d0c-48bd-aeac-668fa5facce1.csv","data/raw/growth_dynamics_b12_methionine/20251208_bacteria_b12_methionine_2/20251209_170617_FB_OD600scan_96well_P0000000024_d12a6641-4d0c-48bd-aeac-668fa5facce1.csv","instrument","plate-reader export","yes","git",2088,"79ca1b0e6406ed51f5fda362478870ea73bf37fcc6b360efad6bd7a684698687",""
"data/raw/growth_dynamics_b12_methionine/20251208_bacteria_b12_methionine_2/20251209_170921_FB_OD600scan_96well_P0000000023_d12a6641-4d0c-48bd-aeac-668fa5facce1.csv","data/raw/growth_dynamics_b12_methionine/20251208_bacteria_b12_methionine_2/20251209_170921_FB_OD600scan_96well_P0000000023_d12a6641-4d0c-48bd-aeac-668fa5facce1.csv","instrument","plate-reader export","yes","git",2088,"8377cff260c4e07226893e8df4521599599803ddba1edec3a7baf000f9faded7",""
"data/raw/growth_dynamics_b12_methionine/20251208_bacteria_b12_methionine_2/20251209_171227_FB_OD600scan_96well_P0000000022_d12a6641-4d0c-48bd-aeac-668fa5facce1.csv","data/raw/growth_dynamics_b12_methionine/20251208_bacteria_b12_methionine_2/20251209_171227_FB_OD600scan_96well_P0000000022_d12a6641-4d0c-48bd-aeac-668fa5facce1.csv","instrument","plate-reader export","yes","git",2088,"f297f73e8f69b2109a9c81950e437332a72c4e09aa892677cab730d0404ec350",""
"data/raw/growth_dynamics_b12_methionine/20251208_bacteria_b12_methionine_2/20251209_171530_FB_OD600scan_96well_P0000000021_d12a6641-4d0c-48bd-aeac-668fa5facce1.csv","data/raw/growth_dynamics_b12_methionine/20251208_bacteria_b12_methionine_2/20251209_171530_FB_OD600scan_96well_P0000000021_d12a6641-4d0c-48bd-aeac-668fa5facce1.csv","instrument","plate-reader export","yes","git",2088,"d8c686da35427f477e808893665a3a3c13058d78b19038982f8b1df57d74f183",""
"data/raw/growth_dynamics_b12_methionine/20251208_bacteria_b12_methionine_2/20251209_171833_FB_OD600scan_96well_P0000000020_d12a6641-4d0c-48bd-aeac-668fa5facce1.csv","data/raw/growth_dynamics_b12_methionine/20251208_bacteria_b12_methionine_2/20251209_171833_FB_OD600scan_96well_P0000000020_d12a6641-4d0c-48bd-aeac-668fa5facce1.csv","instrument","plate-reader export","yes","git",2088,"00b660f2a055c38d0dabbd2b926bc3338fb0bc0022c22ccf1308637f07d8de76",""
"data/raw/growth_dynamics_b12_methionine/20251208_bacteria_b12_methionine_2/20251209_172137_FB_OD600scan_96well_P0000000019_d12a6641-4d0c-48bd-aeac-668fa5facce1.csv","data/raw/growth_dynamics_b12_methionine/20251208_bacteria_b12_methionine_2/20251209_172137_FB_OD600scan_96well_P0000000019_d12a6641-4d0c-48bd-aeac-668fa5facce1.csv","instrument","plate-reader export","yes","git",2088,"a2afe3fc12de123790dd5ccbfb62d12d03c8c0af33bf25fd6ad748b509e89b37",""
"data/raw/growth_dynamics_b12_methionine/20251208_bacteria_b12_methionine_2/20251209_172440_FB_OD600scan_96well_P0000000018_d12a6641-4d0c-48bd-aeac-668fa5facce1.csv","data/raw/growth_dynamics_b12_methionine/20251208_bacteria_b12_methionine_2/20251209_172440_FB_OD600scan_96well_P0000000018_d12a6641-4d0c-48bd-aeac-668fa5facce1.csv","instrument","plate-reader export","yes","git",2088,"cb819582824829b6343927f8c9acc4295836cd2bec398e031143e4c4203d5b9a",""
"data/raw/growth_dynamics_b12_methionine/20251208_bacteria_b12_methionine_2/20251209_172744_FB_OD600scan_96well_P0000000017_d12a6641-4d0c-48bd-aeac-668fa5facce1.csv","data/raw/growth_dynamics_b12_methionine/20251208_bacteria_b12_methionine_2/20251209_172744_FB_OD600scan_96well_P0000000017_d12a6641-4d0c-48bd-aeac-668fa5facce1.csv","instrument","plate-reader export","yes","git",2088,"fbf2e2982bbf2db41a13a3dd101b5ac5ecdc3c2f88916d5ec8cb70f3baedcf01",""
"data/raw/growth_dynamics_b12_methionine/20251208_bacteria_b12_methionine_2/20251209_175049_FB_OD600scan_96well_P0000000015_d12a6641-4d0c-48bd-aeac-668fa5facce1.csv","data/raw/growth_dynamics_b12_methionine/20251208_bacteria_b12_methionine_2/20251209_175049_FB_OD600scan_96well_P0000000015_d12a6641-4d0c-48bd-aeac-668fa5facce1.csv","instrument","plate-reader export","yes","git",2088,"db29485e9bb584515a7e7260e1a5a40be1dfbd912a5ff83d589534fbeff3246f",""
"data/raw/growth_dynamics_b12_methionine/20251208_bacteria_b12_methionine_2/20251209_175344_FB_OD600scan_96well_P0000000014_d12a6641-4d0c-48bd-aeac-668fa5facce1.csv","data/raw/growth_dynamics_b12_methionine/20251208_bacteria_b12_methionine_2/20251209_175344_FB_OD600scan_96well_P0000000014_d12a6641-4d0c-48bd-aeac-668fa5facce1.csv","instrument","plate-reader export","yes","git",2088,"f7b44d793a8f6be849d8d29420c5b5af323fbda90e3dec6f326fe897100a4090",""
"data/raw/growth_dynamics_b12_methionine/20251208_bacteria_b12_methionine_2/20251209_175640_FB_OD600scan_96well_P0000000012_d12a6641-4d0c-48bd-aeac-668fa5facce1.csv","data/raw/growth_dynamics_b12_methionine/20251208_bacteria_b12_methionine_2/20251209_175640_FB_OD600scan_96well_P0000000012_d12a6641-4d0c-48bd-aeac-668fa5facce1.csv","instrument","plate-reader export","yes","git",2088,"b7ccf7f53e5f9f9600634d06ce37ce3290a803cae2acf35748d11e1edca48903",""
"data/raw/growth_dynamics_b12_methionine/20251208_bacteria_b12_methionine_2/20251209_175937_FB_OD600scan_96well_P0000000011_d12a6641-4d0c-48bd-aeac-668fa5facce1.csv","data/raw/growth_dynamics_b12_methionine/20251208_bacteria_b12_methionine_2/20251209_175937_FB_OD600scan_96well_P0000000011_d12a6641-4d0c-48bd-aeac-668fa5facce1.csv","instrument","plate-reader export","yes","git",2088,"d2e82a8780a55e6b802cf1c94e8c9c4896d273d2783d7ddaeb6d2a28da9c7255",""
"data/raw/growth_dynamics_b12_methionine/20251208_bacteria_b12_methionine_2/20251209_180237_FB_OD600scan_96well_P0000000010_d12a6641-4d0c-48bd-aeac-668fa5facce1.csv","data/raw/growth_dynamics_b12_methionine/20251208_bacteria_b12_methionine_2/20251209_180237_FB_OD600scan_96well_P0000000010_d12a6641-4d0c-48bd-aeac-668fa5facce1.csv","instrument","plate-reader export","yes","git",2088,"b09a6d03aface88ee961920233da9ae637220281224d48ff22a6ee99fee28471",""
"data/raw/growth_dynamics_b12_methionine/20251208_bacteria_b12_methionine_2/20251209_180537_FB_OD600scan_96well_P0000000009_d12a6641-4d0c-48bd-aeac-668fa5facce1.csv","data/raw/growth_dynamics_b12_methionine/20251208_bacteria_b12_methionine_2/20251209_180537_FB_OD600scan_96well_P0000000009_d12a6641-4d0c-48bd-aeac-668fa5facce1.csv","instrument","plate-reader export","yes","git",2088,"9253db9dde2c95fba9b98b1ba45b65083d1d7c2cae48d6f6cda584599a9414c2",""
"data/raw/growth_dynamics_b12_methionine/20251208_bacteria_b12_methionine_2/20251209_180838_FB_OD600scan_96well_P0000000008_d12a6641-4d0c-48bd-aeac-668fa5facce1.csv","data/raw/growth_dynamics_b12_methionine/20251208_bacteria_b12_methionine_2/20251209_180838_FB_OD600scan_96well_P0000000008_d12a6641-4d0c-48bd-aeac-668fa5facce1.csv","instrument","plate-reader export","yes","git",2088,"0b112203a1117043399cdb43af022c053e3e3d4f518e1f9c3c5a0da0b2977ce3",""
"data/raw/growth_dynamics_b12_methionine/20251208_bacteria_b12_methionine_2/20251209_181136_FB_OD600scan_96well_P0000000007_d12a6641-4d0c-48bd-aeac-668fa5facce1.csv","data/raw/growth_dynamics_b12_methionine/20251208_bacteria_b12_methionine_2/20251209_181136_FB_OD600scan_96well_P0000000007_d12a6641-4d0c-48bd-aeac-668fa5facce1.csv","instrument","plate-reader export","yes","git",2088,"040beee40cb032aa37615208cc101e44c82766cf8a7eda12cba76ab52423b6e0",""
"data/raw/growth_dynamics_b12_methionine/20251208_bacteria_b12_methionine_2/20251209_181437_FB_OD600scan_96well_P0000000006_d12a6641-4d0c-48bd-aeac-668fa5facce1.csv","data/raw/growth_dynamics_b12_methionine/20251208_bacteria_b12_methionine_2/20251209_181437_FB_OD600scan_96well_P0000000006_d12a6641-4d0c-48bd-aeac-668fa5facce1.csv","instrument","plate-reader export","yes","git",2088,"b565af9d4deb5f33702986f9e44908bad8f4df383831c9bb34cbe1038dfb59f9",""
"data/raw/growth_dynamics_b12_methionine/20251208_bacteria_b12_methionine_2/20251209_181736_FB_OD600scan_96well_P0000000005_d12a6641-4d0c-48bd-aeac-668fa5facce1.csv","data/raw/growth_dynamics_b12_methionine/20251208_bacteria_b12_methionine_2/20251209_181736_FB_OD600scan_96well_P0000000005_d12a6641-4d0c-48bd-aeac-668fa5facce1.csv","instrument","plate-reader export","yes","git",2088,"8185b64c62c3468d91c7d5b4bb7f333a00b0ea48f19a1cae101903ce3526e436",""
"data/raw/growth_dynamics_b12_methionine/20251208_bacteria_b12_methionine_2/20251209_182034_FB_OD600scan_96well_P0000000004_d12a6641-4d0c-48bd-aeac-668fa5facce1.csv","data/raw/growth_dynamics_b12_methionine/20251208_bacteria_b12_methionine_2/20251209_182034_FB_OD600scan_96well_P0000000004_d12a6641-4d0c-48bd-aeac-668fa5facce1.csv","instrument","plate-reader export","yes","git",2088,"0ebf51793e8ff82d0b45120aed36207ec2c957aa54ef1bcc50f6219e80b7d7ae",""
"data/raw/growth_dynamics_b12_methionine/20251208_bacteria_b12_methionine_2/20251209_182337_FB_OD600scan_96well_P0000000003_d12a6641-4d0c-48bd-aeac-668fa5facce1.csv","data/raw/growth_dynamics_b12_methionine/20251208_bacteria_b12_methionine_2/20251209_182337_FB_OD600scan_96well_P0000000003_d12a6641-4d0c-48bd-aeac-668fa5facce1.csv","instrument","plate-reader export","yes","git",2088,"0e24396b0356e9dc70f2ffd4200ae1c345a89c17fe89be89a789b27cc12d459e",""
"data/raw/growth_dynamics_b12_methionine/20251208_bacteria_b12_methionine_2/20251209_182638_FB_OD600scan_96well_P0000000028_d12a6641-4d0c-48bd-aeac-668fa5facce1.csv","data/raw/growth_dynamics_b12_methionine/20251208_bacteria_b12_methionine_2/20251209_182638_FB_OD600scan_96well_P0000000028_d12a6641-4d0c-48bd-aeac-668fa5facce1.csv","instrument","plate-reader export","yes","git",2088,"6fd0b5a81368b2c729e4e40121af60e1057827e563f0ac6c6c93d2116b7e1edb",""
"data/raw/growth_dynamics_b12_methionine/20251208_bacteria_b12_methionine_2/20251209_182942_FB_OD600scan_96well_P0000000027_d12a6641-4d0c-48bd-aeac-668fa5facce1.csv","data/raw/growth_dynamics_b12_methionine/20251208_bacteria_b12_methionine_2/20251209_182942_FB_OD600scan_96well_P0000000027_d12a6641-4d0c-48bd-aeac-668fa5facce1.csv","instrument","plate-reader export","yes","git",2088,"d38d96cc84ebe1b6ff2759b172f2863adcb72a7524b78a041c90f29c51688622",""
"data/raw/growth_dynamics_b12_methionine/20251208_bacteria_b12_methionine_2/20251209_183243_FB_OD600scan_96well_P0000000026_d12a6641-4d0c-48bd-aeac-668fa5facce1.csv","data/raw/growth_dynamics_b12_methionine/20251208_bacteria_b12_methionine_2/20251209_183243_FB_OD600scan_96well_P0000000026_d12a6641-4d0c-48bd-aeac-668fa5facce1.csv","instrument","plate-reader export","yes","git",2088,"ea0308379b9751da7083ce043611b33870775c9e71221d055574affe5f678005",""
"data/raw/growth_dynamics_b12_methionine/20251208_bacteria_b12_methionine_2/20251209_183544_FB_OD600scan_96well_P0000000025_d12a6641-4d0c-48bd-aeac-668fa5facce1.csv","data/raw/growth_dynamics_b12_methionine/20251208_bacteria_b12_methionine_2/20251209_183544_FB_OD600scan_96well_P0000000025_d12a6641-4d0c-48bd-aeac-668fa5facce1.csv","instrument","plate-reader export","yes","git",2088,"2d54d6432d4fd244645f303a2a7db82b46128e1a6b79d79bdf918efd69a513f1",""
"data/raw/growth_dynamics_b12_methionine/20251208_bacteria_b12_methionine_2/20251209_183845_FB_OD600scan_96well_P0000000024_d12a6641-4d0c-48bd-aeac-668fa5facce1.csv","data/raw/growth_dynamics_b12_methionine/20251208_bacteria_b12_methionine_2/20251209_183845_FB_OD600scan_96well_P0000000024_d12a6641-4d0c-48bd-aeac-668fa5facce1.csv","instrument","plate-reader export","yes","git",2088,"0d80eae39ca78a7478d9e21b9273bf9baadaced514539dee32d465d1875c78df",""
"data/raw/growth_dynamics_b12_methionine/20251208_bacteria_b12_methionine_2/20251209_184151_FB_OD600scan_96well_P0000000023_d12a6641-4d0c-48bd-aeac-668fa5facce1.csv","data/raw/growth_dynamics_b12_methionine/20251208_bacteria_b12_methionine_2/20251209_184151_FB_OD600scan_96well_P0000000023_d12a6641-4d0c-48bd-aeac-668fa5facce1.csv","instrument","plate-reader export","yes","git",2088,"9e73d657ac4e8d6a796571520dedf49884fc5fd182089bdcfbb6ae8edc271886",""
"data/raw/growth_dynamics_b12_methionine/20251208_bacteria_b12_methionine_2/20251209_184456_FB_OD600scan_96well_P0000000022_d12a6641-4d0c-48bd-aeac-668fa5facce1.csv","data/raw/growth_dynamics_b12_methionine/20251208_bacteria_b12_methionine_2/20251209_184456_FB_OD600scan_96well_P0000000022_d12a6641-4d0c-48bd-aeac-668fa5facce1.csv","instrument","plate-reader export","yes","git",2088,"5b6206e46d02c428a4b468ecca493fb346ba3e9e26e661d2982b06056cb92105",""
"data/raw/growth_dynamics_b12_methionine/20251208_bacteria_b12_methionine_2/20251209_184801_FB_OD600scan_96well_P0000000021_d12a6641-4d0c-48bd-aeac-668fa5facce1.csv","data/raw/growth_dynamics_b12_methionine/20251208_bacteria_b12_methionine_2/20251209_184801_FB_OD600scan_96well_P0000000021_d12a6641-4d0c-48bd-aeac-668fa5facce1.csv","instrument","plate-reader export","yes","git",2088,"7764049fbd5d1d8ea09e2a91271cbed90debc117b1105c9050f16c9509bd9e6a",""
"data/raw/growth_dynamics_b12_methionine/20251208_bacteria_b12_methionine_2/20251209_185104_FB_OD600scan_96well_P0000000020_d12a6641-4d0c-48bd-aeac-668fa5facce1.csv","data/raw/growth_dynamics_b12_methionine/20251208_bacteria_b12_methionine_2/20251209_185104_FB_OD600scan_96well_P0000000020_d12a6641-4d0c-48bd-aeac-668fa5facce1.csv","instrument","plate-reader export","yes","git",2088,"9c1fdb0cba3292a29a48f7ea680a83dc8cd09356f266d8d4796b157f3c1edb22",""
"data/raw/growth_dynamics_b12_methionine/20251208_bacteria_b12_methionine_2/20251209_185411_FB_OD600scan_96well_P0000000019_d12a6641-4d0c-48bd-aeac-668fa5facce1.csv","data/raw/growth_dynamics_b12_methionine/20251208_bacteria_b12_methionine_2/20251209_185411_FB_OD600scan_96well_P0000000019_d12a6641-4d0c-48bd-aeac-668fa5facce1.csv","instrument","plate-reader export","yes","git",2088,"cc1ba257b9b3a0893dbf674575835f4e3e8e2c3bc499dba9e57fb64410ddeb3c",""
"data/raw/growth_dynamics_b12_methionine/20251208_bacteria_b12_methionine_2/20251209_185718_FB_OD600scan_96well_P0000000018_d12a6641-4d0c-48bd-aeac-668fa5facce1.csv","data/raw/growth_dynamics_b12_methionine/20251208_bacteria_b12_methionine_2/20251209_185718_FB_OD600scan_96well_P0000000018_d12a6641-4d0c-48bd-aeac-668fa5facce1.csv","instrument","plate-reader export","yes","git",2088,"590d2704c8a1ccecf20ef78eb2697440a4274ea16f92827f07f5834015fc5d33",""
"data/raw/growth_dynamics_b12_methionine/20251208_bacteria_b12_methionine_2/20251209_190021_FB_OD600scan_96well_P0000000017_d12a6641-4d0c-48bd-aeac-668fa5facce1.csv","data/raw/growth_dynamics_b12_methionine/20251208_bacteria_b12_methionine_2/20251209_190021_FB_OD600scan_96well_P0000000017_d12a6641-4d0c-48bd-aeac-668fa5facce1.csv","instrument","plate-reader export","yes","git",2088,"3c1f077fb7b36ae7e628684f1d024f8c432761cd61bd8a15307473c93dec326a",""
"data/raw/growth_dynamics_b12_methionine/20251208_bacteria_b12_methionine_2/20251209_192327_FB_OD600scan_96well_P0000000015_d12a6641-4d0c-48bd-aeac-668fa5facce1.csv","data/raw/growth_dynamics_b12_methionine/20251208_bacteria_b12_methionine_2/20251209_192327_FB_OD600scan_96well_P0000000015_d12a6641-4d0c-48bd-aeac-668fa5facce1.csv","instrument","plate-reader export","yes","git",2088,"b08e868b890e1bdb0d0cbb42cdabd77bb5aef4be5d5ab6a3044dbf433be8d02f",""
"data/raw/growth_dynamics_b12_methionine/20251208_bacteria_b12_methionine_2/20251209_192622_FB_OD600scan_96well_P0000000014_d12a6641-4d0c-48bd-aeac-668fa5facce1.csv","data/raw/growth_dynamics_b12_methionine/20251208_bacteria_b12_methionine_2/20251209_192622_FB_OD600scan_96well_P0000000014_d12a6641-4d0c-48bd-aeac-668fa5facce1.csv","instrument","plate-reader export","yes","git",2088,"321d33c91a4acede67fe3e6500301b9638a0c7857d20c14e27173b462315774a",""
"data/raw/growth_dynamics_b12_methionine/20251208_bacteria_b12_methionine_2/20251209_192921_FB_OD600scan_96well_P0000000012_d12a6641-4d0c-48bd-aeac-668fa5facce1.csv","data/raw/growth_dynamics_b12_methionine/20251208_bacteria_b12_methionine_2/20251209_192921_FB_OD600scan_96well_P0000000012_d12a6641-4d0c-48bd-aeac-668fa5facce1.csv","instrument","plate-reader export","yes","git",2088,"c03497a2b41a049cd6769b488f61e6752909399007bac2b21761f72f45fa8d10",""
"data/raw/growth_dynamics_b12_methionine/20251208_bacteria_b12_methionine_2/20251209_193217_FB_OD600scan_96well_P0000000011_d12a6641-4d0c-48bd-aeac-668fa5facce1.csv","data/raw/growth_dynamics_b12_methionine/20251208_bacteria_b12_methionine_2/20251209_193217_FB_OD600scan_96well_P0000000011_d12a6641-4d0c-48bd-aeac-668fa5facce1.csv","instrument","plate-reader export","yes","git",2088,"52c7d0deacaa71f96cabe5bb6a6a3bcfc5298875aac04fa2de208c83159bbfc1",""
"data/raw/growth_dynamics_b12_methionine/20251208_bacteria_b12_methionine_2/20251209_193514_FB_OD600scan_96well_P0000000010_d12a6641-4d0c-48bd-aeac-668fa5facce1.csv","data/raw/growth_dynamics_b12_methionine/20251208_bacteria_b12_methionine_2/20251209_193514_FB_OD600scan_96well_P0000000010_d12a6641-4d0c-48bd-aeac-668fa5facce1.csv","instrument","plate-reader export","yes","git",2088,"4bfbc3ee61fba83cc194bb4b6a7d43947cd606fc93af3b25c30f2389af2a1a37",""
"data/raw/growth_dynamics_b12_methionine/20251208_bacteria_b12_methionine_2/20251209_193812_FB_OD600scan_96well_P0000000009_d12a6641-4d0c-48bd-aeac-668fa5facce1.csv","data/raw/growth_dynamics_b12_methionine/20251208_bacteria_b12_methionine_2/20251209_193812_FB_OD600scan_96well_P0000000009_d12a6641-4d0c-48bd-aeac-668fa5facce1.csv","instrument","plate-reader export","yes","git",2088,"77c37d08922cf48363a5d52411b00b3aa662709b5238279ce0bd988d78b7ea9b",""
"data/raw/growth_dynamics_b12_methionine/20251208_bacteria_b12_methionine_2/20251209_194113_FB_OD600scan_96well_P0000000008_d12a6641-4d0c-48bd-aeac-668fa5facce1.csv","data/raw/growth_dynamics_b12_methionine/20251208_bacteria_b12_methionine_2/20251209_194113_FB_OD600scan_96well_P0000000008_d12a6641-4d0c-48bd-aeac-668fa5facce1.csv","instrument","plate-reader export","yes","git",2088,"f13313115764f18ec1c77d3ddcaf96a1049a5118332587094d61c8f810116220",""
"data/raw/growth_dynamics_b12_methionine/20251208_bacteria_b12_methionine_2/20251209_194413_FB_OD600scan_96well_P0000000007_d12a6641-4d0c-48bd-aeac-668fa5facce1.csv","data/raw/growth_dynamics_b12_methionine/20251208_bacteria_b12_methionine_2/20251209_194413_FB_OD600scan_96well_P0000000007_d12a6641-4d0c-48bd-aeac-668fa5facce1.csv","instrument","plate-reader export","yes","git",2088,"c6800a7fee2c1ffbc858f757a2a0efefc73ddc5af475ff33969a81a0045caf10",""
"data/raw/growth_dynamics_b12_methionine/20251208_bacteria_b12_methionine_2/20251209_194712_FB_OD600scan_96well_P0000000006_d12a6641-4d0c-48bd-aeac-668fa5facce1.csv","data/raw/growth_dynamics_b12_methionine/20251208_bacteria_b12_methionine_2/20251209_194712_FB_OD600scan_96well_P0000000006_d12a6641-4d0c-48bd-aeac-668fa5facce1.csv","instrument","plate-reader export","yes","git",2088,"7e9420a3fe02eb97eabde1290546039b91af6393b0d506fa1977785d832cb101",""
"data/raw/growth_dynamics_b12_methionine/20251208_bacteria_b12_methionine_2/20251209_195013_FB_OD600scan_96well_P0000000005_d12a6641-4d0c-48bd-aeac-668fa5facce1.csv","data/raw/growth_dynamics_b12_methionine/20251208_bacteria_b12_methionine_2/20251209_195013_FB_OD600scan_96well_P0000000005_d12a6641-4d0c-48bd-aeac-668fa5facce1.csv","instrument","plate-reader export","yes","git",2088,"af77bae7b708b79a3806892edd7de85cf72bb4c9dec993623d27239e4d0ee835",""
"data/raw/growth_dynamics_b12_methionine/20251208_bacteria_b12_methionine_2/20251209_195315_FB_OD600scan_96well_P0000000004_d12a6641-4d0c-48bd-aeac-668fa5facce1.csv","data/raw/growth_dynamics_b12_methionine/20251208_bacteria_b12_methionine_2/20251209_195315_FB_OD600scan_96well_P0000000004_d12a6641-4d0c-48bd-aeac-668fa5facce1.csv","instrument","plate-reader export","yes","git",2088,"b616f066eb8146c27d4e63180b0a3d5f769b45abb5347238ad0cb7692a068e87",""
"data/raw/growth_dynamics_b12_methionine/20251208_bacteria_b12_methionine_2/20251209_195614_FB_OD600scan_96well_P0000000003_d12a6641-4d0c-48bd-aeac-668fa5facce1.csv","data/raw/growth_dynamics_b12_methionine/20251208_bacteria_b12_methionine_2/20251209_195614_FB_OD600scan_96well_P0000000003_d12a6641-4d0c-48bd-aeac-668fa5facce1.csv","instrument","plate-reader export","yes","git",2088,"875c41d14a4068aebc8ba9623c1eb53f12470425daee17a1d4de60d2aaa3e991",""
"data/raw/growth_dynamics_b12_methionine/20251208_bacteria_b12_methionine_2/20251209_195918_FB_OD600scan_96well_P0000000028_d12a6641-4d0c-48bd-aeac-668fa5facce1.csv","data/raw/growth_dynamics_b12_methionine/20251208_bacteria_b12_methionine_2/20251209_195918_FB_OD600scan_96well_P0000000028_d12a6641-4d0c-48bd-aeac-668fa5facce1.csv","instrument","plate-reader export","yes","git",2088,"9928c7074b0d164618e408c32463f0b2d8f744b66c3be451e9af4b8f25d66c1d",""
"data/raw/growth_dynamics_b12_methionine/20251208_bacteria_b12_methionine_2/20251209_200221_FB_OD600scan_96well_P0000000027_d12a6641-4d0c-48bd-aeac-668fa5facce1.csv","data/raw/growth_dynamics_b12_methionine/20251208_bacteria_b12_methionine_2/20251209_200221_FB_OD600scan_96well_P0000000027_d12a6641-4d0c-48bd-aeac-668fa5facce1.csv","instrument","plate-reader export","yes","git",2088,"b89147aee976796c23cf996e2f55a3fb23284705157a907c678a923a010f541f",""
"data/raw/growth_dynamics_b12_methionine/20251208_bacteria_b12_methionine_2/20251209_200525_FB_OD600scan_96well_P0000000026_d12a6641-4d0c-48bd-aeac-668fa5facce1.csv","data/raw/growth_dynamics_b12_methionine/20251208_bacteria_b12_methionine_2/20251209_200525_FB_OD600scan_96well_P0000000026_d12a6641-4d0c-48bd-aeac-668fa5facce1.csv","instrument","plate-reader export","yes","git",2088,"c2042589cbd9371a33f550c696902b95858a4107ae4f8d1789ff58dd79b2d539",""
"data/raw/growth_dynamics_b12_methionine/20251208_bacteria_b12_methionine_2/20251209_200829_FB_OD600scan_96well_P0000000025_d12a6641-4d0c-48bd-aeac-668fa5facce1.csv","data/raw/growth_dynamics_b12_methionine/20251208_bacteria_b12_methionine_2/20251209_200829_FB_OD600scan_96well_P0000000025_d12a6641-4d0c-48bd-aeac-668fa5facce1.csv","instrument","plate-reader export","yes","git",2088,"abad25d80b11de24354e87b269a54b7bb4c18d655b863a5b029e5f183a146c14",""
"data/raw/growth_dynamics_b12_methionine/20251208_bacteria_b12_methionine_2/20251209_201134_FB_OD600scan_96well_P0000000024_d12a6641-4d0c-48bd-aeac-668fa5facce1.csv","data/raw/growth_dynamics_b12_methionine/20251208_bacteria_b12_methionine_2/20251209_201134_FB_OD600scan_96well_P0000000024_d12a6641-4d0c-48bd-aeac-668fa5facce1.csv","instrument","plate-reader export","yes","git",2088,"45d60a65dfb5fd1127be7c5a1dcaf1ff901faaa57e5381bd730b9c33e70bd1e1",""
"data/raw/growth_dynamics_b12_methionine/20251208_bacteria_b12_methionine_2/20251209_201436_FB_OD600scan_96well_P0000000023_d12a6641-4d0c-48bd-aeac-668fa5facce1.csv","data/raw/growth_dynamics_b12_methionine/20251208_bacteria_b12_methionine_2/20251209_201436_FB_OD600scan_96well_P0000000023_d12a6641-4d0c-48bd-aeac-668fa5facce1.csv","instrument","plate-reader export","yes","git",2088,"5137fd3f8d20cbc74f39b1ed818c3bb6a43deb8869d461354db3a82f7b2dc102",""
"data/raw/growth_dynamics_b12_methionine/20251208_bacteria_b12_methionine_2/20251209_201739_FB_OD600scan_96well_P0000000022_d12a6641-4d0c-48bd-aeac-668fa5facce1.csv","data/raw/growth_dynamics_b12_methionine/20251208_bacteria_b12_methionine_2/20251209_201739_FB_OD600scan_96well_P0000000022_d12a6641-4d0c-48bd-aeac-668fa5facce1.csv","instrument","plate-reader export","yes","git",2088,"77d161244c5d3b12b1c157d53c40a9c62ed36c79194d421c505be98d29f768b3",""
"data/raw/growth_dynamics_b12_methionine/20251208_bacteria_b12_methionine_2/20251209_202042_FB_OD600scan_96well_P0000000021_d12a6641-4d0c-48bd-aeac-668fa5facce1.csv","data/raw/growth_dynamics_b12_methionine/20251208_bacteria_b12_methionine_2/20251209_202042_FB_OD600scan_96well_P0000000021_d12a6641-4d0c-48bd-aeac-668fa5facce1.csv","instrument","plate-reader export","yes","git",2088,"79550e059251e4f26786b263da38a8c1684cb14ca28d8ec59bcfafb48a35cfb8",""
"data/raw/growth_dynamics_b12_methionine/20251208_bacteria_b12_methionine_2/20251209_202347_FB_OD600scan_96well_P0000000020_d12a6641-4d0c-48bd-aeac-668fa5facce1.csv","data/raw/growth_dynamics_b12_methionine/20251208_bacteria_b12_methionine_2/20251209_202347_FB_OD600scan_96well_P0000000020_d12a6641-4d0c-48bd-aeac-668fa5facce1.csv","instrument","plate-reader export","yes","git",2088,"5ceeb5a02a8f3da274e001724b35cc3a4169e5ba2ea9a634545f9369bf8e6787",""
"data/raw/growth_dynamics_b12_methionine/20251208_bacteria_b12_methionine_2/20251209_202653_FB_OD600scan_96well_P0000000019_d12a6641-4d0c-48bd-aeac-668fa5facce1.csv","data/raw/growth_dynamics_b12_methionine/20251208_bacteria_b12_methionine_2/20251209_202653_FB_OD600scan_96well_P0000000019_d12a6641-4d0c-48bd-aeac-668fa5facce1.csv","instrument","plate-reader export","yes","git",2088,"90159bfdf91a6aead84f962cb6d6f18d55bd84385460a3a2db87dbf031d02708",""
"data/raw/growth_dynamics_b12_methionine/20251208_bacteria_b12_methionine_2/20251209_202959_FB_OD600scan_96well_P0000000018_d12a6641-4d0c-48bd-aeac-668fa5facce1.csv","data/raw/growth_dynamics_b12_methionine/20251208_bacteria_b12_methionine_2/20251209_202959_FB_OD600scan_96well_P0000000018_d12a6641-4d0c-48bd-aeac-668fa5facce1.csv","instrument","plate-reader export","yes","git",2088,"1a9bd30a05e5dea9dfba94606a8beac88d23c142fbdaa839f0893dba87ff78ab",""
"data/raw/growth_dynamics_b12_methionine/20251208_bacteria_b12_methionine_2/20251209_203306_FB_OD600scan_96well_P0000000017_d12a6641-4d0c-48bd-aeac-668fa5facce1.csv","data/raw/growth_dynamics_b12_methionine/20251208_bacteria_b12_methionine_2/20251209_203306_FB_OD600scan_96well_P0000000017_d12a6641-4d0c-48bd-aeac-668fa5facce1.csv","instrument","plate-reader export","yes","git",2088,"708be66606688461050fbd53b141c8e7031955d79bd409903810345815789b9b",""
"data/raw/growth_dynamics_b12_methionine/20251208_bacteria_b12_methionine_2/20251209_205607_FB_OD600scan_96well_P0000000015_d12a6641-4d0c-48bd-aeac-668fa5facce1.csv","data/raw/growth_dynamics_b12_methionine/20251208_bacteria_b12_methionine_2/20251209_205607_FB_OD600scan_96well_P0000000015_d12a6641-4d0c-48bd-aeac-668fa5facce1.csv","instrument","plate-reader export","yes","git",2088,"50e2bcbe86a7f930fca892bedba6ff6b83aca00809f15c627b270d9684925e70",""
"data/raw/growth_dynamics_b12_methionine/20251208_bacteria_b12_methionine_2/20251209_205902_FB_OD600scan_96well_P0000000014_d12a6641-4d0c-48bd-aeac-668fa5facce1.csv","data/raw/growth_dynamics_b12_methionine/20251208_bacteria_b12_methionine_2/20251209_205902_FB_OD600scan_96well_P0000000014_d12a6641-4d0c-48bd-aeac-668fa5facce1.csv","instrument","plate-reader export","yes","git",2088,"1a3be841624f60f61ae00f3749209f988a009590525a89c85c23c632834414cd",""
"data/raw/growth_dynamics_b12_methionine/20251208_bacteria_b12_methionine_2/20251209_210158_FB_OD600scan_96well_P0000000012_d12a6641-4d0c-48bd-aeac-668fa5facce1.csv","data/raw/growth_dynamics_b12_methionine/20251208_bacteria_b12_methionine_2/20251209_210158_FB_OD600scan_96well_P0000000012_d12a6641-4d0c-48bd-aeac-668fa5facce1.csv","instrument","plate-reader export","yes","git",2088,"60a961796bde32cb98f375f7395d9e05ecfccbdd8208643f4daf48436b0f2d2a",""
"data/raw/growth_dynamics_b12_methionine/20251208_bacteria_b12_methionine_2/20251209_210458_FB_OD600scan_96well_P0000000011_d12a6641-4d0c-48bd-aeac-668fa5facce1.csv","data/raw/growth_dynamics_b12_methionine/20251208_bacteria_b12_methionine_2/20251209_210458_FB_OD600scan_96well_P0000000011_d12a6641-4d0c-48bd-aeac-668fa5facce1.csv","instrument","plate-reader export","yes","git",2088,"1bbdc971281728666b4b09f9016d838794c45a5109b0990960ca0e97bb577db8",""
"data/raw/growth_dynamics_b12_methionine/20251208_bacteria_b12_methionine_2/20251209_210757_FB_OD600scan_96well_P0000000010_d12a6641-4d0c-48bd-aeac-668fa5facce1.csv","data/raw/growth_dynamics_b12_methionine/20251208_bacteria_b12_methionine_2/20251209_210757_FB_OD600scan_96well_P0000000010_d12a6641-4d0c-48bd-aeac-668fa5facce1.csv","instrument","plate-reader export","yes","git",2088,"9e72c7a9e6dc34c81d7a0164dc6af5887f6abf60cdbde08acb571e8054051c03",""
"data/raw/growth_dynamics_b12_methionine/20251208_bacteria_b12_methionine_2/20251209_211105_FB_OD600scan_96well_P0000000009_d12a6641-4d0c-48bd-aeac-668fa5facce1.csv","data/raw/growth_dynamics_b12_methionine/20251208_bacteria_b12_methionine_2/20251209_211105_FB_OD600scan_96well_P0000000009_d12a6641-4d0c-48bd-aeac-668fa5facce1.csv","instrument","plate-reader export","yes","git",2088,"89b9fe50580200b9aec64e481c161baab51eb0828784655ef4c5fba522e0f684",""
"data/raw/growth_dynamics_b12_methionine/20251208_bacteria_b12_methionine_2/20251209_211402_FB_OD600scan_96well_P0000000008_d12a6641-4d0c-48bd-aeac-668fa5facce1.csv","data/raw/growth_dynamics_b12_methionine/20251208_bacteria_b12_methionine_2/20251209_211402_FB_OD600scan_96well_P0000000008_d12a6641-4d0c-48bd-aeac-668fa5facce1.csv","instrument","plate-reader export","yes","git",2088,"3472490b3cda5cbfddd5c8486dc2af44483f22a239eb1928566c7315a30fa96a",""
"data/raw/growth_dynamics_b12_methionine/20251208_bacteria_b12_methionine_2/20251209_211703_FB_OD600scan_96well_P0000000007_d12a6641-4d0c-48bd-aeac-668fa5facce1.csv","data/raw/growth_dynamics_b12_methionine/20251208_bacteria_b12_methionine_2/20251209_211703_FB_OD600scan_96well_P0000000007_d12a6641-4d0c-48bd-aeac-668fa5facce1.csv","instrument","plate-reader export","yes","git",2088,"9330c1b7705e0ee6037b023135f4ca9b8174744979a156053f211c8c5c94eb50",""
"data/raw/growth_dynamics_b12_methionine/20251208_bacteria_b12_methionine_2/20251209_212003_FB_OD600scan_96well_P0000000006_d12a6641-4d0c-48bd-aeac-668fa5facce1.csv","data/raw/growth_dynamics_b12_methionine/20251208_bacteria_b12_methionine_2/20251209_212003_FB_OD600scan_96well_P0000000006_d12a6641-4d0c-48bd-aeac-668fa5facce1.csv","instrument","plate-reader export","yes","git",2088,"a599d71ca85c147ecc9957326a378018bc8125988bcc2e0550ce8a1c019322b3",""
"data/raw/growth_dynamics_b12_methionine/20251208_bacteria_b12_methionine_2/20251209_212305_FB_OD600scan_96well_P0000000005_d12a6641-4d0c-48bd-aeac-668fa5facce1.csv","data/raw/growth_dynamics_b12_methionine/20251208_bacteria_b12_methionine_2/20251209_212305_FB_OD600scan_96well_P0000000005_d12a6641-4d0c-48bd-aeac-668fa5facce1.csv","instrument","plate-reader export","yes","git",2088,"6d5253e595b55b5079b58064766cb2f9cb9a9936597797fde5345cb0554b26b2",""
"data/raw/growth_dynamics_b12_methionine/20251208_bacteria_b12_methionine_2/20251209_212607_FB_OD600scan_96well_P0000000004_d12a6641-4d0c-48bd-aeac-668fa5facce1.csv","data/raw/growth_dynamics_b12_methionine/20251208_bacteria_b12_methionine_2/20251209_212607_FB_OD600scan_96well_P0000000004_d12a6641-4d0c-48bd-aeac-668fa5facce1.csv","instrument","plate-reader export","yes","git",2088,"a8d7137a6ff7175f8989cb459b5057e3a075b06820aedddbc224e5fe122d3a50",""
"data/raw/growth_dynamics_b12_methionine/20251208_bacteria_b12_methionine_2/20251209_212909_FB_OD600scan_96well_P0000000003_d12a6641-4d0c-48bd-aeac-668fa5facce1.csv","data/raw/growth_dynamics_b12_methionine/20251208_bacteria_b12_methionine_2/20251209_212909_FB_OD600scan_96well_P0000000003_d12a6641-4d0c-48bd-aeac-668fa5facce1.csv","instrument","plate-reader export","yes","git",2088,"1028cffbc0c6331ca23a01e4db6cdcddbcfddb23bbbc64fdda1ad7cb8724c33e",""
"data/raw/growth_dynamics_b12_methionine/20251208_bacteria_b12_methionine_2/20251209_213211_FB_OD600scan_96well_P0000000028_d12a6641-4d0c-48bd-aeac-668fa5facce1.csv","data/raw/growth_dynamics_b12_methionine/20251208_bacteria_b12_methionine_2/20251209_213211_FB_OD600scan_96well_P0000000028_d12a6641-4d0c-48bd-aeac-668fa5facce1.csv","instrument","plate-reader export","yes","git",2088,"5cb22ab341a9784d37ebf090668f177c8609ca387c4a630ae03888c641a0b678",""
"data/raw/growth_dynamics_b12_methionine/20251208_bacteria_b12_methionine_2/20251209_213515_FB_OD600scan_96well_P0000000027_d12a6641-4d0c-48bd-aeac-668fa5facce1.csv","data/raw/growth_dynamics_b12_methionine/20251208_bacteria_b12_methionine_2/20251209_213515_FB_OD600scan_96well_P0000000027_d12a6641-4d0c-48bd-aeac-668fa5facce1.csv","instrument","plate-reader export","yes","git",2088,"5af29418ffbc2a5f9f153c80c1d8be784ec0227ac61ec6584942b7030265c4e1",""
"data/raw/growth_dynamics_b12_methionine/20251208_bacteria_b12_methionine_2/20251209_213819_FB_OD600scan_96well_P0000000026_d12a6641-4d0c-48bd-aeac-668fa5facce1.csv","data/raw/growth_dynamics_b12_methionine/20251208_bacteria_b12_methionine_2/20251209_213819_FB_OD600scan_96well_P0000000026_d12a6641-4d0c-48bd-aeac-668fa5facce1.csv","instrument","plate-reader export","yes","git",2088,"99d32bad57d0627bb79e7aad3c34134f7b032b9f36f305a67557d2325fc8cb0e",""
"data/raw/growth_dynamics_b12_methionine/20251208_bacteria_b12_methionine_2/20251209_214119_FB_OD600scan_96well_P0000000025_d12a6641-4d0c-48bd-aeac-668fa5facce1.csv","data/raw/growth_dynamics_b12_methionine/20251208_bacteria_b12_methionine_2/20251209_214119_FB_OD600scan_96well_P0000000025_d12a6641-4d0c-48bd-aeac-668fa5facce1.csv","instrument","plate-reader export","yes","git",2088,"df6427ce179e0bbb23d33e373170e88bfe6cef508870c62047ca05beff8b8661",""
"data/raw/growth_dynamics_b12_methionine/20251208_bacteria_b12_methionine_2/20251209_214421_FB_OD600scan_96well_P0000000024_d12a6641-4d0c-48bd-aeac-668fa5facce1.csv","data/raw/growth_dynamics_b12_methionine/20251208_bacteria_b12_methionine_2/20251209_214421_FB_OD600scan_96well_P0000000024_d12a6641-4d0c-48bd-aeac-668fa5facce1.csv","instrument","plate-reader export","yes","git",2088,"4823b1d08d1422b614196945f2c89c2a9331eb30f4f2d102c7227bca6a3eadd3",""
"data/raw/growth_dynamics_b12_methionine/20251208_bacteria_b12_methionine_2/20251209_214723_FB_OD600scan_96well_P0000000023_d12a6641-4d0c-48bd-aeac-668fa5facce1.csv","data/raw/growth_dynamics_b12_methionine/20251208_bacteria_b12_methionine_2/20251209_214723_FB_OD600scan_96well_P0000000023_d12a6641-4d0c-48bd-aeac-668fa5facce1.csv","instrument","plate-reader export","yes","git",2088,"28a0b5012dd6aaaae7b2b3d8bd2b41a20d4ecb20735adc72133adff709c8485e",""
"data/raw/growth_dynamics_b12_methionine/20251208_bacteria_b12_methionine_2/20251209_215026_FB_OD600scan_96well_P0000000022_d12a6641-4d0c-48bd-aeac-668fa5facce1.csv","data/raw/growth_dynamics_b12_methionine/20251208_bacteria_b12_methionine_2/20251209_215026_FB_OD600scan_96well_P0000000022_d12a6641-4d0c-48bd-aeac-668fa5facce1.csv","instrument","plate-reader export","yes","git",2088,"c3cf917a1a6fe0a60985127a343b00d62e21b9e1bab30b21fc6edcb3415073b4",""
"data/raw/growth_dynamics_b12_methionine/20251208_bacteria_b12_methionine_2/20251209_215328_FB_OD600scan_96well_P0000000021_d12a6641-4d0c-48bd-aeac-668fa5facce1.csv","data/raw/growth_dynamics_b12_methionine/20251208_bacteria_b12_methionine_2/20251209_215328_FB_OD600scan_96well_P0000000021_d12a6641-4d0c-48bd-aeac-668fa5facce1.csv","instrument","plate-reader export","yes","git",2088,"aa594541ffa3696ae47c9fc8ca4d06d8648e040ff4fb16a3719637c74f8316e0",""
"data/raw/growth_dynamics_b12_methionine/20251208_bacteria_b12_methionine_2/20251209_215634_FB_OD600scan_96well_P0000000020_d12a6641-4d0c-48bd-aeac-668fa5facce1.csv","data/raw/growth_dynamics_b12_methionine/20251208_bacteria_b12_methionine_2/20251209_215634_FB_OD600scan_96well_P0000000020_d12a6641-4d0c-48bd-aeac-668fa5facce1.csv","instrument","plate-reader export","yes","git",2088,"57808aa0f3ba10a40a5c790203603336bdc5fb490e89c1e33036722c6e35edff",""
"data/raw/growth_dynamics_b12_methionine/20251208_bacteria_b12_methionine_2/20251209_215937_FB_OD600scan_96well_P0000000019_d12a6641-4d0c-48bd-aeac-668fa5facce1.csv","data/raw/growth_dynamics_b12_methionine/20251208_bacteria_b12_methionine_2/20251209_215937_FB_OD600scan_96well_P0000000019_d12a6641-4d0c-48bd-aeac-668fa5facce1.csv","instrument","plate-reader export","yes","git",2088,"f5199056756bd48be26b7541fd9ef65767d79f097f340967f0a7ffda2a486e50",""
"data/raw/growth_dynamics_b12_methionine/20251208_bacteria_b12_methionine_2/20251209_220241_FB_OD600scan_96well_P0000000018_d12a6641-4d0c-48bd-aeac-668fa5facce1.csv","data/raw/growth_dynamics_b12_methionine/20251208_bacteria_b12_methionine_2/20251209_220241_FB_OD600scan_96well_P0000000018_d12a6641-4d0c-48bd-aeac-668fa5facce1.csv","instrument","plate-reader export","yes","git",2089,"cdec2eca38b71e8d147718d44d76a8da53da1773151f366cb15082b5ae716579",""
"data/raw/growth_dynamics_b12_methionine/20251208_bacteria_b12_methionine_2/20251209_220547_FB_OD600scan_96well_P0000000017_d12a6641-4d0c-48bd-aeac-668fa5facce1.csv","data/raw/growth_dynamics_b12_methionine/20251208_bacteria_b12_methionine_2/20251209_220547_FB_OD600scan_96well_P0000000017_d12a6641-4d0c-48bd-aeac-668fa5facce1.csv","instrument","plate-reader export","yes","git",2089,"96690dd5cf5fdeaa0b443fe10e2648fdba1ae6e2a0a87674d3527fc4e4589197",""
"data/raw/growth_dynamics_b12_methionine/20251208_bacteria_b12_methionine_2/20251209_222852_FB_OD600scan_96well_P0000000015_d12a6641-4d0c-48bd-aeac-668fa5facce1.csv","data/raw/growth_dynamics_b12_methionine/20251208_bacteria_b12_methionine_2/20251209_222852_FB_OD600scan_96well_P0000000015_d12a6641-4d0c-48bd-aeac-668fa5facce1.csv","instrument","plate-reader export","yes","git",2089,"275ee4862b71e360108a3ae611ac424e1f1008d85c2e00a5cb7bc31dd88b18ee",""
"data/raw/growth_dynamics_b12_methionine/20251208_bacteria_b12_methionine_2/20251209_223150_FB_OD600scan_96well_P0000000014_d12a6641-4d0c-48bd-aeac-668fa5facce1.csv","data/raw/growth_dynamics_b12_methionine/20251208_bacteria_b12_methionine_2/20251209_223150_FB_OD600scan_96well_P0000000014_d12a6641-4d0c-48bd-aeac-668fa5facce1.csv","instrument","plate-reader export","yes","git",2089,"590c6aeea814b12d9b5e019bea9d5f37a0b583a215f6968bc9f74d56f69f3f39",""
"data/raw/growth_dynamics_b12_methionine/20251208_bacteria_b12_methionine_2/20251209_223447_FB_OD600scan_96well_P0000000012_d12a6641-4d0c-48bd-aeac-668fa5facce1.csv","data/raw/growth_dynamics_b12_methionine/20251208_bacteria_b12_methionine_2/20251209_223447_FB_OD600scan_96well_P0000000012_d12a6641-4d0c-48bd-aeac-668fa5facce1.csv","instrument","plate-reader export","yes","git",2089,"db7e774411edca38857c3564f845bedb96477d7d472ed23e066c1811942eff32",""
"data/raw/growth_dynamics_b12_methionine/20251208_bacteria_b12_methionine_2/20251209_223743_FB_OD600scan_96well_P0000000011_d12a6641-4d0c-48bd-aeac-668fa5facce1.csv","data/raw/growth_dynamics_b12_methionine/20251208_bacteria_b12_methionine_2/20251209_223743_FB_OD600scan_96well_P0000000011_d12a6641-4d0c-48bd-aeac-668fa5facce1.csv","instrument","plate-reader export","yes","git",2089,"910be8dd0a04eac8f4f219f5694c216fb878c505d931c8c7d32fe5d9c8868715",""
"data/raw/growth_dynamics_b12_methionine/20251208_bacteria_b12_methionine_2/20251209_224045_FB_OD600scan_96well_P0000000010_d12a6641-4d0c-48bd-aeac-668fa5facce1.csv","data/raw/growth_dynamics_b12_methionine/20251208_bacteria_b12_methionine_2/20251209_224045_FB_OD600scan_96well_P0000000010_d12a6641-4d0c-48bd-aeac-668fa5facce1.csv","instrument","plate-reader export","yes","git",2089,"c8d5bf5d539a043ba1296fd675aaa81b49c2b670ea383e7bc8311a4fc9d7e802",""
"data/raw/growth_dynamics_b12_methionine/20251208_bacteria_b12_methionine_2/20251209_224345_FB_OD600scan_96well_P0000000009_d12a6641-4d0c-48bd-aeac-668fa5facce1.csv","data/raw/growth_dynamics_b12_methionine/20251208_bacteria_b12_methionine_2/20251209_224345_FB_OD600scan_96well_P0000000009_d12a6641-4d0c-48bd-aeac-668fa5facce1.csv","instrument","plate-reader export","yes","git",2089,"48428ebd5fc9efd123be53490f3a722ad1f800529040e15618a32436c71f252a",""
"data/raw/growth_dynamics_b12_methionine/20251208_bacteria_b12_methionine_2/20251209_224646_FB_OD600scan_96well_P0000000008_d12a6641-4d0c-48bd-aeac-668fa5facce1.csv","data/raw/growth_dynamics_b12_methionine/20251208_bacteria_b12_methionine_2/20251209_224646_FB_OD600scan_96well_P0000000008_d12a6641-4d0c-48bd-aeac-668fa5facce1.csv","instrument","plate-reader export","yes","git",2089,"818d2dd20e75e4884f67d3e7c2d4a9726c28079e21fdd0e4502e0749d262f1ea",""
"data/raw/growth_dynamics_b12_methionine/20251208_bacteria_b12_methionine_2/20251209_224945_FB_OD600scan_96well_P0000000007_d12a6641-4d0c-48bd-aeac-668fa5facce1.csv","data/raw/growth_dynamics_b12_methionine/20251208_bacteria_b12_methionine_2/20251209_224945_FB_OD600scan_96well_P0000000007_d12a6641-4d0c-48bd-aeac-668fa5facce1.csv","instrument","plate-reader export","yes","git",2089,"ae5134de6961d74dd25870f1ca9106bcccfff5aec855fea48818f7511f808bcd",""
"data/raw/growth_dynamics_b12_methionine/20251208_bacteria_b12_methionine_2/20251209_225243_FB_OD600scan_96well_P0000000006_d12a6641-4d0c-48bd-aeac-668fa5facce1.csv","data/raw/growth_dynamics_b12_methionine/20251208_bacteria_b12_methionine_2/20251209_225243_FB_OD600scan_96well_P0000000006_d12a6641-4d0c-48bd-aeac-668fa5facce1.csv","instrument","plate-reader export","yes","git",2089,"6d74d4dc6bdbf8cdd6022e5358ee35724a2c2d7709f9e86b75ce304761db0ef3",""
"data/raw/growth_dynamics_b12_methionine/20251208_bacteria_b12_methionine_2/20251209_225542_FB_OD600scan_96well_P0000000005_d12a6641-4d0c-48bd-aeac-668fa5facce1.csv","data/raw/growth_dynamics_b12_methionine/20251208_bacteria_b12_methionine_2/20251209_225542_FB_OD600scan_96well_P0000000005_d12a6641-4d0c-48bd-aeac-668fa5facce1.csv","instrument","plate-reader export","yes","git",2089,"096028cd0dbe9244db3456ab59afb0c2318901f26f8069b7ce970f2f6c8524e0",""
"data/raw/growth_dynamics_b12_methionine/20251208_bacteria_b12_methionine_2/20251209_225844_FB_OD600scan_96well_P0000000004_d12a6641-4d0c-48bd-aeac-668fa5facce1.csv","data/raw/growth_dynamics_b12_methionine/20251208_bacteria_b12_methionine_2/20251209_225844_FB_OD600scan_96well_P0000000004_d12a6641-4d0c-48bd-aeac-668fa5facce1.csv","instrument","plate-reader export","yes","git",2089,"88703c3569e6b90461a5d8a1b08c667d67199e24fac80e5d0804be004a5e5428",""
"data/raw/growth_dynamics_b12_methionine/20251208_bacteria_b12_methionine_2/20251209_230147_FB_OD600scan_96well_P0000000003_d12a6641-4d0c-48bd-aeac-668fa5facce1.csv","data/raw/growth_dynamics_b12_methionine/20251208_bacteria_b12_methionine_2/20251209_230147_FB_OD600scan_96well_P0000000003_d12a6641-4d0c-48bd-aeac-668fa5facce1.csv","instrument","plate-reader export","yes","git",2089,"46f916e518b58c9a836c169d416e8b8aa29315967e09bce88c6ea02af11171ae",""
"data/raw/growth_dynamics_b12_methionine/20251208_bacteria_b12_methionine_2/20251209_230449_FB_OD600scan_96well_P0000000028_d12a6641-4d0c-48bd-aeac-668fa5facce1.csv","data/raw/growth_dynamics_b12_methionine/20251208_bacteria_b12_methionine_2/20251209_230449_FB_OD600scan_96well_P0000000028_d12a6641-4d0c-48bd-aeac-668fa5facce1.csv","instrument","plate-reader export","yes","git",2089,"31972cf3bac5c9de977b28508589c63221e967115e8c54d8421264db02dc5eab",""
"data/raw/growth_dynamics_b12_methionine/20251208_bacteria_b12_methionine_2/20251209_230753_FB_OD600scan_96well_P0000000027_d12a6641-4d0c-48bd-aeac-668fa5facce1.csv","data/raw/growth_dynamics_b12_methionine/20251208_bacteria_b12_methionine_2/20251209_230753_FB_OD600scan_96well_P0000000027_d12a6641-4d0c-48bd-aeac-668fa5facce1.csv","instrument","plate-reader export","yes","git",2089,"f6c9e41151ce9b4317c34a93d3a4034cf8caf4c3ce56cdaa49cfd7919b54cb86",""
"data/raw/growth_dynamics_b12_methionine/20251208_bacteria_b12_methionine_2/20251209_231054_FB_OD600scan_96well_P0000000026_d12a6641-4d0c-48bd-aeac-668fa5facce1.csv","data/raw/growth_dynamics_b12_methionine/20251208_bacteria_b12_methionine_2/20251209_231054_FB_OD600scan_96well_P0000000026_d12a6641-4d0c-48bd-aeac-668fa5facce1.csv","instrument","plate-reader export","yes","git",2089,"8dfddd64f6b5c9ece94f9a18d0c09d3e469c6dea3efcbeeb9c8d2ddae87d51c7",""
"data/raw/growth_dynamics_b12_methionine/20251208_bacteria_b12_methionine_2/20251209_231355_FB_OD600scan_96well_P0000000025_d12a6641-4d0c-48bd-aeac-668fa5facce1.csv","data/raw/growth_dynamics_b12_methionine/20251208_bacteria_b12_methionine_2/20251209_231355_FB_OD600scan_96well_P0000000025_d12a6641-4d0c-48bd-aeac-668fa5facce1.csv","instrument","plate-reader export","yes","git",2089,"479728ececa1fbc4f436eb971eeca7084b20523341d7cf650d4c2f3a6518672d",""
"data/raw/growth_dynamics_b12_methionine/20251208_bacteria_b12_methionine_2/20251209_231659_FB_OD600scan_96well_P0000000024_d12a6641-4d0c-48bd-aeac-668fa5facce1.csv","data/raw/growth_dynamics_b12_methionine/20251208_bacteria_b12_methionine_2/20251209_231659_FB_OD600scan_96well_P0000000024_d12a6641-4d0c-48bd-aeac-668fa5facce1.csv","instrument","plate-reader export","yes","git",2089,"20c7a9bd9e756661151499074b82ba15740052864570813f049d2c091ad69eab",""
"data/raw/growth_dynamics_b12_methionine/20251208_bacteria_b12_methionine_2/20251209_232004_FB_OD600scan_96well_P0000000023_d12a6641-4d0c-48bd-aeac-668fa5facce1.csv","data/raw/growth_dynamics_b12_methionine/20251208_bacteria_b12_methionine_2/20251209_232004_FB_OD600scan_96well_P0000000023_d12a6641-4d0c-48bd-aeac-668fa5facce1.csv","instrument","plate-reader export","yes","git",2089,"a534921d046f5782477e551b73fbe6fabbc1adae89b0ae3216e6a51a5353417c",""
"data/raw/growth_dynamics_b12_methionine/20251208_bacteria_b12_methionine_2/20251209_232305_FB_OD600scan_96well_P0000000022_d12a6641-4d0c-48bd-aeac-668fa5facce1.csv","data/raw/growth_dynamics_b12_methionine/20251208_bacteria_b12_methionine_2/20251209_232305_FB_OD600scan_96well_P0000000022_d12a6641-4d0c-48bd-aeac-668fa5facce1.csv","instrument","plate-reader export","yes","git",2089,"8e1ad025da3c0ed1dc8c8b75376694a4d2e9331943f1ca2e2400d5e63c7916be",""
"data/raw/growth_dynamics_b12_methionine/20251208_bacteria_b12_methionine_2/20251209_232611_FB_OD600scan_96well_P0000000021_d12a6641-4d0c-48bd-aeac-668fa5facce1.csv","data/raw/growth_dynamics_b12_methionine/20251208_bacteria_b12_methionine_2/20251209_232611_FB_OD600scan_96well_P0000000021_d12a6641-4d0c-48bd-aeac-668fa5facce1.csv","instrument","plate-reader export","yes","git",2089,"316015626b97f5ff3309d3855292f9d648274a373785d98c75be9679f07d0b4d",""
"data/raw/growth_dynamics_b12_methionine/20251208_bacteria_b12_methionine_2/20251209_232917_FB_OD600scan_96well_P0000000020_d12a6641-4d0c-48bd-aeac-668fa5facce1.csv","data/raw/growth_dynamics_b12_methionine/20251208_bacteria_b12_methionine_2/20251209_232917_FB_OD600scan_96well_P0000000020_d12a6641-4d0c-48bd-aeac-668fa5facce1.csv","instrument","plate-reader export","yes","git",2089,"dc2ce1090cea73b033d45fd184bbd655789b9edc6a28acd1241fc669b0fcc133",""
"data/raw/growth_dynamics_b12_methionine/20251208_bacteria_b12_methionine_2/20251209_233221_FB_OD600scan_96well_P0000000019_d12a6641-4d0c-48bd-aeac-668fa5facce1.csv","data/raw/growth_dynamics_b12_methionine/20251208_bacteria_b12_methionine_2/20251209_233221_FB_OD600scan_96well_P0000000019_d12a6641-4d0c-48bd-aeac-668fa5facce1.csv","instrument","plate-reader export","yes","git",2089,"63a196c8bf9a0e9736436f08d5d4a44292308470996105e0f9dce1f9216921a0",""
"data/raw/growth_dynamics_b12_methionine/20251208_bacteria_b12_methionine_2/20251209_233527_FB_OD600scan_96well_P0000000018_d12a6641-4d0c-48bd-aeac-668fa5facce1.csv","data/raw/growth_dynamics_b12_methionine/20251208_bacteria_b12_methionine_2/20251209_233527_FB_OD600scan_96well_P0000000018_d12a6641-4d0c-48bd-aeac-668fa5facce1.csv","instrument","plate-reader export","yes","git",2089,"59f5ed3da1fd060eff4738575edac193ffaec5d8bb3b57f2a02707e57b6a64cc",""
"data/raw/growth_dynamics_b12_methionine/20251208_bacteria_b12_methionine_2/20251209_233833_FB_OD600scan_96well_P0000000017_d12a6641-4d0c-48bd-aeac-668fa5facce1.csv","data/raw/growth_dynamics_b12_methionine/20251208_bacteria_b12_methionine_2/20251209_233833_FB_OD600scan_96well_P0000000017_d12a6641-4d0c-48bd-aeac-668fa5facce1.csv","instrument","plate-reader export","yes","git",2089,"83354bc8435f24767b6a0c84adaee8a424f61ec136906eafc22804ec979bc2bf",""
"data/raw/growth_dynamics_b12_methionine/20251208_bacteria_b12_methionine_2/20251210_000139_FB_OD600scan_96well_P0000000015_d12a6641-4d0c-48bd-aeac-668fa5facce1.csv","data/raw/growth_dynamics_b12_methionine/20251208_bacteria_b12_methionine_2/20251210_000139_FB_OD600scan_96well_P0000000015_d12a6641-4d0c-48bd-aeac-668fa5facce1.csv","instrument","plate-reader export","yes","git",2090,"1229b53843b0241a2ab50accd4a19a6c4ad12876be1ae0fb9c193f2cf19d4c66",""
"data/raw/growth_dynamics_b12_methionine/20251208_bacteria_b12_methionine_2/20251210_000438_FB_OD600scan_96well_P0000000014_d12a6641-4d0c-48bd-aeac-668fa5facce1.csv","data/raw/growth_dynamics_b12_methionine/20251208_bacteria_b12_methionine_2/20251210_000438_FB_OD600scan_96well_P0000000014_d12a6641-4d0c-48bd-aeac-668fa5facce1.csv","instrument","plate-reader export","yes","git",2090,"52c227dd53d0c758e952be40bbff4ffdf636bfa2fd80a6ea7273a23f15fe602b",""
"data/raw/growth_dynamics_b12_methionine/20251208_bacteria_b12_methionine_2/20251210_000736_FB_OD600scan_96well_P0000000012_d12a6641-4d0c-48bd-aeac-668fa5facce1.csv","data/raw/growth_dynamics_b12_methionine/20251208_bacteria_b12_methionine_2/20251210_000736_FB_OD600scan_96well_P0000000012_d12a6641-4d0c-48bd-aeac-668fa5facce1.csv","instrument","plate-reader export","yes","git",2090,"36a6d4658ebbe794a7ef2e8687bb1ee59c481308b0793aabe60c6671a8a4032d",""
"data/raw/growth_dynamics_b12_methionine/20251208_bacteria_b12_methionine_2/20251210_001032_FB_OD600scan_96well_P0000000011_d12a6641-4d0c-48bd-aeac-668fa5facce1.csv","data/raw/growth_dynamics_b12_methionine/20251208_bacteria_b12_methionine_2/20251210_001032_FB_OD600scan_96well_P0000000011_d12a6641-4d0c-48bd-aeac-668fa5facce1.csv","instrument","plate-reader export","yes","git",2090,"a9f225ad588688a85d4c1720fce63cfe2083f1fe0b4117c9af16d26df6f23cad",""
"data/raw/growth_dynamics_b12_methionine/20251208_bacteria_b12_methionine_2/20251210_001333_FB_OD600scan_96well_P0000000010_d12a6641-4d0c-48bd-aeac-668fa5facce1.csv","data/raw/growth_dynamics_b12_methionine/20251208_bacteria_b12_methionine_2/20251210_001333_FB_OD600scan_96well_P0000000010_d12a6641-4d0c-48bd-aeac-668fa5facce1.csv","instrument","plate-reader export","yes","git",2090,"d2db662aa2a6f79dd43faceb096b54af29c655dcf81d5f5a5ba1f508f5c77880",""
"data/raw/growth_dynamics_b12_methionine/20251208_bacteria_b12_methionine_2/20251210_001630_FB_OD600scan_96well_P0000000009_d12a6641-4d0c-48bd-aeac-668fa5facce1.csv","data/raw/growth_dynamics_b12_methionine/20251208_bacteria_b12_methionine_2/20251210_001630_FB_OD600scan_96well_P0000000009_d12a6641-4d0c-48bd-aeac-668fa5facce1.csv","instrument","plate-reader export","yes","git",2090,"6aca213d223843b03f6c6cbc2c8a7925a52ad701b2ecdbf9d76b496c98fbc803",""
"data/raw/growth_dynamics_b12_methionine/20251208_bacteria_b12_methionine_2/20251210_001931_FB_OD600scan_96well_P0000000008_d12a6641-4d0c-48bd-aeac-668fa5facce1.csv","data/raw/growth_dynamics_b12_methionine/20251208_bacteria_b12_methionine_2/20251210_001931_FB_OD600scan_96well_P0000000008_d12a6641-4d0c-48bd-aeac-668fa5facce1.csv","instrument","plate-reader export","yes","git",2090,"63681b3d03c7b9e2c8c7497720af44c96b07500703ad29d4ccd8198f44e64110",""
"data/raw/growth_dynamics_b12_methionine/20251208_bacteria_b12_methionine_2/20251210_002229_FB_OD600scan_96well_P0000000007_d12a6641-4d0c-48bd-aeac-668fa5facce1.csv","data/raw/growth_dynamics_b12_methionine/20251208_bacteria_b12_methionine_2/20251210_002229_FB_OD600scan_96well_P0000000007_d12a6641-4d0c-48bd-aeac-668fa5facce1.csv","instrument","plate-reader export","yes","git",2090,"e5ad3e73ebbfdebbf829bf0e877275dc764524a9c2c58e065fa33eb60c7a73d1",""
"data/raw/growth_dynamics_b12_methionine/20251208_bacteria_b12_methionine_2/20251210_002530_FB_OD600scan_96well_P0000000006_d12a6641-4d0c-48bd-aeac-668fa5facce1.csv","data/raw/growth_dynamics_b12_methionine/20251208_bacteria_b12_methionine_2/20251210_002530_FB_OD600scan_96well_P0000000006_d12a6641-4d0c-48bd-aeac-668fa5facce1.csv","instrument","plate-reader export","yes","git",2090,"9ecb2c9771fc7ff808142a9bb04063bb4b30bbc2a1ae75d8995e1d7d02a4a548",""
"data/raw/growth_dynamics_b12_methionine/20251208_bacteria_b12_methionine_2/20251210_002830_FB_OD600scan_96well_P0000000005_d12a6641-4d0c-48bd-aeac-668fa5facce1.csv","data/raw/growth_dynamics_b12_methionine/20251208_bacteria_b12_methionine_2/20251210_002830_FB_OD600scan_96well_P0000000005_d12a6641-4d0c-48bd-aeac-668fa5facce1.csv","instrument","plate-reader export","yes","git",2090,"136e752ae85dbd9175c1110afca4b30dbe11b00e294f29ec9542a99492163be8",""
"data/raw/growth_dynamics_b12_methionine/20251208_bacteria_b12_methionine_2/20251210_003129_FB_OD600scan_96well_P0000000004_d12a6641-4d0c-48bd-aeac-668fa5facce1.csv","data/raw/growth_dynamics_b12_methionine/20251208_bacteria_b12_methionine_2/20251210_003129_FB_OD600scan_96well_P0000000004_d12a6641-4d0c-48bd-aeac-668fa5facce1.csv","instrument","plate-reader export","yes","git",2090,"50c5df3d40db5cd9f08f63b7f1f8c851193f47e823fa9dfdaf416b6225ea39aa",""
"data/raw/growth_dynamics_b12_methionine/20251208_bacteria_b12_methionine_2/20251210_003432_FB_OD600scan_96well_P0000000003_d12a6641-4d0c-48bd-aeac-668fa5facce1.csv","data/raw/growth_dynamics_b12_methionine/20251208_bacteria_b12_methionine_2/20251210_003432_FB_OD600scan_96well_P0000000003_d12a6641-4d0c-48bd-aeac-668fa5facce1.csv","instrument","plate-reader export","yes","git",2090,"b50acb3f0f15d366d2253116104152c0b0f23cda875f18cf5d20bed0bd23e154",""
"data/raw/growth_dynamics_b12_methionine/20251208_bacteria_b12_methionine_2/20251210_003732_FB_OD600scan_96well_P0000000028_d12a6641-4d0c-48bd-aeac-668fa5facce1.csv","data/raw/growth_dynamics_b12_methionine/20251208_bacteria_b12_methionine_2/20251210_003732_FB_OD600scan_96well_P0000000028_d12a6641-4d0c-48bd-aeac-668fa5facce1.csv","instrument","plate-reader export","yes","git",2090,"c571deb2753fbabee657f774577e9c16ac94221aff4ca74f3c4a51e116aa0f63",""
"data/raw/growth_dynamics_b12_methionine/20251208_bacteria_b12_methionine_2/20251210_004032_FB_OD600scan_96well_P0000000027_d12a6641-4d0c-48bd-aeac-668fa5facce1.csv","data/raw/growth_dynamics_b12_methionine/20251208_bacteria_b12_methionine_2/20251210_004032_FB_OD600scan_96well_P0000000027_d12a6641-4d0c-48bd-aeac-668fa5facce1.csv","instrument","plate-reader export","yes","git",2090,"6583a0473263b4aeb227784914a0bb29b424800d0a1c022644bb40864a61e999",""
"data/raw/growth_dynamics_b12_methionine/20251208_bacteria_b12_methionine_2/20251210_004336_FB_OD600scan_96well_P0000000026_d12a6641-4d0c-48bd-aeac-668fa5facce1.csv","data/raw/growth_dynamics_b12_methionine/20251208_bacteria_b12_methionine_2/20251210_004336_FB_OD600scan_96well_P0000000026_d12a6641-4d0c-48bd-aeac-668fa5facce1.csv","instrument","plate-reader export","yes","git",2090,"014ea3c17efb756330f4a6c0436cf20b308e0af8f03e7126ca4efd4f721ba237",""
"data/raw/growth_dynamics_b12_methionine/20251208_bacteria_b12_methionine_2/20251210_004640_FB_OD600scan_96well_P0000000025_d12a6641-4d0c-48bd-aeac-668fa5facce1.csv","data/raw/growth_dynamics_b12_methionine/20251208_bacteria_b12_methionine_2/20251210_004640_FB_OD600scan_96well_P0000000025_d12a6641-4d0c-48bd-aeac-668fa5facce1.csv","instrument","plate-reader export","yes","git",2090,"299b4ea57e5d33873998357be0b25fd8844e89c07b760af09c15e2630fc3be87",""
"data/raw/growth_dynamics_b12_methionine/20251208_bacteria_b12_methionine_2/20251210_004944_FB_OD600scan_96well_P0000000024_d12a6641-4d0c-48bd-aeac-668fa5facce1.csv","data/raw/growth_dynamics_b12_methionine/20251208_bacteria_b12_methionine_2/20251210_004944_FB_OD600scan_96well_P0000000024_d12a6641-4d0c-48bd-aeac-668fa5facce1.csv","instrument","plate-reader export","yes","git",2090,"d6c86ff0c8b67aa461fc63efd0027b90bd842509fc521c6d26c473d7552703b1",""
"data/raw/growth_dynamics_b12_methionine/20251208_bacteria_b12_methionine_2/20251210_005249_FB_OD600scan_96well_P0000000023_d12a6641-4d0c-48bd-aeac-668fa5facce1.csv","data/raw/growth_dynamics_b12_methionine/20251208_bacteria_b12_methionine_2/20251210_005249_FB_OD600scan_96well_P0000000023_d12a6641-4d0c-48bd-aeac-668fa5facce1.csv","instrument","plate-reader export","yes","git",2090,"c82c72591e752bd6abe8688cc916d4db5676c18849ea0fb4d768dfce00b9906d",""
"data/raw/growth_dynamics_b12_methionine/20251208_bacteria_b12_methionine_2/20251210_005551_FB_OD600scan_96well_P0000000022_d12a6641-4d0c-48bd-aeac-668fa5facce1.csv","data/raw/growth_dynamics_b12_methionine/20251208_bacteria_b12_methionine_2/20251210_005551_FB_OD600scan_96well_P0000000022_d12a6641-4d0c-48bd-aeac-668fa5facce1.csv","instrument","plate-reader export","yes","git",2090,"a8446affc3f3de5b64f3b35030daa8ca118f752e8caf73993f24c574cc1283a7",""
"data/raw/growth_dynamics_b12_methionine/20251208_bacteria_b12_methionine_2/20251210_005856_FB_OD600scan_96well_P0000000021_d12a6641-4d0c-48bd-aeac-668fa5facce1.csv","data/raw/growth_dynamics_b12_methionine/20251208_bacteria_b12_methionine_2/20251210_005856_FB_OD600scan_96well_P0000000021_d12a6641-4d0c-48bd-aeac-668fa5facce1.csv","instrument","plate-reader export","yes","git",2090,"7ef3b4dbee0ffd1e3402fe5ee24748518bef8d813f15fe630be90ddfc25fecf0",""
"data/raw/growth_dynamics_b12_methionine/20251208_bacteria_b12_methionine_2/20251210_010200_FB_OD600scan_96well_P0000000020_d12a6641-4d0c-48bd-aeac-668fa5facce1.csv","data/raw/growth_dynamics_b12_methionine/20251208_bacteria_b12_methionine_2/20251210_010200_FB_OD600scan_96well_P0000000020_d12a6641-4d0c-48bd-aeac-668fa5facce1.csv","instrument","plate-reader export","yes","git",2089,"7976632a0273d9f5f4fe6c919c6369012c14363cfd4128581e82d0855f812f45",""
"data/raw/growth_dynamics_b12_methionine/20251208_bacteria_b12_methionine_2/20251210_010503_FB_OD600scan_96well_P0000000019_d12a6641-4d0c-48bd-aeac-668fa5facce1.csv","data/raw/growth_dynamics_b12_methionine/20251208_bacteria_b12_methionine_2/20251210_010503_FB_OD600scan_96well_P0000000019_d12a6641-4d0c-48bd-aeac-668fa5facce1.csv","instrument","plate-reader export","yes","git",2089,"bb07097ea7bd8095a6f68e4b64646dcb3b52fbef46428a193a8507245cea4afa",""
"data/raw/growth_dynamics_b12_methionine/20251208_bacteria_b12_methionine_2/20251210_010809_FB_OD600scan_96well_P0000000018_d12a6641-4d0c-48bd-aeac-668fa5facce1.csv","data/raw/growth_dynamics_b12_methionine/20251208_bacteria_b12_methionine_2/20251210_010809_FB_OD600scan_96well_P0000000018_d12a6641-4d0c-48bd-aeac-668fa5facce1.csv","instrument","plate-reader export","yes","git",2089,"a4702551cb7d23e6bda3d3a30e05eed07b9c7b8ce2ac565cda48e140166bcd9a",""
"data/raw/growth_dynamics_b12_methionine/20251208_bacteria_b12_methionine_2/20251210_011113_FB_OD600scan_96well_P0000000017_d12a6641-4d0c-48bd-aeac-668fa5facce1.csv","data/raw/growth_dynamics_b12_methionine/20251208_bacteria_b12_methionine_2/20251210_011113_FB_OD600scan_96well_P0000000017_d12a6641-4d0c-48bd-aeac-668fa5facce1.csv","instrument","plate-reader export","yes","git",2089,"5ab387382913ef9d457850764ddaf0cdd9b509c646af3c57177269f6f2baeca4",""
"data/raw/growth_dynamics_b12_methionine/20251208_bacteria_b12_methionine_2/20251210_013415_FB_OD600scan_96well_P0000000015_d12a6641-4d0c-48bd-aeac-668fa5facce1.csv","data/raw/growth_dynamics_b12_methionine/20251208_bacteria_b12_methionine_2/20251210_013415_FB_OD600scan_96well_P0000000015_d12a6641-4d0c-48bd-aeac-668fa5facce1.csv","instrument","plate-reader export","yes","git",2089,"dd6921c8be8789f69b6bda837b8286d95c04d60decaf3413dc71f933995419fb",""
"data/raw/growth_dynamics_b12_methionine/20251208_bacteria_b12_methionine_2/20251210_013714_FB_OD600scan_96well_P0000000014_d12a6641-4d0c-48bd-aeac-668fa5facce1.csv","data/raw/growth_dynamics_b12_methionine/20251208_bacteria_b12_methionine_2/20251210_013714_FB_OD600scan_96well_P0000000014_d12a6641-4d0c-48bd-aeac-668fa5facce1.csv","instrument","plate-reader export","yes","git",2089,"b1976b90865174191fd78e949e615c69fb35c7176612c0fb506fdc3ecb16d4d9",""
"data/raw/growth_dynamics_b12_methionine/20251208_bacteria_b12_methionine_2/20251210_014013_FB_OD600scan_96well_P0000000012_d12a6641-4d0c-48bd-aeac-668fa5facce1.csv","data/raw/growth_dynamics_b12_methionine/20251208_bacteria_b12_methionine_2/20251210_014013_FB_OD600scan_96well_P0000000012_d12a6641-4d0c-48bd-aeac-668fa5facce1.csv","instrument","plate-reader export","yes","git",2089,"6cf4018f6cba9e39376098be4744f8e07c3ab44901fcac2c31a559d782387fe1",""
"data/raw/growth_dynamics_b12_methionine/20251208_bacteria_b12_methionine_2/20251210_014311_FB_OD600scan_96well_P0000000011_d12a6641-4d0c-48bd-aeac-668fa5facce1.csv","data/raw/growth_dynamics_b12_methionine/20251208_bacteria_b12_methionine_2/20251210_014311_FB_OD600scan_96well_P0000000011_d12a6641-4d0c-48bd-aeac-668fa5facce1.csv","instrument","plate-reader export","yes","git",2089,"b83e998119b042e2c2260ea9cb10d701b5a97c4033da980c5fa5fc749980e4b0",""
"data/raw/growth_dynamics_b12_methionine/20251208_bacteria_b12_methionine_2/20251210_014611_FB_OD600scan_96well_P0000000010_d12a6641-4d0c-48bd-aeac-668fa5facce1.csv","data/raw/growth_dynamics_b12_methionine/20251208_bacteria_b12_methionine_2/20251210_014611_FB_OD600scan_96well_P0000000010_d12a6641-4d0c-48bd-aeac-668fa5facce1.csv","instrument","plate-reader export","yes","git",2089,"57cc3fa7e515c45a8dbd56227dc85a20896d3c34db73ff8abc89cab4ebed561e",""
"data/raw/growth_dynamics_b12_methionine/20251208_bacteria_b12_methionine_2/20251210_014912_FB_OD600scan_96well_P0000000009_d12a6641-4d0c-48bd-aeac-668fa5facce1.csv","data/raw/growth_dynamics_b12_methionine/20251208_bacteria_b12_methionine_2/20251210_014912_FB_OD600scan_96well_P0000000009_d12a6641-4d0c-48bd-aeac-668fa5facce1.csv","instrument","plate-reader export","yes","git",2089,"0994ad67d5005b0ee8500fa5485240a0b762daafee85b3235ae0ab64d3a14cbf",""
"data/raw/growth_dynamics_b12_methionine/20251208_bacteria_b12_methionine_2/20251210_015211_FB_OD600scan_96well_P0000000008_d12a6641-4d0c-48bd-aeac-668fa5facce1.csv","data/raw/growth_dynamics_b12_methionine/20251208_bacteria_b12_methionine_2/20251210_015211_FB_OD600scan_96well_P0000000008_d12a6641-4d0c-48bd-aeac-668fa5facce1.csv","instrument","plate-reader export","yes","git",2089,"ccea1af0384c41fc19b0e727eb09cd84f93081648ab37dccddd2478f7a3e19ea",""
"data/raw/growth_dynamics_b12_methionine/20251208_bacteria_b12_methionine_2/20251210_015512_FB_OD600scan_96well_P0000000007_d12a6641-4d0c-48bd-aeac-668fa5facce1.csv","data/raw/growth_dynamics_b12_methionine/20251208_bacteria_b12_methionine_2/20251210_015512_FB_OD600scan_96well_P0000000007_d12a6641-4d0c-48bd-aeac-668fa5facce1.csv","instrument","plate-reader export","yes","git",2089,"45e863a412ee3dba466012ed7e9710bc8469846f65bd819463c9cb8514213b9a",""
"data/raw/growth_dynamics_b12_methionine/20251208_bacteria_b12_methionine_2/20251210_015813_FB_OD600scan_96well_P0000000006_d12a6641-4d0c-48bd-aeac-668fa5facce1.csv","data/raw/growth_dynamics_b12_methionine/20251208_bacteria_b12_methionine_2/20251210_015813_FB_OD600scan_96well_P0000000006_d12a6641-4d0c-48bd-aeac-668fa5facce1.csv","instrument","plate-reader export","yes","git",2089,"c218ec98f6dccf4d6b489bc63132f92f87dfc83a10cc9c3047c1ac77246af55c",""
"data/raw/growth_dynamics_b12_methionine/20251208_bacteria_b12_methionine_2/20251210_020114_FB_OD600scan_96well_P0000000005_d12a6641-4d0c-48bd-aeac-668fa5facce1.csv","data/raw/growth_dynamics_b12_methionine/20251208_bacteria_b12_methionine_2/20251210_020114_FB_OD600scan_96well_P0000000005_d12a6641-4d0c-48bd-aeac-668fa5facce1.csv","instrument","plate-reader export","yes","git",2089,"6d8e572aa35cf8223d37a6fdc77fdc8c71ccb8f11a0a235125b73e9379226031",""
"data/raw/growth_dynamics_b12_methionine/20251208_bacteria_b12_methionine_2/20251210_020414_FB_OD600scan_96well_P0000000004_d12a6641-4d0c-48bd-aeac-668fa5facce1.csv","data/raw/growth_dynamics_b12_methionine/20251208_bacteria_b12_methionine_2/20251210_020414_FB_OD600scan_96well_P0000000004_d12a6641-4d0c-48bd-aeac-668fa5facce1.csv","instrument","plate-reader export","yes","git",2089,"4590231b1ea17f4a236004c6ec08f2f55d1553fd175444e3ae3e116dd4112587",""
"data/raw/growth_dynamics_b12_methionine/20251208_bacteria_b12_methionine_2/20251210_020716_FB_OD600scan_96well_P0000000003_d12a6641-4d0c-48bd-aeac-668fa5facce1.csv","data/raw/growth_dynamics_b12_methionine/20251208_bacteria_b12_methionine_2/20251210_020716_FB_OD600scan_96well_P0000000003_d12a6641-4d0c-48bd-aeac-668fa5facce1.csv","instrument","plate-reader export","yes","git",2089,"dfa476b7c4070180c3e497db52a569b51873c78b71ab49e35a37e45b58190a4a",""
"data/raw/growth_dynamics_b12_methionine/20251208_bacteria_b12_methionine_2/20251210_021016_FB_OD600scan_96well_P0000000028_d12a6641-4d0c-48bd-aeac-668fa5facce1.csv","data/raw/growth_dynamics_b12_methionine/20251208_bacteria_b12_methionine_2/20251210_021016_FB_OD600scan_96well_P0000000028_d12a6641-4d0c-48bd-aeac-668fa5facce1.csv","instrument","plate-reader export","yes","git",2089,"33431bda4e5497e8a7425dd79d4dda3094f358aa44e7d200bc512ce467f42733",""
"data/raw/growth_dynamics_b12_methionine/20251208_bacteria_b12_methionine_2/20251210_021319_FB_OD600scan_96well_P0000000027_d12a6641-4d0c-48bd-aeac-668fa5facce1.csv","data/raw/growth_dynamics_b12_methionine/20251208_bacteria_b12_methionine_2/20251210_021319_FB_OD600scan_96well_P0000000027_d12a6641-4d0c-48bd-aeac-668fa5facce1.csv","instrument","plate-reader export","yes","git",2089,"8637a8e6f40f1f97a5638b55e301642051f74b8ecc2dbb80da1436abf1f38acc",""
"data/raw/growth_dynamics_b12_methionine/20251208_bacteria_b12_methionine_2/20251210_021620_FB_OD600scan_96well_P0000000026_d12a6641-4d0c-48bd-aeac-668fa5facce1.csv","data/raw/growth_dynamics_b12_methionine/20251208_bacteria_b12_methionine_2/20251210_021620_FB_OD600scan_96well_P0000000026_d12a6641-4d0c-48bd-aeac-668fa5facce1.csv","instrument","plate-reader export","yes","git",2089,"79795122cb7c6b57820ad0be7c97446dd2d47b2f1857c343349770bde4ae6183",""
"data/raw/growth_dynamics_b12_methionine/20251208_bacteria_b12_methionine_2/20251210_021924_FB_OD600scan_96well_P0000000025_d12a6641-4d0c-48bd-aeac-668fa5facce1.csv","data/raw/growth_dynamics_b12_methionine/20251208_bacteria_b12_methionine_2/20251210_021924_FB_OD600scan_96well_P0000000025_d12a6641-4d0c-48bd-aeac-668fa5facce1.csv","instrument","plate-reader export","yes","git",2089,"16ba2e492e96216c50c42fe7e09d034819c8f5552f0c5cbb7aa29e090b86852f",""
"data/raw/growth_dynamics_b12_methionine/20251208_bacteria_b12_methionine_2/20251210_022228_FB_OD600scan_96well_P0000000024_d12a6641-4d0c-48bd-aeac-668fa5facce1.csv","data/raw/growth_dynamics_b12_methionine/20251208_bacteria_b12_methionine_2/20251210_022228_FB_OD600scan_96well_P0000000024_d12a6641-4d0c-48bd-aeac-668fa5facce1.csv","instrument","plate-reader export","yes","git",2089,"49555c0f248dc46d15cb9c855b2ab1ebc4af8c3578547016f21b483602a4ec18",""
"data/raw/growth_dynamics_b12_methionine/20251208_bacteria_b12_methionine_2/20251210_022530_FB_OD600scan_96well_P0000000023_d12a6641-4d0c-48bd-aeac-668fa5facce1.csv","data/raw/growth_dynamics_b12_methionine/20251208_bacteria_b12_methionine_2/20251210_022530_FB_OD600scan_96well_P0000000023_d12a6641-4d0c-48bd-aeac-668fa5facce1.csv","instrument","plate-reader export","yes","git",2089,"115dcc750b96971cb0aae7f5006e0981bff7c77b6d9c8a82bb07fb4741a0fad9",""
"data/raw/growth_dynamics_b12_methionine/20251208_bacteria_b12_methionine_2/20251210_022833_FB_OD600scan_96well_P0000000022_d12a6641-4d0c-48bd-aeac-668fa5facce1.csv","data/raw/growth_dynamics_b12_methionine/20251208_bacteria_b12_methionine_2/20251210_022833_FB_OD600scan_96well_P0000000022_d12a6641-4d0c-48bd-aeac-668fa5facce1.csv","instrument","plate-reader export","yes","git",2089,"ba2179166452fc17ff2e4db4864c81710cb98fc12705b276c67b9f576536935c",""
"data/raw/growth_dynamics_b12_methionine/20251208_bacteria_b12_methionine_2/20251210_023139_FB_OD600scan_96well_P0000000021_d12a6641-4d0c-48bd-aeac-668fa5facce1.csv","data/raw/growth_dynamics_b12_methionine/20251208_bacteria_b12_methionine_2/20251210_023139_FB_OD600scan_96well_P0000000021_d12a6641-4d0c-48bd-aeac-668fa5facce1.csv","instrument","plate-reader export","yes","git",2089,"eb168f3d945b248917a4f08ee974500fb321226b12205a1976ae97bb646dc6e8",""
"data/raw/growth_dynamics_b12_methionine/20251208_bacteria_b12_methionine_2/20251210_023442_FB_OD600scan_96well_P0000000020_d12a6641-4d0c-48bd-aeac-668fa5facce1.csv","data/raw/growth_dynamics_b12_methionine/20251208_bacteria_b12_methionine_2/20251210_023442_FB_OD600scan_96well_P0000000020_d12a6641-4d0c-48bd-aeac-668fa5facce1.csv","instrument","plate-reader export","yes","git",2089,"b43b58be6b446abc462ac6993f8d8fe3168f0ac02ecd40acadf28c016e03b66e",""
"data/raw/growth_dynamics_b12_methionine/20251208_bacteria_b12_methionine_2/20251210_023746_FB_OD600scan_96well_P0000000019_d12a6641-4d0c-48bd-aeac-668fa5facce1.csv","data/raw/growth_dynamics_b12_methionine/20251208_bacteria_b12_methionine_2/20251210_023746_FB_OD600scan_96well_P0000000019_d12a6641-4d0c-48bd-aeac-668fa5facce1.csv","instrument","plate-reader export","yes","git",2089,"e4f59914e67c73b5c21985f0d9524bc266644713ac2703f29560b26e7033f3dc",""
"data/raw/growth_dynamics_b12_methionine/20251208_bacteria_b12_methionine_2/20251210_024049_FB_OD600scan_96well_P0000000018_d12a6641-4d0c-48bd-aeac-668fa5facce1.csv","data/raw/growth_dynamics_b12_methionine/20251208_bacteria_b12_methionine_2/20251210_024049_FB_OD600scan_96well_P0000000018_d12a6641-4d0c-48bd-aeac-668fa5facce1.csv","instrument","plate-reader export","yes","git",2089,"d2c84bd676421157627398e864adfdafdd5ea6c52ce8c7fd9112297fa688d273",""
"data/raw/growth_dynamics_b12_methionine/20251208_bacteria_b12_methionine_2/20251210_024355_FB_OD600scan_96well_P0000000017_d12a6641-4d0c-48bd-aeac-668fa5facce1.csv","data/raw/growth_dynamics_b12_methionine/20251208_bacteria_b12_methionine_2/20251210_024355_FB_OD600scan_96well_P0000000017_d12a6641-4d0c-48bd-aeac-668fa5facce1.csv","instrument","plate-reader export","yes","git",2089,"be20d6964fb2b5ce1202df59b2e6db30219c4c87ca996a75405ee88f4aade142",""
"data/raw/growth_dynamics_b12_methionine/20251208_bacteria_b12_methionine_2/20251210_030700_FB_OD600scan_96well_P0000000015_d12a6641-4d0c-48bd-aeac-668fa5facce1.csv","data/raw/growth_dynamics_b12_methionine/20251208_bacteria_b12_methionine_2/20251210_030700_FB_OD600scan_96well_P0000000015_d12a6641-4d0c-48bd-aeac-668fa5facce1.csv","instrument","plate-reader export","yes","git",2089,"3a13b22b7e27141c65c4546c11317d9413b1251133dccc2346bf732b84cfaf76",""
"data/raw/growth_dynamics_b12_methionine/20251208_bacteria_b12_methionine_2/20251210_030959_FB_OD600scan_96well_P0000000014_d12a6641-4d0c-48bd-aeac-668fa5facce1.csv","data/raw/growth_dynamics_b12_methionine/20251208_bacteria_b12_methionine_2/20251210_030959_FB_OD600scan_96well_P0000000014_d12a6641-4d0c-48bd-aeac-668fa5facce1.csv","instrument","plate-reader export","yes","git",2089,"933d5af8d2ae68721962dd0cc8124263031b5f4c14af1f07761069d70feba22f",""
"data/raw/growth_dynamics_b12_methionine/20251208_bacteria_b12_methionine_2/20251210_031258_FB_OD600scan_96well_P0000000012_d12a6641-4d0c-48bd-aeac-668fa5facce1.csv","data/raw/growth_dynamics_b12_methionine/20251208_bacteria_b12_methionine_2/20251210_031258_FB_OD600scan_96well_P0000000012_d12a6641-4d0c-48bd-aeac-668fa5facce1.csv","instrument","plate-reader export","yes","git",2089,"3ae42f76e1160c637f51e066a4a04171b3b345b083736337c5b0cb8159ef84cd",""
"data/raw/growth_dynamics_b12_methionine/20251208_bacteria_b12_methionine_2/20251210_031558_FB_OD600scan_96well_P0000000011_d12a6641-4d0c-48bd-aeac-668fa5facce1.csv","data/raw/growth_dynamics_b12_methionine/20251208_bacteria_b12_methionine_2/20251210_031558_FB_OD600scan_96well_P0000000011_d12a6641-4d0c-48bd-aeac-668fa5facce1.csv","instrument","plate-reader export","yes","git",2089,"1f5b92b6bdc0d9f3b9273123395d084bfbf66c4d72f540f2fa77da0569d83597",""
"data/raw/growth_dynamics_b12_methionine/20251208_bacteria_b12_methionine_2/20251210_031855_FB_OD600scan_96well_P0000000010_d12a6641-4d0c-48bd-aeac-668fa5facce1.csv","data/raw/growth_dynamics_b12_methionine/20251208_bacteria_b12_methionine_2/20251210_031855_FB_OD600scan_96well_P0000000010_d12a6641-4d0c-48bd-aeac-668fa5facce1.csv","instrument","plate-reader export","yes","git",2089,"2ed35f2fd1de03b1f873e4bc4b50d8ee4552ca9ce3d1fa0b2e0484058b92c1e5",""
"data/raw/growth_dynamics_b12_methionine/20251208_bacteria_b12_methionine_2/20251210_032153_FB_OD600scan_96well_P0000000009_d12a6641-4d0c-48bd-aeac-668fa5facce1.csv","data/raw/growth_dynamics_b12_methionine/20251208_bacteria_b12_methionine_2/20251210_032153_FB_OD600scan_96well_P0000000009_d12a6641-4d0c-48bd-aeac-668fa5facce1.csv","instrument","plate-reader export","yes","git",2089,"4eb338e9b94b96ac2deb6812a69de8803fac520b95f4b6c1714c63bdecdd1231",""
"data/raw/growth_dynamics_b12_methionine/20251208_bacteria_b12_methionine_2/20251210_032450_FB_OD600scan_96well_P0000000008_d12a6641-4d0c-48bd-aeac-668fa5facce1.csv","data/raw/growth_dynamics_b12_methionine/20251208_bacteria_b12_methionine_2/20251210_032450_FB_OD600scan_96well_P0000000008_d12a6641-4d0c-48bd-aeac-668fa5facce1.csv","instrument","plate-reader export","yes","git",2089,"d1ab94fa54e308104ce6e21ce1ac54e069098aec986b7f6731b6e234174c6ff6",""
"data/raw/growth_dynamics_b12_methionine/20251208_bacteria_b12_methionine_2/20251210_032752_FB_OD600scan_96well_P0000000007_d12a6641-4d0c-48bd-aeac-668fa5facce1.csv","data/raw/growth_dynamics_b12_methionine/20251208_bacteria_b12_methionine_2/20251210_032752_FB_OD600scan_96well_P0000000007_d12a6641-4d0c-48bd-aeac-668fa5facce1.csv","instrument","plate-reader export","yes","git",2089,"933590825d90bff1299bf473cb120b0c2e107469e58e4e47c41b8fb29cebc64f",""
"data/raw/growth_dynamics_b12_methionine/20251208_bacteria_b12_methionine_2/20251210_033050_FB_OD600scan_96well_P0000000006_d12a6641-4d0c-48bd-aeac-668fa5facce1.csv","data/raw/growth_dynamics_b12_methionine/20251208_bacteria_b12_methionine_2/20251210_033050_FB_OD600scan_96well_P0000000006_d12a6641-4d0c-48bd-aeac-668fa5facce1.csv","instrument","plate-reader export","yes","git",2089,"53d581d81de17af212c54b835fd02ab336be1e47c4997676d019b945c0f32b08",""
"data/raw/growth_dynamics_b12_methionine/20251208_bacteria_b12_methionine_2/20251210_033349_FB_OD600scan_96well_P0000000005_d12a6641-4d0c-48bd-aeac-668fa5facce1.csv","data/raw/growth_dynamics_b12_methionine/20251208_bacteria_b12_methionine_2/20251210_033349_FB_OD600scan_96well_P0000000005_d12a6641-4d0c-48bd-aeac-668fa5facce1.csv","instrument","plate-reader export","yes","git",2089,"7b4b314fd31e39b8412246c06bf290e08143c83b16cde322d279d56b4f142a25",""
"data/raw/growth_dynamics_b12_methionine/20251208_bacteria_b12_methionine_2/20251210_033648_FB_OD600scan_96well_P0000000004_d12a6641-4d0c-48bd-aeac-668fa5facce1.csv","data/raw/growth_dynamics_b12_methionine/20251208_bacteria_b12_methionine_2/20251210_033648_FB_OD600scan_96well_P0000000004_d12a6641-4d0c-48bd-aeac-668fa5facce1.csv","instrument","plate-reader export","yes","git",2089,"168b256367c61537ff226c6bb24e537ef33ba5434bb27b99fe72812402c1bdc4",""
"data/raw/growth_dynamics_b12_methionine/20251208_bacteria_b12_methionine_2/20251210_033947_FB_OD600scan_96well_P0000000003_d12a6641-4d0c-48bd-aeac-668fa5facce1.csv","data/raw/growth_dynamics_b12_methionine/20251208_bacteria_b12_methionine_2/20251210_033947_FB_OD600scan_96well_P0000000003_d12a6641-4d0c-48bd-aeac-668fa5facce1.csv","instrument","plate-reader export","yes","git",2089,"8445c09e12f5202fd630d34938db8bc387460eb853c34a9182c88859034382a4",""
"data/raw/growth_dynamics_b12_methionine/20251208_bacteria_b12_methionine_2/20251210_034247_FB_OD600scan_96well_P0000000028_d12a6641-4d0c-48bd-aeac-668fa5facce1.csv","data/raw/growth_dynamics_b12_methionine/20251208_bacteria_b12_methionine_2/20251210_034247_FB_OD600scan_96well_P0000000028_d12a6641-4d0c-48bd-aeac-668fa5facce1.csv","instrument","plate-reader export","yes","git",2089,"554c28d934165641044ddf8f3b7309e25abe0484ee9e3df6bba11aeba70de541",""
"data/raw/growth_dynamics_b12_methionine/20251208_bacteria_b12_methionine_2/20251210_034550_FB_OD600scan_96well_P0000000027_d12a6641-4d0c-48bd-aeac-668fa5facce1.csv","data/raw/growth_dynamics_b12_methionine/20251208_bacteria_b12_methionine_2/20251210_034550_FB_OD600scan_96well_P0000000027_d12a6641-4d0c-48bd-aeac-668fa5facce1.csv","instrument","plate-reader export","yes","git",2089,"fd0fb5eccfcda2a0fe438adeee8083e97d17a282237f054521c57b9c5d78a2ff",""
"data/raw/growth_dynamics_b12_methionine/20251208_bacteria_b12_methionine_2/20251210_034852_FB_OD600scan_96well_P0000000026_d12a6641-4d0c-48bd-aeac-668fa5facce1.csv","data/raw/growth_dynamics_b12_methionine/20251208_bacteria_b12_methionine_2/20251210_034852_FB_OD600scan_96well_P0000000026_d12a6641-4d0c-48bd-aeac-668fa5facce1.csv","instrument","plate-reader export","yes","git",2089,"5d9956780f18d2175cd2c28439fcb273bf4cde36aabbb4c58b3e415bf98b7d71",""
"data/raw/growth_dynamics_b12_methionine/20251208_bacteria_b12_methionine_2/20251210_035156_FB_OD600scan_96well_P0000000025_d12a6641-4d0c-48bd-aeac-668fa5facce1.csv","data/raw/growth_dynamics_b12_methionine/20251208_bacteria_b12_methionine_2/20251210_035156_FB_OD600scan_96well_P0000000025_d12a6641-4d0c-48bd-aeac-668fa5facce1.csv","instrument","plate-reader export","yes","git",2089,"e790c088fb05a34eac899436d90e3407d8bc5fe3425839c377d830b71b02708f",""
"data/raw/growth_dynamics_b12_methionine/20251208_bacteria_b12_methionine_2/20251210_035457_FB_OD600scan_96well_P0000000024_d12a6641-4d0c-48bd-aeac-668fa5facce1.csv","data/raw/growth_dynamics_b12_methionine/20251208_bacteria_b12_methionine_2/20251210_035457_FB_OD600scan_96well_P0000000024_d12a6641-4d0c-48bd-aeac-668fa5facce1.csv","instrument","plate-reader export","yes","git",2089,"43dbbad3353c73f878f23fc76f4c7a7be73a9697b9b30b77656654143084a4c3",""
"data/raw/growth_dynamics_b12_methionine/20251208_bacteria_b12_methionine_2/20251210_035802_FB_OD600scan_96well_P0000000023_d12a6641-4d0c-48bd-aeac-668fa5facce1.csv","data/raw/growth_dynamics_b12_methionine/20251208_bacteria_b12_methionine_2/20251210_035802_FB_OD600scan_96well_P0000000023_d12a6641-4d0c-48bd-aeac-668fa5facce1.csv","instrument","plate-reader export","yes","git",2089,"4e46c9cfb67a186fe9e2a14b8508f3eb9af23c2fde60845e0c9d87f100c4cc58",""
"data/raw/growth_dynamics_b12_methionine/20251208_bacteria_b12_methionine_2/20251210_040104_FB_OD600scan_96well_P0000000022_d12a6641-4d0c-48bd-aeac-668fa5facce1.csv","data/raw/growth_dynamics_b12_methionine/20251208_bacteria_b12_methionine_2/20251210_040104_FB_OD600scan_96well_P0000000022_d12a6641-4d0c-48bd-aeac-668fa5facce1.csv","instrument","plate-reader export","yes","git",2089,"38b15234100cf94c826040c827c785d5ced03dcd0fb9a7af61ca17327a1a5acb",""
"data/raw/growth_dynamics_b12_methionine/20251208_bacteria_b12_methionine_2/20251210_040409_FB_OD600scan_96well_P0000000021_d12a6641-4d0c-48bd-aeac-668fa5facce1.csv","data/raw/growth_dynamics_b12_methionine/20251208_bacteria_b12_methionine_2/20251210_040409_FB_OD600scan_96well_P0000000021_d12a6641-4d0c-48bd-aeac-668fa5facce1.csv","instrument","plate-reader export","yes","git",2089,"756d1fa0fe1aad4e27bdb00ae321ffc287a1a8eecb8fdd7c8bc75030e357d025",""
"data/raw/growth_dynamics_b12_methionine/20251208_bacteria_b12_methionine_2/20251210_040715_FB_OD600scan_96well_P0000000020_d12a6641-4d0c-48bd-aeac-668fa5facce1.csv","data/raw/growth_dynamics_b12_methionine/20251208_bacteria_b12_methionine_2/20251210_040715_FB_OD600scan_96well_P0000000020_d12a6641-4d0c-48bd-aeac-668fa5facce1.csv","instrument","plate-reader export","yes","git",2089,"127eebaee9c7d31581e9ec715e2c355c7f6e609118934dd624649b5c214dac09",""
"data/raw/growth_dynamics_b12_methionine/20251208_bacteria_b12_methionine_2/20251210_041021_FB_OD600scan_96well_P0000000019_d12a6641-4d0c-48bd-aeac-668fa5facce1.csv","data/raw/growth_dynamics_b12_methionine/20251208_bacteria_b12_methionine_2/20251210_041021_FB_OD600scan_96well_P0000000019_d12a6641-4d0c-48bd-aeac-668fa5facce1.csv","instrument","plate-reader export","yes","git",2089,"417bcb5df86b78919584e2359faf0e0a74d3475d9dd4579b722b14706d7b0bdf",""
"data/raw/growth_dynamics_b12_methionine/20251208_bacteria_b12_methionine_2/20251210_041327_FB_OD600scan_96well_P0000000018_d12a6641-4d0c-48bd-aeac-668fa5facce1.csv","data/raw/growth_dynamics_b12_methionine/20251208_bacteria_b12_methionine_2/20251210_041327_FB_OD600scan_96well_P0000000018_d12a6641-4d0c-48bd-aeac-668fa5facce1.csv","instrument","plate-reader export","yes","git",2089,"7739794e75c4f10a8935491af4ec299c767875aaf0af8d4ac330bff5c5211f47",""
"data/raw/growth_dynamics_b12_methionine/20251208_bacteria_b12_methionine_2/20251210_041631_FB_OD600scan_96well_P0000000017_d12a6641-4d0c-48bd-aeac-668fa5facce1.csv","data/raw/growth_dynamics_b12_methionine/20251208_bacteria_b12_methionine_2/20251210_041631_FB_OD600scan_96well_P0000000017_d12a6641-4d0c-48bd-aeac-668fa5facce1.csv","instrument","plate-reader export","yes","git",2089,"07c845618820cb7e866f8bbef668295fbf8bdae34b766973b772f69a7029c14c",""
"data/raw/growth_dynamics_b12_methionine/20251208_bacteria_b12_methionine_2/20251210_043932_FB_OD600scan_96well_P0000000015_d12a6641-4d0c-48bd-aeac-668fa5facce1.csv","data/raw/growth_dynamics_b12_methionine/20251208_bacteria_b12_methionine_2/20251210_043932_FB_OD600scan_96well_P0000000015_d12a6641-4d0c-48bd-aeac-668fa5facce1.csv","instrument","plate-reader export","yes","git",2089,"14b30a9ab591ae3a373a02d5476fb8fc0b21a7352533a35ce6a214a2863dbf27",""
"data/raw/growth_dynamics_b12_methionine/20251208_bacteria_b12_methionine_2/20251210_044231_FB_OD600scan_96well_P0000000014_d12a6641-4d0c-48bd-aeac-668fa5facce1.csv","data/raw/growth_dynamics_b12_methionine/20251208_bacteria_b12_methionine_2/20251210_044231_FB_OD600scan_96well_P0000000014_d12a6641-4d0c-48bd-aeac-668fa5facce1.csv","instrument","plate-reader export","yes","git",2089,"5782ffcb415ec5fe042e9bc2a0fbc82b76663a5090797f15888b739d67b2570f",""
"data/raw/growth_dynamics_b12_methionine/20251208_bacteria_b12_methionine_2/20251210_044530_FB_OD600scan_96well_P0000000012_d12a6641-4d0c-48bd-aeac-668fa5facce1.csv","data/raw/growth_dynamics_b12_methionine/20251208_bacteria_b12_methionine_2/20251210_044530_FB_OD600scan_96well_P0000000012_d12a6641-4d0c-48bd-aeac-668fa5facce1.csv","instrument","plate-reader export","yes","git",2089,"2a58ff1d3d7b38c2f34f315bafbd7a42b93a3e55aaa51d2ff3c1585011311b28",""
"data/raw/growth_dynamics_b12_methionine/20251208_bacteria_b12_methionine_2/20251210_044829_FB_OD600scan_96well_P0000000011_d12a6641-4d0c-48bd-aeac-668fa5facce1.csv","data/raw/growth_dynamics_b12_methionine/20251208_bacteria_b12_methionine_2/20251210_044829_FB_OD600scan_96well_P0000000011_d12a6641-4d0c-48bd-aeac-668fa5facce1.csv","instrument","plate-reader export","yes","git",2089,"839b66e5e4a8cee5ff52f844a4071781ab11fdc160af21593ed7b6bc84d2b0f6",""
"data/raw/growth_dynamics_b12_methionine/20251208_bacteria_b12_methionine_2/20251210_045129_FB_OD600scan_96well_P0000000010_d12a6641-4d0c-48bd-aeac-668fa5facce1.csv","data/raw/growth_dynamics_b12_methionine/20251208_bacteria_b12_methionine_2/20251210_045129_FB_OD600scan_96well_P0000000010_d12a6641-4d0c-48bd-aeac-668fa5facce1.csv","instrument","plate-reader export","yes","git",2089,"76471f7e9cc321f20b715997dc5d54f4c8bb134ba5dff2af1e55fad71b5dbfaa",""
"data/raw/growth_dynamics_b12_methionine/20251208_bacteria_b12_methionine_2/20251210_045429_FB_OD600scan_96well_P0000000009_d12a6641-4d0c-48bd-aeac-668fa5facce1.csv","data/raw/growth_dynamics_b12_methionine/20251208_bacteria_b12_methionine_2/20251210_045429_FB_OD600scan_96well_P0000000009_d12a6641-4d0c-48bd-aeac-668fa5facce1.csv","instrument","plate-reader export","yes","git",2089,"3d72c66a575d9c2ae03e6463ab99dae4810ac276b92250c40371f2ceaeeb9ac5",""
"data/raw/growth_dynamics_b12_methionine/20251208_bacteria_b12_methionine_2/20251210_045730_FB_OD600scan_96well_P0000000008_d12a6641-4d0c-48bd-aeac-668fa5facce1.csv","data/raw/growth_dynamics_b12_methionine/20251208_bacteria_b12_methionine_2/20251210_045730_FB_OD600scan_96well_P0000000008_d12a6641-4d0c-48bd-aeac-668fa5facce1.csv","instrument","plate-reader export","yes","git",2089,"6276171112d64c591b48767a238e358fda58fb946fb27574d8eabf978fa79dad",""
"data/raw/growth_dynamics_b12_methionine/20251208_bacteria_b12_methionine_2/20251210_050028_FB_OD600scan_96well_P0000000007_d12a6641-4d0c-48bd-aeac-668fa5facce1.csv","data/raw/growth_dynamics_b12_methionine/20251208_bacteria_b12_methionine_2/20251210_050028_FB_OD600scan_96well_P0000000007_d12a6641-4d0c-48bd-aeac-668fa5facce1.csv","instrument","plate-reader export","yes","git",2089,"24098526b1a32cdb4238c941f61fb82b9b5bb4dc0b73d21db7623b5ffe9cb1b6",""
"data/raw/growth_dynamics_b12_methionine/20251208_bacteria_b12_methionine_2/20251210_050326_FB_OD600scan_96well_P0000000006_d12a6641-4d0c-48bd-aeac-668fa5facce1.csv","data/raw/growth_dynamics_b12_methionine/20251208_bacteria_b12_methionine_2/20251210_050326_FB_OD600scan_96well_P0000000006_d12a6641-4d0c-48bd-aeac-668fa5facce1.csv","instrument","plate-reader export","yes","git",2089,"29b3ccea72bdffbb5e505df57fb901476cc286c63b0c9b61e1738d1e44ebc6a0",""
"data/raw/growth_dynamics_b12_methionine/20251208_bacteria_b12_methionine_2/20251210_050625_FB_OD600scan_96well_P0000000005_d12a6641-4d0c-48bd-aeac-668fa5facce1.csv","data/raw/growth_dynamics_b12_methionine/20251208_bacteria_b12_methionine_2/20251210_050625_FB_OD600scan_96well_P0000000005_d12a6641-4d0c-48bd-aeac-668fa5facce1.csv","instrument","plate-reader export","yes","git",2089,"767b9ae2ea738c6b6032c84972940029403fef0bb6e8137c3b0a44656745463c",""
"data/raw/growth_dynamics_b12_methionine/20251208_bacteria_b12_methionine_2/20251210_050926_FB_OD600scan_96well_P0000000004_d12a6641-4d0c-48bd-aeac-668fa5facce1.csv","data/raw/growth_dynamics_b12_methionine/20251208_bacteria_b12_methionine_2/20251210_050926_FB_OD600scan_96well_P0000000004_d12a6641-4d0c-48bd-aeac-668fa5facce1.csv","instrument","plate-reader export","yes","git",2089,"3ca79c5e1f120953eea6be5faf1b82297b86bacf904c10d72122ea3f8962032d",""
"data/raw/growth_dynamics_b12_methionine/20251208_bacteria_b12_methionine_2/20251210_051229_FB_OD600scan_96well_P0000000003_d12a6641-4d0c-48bd-aeac-668fa5facce1.csv","data/raw/growth_dynamics_b12_methionine/20251208_bacteria_b12_methionine_2/20251210_051229_FB_OD600scan_96well_P0000000003_d12a6641-4d0c-48bd-aeac-668fa5facce1.csv","instrument","plate-reader export","yes","git",2089,"dedfa501709aaaba02bfec80094bafe730f961cd0c70924c8887e38dcaf2a975",""
"data/raw/growth_dynamics_b12_methionine/20251208_bacteria_b12_methionine_2/20251210_051531_FB_OD600scan_96well_P0000000028_d12a6641-4d0c-48bd-aeac-668fa5facce1.csv","data/raw/growth_dynamics_b12_methionine/20251208_bacteria_b12_methionine_2/20251210_051531_FB_OD600scan_96well_P0000000028_d12a6641-4d0c-48bd-aeac-668fa5facce1.csv","instrument","plate-reader export","yes","git",2089,"3b10422e3db294c0d4e656d78920dcc71c9d79c5f7036fc681a0cdc7aee1d263",""
"data/raw/growth_dynamics_b12_methionine/20251208_bacteria_b12_methionine_2/20251210_051831_FB_OD600scan_96well_P0000000027_d12a6641-4d0c-48bd-aeac-668fa5facce1.csv","data/raw/growth_dynamics_b12_methionine/20251208_bacteria_b12_methionine_2/20251210_051831_FB_OD600scan_96well_P0000000027_d12a6641-4d0c-48bd-aeac-668fa5facce1.csv","instrument","plate-reader export","yes","git",2089,"098de2981c523acb739f61ec353126c3402bfd9125aa782712fd0c1a3a4e5097",""
"data/raw/growth_dynamics_b12_methionine/20251208_bacteria_b12_methionine_2/20251210_052135_FB_OD600scan_96well_P0000000026_d12a6641-4d0c-48bd-aeac-668fa5facce1.csv","data/raw/growth_dynamics_b12_methionine/20251208_bacteria_b12_methionine_2/20251210_052135_FB_OD600scan_96well_P0000000026_d12a6641-4d0c-48bd-aeac-668fa5facce1.csv","instrument","plate-reader export","yes","git",2089,"06594f3d1241383fb165032e1baf22fd39ecd199b0cdc001686254104f140ee1",""
"data/raw/growth_dynamics_b12_methionine/20251208_bacteria_b12_methionine_2/20251210_052440_FB_OD600scan_96well_P0000000025_d12a6641-4d0c-48bd-aeac-668fa5facce1.csv","data/raw/growth_dynamics_b12_methionine/20251208_bacteria_b12_methionine_2/20251210_052440_FB_OD600scan_96well_P0000000025_d12a6641-4d0c-48bd-aeac-668fa5facce1.csv","instrument","plate-reader export","yes","git",2089,"8d3ba41b3286f183d90f58ca8b9ba946f8fb27af75e3c78745317778715bc853",""
"data/raw/growth_dynamics_b12_methionine/20251208_bacteria_b12_methionine_2/20251210_052742_FB_OD600scan_96well_P0000000024_d12a6641-4d0c-48bd-aeac-668fa5facce1.csv","data/raw/growth_dynamics_b12_methionine/20251208_bacteria_b12_methionine_2/20251210_052742_FB_OD600scan_96well_P0000000024_d12a6641-4d0c-48bd-aeac-668fa5facce1.csv","instrument","plate-reader export","yes","git",2089,"8c278f369ffbf5bc96e8a67d120fdde2fe5bc3ab3035d09abfad884dc0a5aef9",""
"data/raw/growth_dynamics_b12_methionine/20251208_bacteria_b12_methionine_2/20251210_053044_FB_OD600scan_96well_P0000000023_d12a6641-4d0c-48bd-aeac-668fa5facce1.csv","data/raw/growth_dynamics_b12_methionine/20251208_bacteria_b12_methionine_2/20251210_053044_FB_OD600scan_96well_P0000000023_d12a6641-4d0c-48bd-aeac-668fa5facce1.csv","instrument","plate-reader export","yes","git",2089,"2b487b3610d82e17bd22490c1560c4a992f41da8e51c06501b68318e7f9dd58c",""
"data/raw/growth_dynamics_b12_methionine/20251208_bacteria_b12_methionine_2/20251210_053350_FB_OD600scan_96well_P0000000022_d12a6641-4d0c-48bd-aeac-668fa5facce1.csv","data/raw/growth_dynamics_b12_methionine/20251208_bacteria_b12_methionine_2/20251210_053350_FB_OD600scan_96well_P0000000022_d12a6641-4d0c-48bd-aeac-668fa5facce1.csv","instrument","plate-reader export","yes","git",2089,"5df62f58c601f4b6de083ef19d543a442a0903f2e9325af168db7e096a6cb642",""
"data/raw/growth_dynamics_b12_methionine/20251208_bacteria_b12_methionine_2/20251210_053656_FB_OD600scan_96well_P0000000021_d12a6641-4d0c-48bd-aeac-668fa5facce1.csv","data/raw/growth_dynamics_b12_methionine/20251208_bacteria_b12_methionine_2/20251210_053656_FB_OD600scan_96well_P0000000021_d12a6641-4d0c-48bd-aeac-668fa5facce1.csv","instrument","plate-reader export","yes","git",2089,"e76e571e3af59ccdc152dea6ec46d20fb9a4bfe5cbdfabccf3c60d51d0b361c8",""
"data/raw/growth_dynamics_b12_methionine/20251208_bacteria_b12_methionine_2/20251210_054001_FB_OD600scan_96well_P0000000020_d12a6641-4d0c-48bd-aeac-668fa5facce1.csv","data/raw/growth_dynamics_b12_methionine/20251208_bacteria_b12_methionine_2/20251210_054001_FB_OD600scan_96well_P0000000020_d12a6641-4d0c-48bd-aeac-668fa5facce1.csv","instrument","plate-reader export","yes","git",2089,"22e4eaf69a62c094c28de0c9488a7e26b3a3302177bbdbd194513bd9a8971549",""
"data/raw/growth_dynamics_b12_methionine/20251208_bacteria_b12_methionine_2/20251210_054307_FB_OD600scan_96well_P0000000019_d12a6641-4d0c-48bd-aeac-668fa5facce1.csv","data/raw/growth_dynamics_b12_methionine/20251208_bacteria_b12_methionine_2/20251210_054307_FB_OD600scan_96well_P0000000019_d12a6641-4d0c-48bd-aeac-668fa5facce1.csv","instrument","plate-reader export","yes","git",2089,"896949c23b4e2b87755a21adfe572985398b6d23850b4ec42d1de17594d010b1",""
"data/raw/growth_dynamics_b12_methionine/20251208_bacteria_b12_methionine_2/20251210_054614_FB_OD600scan_96well_P0000000018_d12a6641-4d0c-48bd-aeac-668fa5facce1.csv","data/raw/growth_dynamics_b12_methionine/20251208_bacteria_b12_methionine_2/20251210_054614_FB_OD600scan_96well_P0000000018_d12a6641-4d0c-48bd-aeac-668fa5facce1.csv","instrument","plate-reader export","yes","git",2089,"732c7b63f0fe212dedfc05211ced1c9d94838b376a223edb25ef1c1147e238ed",""
"data/raw/growth_dynamics_b12_methionine/20251208_bacteria_b12_methionine_2/20251210_054917_FB_OD600scan_96well_P0000000017_d12a6641-4d0c-48bd-aeac-668fa5facce1.csv","data/raw/growth_dynamics_b12_methionine/20251208_bacteria_b12_methionine_2/20251210_054917_FB_OD600scan_96well_P0000000017_d12a6641-4d0c-48bd-aeac-668fa5facce1.csv","instrument","plate-reader export","yes","git",2089,"c647daff0b0264748d1f5aaa53bd4f6189bb9912a24dddcedebde80bc0dae456",""
"data/raw/growth_dynamics_b12_methionine/20251208_bacteria_b12_methionine_2/20251210_061223_FB_OD600scan_96well_P0000000015_d12a6641-4d0c-48bd-aeac-668fa5facce1.csv","data/raw/growth_dynamics_b12_methionine/20251208_bacteria_b12_methionine_2/20251210_061223_FB_OD600scan_96well_P0000000015_d12a6641-4d0c-48bd-aeac-668fa5facce1.csv","instrument","plate-reader export","yes","git",2089,"3a1e3a03c92f1999d8395cdb6c2fe8a2669b3f6b7c1b8c89f7f9773df83eda84",""
"data/raw/growth_dynamics_b12_methionine/20251208_bacteria_b12_methionine_2/20251210_061522_FB_OD600scan_96well_P0000000014_d12a6641-4d0c-48bd-aeac-668fa5facce1.csv","data/raw/growth_dynamics_b12_methionine/20251208_bacteria_b12_methionine_2/20251210_061522_FB_OD600scan_96well_P0000000014_d12a6641-4d0c-48bd-aeac-668fa5facce1.csv","instrument","plate-reader export","yes","git",2089,"8861886e151483552ea5430e4e2926f3e4c342a38f6c289b9c351022e64a9446",""
"data/raw/growth_dynamics_b12_methionine/20251208_bacteria_b12_methionine_2/20251210_061818_FB_OD600scan_96well_P0000000012_d12a6641-4d0c-48bd-aeac-668fa5facce1.csv","data/raw/growth_dynamics_b12_methionine/20251208_bacteria_b12_methionine_2/20251210_061818_FB_OD600scan_96well_P0000000012_d12a6641-4d0c-48bd-aeac-668fa5facce1.csv","instrument","plate-reader export","yes","git",2089,"d6d9e8d6ffaf83c708fe11f9a2a5d8e9d570a0af1a4b73b57d26dfe88b04a747",""
"data/raw/growth_dynamics_b12_methionine/20251208_bacteria_b12_methionine_2/20251210_062114_FB_OD600scan_96well_P0000000011_d12a6641-4d0c-48bd-aeac-668fa5facce1.csv","data/raw/growth_dynamics_b12_methionine/20251208_bacteria_b12_methionine_2/20251210_062114_FB_OD600scan_96well_P0000000011_d12a6641-4d0c-48bd-aeac-668fa5facce1.csv","instrument","plate-reader export","yes","git",2089,"c7c4223555f05f2c7cdac3fa6d9cf94dc236ce64179c1b3930db94428172075b",""
"data/raw/growth_dynamics_b12_methionine/20251208_bacteria_b12_methionine_2/20251210_062414_FB_OD600scan_96well_P0000000010_d12a6641-4d0c-48bd-aeac-668fa5facce1.csv","data/raw/growth_dynamics_b12_methionine/20251208_bacteria_b12_methionine_2/20251210_062414_FB_OD600scan_96well_P0000000010_d12a6641-4d0c-48bd-aeac-668fa5facce1.csv","instrument","plate-reader export","yes","git",2089,"cb66e858081c9dc72ab348a9b5d104f342f2c02096d8a4e6ffe60548226761a6",""
"data/raw/growth_dynamics_b12_methionine/20251208_bacteria_b12_methionine_2/20251210_062712_FB_OD600scan_96well_P0000000009_d12a6641-4d0c-48bd-aeac-668fa5facce1.csv","data/raw/growth_dynamics_b12_methionine/20251208_bacteria_b12_methionine_2/20251210_062712_FB_OD600scan_96well_P0000000009_d12a6641-4d0c-48bd-aeac-668fa5facce1.csv","instrument","plate-reader export","yes","git",2089,"b23e1e5b286f45caa3e6ea004101eeacfbc18a4c8ce605247a473ef9406b6cfa",""
"data/raw/growth_dynamics_b12_methionine/20251208_bacteria_b12_methionine_2/20251210_063012_FB_OD600scan_96well_P0000000008_d12a6641-4d0c-48bd-aeac-668fa5facce1.csv","data/raw/growth_dynamics_b12_methionine/20251208_bacteria_b12_methionine_2/20251210_063012_FB_OD600scan_96well_P0000000008_d12a6641-4d0c-48bd-aeac-668fa5facce1.csv","instrument","plate-reader export","yes","git",2089,"beab667972da344be4e76ea72a16ff1ca1dfd1a1a4ddf96bfd0e22c72fa79ee9",""
"data/raw/growth_dynamics_b12_methionine/20251208_bacteria_b12_methionine_2/20251210_063313_FB_OD600scan_96well_P0000000007_d12a6641-4d0c-48bd-aeac-668fa5facce1.csv","data/raw/growth_dynamics_b12_methionine/20251208_bacteria_b12_methionine_2/20251210_063313_FB_OD600scan_96well_P0000000007_d12a6641-4d0c-48bd-aeac-668fa5facce1.csv","instrument","plate-reader export","yes","git",2089,"e4b647ba4f691ad789b1cb64575bb7d1f0d15628490012226f50d34711c4bb4e",""
"data/raw/growth_dynamics_b12_methionine/20251208_bacteria_b12_methionine_2/20251210_063611_FB_OD600scan_96well_P0000000006_d12a6641-4d0c-48bd-aeac-668fa5facce1.csv","data/raw/growth_dynamics_b12_methionine/20251208_bacteria_b12_methionine_2/20251210_063611_FB_OD600scan_96well_P0000000006_d12a6641-4d0c-48bd-aeac-668fa5facce1.csv","instrument","plate-reader export","yes","git",2089,"aae3c9581d1e429aecfb85319a50982d4297dadb898d50eb4ba20e3e64725d08",""
"data/raw/growth_dynamics_b12_methionine/20251208_bacteria_b12_methionine_2/20251210_063910_FB_OD600scan_96well_P0000000005_d12a6641-4d0c-48bd-aeac-668fa5facce1.csv","data/raw/growth_dynamics_b12_methionine/20251208_bacteria_b12_methionine_2/20251210_063910_FB_OD600scan_96well_P0000000005_d12a6641-4d0c-48bd-aeac-668fa5facce1.csv","instrument","plate-reader export","yes","git",2089,"6f14a93317f87f848179b6ae9ff2cc3d6423c07899177ed2a7459d2f8650fc4e",""
"data/raw/growth_dynamics_b12_methionine/20251208_bacteria_b12_methionine_2/20251210_064212_FB_OD600scan_96well_P0000000004_d12a6641-4d0c-48bd-aeac-668fa5facce1.csv","data/raw/growth_dynamics_b12_methionine/20251208_bacteria_b12_methionine_2/20251210_064212_FB_OD600scan_96well_P0000000004_d12a6641-4d0c-48bd-aeac-668fa5facce1.csv","instrument","plate-reader export","yes","git",2089,"90746d0d3afdd66b62613de68c53357546480661a48f0151433345372dc908fb",""
"data/raw/growth_dynamics_b12_methionine/20251208_bacteria_b12_methionine_2/20251210_064515_FB_OD600scan_96well_P0000000003_d12a6641-4d0c-48bd-aeac-668fa5facce1.csv","data/raw/growth_dynamics_b12_methionine/20251208_bacteria_b12_methionine_2/20251210_064515_FB_OD600scan_96well_P0000000003_d12a6641-4d0c-48bd-aeac-668fa5facce1.csv","instrument","plate-reader export","yes","git",2089,"43cce7ca711d08bf303a6bc085bd5c9a02c454570820454dfb10a8d5f209873e",""
"data/raw/growth_dynamics_b12_methionine/20251208_bacteria_b12_methionine_2/20251210_064817_FB_OD600scan_96well_P0000000028_d12a6641-4d0c-48bd-aeac-668fa5facce1.csv","data/raw/growth_dynamics_b12_methionine/20251208_bacteria_b12_methionine_2/20251210_064817_FB_OD600scan_96well_P0000000028_d12a6641-4d0c-48bd-aeac-668fa5facce1.csv","instrument","plate-reader export","yes","git",2089,"da6ec0d9605219befdc47725350eb3f63977d649f2d7092d02f5a91aca0b0a0f",""
"data/raw/growth_dynamics_b12_methionine/20251208_bacteria_b12_methionine_2/20251210_065121_FB_OD600scan_96well_P0000000027_d12a6641-4d0c-48bd-aeac-668fa5facce1.csv","data/raw/growth_dynamics_b12_methionine/20251208_bacteria_b12_methionine_2/20251210_065121_FB_OD600scan_96well_P0000000027_d12a6641-4d0c-48bd-aeac-668fa5facce1.csv","instrument","plate-reader export","yes","git",2089,"884cc1ca5673bdd1b7313216fda52ea54c28641c6b0afb188eaa103515c72ca9",""
"data/raw/growth_dynamics_b12_methionine/20251208_bacteria_b12_methionine_2/20251210_065425_FB_OD600scan_96well_P0000000026_d12a6641-4d0c-48bd-aeac-668fa5facce1.csv","data/raw/growth_dynamics_b12_methionine/20251208_bacteria_b12_methionine_2/20251210_065425_FB_OD600scan_96well_P0000000026_d12a6641-4d0c-48bd-aeac-668fa5facce1.csv","instrument","plate-reader export","yes","git",2089,"7f5a94641744ed6d6753fbb7e348abe7dc3a191c05f24bc7f18dd1c3c635234b",""
"data/raw/growth_dynamics_b12_methionine/20251208_bacteria_b12_methionine_2/20251210_065728_FB_OD600scan_96well_P0000000025_d12a6641-4d0c-48bd-aeac-668fa5facce1.csv","data/raw/growth_dynamics_b12_methionine/20251208_bacteria_b12_methionine_2/20251210_065728_FB_OD600scan_96well_P0000000025_d12a6641-4d0c-48bd-aeac-668fa5facce1.csv","instrument","plate-reader export","yes","git",2089,"ccef94cc5b5cf50c70c6a3cc54fb793bfdbe65445e6762b3d7c0cf7d35568edb",""
"data/raw/growth_dynamics_b12_methionine/20251208_bacteria_b12_methionine_2/20251210_070030_FB_OD600scan_96well_P0000000024_d12a6641-4d0c-48bd-aeac-668fa5facce1.csv","data/raw/growth_dynamics_b12_methionine/20251208_bacteria_b12_methionine_2/20251210_070030_FB_OD600scan_96well_P0000000024_d12a6641-4d0c-48bd-aeac-668fa5facce1.csv","instrument","plate-reader export","yes","git",2089,"e9c129dad737e32d7f40a4a9d31c45d2dffa743c52e6e8f6321ebd86aa2be8a4",""
"data/raw/growth_dynamics_b12_methionine/20251208_bacteria_b12_methionine_2/20251210_070335_FB_OD600scan_96well_P0000000023_d12a6641-4d0c-48bd-aeac-668fa5facce1.csv","data/raw/growth_dynamics_b12_methionine/20251208_bacteria_b12_methionine_2/20251210_070335_FB_OD600scan_96well_P0000000023_d12a6641-4d0c-48bd-aeac-668fa5facce1.csv","instrument","plate-reader export","yes","git",2089,"24fac427bbaeb7292ba0c24c9f82589cc45435ae25b2a1ecd00a3ed15ea0bc32",""
"data/raw/growth_dynamics_b12_methionine/20251208_bacteria_b12_methionine_2/20251210_070640_FB_OD600scan_96well_P0000000022_d12a6641-4d0c-48bd-aeac-668fa5facce1.csv","data/raw/growth_dynamics_b12_methionine/20251208_bacteria_b12_methionine_2/20251210_070640_FB_OD600scan_96well_P0000000022_d12a6641-4d0c-48bd-aeac-668fa5facce1.csv","instrument","plate-reader export","yes","git",2089,"392b2cd330f774bbc17d315cb9d471d597b62438f5e4563abcff705949751d5e",""
"data/raw/growth_dynamics_b12_methionine/20251208_bacteria_b12_methionine_2/20251210_070945_FB_OD600scan_96well_P0000000021_d12a6641-4d0c-48bd-aeac-668fa5facce1.csv","data/raw/growth_dynamics_b12_methionine/20251208_bacteria_b12_methionine_2/20251210_070945_FB_OD600scan_96well_P0000000021_d12a6641-4d0c-48bd-aeac-668fa5facce1.csv","instrument","plate-reader export","yes","git",2089,"eaf10698a45ff01ef722af2364a2ff56e1ee6783018ad3922729eb3868375348",""
"data/raw/growth_dynamics_b12_methionine/20251208_bacteria_b12_methionine_2/20251210_071249_FB_OD600scan_96well_P0000000020_d12a6641-4d0c-48bd-aeac-668fa5facce1.csv","data/raw/growth_dynamics_b12_methionine/20251208_bacteria_b12_methionine_2/20251210_071249_FB_OD600scan_96well_P0000000020_d12a6641-4d0c-48bd-aeac-668fa5facce1.csv","instrument","plate-reader export","yes","git",2089,"47abd016c4b98adc89ce0bfc4bf1a6943f628c78a3b9ea657a56d16ff6776cd7",""
"data/raw/growth_dynamics_b12_methionine/20251208_bacteria_b12_methionine_2/20251210_071554_FB_OD600scan_96well_P0000000019_d12a6641-4d0c-48bd-aeac-668fa5facce1.csv","data/raw/growth_dynamics_b12_methionine/20251208_bacteria_b12_methionine_2/20251210_071554_FB_OD600scan_96well_P0000000019_d12a6641-4d0c-48bd-aeac-668fa5facce1.csv","instrument","plate-reader export","yes","git",2089,"3cf619a7c61e036753086c1efb6486b7e72948cc2fad066e9de47d5d05be52b6",""
"data/raw/growth_dynamics_b12_methionine/20251208_bacteria_b12_methionine_2/20251210_071858_FB_OD600scan_96well_P0000000018_d12a6641-4d0c-48bd-aeac-668fa5facce1.csv","data/raw/growth_dynamics_b12_methionine/20251208_bacteria_b12_methionine_2/20251210_071858_FB_OD600scan_96well_P0000000018_d12a6641-4d0c-48bd-aeac-668fa5facce1.csv","instrument","plate-reader export","yes","git",2089,"ad928ef533a628d3e72c59c38724af2560358949dd23ef5368686de5b1d4fcf6",""
"data/raw/growth_dynamics_b12_methionine/20251208_bacteria_b12_methionine_2/20251210_072204_FB_OD600scan_96well_P0000000017_d12a6641-4d0c-48bd-aeac-668fa5facce1.csv","data/raw/growth_dynamics_b12_methionine/20251208_bacteria_b12_methionine_2/20251210_072204_FB_OD600scan_96well_P0000000017_d12a6641-4d0c-48bd-aeac-668fa5facce1.csv","instrument","plate-reader export","yes","git",2089,"ccc61f25afafbe13d1c756c29c3a59cce1693d25f5c9a30443dff2d2eb28d36c",""
"data/raw/growth_dynamics_b12_methionine/20251208_bacteria_b12_methionine_2/20251210_074508_FB_OD600scan_96well_P0000000015_d12a6641-4d0c-48bd-aeac-668fa5facce1.csv","data/raw/growth_dynamics_b12_methionine/20251208_bacteria_b12_methionine_2/20251210_074508_FB_OD600scan_96well_P0000000015_d12a6641-4d0c-48bd-aeac-668fa5facce1.csv","instrument","plate-reader export","yes","git",2089,"346ffe69860936d617739aaf5fff597d338093efaa44ca06942ff4dc76ebee6d",""
"data/raw/growth_dynamics_b12_methionine/20251208_bacteria_b12_methionine_2/20251210_074806_FB_OD600scan_96well_P0000000014_d12a6641-4d0c-48bd-aeac-668fa5facce1.csv","data/raw/growth_dynamics_b12_methionine/20251208_bacteria_b12_methionine_2/20251210_074806_FB_OD600scan_96well_P0000000014_d12a6641-4d0c-48bd-aeac-668fa5facce1.csv","instrument","plate-reader export","yes","git",2089,"d823d80a75b368aedab2ff60d497c81905c3b9eaca0971a3e90dc2740217ea0f",""
"data/raw/growth_dynamics_b12_methionine/20251208_bacteria_b12_methionine_2/20251210_075102_FB_OD600scan_96well_P0000000012_d12a6641-4d0c-48bd-aeac-668fa5facce1.csv","data/raw/growth_dynamics_b12_methionine/20251208_bacteria_b12_methionine_2/20251210_075102_FB_OD600scan_96well_P0000000012_d12a6641-4d0c-48bd-aeac-668fa5facce1.csv","instrument","plate-reader export","yes","git",2089,"4bc64af636c38eb5b3b9b2c3d8a12bf524cb0d4dba96e120f896543470d25051",""
"data/raw/growth_dynamics_b12_methionine/20251208_bacteria_b12_methionine_2/20251210_075359_FB_OD600scan_96well_P0000000011_d12a6641-4d0c-48bd-aeac-668fa5facce1.csv","data/raw/growth_dynamics_b12_methionine/20251208_bacteria_b12_methionine_2/20251210_075359_FB_OD600scan_96well_P0000000011_d12a6641-4d0c-48bd-aeac-668fa5facce1.csv","instrument","plate-reader export","yes","git",2089,"91966f206dfe6fbc2df3b31f5eccfddd77727546b5c9f9263a6d4660fbc32d99",""
"data/raw/growth_dynamics_b12_methionine/20251208_bacteria_b12_methionine_2/20251210_075659_FB_OD600scan_96well_P0000000010_d12a6641-4d0c-48bd-aeac-668fa5facce1.csv","data/raw/growth_dynamics_b12_methionine/20251208_bacteria_b12_methionine_2/20251210_075659_FB_OD600scan_96well_P0000000010_d12a6641-4d0c-48bd-aeac-668fa5facce1.csv","instrument","plate-reader export","yes","git",2089,"773ed31c272d7ef2b54532d65b9f35e0908672947e038837b06849ed5d3ce2cc",""
"data/raw/growth_dynamics_b12_methionine/20251208_bacteria_b12_methionine_2/20251210_080000_FB_OD600scan_96well_P0000000009_d12a6641-4d0c-48bd-aeac-668fa5facce1.csv","data/raw/growth_dynamics_b12_methionine/20251208_bacteria_b12_methionine_2/20251210_080000_FB_OD600scan_96well_P0000000009_d12a6641-4d0c-48bd-aeac-668fa5facce1.csv","instrument","plate-reader export","yes","git",2089,"1c0ba1023359bc6ca83e57d6d03ca9b7e89e6dc361df22fee02afd5cdfba2fdb",""
"data/raw/growth_dynamics_b12_methionine/20251208_bacteria_b12_methionine_2/20251210_080257_FB_OD600scan_96well_P0000000008_d12a6641-4d0c-48bd-aeac-668fa5facce1.csv","data/raw/growth_dynamics_b12_methionine/20251208_bacteria_b12_methionine_2/20251210_080257_FB_OD600scan_96well_P0000000008_d12a6641-4d0c-48bd-aeac-668fa5facce1.csv","instrument","plate-reader export","yes","git",2089,"5320084ffabce4b31bbb202a09d0c747a7d24cfcaed7766ee3adc61abd04f219",""
"data/raw/growth_dynamics_b12_methionine/20251208_bacteria_b12_methionine_2/20251210_080558_FB_OD600scan_96well_P0000000007_d12a6641-4d0c-48bd-aeac-668fa5facce1.csv","data/raw/growth_dynamics_b12_methionine/20251208_bacteria_b12_methionine_2/20251210_080558_FB_OD600scan_96well_P0000000007_d12a6641-4d0c-48bd-aeac-668fa5facce1.csv","instrument","plate-reader export","yes","git",2089,"1e8b834484b08c7ffd65efca864ea9e4c87d7cb2f1864e49673c2e18de346022",""
"data/raw/growth_dynamics_b12_methionine/20251208_bacteria_b12_methionine_2/20251210_080856_FB_OD600scan_96well_P0000000006_d12a6641-4d0c-48bd-aeac-668fa5facce1.csv","data/raw/growth_dynamics_b12_methionine/20251208_bacteria_b12_methionine_2/20251210_080856_FB_OD600scan_96well_P0000000006_d12a6641-4d0c-48bd-aeac-668fa5facce1.csv","instrument","plate-reader export","yes","git",2089,"2bff7930fdb46e7e983c696a2015c77d07c74c9fe9aa9795c216bc13328d19d0",""
"data/raw/growth_dynamics_b12_methionine/20251208_bacteria_b12_methionine_2/20251210_081154_FB_OD600scan_96well_P0000000005_d12a6641-4d0c-48bd-aeac-668fa5facce1.csv","data/raw/growth_dynamics_b12_methionine/20251208_bacteria_b12_methionine_2/20251210_081154_FB_OD600scan_96well_P0000000005_d12a6641-4d0c-48bd-aeac-668fa5facce1.csv","instrument","plate-reader export","yes","git",2089,"e5fd90ea3132a2a1020ad76d6b409ed6d3c1409905e0a24669de4ae2ff1fc76f",""
"data/raw/growth_dynamics_b12_methionine/20251208_bacteria_b12_methionine_2/20251210_081453_FB_OD600scan_96well_P0000000004_d12a6641-4d0c-48bd-aeac-668fa5facce1.csv","data/raw/growth_dynamics_b12_methionine/20251208_bacteria_b12_methionine_2/20251210_081453_FB_OD600scan_96well_P0000000004_d12a6641-4d0c-48bd-aeac-668fa5facce1.csv","instrument","plate-reader export","yes","git",2089,"f5e4532f8ef945ce22439fbd93565d9789ec9572dc982c3769533217777b7af2",""
"data/raw/growth_dynamics_b12_methionine/20251208_bacteria_b12_methionine_2/20251210_081755_FB_OD600scan_96well_P0000000003_d12a6641-4d0c-48bd-aeac-668fa5facce1.csv","data/raw/growth_dynamics_b12_methionine/20251208_bacteria_b12_methionine_2/20251210_081755_FB_OD600scan_96well_P0000000003_d12a6641-4d0c-48bd-aeac-668fa5facce1.csv","instrument","plate-reader export","yes","git",2089,"61277be80b115090f58eed0f7fe729b529fc4fb34c5c09a4429dde72b5201016",""
"data/raw/growth_dynamics_b12_methionine/20251208_bacteria_b12_methionine_2/20251210_082056_FB_OD600scan_96well_P0000000028_d12a6641-4d0c-48bd-aeac-668fa5facce1.csv","data/raw/growth_dynamics_b12_methionine/20251208_bacteria_b12_methionine_2/20251210_082056_FB_OD600scan_96well_P0000000028_d12a6641-4d0c-48bd-aeac-668fa5facce1.csv","instrument","plate-reader export","yes","git",2089,"9201fc8cb7d15ded83df1f3962a8b681a5a3ece2e59cd971e267844ad19fd960",""
"data/raw/growth_dynamics_b12_methionine/20251208_bacteria_b12_methionine_2/20251210_082359_FB_OD600scan_96well_P0000000027_d12a6641-4d0c-48bd-aeac-668fa5facce1.csv","data/raw/growth_dynamics_b12_methionine/20251208_bacteria_b12_methionine_2/20251210_082359_FB_OD600scan_96well_P0000000027_d12a6641-4d0c-48bd-aeac-668fa5facce1.csv","instrument","plate-reader export","yes","git",2089,"e929b65e2ab60f41c3169aded81b9292146edb8adab8d5a10198aab208dcf7ba",""
"data/raw/growth_dynamics_b12_methionine/20251208_bacteria_b12_methionine_2/20251210_082703_FB_OD600scan_96well_P0000000026_d12a6641-4d0c-48bd-aeac-668fa5facce1.csv","data/raw/growth_dynamics_b12_methionine/20251208_bacteria_b12_methionine_2/20251210_082703_FB_OD600scan_96well_P0000000026_d12a6641-4d0c-48bd-aeac-668fa5facce1.csv","instrument","plate-reader export","yes","git",2089,"934132f91e021f3ddb0ff059fbf57ddcf0620a5982aa99dbd37ce272b0d768c2",""
"data/raw/growth_dynamics_b12_methionine/20251208_bacteria_b12_methionine_2/20251210_083004_FB_OD600scan_96well_P0000000025_d12a6641-4d0c-48bd-aeac-668fa5facce1.csv","data/raw/growth_dynamics_b12_methionine/20251208_bacteria_b12_methionine_2/20251210_083004_FB_OD600scan_96well_P0000000025_d12a6641-4d0c-48bd-aeac-668fa5facce1.csv","instrument","plate-reader export","yes","git",2089,"4b423be6e7675995f0d50c3fbf3ddc9fe013dedd789788bdb187622e1ba70649",""
"data/raw/growth_dynamics_b12_methionine/20251208_bacteria_b12_methionine_2/20251210_083306_FB_OD600scan_96well_P0000000024_d12a6641-4d0c-48bd-aeac-668fa5facce1.csv","data/raw/growth_dynamics_b12_methionine/20251208_bacteria_b12_methionine_2/20251210_083306_FB_OD600scan_96well_P0000000024_d12a6641-4d0c-48bd-aeac-668fa5facce1.csv","instrument","plate-reader export","yes","git",2089,"acac091992b8abbbbd6ddc6606fa09e500597b6ab3b12330ca9ae0702f952624",""
"data/raw/growth_dynamics_b12_methionine/20251208_bacteria_b12_methionine_2/20251210_083611_FB_OD600scan_96well_P0000000023_d12a6641-4d0c-48bd-aeac-668fa5facce1.csv","data/raw/growth_dynamics_b12_methionine/20251208_bacteria_b12_methionine_2/20251210_083611_FB_OD600scan_96well_P0000000023_d12a6641-4d0c-48bd-aeac-668fa5facce1.csv","instrument","plate-reader export","yes","git",2089,"4226ef616751ea358741df8b2ad52e7b371e053fa2b19ba3119089e0b58025da",""
"data/raw/growth_dynamics_b12_methionine/20251208_bacteria_b12_methionine_2/20251210_083913_FB_OD600scan_96well_P0000000022_d12a6641-4d0c-48bd-aeac-668fa5facce1.csv","data/raw/growth_dynamics_b12_methionine/20251208_bacteria_b12_methionine_2/20251210_083913_FB_OD600scan_96well_P0000000022_d12a6641-4d0c-48bd-aeac-668fa5facce1.csv","instrument","plate-reader export","yes","git",2089,"9b2c1561262f90f9ee8452c85391d22df62ef6d585f79fe6eef3af5ef9a89c9a",""
"data/raw/growth_dynamics_b12_methionine/20251208_bacteria_b12_methionine_2/20251210_084219_FB_OD600scan_96well_P0000000021_d12a6641-4d0c-48bd-aeac-668fa5facce1.csv","data/raw/growth_dynamics_b12_methionine/20251208_bacteria_b12_methionine_2/20251210_084219_FB_OD600scan_96well_P0000000021_d12a6641-4d0c-48bd-aeac-668fa5facce1.csv","instrument","plate-reader export","yes","git",2089,"7ae865c74199d1a3ade84ece1096e5486432f2ee3e7decf02b69f786dcaf97b1",""
"data/raw/growth_dynamics_b12_methionine/20251208_bacteria_b12_methionine_2/20251210_084525_FB_OD600scan_96well_P0000000020_d12a6641-4d0c-48bd-aeac-668fa5facce1.csv","data/raw/growth_dynamics_b12_methionine/20251208_bacteria_b12_methionine_2/20251210_084525_FB_OD600scan_96well_P0000000020_d12a6641-4d0c-48bd-aeac-668fa5facce1.csv","instrument","plate-reader export","yes","git",2089,"59fec7fd667c582556b18f7b6f055da3c4955acbed84dbddc65cf50e650add95",""
"data/raw/growth_dynamics_b12_methionine/20251208_bacteria_b12_methionine_2/20251210_084832_FB_OD600scan_96well_P0000000019_d12a6641-4d0c-48bd-aeac-668fa5facce1.csv","data/raw/growth_dynamics_b12_methionine/20251208_bacteria_b12_methionine_2/20251210_084832_FB_OD600scan_96well_P0000000019_d12a6641-4d0c-48bd-aeac-668fa5facce1.csv","instrument","plate-reader export","yes","git",2089,"a8db4708976df5e92a63ff5f03e112e7ff66c4d41c7359c64d4bbe493340940b",""
"data/raw/growth_dynamics_b12_methionine/20251208_bacteria_b12_methionine_2/20251210_085136_FB_OD600scan_96well_P0000000018_d12a6641-4d0c-48bd-aeac-668fa5facce1.csv","data/raw/growth_dynamics_b12_methionine/20251208_bacteria_b12_methionine_2/20251210_085136_FB_OD600scan_96well_P0000000018_d12a6641-4d0c-48bd-aeac-668fa5facce1.csv","instrument","plate-reader export","yes","git",2089,"3cbd06d259c3983593342b2939327f99ffdccb58bead03053056711c54b347f5",""
"data/raw/growth_dynamics_b12_methionine/20251208_bacteria_b12_methionine_2/20251210_085442_FB_OD600scan_96well_P0000000017_d12a6641-4d0c-48bd-aeac-668fa5facce1.csv","data/raw/growth_dynamics_b12_methionine/20251208_bacteria_b12_methionine_2/20251210_085442_FB_OD600scan_96well_P0000000017_d12a6641-4d0c-48bd-aeac-668fa5facce1.csv","instrument","plate-reader export","yes","git",2089,"725bea94d9943e012fb9aa6262135c84ca31ee0978470430e591aca1367d328c",""
"data/raw/growth_dynamics_b12_methionine/20251208_bacteria_b12_methionine_2/20251210_091744_FB_OD600scan_96well_P0000000015_d12a6641-4d0c-48bd-aeac-668fa5facce1.csv","data/raw/growth_dynamics_b12_methionine/20251208_bacteria_b12_methionine_2/20251210_091744_FB_OD600scan_96well_P0000000015_d12a6641-4d0c-48bd-aeac-668fa5facce1.csv","instrument","plate-reader export","yes","git",2089,"591f72defb4e63aa02020f75100c3c9e6653bd583986d0fd695febabdc7407fb",""
"data/raw/growth_dynamics_b12_methionine/20251208_bacteria_b12_methionine_2/20251210_092039_FB_OD600scan_96well_P0000000014_d12a6641-4d0c-48bd-aeac-668fa5facce1.csv","data/raw/growth_dynamics_b12_methionine/20251208_bacteria_b12_methionine_2/20251210_092039_FB_OD600scan_96well_P0000000014_d12a6641-4d0c-48bd-aeac-668fa5facce1.csv","instrument","plate-reader export","yes","git",2089,"6e31ec327c6e315563d63cd06aa581b751f59c505cd8ffe2b853188ef59ae9f6",""
"data/raw/growth_dynamics_b12_methionine/20251208_bacteria_b12_methionine_2/20251210_092338_FB_OD600scan_96well_P0000000012_d12a6641-4d0c-48bd-aeac-668fa5facce1.csv","data/raw/growth_dynamics_b12_methionine/20251208_bacteria_b12_methionine_2/20251210_092338_FB_OD600scan_96well_P0000000012_d12a6641-4d0c-48bd-aeac-668fa5facce1.csv","instrument","plate-reader export","yes","git",2089,"8c18408ab0af4146e15378790f05593596f49f59ff1892a2b6a26caad7743e01",""
"data/raw/growth_dynamics_b12_methionine/20251208_bacteria_b12_methionine_2/20251210_092637_FB_OD600scan_96well_P0000000011_d12a6641-4d0c-48bd-aeac-668fa5facce1.csv","data/raw/growth_dynamics_b12_methionine/20251208_bacteria_b12_methionine_2/20251210_092637_FB_OD600scan_96well_P0000000011_d12a6641-4d0c-48bd-aeac-668fa5facce1.csv","instrument","plate-reader export","yes","git",2089,"4be353dd216bb0398805640b6e6c85fd2c6c7d05f20c835952ed32dfc4ffb243",""
"data/raw/growth_dynamics_b12_methionine/20251208_bacteria_b12_methionine_2/20251210_092934_FB_OD600scan_96well_P0000000010_d12a6641-4d0c-48bd-aeac-668fa5facce1.csv","data/raw/growth_dynamics_b12_methionine/20251208_bacteria_b12_methionine_2/20251210_092934_FB_OD600scan_96well_P0000000010_d12a6641-4d0c-48bd-aeac-668fa5facce1.csv","instrument","plate-reader export","yes","git",2089,"83ce782328d6baa540167991c035bd97bea01959c935c423dde244e3a7478e82",""
"data/raw/growth_dynamics_b12_methionine/20251208_bacteria_b12_methionine_2/20251210_093235_FB_OD600scan_96well_P0000000009_d12a6641-4d0c-48bd-aeac-668fa5facce1.csv","data/raw/growth_dynamics_b12_methionine/20251208_bacteria_b12_methionine_2/20251210_093235_FB_OD600scan_96well_P0000000009_d12a6641-4d0c-48bd-aeac-668fa5facce1.csv","instrument","plate-reader export","yes","git",2089,"708fcb028444fd93f702a81939ed4e4a05e51a89a56c9265009f0e1618f52e7c",""
"data/raw/growth_dynamics_b12_methionine/20251208_bacteria_b12_methionine_2/20251210_093533_FB_OD600scan_96well_P0000000008_d12a6641-4d0c-48bd-aeac-668fa5facce1.csv","data/raw/growth_dynamics_b12_methionine/20251208_bacteria_b12_methionine_2/20251210_093533_FB_OD600scan_96well_P0000000008_d12a6641-4d0c-48bd-aeac-668fa5facce1.csv","instrument","plate-reader export","yes","git",2089,"3d02dd78d4f3c0ce0437af5dc82b69a29b15e0489854a3504b410f391e768752",""
"data/raw/growth_dynamics_b12_methionine/20251208_bacteria_b12_methionine_2/20251210_093834_FB_OD600scan_96well_P0000000007_d12a6641-4d0c-48bd-aeac-668fa5facce1.csv","data/raw/growth_dynamics_b12_methionine/20251208_bacteria_b12_methionine_2/20251210_093834_FB_OD600scan_96well_P0000000007_d12a6641-4d0c-48bd-aeac-668fa5facce1.csv","instrument","plate-reader export","yes","git",2089,"e09d780e40e368b0c1770d4b344c99a21a1e6e88057e1a734f57523c6a4191a5",""
"data/raw/growth_dynamics_b12_methionine/20251208_bacteria_b12_methionine_2/20251210_094135_FB_OD600scan_96well_P0000000006_d12a6641-4d0c-48bd-aeac-668fa5facce1.csv","data/raw/growth_dynamics_b12_methionine/20251208_bacteria_b12_methionine_2/20251210_094135_FB_OD600scan_96well_P0000000006_d12a6641-4d0c-48bd-aeac-668fa5facce1.csv","instrument","plate-reader export","yes","git",2089,"7015220cbe752e11ce857b2112b9bc36056064587ae6cc37d9db31434ed235de",""
"data/raw/growth_dynamics_b12_methionine/20251208_bacteria_b12_methionine_2/20251210_094436_FB_OD600scan_96well_P0000000005_d12a6641-4d0c-48bd-aeac-668fa5facce1.csv","data/raw/growth_dynamics_b12_methionine/20251208_bacteria_b12_methionine_2/20251210_094436_FB_OD600scan_96well_P0000000005_d12a6641-4d0c-48bd-aeac-668fa5facce1.csv","instrument","plate-reader export","yes","git",2089,"f37c586349ed5c253cd1fdc6a3ad96877b60fddb20c21e43b6b8e4bc0351c6f5",""
"data/raw/growth_dynamics_b12_methionine/20251208_bacteria_b12_methionine_2/20251210_094735_FB_OD600scan_96well_P0000000004_d12a6641-4d0c-48bd-aeac-668fa5facce1.csv","data/raw/growth_dynamics_b12_methionine/20251208_bacteria_b12_methionine_2/20251210_094735_FB_OD600scan_96well_P0000000004_d12a6641-4d0c-48bd-aeac-668fa5facce1.csv","instrument","plate-reader export","yes","git",2089,"8cf4ab287bd8dd84359b45a5f7c1af4223c9418741f800ee19ceb178aa327f12",""
"data/raw/growth_dynamics_b12_methionine/20251208_bacteria_b12_methionine_2/20251210_095037_FB_OD600scan_96well_P0000000003_d12a6641-4d0c-48bd-aeac-668fa5facce1.csv","data/raw/growth_dynamics_b12_methionine/20251208_bacteria_b12_methionine_2/20251210_095037_FB_OD600scan_96well_P0000000003_d12a6641-4d0c-48bd-aeac-668fa5facce1.csv","instrument","plate-reader export","yes","git",2089,"7f0cee9a38ac050c4697cab41abc3053db649f8f6a7375ba982e22293e5c83cf",""
"data/raw/growth_dynamics_b12_methionine/20251208_bacteria_b12_methionine_2/20251210_095343_FB_OD600scan_96well_P0000000028_d12a6641-4d0c-48bd-aeac-668fa5facce1.csv","data/raw/growth_dynamics_b12_methionine/20251208_bacteria_b12_methionine_2/20251210_095343_FB_OD600scan_96well_P0000000028_d12a6641-4d0c-48bd-aeac-668fa5facce1.csv","instrument","plate-reader export","yes","git",2089,"43f9554a55b4d914b9702fea431a6b8522e81e160f55bd7b56d2e35f2cadfac7",""
"data/raw/growth_dynamics_b12_methionine/20251208_bacteria_b12_methionine_2/20251210_095647_FB_OD600scan_96well_P0000000027_d12a6641-4d0c-48bd-aeac-668fa5facce1.csv","data/raw/growth_dynamics_b12_methionine/20251208_bacteria_b12_methionine_2/20251210_095647_FB_OD600scan_96well_P0000000027_d12a6641-4d0c-48bd-aeac-668fa5facce1.csv","instrument","plate-reader export","yes","git",2089,"7ee28b97c8efe8e26e36fdaf4a304b7c7ac4670a3378340be760781a3a401750",""
"data/raw/growth_dynamics_b12_methionine/20251208_bacteria_b12_methionine_2/20251210_095948_FB_OD600scan_96well_P0000000026_d12a6641-4d0c-48bd-aeac-668fa5facce1.csv","data/raw/growth_dynamics_b12_methionine/20251208_bacteria_b12_methionine_2/20251210_095948_FB_OD600scan_96well_P0000000026_d12a6641-4d0c-48bd-aeac-668fa5facce1.csv","instrument","plate-reader export","yes","git",2089,"c3ed59dffa90811ac19308b3ffc58e59d19a8f3b1736d8bae677a999f136d438",""
"data/raw/growth_dynamics_b12_methionine/20251208_bacteria_b12_methionine_2/20251210_100252_FB_OD600scan_96well_P0000000025_d12a6641-4d0c-48bd-aeac-668fa5facce1.csv","data/raw/growth_dynamics_b12_methionine/20251208_bacteria_b12_methionine_2/20251210_100252_FB_OD600scan_96well_P0000000025_d12a6641-4d0c-48bd-aeac-668fa5facce1.csv","instrument","plate-reader export","yes","git",2090,"427bc1ef50514180817438b950ef0bcc579786374d987ad09e1409fedfc8f1ba",""
"data/raw/growth_dynamics_b12_methionine/20251208_bacteria_b12_methionine_2/20251210_100557_FB_OD600scan_96well_P0000000024_d12a6641-4d0c-48bd-aeac-668fa5facce1.csv","data/raw/growth_dynamics_b12_methionine/20251208_bacteria_b12_methionine_2/20251210_100557_FB_OD600scan_96well_P0000000024_d12a6641-4d0c-48bd-aeac-668fa5facce1.csv","instrument","plate-reader export","yes","git",2090,"7873ce14e90803313f7bfe65b57022dd7d3c56648b7898ce7c3b014686a26a20",""
"data/raw/growth_dynamics_b12_methionine/20251208_bacteria_b12_methionine_2/20251210_100902_FB_OD600scan_96well_P0000000023_d12a6641-4d0c-48bd-aeac-668fa5facce1.csv","data/raw/growth_dynamics_b12_methionine/20251208_bacteria_b12_methionine_2/20251210_100902_FB_OD600scan_96well_P0000000023_d12a6641-4d0c-48bd-aeac-668fa5facce1.csv","instrument","plate-reader export","yes","git",2090,"3dfc853b637f7f9783f86fe0de2a6f3c2578b2dc892b27161ffe918e57928c6e",""
"data/raw/growth_dynamics_b12_methionine/20251208_bacteria_b12_methionine_2/20251210_101204_FB_OD600scan_96well_P0000000022_d12a6641-4d0c-48bd-aeac-668fa5facce1.csv","data/raw/growth_dynamics_b12_methionine/20251208_bacteria_b12_methionine_2/20251210_101204_FB_OD600scan_96well_P0000000022_d12a6641-4d0c-48bd-aeac-668fa5facce1.csv","instrument","plate-reader export","yes","git",2090,"bae6b4f9d7fda3bbd25a97124855290aff6962d371bb45469fd77594a2067e0a",""
"data/raw/growth_dynamics_b12_methionine/20251208_bacteria_b12_methionine_2/20251210_101510_FB_OD600scan_96well_P0000000021_d12a6641-4d0c-48bd-aeac-668fa5facce1.csv","data/raw/growth_dynamics_b12_methionine/20251208_bacteria_b12_methionine_2/20251210_101510_FB_OD600scan_96well_P0000000021_d12a6641-4d0c-48bd-aeac-668fa5facce1.csv","instrument","plate-reader export","yes","git",2090,"fbbbf2fa816c9a9790c065472adc752831738bd5fc0c90fcab164b9478ca8782",""
"data/raw/growth_dynamics_b12_methionine/20251208_bacteria_b12_methionine_2/20251210_101813_FB_OD600scan_96well_P0000000020_d12a6641-4d0c-48bd-aeac-668fa5facce1.csv","data/raw/growth_dynamics_b12_methionine/20251208_bacteria_b12_methionine_2/20251210_101813_FB_OD600scan_96well_P0000000020_d12a6641-4d0c-48bd-aeac-668fa5facce1.csv","instrument","plate-reader export","yes","git",2090,"e6484777d0c6a403e0c5eb19245491f02cdbc29a3d2b71da7185034f424ac91f",""
"data/raw/growth_dynamics_b12_methionine/20251208_bacteria_b12_methionine_2/20251210_102118_FB_OD600scan_96well_P0000000019_d12a6641-4d0c-48bd-aeac-668fa5facce1.csv","data/raw/growth_dynamics_b12_methionine/20251208_bacteria_b12_methionine_2/20251210_102118_FB_OD600scan_96well_P0000000019_d12a6641-4d0c-48bd-aeac-668fa5facce1.csv","instrument","plate-reader export","yes","git",2090,"12e5f5256d1a64b84598f6893c0f6c4972c944c17135c82ac1b25afa47f79041",""
"data/raw/growth_dynamics_b12_methionine/20251208_bacteria_b12_methionine_2/20251210_102421_FB_OD600scan_96well_P0000000018_d12a6641-4d0c-48bd-aeac-668fa5facce1.csv","data/raw/growth_dynamics_b12_methionine/20251208_bacteria_b12_methionine_2/20251210_102421_FB_OD600scan_96well_P0000000018_d12a6641-4d0c-48bd-aeac-668fa5facce1.csv","instrument","plate-reader export","yes","git",2090,"1705ba9dbf1f73ccacdff41ecb14821ca08953fbc715888c9b419ba9f6dfd332",""
"data/raw/growth_dynamics_b12_methionine/20251208_bacteria_b12_methionine_2/20251210_102727_FB_OD600scan_96well_P0000000017_d12a6641-4d0c-48bd-aeac-668fa5facce1.csv","data/raw/growth_dynamics_b12_methionine/20251208_bacteria_b12_methionine_2/20251210_102727_FB_OD600scan_96well_P0000000017_d12a6641-4d0c-48bd-aeac-668fa5facce1.csv","instrument","plate-reader export","yes","git",2090,"b2d96d01bf4e5928da9fd3a4fa799608ef289285538e4e9f5087af6b2a56f242",""
"data/raw/growth_dynamics_b12_methionine/20251208_bacteria_b12_methionine_2/20251210_105032_FB_OD600scan_96well_P0000000015_d12a6641-4d0c-48bd-aeac-668fa5facce1.csv","data/raw/growth_dynamics_b12_methionine/20251208_bacteria_b12_methionine_2/20251210_105032_FB_OD600scan_96well_P0000000015_d12a6641-4d0c-48bd-aeac-668fa5facce1.csv","instrument","plate-reader export","yes","git",2090,"08ad143f41a5f81d06924ea641a9bb41d9ee1210ba34595a3adcfc42011d5d8a",""
"data/raw/growth_dynamics_b12_methionine/20251208_bacteria_b12_methionine_2/20251210_105331_FB_OD600scan_96well_P0000000014_d12a6641-4d0c-48bd-aeac-668fa5facce1.csv","data/raw/growth_dynamics_b12_methionine/20251208_bacteria_b12_methionine_2/20251210_105331_FB_OD600scan_96well_P0000000014_d12a6641-4d0c-48bd-aeac-668fa5facce1.csv","instrument","plate-reader export","yes","git",2090,"8d3178ea027528814745e38cf708aceeb67262169c16130c26213d90212a056d",""
"data/raw/growth_dynamics_b12_methionine/20251208_bacteria_b12_methionine_2/20251210_105629_FB_OD600scan_96well_P0000000012_d12a6641-4d0c-48bd-aeac-668fa5facce1.csv","data/raw/growth_dynamics_b12_methionine/20251208_bacteria_b12_methionine_2/20251210_105629_FB_OD600scan_96well_P0000000012_d12a6641-4d0c-48bd-aeac-668fa5facce1.csv","instrument","plate-reader export","yes","git",2090,"14c87444520074b3838124d7fa6a9eab6f50145afe19f360f662348994d803c1",""
"data/raw/growth_dynamics_b12_methionine/20251208_bacteria_b12_methionine_2/20251210_105929_FB_OD600scan_96well_P0000000011_d12a6641-4d0c-48bd-aeac-668fa5facce1.csv","data/raw/growth_dynamics_b12_methionine/20251208_bacteria_b12_methionine_2/20251210_105929_FB_OD600scan_96well_P0000000011_d12a6641-4d0c-48bd-aeac-668fa5facce1.csv","instrument","plate-reader export","yes","git",2090,"c855b32714a79c5c60f1518ac98e554d6cc8f1c2c0039cfa5e537bfb236b3ffc",""
"data/raw/growth_dynamics_b12_methionine/20251208_bacteria_b12_methionine_2/20251210_110229_FB_OD600scan_96well_P0000000010_d12a6641-4d0c-48bd-aeac-668fa5facce1.csv","data/raw/growth_dynamics_b12_methionine/20251208_bacteria_b12_methionine_2/20251210_110229_FB_OD600scan_96well_P0000000010_d12a6641-4d0c-48bd-aeac-668fa5facce1.csv","instrument","plate-reader export","yes","git",2090,"96f838864c2a7855b85b01c8443a6b23833abbace75a18a6a88b1299a4474752",""
"data/raw/growth_dynamics_b12_methionine/20251208_bacteria_b12_methionine_2/20251210_110530_FB_OD600scan_96well_P0000000009_d12a6641-4d0c-48bd-aeac-668fa5facce1.csv","data/raw/growth_dynamics_b12_methionine/20251208_bacteria_b12_methionine_2/20251210_110530_FB_OD600scan_96well_P0000000009_d12a6641-4d0c-48bd-aeac-668fa5facce1.csv","instrument","plate-reader export","yes","git",2090,"1e7a6cc622c0d0e017748eaa1a04b1475e5deca60a2f97f93a6f903d20ae0097",""
"data/raw/growth_dynamics_b12_methionine/20251208_bacteria_b12_methionine_2/20251210_110827_FB_OD600scan_96well_P0000000008_d12a6641-4d0c-48bd-aeac-668fa5facce1.csv","data/raw/growth_dynamics_b12_methionine/20251208_bacteria_b12_methionine_2/20251210_110827_FB_OD600scan_96well_P0000000008_d12a6641-4d0c-48bd-aeac-668fa5facce1.csv","instrument","plate-reader export","yes","git",2090,"8ffa92fe98c24d291e597dba9f831ca95b292029830dbebea61ca45ae3c775fc",""
"data/raw/growth_dynamics_b12_methionine/20251208_bacteria_b12_methionine_2/20251210_111128_FB_OD600scan_96well_P0000000007_d12a6641-4d0c-48bd-aeac-668fa5facce1.csv","data/raw/growth_dynamics_b12_methionine/20251208_bacteria_b12_methionine_2/20251210_111128_FB_OD600scan_96well_P0000000007_d12a6641-4d0c-48bd-aeac-668fa5facce1.csv","instrument","plate-reader export","yes","git",2090,"dbf46fd7995c33f310074ea9f0cf4787aab7ce052be1b84d8e60bb2de113e7fa",""
"data/raw/growth_dynamics_b12_methionine/20251208_bacteria_b12_methionine_2/20251210_111429_FB_OD600scan_96well_P0000000006_d12a6641-4d0c-48bd-aeac-668fa5facce1.csv","data/raw/growth_dynamics_b12_methionine/20251208_bacteria_b12_methionine_2/20251210_111429_FB_OD600scan_96well_P0000000006_d12a6641-4d0c-48bd-aeac-668fa5facce1.csv","instrument","plate-reader export","yes","git",2090,"8d8c986574627b37d017f531caa1a4b81d0965f2485dcb66dec2311688fdaaf0",""
"data/raw/growth_dynamics_b12_methionine/20251208_bacteria_b12_methionine_2/20251210_111730_FB_OD600scan_96well_P0000000005_d12a6641-4d0c-48bd-aeac-668fa5facce1.csv","data/raw/growth_dynamics_b12_methionine/20251208_bacteria_b12_methionine_2/20251210_111730_FB_OD600scan_96well_P0000000005_d12a6641-4d0c-48bd-aeac-668fa5facce1.csv","instrument","plate-reader export","yes","git",2090,"fd71d3130b3e939d1847dc042d6f2605e5a8b5b5f7bd285663d375f19b5621d1",""
"data/raw/growth_dynamics_b12_methionine/20251208_bacteria_b12_methionine_2/20251210_112029_FB_OD600scan_96well_P0000000004_d12a6641-4d0c-48bd-aeac-668fa5facce1.csv","data/raw/growth_dynamics_b12_methionine/20251208_bacteria_b12_methionine_2/20251210_112029_FB_OD600scan_96well_P0000000004_d12a6641-4d0c-48bd-aeac-668fa5facce1.csv","instrument","plate-reader export","yes","git",2090,"3fb5de740ffcfd95d738f3cf46038b46dd4adddc1b6570c9819d3c70b2774890",""
"data/raw/growth_dynamics_b12_methionine/20251208_bacteria_b12_methionine_2/20251210_112329_FB_OD600scan_96well_P0000000003_d12a6641-4d0c-48bd-aeac-668fa5facce1.csv","data/raw/growth_dynamics_b12_methionine/20251208_bacteria_b12_methionine_2/20251210_112329_FB_OD600scan_96well_P0000000003_d12a6641-4d0c-48bd-aeac-668fa5facce1.csv","instrument","plate-reader export","yes","git",2090,"dabdec0965ebf4301fdf105333346fbc865461cc5160a8f46fa6e9853e0a0990",""
"data/raw/growth_dynamics_b12_methionine/20251208_bacteria_b12_methionine_2/20251210_112632_FB_OD600scan_96well_P0000000028_d12a6641-4d0c-48bd-aeac-668fa5facce1.csv","data/raw/growth_dynamics_b12_methionine/20251208_bacteria_b12_methionine_2/20251210_112632_FB_OD600scan_96well_P0000000028_d12a6641-4d0c-48bd-aeac-668fa5facce1.csv","instrument","plate-reader export","yes","git",2090,"b13c06a9151a4e5a2bedbd897d52c1b8e267b507046004d2773e309174d2e25a",""
"data/raw/growth_dynamics_b12_methionine/20251208_bacteria_b12_methionine_2/20251210_112932_FB_OD600scan_96well_P0000000027_d12a6641-4d0c-48bd-aeac-668fa5facce1.csv","data/raw/growth_dynamics_b12_methionine/20251208_bacteria_b12_methionine_2/20251210_112932_FB_OD600scan_96well_P0000000027_d12a6641-4d0c-48bd-aeac-668fa5facce1.csv","instrument","plate-reader export","yes","git",2090,"e4bd9283f3646bb324717d0ece1368e4ef016f45878babc5798c4aa8ac9d353f",""
"data/raw/growth_dynamics_b12_methionine/20251208_bacteria_b12_methionine_2/20251210_113233_FB_OD600scan_96well_P0000000026_d12a6641-4d0c-48bd-aeac-668fa5facce1.csv","data/raw/growth_dynamics_b12_methionine/20251208_bacteria_b12_methionine_2/20251210_113233_FB_OD600scan_96well_P0000000026_d12a6641-4d0c-48bd-aeac-668fa5facce1.csv","instrument","plate-reader export","yes","git",2090,"aef5fc1e9dd1ab5fd2b0117bbb1f6aa29231f721d7842b1fa290b884905116ec",""
"data/raw/growth_dynamics_b12_methionine/20251208_bacteria_b12_methionine_2/20251210_113537_FB_OD600scan_96well_P0000000025_d12a6641-4d0c-48bd-aeac-668fa5facce1.csv","data/raw/growth_dynamics_b12_methionine/20251208_bacteria_b12_methionine_2/20251210_113537_FB_OD600scan_96well_P0000000025_d12a6641-4d0c-48bd-aeac-668fa5facce1.csv","instrument","plate-reader export","yes","git",2090,"c10336e62fd200d4d98f01df0c971387ccf4fa837482d363b58634c90d277c12",""
"data/raw/growth_dynamics_b12_methionine/20251208_bacteria_b12_methionine_2/20251210_113841_FB_OD600scan_96well_P0000000024_d12a6641-4d0c-48bd-aeac-668fa5facce1.csv","data/raw/growth_dynamics_b12_methionine/20251208_bacteria_b12_methionine_2/20251210_113841_FB_OD600scan_96well_P0000000024_d12a6641-4d0c-48bd-aeac-668fa5facce1.csv","instrument","plate-reader export","yes","git",2090,"fd1c0304c4353961579132c219b655a76bde23af9b506743e3e393fd0c57e608",""
"data/raw/growth_dynamics_b12_methionine/20251208_bacteria_b12_methionine_2/20251210_114143_FB_OD600scan_96well_P0000000023_d12a6641-4d0c-48bd-aeac-668fa5facce1.csv","data/raw/growth_dynamics_b12_methionine/20251208_bacteria_b12_methionine_2/20251210_114143_FB_OD600scan_96well_P0000000023_d12a6641-4d0c-48bd-aeac-668fa5facce1.csv","instrument","plate-reader export","yes","git",2090,"6afc2a05a662681dbecddabf73cb2b685ae7fe6056917f5989d8762d48eac2a8",""
"data/raw/growth_dynamics_b12_methionine/20251208_bacteria_b12_methionine_2/20251210_114445_FB_OD600scan_96well_P0000000022_d12a6641-4d0c-48bd-aeac-668fa5facce1.csv","data/raw/growth_dynamics_b12_methionine/20251208_bacteria_b12_methionine_2/20251210_114445_FB_OD600scan_96well_P0000000022_d12a6641-4d0c-48bd-aeac-668fa5facce1.csv","instrument","plate-reader export","yes","git",2090,"720bbc4fda02175e2092e95a7034050ab72b7beaafb6e29fc3428707df8f51f3",""
"data/raw/growth_dynamics_b12_methionine/20251208_bacteria_b12_methionine_2/20251210_114751_FB_OD600scan_96well_P0000000021_d12a6641-4d0c-48bd-aeac-668fa5facce1.csv","data/raw/growth_dynamics_b12_methionine/20251208_bacteria_b12_methionine_2/20251210_114751_FB_OD600scan_96well_P0000000021_d12a6641-4d0c-48bd-aeac-668fa5facce1.csv","instrument","plate-reader export","yes","git",2090,"41a4e5cf7f78d42266d06ca8d540b35cb04742420147260b4e6aa723e58c6726",""
"data/raw/growth_dynamics_b12_methionine/20251208_bacteria_b12_methionine_2/20251210_115057_FB_OD600scan_96well_P0000000020_d12a6641-4d0c-48bd-aeac-668fa5facce1.csv","data/raw/growth_dynamics_b12_methionine/20251208_bacteria_b12_methionine_2/20251210_115057_FB_OD600scan_96well_P0000000020_d12a6641-4d0c-48bd-aeac-668fa5facce1.csv","instrument","plate-reader export","yes","git",2090,"b31ac8eb8f425018786fae82c9281d558b8647816fd322f6daef06b4ccc67258",""
"data/raw/growth_dynamics_b12_methionine/20251208_bacteria_b12_methionine_2/20251210_115404_FB_OD600scan_96well_P0000000019_d12a6641-4d0c-48bd-aeac-668fa5facce1.csv","data/raw/growth_dynamics_b12_methionine/20251208_bacteria_b12_methionine_2/20251210_115404_FB_OD600scan_96well_P0000000019_d12a6641-4d0c-48bd-aeac-668fa5facce1.csv","instrument","plate-reader export","yes","git",2090,"9bcde959e9e2470ec9e2d299b7d3251cc3cc6dff635b2c9103e51d8d268ee5d1",""
"data/raw/growth_dynamics_b12_methionine/20251208_bacteria_b12_methionine_2/20251210_115711_FB_OD600scan_96well_P0000000018_d12a6641-4d0c-48bd-aeac-668fa5facce1.csv","data/raw/growth_dynamics_b12_methionine/20251208_bacteria_b12_methionine_2/20251210_115711_FB_OD600scan_96well_P0000000018_d12a6641-4d0c-48bd-aeac-668fa5facce1.csv","instrument","plate-reader export","yes","git",2090,"a1f071c0e028adced83f7786b651ad199d70321bb47bfe40d2fb6b366a3c23a0",""
"data/raw/growth_dynamics_b12_methionine/20251208_bacteria_b12_methionine_2/20251210_120018_FB_OD600scan_96well_P0000000017_d12a6641-4d0c-48bd-aeac-668fa5facce1.csv","data/raw/growth_dynamics_b12_methionine/20251208_bacteria_b12_methionine_2/20251210_120018_FB_OD600scan_96well_P0000000017_d12a6641-4d0c-48bd-aeac-668fa5facce1.csv","instrument","plate-reader export","yes","git",2090,"2dfb0da820433863bff92a848078752a1507c7027afc7941672ea69d899a88bf",""
"data/raw/growth_dynamics_b12_methionine/20251208_bacteria_b12_methionine_2/20251210_122322_FB_OD600scan_96well_P0000000015_d12a6641-4d0c-48bd-aeac-668fa5facce1.csv","data/raw/growth_dynamics_b12_methionine/20251208_bacteria_b12_methionine_2/20251210_122322_FB_OD600scan_96well_P0000000015_d12a6641-4d0c-48bd-aeac-668fa5facce1.csv","instrument","plate-reader export","yes","git",2090,"05f5ef85e0ab6c0a7f7ae4390b7e4e0bc3ce30eb13175f05928122b9ddcb3437",""
"data/raw/growth_dynamics_b12_methionine/20251208_bacteria_b12_methionine_2/20251210_122617_FB_OD600scan_96well_P0000000014_d12a6641-4d0c-48bd-aeac-668fa5facce1.csv","data/raw/growth_dynamics_b12_methionine/20251208_bacteria_b12_methionine_2/20251210_122617_FB_OD600scan_96well_P0000000014_d12a6641-4d0c-48bd-aeac-668fa5facce1.csv","instrument","plate-reader export","yes","git",2090,"13fc823289937a31deb72e3240b60bfb25c6f1b6cd35bcb2801b3fc3fbdab3e1",""
"data/raw/growth_dynamics_b12_methionine/20251208_bacteria_b12_methionine_2/20251210_122917_FB_OD600scan_96well_P0000000012_d12a6641-4d0c-48bd-aeac-668fa5facce1.csv","data/raw/growth_dynamics_b12_methionine/20251208_bacteria_b12_methionine_2/20251210_122917_FB_OD600scan_96well_P0000000012_d12a6641-4d0c-48bd-aeac-668fa5facce1.csv","instrument","plate-reader export","yes","git",2090,"6b17d95e5e9aace18676204e8166b5c3d92beaa780e23c0dbccd41658e7288eb",""
"data/raw/growth_dynamics_b12_methionine/20251208_bacteria_b12_methionine_2/20251210_123213_FB_OD600scan_96well_P0000000011_d12a6641-4d0c-48bd-aeac-668fa5facce1.csv","data/raw/growth_dynamics_b12_methionine/20251208_bacteria_b12_methionine_2/20251210_123213_FB_OD600scan_96well_P0000000011_d12a6641-4d0c-48bd-aeac-668fa5facce1.csv","instrument","plate-reader export","yes","git",2090,"ef21bee059a4e98b35492e9eddbc661bab1077b174dca70a60ece8301f5245cd",""
"data/raw/growth_dynamics_b12_methionine/20251208_bacteria_b12_methionine_2/20251210_123513_FB_OD600scan_96well_P0000000010_d12a6641-4d0c-48bd-aeac-668fa5facce1.csv","data/raw/growth_dynamics_b12_methionine/20251208_bacteria_b12_methionine_2/20251210_123513_FB_OD600scan_96well_P0000000010_d12a6641-4d0c-48bd-aeac-668fa5facce1.csv","instrument","plate-reader export","yes","git",2090,"917be708aafdce10ecd1d0b0271f83aa6ec3bcaa79b8655b875d5efd649640d2",""
"data/raw/growth_dynamics_b12_methionine/20251208_bacteria_b12_methionine_2/20251210_123810_FB_OD600scan_96well_P0000000009_d12a6641-4d0c-48bd-aeac-668fa5facce1.csv","data/raw/growth_dynamics_b12_methionine/20251208_bacteria_b12_methionine_2/20251210_123810_FB_OD600scan_96well_P0000000009_d12a6641-4d0c-48bd-aeac-668fa5facce1.csv","instrument","plate-reader export","yes","git",2090,"b685cda789c1ba59cc96ab4504700f52372c49065c98b849dc6c672aaca3711c",""
"data/raw/growth_dynamics_b12_methionine/20251208_bacteria_b12_methionine_2/20251210_124111_FB_OD600scan_96well_P0000000008_d12a6641-4d0c-48bd-aeac-668fa5facce1.csv","data/raw/growth_dynamics_b12_methionine/20251208_bacteria_b12_methionine_2/20251210_124111_FB_OD600scan_96well_P0000000008_d12a6641-4d0c-48bd-aeac-668fa5facce1.csv","instrument","plate-reader export","yes","git",2090,"1b815f7ad5a59bc7a31ab1a0f17d6240035fee7b4896a6c0c847f948a6b16164",""
"data/raw/growth_dynamics_b12_methionine/20251208_bacteria_b12_methionine_2/20251210_124409_FB_OD600scan_96well_P0000000007_d12a6641-4d0c-48bd-aeac-668fa5facce1.csv","data/raw/growth_dynamics_b12_methionine/20251208_bacteria_b12_methionine_2/20251210_124409_FB_OD600scan_96well_P0000000007_d12a6641-4d0c-48bd-aeac-668fa5facce1.csv","instrument","plate-reader export","yes","git",2090,"2834717202ae2e875ecd4de1eb2910df84d733f8927a18cdb15d5c0c88531e3c",""
"data/raw/growth_dynamics_b12_methionine/20251208_bacteria_b12_methionine_2/20251210_124710_FB_OD600scan_96well_P0000000006_d12a6641-4d0c-48bd-aeac-668fa5facce1.csv","data/raw/growth_dynamics_b12_methionine/20251208_bacteria_b12_methionine_2/20251210_124710_FB_OD600scan_96well_P0000000006_d12a6641-4d0c-48bd-aeac-668fa5facce1.csv","instrument","plate-reader export","yes","git",2090,"8bdc4010b6fd2114130ca5ac3e050866631044af7e53644841876bc306d7b85e",""
"data/raw/growth_dynamics_b12_methionine/20251208_bacteria_b12_methionine_2/20251210_125011_FB_OD600scan_96well_P0000000005_d12a6641-4d0c-48bd-aeac-668fa5facce1.csv","data/raw/growth_dynamics_b12_methionine/20251208_bacteria_b12_methionine_2/20251210_125011_FB_OD600scan_96well_P0000000005_d12a6641-4d0c-48bd-aeac-668fa5facce1.csv","instrument","plate-reader export","yes","git",2090,"610b51f2e93619fd04d8026c928dfd0a066bfe062eb51dfdb234a2ba07091d68",""
"data/raw/growth_dynamics_b12_methionine/20251208_bacteria_b12_methionine_2/20251210_125310_FB_OD600scan_96well_P0000000004_d12a6641-4d0c-48bd-aeac-668fa5facce1.csv","data/raw/growth_dynamics_b12_methionine/20251208_bacteria_b12_methionine_2/20251210_125310_FB_OD600scan_96well_P0000000004_d12a6641-4d0c-48bd-aeac-668fa5facce1.csv","instrument","plate-reader export","yes","git",2090,"b81296c1767751448a43da533386360cc47ead63101b3a7e708546a843007972",""
"data/raw/growth_dynamics_b12_methionine/20251208_bacteria_b12_methionine_2/20251210_125611_FB_OD600scan_96well_P0000000003_d12a6641-4d0c-48bd-aeac-668fa5facce1.csv","data/raw/growth_dynamics_b12_methionine/20251208_bacteria_b12_methionine_2/20251210_125611_FB_OD600scan_96well_P0000000003_d12a6641-4d0c-48bd-aeac-668fa5facce1.csv","instrument","plate-reader export","yes","git",2090,"3be484ab20bf301f9159d4843de408e640aa2b976c817236e78720bfabebc95b",""
"data/raw/growth_dynamics_b12_methionine/20251208_bacteria_b12_methionine_2/20251210_125911_FB_OD600scan_96well_P0000000028_d12a6641-4d0c-48bd-aeac-668fa5facce1.csv","data/raw/growth_dynamics_b12_methionine/20251208_bacteria_b12_methionine_2/20251210_125911_FB_OD600scan_96well_P0000000028_d12a6641-4d0c-48bd-aeac-668fa5facce1.csv","instrument","plate-reader export","yes","git",2090,"c480e087f4e99e5b0e723a3167658a9313c3e7739e725cfa96966eab318b06da",""
"data/raw/growth_dynamics_b12_methionine/20251208_bacteria_b12_methionine_2/20251210_130214_FB_OD600scan_96well_P0000000027_d12a6641-4d0c-48bd-aeac-668fa5facce1.csv","data/raw/growth_dynamics_b12_methionine/20251208_bacteria_b12_methionine_2/20251210_130214_FB_OD600scan_96well_P0000000027_d12a6641-4d0c-48bd-aeac-668fa5facce1.csv","instrument","plate-reader export","yes","git",2089,"88eb66742ccebd00d81e2de06d5362ff3fc14a4c17a7d76841a4d9a6e729d0c0",""
"data/raw/growth_dynamics_b12_methionine/20251208_bacteria_b12_methionine_2/20251210_130516_FB_OD600scan_96well_P0000000026_d12a6641-4d0c-48bd-aeac-668fa5facce1.csv","data/raw/growth_dynamics_b12_methionine/20251208_bacteria_b12_methionine_2/20251210_130516_FB_OD600scan_96well_P0000000026_d12a6641-4d0c-48bd-aeac-668fa5facce1.csv","instrument","plate-reader export","yes","git",2089,"103090457aab20bd4c9097296dca1edef427155c5fd47d5f4d0d11f55b23f899",""
"data/raw/growth_dynamics_b12_methionine/20251208_bacteria_b12_methionine_2/20251210_130820_FB_OD600scan_96well_P0000000025_d12a6641-4d0c-48bd-aeac-668fa5facce1.csv","data/raw/growth_dynamics_b12_methionine/20251208_bacteria_b12_methionine_2/20251210_130820_FB_OD600scan_96well_P0000000025_d12a6641-4d0c-48bd-aeac-668fa5facce1.csv","instrument","plate-reader export","yes","git",2089,"77c838cff31d99624c4485342145e6fb16dbf9330bc2bd8274aa21e127f86f02",""
"data/raw/growth_dynamics_b12_methionine/20251208_bacteria_b12_methionine_2/20251210_131124_FB_OD600scan_96well_P0000000024_d12a6641-4d0c-48bd-aeac-668fa5facce1.csv","data/raw/growth_dynamics_b12_methionine/20251208_bacteria_b12_methionine_2/20251210_131124_FB_OD600scan_96well_P0000000024_d12a6641-4d0c-48bd-aeac-668fa5facce1.csv","instrument","plate-reader export","yes","git",2089,"5629d82bd76eb50dcdb15ca300d5d548ec3a40b1d5f212217efdd71c3667edb4",""
"data/raw/growth_dynamics_b12_methionine/20251208_bacteria_b12_methionine_2/20251210_131429_FB_OD600scan_96well_P0000000023_d12a6641-4d0c-48bd-aeac-668fa5facce1.csv","data/raw/growth_dynamics_b12_methionine/20251208_bacteria_b12_methionine_2/20251210_131429_FB_OD600scan_96well_P0000000023_d12a6641-4d0c-48bd-aeac-668fa5facce1.csv","instrument","plate-reader export","yes","git",2089,"5b2f9d89430998cbd9cac81cc4511b8ea5203973faa4d39b1e311b674754fc1e",""
"data/raw/growth_dynamics_b12_methionine/20251208_bacteria_b12_methionine_2/20251210_131731_FB_OD600scan_96well_P0000000022_d12a6641-4d0c-48bd-aeac-668fa5facce1.csv","data/raw/growth_dynamics_b12_methionine/20251208_bacteria_b12_methionine_2/20251210_131731_FB_OD600scan_96well_P0000000022_d12a6641-4d0c-48bd-aeac-668fa5facce1.csv","instrument","plate-reader export","yes","git",2089,"d0ea212c9636ed3e3b942cd2013d6046aa2fa989fc4b6b2dd71576c8400c2d87",""
"data/raw/growth_dynamics_b12_methionine/20251208_bacteria_b12_methionine_2/20251210_132037_FB_OD600scan_96well_P0000000021_d12a6641-4d0c-48bd-aeac-668fa5facce1.csv","data/raw/growth_dynamics_b12_methionine/20251208_bacteria_b12_methionine_2/20251210_132037_FB_OD600scan_96well_P0000000021_d12a6641-4d0c-48bd-aeac-668fa5facce1.csv","instrument","plate-reader export","yes","git",2089,"41d39ee10ad55a2ba2b3bcc87d23eed89aee20ad092915d67ddcb1eadac483dd",""
"data/raw/growth_dynamics_b12_methionine/20251208_bacteria_b12_methionine_2/20251210_132342_FB_OD600scan_96well_P0000000020_d12a6641-4d0c-48bd-aeac-668fa5facce1.csv","data/raw/growth_dynamics_b12_methionine/20251208_bacteria_b12_methionine_2/20251210_132342_FB_OD600scan_96well_P0000000020_d12a6641-4d0c-48bd-aeac-668fa5facce1.csv","instrument","plate-reader export","yes","git",2089,"78da1a0c45cb63e983e7ba48c0ee1f0b9b796ee48d8fa0fc892645acdc7e57aa",""
"data/raw/growth_dynamics_b12_methionine/20251208_bacteria_b12_methionine_2/20251210_132648_FB_OD600scan_96well_P0000000019_d12a6641-4d0c-48bd-aeac-668fa5facce1.csv","data/raw/growth_dynamics_b12_methionine/20251208_bacteria_b12_methionine_2/20251210_132648_FB_OD600scan_96well_P0000000019_d12a6641-4d0c-48bd-aeac-668fa5facce1.csv","instrument","plate-reader export","yes","git",2089,"56666c0626b4d5d6b1c474e6e398ab00a9c2ff8fab17f356595058e815fc69ce",""
"data/raw/growth_dynamics_b12_methionine/20251208_bacteria_b12_methionine_2/20251210_132954_FB_OD600scan_96well_P0000000018_d12a6641-4d0c-48bd-aeac-668fa5facce1.csv","data/raw/growth_dynamics_b12_methionine/20251208_bacteria_b12_methionine_2/20251210_132954_FB_OD600scan_96well_P0000000018_d12a6641-4d0c-48bd-aeac-668fa5facce1.csv","instrument","plate-reader export","yes","git",2089,"521b51fab439ab9954474b41c1287b6d148e33537216ecab70b7941140867b17",""
"data/raw/growth_dynamics_b12_methionine/20251208_bacteria_b12_methionine_2/20251210_133301_FB_OD600scan_96well_P0000000017_d12a6641-4d0c-48bd-aeac-668fa5facce1.csv","data/raw/growth_dynamics_b12_methionine/20251208_bacteria_b12_methionine_2/20251210_133301_FB_OD600scan_96well_P0000000017_d12a6641-4d0c-48bd-aeac-668fa5facce1.csv","instrument","plate-reader export","yes","git",2089,"041fefc0b26154ecbaefeb366aac4c7a62897b6b190938164d78866bb00ffe0b",""
"data/raw/growth_dynamics_b12_methionine/20251208_bacteria_b12_methionine_2/20251210_135605_FB_OD600scan_96well_P0000000015_d12a6641-4d0c-48bd-aeac-668fa5facce1.csv","data/raw/growth_dynamics_b12_methionine/20251208_bacteria_b12_methionine_2/20251210_135605_FB_OD600scan_96well_P0000000015_d12a6641-4d0c-48bd-aeac-668fa5facce1.csv","instrument","plate-reader export","yes","git",2089,"0b550c6071563b87ed71da932c84872fbd7a5c58b5f0bf8bdbe1e19be59bc668",""
"data/raw/growth_dynamics_b12_methionine/20251208_bacteria_b12_methionine_2/20251210_135901_FB_OD600scan_96well_P0000000014_d12a6641-4d0c-48bd-aeac-668fa5facce1.csv","data/raw/growth_dynamics_b12_methionine/20251208_bacteria_b12_methionine_2/20251210_135901_FB_OD600scan_96well_P0000000014_d12a6641-4d0c-48bd-aeac-668fa5facce1.csv","instrument","plate-reader export","yes","git",2089,"6668280c70327e134f606b44f0b53f5342b5cb10d21fdc4b3464686d503a7413",""
"data/raw/growth_dynamics_b12_methionine/20251208_bacteria_b12_methionine_2/20251210_140157_FB_OD600scan_96well_P0000000012_d12a6641-4d0c-48bd-aeac-668fa5facce1.csv","data/raw/growth_dynamics_b12_methionine/20251208_bacteria_b12_methionine_2/20251210_140157_FB_OD600scan_96well_P0000000012_d12a6641-4d0c-48bd-aeac-668fa5facce1.csv","instrument","plate-reader export","yes","git",2089,"5ebf5179ff400793b44ecfc1a56845bc409ab45ae377ae2420685ede7cbf86d5",""
"data/raw/growth_dynamics_b12_methionine/20251208_bacteria_b12_methionine_2/20251210_140456_FB_OD600scan_96well_P0000000011_d12a6641-4d0c-48bd-aeac-668fa5facce1.csv","data/raw/growth_dynamics_b12_methionine/20251208_bacteria_b12_methionine_2/20251210_140456_FB_OD600scan_96well_P0000000011_d12a6641-4d0c-48bd-aeac-668fa5facce1.csv","instrument","plate-reader export","yes","git",2089,"a123e6bbdff67bf391989e576be2cbaa520f6c80b75e54a9b4695f1a6549ad67",""
"data/raw/growth_dynamics_b12_methionine/20251208_bacteria_b12_methionine_2/20251210_140756_FB_OD600scan_96well_P0000000010_d12a6641-4d0c-48bd-aeac-668fa5facce1.csv","data/raw/growth_dynamics_b12_methionine/20251208_bacteria_b12_methionine_2/20251210_140756_FB_OD600scan_96well_P0000000010_d12a6641-4d0c-48bd-aeac-668fa5facce1.csv","instrument","plate-reader export","yes","git",2089,"4fafcdfa30f454a8a91a5862a67b2bef2d192ee25341998e2d8bac82854eae44",""
"data/raw/growth_dynamics_b12_methionine/20251208_bacteria_b12_methionine_2/20251210_141054_FB_OD600scan_96well_P0000000009_d12a6641-4d0c-48bd-aeac-668fa5facce1.csv","data/raw/growth_dynamics_b12_methionine/20251208_bacteria_b12_methionine_2/20251210_141054_FB_OD600scan_96well_P0000000009_d12a6641-4d0c-48bd-aeac-668fa5facce1.csv","instrument","plate-reader export","yes","git",2089,"14949d6524c64a52b355231fe7689959c4b63e85aac584a6d5f8efba9893a5e2",""
"data/raw/growth_dynamics_b12_methionine/20251208_bacteria_b12_methionine_2/20251210_141352_FB_OD600scan_96well_P0000000008_d12a6641-4d0c-48bd-aeac-668fa5facce1.csv","data/raw/growth_dynamics_b12_methionine/20251208_bacteria_b12_methionine_2/20251210_141352_FB_OD600scan_96well_P0000000008_d12a6641-4d0c-48bd-aeac-668fa5facce1.csv","instrument","plate-reader export","yes","git",2089,"e5cdd7758debc99e6ae79e242ba879257b0b905a3d2446b20982f9fa21c05928",""
"data/raw/growth_dynamics_b12_methionine/20251208_bacteria_b12_methionine_2/20251210_141653_FB_OD600scan_96well_P0000000007_d12a6641-4d0c-48bd-aeac-668fa5facce1.csv","data/raw/growth_dynamics_b12_methionine/20251208_bacteria_b12_methionine_2/20251210_141653_FB_OD600scan_96well_P0000000007_d12a6641-4d0c-48bd-aeac-668fa5facce1.csv","instrument","plate-reader export","yes","git",2089,"07bd1078dbf9260335e298d3bafb204d69e9a532a735d8d852f0f8ca9d2425ce",""
"data/raw/growth_dynamics_b12_methionine/20251208_bacteria_b12_methionine_2/20251210_141955_FB_OD600scan_96well_P0000000006_d12a6641-4d0c-48bd-aeac-668fa5facce1.csv","data/raw/growth_dynamics_b12_methionine/20251208_bacteria_b12_methionine_2/20251210_141955_FB_OD600scan_96well_P0000000006_d12a6641-4d0c-48bd-aeac-668fa5facce1.csv","instrument","plate-reader export","yes","git",2089,"43e7ad3c8b75a1344027c3ab7e992825780432f3075d7f6338396b46b095d141",""
"data/raw/growth_dynamics_b12_methionine/20251208_bacteria_b12_methionine_2/20251210_142254_FB_OD600scan_96well_P0000000005_d12a6641-4d0c-48bd-aeac-668fa5facce1.csv","data/raw/growth_dynamics_b12_methionine/20251208_bacteria_b12_methionine_2/20251210_142254_FB_OD600scan_96well_P0000000005_d12a6641-4d0c-48bd-aeac-668fa5facce1.csv","instrument","plate-reader export","yes","git",2089,"e4932b58500a4d2139292d9241cf599f71fc7ff4679eccb24a1d4077836ad5a0",""
"data/raw/growth_dynamics_b12_methionine/20251208_bacteria_b12_methionine_2/20251210_142556_FB_OD600scan_96well_P0000000004_d12a6641-4d0c-48bd-aeac-668fa5facce1.csv","data/raw/growth_dynamics_b12_methionine/20251208_bacteria_b12_methionine_2/20251210_142556_FB_OD600scan_96well_P0000000004_d12a6641-4d0c-48bd-aeac-668fa5facce1.csv","instrument","plate-reader export","yes","git",2089,"9635f618124d24fef97f633e0ad7c70cf4bd0dc39ad5970934effa9d50b2f53f",""
"data/raw/growth_dynamics_b12_methionine/20251208_bacteria_b12_methionine_2/20251210_142855_FB_OD600scan_96well_P0000000003_d12a6641-4d0c-48bd-aeac-668fa5facce1.csv","data/raw/growth_dynamics_b12_methionine/20251208_bacteria_b12_methionine_2/20251210_142855_FB_OD600scan_96well_P0000000003_d12a6641-4d0c-48bd-aeac-668fa5facce1.csv","instrument","plate-reader export","yes","git",2089,"5fc770841ae655e62e5a605ca46b58ce8aa4baf640f17fb1874c9fd8a8f12307",""
"data/raw/growth_dynamics_b12_methionine/20251208_bacteria_b12_methionine_2/20251210_143157_FB_OD600scan_96well_P0000000028_d12a6641-4d0c-48bd-aeac-668fa5facce1.csv","data/raw/growth_dynamics_b12_methionine/20251208_bacteria_b12_methionine_2/20251210_143157_FB_OD600scan_96well_P0000000028_d12a6641-4d0c-48bd-aeac-668fa5facce1.csv","instrument","plate-reader export","yes","git",2089,"1ab4c8f27087fa2e87a6b6006e7da6bedb596ed27297f09716741f65a1babdd7",""
"data/raw/growth_dynamics_b12_methionine/20251208_bacteria_b12_methionine_2/20251210_143458_FB_OD600scan_96well_P0000000027_d12a6641-4d0c-48bd-aeac-668fa5facce1.csv","data/raw/growth_dynamics_b12_methionine/20251208_bacteria_b12_methionine_2/20251210_143458_FB_OD600scan_96well_P0000000027_d12a6641-4d0c-48bd-aeac-668fa5facce1.csv","instrument","plate-reader export","yes","git",2089,"a014e05e38721520db0baf8a0d72b2d64bd1363899d50579c8aa9c6112db1aea",""
"data/raw/growth_dynamics_b12_methionine/20251208_bacteria_b12_methionine_2/20251210_143802_FB_OD600scan_96well_P0000000026_d12a6641-4d0c-48bd-aeac-668fa5facce1.csv","data/raw/growth_dynamics_b12_methionine/20251208_bacteria_b12_methionine_2/20251210_143802_FB_OD600scan_96well_P0000000026_d12a6641-4d0c-48bd-aeac-668fa5facce1.csv","instrument","plate-reader export","yes","git",2089,"e267cc151d67187b906d066517417345c84950708703352446255401c9e102fb",""
"data/raw/growth_dynamics_b12_methionine/20251208_bacteria_b12_methionine_2/20251210_144103_FB_OD600scan_96well_P0000000025_d12a6641-4d0c-48bd-aeac-668fa5facce1.csv","data/raw/growth_dynamics_b12_methionine/20251208_bacteria_b12_methionine_2/20251210_144103_FB_OD600scan_96well_P0000000025_d12a6641-4d0c-48bd-aeac-668fa5facce1.csv","instrument","plate-reader export","yes","git",2089,"58cf35fb344a1f61f7cc3f044c4813e89eae7ede27e8f2f626b56c867b87cda1",""
"data/raw/growth_dynamics_b12_methionine/20251208_bacteria_b12_methionine_2/20251210_144405_FB_OD600scan_96well_P0000000024_d12a6641-4d0c-48bd-aeac-668fa5facce1.csv","data/raw/growth_dynamics_b12_methionine/20251208_bacteria_b12_methionine_2/20251210_144405_FB_OD600scan_96well_P0000000024_d12a6641-4d0c-48bd-aeac-668fa5facce1.csv","instrument","plate-reader export","yes","git",2089,"011ebf6877988454b6cad9de171c7dd54748ff0377b6cbfbbcf9c3dea3768c78",""
"data/raw/growth_dynamics_b12_methionine/20251208_bacteria_b12_methionine_2/20251210_144709_FB_OD600scan_96well_P0000000023_d12a6641-4d0c-48bd-aeac-668fa5facce1.csv","data/raw/growth_dynamics_b12_methionine/20251208_bacteria_b12_methionine_2/20251210_144709_FB_OD600scan_96well_P0000000023_d12a6641-4d0c-48bd-aeac-668fa5facce1.csv","instrument","plate-reader export","yes","git",2089,"97789e857308434445c51111fac29edb6a8f12905116ff067255a839c08f036e",""
"data/raw/growth_dynamics_b12_methionine/20251208_bacteria_b12_methionine_2/20251210_145015_FB_OD600scan_96well_P0000000022_d12a6641-4d0c-48bd-aeac-668fa5facce1.csv","data/raw/growth_dynamics_b12_methionine/20251208_bacteria_b12_methionine_2/20251210_145015_FB_OD600scan_96well_P0000000022_d12a6641-4d0c-48bd-aeac-668fa5facce1.csv","instrument","plate-reader export","yes","git",2089,"ef10dc616fb2f5ab7533ca608649771ee8fc4327c156f9a2031c026d9366e33d",""
"data/raw/growth_dynamics_b12_methionine/20251208_bacteria_b12_methionine_2/20251210_145318_FB_OD600scan_96well_P0000000021_d12a6641-4d0c-48bd-aeac-668fa5facce1.csv","data/raw/growth_dynamics_b12_methionine/20251208_bacteria_b12_methionine_2/20251210_145318_FB_OD600scan_96well_P0000000021_d12a6641-4d0c-48bd-aeac-668fa5facce1.csv","instrument","plate-reader export","yes","git",2089,"e121dfc13078b99050b66b3b9c0744ee85f168a2f7af047a800adfdec19704c3",""
"data/raw/growth_dynamics_b12_methionine/20251208_bacteria_b12_methionine_2/20251210_145621_FB_OD600scan_96well_P0000000020_d12a6641-4d0c-48bd-aeac-668fa5facce1.csv","data/raw/growth_dynamics_b12_methionine/20251208_bacteria_b12_methionine_2/20251210_145621_FB_OD600scan_96well_P0000000020_d12a6641-4d0c-48bd-aeac-668fa5facce1.csv","instrument","plate-reader export","yes","git",2089,"59d6544cce3dc7dadafccec20d50bad18a256f62ddd9f2b97ab338a8f93d4143",""
"data/raw/growth_dynamics_b12_methionine/20251208_bacteria_b12_methionine_2/20251210_145924_FB_OD600scan_96well_P0000000019_d12a6641-4d0c-48bd-aeac-668fa5facce1.csv","data/raw/growth_dynamics_b12_methionine/20251208_bacteria_b12_methionine_2/20251210_145924_FB_OD600scan_96well_P0000000019_d12a6641-4d0c-48bd-aeac-668fa5facce1.csv","instrument","plate-reader export","yes","git",2089,"117d3aeb5eee12594d69d4483b3fb3818bc27ed8a620c263ab05188e65866948",""
"data/raw/growth_dynamics_b12_methionine/20251208_bacteria_b12_methionine_2/20251210_150228_FB_OD600scan_96well_P0000000018_d12a6641-4d0c-48bd-aeac-668fa5facce1.csv","data/raw/growth_dynamics_b12_methionine/20251208_bacteria_b12_methionine_2/20251210_150228_FB_OD600scan_96well_P0000000018_d12a6641-4d0c-48bd-aeac-668fa5facce1.csv","instrument","plate-reader export","yes","git",2089,"67320436b9521bec75d27b9b17750a7da04d8d83f9f48af44bac97e041b8bd4e",""
"data/raw/growth_dynamics_b12_methionine/20251208_bacteria_b12_methionine_2/20251210_150532_FB_OD600scan_96well_P0000000017_d12a6641-4d0c-48bd-aeac-668fa5facce1.csv","data/raw/growth_dynamics_b12_methionine/20251208_bacteria_b12_methionine_2/20251210_150532_FB_OD600scan_96well_P0000000017_d12a6641-4d0c-48bd-aeac-668fa5facce1.csv","instrument","plate-reader export","yes","git",2089,"7667779d8393e09189ab59824a0b5a2a5fc0489637142affa800d87337974de7",""
"data/raw/growth_dynamics_b12_methionine/20251208_bacteria_b12_methionine_2/20251210_152833_FB_OD600scan_96well_P0000000015_d12a6641-4d0c-48bd-aeac-668fa5facce1.csv","data/raw/growth_dynamics_b12_methionine/20251208_bacteria_b12_methionine_2/20251210_152833_FB_OD600scan_96well_P0000000015_d12a6641-4d0c-48bd-aeac-668fa5facce1.csv","instrument","plate-reader export","yes","git",2089,"c0b0c88f2149dd65a6b9865d29091b66548d76c979798ac42136c2b8c7a5846e",""
"data/raw/growth_dynamics_b12_methionine/20251208_bacteria_b12_methionine_2/20251210_153128_FB_OD600scan_96well_P0000000014_d12a6641-4d0c-48bd-aeac-668fa5facce1.csv","data/raw/growth_dynamics_b12_methionine/20251208_bacteria_b12_methionine_2/20251210_153128_FB_OD600scan_96well_P0000000014_d12a6641-4d0c-48bd-aeac-668fa5facce1.csv","instrument","plate-reader export","yes","git",2089,"678db98e09d024e67cec201c4be899b855524ce442ce63fe1e4587e8bfdbd040",""
"data/raw/growth_dynamics_b12_methionine/20251208_bacteria_b12_methionine_2/20251210_153424_FB_OD600scan_96well_P0000000012_d12a6641-4d0c-48bd-aeac-668fa5facce1.csv","data/raw/growth_dynamics_b12_methionine/20251208_bacteria_b12_methionine_2/20251210_153424_FB_OD600scan_96well_P0000000012_d12a6641-4d0c-48bd-aeac-668fa5facce1.csv","instrument","plate-reader export","yes","git",2089,"5536719fb2012b79356a2988e603a84a919ff126b558a7d952d761a645e66860",""
"data/raw/growth_dynamics_b12_methionine/20251208_bacteria_b12_methionine_2/20251210_153720_FB_OD600scan_96well_P0000000011_d12a6641-4d0c-48bd-aeac-668fa5facce1.csv","data/raw/growth_dynamics_b12_methionine/20251208_bacteria_b12_methionine_2/20251210_153720_FB_OD600scan_96well_P0000000011_d12a6641-4d0c-48bd-aeac-668fa5facce1.csv","instrument","plate-reader export","yes","git",2089,"fe1635460f00ff8912df9e1532a6cc71f8308a8ef5a29d5e705b72bf378e9efa",""
"data/raw/growth_dynamics_b12_methionine/20251208_bacteria_b12_methionine_2/20251210_154016_FB_OD600scan_96well_P0000000010_d12a6641-4d0c-48bd-aeac-668fa5facce1.csv","data/raw/growth_dynamics_b12_methionine/20251208_bacteria_b12_methionine_2/20251210_154016_FB_OD600scan_96well_P0000000010_d12a6641-4d0c-48bd-aeac-668fa5facce1.csv","instrument","plate-reader export","yes","git",2089,"60b7f349f9df2900f8c3350b3ed3993db532747e23091392f53004e224771149",""
"data/raw/growth_dynamics_b12_methionine/20251208_bacteria_b12_methionine_2/20251210_154314_FB_OD600scan_96well_P0000000009_d12a6641-4d0c-48bd-aeac-668fa5facce1.csv","data/raw/growth_dynamics_b12_methionine/20251208_bacteria_b12_methionine_2/20251210_154314_FB_OD600scan_96well_P0000000009_d12a6641-4d0c-48bd-aeac-668fa5facce1.csv","instrument","plate-reader export","yes","git",2089,"cd192cb623f3518b9faba4815cd35f8d85e99de54a929590012662df39d69462",""
"data/raw/growth_dynamics_b12_methionine/20251208_bacteria_b12_methionine_2/20251210_154612_FB_OD600scan_96well_P0000000008_d12a6641-4d0c-48bd-aeac-668fa5facce1.csv","data/raw/growth_dynamics_b12_methionine/20251208_bacteria_b12_methionine_2/20251210_154612_FB_OD600scan_96well_P0000000008_d12a6641-4d0c-48bd-aeac-668fa5facce1.csv","instrument","plate-reader export","yes","git",2089,"f02e3187bcdfb31baf74324a1e35f992577d60c1599973178f872619acbfa5b6",""
"data/raw/growth_dynamics_b12_methionine/20251208_bacteria_b12_methionine_2/20251210_154910_FB_OD600scan_96well_P0000000007_d12a6641-4d0c-48bd-aeac-668fa5facce1.csv","data/raw/growth_dynamics_b12_methionine/20251208_bacteria_b12_methionine_2/20251210_154910_FB_OD600scan_96well_P0000000007_d12a6641-4d0c-48bd-aeac-668fa5facce1.csv","instrument","plate-reader export","yes","git",2089,"e00233f1f90d138520b6e90d27ed24b1367eb4315c48f3bcda31c7f9091fef9c",""
"data/raw/growth_dynamics_b12_methionine/20251208_bacteria_b12_methionine_2/20251210_155209_FB_OD600scan_96well_P0000000006_d12a6641-4d0c-48bd-aeac-668fa5facce1.csv","data/raw/growth_dynamics_b12_methionine/20251208_bacteria_b12_methionine_2/20251210_155209_FB_OD600scan_96well_P0000000006_d12a6641-4d0c-48bd-aeac-668fa5facce1.csv","instrument","plate-reader export","yes","git",2089,"26e5bedd8a7b48d05d797c75aa28d49bd4f498261baac4cb68463c19692a8acc",""
"data/raw/growth_dynamics_b12_methionine/20251208_bacteria_b12_methionine_2/20251210_155510_FB_OD600scan_96well_P0000000005_d12a6641-4d0c-48bd-aeac-668fa5facce1.csv","data/raw/growth_dynamics_b12_methionine/20251208_bacteria_b12_methionine_2/20251210_155510_FB_OD600scan_96well_P0000000005_d12a6641-4d0c-48bd-aeac-668fa5facce1.csv","instrument","plate-reader export","yes","git",2089,"88695f646fc768fd31c92c9d750cba5195ad43d42c3c43ccc5f30482d09a93ba",""
"data/raw/growth_dynamics_b12_methionine/20251208_bacteria_b12_methionine_2/20251210_155809_FB_OD600scan_96well_P0000000004_d12a6641-4d0c-48bd-aeac-668fa5facce1.csv","data/raw/growth_dynamics_b12_methionine/20251208_bacteria_b12_methionine_2/20251210_155809_FB_OD600scan_96well_P0000000004_d12a6641-4d0c-48bd-aeac-668fa5facce1.csv","instrument","plate-reader export","yes","git",2089,"a8fb4e631cfdc5dc804228dd65c436f6e7baa901cdf29f3228aa3f2a53048b90",""
"data/raw/growth_dynamics_b12_methionine/20251208_bacteria_b12_methionine_2/20251210_160112_FB_OD600scan_96well_P0000000003_d12a6641-4d0c-48bd-aeac-668fa5facce1.csv","data/raw/growth_dynamics_b12_methionine/20251208_bacteria_b12_methionine_2/20251210_160112_FB_OD600scan_96well_P0000000003_d12a6641-4d0c-48bd-aeac-668fa5facce1.csv","instrument","plate-reader export","yes","git",2089,"a1363dccb320b40cd186790774eb9aa28182a18abe97c4beb23fb0ec8d153c40",""
"data/raw/growth_dynamics_b12_methionine/20251208_bacteria_b12_methionine_2/20251210_160414_FB_OD600scan_96well_P0000000028_d12a6641-4d0c-48bd-aeac-668fa5facce1.csv","data/raw/growth_dynamics_b12_methionine/20251208_bacteria_b12_methionine_2/20251210_160414_FB_OD600scan_96well_P0000000028_d12a6641-4d0c-48bd-aeac-668fa5facce1.csv","instrument","plate-reader export","yes","git",2089,"f493a49dfcaa94b2de39c4f0c83aadf124074916960847c1d479e91883f90234",""
"data/raw/growth_dynamics_b12_methionine/20251208_bacteria_b12_methionine_2/20251210_160714_FB_OD600scan_96well_P0000000027_d12a6641-4d0c-48bd-aeac-668fa5facce1.csv","data/raw/growth_dynamics_b12_methionine/20251208_bacteria_b12_methionine_2/20251210_160714_FB_OD600scan_96well_P0000000027_d12a6641-4d0c-48bd-aeac-668fa5facce1.csv","instrument","plate-reader export","yes","git",2089,"5c39c3b24a595ceaf0a37d0d74671634562e9a4d4c3cb4a1c4abed799607af72",""
"data/raw/growth_dynamics_b12_methionine/20251208_bacteria_b12_methionine_2/20251210_161018_FB_OD600scan_96well_P0000000026_d12a6641-4d0c-48bd-aeac-668fa5facce1.csv","data/raw/growth_dynamics_b12_methionine/20251208_bacteria_b12_methionine_2/20251210_161018_FB_OD600scan_96well_P0000000026_d12a6641-4d0c-48bd-aeac-668fa5facce1.csv","instrument","plate-reader export","yes","git",2089,"f397eba33698244f6a549af0341e373dd597600f6ad2c87d02ad4e8524ed11a7",""
"data/raw/growth_dynamics_b12_methionine/20251208_bacteria_b12_methionine_2/20251210_161322_FB_OD600scan_96well_P0000000025_d12a6641-4d0c-48bd-aeac-668fa5facce1.csv","data/raw/growth_dynamics_b12_methionine/20251208_bacteria_b12_methionine_2/20251210_161322_FB_OD600scan_96well_P0000000025_d12a6641-4d0c-48bd-aeac-668fa5facce1.csv","instrument","plate-reader export","yes","git",2089,"597613cce76fa1f7b55646a9686275992fc033fcc73195abe2449aa646a8aab6",""
"data/raw/growth_dynamics_b12_methionine/20251208_bacteria_b12_methionine_2/20251210_161627_FB_OD600scan_96well_P0000000024_d12a6641-4d0c-48bd-aeac-668fa5facce1.csv","data/raw/growth_dynamics_b12_methionine/20251208_bacteria_b12_methionine_2/20251210_161627_FB_OD600scan_96well_P0000000024_d12a6641-4d0c-48bd-aeac-668fa5facce1.csv","instrument","plate-reader export","yes","git",2089,"e0d6b87833696057a4f99d1785dc2d89c1858a9b9694473548ffa1605f12407a",""
"data/raw/growth_dynamics_b12_methionine/20251208_bacteria_b12_methionine_2/20251210_161929_FB_OD600scan_96well_P0000000023_d12a6641-4d0c-48bd-aeac-668fa5facce1.csv","data/raw/growth_dynamics_b12_methionine/20251208_bacteria_b12_methionine_2/20251210_161929_FB_OD600scan_96well_P0000000023_d12a6641-4d0c-48bd-aeac-668fa5facce1.csv","instrument","plate-reader export","yes","git",2089,"3f556963e3244b96f5894e3c26c6e4fca8f0961bf8d825c6c987ae05c7e8a9fa",""
"data/raw/growth_dynamics_b12_methionine/20251208_bacteria_b12_methionine_2/20251210_162230_FB_OD600scan_96well_P0000000022_d12a6641-4d0c-48bd-aeac-668fa5facce1.csv","data/raw/growth_dynamics_b12_methionine/20251208_bacteria_b12_methionine_2/20251210_162230_FB_OD600scan_96well_P0000000022_d12a6641-4d0c-48bd-aeac-668fa5facce1.csv","instrument","plate-reader export","yes","git",2089,"478f4a5747ca55103772447e76b14811cb0491d63ada3d362c3da693d9885f6e",""
"data/raw/growth_dynamics_b12_methionine/20251208_bacteria_b12_methionine_2/20251210_162533_FB_OD600scan_96well_P0000000021_d12a6641-4d0c-48bd-aeac-668fa5facce1.csv","data/raw/growth_dynamics_b12_methionine/20251208_bacteria_b12_methionine_2/20251210_162533_FB_OD600scan_96well_P0000000021_d12a6641-4d0c-48bd-aeac-668fa5facce1.csv","instrument","plate-reader export","yes","git",2089,"423ec0ee7835a156a742b9402360eb0ae335edac564d8b2f27207c7964b93dea",""
"data/raw/growth_dynamics_b12_methionine/20251208_bacteria_b12_methionine_2/20251210_162839_FB_OD600scan_96well_P0000000020_d12a6641-4d0c-48bd-aeac-668fa5facce1.csv","data/raw/growth_dynamics_b12_methionine/20251208_bacteria_b12_methionine_2/20251210_162839_FB_OD600scan_96well_P0000000020_d12a6641-4d0c-48bd-aeac-668fa5facce1.csv","instrument","plate-reader export","yes","git",2089,"33213a5314ca3981e2feee3b8f85c4c5ceb68171e90e9ea48cfcd34e027889a3",""
"data/raw/growth_dynamics_b12_methionine/20251208_bacteria_b12_methionine_2/20251210_163142_FB_OD600scan_96well_P0000000019_d12a6641-4d0c-48bd-aeac-668fa5facce1.csv","data/raw/growth_dynamics_b12_methionine/20251208_bacteria_b12_methionine_2/20251210_163142_FB_OD600scan_96well_P0000000019_d12a6641-4d0c-48bd-aeac-668fa5facce1.csv","instrument","plate-reader export","yes","git",2089,"dbf82bbc08247a80a1f8a2e4cc719973f4be280770963f7ff96a0d2b86d7455c",""
"data/raw/growth_dynamics_b12_methionine/20251208_bacteria_b12_methionine_2/20251210_163447_FB_OD600scan_96well_P0000000018_d12a6641-4d0c-48bd-aeac-668fa5facce1.csv","data/raw/growth_dynamics_b12_methionine/20251208_bacteria_b12_methionine_2/20251210_163447_FB_OD600scan_96well_P0000000018_d12a6641-4d0c-48bd-aeac-668fa5facce1.csv","instrument","plate-reader export","yes","git",2089,"6238442651aff7258dde02602f97d3994f4e67562750d4c859b47cc773823052",""
"data/raw/growth_dynamics_b12_methionine/20251208_bacteria_b12_methionine_2/20251210_163752_FB_OD600scan_96well_P0000000017_d12a6641-4d0c-48bd-aeac-668fa5facce1.csv","data/raw/growth_dynamics_b12_methionine/20251208_bacteria_b12_methionine_2/20251210_163752_FB_OD600scan_96well_P0000000017_d12a6641-4d0c-48bd-aeac-668fa5facce1.csv","instrument","plate-reader export","yes","git",2089,"9712488313247c2841370c67a1c75f170de6758205bb4391a7d6c185cdc9030a",""
"data/raw/growth_dynamics_b12_methionine/20251208_bacteria_b12_methionine_2/20251210_170057_FB_OD600scan_96well_P0000000015_d12a6641-4d0c-48bd-aeac-668fa5facce1.csv","data/raw/growth_dynamics_b12_methionine/20251208_bacteria_b12_methionine_2/20251210_170057_FB_OD600scan_96well_P0000000015_d12a6641-4d0c-48bd-aeac-668fa5facce1.csv","instrument","plate-reader export","yes","git",2089,"8acfc70eca20028ec2aca03a68744d0face960159dc3d750b64899607de17b0e",""
"data/raw/growth_dynamics_b12_methionine/20251208_bacteria_b12_methionine_2/20251210_170352_FB_OD600scan_96well_P0000000014_d12a6641-4d0c-48bd-aeac-668fa5facce1.csv","data/raw/growth_dynamics_b12_methionine/20251208_bacteria_b12_methionine_2/20251210_170352_FB_OD600scan_96well_P0000000014_d12a6641-4d0c-48bd-aeac-668fa5facce1.csv","instrument","plate-reader export","yes","git",2089,"49c6ca36e61132b5eca0ace13bd8d5f4348d6cf01b197370fac4fef011fd0d19",""
"data/raw/growth_dynamics_b12_methionine/20251208_bacteria_b12_methionine_2/20251210_170648_FB_OD600scan_96well_P0000000012_d12a6641-4d0c-48bd-aeac-668fa5facce1.csv","data/raw/growth_dynamics_b12_methionine/20251208_bacteria_b12_methionine_2/20251210_170648_FB_OD600scan_96well_P0000000012_d12a6641-4d0c-48bd-aeac-668fa5facce1.csv","instrument","plate-reader export","yes","git",2089,"25b2acbb5fd1cc3d6ac0e84ea83e5c24d7a542f352a3a24b224e0b728129d0fb",""
"data/raw/growth_dynamics_b12_methionine/20251208_bacteria_b12_methionine_2/20251210_170948_FB_OD600scan_96well_P0000000011_d12a6641-4d0c-48bd-aeac-668fa5facce1.csv","data/raw/growth_dynamics_b12_methionine/20251208_bacteria_b12_methionine_2/20251210_170948_FB_OD600scan_96well_P0000000011_d12a6641-4d0c-48bd-aeac-668fa5facce1.csv","instrument","plate-reader export","yes","git",2089,"dfbba9763ce2a8fc6b645f5975bb24da56ed1f7e43d0841e6270ebd2ebe1d7a4",""
"data/raw/growth_dynamics_b12_methionine/20251208_bacteria_b12_methionine_2/20251210_171246_FB_OD600scan_96well_P0000000010_d12a6641-4d0c-48bd-aeac-668fa5facce1.csv","data/raw/growth_dynamics_b12_methionine/20251208_bacteria_b12_methionine_2/20251210_171246_FB_OD600scan_96well_P0000000010_d12a6641-4d0c-48bd-aeac-668fa5facce1.csv","instrument","plate-reader export","yes","git",2089,"2106f940297018b0308e5acb0643faa8a83cbafe00daf9f4c15e72dcaaf71fad",""
"data/raw/growth_dynamics_b12_methionine/20251208_bacteria_b12_methionine_2/20251210_171547_FB_OD600scan_96well_P0000000009_d12a6641-4d0c-48bd-aeac-668fa5facce1.csv","data/raw/growth_dynamics_b12_methionine/20251208_bacteria_b12_methionine_2/20251210_171547_FB_OD600scan_96well_P0000000009_d12a6641-4d0c-48bd-aeac-668fa5facce1.csv","instrument","plate-reader export","yes","git",2089,"f15b6a10df7f8ee00c13ce3f1cceaa44eef1701baa99f9799b3d1d630544aac4",""
"data/raw/growth_dynamics_b12_methionine/20251208_bacteria_b12_methionine_2/20251210_171847_FB_OD600scan_96well_P0000000008_d12a6641-4d0c-48bd-aeac-668fa5facce1.csv","data/raw/growth_dynamics_b12_methionine/20251208_bacteria_b12_methionine_2/20251210_171847_FB_OD600scan_96well_P0000000008_d12a6641-4d0c-48bd-aeac-668fa5facce1.csv","instrument","plate-reader export","yes","git",2089,"050160923d7514d21467ea35a7a0bbde0e1148351b437c1409915e1bbe5b65f0",""
"data/raw/growth_dynamics_b12_methionine/20251208_bacteria_b12_methionine_2/20251210_172145_FB_OD600scan_96well_P0000000007_d12a6641-4d0c-48bd-aeac-668fa5facce1.csv","data/raw/growth_dynamics_b12_methionine/20251208_bacteria_b12_methionine_2/20251210_172145_FB_OD600scan_96well_P0000000007_d12a6641-4d0c-48bd-aeac-668fa5facce1.csv","instrument","plate-reader export","yes","git",2089,"1bafc7f13c99e1f9e018a88595725c2e9908e67fb6f6e1668739bc7c5c435110",""
"data/raw/growth_dynamics_b12_methionine/20251208_bacteria_b12_methionine_2/20251210_172443_FB_OD600scan_96well_P0000000006_d12a6641-4d0c-48bd-aeac-668fa5facce1.csv","data/raw/growth_dynamics_b12_methionine/20251208_bacteria_b12_methionine_2/20251210_172443_FB_OD600scan_96well_P0000000006_d12a6641-4d0c-48bd-aeac-668fa5facce1.csv","instrument","plate-reader export","yes","git",2089,"52a1f23cf59974ee87a0122b4ffd51e74ae68ce40e4729018960b071770d2276",""
"data/raw/growth_dynamics_b12_methionine/20251208_bacteria_b12_methionine_2/20251210_172741_FB_OD600scan_96well_P0000000005_d12a6641-4d0c-48bd-aeac-668fa5facce1.csv","data/raw/growth_dynamics_b12_methionine/20251208_bacteria_b12_methionine_2/20251210_172741_FB_OD600scan_96well_P0000000005_d12a6641-4d0c-48bd-aeac-668fa5facce1.csv","instrument","plate-reader export","yes","git",2089,"876707fd480e1b3ed4357e54a2f8ac8a41a337d79c945bc3485a8a8008fb2716",""
"data/raw/growth_dynamics_b12_methionine/20251208_bacteria_b12_methionine_2/20251210_173040_FB_OD600scan_96well_P0000000004_d12a6641-4d0c-48bd-aeac-668fa5facce1.csv","data/raw/growth_dynamics_b12_methionine/20251208_bacteria_b12_methionine_2/20251210_173040_FB_OD600scan_96well_P0000000004_d12a6641-4d0c-48bd-aeac-668fa5facce1.csv","instrument","plate-reader export","yes","git",2089,"6909e6742b28d95b3c8bd1e42cec233f3a98b88ff7b62fb0c1d73e38f671c6ae",""
"data/raw/growth_dynamics_b12_methionine/20251208_bacteria_b12_methionine_2/20251210_173341_FB_OD600scan_96well_P0000000003_d12a6641-4d0c-48bd-aeac-668fa5facce1.csv","data/raw/growth_dynamics_b12_methionine/20251208_bacteria_b12_methionine_2/20251210_173341_FB_OD600scan_96well_P0000000003_d12a6641-4d0c-48bd-aeac-668fa5facce1.csv","instrument","plate-reader export","yes","git",2089,"ed5f0e94cb2782edbb43e9e6b38efe7801d5deed39b731e162ebd60623c2d7f5",""
"data/raw/growth_dynamics_b12_methionine/20251208_bacteria_b12_methionine_2/20251210_173643_FB_OD600scan_96well_P0000000028_d12a6641-4d0c-48bd-aeac-668fa5facce1.csv","data/raw/growth_dynamics_b12_methionine/20251208_bacteria_b12_methionine_2/20251210_173643_FB_OD600scan_96well_P0000000028_d12a6641-4d0c-48bd-aeac-668fa5facce1.csv","instrument","plate-reader export","yes","git",2089,"df552248b277dc9b7cf72541c7fedc076211d8986d235e1eeb13bf8db22b58e6",""
"data/raw/growth_dynamics_b12_methionine/20251208_bacteria_b12_methionine_2/20251210_173947_FB_OD600scan_96well_P0000000027_d12a6641-4d0c-48bd-aeac-668fa5facce1.csv","data/raw/growth_dynamics_b12_methionine/20251208_bacteria_b12_methionine_2/20251210_173947_FB_OD600scan_96well_P0000000027_d12a6641-4d0c-48bd-aeac-668fa5facce1.csv","instrument","plate-reader export","yes","git",2089,"2f22d7c6bf48d3dc5ee2a766db12ca622b85da5b74e536c6e32a62048d0d0bfa",""
"data/raw/growth_dynamics_b12_methionine/20251208_bacteria_b12_methionine_2/20251210_174251_FB_OD600scan_96well_P0000000026_d12a6641-4d0c-48bd-aeac-668fa5facce1.csv","data/raw/growth_dynamics_b12_methionine/20251208_bacteria_b12_methionine_2/20251210_174251_FB_OD600scan_96well_P0000000026_d12a6641-4d0c-48bd-aeac-668fa5facce1.csv","instrument","plate-reader export","yes","git",2089,"255e07d64e389a6f549e6e7f0a390f0f9172ab873627be047817c85827c70c88",""
"data/raw/growth_dynamics_b12_methionine/20251208_bacteria_b12_methionine_2/20251210_174555_FB_OD600scan_96well_P0000000025_d12a6641-4d0c-48bd-aeac-668fa5facce1.csv","data/raw/growth_dynamics_b12_methionine/20251208_bacteria_b12_methionine_2/20251210_174555_FB_OD600scan_96well_P0000000025_d12a6641-4d0c-48bd-aeac-668fa5facce1.csv","instrument","plate-reader export","yes","git",2089,"714123ad71c55cf462831e30bec50c1a17274268182161af1ab5207209c7e0bb",""
"data/raw/growth_dynamics_b12_methionine/20251208_bacteria_b12_methionine_2/20251210_174857_FB_OD600scan_96well_P0000000024_d12a6641-4d0c-48bd-aeac-668fa5facce1.csv","data/raw/growth_dynamics_b12_methionine/20251208_bacteria_b12_methionine_2/20251210_174857_FB_OD600scan_96well_P0000000024_d12a6641-4d0c-48bd-aeac-668fa5facce1.csv","instrument","plate-reader export","yes","git",2089,"9d9ce6992848ba682294434601723356a24777e26a8c54080677988d44f365e1",""
"data/raw/growth_dynamics_b12_methionine/20251208_bacteria_b12_methionine_2/20251210_175158_FB_OD600scan_96well_P0000000023_d12a6641-4d0c-48bd-aeac-668fa5facce1.csv","data/raw/growth_dynamics_b12_methionine/20251208_bacteria_b12_methionine_2/20251210_175158_FB_OD600scan_96well_P0000000023_d12a6641-4d0c-48bd-aeac-668fa5facce1.csv","instrument","plate-reader export","yes","git",2089,"3a4f38f201aa204aad0ccc11fc839bfa1530eeda21ae3384c99fd75b4f037071",""
"data/raw/growth_dynamics_b12_methionine/20251208_bacteria_b12_methionine_2/20251210_175501_FB_OD600scan_96well_P0000000022_d12a6641-4d0c-48bd-aeac-668fa5facce1.csv","data/raw/growth_dynamics_b12_methionine/20251208_bacteria_b12_methionine_2/20251210_175501_FB_OD600scan_96well_P0000000022_d12a6641-4d0c-48bd-aeac-668fa5facce1.csv","instrument","plate-reader export","yes","git",2089,"11ddaf5775449ae297478c372341178d2854a36e76375e2738799e2062857ba2",""
"data/raw/growth_dynamics_b12_methionine/20251208_bacteria_b12_methionine_2/20251210_175806_FB_OD600scan_96well_P0000000021_d12a6641-4d0c-48bd-aeac-668fa5facce1.csv","data/raw/growth_dynamics_b12_methionine/20251208_bacteria_b12_methionine_2/20251210_175806_FB_OD600scan_96well_P0000000021_d12a6641-4d0c-48bd-aeac-668fa5facce1.csv","instrument","plate-reader export","yes","git",2089,"e291e2d534a4046333fb1c93461b5ef7e7c667ff52fbbdc20de4f9d8a566c791",""
"data/raw/growth_dynamics_b12_methionine/20251208_bacteria_b12_methionine_2/20251210_180112_FB_OD600scan_96well_P0000000020_d12a6641-4d0c-48bd-aeac-668fa5facce1.csv","data/raw/growth_dynamics_b12_methionine/20251208_bacteria_b12_methionine_2/20251210_180112_FB_OD600scan_96well_P0000000020_d12a6641-4d0c-48bd-aeac-668fa5facce1.csv","instrument","plate-reader export","yes","git",2089,"e60e15f0e3253df005c2899e23b1dee603b3b2a37ab881dbf2e67a116800f621",""
"data/raw/growth_dynamics_b12_methionine/20251208_bacteria_b12_methionine_2/20251210_180416_FB_OD600scan_96well_P0000000019_d12a6641-4d0c-48bd-aeac-668fa5facce1.csv","data/raw/growth_dynamics_b12_methionine/20251208_bacteria_b12_methionine_2/20251210_180416_FB_OD600scan_96well_P0000000019_d12a6641-4d0c-48bd-aeac-668fa5facce1.csv","instrument","plate-reader export","yes","git",2089,"a94dae10c2b2d6b6bcec0a299e05e1ec78330fa90a3159605c0f2cc3dd2d269c",""
"data/raw/growth_dynamics_b12_methionine/20251208_bacteria_b12_methionine_2/20251210_180723_FB_OD600scan_96well_P0000000018_d12a6641-4d0c-48bd-aeac-668fa5facce1.csv","data/raw/growth_dynamics_b12_methionine/20251208_bacteria_b12_methionine_2/20251210_180723_FB_OD600scan_96well_P0000000018_d12a6641-4d0c-48bd-aeac-668fa5facce1.csv","instrument","plate-reader export","yes","git",2089,"4004c56102efb7e5614c83578e8fe9c98bf7625bf43d9cf88ee8bc20621ad222",""
"data/raw/growth_dynamics_b12_methionine/20251208_bacteria_b12_methionine_2/20251210_181030_FB_OD600scan_96well_P0000000017_d12a6641-4d0c-48bd-aeac-668fa5facce1.csv","data/raw/growth_dynamics_b12_methionine/20251208_bacteria_b12_methionine_2/20251210_181030_FB_OD600scan_96well_P0000000017_d12a6641-4d0c-48bd-aeac-668fa5facce1.csv","instrument","plate-reader export","yes","git",2089,"bbacd9f5e213d5f907d926176950382ef4686252d6acb141668ba2988df4ce97",""
"data/raw/growth_dynamics_b12_methionine/20251208_bacteria_b12_methionine_2/20251210_183332_FB_OD600scan_96well_P0000000015_d12a6641-4d0c-48bd-aeac-668fa5facce1.csv","data/raw/growth_dynamics_b12_methionine/20251208_bacteria_b12_methionine_2/20251210_183332_FB_OD600scan_96well_P0000000015_d12a6641-4d0c-48bd-aeac-668fa5facce1.csv","instrument","plate-reader export","yes","git",2089,"23ac6287fc976f675b25e354fb18139fc7080357c24572ca3ca0e2f7933b9f18",""
"data/raw/growth_dynamics_b12_methionine/20251208_bacteria_b12_methionine_2/20251210_183630_FB_OD600scan_96well_P0000000014_d12a6641-4d0c-48bd-aeac-668fa5facce1.csv","data/raw/growth_dynamics_b12_methionine/20251208_bacteria_b12_methionine_2/20251210_183630_FB_OD600scan_96well_P0000000014_d12a6641-4d0c-48bd-aeac-668fa5facce1.csv","instrument","plate-reader export","yes","git",2089,"7eec9a53b98e10f7538de509264b1d62dc3bd26adbca7e45fa0bb2f95a5d5dd2",""
"data/raw/growth_dynamics_b12_methionine/20251208_bacteria_b12_methionine_2/20251210_183929_FB_OD600scan_96well_P0000000012_d12a6641-4d0c-48bd-aeac-668fa5facce1.csv","data/raw/growth_dynamics_b12_methionine/20251208_bacteria_b12_methionine_2/20251210_183929_FB_OD600scan_96well_P0000000012_d12a6641-4d0c-48bd-aeac-668fa5facce1.csv","instrument","plate-reader export","yes","git",2089,"c1a45cc8f1e12a90f9d0084942f96e1ea9478a5743281aedb1a4918feb2308ca",""
"data/raw/growth_dynamics_b12_methionine/20251208_bacteria_b12_methionine_2/20251210_184229_FB_OD600scan_96well_P0000000011_d12a6641-4d0c-48bd-aeac-668fa5facce1.csv","data/raw/growth_dynamics_b12_methionine/20251208_bacteria_b12_methionine_2/20251210_184229_FB_OD600scan_96well_P0000000011_d12a6641-4d0c-48bd-aeac-668fa5facce1.csv","instrument","plate-reader export","yes","git",2089,"4173c997a29086292003ddd9cfaf43ce6ca5d2fc2ed9dfbd5eff604eb83ef198",""
"data/raw/growth_dynamics_b12_methionine/20251208_bacteria_b12_methionine_2/20251210_184526_FB_OD600scan_96well_P0000000010_d12a6641-4d0c-48bd-aeac-668fa5facce1.csv","data/raw/growth_dynamics_b12_methionine/20251208_bacteria_b12_methionine_2/20251210_184526_FB_OD600scan_96well_P0000000010_d12a6641-4d0c-48bd-aeac-668fa5facce1.csv","instrument","plate-reader export","yes","git",2089,"43ebc87cd5357b08614c0ad8765d40ce248b269d64ce94b1eed8e03d66550c18",""
"data/raw/growth_dynamics_b12_methionine/20251208_bacteria_b12_methionine_2/20251210_184826_FB_OD600scan_96well_P0000000009_d12a6641-4d0c-48bd-aeac-668fa5facce1.csv","data/raw/growth_dynamics_b12_methionine/20251208_bacteria_b12_methionine_2/20251210_184826_FB_OD600scan_96well_P0000000009_d12a6641-4d0c-48bd-aeac-668fa5facce1.csv","instrument","plate-reader export","yes","git",2089,"87eec7fde8485a272827b06ab284f3dcd7053cc1d4d0e9afcd22e39b47417c13",""
"data/raw/growth_dynamics_b12_methionine/20251208_bacteria_b12_methionine_2/20251210_185124_FB_OD600scan_96well_P0000000008_d12a6641-4d0c-48bd-aeac-668fa5facce1.csv","data/raw/growth_dynamics_b12_methionine/20251208_bacteria_b12_methionine_2/20251210_185124_FB_OD600scan_96well_P0000000008_d12a6641-4d0c-48bd-aeac-668fa5facce1.csv","instrument","plate-reader export","yes","git",2089,"7e529173e704883eed15d422d553ccf1daa7b909934a93a36656037a723288a6",""
"data/raw/growth_dynamics_b12_methionine/20251208_bacteria_b12_methionine_2/20251210_185425_FB_OD600scan_96well_P0000000007_d12a6641-4d0c-48bd-aeac-668fa5facce1.csv","data/raw/growth_dynamics_b12_methionine/20251208_bacteria_b12_methionine_2/20251210_185425_FB_OD600scan_96well_P0000000007_d12a6641-4d0c-48bd-aeac-668fa5facce1.csv","instrument","plate-reader export","yes","git",2089,"901ebe0b3fdfd05a51608a601248193a2822e7c944eebfb16ef73f10146635b2",""
"data/raw/growth_dynamics_b12_methionine/20251208_bacteria_b12_methionine_2/20251210_185723_FB_OD600scan_96well_P0000000006_d12a6641-4d0c-48bd-aeac-668fa5facce1.csv","data/raw/growth_dynamics_b12_methionine/20251208_bacteria_b12_methionine_2/20251210_185723_FB_OD600scan_96well_P0000000006_d12a6641-4d0c-48bd-aeac-668fa5facce1.csv","instrument","plate-reader export","yes","git",2089,"716dea93bf7c0cb66b4fa0ab8e9c23aa70fa41271e7505354e0dc65dafefcbbd",""
"data/raw/growth_dynamics_b12_methionine/20251208_bacteria_b12_methionine_2/20251210_190025_FB_OD600scan_96well_P0000000005_d12a6641-4d0c-48bd-aeac-668fa5facce1.csv","data/raw/growth_dynamics_b12_methionine/20251208_bacteria_b12_methionine_2/20251210_190025_FB_OD600scan_96well_P0000000005_d12a6641-4d0c-48bd-aeac-668fa5facce1.csv","instrument","plate-reader export","yes","git",2089,"1d875e96b7c18481c84af5de40da3f527ccda4f3e4a6b56a98568bd0795a766d",""
"data/raw/growth_dynamics_b12_methionine/20251208_bacteria_b12_methionine_2/20251210_190325_FB_OD600scan_96well_P0000000004_d12a6641-4d0c-48bd-aeac-668fa5facce1.csv","data/raw/growth_dynamics_b12_methionine/20251208_bacteria_b12_methionine_2/20251210_190325_FB_OD600scan_96well_P0000000004_d12a6641-4d0c-48bd-aeac-668fa5facce1.csv","instrument","plate-reader export","yes","git",2089,"62b76027180745e575ed45d90d9ab52b19fe1ecd9465f02b907d42f4be5cd729",""
"data/raw/growth_dynamics_b12_methionine/20251208_bacteria_b12_methionine_2/20251210_190627_FB_OD600scan_96well_P0000000003_d12a6641-4d0c-48bd-aeac-668fa5facce1.csv","data/raw/growth_dynamics_b12_methionine/20251208_bacteria_b12_methionine_2/20251210_190627_FB_OD600scan_96well_P0000000003_d12a6641-4d0c-48bd-aeac-668fa5facce1.csv","instrument","plate-reader export","yes","git",2089,"d1a06bb645260957f2dd5fce1bfb57adcad329e44936b7a779fdbc15486c9863",""
"data/raw/growth_dynamics_b12_methionine/20251208_bacteria_b12_methionine_2/20251210_190927_FB_OD600scan_96well_P0000000028_d12a6641-4d0c-48bd-aeac-668fa5facce1.csv","data/raw/growth_dynamics_b12_methionine/20251208_bacteria_b12_methionine_2/20251210_190927_FB_OD600scan_96well_P0000000028_d12a6641-4d0c-48bd-aeac-668fa5facce1.csv","instrument","plate-reader export","yes","git",2089,"605102f4f04c75c5101a72fa616014b25238d90272d3e42f7d892b95046afcac",""
"data/raw/growth_dynamics_b12_methionine/20251208_bacteria_b12_methionine_2/20251210_191227_FB_OD600scan_96well_P0000000027_d12a6641-4d0c-48bd-aeac-668fa5facce1.csv","data/raw/growth_dynamics_b12_methionine/20251208_bacteria_b12_methionine_2/20251210_191227_FB_OD600scan_96well_P0000000027_d12a6641-4d0c-48bd-aeac-668fa5facce1.csv","instrument","plate-reader export","yes","git",2089,"e503ecaecf0f754863559ff06cf5bc5c6297dba4424063dd7ee960f6d16482ac",""
"data/raw/growth_dynamics_b12_methionine/20251208_bacteria_b12_methionine_2/20251210_191528_FB_OD600scan_96well_P0000000026_d12a6641-4d0c-48bd-aeac-668fa5facce1.csv","data/raw/growth_dynamics_b12_methionine/20251208_bacteria_b12_methionine_2/20251210_191528_FB_OD600scan_96well_P0000000026_d12a6641-4d0c-48bd-aeac-668fa5facce1.csv","instrument","plate-reader export","yes","git",2089,"ba5ca021ed7900354c2c948ded2e0e96b19875ecc73a2534bf8d8bf9ddd5f5cb",""
"data/raw/growth_dynamics_b12_methionine/20251208_bacteria_b12_methionine_2/20251210_191829_FB_OD600scan_96well_P0000000025_d12a6641-4d0c-48bd-aeac-668fa5facce1.csv","data/raw/growth_dynamics_b12_methionine/20251208_bacteria_b12_methionine_2/20251210_191829_FB_OD600scan_96well_P0000000025_d12a6641-4d0c-48bd-aeac-668fa5facce1.csv","instrument","plate-reader export","yes","git",2089,"c005778f57923334d0e17a1ced2930a2f8d76a4c664cc9c7951a2dd484d0cf16",""
"data/raw/growth_dynamics_b12_methionine/20251208_bacteria_b12_methionine_2/20251210_192134_FB_OD600scan_96well_P0000000024_d12a6641-4d0c-48bd-aeac-668fa5facce1.csv","data/raw/growth_dynamics_b12_methionine/20251208_bacteria_b12_methionine_2/20251210_192134_FB_OD600scan_96well_P0000000024_d12a6641-4d0c-48bd-aeac-668fa5facce1.csv","instrument","plate-reader export","yes","git",2089,"7620b8d967a29247dbad20e8bf37475264b48e5fed98674b591efdfe66738c0f",""
"data/raw/growth_dynamics_b12_methionine/20251208_bacteria_b12_methionine_2/20251210_192435_FB_OD600scan_96well_P0000000023_d12a6641-4d0c-48bd-aeac-668fa5facce1.csv","data/raw/growth_dynamics_b12_methionine/20251208_bacteria_b12_methionine_2/20251210_192435_FB_OD600scan_96well_P0000000023_d12a6641-4d0c-48bd-aeac-668fa5facce1.csv","instrument","plate-reader export","yes","git",2089,"055d54ebf49c851d378e4822d573734da9cb033fd930cb7f031b261c50f8a0fc",""
"data/raw/growth_dynamics_b12_methionine/20251208_bacteria_b12_methionine_2/20251210_192738_FB_OD600scan_96well_P0000000022_d12a6641-4d0c-48bd-aeac-668fa5facce1.csv","data/raw/growth_dynamics_b12_methionine/20251208_bacteria_b12_methionine_2/20251210_192738_FB_OD600scan_96well_P0000000022_d12a6641-4d0c-48bd-aeac-668fa5facce1.csv","instrument","plate-reader export","yes","git",2089,"08cb09e271d3f86ce7c8f63636a2f47c530f416d64bfa0b7fedf8d1517b2bbb2",""
"data/raw/growth_dynamics_b12_methionine/20251208_bacteria_b12_methionine_2/20251210_193044_FB_OD600scan_96well_P0000000021_d12a6641-4d0c-48bd-aeac-668fa5facce1.csv","data/raw/growth_dynamics_b12_methionine/20251208_bacteria_b12_methionine_2/20251210_193044_FB_OD600scan_96well_P0000000021_d12a6641-4d0c-48bd-aeac-668fa5facce1.csv","instrument","plate-reader export","yes","git",2089,"1b109ca0e065ba93c84a6a8db75701bd8aa563342c7b5f175bfdcf03ef1900ae",""
"data/raw/growth_dynamics_b12_methionine/20251208_bacteria_b12_methionine_2/20251210_193349_FB_OD600scan_96well_P0000000020_d12a6641-4d0c-48bd-aeac-668fa5facce1.csv","data/raw/growth_dynamics_b12_methionine/20251208_bacteria_b12_methionine_2/20251210_193349_FB_OD600scan_96well_P0000000020_d12a6641-4d0c-48bd-aeac-668fa5facce1.csv","instrument","plate-reader export","yes","git",2089,"37ceb7c32aeab1811885bf40668c66bce2da8c515993caefdc5dbb687a0de356",""
"data/raw/growth_dynamics_b12_methionine/20251208_bacteria_b12_methionine_2/20251210_193655_FB_OD600scan_96well_P0000000019_d12a6641-4d0c-48bd-aeac-668fa5facce1.csv","data/raw/growth_dynamics_b12_methionine/20251208_bacteria_b12_methionine_2/20251210_193655_FB_OD600scan_96well_P0000000019_d12a6641-4d0c-48bd-aeac-668fa5facce1.csv","instrument","plate-reader export","yes","git",2089,"7a29b4d3721b122ba27713902c8a1f7262975622fee1707b387b34d9278fa34a",""
"data/raw/growth_dynamics_b12_methionine/20251208_bacteria_b12_methionine_2/20251210_193958_FB_OD600scan_96well_P0000000018_d12a6641-4d0c-48bd-aeac-668fa5facce1.csv","data/raw/growth_dynamics_b12_methionine/20251208_bacteria_b12_methionine_2/20251210_193958_FB_OD600scan_96well_P0000000018_d12a6641-4d0c-48bd-aeac-668fa5facce1.csv","instrument","plate-reader export","yes","git",2089,"cc7bdfe78acb5e59b053f728598c7af6eecc64fd7c86b697d11d358272cea030",""
"data/raw/growth_dynamics_b12_methionine/20251208_bacteria_b12_methionine_2/20251210_194304_FB_OD600scan_96well_P0000000017_d12a6641-4d0c-48bd-aeac-668fa5facce1.csv","data/raw/growth_dynamics_b12_methionine/20251208_bacteria_b12_methionine_2/20251210_194304_FB_OD600scan_96well_P0000000017_d12a6641-4d0c-48bd-aeac-668fa5facce1.csv","instrument","plate-reader export","yes","git",2089,"91dc3519547c5c3cbe8ee188fd0907695ce3c3557dc4f7ad703e00e4cf860290",""
"data/raw/growth_dynamics_b12_methionine/20251208_bacteria_b12_methionine_2/20251210_200609_FB_OD600scan_96well_P0000000015_d12a6641-4d0c-48bd-aeac-668fa5facce1.csv","data/raw/growth_dynamics_b12_methionine/20251208_bacteria_b12_methionine_2/20251210_200609_FB_OD600scan_96well_P0000000015_d12a6641-4d0c-48bd-aeac-668fa5facce1.csv","instrument","plate-reader export","yes","git",2089,"79c75efe24c51684f494bc69fbb88ac39c7d9ccd4a37eb4a2e7ac1b45fd44535",""
"data/raw/growth_dynamics_b12_methionine/20251208_bacteria_b12_methionine_2/20251210_200905_FB_OD600scan_96well_P0000000014_d12a6641-4d0c-48bd-aeac-668fa5facce1.csv","data/raw/growth_dynamics_b12_methionine/20251208_bacteria_b12_methionine_2/20251210_200905_FB_OD600scan_96well_P0000000014_d12a6641-4d0c-48bd-aeac-668fa5facce1.csv","instrument","plate-reader export","yes","git",2089,"92cd430d1aa95789be621d07861778484436713f415abe22094fb887ae057dc4",""
"data/raw/growth_dynamics_b12_methionine/20251208_bacteria_b12_methionine_2/20251210_201205_FB_OD600scan_96well_P0000000012_d12a6641-4d0c-48bd-aeac-668fa5facce1.csv","data/raw/growth_dynamics_b12_methionine/20251208_bacteria_b12_methionine_2/20251210_201205_FB_OD600scan_96well_P0000000012_d12a6641-4d0c-48bd-aeac-668fa5facce1.csv","instrument","plate-reader export","yes","git",2089,"fa70e98d3a11b9466f2e37929f02de549b3e7de929149ee72305a4da28ea2432",""
"data/raw/growth_dynamics_b12_methionine/20251208_bacteria_b12_methionine_2/20251210_201501_FB_OD600scan_96well_P0000000011_d12a6641-4d0c-48bd-aeac-668fa5facce1.csv","data/raw/growth_dynamics_b12_methionine/20251208_bacteria_b12_methionine_2/20251210_201501_FB_OD600scan_96well_P0000000011_d12a6641-4d0c-48bd-aeac-668fa5facce1.csv","instrument","plate-reader export","yes","git",2089,"a0a29c2889eb2ddf468344f8a3599ec6a733ba9aca318436c3accf568e3ab32e",""
"data/raw/growth_dynamics_b12_methionine/20251208_bacteria_b12_methionine_2/20251210_201800_FB_OD600scan_96well_P0000000010_d12a6641-4d0c-48bd-aeac-668fa5facce1.csv","data/raw/growth_dynamics_b12_methionine/20251208_bacteria_b12_methionine_2/20251210_201800_FB_OD600scan_96well_P0000000010_d12a6641-4d0c-48bd-aeac-668fa5facce1.csv","instrument","plate-reader export","yes","git",2089,"33b380f4407271a1666cf45088d5d6025457d45c0f67129cd0d6aa9572c8d972",""
"data/raw/growth_dynamics_b12_methionine/20251208_bacteria_b12_methionine_2/20251210_202101_FB_OD600scan_96well_P0000000009_d12a6641-4d0c-48bd-aeac-668fa5facce1.csv","data/raw/growth_dynamics_b12_methionine/20251208_bacteria_b12_methionine_2/20251210_202101_FB_OD600scan_96well_P0000000009_d12a6641-4d0c-48bd-aeac-668fa5facce1.csv","instrument","plate-reader export","yes","git",2089,"fb079b5186be39be9c91d10e36e309264ebcebd5655e66a3b810af50548c5138",""
"data/raw/growth_dynamics_b12_methionine/20251208_bacteria_b12_methionine_2/20251210_202359_FB_OD600scan_96well_P0000000008_d12a6641-4d0c-48bd-aeac-668fa5facce1.csv","data/raw/growth_dynamics_b12_methionine/20251208_bacteria_b12_methionine_2/20251210_202359_FB_OD600scan_96well_P0000000008_d12a6641-4d0c-48bd-aeac-668fa5facce1.csv","instrument","plate-reader export","yes","git",2089,"aff2e17592a5173ff0a34d02ccc24608bad0d309a21ed2b15f958c8a790b3cf9",""
"data/raw/growth_dynamics_b12_methionine/20251208_bacteria_b12_methionine_2/20251210_202658_FB_OD600scan_96well_P0000000007_d12a6641-4d0c-48bd-aeac-668fa5facce1.csv","data/raw/growth_dynamics_b12_methionine/20251208_bacteria_b12_methionine_2/20251210_202658_FB_OD600scan_96well_P0000000007_d12a6641-4d0c-48bd-aeac-668fa5facce1.csv","instrument","plate-reader export","yes","git",2089,"bb2aa3aef41a482e1b4678ce8e5af1905cf8affb175614f7035a3796014a4887",""
"data/raw/growth_dynamics_b12_methionine/20251208_bacteria_b12_methionine_2/20251210_202959_FB_OD600scan_96well_P0000000006_d12a6641-4d0c-48bd-aeac-668fa5facce1.csv","data/raw/growth_dynamics_b12_methionine/20251208_bacteria_b12_methionine_2/20251210_202959_FB_OD600scan_96well_P0000000006_d12a6641-4d0c-48bd-aeac-668fa5facce1.csv","instrument","plate-reader export","yes","git",2089,"cfea35bda2a44ccac17aaa356a01d903c16b96bfba55777fc70bab3a55ee98d1",""
"data/raw/growth_dynamics_b12_methionine/20251208_bacteria_b12_methionine_2/20251210_203258_FB_OD600scan_96well_P0000000005_d12a6641-4d0c-48bd-aeac-668fa5facce1.csv","data/raw/growth_dynamics_b12_methionine/20251208_bacteria_b12_methionine_2/20251210_203258_FB_OD600scan_96well_P0000000005_d12a6641-4d0c-48bd-aeac-668fa5facce1.csv","instrument","plate-reader export","yes","git",2089,"0c9f9a32f8020163e22bfbc0001df30800960d00bb89eceebd82fedd1812a008",""
"data/raw/growth_dynamics_b12_methionine/20251208_bacteria_b12_methionine_2/20251210_203557_FB_OD600scan_96well_P0000000004_d12a6641-4d0c-48bd-aeac-668fa5facce1.csv","data/raw/growth_dynamics_b12_methionine/20251208_bacteria_b12_methionine_2/20251210_203557_FB_OD600scan_96well_P0000000004_d12a6641-4d0c-48bd-aeac-668fa5facce1.csv","instrument","plate-reader export","yes","git",2089,"d257da7929e3edb3f99212f2820bed7f4ca0b5516dcb5988223501fa2b5cf109",""
"data/raw/growth_dynamics_b12_methionine/20251208_bacteria_b12_methionine_2/20251210_203857_FB_OD600scan_96well_P0000000003_d12a6641-4d0c-48bd-aeac-668fa5facce1.csv","data/raw/growth_dynamics_b12_methionine/20251208_bacteria_b12_methionine_2/20251210_203857_FB_OD600scan_96well_P0000000003_d12a6641-4d0c-48bd-aeac-668fa5facce1.csv","instrument","plate-reader export","yes","git",2089,"ec0a80053b1d592fd2773615e70893a4c7c47187636d2d6cf99f3beb6726fb97",""
"data/raw/growth_dynamics_b12_methionine/20251208_bacteria_b12_methionine_2/20251210_204200_FB_OD600scan_96well_P0000000028_d12a6641-4d0c-48bd-aeac-668fa5facce1.csv","data/raw/growth_dynamics_b12_methionine/20251208_bacteria_b12_methionine_2/20251210_204200_FB_OD600scan_96well_P0000000028_d12a6641-4d0c-48bd-aeac-668fa5facce1.csv","instrument","plate-reader export","yes","git",2089,"3b6b47e73ac6725bd5277207c586b9c9b48dede2e23c3789ed5268bbf894b504",""
"data/raw/growth_dynamics_b12_methionine/20251208_bacteria_b12_methionine_2/20251210_204503_FB_OD600scan_96well_P0000000027_d12a6641-4d0c-48bd-aeac-668fa5facce1.csv","data/raw/growth_dynamics_b12_methionine/20251208_bacteria_b12_methionine_2/20251210_204503_FB_OD600scan_96well_P0000000027_d12a6641-4d0c-48bd-aeac-668fa5facce1.csv","instrument","plate-reader export","yes","git",2089,"2ea854dd3f74a6dfec1a9e55399d7ca8a6ac04a596f49d7ff6ce892658cfc8f3",""
"data/raw/growth_dynamics_b12_methionine/20251208_bacteria_b12_methionine_2/20251210_204804_FB_OD600scan_96well_P0000000026_d12a6641-4d0c-48bd-aeac-668fa5facce1.csv","data/raw/growth_dynamics_b12_methionine/20251208_bacteria_b12_methionine_2/20251210_204804_FB_OD600scan_96well_P0000000026_d12a6641-4d0c-48bd-aeac-668fa5facce1.csv","instrument","plate-reader export","yes","git",2089,"3a9029a910e284004c08bf3d0aafb6d15f9c24f21b9b4462fd1997353daf9532",""
"data/raw/growth_dynamics_b12_methionine/20251208_bacteria_b12_methionine_2/20251210_205105_FB_OD600scan_96well_P0000000025_d12a6641-4d0c-48bd-aeac-668fa5facce1.csv","data/raw/growth_dynamics_b12_methionine/20251208_bacteria_b12_methionine_2/20251210_205105_FB_OD600scan_96well_P0000000025_d12a6641-4d0c-48bd-aeac-668fa5facce1.csv","instrument","plate-reader export","yes","git",2089,"1658913cc3cbae81ebf1ac4fb389538889e12319dc8f97a90abb4306a837b0cb",""
"data/raw/growth_dynamics_b12_methionine/20251208_bacteria_b12_methionine_2/20251210_205409_FB_OD600scan_96well_P0000000024_d12a6641-4d0c-48bd-aeac-668fa5facce1.csv","data/raw/growth_dynamics_b12_methionine/20251208_bacteria_b12_methionine_2/20251210_205409_FB_OD600scan_96well_P0000000024_d12a6641-4d0c-48bd-aeac-668fa5facce1.csv","instrument","plate-reader export","yes","git",2089,"523fed9916b0da4a87e656f8da9047abf6e75d2413e91288cc251f90ba21bf15",""
"data/raw/growth_dynamics_b12_methionine/20251208_bacteria_b12_methionine_2/20251210_205711_FB_OD600scan_96well_P0000000023_d12a6641-4d0c-48bd-aeac-668fa5facce1.csv","data/raw/growth_dynamics_b12_methionine/20251208_bacteria_b12_methionine_2/20251210_205711_FB_OD600scan_96well_P0000000023_d12a6641-4d0c-48bd-aeac-668fa5facce1.csv","instrument","plate-reader export","yes","git",2089,"1d601210c396ed35083d23c424c5ebc07038d2aabff5c4dc08f74eee5317fedf",""
"data/raw/growth_dynamics_b12_methionine/20251208_bacteria_b12_methionine_2/20251210_210016_FB_OD600scan_96well_P0000000022_d12a6641-4d0c-48bd-aeac-668fa5facce1.csv","data/raw/growth_dynamics_b12_methionine/20251208_bacteria_b12_methionine_2/20251210_210016_FB_OD600scan_96well_P0000000022_d12a6641-4d0c-48bd-aeac-668fa5facce1.csv","instrument","plate-reader export","yes","git",2089,"7ec6f4ae6452d7e9627eabf7366cc2245b2f606b5892ccc03308b853b123ab18",""
"data/raw/growth_dynamics_b12_methionine/20251208_bacteria_b12_methionine_2/20251210_210318_FB_OD600scan_96well_P0000000021_d12a6641-4d0c-48bd-aeac-668fa5facce1.csv","data/raw/growth_dynamics_b12_methionine/20251208_bacteria_b12_methionine_2/20251210_210318_FB_OD600scan_96well_P0000000021_d12a6641-4d0c-48bd-aeac-668fa5facce1.csv","instrument","plate-reader export","yes","git",2089,"5483a4ecec8427c14f28199aa114080ede57d489e6c8677d6c1332505ab1e6c7",""
"data/raw/growth_dynamics_b12_methionine/20251208_bacteria_b12_methionine_2/20251210_210621_FB_OD600scan_96well_P0000000020_d12a6641-4d0c-48bd-aeac-668fa5facce1.csv","data/raw/growth_dynamics_b12_methionine/20251208_bacteria_b12_methionine_2/20251210_210621_FB_OD600scan_96well_P0000000020_d12a6641-4d0c-48bd-aeac-668fa5facce1.csv","instrument","plate-reader export","yes","git",2089,"88989a596b755bcc10e6718ec0ed6245c2bc90a5f87b3750b91ee11ad9b6eea6",""
"data/raw/growth_dynamics_b12_methionine/20251208_bacteria_b12_methionine_2/20251210_210924_FB_OD600scan_96well_P0000000019_d12a6641-4d0c-48bd-aeac-668fa5facce1.csv","data/raw/growth_dynamics_b12_methionine/20251208_bacteria_b12_methionine_2/20251210_210924_FB_OD600scan_96well_P0000000019_d12a6641-4d0c-48bd-aeac-668fa5facce1.csv","instrument","plate-reader export","yes","git",2089,"0322ecf8562f3bc71af252da124adbf53e8460e28861b91df003b532db586ba5",""
"data/raw/growth_dynamics_b12_methionine/20251208_bacteria_b12_methionine_2/20251210_211231_FB_OD600scan_96well_P0000000018_d12a6641-4d0c-48bd-aeac-668fa5facce1.csv","data/raw/growth_dynamics_b12_methionine/20251208_bacteria_b12_methionine_2/20251210_211231_FB_OD600scan_96well_P0000000018_d12a6641-4d0c-48bd-aeac-668fa5facce1.csv","instrument","plate-reader export","yes","git",2089,"b69d908fbd330c87a8de69c097f2b65d14d2cb522e15b062ee04ebfa1df90ba1",""
"data/raw/growth_dynamics_b12_methionine/20251208_bacteria_b12_methionine_2/20251210_211534_FB_OD600scan_96well_P0000000017_d12a6641-4d0c-48bd-aeac-668fa5facce1.csv","data/raw/growth_dynamics_b12_methionine/20251208_bacteria_b12_methionine_2/20251210_211534_FB_OD600scan_96well_P0000000017_d12a6641-4d0c-48bd-aeac-668fa5facce1.csv","instrument","plate-reader export","yes","git",2089,"31eeb065253e8831d9ec5c085a824234bcdef2f2b2eac21f824da8ba22a8fbea",""
"data/raw/growth_dynamics_b12_methionine/20251208_bacteria_b12_methionine_2/20251210_213837_FB_OD600scan_96well_P0000000015_d12a6641-4d0c-48bd-aeac-668fa5facce1.csv","data/raw/growth_dynamics_b12_methionine/20251208_bacteria_b12_methionine_2/20251210_213837_FB_OD600scan_96well_P0000000015_d12a6641-4d0c-48bd-aeac-668fa5facce1.csv","instrument","plate-reader export","yes","git",2089,"a99660be302a26e6e18e21da9ff1702a90fcf1beb6d80a635f8caf8be902aed7",""
"data/raw/growth_dynamics_b12_methionine/20251208_bacteria_b12_methionine_2/20251210_214134_FB_OD600scan_96well_P0000000014_d12a6641-4d0c-48bd-aeac-668fa5facce1.csv","data/raw/growth_dynamics_b12_methionine/20251208_bacteria_b12_methionine_2/20251210_214134_FB_OD600scan_96well_P0000000014_d12a6641-4d0c-48bd-aeac-668fa5facce1.csv","instrument","plate-reader export","yes","git",2089,"43ef05e9b3d9668b5961394d55612080ac82086e692786c2f236a5132d325541",""
"data/raw/growth_dynamics_b12_methionine/20251208_bacteria_b12_methionine_2/20251210_214433_FB_OD600scan_96well_P0000000012_d12a6641-4d0c-48bd-aeac-668fa5facce1.csv","data/raw/growth_dynamics_b12_methionine/20251208_bacteria_b12_methionine_2/20251210_214433_FB_OD600scan_96well_P0000000012_d12a6641-4d0c-48bd-aeac-668fa5facce1.csv","instrument","plate-reader export","yes","git",2089,"53c11da63eaed31819993f6dc1536cb1bbc67b71d1d4808cdc6203bb3e7b8f92",""
"data/raw/growth_dynamics_b12_methionine/20251208_bacteria_b12_methionine_2/20251210_214732_FB_OD600scan_96well_P0000000011_d12a6641-4d0c-48bd-aeac-668fa5facce1.csv","data/raw/growth_dynamics_b12_methionine/20251208_bacteria_b12_methionine_2/20251210_214732_FB_OD600scan_96well_P0000000011_d12a6641-4d0c-48bd-aeac-668fa5facce1.csv","instrument","plate-reader export","yes","git",2089,"48adebd1f3a42b7cebf1cf8a0afa43eda1591a5adfe340fcb5aea1a528d9448d",""
"data/raw/growth_dynamics_b12_methionine/20251208_bacteria_b12_methionine_2/20251210_215032_FB_OD600scan_96well_P0000000010_d12a6641-4d0c-48bd-aeac-668fa5facce1.csv","data/raw/growth_dynamics_b12_methionine/20251208_bacteria_b12_methionine_2/20251210_215032_FB_OD600scan_96well_P0000000010_d12a6641-4d0c-48bd-aeac-668fa5facce1.csv","instrument","plate-reader export","yes","git",2089,"cd1979fdb920d1411b4a5008d61318a790b336a3146c7d4bc8bd7faa224536aa",""
"data/raw/growth_dynamics_b12_methionine/20251208_bacteria_b12_methionine_2/20251210_215330_FB_OD600scan_96well_P0000000009_d12a6641-4d0c-48bd-aeac-668fa5facce1.csv","data/raw/growth_dynamics_b12_methionine/20251208_bacteria_b12_methionine_2/20251210_215330_FB_OD600scan_96well_P0000000009_d12a6641-4d0c-48bd-aeac-668fa5facce1.csv","instrument","plate-reader export","yes","git",2089,"643317ac5a7d7974d9da6893a7fe0cee21dfd01063320600aa0022caffd37b6f",""
"data/raw/growth_dynamics_b12_methionine/20251208_bacteria_b12_methionine_2/20251210_215630_FB_OD600scan_96well_P0000000008_d12a6641-4d0c-48bd-aeac-668fa5facce1.csv","data/raw/growth_dynamics_b12_methionine/20251208_bacteria_b12_methionine_2/20251210_215630_FB_OD600scan_96well_P0000000008_d12a6641-4d0c-48bd-aeac-668fa5facce1.csv","instrument","plate-reader export","yes","git",2089,"bb5a62bb470fa43f267c1404361643f627738e148de8ee4122f05580f451e9fc",""
"data/raw/growth_dynamics_b12_methionine/20251208_bacteria_b12_methionine_2/20251210_215928_FB_OD600scan_96well_P0000000007_d12a6641-4d0c-48bd-aeac-668fa5facce1.csv","data/raw/growth_dynamics_b12_methionine/20251208_bacteria_b12_methionine_2/20251210_215928_FB_OD600scan_96well_P0000000007_d12a6641-4d0c-48bd-aeac-668fa5facce1.csv","instrument","plate-reader export","yes","git",2089,"d3f37ede3acf18fed15760372360356d4331a45409167321154355f14d01ccae",""
"data/raw/growth_dynamics_b12_methionine/20251208_bacteria_b12_methionine_2/20251210_220227_FB_OD600scan_96well_P0000000006_d12a6641-4d0c-48bd-aeac-668fa5facce1.csv","data/raw/growth_dynamics_b12_methionine/20251208_bacteria_b12_methionine_2/20251210_220227_FB_OD600scan_96well_P0000000006_d12a6641-4d0c-48bd-aeac-668fa5facce1.csv","instrument","plate-reader export","yes","git",2090,"669e11b93a4aadec1c0038ff7e7569392c8bd6477c6ed527e0c92386c7d8e13d",""
"data/raw/growth_dynamics_b12_methionine/20251208_bacteria_b12_methionine_2/20251210_220529_FB_OD600scan_96well_P0000000005_d12a6641-4d0c-48bd-aeac-668fa5facce1.csv","data/raw/growth_dynamics_b12_methionine/20251208_bacteria_b12_methionine_2/20251210_220529_FB_OD600scan_96well_P0000000005_d12a6641-4d0c-48bd-aeac-668fa5facce1.csv","instrument","plate-reader export","yes","git",2090,"fa33ebd87541d9c0687951058d851855d0947a15e7989abac22ad3ce34be0294",""
"data/raw/growth_dynamics_b12_methionine/20251208_bacteria_b12_methionine_2/20251210_220831_FB_OD600scan_96well_P0000000004_d12a6641-4d0c-48bd-aeac-668fa5facce1.csv","data/raw/growth_dynamics_b12_methionine/20251208_bacteria_b12_methionine_2/20251210_220831_FB_OD600scan_96well_P0000000004_d12a6641-4d0c-48bd-aeac-668fa5facce1.csv","instrument","plate-reader export","yes","git",2090,"c5fb538561823d578f3679c35f2d1e674767ad9861676ef6289cd6c9aec53fc1",""
"data/raw/growth_dynamics_b12_methionine/20251208_bacteria_b12_methionine_2/20251210_221131_FB_OD600scan_96well_P0000000003_d12a6641-4d0c-48bd-aeac-668fa5facce1.csv","data/raw/growth_dynamics_b12_methionine/20251208_bacteria_b12_methionine_2/20251210_221131_FB_OD600scan_96well_P0000000003_d12a6641-4d0c-48bd-aeac-668fa5facce1.csv","instrument","plate-reader export","yes","git",2090,"0d90f1540c5e8ceda2ceffdb6c3534b4e1d18697acec86679012c6a350de1b6c",""
"data/raw/growth_dynamics_b12_methionine/20251208_bacteria_b12_methionine_2/20251210_221433_FB_OD600scan_96well_P0000000028_d12a6641-4d0c-48bd-aeac-668fa5facce1.csv","data/raw/growth_dynamics_b12_methionine/20251208_bacteria_b12_methionine_2/20251210_221433_FB_OD600scan_96well_P0000000028_d12a6641-4d0c-48bd-aeac-668fa5facce1.csv","instrument","plate-reader export","yes","git",2090,"a2e50703e14f893ab009f8eb756326b8057221876d4ea0a7f2ec25c4d10ffa06",""
"data/raw/growth_dynamics_b12_methionine/20251208_bacteria_b12_methionine_2/20251210_221734_FB_OD600scan_96well_P0000000027_d12a6641-4d0c-48bd-aeac-668fa5facce1.csv","data/raw/growth_dynamics_b12_methionine/20251208_bacteria_b12_methionine_2/20251210_221734_FB_OD600scan_96well_P0000000027_d12a6641-4d0c-48bd-aeac-668fa5facce1.csv","instrument","plate-reader export","yes","git",2090,"29972c28b2957596907d63784e155a805039ca9ecb841bea8cb666c451001123",""
"data/raw/growth_dynamics_b12_methionine/20251208_bacteria_b12_methionine_2/20251210_222038_FB_OD600scan_96well_P0000000026_d12a6641-4d0c-48bd-aeac-668fa5facce1.csv","data/raw/growth_dynamics_b12_methionine/20251208_bacteria_b12_methionine_2/20251210_222038_FB_OD600scan_96well_P0000000026_d12a6641-4d0c-48bd-aeac-668fa5facce1.csv","instrument","plate-reader export","yes","git",2090,"5accd5671ed3d99d31dd3f3f935afea790440b376b9fd894d31399bdac551e6a",""
"data/raw/growth_dynamics_b12_methionine/20251208_bacteria_b12_methionine_2/20251210_222343_FB_OD600scan_96well_P0000000025_d12a6641-4d0c-48bd-aeac-668fa5facce1.csv","data/raw/growth_dynamics_b12_methionine/20251208_bacteria_b12_methionine_2/20251210_222343_FB_OD600scan_96well_P0000000025_d12a6641-4d0c-48bd-aeac-668fa5facce1.csv","instrument","plate-reader export","yes","git",2090,"c7036f5bf3b6585970eaefc0efbb22a58c5a9453a7874cd19e655cf7e2511fa2",""
"data/raw/growth_dynamics_b12_methionine/20251208_bacteria_b12_methionine_2/20251210_222645_FB_OD600scan_96well_P0000000024_d12a6641-4d0c-48bd-aeac-668fa5facce1.csv","data/raw/growth_dynamics_b12_methionine/20251208_bacteria_b12_methionine_2/20251210_222645_FB_OD600scan_96well_P0000000024_d12a6641-4d0c-48bd-aeac-668fa5facce1.csv","instrument","plate-reader export","yes","git",2090,"0b65a27425056d957c88af61c8fb48252c6d27f6f887d5a495c6ed1bc81b8fd9",""
"data/raw/growth_dynamics_b12_methionine/20251208_bacteria_b12_methionine_2/20251210_222947_FB_OD600scan_96well_P0000000023_d12a6641-4d0c-48bd-aeac-668fa5facce1.csv","data/raw/growth_dynamics_b12_methionine/20251208_bacteria_b12_methionine_2/20251210_222947_FB_OD600scan_96well_P0000000023_d12a6641-4d0c-48bd-aeac-668fa5facce1.csv","instrument","plate-reader export","yes","git",2090,"338737806a898173671d87e321fa8208f70434ab8dc50beac4f4f9df8a454c71",""
"data/raw/growth_dynamics_b12_methionine/20251208_bacteria_b12_methionine_2/20251210_223252_FB_OD600scan_96well_P0000000022_d12a6641-4d0c-48bd-aeac-668fa5facce1.csv","data/raw/growth_dynamics_b12_methionine/20251208_bacteria_b12_methionine_2/20251210_223252_FB_OD600scan_96well_P0000000022_d12a6641-4d0c-48bd-aeac-668fa5facce1.csv","instrument","plate-reader export","yes","git",2090,"6be0af1c9a63ea8e20206df348691de46d3cdd5c900d6032041f49bc2ed049b8",""
"data/raw/growth_dynamics_b12_methionine/20251208_bacteria_b12_methionine_2/20251210_223558_FB_OD600scan_96well_P0000000021_d12a6641-4d0c-48bd-aeac-668fa5facce1.csv","data/raw/growth_dynamics_b12_methionine/20251208_bacteria_b12_methionine_2/20251210_223558_FB_OD600scan_96well_P0000000021_d12a6641-4d0c-48bd-aeac-668fa5facce1.csv","instrument","plate-reader export","yes","git",2090,"f8ed5b1916531ed7ff49621523d14c8c3c3ee8ba493334b1536a9d5399b33461",""
"data/raw/growth_dynamics_b12_methionine/20251208_bacteria_b12_methionine_2/20251210_223900_FB_OD600scan_96well_P0000000020_d12a6641-4d0c-48bd-aeac-668fa5facce1.csv","data/raw/growth_dynamics_b12_methionine/20251208_bacteria_b12_methionine_2/20251210_223900_FB_OD600scan_96well_P0000000020_d12a6641-4d0c-48bd-aeac-668fa5facce1.csv","instrument","plate-reader export","yes","git",2090,"343d4b794d298f6405b0796d051acebb48df0a9ec4a1e7b1122c565351334982",""
"data/raw/growth_dynamics_b12_methionine/20251208_bacteria_b12_methionine_2/20251210_224206_FB_OD600scan_96well_P0000000019_d12a6641-4d0c-48bd-aeac-668fa5facce1.csv","data/raw/growth_dynamics_b12_methionine/20251208_bacteria_b12_methionine_2/20251210_224206_FB_OD600scan_96well_P0000000019_d12a6641-4d0c-48bd-aeac-668fa5facce1.csv","instrument","plate-reader export","yes","git",2090,"089d93e5328f66066f7804ec6b8b1813cdb8fc28d06235aefc723e27cdd780b3",""
"data/raw/growth_dynamics_b12_methionine/20251208_bacteria_b12_methionine_2/20251210_224512_FB_OD600scan_96well_P0000000018_d12a6641-4d0c-48bd-aeac-668fa5facce1.csv","data/raw/growth_dynamics_b12_methionine/20251208_bacteria_b12_methionine_2/20251210_224512_FB_OD600scan_96well_P0000000018_d12a6641-4d0c-48bd-aeac-668fa5facce1.csv","instrument","plate-reader export","yes","git",2090,"ff290442439294397d6417e3bd4dea3fbfb02ce32b50a113913c379b46a3b40f",""
"data/raw/growth_dynamics_b12_methionine/20251208_bacteria_b12_methionine_2/20251210_224816_FB_OD600scan_96well_P0000000017_d12a6641-4d0c-48bd-aeac-668fa5facce1.csv","data/raw/growth_dynamics_b12_methionine/20251208_bacteria_b12_methionine_2/20251210_224816_FB_OD600scan_96well_P0000000017_d12a6641-4d0c-48bd-aeac-668fa5facce1.csv","instrument","plate-reader export","yes","git",2090,"a85d8ba889ea2c232bbb99c127f2b6bbaea7ee98fc06e5b25c4b695be87bf143",""
"data/raw/growth_dynamics_b12_methionine/20251208_bacteria_b12_methionine_2/20251210_231117_FB_OD600scan_96well_P0000000015_d12a6641-4d0c-48bd-aeac-668fa5facce1.csv","data/raw/growth_dynamics_b12_methionine/20251208_bacteria_b12_methionine_2/20251210_231117_FB_OD600scan_96well_P0000000015_d12a6641-4d0c-48bd-aeac-668fa5facce1.csv","instrument","plate-reader export","yes","git",2090,"bed222df6a31460e03e7e48729b04158a78e0834d15a730225c045e918239b1d",""
"data/raw/growth_dynamics_b12_methionine/20251208_bacteria_b12_methionine_2/20251210_231413_FB_OD600scan_96well_P0000000014_d12a6641-4d0c-48bd-aeac-668fa5facce1.csv","data/raw/growth_dynamics_b12_methionine/20251208_bacteria_b12_methionine_2/20251210_231413_FB_OD600scan_96well_P0000000014_d12a6641-4d0c-48bd-aeac-668fa5facce1.csv","instrument","plate-reader export","yes","git",2090,"8ea8554da6f44a3eae7028e33c84928cec7f9c40f8de8f51df01f8ad780f95c8",""
"data/raw/growth_dynamics_b12_methionine/20251208_bacteria_b12_methionine_2/20251210_231709_FB_OD600scan_96well_P0000000012_d12a6641-4d0c-48bd-aeac-668fa5facce1.csv","data/raw/growth_dynamics_b12_methionine/20251208_bacteria_b12_methionine_2/20251210_231709_FB_OD600scan_96well_P0000000012_d12a6641-4d0c-48bd-aeac-668fa5facce1.csv","instrument","plate-reader export","yes","git",2090,"7bd10a237e77e8422f3de79a02293be77e1d5984e10484acc1a7257769d9c8f6",""
"data/raw/growth_dynamics_b12_methionine/20251208_bacteria_b12_methionine_2/20251210_232008_FB_OD600scan_96well_P0000000011_d12a6641-4d0c-48bd-aeac-668fa5facce1.csv","data/raw/growth_dynamics_b12_methionine/20251208_bacteria_b12_methionine_2/20251210_232008_FB_OD600scan_96well_P0000000011_d12a6641-4d0c-48bd-aeac-668fa5facce1.csv","instrument","plate-reader export","yes","git",2090,"bc886149e36519b0d5d5eca78c6cd999c3ada353489ebccb79fb38908e9ec72f",""
"data/raw/growth_dynamics_b12_methionine/20251208_bacteria_b12_methionine_2/20251210_232308_FB_OD600scan_96well_P0000000010_d12a6641-4d0c-48bd-aeac-668fa5facce1.csv","data/raw/growth_dynamics_b12_methionine/20251208_bacteria_b12_methionine_2/20251210_232308_FB_OD600scan_96well_P0000000010_d12a6641-4d0c-48bd-aeac-668fa5facce1.csv","instrument","plate-reader export","yes","git",2090,"b362c7c7472e4da6a94288046fd1ddc4ac1012309b76bc36c2999d255acbf5c7",""
"data/raw/growth_dynamics_b12_methionine/20251208_bacteria_b12_methionine_2/20251210_232605_FB_OD600scan_96well_P0000000009_d12a6641-4d0c-48bd-aeac-668fa5facce1.csv","data/raw/growth_dynamics_b12_methionine/20251208_bacteria_b12_methionine_2/20251210_232605_FB_OD600scan_96well_P0000000009_d12a6641-4d0c-48bd-aeac-668fa5facce1.csv","instrument","plate-reader export","yes","git",2090,"10a99015a577d3925b1049c3009cabb5d41dfeee8670a21f2519eb3956ad61ea",""
"data/raw/growth_dynamics_b12_methionine/20251208_bacteria_b12_methionine_2/20251210_232903_FB_OD600scan_96well_P0000000008_d12a6641-4d0c-48bd-aeac-668fa5facce1.csv","data/raw/growth_dynamics_b12_methionine/20251208_bacteria_b12_methionine_2/20251210_232903_FB_OD600scan_96well_P0000000008_d12a6641-4d0c-48bd-aeac-668fa5facce1.csv","instrument","plate-reader export","yes","git",2090,"e924323c43d40d50e5079122e587cf30f1bd826bd6ce4801c1fea11c5d970563",""
"data/raw/growth_dynamics_b12_methionine/20251208_bacteria_b12_methionine_2/20251210_233204_FB_OD600scan_96well_P0000000007_d12a6641-4d0c-48bd-aeac-668fa5facce1.csv","data/raw/growth_dynamics_b12_methionine/20251208_bacteria_b12_methionine_2/20251210_233204_FB_OD600scan_96well_P0000000007_d12a6641-4d0c-48bd-aeac-668fa5facce1.csv","instrument","plate-reader export","yes","git",2090,"a3096e63783a29854320ffd630b49ce9a772208f57fdec3d6ff6b2bfc7bbcbc1",""
"data/raw/growth_dynamics_b12_methionine/20251208_bacteria_b12_methionine_2/20251210_233503_FB_OD600scan_96well_P0000000006_d12a6641-4d0c-48bd-aeac-668fa5facce1.csv","data/raw/growth_dynamics_b12_methionine/20251208_bacteria_b12_methionine_2/20251210_233503_FB_OD600scan_96well_P0000000006_d12a6641-4d0c-48bd-aeac-668fa5facce1.csv","instrument","plate-reader export","yes","git",2090,"83f1bf75c5093fb96e8143d0c2a29b978249937cac81e8bf8c2be5fcead76c04",""
"data/raw/growth_dynamics_b12_methionine/20251208_bacteria_b12_methionine_2/20251210_233804_FB_OD600scan_96well_P0000000005_d12a6641-4d0c-48bd-aeac-668fa5facce1.csv","data/raw/growth_dynamics_b12_methionine/20251208_bacteria_b12_methionine_2/20251210_233804_FB_OD600scan_96well_P0000000005_d12a6641-4d0c-48bd-aeac-668fa5facce1.csv","instrument","plate-reader export","yes","git",2090,"20e41ffd4dc18785e9d678c34fbcc7b4a1788869b1cd6815ee3451ec99dbfc3e",""
"data/raw/growth_dynamics_b12_methionine/20251208_bacteria_b12_methionine_2/20251210_234103_FB_OD600scan_96well_P0000000004_d12a6641-4d0c-48bd-aeac-668fa5facce1.csv","data/raw/growth_dynamics_b12_methionine/20251208_bacteria_b12_methionine_2/20251210_234103_FB_OD600scan_96well_P0000000004_d12a6641-4d0c-48bd-aeac-668fa5facce1.csv","instrument","plate-reader export","yes","git",2090,"6bdbb157cbfcdafea87cf64ff7ec1c2e54d8ab15b4850fd5ffdd0867f79bc101",""
"data/raw/growth_dynamics_b12_methionine/20251208_bacteria_b12_methionine_2/20251210_234403_FB_OD600scan_96well_P0000000003_d12a6641-4d0c-48bd-aeac-668fa5facce1.csv","data/raw/growth_dynamics_b12_methionine/20251208_bacteria_b12_methionine_2/20251210_234403_FB_OD600scan_96well_P0000000003_d12a6641-4d0c-48bd-aeac-668fa5facce1.csv","instrument","plate-reader export","yes","git",2090,"60ac9dd03771aeacb350ed4bd32510fa39aafdb94b93f583d93cb3a207212ec1",""
"data/raw/growth_dynamics_b12_methionine/20251208_bacteria_b12_methionine_2/20251210_234705_FB_OD600scan_96well_P0000000028_d12a6641-4d0c-48bd-aeac-668fa5facce1.csv","data/raw/growth_dynamics_b12_methionine/20251208_bacteria_b12_methionine_2/20251210_234705_FB_OD600scan_96well_P0000000028_d12a6641-4d0c-48bd-aeac-668fa5facce1.csv","instrument","plate-reader export","yes","git",2090,"cbd082ed78ef17837da71ff37e2111b5d1dd12d25df1342b6db467c2faedf0e7",""
"data/raw/growth_dynamics_b12_methionine/20251208_bacteria_b12_methionine_2/20251210_235009_FB_OD600scan_96well_P0000000027_d12a6641-4d0c-48bd-aeac-668fa5facce1.csv","data/raw/growth_dynamics_b12_methionine/20251208_bacteria_b12_methionine_2/20251210_235009_FB_OD600scan_96well_P0000000027_d12a6641-4d0c-48bd-aeac-668fa5facce1.csv","instrument","plate-reader export","yes","git",2090,"5c1b41ea4ef2301512717f0c4b86cb0eecf2389e10d375563558dbe56625cacd",""
"data/raw/growth_dynamics_b12_methionine/20251208_bacteria_b12_methionine_2/20251210_235310_FB_OD600scan_96well_P0000000026_d12a6641-4d0c-48bd-aeac-668fa5facce1.csv","data/raw/growth_dynamics_b12_methionine/20251208_bacteria_b12_methionine_2/20251210_235310_FB_OD600scan_96well_P0000000026_d12a6641-4d0c-48bd-aeac-668fa5facce1.csv","instrument","plate-reader export","yes","git",2090,"775542170fed2767bde812111ae94399a6688cbea96b1f20f1209b2a136cb760",""
"data/raw/growth_dynamics_b12_methionine/20251208_bacteria_b12_methionine_2/20251210_235614_FB_OD600scan_96well_P0000000025_d12a6641-4d0c-48bd-aeac-668fa5facce1.csv","data/raw/growth_dynamics_b12_methionine/20251208_bacteria_b12_methionine_2/20251210_235614_FB_OD600scan_96well_P0000000025_d12a6641-4d0c-48bd-aeac-668fa5facce1.csv","instrument","plate-reader export","yes","git",2090,"f5b3633761b79dd2acf0922c005874e231a06c8312c814fe0ce70adee84c111d",""
"data/raw/growth_dynamics_b12_methionine/20251208_bacteria_b12_methionine_2/20251210_235916_FB_OD600scan_96well_P0000000024_d12a6641-4d0c-48bd-aeac-668fa5facce1.csv","data/raw/growth_dynamics_b12_methionine/20251208_bacteria_b12_methionine_2/20251210_235916_FB_OD600scan_96well_P0000000024_d12a6641-4d0c-48bd-aeac-668fa5facce1.csv","instrument","plate-reader export","yes","git",2090,"a6378d6d87ae34cde49ae2e8e35c1b7a577a98f3f6e33c474e2348069fa79f63",""
"data/raw/growth_dynamics_b12_methionine/20251208_bacteria_b12_methionine_2/20251211_000220_FB_OD600scan_96well_P0000000023_d12a6641-4d0c-48bd-aeac-668fa5facce1.csv","data/raw/growth_dynamics_b12_methionine/20251208_bacteria_b12_methionine_2/20251211_000220_FB_OD600scan_96well_P0000000023_d12a6641-4d0c-48bd-aeac-668fa5facce1.csv","instrument","plate-reader export","yes","git",2090,"43780dde032658417d7a39b2998dcef26f5024ca7f722ff285845019e0f25e54",""
"data/raw/growth_dynamics_b12_methionine/20251208_bacteria_b12_methionine_2/20251211_000526_FB_OD600scan_96well_P0000000022_d12a6641-4d0c-48bd-aeac-668fa5facce1.csv","data/raw/growth_dynamics_b12_methionine/20251208_bacteria_b12_methionine_2/20251211_000526_FB_OD600scan_96well_P0000000022_d12a6641-4d0c-48bd-aeac-668fa5facce1.csv","instrument","plate-reader export","yes","git",2090,"07251e0a3cd0fd9d201d5f6ef792f1ab6b99d9ea9125887a8205e2516f19d024",""
"data/raw/growth_dynamics_b12_methionine/20251208_bacteria_b12_methionine_2/20251211_000831_FB_OD600scan_96well_P0000000021_d12a6641-4d0c-48bd-aeac-668fa5facce1.csv","data/raw/growth_dynamics_b12_methionine/20251208_bacteria_b12_methionine_2/20251211_000831_FB_OD600scan_96well_P0000000021_d12a6641-4d0c-48bd-aeac-668fa5facce1.csv","instrument","plate-reader export","yes","git",2090,"3dfa5944ded622b15d9c66e814a080b7159c91b96c0716e29f15841692764ed4",""
"data/raw/growth_dynamics_b12_methionine/20251208_bacteria_b12_methionine_2/20251211_001137_FB_OD600scan_96well_P0000000020_d12a6641-4d0c-48bd-aeac-668fa5facce1.csv","data/raw/growth_dynamics_b12_methionine/20251208_bacteria_b12_methionine_2/20251211_001137_FB_OD600scan_96well_P0000000020_d12a6641-4d0c-48bd-aeac-668fa5facce1.csv","instrument","plate-reader export","yes","git",2090,"133f6e4ff71b37f5d4daeca017b42b4fa125bef65308696780d25fc5e9627bb0",""
"data/raw/growth_dynamics_b12_methionine/20251208_bacteria_b12_methionine_2/20251211_001440_FB_OD600scan_96well_P0000000019_d12a6641-4d0c-48bd-aeac-668fa5facce1.csv","data/raw/growth_dynamics_b12_methionine/20251208_bacteria_b12_methionine_2/20251211_001440_FB_OD600scan_96well_P0000000019_d12a6641-4d0c-48bd-aeac-668fa5facce1.csv","instrument","plate-reader export","yes","git",2090,"be09d4331624e0f5119c7fa8e78cbfb6aa9c098a84832398635205431c481f08",""
"data/raw/growth_dynamics_b12_methionine/20251208_bacteria_b12_methionine_2/20251211_001746_FB_OD600scan_96well_P0000000018_d12a6641-4d0c-48bd-aeac-668fa5facce1.csv","data/raw/growth_dynamics_b12_methionine/20251208_bacteria_b12_methionine_2/20251211_001746_FB_OD600scan_96well_P0000000018_d12a6641-4d0c-48bd-aeac-668fa5facce1.csv","instrument","plate-reader export","yes","git",2090,"50ac4beaae041621872ed2ad1635beb48a3d1719c536046cc675c36c368650d2",""
"data/raw/growth_dynamics_b12_methionine/20251208_bacteria_b12_methionine_2/20251211_002053_FB_OD600scan_96well_P0000000017_d12a6641-4d0c-48bd-aeac-668fa5facce1.csv","data/raw/growth_dynamics_b12_methionine/20251208_bacteria_b12_methionine_2/20251211_002053_FB_OD600scan_96well_P0000000017_d12a6641-4d0c-48bd-aeac-668fa5facce1.csv","instrument","plate-reader export","yes","git",2090,"6ba6703d259f7f8fc85f4033b10a4749b9dfa7e3bea24a735ea4be8f7c95c98e",""
"data/raw/growth_dynamics_b12_methionine/20251208_bacteria_b12_methionine_2/20251211_004358_FB_OD600scan_96well_P0000000015_d12a6641-4d0c-48bd-aeac-668fa5facce1.csv","data/raw/growth_dynamics_b12_methionine/20251208_bacteria_b12_methionine_2/20251211_004358_FB_OD600scan_96well_P0000000015_d12a6641-4d0c-48bd-aeac-668fa5facce1.csv","instrument","plate-reader export","yes","git",2090,"20dc99472e93cfcf294703a135cbcc37aa76428ceaa3121a4b97729d67a4d49e",""
"data/raw/growth_dynamics_b12_methionine/20251208_bacteria_b12_methionine_2/20251211_004653_FB_OD600scan_96well_P0000000014_d12a6641-4d0c-48bd-aeac-668fa5facce1.csv","data/raw/growth_dynamics_b12_methionine/20251208_bacteria_b12_methionine_2/20251211_004653_FB_OD600scan_96well_P0000000014_d12a6641-4d0c-48bd-aeac-668fa5facce1.csv","instrument","plate-reader export","yes","git",2090,"cfabebf4c01434d519622ffc3f87cb69a9cfd31e17ce456806a1d3c528c4d8c5",""
"data/raw/growth_dynamics_b12_methionine/20251208_bacteria_b12_methionine_2/20251211_004949_FB_OD600scan_96well_P0000000012_d12a6641-4d0c-48bd-aeac-668fa5facce1.csv","data/raw/growth_dynamics_b12_methionine/20251208_bacteria_b12_methionine_2/20251211_004949_FB_OD600scan_96well_P0000000012_d12a6641-4d0c-48bd-aeac-668fa5facce1.csv","instrument","plate-reader export","yes","git",2090,"fffd4b9b3d1685eecea2c6cbb8a2385d33112e9827e0d1b4b34f78ebd97327ca",""
"data/raw/growth_dynamics_b12_methionine/20251208_bacteria_b12_methionine_2/20251211_005249_FB_OD600scan_96well_P0000000011_d12a6641-4d0c-48bd-aeac-668fa5facce1.csv","data/raw/growth_dynamics_b12_methionine/20251208_bacteria_b12_methionine_2/20251211_005249_FB_OD600scan_96well_P0000000011_d12a6641-4d0c-48bd-aeac-668fa5facce1.csv","instrument","plate-reader export","yes","git",2090,"9c9e4d7113814803aa87f1ea591e95f7f9a977800827a91c9626e8dcb142a3a2",""
"data/raw/growth_dynamics_b12_methionine/20251208_bacteria_b12_methionine_2/20251211_005546_FB_OD600scan_96well_P0000000010_d12a6641-4d0c-48bd-aeac-668fa5facce1.csv","data/raw/growth_dynamics_b12_methionine/20251208_bacteria_b12_methionine_2/20251211_005546_FB_OD600scan_96well_P0000000010_d12a6641-4d0c-48bd-aeac-668fa5facce1.csv","instrument","plate-reader export","yes","git",2090,"4d2ba05718b9c34af68eefa6097a06699ee35a50ce46c5b4b006451d8a5749cb",""
"data/raw/growth_dynamics_b12_methionine/20251208_bacteria_b12_methionine_2/20251211_005846_FB_OD600scan_96well_P0000000009_d12a6641-4d0c-48bd-aeac-668fa5facce1.csv","data/raw/growth_dynamics_b12_methionine/20251208_bacteria_b12_methionine_2/20251211_005846_FB_OD600scan_96well_P0000000009_d12a6641-4d0c-48bd-aeac-668fa5facce1.csv","instrument","plate-reader export","yes","git",2090,"9cb57ad2bac23e587d9f6f6d0bf3181faad2bd440534cd34f164bc0320a40005",""
"data/raw/growth_dynamics_b12_methionine/20251208_bacteria_b12_methionine_2/20251211_010147_FB_OD600scan_96well_P0000000008_d12a6641-4d0c-48bd-aeac-668fa5facce1.csv","data/raw/growth_dynamics_b12_methionine/20251208_bacteria_b12_methionine_2/20251211_010147_FB_OD600scan_96well_P0000000008_d12a6641-4d0c-48bd-aeac-668fa5facce1.csv","instrument","plate-reader export","yes","git",2089,"0c64d38e6d2a0fd2375ed1e895b8f97e19deeabbf712eb6a61520e8e67c7fba7",""
"data/raw/growth_dynamics_b12_methionine/20251208_bacteria_b12_methionine_2/20251211_010444_FB_OD600scan_96well_P0000000007_d12a6641-4d0c-48bd-aeac-668fa5facce1.csv","data/raw/growth_dynamics_b12_methionine/20251208_bacteria_b12_methionine_2/20251211_010444_FB_OD600scan_96well_P0000000007_d12a6641-4d0c-48bd-aeac-668fa5facce1.csv","instrument","plate-reader export","yes","git",2089,"41b3ab5df3416907a324d973576acb61587903267b38f66aa19f88dc7777aeac",""
"data/raw/growth_dynamics_b12_methionine/20251208_bacteria_b12_methionine_2/20251211_010743_FB_OD600scan_96well_P0000000006_d12a6641-4d0c-48bd-aeac-668fa5facce1.csv","data/raw/growth_dynamics_b12_methionine/20251208_bacteria_b12_methionine_2/20251211_010743_FB_OD600scan_96well_P0000000006_d12a6641-4d0c-48bd-aeac-668fa5facce1.csv","instrument","plate-reader export","yes","git",2089,"ba30499951b71e473cac9ca0089159766c2f4e93eb041460d926d62c851e24af",""
"data/raw/growth_dynamics_b12_methionine/20251208_bacteria_b12_methionine_2/20251211_011041_FB_OD600scan_96well_P0000000005_d12a6641-4d0c-48bd-aeac-668fa5facce1.csv","data/raw/growth_dynamics_b12_methionine/20251208_bacteria_b12_methionine_2/20251211_011041_FB_OD600scan_96well_P0000000005_d12a6641-4d0c-48bd-aeac-668fa5facce1.csv","instrument","plate-reader export","yes","git",2089,"f90b8fdfb158258c0afb0031f507696c378e6bee8b6120c39424a8b8659d3784",""
"data/raw/growth_dynamics_b12_methionine/20251208_bacteria_b12_methionine_2/20251211_011343_FB_OD600scan_96well_P0000000004_d12a6641-4d0c-48bd-aeac-668fa5facce1.csv","data/raw/growth_dynamics_b12_methionine/20251208_bacteria_b12_methionine_2/20251211_011343_FB_OD600scan_96well_P0000000004_d12a6641-4d0c-48bd-aeac-668fa5facce1.csv","instrument","plate-reader export","yes","git",2089,"6ce32c4b754bb93e36aaf14dd464b8e107ea4a4d2959cb67797d22c31546d7c1",""
"data/raw/growth_dynamics_b12_methionine/20251208_bacteria_b12_methionine_2/20251211_011642_FB_OD600scan_96well_P0000000003_d12a6641-4d0c-48bd-aeac-668fa5facce1.csv","data/raw/growth_dynamics_b12_methionine/20251208_bacteria_b12_methionine_2/20251211_011642_FB_OD600scan_96well_P0000000003_d12a6641-4d0c-48bd-aeac-668fa5facce1.csv","instrument","plate-reader export","yes","git",2089,"95d2abb721ec2fc8c84df6ca84bf4012d0830c86affbc36814943acaaa3f7e97",""
"data/raw/growth_dynamics_b12_methionine/20251208_bacteria_b12_methionine_2/20251211_011945_FB_OD600scan_96well_P0000000028_d12a6641-4d0c-48bd-aeac-668fa5facce1.csv","data/raw/growth_dynamics_b12_methionine/20251208_bacteria_b12_methionine_2/20251211_011945_FB_OD600scan_96well_P0000000028_d12a6641-4d0c-48bd-aeac-668fa5facce1.csv","instrument","plate-reader export","yes","git",2089,"c29aadcb24130bd8e44931a0db2895767dad50ad0212555b0ff017a644d00c13",""
"data/raw/growth_dynamics_b12_methionine/20251208_bacteria_b12_methionine_2/20251211_012248_FB_OD600scan_96well_P0000000027_d12a6641-4d0c-48bd-aeac-668fa5facce1.csv","data/raw/growth_dynamics_b12_methionine/20251208_bacteria_b12_methionine_2/20251211_012248_FB_OD600scan_96well_P0000000027_d12a6641-4d0c-48bd-aeac-668fa5facce1.csv","instrument","plate-reader export","yes","git",2089,"23af686a0c350f39d3bad0bde386958f97afbfbb502fafbe7d320335d540ad6f",""
"data/raw/growth_dynamics_b12_methionine/20251208_bacteria_b12_methionine_2/20251211_012549_FB_OD600scan_96well_P0000000026_d12a6641-4d0c-48bd-aeac-668fa5facce1.csv","data/raw/growth_dynamics_b12_methionine/20251208_bacteria_b12_methionine_2/20251211_012549_FB_OD600scan_96well_P0000000026_d12a6641-4d0c-48bd-aeac-668fa5facce1.csv","instrument","plate-reader export","yes","git",2089,"87ae295ab498d5897d89c6c94631d4e0a7f5e1c295d4bb061fd7736c1bd2ba31",""
"data/raw/growth_dynamics_b12_methionine/20251208_bacteria_b12_methionine_2/20251211_012853_FB_OD600scan_96well_P0000000025_d12a6641-4d0c-48bd-aeac-668fa5facce1.csv","data/raw/growth_dynamics_b12_methionine/20251208_bacteria_b12_methionine_2/20251211_012853_FB_OD600scan_96well_P0000000025_d12a6641-4d0c-48bd-aeac-668fa5facce1.csv","instrument","plate-reader export","yes","git",2089,"c6a2159983ac5fdfae0113b4c6257d0158f3da28dd3aa5c2ac53ab6c53b3a408",""
"data/raw/gtdbtk/gtdbtk.bac120.study_genomes.tree","data/raw/gtdbtk/gtdbtk_tree_231_genomes.tree","computational","GTDB-Tk study-genome tree (231 tips in audited release)","yes","git",8289,"82a1d036eb45a4619a1393429b5bcf433a2b1b477ff05bbf50ed9cb5318be31e","Renamed in the public repository to use a count-neutral filename"
"data/raw/gtdbtk/gtdbtk.bac120.summary.tsv","data/raw/gtdbtk/gtdbtk.bac120.summary.tsv","computational","GTDB-Tk study-genome taxonomy summary (231 rows in audited release)","yes","git",1014559,"639c211c1d36468b8c13ab7ca823109eb4c1c3ba8d3a050b8186af0efa814ca6",""
"data/raw/gwa/log10_total_b12_gm_MAF_0.01_COR_1_pyseer_mixed_summary.csv","data/raw/gwa/log10_total_b12_gm_MAF_0.01_COR_1_pyseer_mixed_summary.csv","computational","Pyseer genome-wide association output","yes","git",503515,"52e83a5c8768ac4433e35036671b285040eaa6dfec4a3392359acd1ac6acfb01",""
"data/raw/gwa/log10_total_b12_gm_MAF_0.01_COR_1_pyseer_mixed_tree_summary.csv","data/raw/gwa/log10_total_b12_gm_MAF_0.01_COR_1_pyseer_mixed_tree_summary.csv","computational","Pyseer genome-wide association output","yes","git",505422,"a8513e43fef2378526df16c7c09188da27b4cd10829687c5e0fc90753853f1c0",""
"data/raw/gwa/uptake_b12_mean_MAF_0.01_COR_1_pyseer_mixed_summary.csv","data/raw/gwa/uptake_b12_mean_MAF_0.01_COR_1_pyseer_mixed_summary.csv","computational","Pyseer genome-wide association output","yes","git",487649,"8f51b43ae03c3c86be65e6ac0b26b42ebffc0658b3a22f04312f3858bfbaca0d",""
"data/raw/gwa/uptake_b12_mean_MAF_0.01_COR_1_pyseer_mixed_tree_summary.csv","data/raw/gwa/uptake_b12_mean_MAF_0.01_COR_1_pyseer_mixed_tree_summary.csv","computational","Pyseer genome-wide association output","yes","git",487313,"bb9e02e6d372088431cafb027a25e27da5eb71e2ff1ec89b090c3ef4f68e0e8a",""
"data/raw/metadata_strains/bacterial_strain_metadata.csv","data/raw/metadata_strains/bacterial_strain_metadata_20260824.csv","metadata","curated strain-bank and isolate metadata","no","git",66594,"e4453b01cef4fb7f39fc2cd12ee7664fc1e24ecfd385494afac810ee0cf02dca","Undated staged 15-column derivative; taxonomy and unused isolator field removed; stock medium harmonized; controls cleared"
"data/raw/metadata_strains/strain_id_to_genome_filename.csv","data/raw/metadata_strains/microtrait_strain_id_to_genome_filename_20260520.csv","metadata","curated strain-to-genome filename mapping","no","git",16755,"2b3928bf6215bd44ac533f39c95c0514e28fdf26768cc750626b6885c863157d","Count- and date-neutral repository filename; maps strain identifiers to genome filenames used by GTDB-Tk and genome analyses"
"data/raw/metadata_strains/media_recipes.csv","data/raw/metadata_strains/media_recipes.csv","metadata","media and stock-solution recipes used in the study","no","git",4801,"461e4335d56bdac558cfe44cc8da3356673f3cf2b11800e7dea58a68726610c0","Canonical source for supplementary Table S2"
"R/cleaning/download_kegg_ko_mapping.R","R/cleaning/download_kegg_ko_mapping.R","script","repository analysis code","no","git",1564,"c605c97dbf779240bf18b129cdb47adbe0d5cce5393a030469f98c8c6a0134ed","Retrieves stable KEGG KO list and release metadata from KEGG REST"
