"variant","af","filter.pvalue","lrt.pvalue","beta","beta.std.err","variant_h2","notes","cluster_variants","p_adj_BH","p_adj_bonferroni","rejected_BH_005","rejected_bonferroni_005","rejected_BH_010","rejected_bonferroni_010"
"K03721",0.478,0,0.494,-0.113,0.165,0.0483,NA,"K03721",0.999598920863309,1,FALSE,FALSE,FALSE,FALSE
"K03790",0.547,0,0.164,0.105,0.0752,0.0981,NA,"K03790",0.764569832402235,1,FALSE,FALSE,FALSE,FALSE
"K20959",0.0296,0,0.902,-0.0758,0.618,0.00866,NA,"K06604,K10909,K10915,K10918,K10921,K10922,K11018,K12277,K12512,K12514,K12515,K20919,K20955,K20959,K20962,K20965,K28162",0.999598920863309,1,FALSE,FALSE,FALSE,FALSE
"K07274",0.507,0,0.162,-0.114,0.0814,0.0985,NA,"K07274",0.759488764044944,1,FALSE,FALSE,FALSE,FALSE
"K03578",0.695,0,0.724,-0.321,0.911,0.0249,NA,"K03578,K13288",0.999598920863309,1,FALSE,FALSE,FALSE,FALSE
"K07003",0.399,0,0.352,-0.103,0.111,0.0657,NA,"K07003",0.963199455040872,1,FALSE,FALSE,FALSE,FALSE
"K07216",0.177,0,0.037,-0.221,0.105,0.147,NA,"K07216",0.45742962962963,1,FALSE,FALSE,FALSE,FALSE
"K07001",0.911,0,0.373,0.0921,0.103,0.0628,NA,"K07001",0.97633889468196,1,FALSE,FALSE,FALSE,FALSE
"K13938",0.374,0,0.998,0.000742,0.241,0.000217,NA,"K13938",0.999598920863309,1,FALSE,FALSE,FALSE,FALSE
"K01495",0.961,0,0.757,0.143,0.461,0.0218,NA,"K01495",0.999598920863309,1,FALSE,FALSE,FALSE,FALSE
"K07589",0.32,0,0.562,-0.0727,0.125,0.0409,NA,"K07589",0.999598920863309,1,FALSE,FALSE,FALSE,FALSE
"K01560",0.527,0,0.566,0.0346,0.0602,0.0405,NA,"K01560",0.999598920863309,1,FALSE,FALSE,FALSE,FALSE
"K02073",0.803,0,0.658,0.0459,0.104,0.0313,NA,"K02071,K02072,K02073",0.999598920863309,1,FALSE,FALSE,FALSE,FALSE
"K01061",0.823,0,0.802,-0.0228,0.0912,0.0177,NA,"K01061",0.999598920863309,1,FALSE,FALSE,FALSE,FALSE
"K08310",0.296,0,0.817,-0.0191,0.0824,0.0164,NA,"K08310",0.999598920863309,1,FALSE,FALSE,FALSE,FALSE
"K03651",0.798,0,0.0399,0.171,0.0827,0.144,NA,"K03651",0.479087050359712,1,FALSE,FALSE,FALSE,FALSE
"K01273",0.69,0,0.2,0.141,0.109,0.0903,NA,"K01273",0.83103734439834,1,FALSE,FALSE,FALSE,FALSE
"K05952",0.271,0,0.804,0.0411,0.166,0.0175,NA,"K05952",0.999598920863309,1,FALSE,FALSE,FALSE,FALSE
"K06933",0.0443,0,0.237,-0.163,0.138,0.0833,NA,"K06933",0.888217814371257,1,FALSE,FALSE,FALSE,FALSE
"K02030",0.897,0,0.758,0.1,0.326,0.0217,NA,"K02030",0.999598920863309,1,FALSE,FALSE,FALSE,FALSE
"K03811",0.562,0,0.857,-0.015,0.0833,0.0127,NA,"K03811",0.999598920863309,1,FALSE,FALSE,FALSE,FALSE
"K09824",0.291,0,0.0691,0.128,0.0701,0.128,NA,"K09824",0.563005997001499,1,FALSE,FALSE,FALSE,FALSE
"K09964",0.493,0,0.992,0.000736,0.0764,0.00068,NA,"K09964",0.999598920863309,1,FALSE,FALSE,FALSE,FALSE
"K10916",0.0591,0,0.0885,0.511,0.299,0.12,NA,"K10916",0.601512080536913,1,FALSE,FALSE,FALSE,FALSE
"K15268",0.468,0,0.942,0.00441,0.0605,0.00514,NA,"K15268",0.999598920863309,1,FALSE,FALSE,FALSE,FALSE
"K09823",0.645,0,0.435,-0.335,0.429,0.055,NA,"K09823",0.999598920863309,1,FALSE,FALSE,FALSE,FALSE
"K04764",0.69,0,0.611,0.567,1.11,0.0359,NA,"K02427,K03071,K03089,K03562,K03643,K03694,K04764,K05527,K06179,K06916,K07390,K07657,K07708,K08305,K08311",0.999598920863309,1,FALSE,FALSE,FALSE,FALSE
"K00569",0.325,0,0.32,0.169,0.169,0.0702,NA,"K00569",0.950884272997033,1,FALSE,FALSE,FALSE,FALSE
"K08289",0.522,0,0.104,0.446,0.273,0.114,NA,"K08289",0.635809523809524,1,FALSE,FALSE,FALSE,FALSE
"K01489",0.719,0,0.316,0.248,0.247,0.0708,NA,"K01489",0.950168352171327,1,FALSE,FALSE,FALSE,FALSE
"K06518",0.611,0,0.469,-0.068,0.0937,0.0511,NA,"K06518",0.999598920863309,1,FALSE,FALSE,FALSE,FALSE
"K01141",0.507,0,0.58,-0.32,0.577,0.0391,NA,"K01141",0.999598920863309,1,FALSE,FALSE,FALSE,FALSE
"K15537",0.409,0,0.389,-0.06,0.0695,0.0607,NA,"K15537",0.987689148073022,1,FALSE,FALSE,FALSE,FALSE
"K09912",0.429,0,0.551,0.257,0.43,0.0421,NA,"K09912",0.999598920863309,1,FALSE,FALSE,FALSE,FALSE
"K06956",0.571,0,0.357,0.145,0.157,0.065,NA,"K06956",0.965693679092383,1,FALSE,FALSE,FALSE,FALSE
"K17290",0.64,0,0.549,0.0462,0.077,0.0423,NA,"K17290",0.999598920863309,1,FALSE,FALSE,FALSE,FALSE
"K00768",0.562,0,0.0502,0.234,0.119,0.138,NA,"K00768",0.531269052631579,1,FALSE,FALSE,FALSE,FALSE
"K02233",0.567,0,0.112,0.191,0.12,0.112,NA,"K02233",0.656655737704918,1,FALSE,FALSE,FALSE,FALSE
"K02231",0.557,0,0.0745,0.242,0.135,0.125,NA,"K02231",0.563005997001499,1,FALSE,FALSE,FALSE,FALSE
"K08602",0.315,0,0.19,-0.446,0.34,0.0924,NA,"K08602",0.811831069609508,1,FALSE,FALSE,FALSE,FALSE
"K05526",0.438,0,0.225,0.525,0.432,0.0855,NA,"K05526",0.87534965034965,1,FALSE,FALSE,FALSE,FALSE
"K06073",0.143,0,0.508,-0.391,0.59,0.0468,NA,"K03632,K03633,K03804,K06073,K06074,K08154,K08722,K09907",0.999598920863309,1,FALSE,FALSE,FALSE,FALSE
"K00344",0.906,0,0.428,0.14,0.177,0.0559,NA,"K00344",0.998606694560669,1,FALSE,FALSE,FALSE,FALSE
"K21712",0.143,0,0.972,-0.00282,0.0796,0.0025,NA,"K21712",0.999598920863309,1,FALSE,FALSE,FALSE,FALSE
"K00425",0.975,0,0.572,-0.0693,0.122,0.0399,NA,"K00425",0.999598920863309,1,FALSE,FALSE,FALSE,FALSE
"K00426",0.98,0,0.542,-0.0775,0.127,0.043,NA,"K00426",0.999598920863309,1,FALSE,FALSE,FALSE,FALSE
"K00424",0.365,0,0.388,-0.12,0.139,0.0609,NA,"K00424",0.987689148073022,1,FALSE,FALSE,FALSE,FALSE
"K03825",0.453,0,0.636,0.0322,0.0678,0.0335,NA,"K03825",0.999598920863309,1,FALSE,FALSE,FALSE,FALSE
"K09941",0.271,0,0.643,-0.18,0.388,0.0327,NA,"K09941",0.999598920863309,1,FALSE,FALSE,FALSE,FALSE
"K08224",0.823,0,0.137,-0.105,0.0702,0.105,NA,"K08224",0.715285714285714,1,FALSE,FALSE,FALSE,FALSE
"K07043",0.527,0,0.37,0.171,0.19,0.0633,NA,"K07043",0.97633889468196,1,FALSE,FALSE,FALSE,FALSE
"K06970",0.502,0,0.205,-0.289,0.227,0.0894,NA,"K06970",0.841993469387755,1,FALSE,FALSE,FALSE,FALSE
"K02656",0.458,0,0.422,-0.196,0.243,0.0567,NA,"K02656",0.998606694560669,1,FALSE,FALSE,FALSE,FALSE
"K00651",0.478,0,0.0682,0.655,0.357,0.128,NA,"K00651",0.563005997001499,1,FALSE,FALSE,FALSE,FALSE
"K01258",0.433,0,0.334,0.207,0.214,0.0681,NA,"K01258",0.958482857142857,1,FALSE,FALSE,FALSE,FALSE
"K07733",0.429,0,0.437,-0.0288,0.0369,0.0549,NA,"K07733",0.999598920863309,1,FALSE,FALSE,FALSE,FALSE
"K03630",0.872,0,0.988,-0.00732,0.494,0.00105,NA,"K03630",0.999598920863309,1,FALSE,FALSE,FALSE,FALSE
"K07451",0.355,0,0.541,-0.0223,0.0364,0.0431,NA,"K07451",0.999598920863309,1,FALSE,FALSE,FALSE,FALSE
"K07448",0.355,0,0.529,-0.0216,0.0343,0.0444,NA,"K07448",0.999598920863309,1,FALSE,FALSE,FALSE,FALSE
"K01153",0.502,0,0.293,-0.0324,0.0307,0.0742,NA,"K01153",0.933454660748256,1,FALSE,FALSE,FALSE,FALSE
"K01154",0.527,0,0.93,-0.00274,0.0312,0.00619,NA,"K01154",0.999598920863309,1,FALSE,FALSE,FALSE,FALSE
"K03427",0.547,0,0.998,-6.67e-05,0.0309,0.000152,NA,"K03427",0.999598920863309,1,FALSE,FALSE,FALSE,FALSE
"K02651",0.542,0,0.433,0.0519,0.0661,0.0553,NA,"K02651",0.999598920863309,1,FALSE,FALSE,FALSE,FALSE
"K02278",0.32,0,0.266,0.0885,0.0793,0.0785,NA,"K02278",0.91285949280329,1,FALSE,FALSE,FALSE,FALSE
"K02279",0.527,0,0.445,0.051,0.0666,0.0539,NA,"K02279",0.999598920863309,1,FALSE,FALSE,FALSE,FALSE
"K02280",0.458,0,0.0808,0.13,0.0742,0.123,NA,"K02280",0.583788744588745,1,FALSE,FALSE,FALSE,FALSE
"K02283",0.621,0,0.146,0.107,0.0737,0.102,NA,"K02283",0.721640671273445,1,FALSE,FALSE,FALSE,FALSE
"K12510",0.581,0,0.192,0.0855,0.0653,0.092,NA,"K12510",0.812632290786137,1,FALSE,FALSE,FALSE,FALSE
"K12511",0.502,0,0.193,0.0813,0.0622,0.0918,NA,"K12511",0.816174831081081,1,FALSE,FALSE,FALSE,FALSE
"K12513",0.493,0,0.118,0.144,0.0914,0.11,NA,"K12513",0.669112117780294,1,FALSE,FALSE,FALSE,FALSE
"K03442",0.547,0,0.544,-0.0803,0.132,0.0429,NA,"K03442",0.999598920863309,1,FALSE,FALSE,FALSE,FALSE
"K20534",0.542,0,0.0836,-0.103,0.0592,0.122,NA,"K20534",0.589635524475524,1,FALSE,FALSE,FALSE,FALSE
"K16089",0.31,0,0.106,-0.0943,0.0581,0.114,NA,"K16089",0.640992753623188,1,FALSE,FALSE,FALSE,FALSE
"K02014",0.744,0,0.939,0.0856,1.12,0.0054,NA,"K02014,K02523,K03474,K03559,K03561,K03634,K04744,K05807,K06215,K06346,K06960,K06994,K07177,K07277,K08681,K09762,K09772",0.999598920863309,1,FALSE,FALSE,FALSE,FALSE
"K21088",0.128,0,0.619,-0.0443,0.089,0.0351,NA,"K21088",0.999598920863309,1,FALSE,FALSE,FALSE,FALSE
"K03829",0.542,0,0.129,0.148,0.0973,0.107,NA,"K03829",0.697519438444924,1,FALSE,FALSE,FALSE,FALSE
"K13274",0.163,0,0.0493,0.671,0.339,0.138,NA,"K13274",0.529710515021459,1,FALSE,FALSE,FALSE,FALSE
"K06895",0.788,0,0.851,-0.0168,0.0892,0.0133,NA,"K06895",0.999598920863309,1,FALSE,FALSE,FALSE,FALSE
"K00799",0.695,0,0.174,1.09,0.799,0.0957,NA,"K00799,K11209",0.786557450628366,1,FALSE,FALSE,FALSE,FALSE
"K03547",0.803,0,0.495,0.0801,0.117,0.0481,NA,"K03547",0.999598920863309,1,FALSE,FALSE,FALSE,FALSE
"K03546",0.675,0,0.0697,0.325,0.178,0.128,NA,"K03546",0.563005997001499,1,FALSE,FALSE,FALSE,FALSE
"K07178",0.502,0,0.804,0.0316,0.127,0.0175,NA,"K07178",0.999598920863309,1,FALSE,FALSE,FALSE,FALSE
"K06876",0.305,0,0.925,0.00542,0.0571,0.00669,NA,"K06876",0.999598920863309,1,FALSE,FALSE,FALSE,FALSE
"K25656",0.217,0,0.156,-0.237,0.166,0.1,NA,"K25656",0.746741873804971,1,FALSE,FALSE,FALSE,FALSE
"K02362",0.35,0,0.381,0.0797,0.0907,0.0618,NA,"K02362",0.981815234173958,1,FALSE,FALSE,FALSE,FALSE
"K10829",0.291,0,0.542,0.0544,0.089,0.0431,NA,"K10829",0.999598920863309,1,FALSE,FALSE,FALSE,FALSE
"K23227",0.355,0,0.912,0.00893,0.0809,0.00778,NA,"K23227",0.999598920863309,1,FALSE,FALSE,FALSE,FALSE
"K23228",0.35,0,0.659,0.0346,0.0783,0.0311,NA,"K23228",0.999598920863309,1,FALSE,FALSE,FALSE,FALSE
"K06159",0.172,0,0.905,-0.0106,0.0892,0.00841,NA,"K06159",0.999598920863309,1,FALSE,FALSE,FALSE,FALSE
"K05375",0.369,0,0.961,0.0028,0.0579,0.00342,NA,"K05375",0.999598920863309,1,FALSE,FALSE,FALSE,FALSE
"K03896",0.207,0,0.41,0.0599,0.0726,0.0581,NA,"K03896",0.995165229885058,1,FALSE,FALSE,FALSE,FALSE
"K10531",0.187,0,0.786,0.0181,0.0667,0.0191,NA,"K10531",0.999598920863309,1,FALSE,FALSE,FALSE,FALSE
"K02445",0.296,0,0.0434,-0.151,0.0742,0.142,NA,"K02445",0.493872272727273,1,FALSE,FALSE,FALSE,FALSE
"K01126",0.847,0,0.0579,-0.211,0.111,0.133,NA,"K01126",0.563005997001499,1,FALSE,FALSE,FALSE,FALSE
"K06940",0.64,0,0.163,-0.136,0.097,0.0982,NA,"K06940",0.762748598130841,1,FALSE,FALSE,FALSE,FALSE
"K00633",0.0591,0,0.231,-0.114,0.0953,0.0844,NA,"K00633",0.880896420411272,1,FALSE,FALSE,FALSE,FALSE
"K00661",0.591,0,0.546,-0.0322,0.0532,0.0426,NA,"K00661",0.999598920863309,1,FALSE,FALSE,FALSE,FALSE
"K16317",0.0246,0,0.825,-0.088,0.398,0.0156,NA,"K00702,K07457,K13062,K15850,K16317,K17108,K20956",0.999598920863309,1,FALSE,FALSE,FALSE,FALSE
"K07089",0.369,0,0.546,-0.0399,0.066,0.0426,NA,"K07089",0.999598920863309,1,FALSE,FALSE,FALSE,FALSE
"K01096",0.138,0,0.61,-0.176,0.344,0.036,NA,"K01096,K05775,K09998,K09999,K10000",0.999598920863309,1,FALSE,FALSE,FALSE,FALSE
"K07118",0.626,0,0.474,0.0372,0.0519,0.0505,NA,"K07118",0.999598920863309,1,FALSE,FALSE,FALSE,FALSE
"K07275",0.655,0,0.352,-0.14,0.15,0.0657,NA,"K07275",0.963199455040872,1,FALSE,FALSE,FALSE,FALSE
"K00975",0.665,0,0.124,0.185,0.12,0.108,NA,"K00975",0.686041988950276,1,FALSE,FALSE,FALSE,FALSE
"K02042",0.532,0,0.934,0.00476,0.0573,0.00586,NA,"K02042",0.999598920863309,1,FALSE,FALSE,FALSE,FALSE
"K02041",0.517,0,0.998,0.000137,0.0569,0.000169,NA,"K02041",0.999598920863309,1,FALSE,FALSE,FALSE,FALSE
"K02044",0.567,0,0.732,0.0191,0.0556,0.0242,NA,"K02044",0.999598920863309,1,FALSE,FALSE,FALSE,FALSE
"K10126",0.438,0,0.257,0.18,0.159,0.0799,NA,"K10126",0.906835095137421,1,FALSE,FALSE,FALSE,FALSE
"K19802",0.414,0,0.316,-0.0897,0.0892,0.0708,NA,"K19802",0.950168352171327,1,FALSE,FALSE,FALSE,FALSE
"K26272",0.133,0,0.339,-0.074,0.0771,0.0675,NA,"K26272",0.962031561461794,1,FALSE,FALSE,FALSE,FALSE
"K03315",0.325,0,0.293,-0.135,0.128,0.0741,NA,"K03315",0.933454660748256,1,FALSE,FALSE,FALSE,FALSE
"K14155",0.502,0,0.544,0.0925,0.152,0.0428,NA,"K14155",0.999598920863309,1,FALSE,FALSE,FALSE,FALSE
"K16924",0.069,0,0.515,0.152,0.232,0.0459,NA,"K16924",0.999598920863309,1,FALSE,FALSE,FALSE,FALSE
"K01552",0.261,0,0.277,0.189,0.173,0.0766,NA,"K01552",0.923041114058356,1,FALSE,FALSE,FALSE,FALSE
"K16785",0.271,0,0.0413,0.503,0.245,0.143,NA,"K16785",0.485456206088993,1,FALSE,FALSE,FALSE,FALSE
"K00700",0.857,0,0.726,0.0339,0.0964,0.0248,NA,"K00700",0.999598920863309,1,FALSE,FALSE,FALSE,FALSE
"K00705",0.576,0,0.833,0.0248,0.118,0.0149,NA,"K00705",0.999598920863309,1,FALSE,FALSE,FALSE,FALSE
"K00688",0.778,0,0.25,0.133,0.116,0.0812,NA,"K00688",0.899245689655172,1,FALSE,FALSE,FALSE,FALSE
"K03556",0.369,0,0.95,0.00481,0.0759,0.00447,NA,"K03556",0.999598920863309,1,FALSE,FALSE,FALSE,FALSE
"K08974",0.158,0,0.372,-0.17,0.19,0.063,NA,"K08974",0.97633889468196,1,FALSE,FALSE,FALSE,FALSE
"K07152",0.768,0,0.764,-0.124,0.412,0.0212,NA,"K07152",0.999598920863309,1,FALSE,FALSE,FALSE,FALSE
"K09796",0.616,0,0.856,0.0482,0.266,0.0128,NA,"K09796",0.999598920863309,1,FALSE,FALSE,FALSE,FALSE
"K06949",0.916,0,0.334,0.121,0.125,0.0681,NA,"K06949",0.958482857142857,1,FALSE,FALSE,FALSE,FALSE
"K07862",0.394,0,0.828,-0.0478,0.22,0.0154,NA,"K07862",0.999598920863309,1,FALSE,FALSE,FALSE,FALSE
"K07126",0.635,0,0.207,-0.117,0.0926,0.0889,NA,"K07126",0.844013843648209,1,FALSE,FALSE,FALSE,FALSE
"K13041",0.0493,0,0.86,-0.027,0.153,0.0124,NA,"K08357,K08358,K08359,K13040,K13041",0.999598920863309,1,FALSE,FALSE,FALSE,FALSE
"K19713",0.064,0,0.348,0.0859,0.0914,0.0662,NA,"K19713",0.962248348017621,1,FALSE,FALSE,FALSE,FALSE
"K11249",0.537,0,0.653,-0.036,0.08,0.0317,NA,"K11249",0.999598920863309,1,FALSE,FALSE,FALSE,FALSE
"K01200",0.217,0,0.762,0.0282,0.0929,0.0214,NA,"K01200",0.999598920863309,1,FALSE,FALSE,FALSE,FALSE
"K02024",0.251,0,0.0892,0.131,0.0765,0.12,NA,"K02024",0.601512080536913,1,FALSE,FALSE,FALSE,FALSE
"K06967",0.35,0,0.14,0.358,0.242,0.104,NA,"K06967",0.718175757575757,1,FALSE,FALSE,FALSE,FALSE
"K03778",0.493,0,0.776,0.0367,0.129,0.0201,NA,"K03778",0.999598920863309,1,FALSE,FALSE,FALSE,FALSE
"K03781",0.951,0,0.866,-0.0225,0.134,0.0119,NA,"K03781",0.999598920863309,1,FALSE,FALSE,FALSE,FALSE
"K00865",0.729,0,0.644,0.0454,0.098,0.0327,NA,"K00865",0.999598920863309,1,FALSE,FALSE,FALSE,FALSE
"K03299",0.759,0,0.645,0.0295,0.0638,0.0325,NA,"K03299",0.999598920863309,1,FALSE,FALSE,FALSE,FALSE
"K22131",0.202,0,0.0253,0.146,0.0646,0.157,NA,"K22131",0.393407142857143,1,FALSE,FALSE,FALSE,FALSE
"K01816",0.606,0,0.348,0.101,0.108,0.0662,NA,"K01816",0.962248348017621,1,FALSE,FALSE,FALSE,FALSE
"K22130",0.251,0,0.0268,0.0979,0.0439,0.155,NA,"K21948,K22130",0.406629090909091,1,FALSE,FALSE,FALSE,FALSE
"K08319",0.197,0,0.0228,0.122,0.0531,0.16,NA,"K08319",0.376764356435644,1,FALSE,FALSE,FALSE,FALSE
"K13652",0.296,0,0.11,-0.104,0.0648,0.113,NA,"K13652",0.651798816568047,1,FALSE,FALSE,FALSE,FALSE
"K09927",0.68,0,0.0759,0.156,0.0873,0.125,NA,"K09927",0.566267857142857,1,FALSE,FALSE,FALSE,FALSE
"K07168",0.635,0,0.126,0.112,0.0731,0.108,NA,"K07168",0.687984732824428,1,FALSE,FALSE,FALSE,FALSE
"K03325",0.512,0,0.23,-0.0725,0.0602,0.0847,NA,"K03325",0.880435779816514,1,FALSE,FALSE,FALSE,FALSE
"K07793",0.719,0,0.101,0.0955,0.058,0.115,NA,"K07793",0.63134456928839,1,FALSE,FALSE,FALSE,FALSE
"K07795",0.768,0,0.236,0.0692,0.0582,0.0836,NA,"K07795",0.887792637114951,1,FALSE,FALSE,FALSE,FALSE
"K16514",0.325,0,0.18,-0.0553,0.0411,0.0945,NA,"K16514",0.796166077738516,1,FALSE,FALSE,FALSE,FALSE
"K07774",0.453,0,0.81,0.0154,0.064,0.017,NA,"K07774",0.999598920863309,1,FALSE,FALSE,FALSE,FALSE
"K02440",0.542,0,0.0537,0.233,0.12,0.136,NA,"K02440",0.545296761133603,1,FALSE,FALSE,FALSE,FALSE
"K00864",0.936,0,0.765,0.0439,0.147,0.0211,NA,"K00864",0.999598920863309,1,FALSE,FALSE,FALSE,FALSE
"K02444",0.532,0,0.0737,0.443,0.247,0.126,NA,"K02444",0.563005997001499,1,FALSE,FALSE,FALSE,FALSE
"K07485",0.182,0,0.578,-0.0251,0.0449,0.0393,NA,"K07485",0.999598920863309,1,FALSE,FALSE,FALSE,FALSE
"K00111",0.951,0,0.69,0.0669,0.168,0.0281,NA,"K00111",0.999598920863309,1,FALSE,FALSE,FALSE,FALSE
"K09794",0.581,0,0.276,0.199,0.182,0.0768,NA,"K09794",0.923041114058356,1,FALSE,FALSE,FALSE,FALSE
"K25316",0.502,0,0.168,0.1,0.0723,0.097,NA,"K25316",0.775992619926199,1,FALSE,FALSE,FALSE,FALSE
"K01779",0.719,0,0.402,0.0472,0.0562,0.0591,NA,"K01779",0.994473320158103,1,FALSE,FALSE,FALSE,FALSE
"K09021",0.217,0,0.315,-0.119,0.118,0.0708,NA,"K09021",0.950168352171327,1,FALSE,FALSE,FALSE,FALSE
"K13252",0.0197,0,0.936,-0.0134,0.167,0.00566,NA,"K13252",0.999598920863309,1,FALSE,FALSE,FALSE,FALSE
"K10536",0.527,0,0.283,-0.0746,0.0693,0.0757,NA,"K10536",0.9257734375,1,FALSE,FALSE,FALSE,FALSE
"K20265",0.148,0,0.922,-0.0115,0.117,0.00689,NA,"K20265",0.999598920863309,1,FALSE,FALSE,FALSE,FALSE
"K01130",0.389,0,0.333,-0.0488,0.0503,0.0682,NA,"K01130",0.958482857142857,1,FALSE,FALSE,FALSE,FALSE
"K24118",0.0887,0,0.568,0.0426,0.0745,0.0403,NA,"K24118",0.999598920863309,1,FALSE,FALSE,FALSE,FALSE
"K06076",0.665,0,0.38,-0.445,0.506,0.0619,NA,"K06076",0.981258380608561,1,FALSE,FALSE,FALSE,FALSE
"K19285",0.236,0,0.637,0.0617,0.131,0.0333,NA,"K19285",0.999598920863309,1,FALSE,FALSE,FALSE,FALSE
"K06132",0.591,0,0.0701,0.232,0.128,0.127,NA,"K06132",0.563005997001499,1,FALSE,FALSE,FALSE,FALSE
"K19577",0.877,0,0.494,-0.048,0.0701,0.0483,NA,"K19577",0.999598920863309,1,FALSE,FALSE,FALSE,FALSE
"K03487",0.113,0,0.857,-0.022,0.122,0.0127,NA,"K03487",0.999598920863309,1,FALSE,FALSE,FALSE,FALSE
"K01223",0.261,0,0.401,0.129,0.153,0.0593,NA,"K01223",0.994456166419019,1,FALSE,FALSE,FALSE,FALSE
"K28433",0.266,0,0.123,-0.237,0.153,0.109,NA,"K28433",0.682016611295681,1,FALSE,FALSE,FALSE,FALSE
"K25227",0.365,0,0.933,-0.00408,0.0482,0.00596,NA,"K25227",0.999598920863309,1,FALSE,FALSE,FALSE,FALSE
"K16869",0.429,0,0.943,-0.00786,0.11,0.00504,NA,"K16869",0.999598920863309,1,FALSE,FALSE,FALSE,FALSE
"K07261",0.266,0,0.926,0.0131,0.14,0.00657,NA,"K07261",0.999598920863309,1,FALSE,FALSE,FALSE,FALSE
"K08303",0.557,0,0.277,0.162,0.149,0.0767,NA,"K08303",0.923041114058356,1,FALSE,FALSE,FALSE,FALSE
"K03554",0.532,0,0.762,0.198,0.653,0.0213,NA,"K03554",0.999598920863309,1,FALSE,FALSE,FALSE,FALSE
"K07636",0.803,0,0.649,-0.0545,0.119,0.0321,NA,"K07636",0.999598920863309,1,FALSE,FALSE,FALSE,FALSE
"K02040",0.975,0,0.919,0.0912,0.892,0.00722,NA,"K02040,K19714,K19715",0.999598920863309,1,FALSE,FALSE,FALSE,FALSE
"K01524",0.906,0,0.691,-0.112,0.282,0.0281,NA,"K01524",0.999598920863309,1,FALSE,FALSE,FALSE,FALSE
"K00937",0.862,0,0.806,-0.0301,0.123,0.0173,NA,"K00937",0.999598920863309,1,FALSE,FALSE,FALSE,FALSE
"K02037",0.946,0,0.599,0.715,1.36,0.0372,NA,"K00943,K00995,K02036,K02037,K02038,K03086,K03431,K03789,K04042,K04516,K07738,K13043,K15862,K16363",0.999598920863309,1,FALSE,FALSE,FALSE,FALSE
"K02039",0.921,0,0.0356,1.07,0.508,0.148,NA,"K02039",0.457049230769231,1,FALSE,FALSE,FALSE,FALSE
"K06201",0.517,0,0.801,0.0215,0.0855,0.0178,NA,"K06201",0.999598920863309,1,FALSE,FALSE,FALSE,FALSE
"K03386",0.458,0,0.918,0.01,0.0971,0.00727,NA,"K03386",0.999598920863309,1,FALSE,FALSE,FALSE,FALSE
"K04767",0.182,0,0.943,-0.0193,0.27,0.00505,NA,"K04767",0.999598920863309,1,FALSE,FALSE,FALSE,FALSE
"K07568",0.872,0,0.25,1.17,1.01,0.0812,NA,"K07568",0.899245689655172,1,FALSE,FALSE,FALSE,FALSE
"K00773",0.951,0,0.601,0.375,0.716,0.0369,NA,"K00773",0.999598920863309,1,FALSE,FALSE,FALSE,FALSE
"K03072",0.788,0,0.439,0.556,0.717,0.0546,NA,"K03072",0.999598920863309,1,FALSE,FALSE,FALSE,FALSE
"K03074",0.764,0,0.55,0.102,0.171,0.0422,NA,"K03074",0.999598920863309,1,FALSE,FALSE,FALSE,FALSE
"K01092",0.956,0,0.859,0.169,0.945,0.0126,NA,"K00099,K00147,K00919,K00931,K01092,K03526,K03527",0.999598920863309,1,FALSE,FALSE,FALSE,FALSE
"K15396",0.448,0,0.862,0.0582,0.333,0.0123,NA,"K15396",0.999598920863309,1,FALSE,FALSE,FALSE,FALSE
"K13643",0.547,0,0.754,0.2,0.638,0.0222,NA,"K13643",0.999598920863309,1,FALSE,FALSE,FALSE,FALSE
"K04487",0.966,0,0.619,0.478,0.959,0.0351,NA,"K04487",0.999598920863309,1,FALSE,FALSE,FALSE,FALSE
"K04488",0.709,0,0.174,-0.228,0.167,0.0957,NA,"K04488",0.786557450628366,1,FALSE,FALSE,FALSE,FALSE
"K13628",0.586,0,0.11,-0.276,0.172,0.112,NA,"K13628",0.651798816568047,1,FALSE,FALSE,FALSE,FALSE
"K04082",0.473,0,0.135,-0.261,0.174,0.105,NA,"K04044,K04082",0.713775079197466,1,FALSE,FALSE,FALSE,FALSE
"K04755",0.606,0,0.707,0.039,0.104,0.0265,NA,"K04755",0.999598920863309,1,FALSE,FALSE,FALSE,FALSE
"K07751",0.232,0,0.414,-0.593,0.724,0.0577,NA,"K03645,K03840,K05368,K05803,K07479,K07648,K07751,K07773,K09894,K09899,K13498,K14187,K15723,K18657,K19229,K19230",0.995165229885058,1,FALSE,FALSE,FALSE,FALSE
"K06941",0.926,0,0.818,-0.0302,0.131,0.0163,NA,"K06941",0.999598920863309,1,FALSE,FALSE,FALSE,FALSE
"K15539",0.714,0,0.796,0.151,0.583,0.0182,NA,"K15539",0.999598920863309,1,FALSE,FALSE,FALSE,FALSE
"K17713",0.606,0,0.963,0.0361,0.776,0.00328,NA,"K17713",0.999598920863309,1,FALSE,FALSE,FALSE,FALSE
"K11959",0.562,0,0.901,-0.0148,0.119,0.00879,NA,"K11959,K11960,K11961,K11962",0.999598920863309,1,FALSE,FALSE,FALSE,FALSE
"K01997",0.778,0,0.0369,0.481,0.229,0.147,NA,"K01997",0.45742962962963,1,FALSE,FALSE,FALSE,FALSE
"K11963",0.547,0,0.948,-0.00783,0.119,0.00463,NA,"K11963",0.999598920863309,1,FALSE,FALSE,FALSE,FALSE
"K03190",0.616,0,0.00417,0.232,0.0801,0.2,NA,"K01428,K03188,K03189,K03190",0.15021,1,FALSE,FALSE,FALSE,FALSE
"K01430",0.601,0,0.00371,0.235,0.0799,0.203,NA,"K01430",0.140727045454545,1,FALSE,FALSE,FALSE,FALSE
"K01429",0.591,0,0.0351,0.168,0.0794,0.148,NA,"K01429",0.452952835051546,1,FALSE,FALSE,FALSE,FALSE
"K03187",0.586,0,0.00334,0.242,0.0815,0.205,NA,"K03187",0.131824921875,1,FALSE,FALSE,FALSE,FALSE
"K03192",0.399,0,0.39,0.111,0.129,0.0606,NA,"K03192",0.987758324924319,1,FALSE,FALSE,FALSE,FALSE
"K03601",0.951,0,0.803,0.209,0.834,0.0177,NA,"K03601,K03602",0.999598920863309,1,FALSE,FALSE,FALSE,FALSE
"K18218",0.232,0,0.356,-0.149,0.161,0.0652,NA,"K18218",0.964030286641428,1,FALSE,FALSE,FALSE,FALSE
"K07034",0.227,0,0.539,-0.079,0.128,0.0434,NA,"K07034",0.999598920863309,1,FALSE,FALSE,FALSE,FALSE
"K03310",0.724,0,0.794,0.0237,0.0906,0.0184,NA,"K03310",0.999598920863309,1,FALSE,FALSE,FALSE,FALSE
"K07576",0.33,0,0.586,0.0256,0.0468,0.0385,NA,"K07576",0.999598920863309,1,FALSE,FALSE,FALSE,FALSE
"K07112",0.66,0,0.701,0.0219,0.0569,0.0271,NA,"K07112",0.999598920863309,1,FALSE,FALSE,FALSE,FALSE
"K00287",0.985,0,0.00842,1.08,0.407,0.184,NA,"K00287,K00560",0.221889157894737,1,FALSE,FALSE,FALSE,FALSE
"K18588",0.675,0,0.515,0.496,0.761,0.046,NA,"K06189,K18588",0.999598920863309,1,FALSE,FALSE,FALSE,FALSE
"K09801",0.552,0,0.795,-0.0491,0.189,0.0184,NA,"K09801",0.999598920863309,1,FALSE,FALSE,FALSE,FALSE
"K06186",0.562,0,0.599,-0.567,1.08,0.0371,NA,"K01414,K01525,K02494,K03599,K03600,K03656,K03690,K05589,K06186",0.999598920863309,1,FALSE,FALSE,FALSE,FALSE
"K02655",0.448,0,0.606,-0.0654,0.127,0.0364,NA,"K02655",0.999598920863309,1,FALSE,FALSE,FALSE,FALSE
"K08084",0.458,0,0.723,0.0501,0.141,0.0251,NA,"K08084",0.999598920863309,1,FALSE,FALSE,FALSE,FALSE
"K02671",0.409,0,0.777,-0.0294,0.104,0.02,NA,"K02671",0.999598920863309,1,FALSE,FALSE,FALSE,FALSE
"K12942",0.281,0,0.388,0.0529,0.0611,0.0609,NA,"K12942",0.987689148073022,1,FALSE,FALSE,FALSE,FALSE
"K18691",0.483,0,0.0487,0.185,0.0934,0.139,NA,"K18691",0.528696129032258,1,FALSE,FALSE,FALSE,FALSE
"K01952",0.616,0,0.401,-0.805,0.957,0.0593,NA,"K01952",0.994456166419019,1,FALSE,FALSE,FALSE,FALSE
"K00674",0.877,0,0.848,0.217,1.13,0.0135,NA,"K00674,K00756,K00805,K01094,K01261,K01269,K01436,K02076,K02240,K02490,K02499,K02862,K03048,K03095,K03346,K03708,K03713,K03763,K03886,K03887,K03888,K04766,K05311,K05985,K06019,K06284,K06349,K06385,K06412,K06948,K06962,K07094,K07476,K07533,K07571,K07584,K07651,K07652,K07668,K07697,K07723,K07775,K07777,K08153,K08965,K08969,K09685,K09770,K09777,K09787,K09825,K09976,K10823,K11144,K11145,K11184,K11617,K11618,K16169,K16511,K17472,K19405,K19411,K19955,K21467,K22135,K22927,K24042,K24872,K24873,K25157,K25158,K25288,K25289,K27000,K27245,K27343",0.999598920863309,1,FALSE,FALSE,FALSE,FALSE
"K05595",0.798,0,0.824,0.0253,0.113,0.0157,NA,"K05595",0.999598920863309,1,FALSE,FALSE,FALSE,FALSE
"K09918",0.409,0,0.175,0.786,0.578,0.0956,NA,"K05590,K07186,K09918,K18765",0.786557450628366,1,FALSE,FALSE,FALSE,FALSE
"K11041",0.148,0,0.353,0.12,0.129,0.0656,NA,"K11041",0.963199455040872,1,FALSE,FALSE,FALSE,FALSE
"K03583",0.532,0,0.0698,0.393,0.215,0.128,NA,"K03582,K03583",0.563005997001499,1,FALSE,FALSE,FALSE,FALSE
"K03581",0.64,0,0.00062,0.336,0.0966,0.238,NA,"K03581",0.0535231034482759,1,FALSE,FALSE,TRUE,FALSE
"K14682",0.453,0,0.742,0.175,0.531,0.0232,NA,"K14682",0.999598920863309,1,FALSE,FALSE,FALSE,FALSE
"K08304",0.502,0,0.3,0.2,0.193,0.073,NA,"K08304",0.9388125,1,FALSE,FALSE,FALSE,FALSE
"K22132",0.704,0,0.898,-0.0249,0.195,0.00901,NA,"K22132",0.999598920863309,1,FALSE,FALSE,FALSE,FALSE
"K02426",0.773,0,0.893,0.0413,0.308,0.00947,NA,"K02426",0.999598920863309,1,FALSE,FALSE,FALSE,FALSE
"K11717",0.773,0,0.962,0.0052,0.109,0.00338,NA,"K11717",0.999598920863309,1,FALSE,FALSE,FALSE,FALSE
"K01766",0.291,0,0.854,0.0218,0.119,0.013,NA,"K01766",0.999598920863309,1,FALSE,FALSE,FALSE,FALSE
"K00077",0.833,0,0.967,-0.00269,0.0651,0.00291,NA,"K00077",0.999598920863309,1,FALSE,FALSE,FALSE,FALSE
"K05517",0.212,0,0.917,-0.0101,0.0973,0.00733,NA,"K05517",0.999598920863309,1,FALSE,FALSE,FALSE,FALSE
"K08218",0.596,0,0.706,0.0752,0.199,0.0266,NA,"K08218",0.999598920863309,1,FALSE,FALSE,FALSE,FALSE
"K07286",0.419,0,0.563,0.424,0.731,0.0408,NA,"K03472,K07286",0.999598920863309,1,FALSE,FALSE,FALSE,FALSE
"K11391",0.409,0,0.85,0.103,0.542,0.0134,NA,"K11391",0.999598920863309,1,FALSE,FALSE,FALSE,FALSE
"K00564",0.842,0,0.942,0.0473,0.651,0.00512,NA,"K00564",0.999598920863309,1,FALSE,FALSE,FALSE,FALSE
"K00346",0.296,0,0.822,0.0367,0.163,0.0159,NA,"K00346,K00347,K00348,K00349,K00350",0.999598920863309,1,FALSE,FALSE,FALSE,FALSE
"K00351",0.31,0,0.871,0.023,0.141,0.0115,NA,"K00351",0.999598920863309,1,FALSE,FALSE,FALSE,FALSE
"K03734",0.818,0,0.477,-0.0672,0.0944,0.0502,NA,"K03734",0.999598920863309,1,FALSE,FALSE,FALSE,FALSE
"K03308",0.419,0,0.628,0.0591,0.122,0.0342,NA,"K03308",0.999598920863309,1,FALSE,FALSE,FALSE,FALSE
"K03644",0.98,0,0.935,0.0129,0.158,0.00578,NA,"K03644",0.999598920863309,1,FALSE,FALSE,FALSE,FALSE
"K03801",0.833,0,0.703,-0.0441,0.115,0.027,NA,"K03801",0.999598920863309,1,FALSE,FALSE,FALSE,FALSE
"K09158",0.606,0,0.617,-0.369,0.738,0.0353,NA,"K09158",0.999598920863309,1,FALSE,FALSE,FALSE,FALSE
"K07258",0.818,0,0.199,1.08,0.84,0.0905,NA,"K07258",0.831020016680567,1,FALSE,FALSE,FALSE,FALSE
"K03642",0.709,0,0.409,-0.403,0.486,0.0583,NA,"K03642",0.995165229885058,1,FALSE,FALSE,FALSE,FALSE
"K05837",0.724,0,0.0309,0.224,0.103,0.152,NA,"K05837",0.435820563380282,1,FALSE,FALSE,FALSE,FALSE
"K05515",0.65,0,0.435,0.418,0.535,0.055,NA,"K05515",0.999598920863309,1,FALSE,FALSE,FALSE,FALSE
"K00783",0.862,0,0.993,0.00642,0.783,0.000579,NA,"K00783",0.999598920863309,1,FALSE,FALSE,FALSE,FALSE
"K03820",0.739,0,0.71,0.123,0.33,0.0263,NA,"K03820",0.999598920863309,1,FALSE,FALSE,FALSE,FALSE
"K03184",0.271,0,0.719,0.0448,0.124,0.0254,NA,"K03184",0.999598920863309,1,FALSE,FALSE,FALSE,FALSE
"K07404",0.611,0,0.778,0.0193,0.0684,0.0199,NA,"K07404",0.999598920863309,1,FALSE,FALSE,FALSE,FALSE
"K02521",0.286,0,0.765,0.0707,0.236,0.0211,NA,"K02521",0.999598920863309,1,FALSE,FALSE,FALSE,FALSE
"K09806",0.616,0,0.958,-0.0143,0.272,0.0037,NA,"K09806",0.999598920863309,1,FALSE,FALSE,FALSE,FALSE
"K18138",0.744,0,0.000418,-1.23,0.342,0.245,NA,"K18138",0.0445303404255319,1,TRUE,FALSE,TRUE,FALSE
"K03585",0.739,0,0.00582,-1.12,0.4,0.193,NA,"K03585",0.184435063291139,1,FALSE,FALSE,FALSE,FALSE
"K18136",0.0739,0,0.721,-0.178,0.498,0.0252,NA,"K18136",0.999598920863309,1,FALSE,FALSE,FALSE,FALSE
"K02031",0.837,0,0.51,0.21,0.319,0.0465,NA,"K02031",0.999598920863309,1,FALSE,FALSE,FALSE,FALSE
"K02032",0.798,0,0.128,0.194,0.127,0.107,NA,"K02032",0.695869706840391,1,FALSE,FALSE,FALSE,FALSE
"K02035",0.906,0,0.907,0.0294,0.252,0.00825,NA,"K02035",0.999598920863309,1,FALSE,FALSE,FALSE,FALSE
"K02033",0.911,0,0.6,0.187,0.356,0.0371,NA,"K02033",0.999598920863309,1,FALSE,FALSE,FALSE,FALSE
"K02034",0.901,0,0.784,0.114,0.417,0.0193,NA,"K02034",0.999598920863309,1,FALSE,FALSE,FALSE,FALSE
"K00383",0.631,0,0.303,-0.136,0.132,0.0727,NA,"K00383",0.941328385899814,1,FALSE,FALSE,FALSE,FALSE
"K07115",0.68,0,0.865,0.0565,0.331,0.012,NA,"K07115",0.999598920863309,1,FALSE,FALSE,FALSE,FALSE
"K03718",0.34,0,0.167,-0.277,0.2,0.0973,NA,"K03718",0.774230555555556,1,FALSE,FALSE,FALSE,FALSE
"K15984",0.591,0,0.896,0.0378,0.288,0.00926,NA,"K15984",0.999598920863309,1,FALSE,FALSE,FALSE,FALSE
"K06149",0.335,0,0.523,0.163,0.256,0.045,NA,"K06149",0.999598920863309,1,FALSE,FALSE,FALSE,FALSE
"K02217",0.251,0,0.000375,-0.486,0.134,0.247,NA,"K02217",0.041725,1,TRUE,FALSE,TRUE,FALSE
"K06144",0.0985,0,0.732,-0.194,0.567,0.0241,NA,"K03604,K06144,K09911,K09917,K12961,K14762,K15545",0.999598920863309,1,FALSE,FALSE,FALSE,FALSE
"K09760",0.842,0,0.514,0.346,0.529,0.046,NA,"K09760",0.999598920863309,1,FALSE,FALSE,FALSE,FALSE
"K03688",0.867,0,0.9,0.0129,0.103,0.00885,NA,"K03688",0.999598920863309,1,FALSE,FALSE,FALSE,FALSE
"K03117",0.808,0,0.608,-0.0947,0.185,0.0362,NA,"K03117",0.999598920863309,1,FALSE,FALSE,FALSE,FALSE
"K03978",0.867,0,0.894,-0.177,1.33,0.00943,NA,"K00658,K00728,K01338,K01554,K01616,K02372,K02970,K03495,K03555,K03590,K03650,K03797,K03889,K03890,K03891,K03978,K05364,K07462,K07503,K07654,K07670,K07768,K07776,K12503,K12573,K13640,K13787,K18955,K19710,K23258,K24017,K26252,K27043,K27094,K27109",0.999598920863309,1,FALSE,FALSE,FALSE,FALSE
"K02495",0.966,0,0.601,0.134,0.256,0.0369,NA,"K02495",0.999598920863309,1,FALSE,FALSE,FALSE,FALSE
"K07712",0.67,0,0.997,-0.00295,0.783,0.000266,NA,"K07712",0.999598920863309,1,FALSE,FALSE,FALSE,FALSE
"K07058",0.98,0,0.958,-0.026,0.494,0.00372,NA,"K00169,K00172,K07058,K15632,K16905,K17882,K18817,K18896,K21515,K21721,K22113,K22408,K23149,K25543,K27948",0.999598920863309,1,FALSE,FALSE,FALSE,FALSE
"K07560",0.842,0,0.319,0.122,0.122,0.0703,NA,"K07560",0.950168352171327,1,FALSE,FALSE,FALSE,FALSE
"K01610",0.709,0,0.512,0.304,0.462,0.0463,NA,"K01610",0.999598920863309,1,FALSE,FALSE,FALSE,FALSE
"K04083",0.813,0,0.764,0.314,1.05,0.0212,NA,"K02621,K03666,K04083,K07164",0.999598920863309,1,FALSE,FALSE,FALSE,FALSE
"K04762",0.877,0,0.612,0.0613,0.121,0.0358,NA,"K04762",0.999598920863309,1,FALSE,FALSE,FALSE,FALSE
"K02452",0.379,0,0.28,-0.0698,0.0644,0.0762,NA,"K02452",0.925386138613861,1,FALSE,FALSE,FALSE,FALSE
"K02453",0.468,0,0.848,0.0124,0.0647,0.0136,NA,"K02453,K02456",0.999598920863309,1,FALSE,FALSE,FALSE,FALSE
"K02454",0.527,0,0.366,-0.131,0.145,0.0638,NA,"K02454",0.976324986680874,1,FALSE,FALSE,FALSE,FALSE
"K02455",0.399,0,0.576,-0.0345,0.0616,0.0394,NA,"K02455",0.999598920863309,1,FALSE,FALSE,FALSE,FALSE
"K02457",0.433,0,0.449,-0.041,0.0541,0.0534,NA,"K02457",0.999598920863309,1,FALSE,FALSE,FALSE,FALSE
"K02458",0.438,0,0.476,-0.0548,0.0767,0.0503,NA,"K02458",0.999598920863309,1,FALSE,FALSE,FALSE,FALSE
"K02459",0.458,0,0.657,0.0263,0.0592,0.0313,NA,"K02459",0.999598920863309,1,FALSE,FALSE,FALSE,FALSE
"K02460",0.458,0,0.657,0.0263,0.0592,0.0313,NA,"K02460",0.999598920863309,1,FALSE,FALSE,FALSE,FALSE
"K02461",0.438,0,0.325,-0.0725,0.0734,0.0695,NA,"K02461",0.958348056537103,1,FALSE,FALSE,FALSE,FALSE
"K02462",0.429,0,0.397,-0.0638,0.0751,0.0598,NA,"K02462",0.992400898652022,1,FALSE,FALSE,FALSE,FALSE
"K02463",0.305,0,0.796,-0.0275,0.106,0.0183,NA,"K02463",0.999598920863309,1,FALSE,FALSE,FALSE,FALSE
"K01082",0.601,0,0.732,0.144,0.421,0.0242,NA,"K01082",0.999598920863309,1,FALSE,FALSE,FALSE,FALSE
"K08312",0.438,0,0.539,-0.326,0.53,0.0434,NA,"K08312",0.999598920863309,1,FALSE,FALSE,FALSE,FALSE
"K07400",0.468,0,0.928,-0.0656,0.721,0.00641,NA,"K07400",0.999598920863309,1,FALSE,FALSE,FALSE,FALSE
"K02242",0.97,0,0.278,0.204,0.187,0.0764,NA,"K02242",0.923041114058356,1,FALSE,FALSE,FALSE,FALSE
"K02170",0.517,0,0.757,0.0507,0.164,0.0218,NA,"K02170",0.999598920863309,1,FALSE,FALSE,FALSE,FALSE
"K06959",0.916,0,0.351,0.421,0.451,0.0658,NA,"K06959",0.963199455040872,1,FALSE,FALSE,FALSE,FALSE
"K04760",0.557,0,0.162,-0.236,0.168,0.0986,NA,"K04760",0.759488764044944,1,FALSE,FALSE,FALSE,FALSE
"K07659",0.488,0,1,-0.000115,0.189,4.28e-05,NA,"K07659",1,1,FALSE,FALSE,FALSE,FALSE
"K07638",0.68,0,0.202,0.811,0.634,0.0899,NA,"K07638",0.8345,1,FALSE,FALSE,FALSE,FALSE
"K01139",0.941,0,0.685,0.281,0.691,0.0286,NA,"K01139",0.999598920863309,1,FALSE,FALSE,FALSE,FALSE
"K03060",0.97,0,0.883,0.106,0.724,0.0104,NA,"K03060",0.999598920863309,1,FALSE,FALSE,FALSE,FALSE
"K06901",0.887,0,0.0199,0.401,0.171,0.163,NA,"K06901",0.355854642857143,1,FALSE,FALSE,FALSE,FALSE
"K13256",0.345,0,0.526,-0.0874,0.138,0.0448,NA,"K13256",0.999598920863309,1,FALSE,FALSE,FALSE,FALSE
"K17893",0.0443,0,0.846,0.0262,0.135,0.0137,NA,"K17893",0.999598920863309,1,FALSE,FALSE,FALSE,FALSE
"K03704",0.961,0,0.576,0.461,0.823,0.0395,NA,"K03704",0.999598920863309,1,FALSE,FALSE,FALSE,FALSE
"K00989",0.892,0,0.99,0.00286,0.222,0.000906,NA,"K00989",0.999598920863309,1,FALSE,FALSE,FALSE,FALSE
"K00762",0.98,0,0.184,0.612,0.459,0.0936,NA,"K00762",0.801817232375979,1,FALSE,FALSE,FALSE,FALSE
"K02517",0.695,0,0.925,0.0524,0.559,0.00661,NA,"K02517",0.999598920863309,1,FALSE,FALSE,FALSE,FALSE
"K05501",0.345,0,0.927,-0.0369,0.4,0.00651,NA,"K05501",0.999598920863309,1,FALSE,FALSE,FALSE,FALSE
"K10563",0.941,0,0.946,0.0258,0.383,0.00475,NA,"K10563",0.999598920863309,1,FALSE,FALSE,FALSE,FALSE
"K08679",0.591,0,0.142,0.0789,0.0535,0.104,NA,"K08679",0.718175757575757,1,FALSE,FALSE,FALSE,FALSE
"K12982",0.227,0,0.62,-0.133,0.269,0.035,NA,"K12982",0.999598920863309,1,FALSE,FALSE,FALSE,FALSE
"K11211",0.241,0,0.186,-0.482,0.363,0.0932,NA,"K11211",0.805624567474048,1,FALSE,FALSE,FALSE,FALSE
"K02527",0.719,0,0.989,-0.0109,0.781,0.000982,NA,"K02527",0.999598920863309,1,FALSE,FALSE,FALSE,FALSE
"K02847",0.305,0,0.493,0.0342,0.0498,0.0483,NA,"K02847",0.999598920863309,1,FALSE,FALSE,FALSE,FALSE
"K15894",0.271,0,0.816,0.0118,0.0508,0.0164,NA,"K15894",0.999598920863309,1,FALSE,FALSE,FALSE,FALSE
"K15899",0.153,0,0.855,-0.0102,0.0556,0.0129,NA,"K15899",0.999598920863309,1,FALSE,FALSE,FALSE,FALSE
"K15898",0.187,0,0.826,-0.0111,0.0505,0.0155,NA,"K15898",0.999598920863309,1,FALSE,FALSE,FALSE,FALSE
"K02560",0.172,0,0.669,0.204,0.477,0.0302,NA,"K02560,K06212",0.999598920863309,1,FALSE,FALSE,FALSE,FALSE
"K03274",0.261,0,0.238,-0.213,0.18,0.0831,NA,"K03274",0.889302985074627,1,FALSE,FALSE,FALSE,FALSE
"K00012",0.956,0,0.588,-0.0573,0.105,0.0383,NA,"K00012",0.999598920863309,1,FALSE,FALSE,FALSE,FALSE
"K22719",0.768,0,0.058,-0.251,0.131,0.133,NA,"K22719",0.563005997001499,1,FALSE,FALSE,FALSE,FALSE
"K00640",0.966,0,0.851,-0.0396,0.21,0.0133,NA,"K00640",0.999598920863309,1,FALSE,FALSE,FALSE,FALSE
"K01991",0.695,0,0.258,-0.124,0.109,0.0798,NA,"K01991",0.907496850944717,1,FALSE,FALSE,FALSE,FALSE
"K25307",0.847,0,0.74,-0.0451,0.136,0.0234,NA,"K25307",0.999598920863309,1,FALSE,FALSE,FALSE,FALSE
"K16692",0.369,0,0.34,0.0537,0.0561,0.0673,NA,"K16692",0.962031561461794,1,FALSE,FALSE,FALSE,FALSE
"K16011",0.567,0,0.951,-0.00488,0.0791,0.00435,NA,"K16011",0.999598920863309,1,FALSE,FALSE,FALSE,FALSE
"K00971",0.818,0,0.247,-0.0773,0.0667,0.0815,NA,"K00971",0.898785610465116,1,FALSE,FALSE,FALSE,FALSE
"K01791",0.581,0,0.628,-0.02,0.0412,0.0342,NA,"K01791",0.999598920863309,1,FALSE,FALSE,FALSE,FALSE
"K02851",0.473,0,0.764,0.019,0.0632,0.0212,NA,"K02851",0.999598920863309,1,FALSE,FALSE,FALSE,FALSE
"K15633",0.65,0,0.139,0.173,0.116,0.104,NA,"K15633",0.718175757575757,1,FALSE,FALSE,FALSE,FALSE
"K00567",0.828,0,0.719,-0.0574,0.16,0.0254,NA,"K00567",0.999598920863309,1,FALSE,FALSE,FALSE,FALSE
"K26937",0.852,0,0.226,0.0791,0.0652,0.0853,NA,"K26937",0.877674903474903,1,FALSE,FALSE,FALSE,FALSE
"K05789",0.0985,0,0.203,-0.0942,0.0738,0.0897,NA,"K05789",0.837249588138386,1,FALSE,FALSE,FALSE,FALSE
"K07507",0.813,0,0.91,0.00834,0.074,0.00795,NA,"K07507",0.999598920863309,1,FALSE,FALSE,FALSE,FALSE
"K10924",0.148,0,0.125,-0.193,0.126,0.108,NA,"K10924,K10926,K10927,K12276,K12278,K12279,K12280,K12281,K12283,K12284,K12285,K12287",0.687019758507135,1,FALSE,FALSE,FALSE,FALSE
"K19810",0.261,0,0.493,-0.288,0.419,0.0484,NA,"K19810",0.999598920863309,1,FALSE,FALSE,FALSE,FALSE
"K00247",0.133,0,0.0673,-0.33,0.179,0.129,NA,"K00247",0.563005997001499,1,FALSE,FALSE,FALSE,FALSE
"K00246",0.138,0,0.0369,-0.366,0.174,0.147,NA,"K00246",0.45742962962963,1,FALSE,FALSE,FALSE,FALSE
"K00245",0.133,0,0.0203,-0.471,0.201,0.163,NA,"K00245",0.359159363957597,1,FALSE,FALSE,FALSE,FALSE
"K00244",0.133,0,0.0203,-0.471,0.201,0.163,NA,"K00244",0.359159363957597,1,FALSE,FALSE,FALSE,FALSE
"K04568",0.365,0,0.355,-0.298,0.322,0.0652,NA,"K04568",0.963406504065041,1,FALSE,FALSE,FALSE,FALSE
"K14445",0.241,0,0.0376,-0.188,0.09,0.146,NA,"K14445",0.462656617647059,1,FALSE,FALSE,FALSE,FALSE
"K01613",0.852,0,0.823,0.0336,0.15,0.0158,NA,"K01613",0.999598920863309,1,FALSE,FALSE,FALSE,FALSE
"K07486",0.616,0,0.248,0.048,0.0414,0.0815,NA,"K07486",0.898877433309301,1,FALSE,FALSE,FALSE,FALSE
"K07397",0.788,0,0.0304,0.403,0.185,0.152,NA,"K07397",0.434893714285714,1,FALSE,FALSE,FALSE,FALSE
"K07006",0.67,0,0.323,-0.0657,0.0663,0.0698,NA,"K07006",0.956959171597633,1,FALSE,FALSE,FALSE,FALSE
"K22477",0.207,0,0.257,-0.096,0.0845,0.0799,NA,"K22477",0.906835095137421,1,FALSE,FALSE,FALSE,FALSE
"K06998",0.783,0,0.525,-0.0434,0.0682,0.0448,NA,"K06998",0.999598920863309,1,FALSE,FALSE,FALSE,FALSE
"K00549",0.882,0,0.0488,-0.172,0.0868,0.138,NA,"K00549",0.528696129032258,1,FALSE,FALSE,FALSE,FALSE
"K00638",0.172,0,0.283,-0.0977,0.0907,0.0757,NA,"K00638",0.9257734375,1,FALSE,FALSE,FALSE,FALSE
"K19000",0.335,0,0.0486,-0.154,0.0774,0.139,NA,"K19000",0.528696129032258,1,FALSE,FALSE,FALSE,FALSE
"K03312",0.261,0,0.191,-0.0784,0.0597,0.0923,NA,"K03312",0.811831069609508,1,FALSE,FALSE,FALSE,FALSE
"K06147",0.739,0,0.724,0.0207,0.0586,0.0249,NA,"K06147",0.999598920863309,1,FALSE,FALSE,FALSE,FALSE
"K02029",0.813,0,0.635,0.132,0.279,0.0335,NA,"K02029",0.999598920863309,1,FALSE,FALSE,FALSE,FALSE
"K10218",0.621,0,0.688,0.0253,0.0628,0.0283,NA,"K10218",0.999598920863309,1,FALSE,FALSE,FALSE,FALSE
"K09962",0.35,0,0.0636,-0.119,0.064,0.13,NA,"K09962",0.563005997001499,1,FALSE,FALSE,FALSE,FALSE
"K25590",0.153,0,0.9,0.0103,0.0821,0.00884,NA,"K25590",0.999598920863309,1,FALSE,FALSE,FALSE,FALSE
"K10912",0.158,0,0.243,0.294,0.251,0.0822,NA,"K10912",0.897272123893805,1,FALSE,FALSE,FALSE,FALSE
"K02000",0.704,0,0.181,0.129,0.0963,0.0942,NA,"K02000,K02001",0.796368189806678,1,FALSE,FALSE,FALSE,FALSE
"K02002",0.709,0,0.194,0.123,0.0941,0.0915,NA,"K02002",0.818330244313395,1,FALSE,FALSE,FALSE,FALSE
"K26441",0.187,0,0.844,-0.0406,0.206,0.0139,NA,"K26441",0.999598920863309,1,FALSE,FALSE,FALSE,FALSE
"K26939",0.862,0,0.0368,1.23,0.586,0.147,NA,"K26939",0.45742962962963,1,FALSE,FALSE,FALSE,FALSE
"K15523",0.182,0,0.787,-0.0485,0.18,0.019,NA,"K15523",0.999598920863309,1,FALSE,FALSE,FALSE,FALSE
"K26606",0.877,0,0.579,0.0799,0.144,0.0391,NA,"K26605,K26606",0.999598920863309,1,FALSE,FALSE,FALSE,FALSE
"K05812",0.478,0,0.633,-0.147,0.308,0.0337,NA,"K05812",0.999598920863309,1,FALSE,FALSE,FALSE,FALSE
"K28207",0.148,0,0.488,-0.109,0.158,0.0489,NA,"K28207",0.999598920863309,1,FALSE,FALSE,FALSE,FALSE
"K03750",0.966,0,0.716,-0.0544,0.149,0.0257,NA,"K03750",0.999598920863309,1,FALSE,FALSE,FALSE,FALSE
"K03753",0.414,0,0.0682,-0.357,0.195,0.128,NA,"K03753",0.563005997001499,1,FALSE,FALSE,FALSE,FALSE
"K03752",0.941,0,0.866,-0.0271,0.161,0.0119,NA,"K03752",0.999598920863309,1,FALSE,FALSE,FALSE,FALSE
"K05773",0.123,0,0.333,-0.138,0.142,0.0683,NA,"K05773",0.958482857142857,1,FALSE,FALSE,FALSE,FALSE
"K05772",0.123,0,0.333,-0.138,0.142,0.0683,NA,"K05772",0.958482857142857,1,FALSE,FALSE,FALSE,FALSE
"K02482",0.438,0,0.912,0.00772,0.07,0.00778,NA,"K02482",0.999598920863309,1,FALSE,FALSE,FALSE,FALSE
"K15977",0.926,0,0.919,0.0182,0.178,0.00721,NA,"K15977",0.999598920863309,1,FALSE,FALSE,FALSE,FALSE
"K09929",0.276,0,0.6,0.0422,0.0802,0.0371,NA,"K09929",0.999598920863309,1,FALSE,FALSE,FALSE,FALSE
"K09930",0.537,0,0.466,0.0549,0.0753,0.0514,NA,"K09930",0.999598920863309,1,FALSE,FALSE,FALSE,FALSE
"K23349",0.172,0,0.392,-0.131,0.152,0.0604,NA,"K23349",0.98829003021148,1,FALSE,FALSE,FALSE,FALSE
"K00123",0.473,0,0.0572,0.181,0.0949,0.134,NA,"K00123",0.561450293542074,1,FALSE,FALSE,FALSE,FALSE
"K00124",0.438,0,0.26,0.0635,0.0563,0.0793,NA,"K00124",0.90909217877095,1,FALSE,FALSE,FALSE,FALSE
"K00127",0.394,0,0.133,0.0955,0.0633,0.106,NA,"K00127",0.707684378320935,1,FALSE,FALSE,FALSE,FALSE
"K12410",0.586,0,0.0208,-0.156,0.0668,0.162,NA,"K12410",0.362876655052265,1,FALSE,FALSE,FALSE,FALSE
"K11069",0.261,0,0.787,-0.0224,0.0828,0.019,NA,"K11069",0.999598920863309,1,FALSE,FALSE,FALSE,FALSE
"K02055",0.68,0,0.153,-0.132,0.0922,0.101,NA,"K02055",0.738026011560694,1,FALSE,FALSE,FALSE,FALSE
"K11070",0.655,0,0.863,-0.0356,0.206,0.0122,NA,"K11070",0.999598920863309,1,FALSE,FALSE,FALSE,FALSE
"K11071",0.665,0,0.832,-0.0416,0.196,0.015,NA,"K11071",0.999598920863309,1,FALSE,FALSE,FALSE,FALSE
"K11072",0.458,0,0.273,0.0854,0.0777,0.0773,NA,"K11072",0.91985935397039,1,FALSE,FALSE,FALSE,FALSE
"K03796",0.187,0,0.877,-0.0436,0.281,0.011,NA,"K03796",0.999598920863309,1,FALSE,FALSE,FALSE,FALSE
"K14058",0.665,0,0.766,0.24,0.805,0.021,NA,"K00568,K02535,K05539,K14058",0.999598920863309,1,FALSE,FALSE,FALSE,FALSE
"K14055",0.394,0,0.594,0.316,0.591,0.0376,NA,"K14055",0.999598920863309,1,FALSE,FALSE,FALSE,FALSE
"K01420",0.665,0,0.114,-0.514,0.324,0.111,NA,"K01420",0.662947735191638,1,FALSE,FALSE,FALSE,FALSE
"K09792",0.488,0,0.0503,-0.369,0.188,0.138,NA,"K09792",0.531269052631579,1,FALSE,FALSE,FALSE,FALSE
"K09926",0.419,0,0.0161,-0.488,0.201,0.169,NA,"K09926",0.317372834645669,1,FALSE,FALSE,FALSE,FALSE
"K00406",0.591,0,0.0782,-0.246,0.139,0.124,NA,"K00406",0.576318914956012,1,FALSE,FALSE,FALSE,FALSE
"K00407",0.581,0,0.0504,-0.367,0.186,0.138,NA,"K00407",0.531269052631579,1,FALSE,FALSE,FALSE,FALSE
"K00405",0.532,0,0.0523,-0.372,0.19,0.136,NA,"K00404,K00405",0.539688934426229,1,FALSE,FALSE,FALSE,FALSE
"K10954",0.118,0,0.726,-0.0206,0.0586,0.0248,NA,"K10954",0.999598920863309,1,FALSE,FALSE,FALSE,FALSE
"K04770",0.448,0,0.892,-0.0447,0.329,0.00958,NA,"K04770",0.999598920863309,1,FALSE,FALSE,FALSE,FALSE
"K01716",0.601,0,0.702,-0.144,0.377,0.027,NA,"K01716",0.999598920863309,1,FALSE,FALSE,FALSE,FALSE
"K03812",0.246,0,0.942,-0.00592,0.0818,0.0051,NA,"K03812",0.999598920863309,1,FALSE,FALSE,FALSE,FALSE
"K12297",0.483,0,0.559,-0.504,0.861,0.0412,NA,"K03528,K03683,K06176,K09895,K09902,K12297",0.999598920863309,1,FALSE,FALSE,FALSE,FALSE
"K00254",0.906,0,0.347,0.16,0.17,0.0664,NA,"K00254",0.962031561461794,1,FALSE,FALSE,FALSE,FALSE
"K15371",0.64,0,0.213,0.427,0.342,0.0878,NA,"K15371",0.860073387096774,1,FALSE,FALSE,FALSE,FALSE
"K01256",0.808,0,0.762,0.0845,0.279,0.0214,NA,"K01256",0.999598920863309,1,FALSE,FALSE,FALSE,FALSE
"K03607",0.394,0,0.539,0.0782,0.127,0.0433,NA,"K03607",0.999598920863309,1,FALSE,FALSE,FALSE,FALSE
"K08968",0.788,0,0.726,0.0912,0.26,0.0248,NA,"K08968",0.999598920863309,1,FALSE,FALSE,FALSE,FALSE
"K03808",0.507,0,0.104,0.444,0.271,0.115,NA,"K03808",0.635809523809524,1,FALSE,FALSE,FALSE,FALSE
"K06192",0.502,0,0.359,0.339,0.369,0.0648,NA,"K06192",0.970055585536967,1,FALSE,FALSE,FALSE,FALSE
"K11392",0.256,0,0.314,-0.561,0.556,0.071,NA,"K11392",0.950168352171327,1,FALSE,FALSE,FALSE,FALSE
"K00243",0.537,0,0.239,0.428,0.362,0.083,NA,"K00243",0.890381696428571,1,FALSE,FALSE,FALSE,FALSE
"K01626",0.823,0,0.574,0.567,1.01,0.0397,NA,"K01626",0.999598920863309,1,FALSE,FALSE,FALSE,FALSE
"K09767",0.803,0,0.191,0.586,0.447,0.0921,NA,"K09767",0.811831069609508,1,FALSE,FALSE,FALSE,FALSE
"K24866",0.867,0,0.639,-0.261,0.557,0.0331,NA,"K24866",0.999598920863309,1,FALSE,FALSE,FALSE,FALSE
"K09969",0.468,0,0.808,-0.023,0.0946,0.0171,NA,"K09969",0.999598920863309,1,FALSE,FALSE,FALSE,FALSE
"K09970",0.453,0,0.904,0.0151,0.125,0.00848,NA,"K09970,K09971",0.999598920863309,1,FALSE,FALSE,FALSE,FALSE
"K09972",0.463,0,0.909,-0.0121,0.105,0.0081,NA,"K09972",0.999598920863309,1,FALSE,FALSE,FALSE,FALSE
"K02028",0.818,0,0.615,0.156,0.31,0.0355,NA,"K02028",0.999598920863309,1,FALSE,FALSE,FALSE,FALSE
"K19416",0.512,0,0.775,0.19,0.665,0.0201,NA,"K19416",0.999598920863309,1,FALSE,FALSE,FALSE,FALSE
"K11179",0.448,0,0.9,-0.0988,0.786,0.00887,NA,"K04774,K11179",0.999598920863309,1,FALSE,FALSE,FALSE,FALSE
"K01512",0.552,0,0.082,-0.153,0.0872,0.122,NA,"K01512",0.589058823529412,1,FALSE,FALSE,FALSE,FALSE
"K06969",0.793,0,0.0937,0.555,0.33,0.118,NA,"K06969",0.612982138200782,1,FALSE,FALSE,FALSE,FALSE
"K05835",0.67,0,0.343,0.0946,0.0996,0.0669,NA,"K05835",0.962031561461794,1,FALSE,FALSE,FALSE,FALSE
"K05786",0.916,0,0.00387,0.374,0.128,0.202,NA,"K05786",0.143214926470588,1,FALSE,FALSE,FALSE,FALSE
"K09125",0.724,0,0.661,-0.0407,0.0925,0.031,NA,"K09125",0.999598920863309,1,FALSE,FALSE,FALSE,FALSE
"K07484",0.281,0,0.972,0.00156,0.0449,0.00245,NA,"K07484",0.999598920863309,1,FALSE,FALSE,FALSE,FALSE
"K07493",0.202,0,0.844,-0.00964,0.0488,0.0139,NA,"K07493",0.999598920863309,1,FALSE,FALSE,FALSE,FALSE
"K07497",0.857,0,0.514,0.0334,0.0511,0.0461,NA,"K07497",0.999598920863309,1,FALSE,FALSE,FALSE,FALSE
"K03220",0.108,0,0.801,-0.0168,0.0666,0.0178,NA,"K03220",0.999598920863309,1,FALSE,FALSE,FALSE,FALSE
"K03226",0.113,0,0.637,-0.0288,0.0609,0.0333,NA,"K03226,K03228",0.999598920863309,1,FALSE,FALSE,FALSE,FALSE
"K03227",0.103,0,0.606,-0.0324,0.0628,0.0364,NA,"K03227",0.999598920863309,1,FALSE,FALSE,FALSE,FALSE
"K03229",0.108,0,0.789,0.0177,0.0661,0.0189,NA,"K03229",0.999598920863309,1,FALSE,FALSE,FALSE,FALSE
"K03088",0.985,0,0.688,0.405,1.01,0.0283,NA,"K00873,K03088,K03743,K16191,K21431,K21747,K28140",0.999598920863309,1,FALSE,FALSE,FALSE,FALSE
"K04058",0.0443,0,0.904,-0.0105,0.0865,0.00854,NA,"K04058",0.999598920863309,1,FALSE,FALSE,FALSE,FALSE
"K03230",0.128,0,0.2,-0.0704,0.0547,0.0904,NA,"K03230",0.83103734439834,1,FALSE,FALSE,FALSE,FALSE
"K03219",0.0985,0,0.727,0.0248,0.0709,0.0246,NA,"K03219",0.999598920863309,1,FALSE,FALSE,FALSE,FALSE
"K07494",0.0985,0,0.29,0.0661,0.0623,0.0746,NA,"K07494",0.933181233933162,1,FALSE,FALSE,FALSE,FALSE
"K03695",0.946,0,0.0822,0.676,0.387,0.122,NA,"K03695",0.589522317596566,1,FALSE,FALSE,FALSE,FALSE
"K05810",0.916,0,0.759,0.185,0.603,0.0217,NA,"K05810",0.999598920863309,1,FALSE,FALSE,FALSE,FALSE
"K05809",0.158,0,0.761,-0.173,0.568,0.0215,NA,"K02344,K05809,K06866,K09802,K09896,K11183,K11926",0.999598920863309,1,FALSE,FALSE,FALSE,FALSE
"K14170",0.552,0,0.543,-0.312,0.513,0.0429,NA,"K14170",0.999598920863309,1,FALSE,FALSE,FALSE,FALSE
"K20966",0.103,0,0.0453,0.683,0.339,0.141,NA,"K20966",0.506288169642857,1,FALSE,FALSE,FALSE,FALSE
"K01529",0.261,0,0.15,0.465,0.322,0.101,NA,"K01529",0.730593385214008,1,FALSE,FALSE,FALSE,FALSE
"K03720",0.128,0,0.852,0.0805,0.432,0.0131,NA,"K03720",0.999598920863309,1,FALSE,FALSE,FALSE,FALSE
"K08309",0.773,0,9.67e-05,0.457,0.115,0.27,NA,"K08309",0.015130528125,0.4841769,TRUE,FALSE,TRUE,FALSE
"K06020",0.857,0,0.855,0.138,0.753,0.0129,NA,"K06020",0.999598920863309,1,FALSE,FALSE,FALSE,FALSE
"K21472",0.3,0,0.508,-0.0654,0.0986,0.0467,NA,"K21472",0.999598920863309,1,FALSE,FALSE,FALSE,FALSE
"K01207",0.882,0,0.697,-0.0417,0.107,0.0275,NA,"K01207",0.999598920863309,1,FALSE,FALSE,FALSE,FALSE
"K09001",0.833,0,0.569,-0.0682,0.12,0.0402,NA,"K09001",0.999598920863309,1,FALSE,FALSE,FALSE,FALSE
"K07106",0.463,0,0.748,0.0336,0.104,0.0227,NA,"K07106",0.999598920863309,1,FALSE,FALSE,FALSE,FALSE
"K27882",0.148,0,0.765,0.0847,0.283,0.0211,NA,"K27882",0.999598920863309,1,FALSE,FALSE,FALSE,FALSE
"K27883",0.148,0,0.765,0.0847,0.283,0.0211,NA,"K27883",0.999598920863309,1,FALSE,FALSE,FALSE,FALSE
"K02477",0.872,0,0.726,0.0663,0.189,0.0248,NA,"K02477",0.999598920863309,1,FALSE,FALSE,FALSE,FALSE
"K03774",0.527,0,0.0211,0.723,0.311,0.162,NA,"K03774",0.365562975778547,1,FALSE,FALSE,FALSE,FALSE
"K03980",0.892,0,0.0208,0.733,0.315,0.162,NA,"K03980",0.362876655052265,1,FALSE,FALSE,FALSE,FALSE
"K02968",0.985,0,0.976,0.00576,0.191,0.00212,NA,"K02968,K06146,K12660",0.999598920863309,1,FALSE,FALSE,FALSE,FALSE
"K22042",0.527,0,0.892,0.00796,0.0583,0.00963,NA,"K22042",0.999598920863309,1,FALSE,FALSE,FALSE,FALSE
"K03717",0.345,0,0.125,0.198,0.129,0.108,NA,"K03717",0.687019758507135,1,FALSE,FALSE,FALSE,FALSE
"K14683",0.108,0,0.857,-0.04,0.221,0.0128,NA,"K14683",0.999598920863309,1,FALSE,FALSE,FALSE,FALSE
"K08484",0.547,0,0.266,0.713,0.639,0.0785,NA,"K08484",0.91285949280329,1,FALSE,FALSE,FALSE,FALSE
"K03573",0.246,0,0.075,0.249,0.139,0.125,NA,"K03573",0.563005997001499,1,FALSE,FALSE,FALSE,FALSE
"K04567",0.956,0,0.639,-0.403,0.857,0.0332,NA,"K04567",0.999598920863309,1,FALSE,FALSE,FALSE,FALSE
"K02836",0.951,0,0.713,0.0264,0.0717,0.026,NA,"K02836",0.999598920863309,1,FALSE,FALSE,FALSE,FALSE
"K03981",0.547,0,0.997,0.000926,0.22,0.000297,NA,"K03981",0.999598920863309,1,FALSE,FALSE,FALSE,FALSE
"K04763",0.926,0,0.294,-0.297,0.282,0.074,NA,"K04763",0.933454660748256,1,FALSE,FALSE,FALSE,FALSE
"K03839",0.355,0,0.659,0.154,0.349,0.0311,NA,"K03839",0.999598920863309,1,FALSE,FALSE,FALSE,FALSE
"K03311",0.438,0,0.516,-0.157,0.241,0.0459,NA,"K03311",0.999598920863309,1,FALSE,FALSE,FALSE,FALSE
"K15460",0.404,0,0.559,0.214,0.366,0.0412,NA,"K15460",0.999598920863309,1,FALSE,FALSE,FALSE,FALSE
"K09861",0.739,0,0.667,0.129,0.3,0.0304,NA,"K09861",0.999598920863309,1,FALSE,FALSE,FALSE,FALSE
"K01151",0.3,0,0.99,0.00535,0.439,0.000859,NA,"K01151",0.999598920863309,1,FALSE,FALSE,FALSE,FALSE
"K01733",0.931,0,0.91,0.0281,0.248,0.00798,NA,"K01733",0.999598920863309,1,FALSE,FALSE,FALSE,FALSE
"K00872",0.576,0,0.244,-0.644,0.552,0.0821,NA,"K00872",0.897756559766764,1,FALSE,FALSE,FALSE,FALSE
"K12524",0.32,0,0.253,-0.642,0.56,0.0806,NA,"K01089,K12524",0.902258547008547,1,FALSE,FALSE,FALSE,FALSE
"K00928",0.975,0,0.35,0.372,0.397,0.0659,NA,"K00928,K14581",0.963199455040872,1,FALSE,FALSE,FALSE,FALSE
"K07139",0.251,0,0.274,-0.266,0.242,0.0771,NA,"K07139",0.921368703828073,1,FALSE,FALSE,FALSE,FALSE
"K00265",0.975,0,0.365,0.329,0.362,0.0639,NA,"K00265",0.975736785904965,1,FALSE,FALSE,FALSE,FALSE
"K00266",0.951,0,0.508,0.165,0.249,0.0467,NA,"K00266",0.999598920863309,1,FALSE,FALSE,FALSE,FALSE
"K01243",0.586,0,0.664,0.0612,0.141,0.0307,NA,"K01243",0.999598920863309,1,FALSE,FALSE,FALSE,FALSE
"K02227",0.67,0,0.0482,0.321,0.161,0.139,NA,"K02227",0.526937554585153,1,FALSE,FALSE,FALSE,FALSE
"K06858",0.3,0,0.469,-0.085,0.117,0.0511,NA,"K06858",0.999598920863309,1,FALSE,FALSE,FALSE,FALSE
"K03809",0.719,0,0.901,-0.0202,0.161,0.00883,NA,"K03809",0.999598920863309,1,FALSE,FALSE,FALSE,FALSE
"K01955",0.961,0,0.971,0.0133,0.361,0.0026,NA,"K01955",0.999598920863309,1,FALSE,FALSE,FALSE,FALSE
"K03588",0.818,0,0.987,-0.00415,0.255,0.00115,NA,"K03588",0.999598920863309,1,FALSE,FALSE,FALSE,FALSE
"K01925",0.975,0,0.942,0.0254,0.351,0.0051,NA,"K01925",0.999598920863309,1,FALSE,FALSE,FALSE,FALSE
"K03587",0.985,0,0.388,-0.171,0.197,0.0609,NA,"K03587",0.987689148073022,1,FALSE,FALSE,FALSE,FALSE
"K03586",0.842,0,0.272,0.309,0.281,0.0774,NA,"K03586",0.918343897505057,1,FALSE,FALSE,FALSE,FALSE
"K03438",0.946,0,0.598,0.174,0.33,0.0372,NA,"K03438",0.999598920863309,1,FALSE,FALSE,FALSE,FALSE
"K07121",0.468,0,0.844,-0.138,0.703,0.0139,NA,"K07121,K07153",0.999598920863309,1,FALSE,FALSE,FALSE,FALSE
"K07460",0.892,0,0.258,-0.207,0.183,0.0797,NA,"K07460",0.907496850944717,1,FALSE,FALSE,FALSE,FALSE
"K03271",0.601,0,0.425,0.0804,0.101,0.0563,NA,"K03271",0.998606694560669,1,FALSE,FALSE,FALSE,FALSE
"K28369",0.493,0,0.579,-0.166,0.298,0.0392,NA,"K28369",0.999598920863309,1,FALSE,FALSE,FALSE,FALSE
"K00413",0.616,0,0.032,-0.546,0.253,0.151,NA,"K00411,K00412,K00413",0.43944414893617,1,FALSE,FALSE,FALSE,FALSE
"K09908",0.414,0,0.115,0.609,0.384,0.111,NA,"K09908",0.663785142857143,1,FALSE,FALSE,FALSE,FALSE
"K04772",0.36,0,0.496,-0.18,0.263,0.0481,NA,"K04772",0.999598920863309,1,FALSE,FALSE,FALSE,FALSE
"K04771",0.7,0,0.842,0.154,0.774,0.014,NA,"K04771",0.999598920863309,1,FALSE,FALSE,FALSE,FALSE
"K02622",0.764,0,0.572,-0.0901,0.159,0.0398,NA,"K02622",0.999598920863309,1,FALSE,FALSE,FALSE,FALSE
"K07000",0.512,0,0.689,0.275,0.687,0.0283,NA,"K07000",0.999598920863309,1,FALSE,FALSE,FALSE,FALSE
"K09920",0.453,0,0.657,-0.229,0.514,0.0314,NA,"K09920",0.999598920863309,1,FALSE,FALSE,FALSE,FALSE
"K01515",0.803,0,0.215,0.128,0.103,0.0875,NA,"K01515",0.863968699839486,1,FALSE,FALSE,FALSE,FALSE
"K03272",0.498,0,0.93,0.0123,0.141,0.00618,NA,"K03272",0.999598920863309,1,FALSE,FALSE,FALSE,FALSE
"K00982",0.823,0,0.574,0.567,1.01,0.0397,NA,"K00982",0.999598920863309,1,FALSE,FALSE,FALSE,FALSE
"K18446",0.537,0,0.113,0.196,0.123,0.112,NA,"K18446",0.658662398137369,1,FALSE,FALSE,FALSE,FALSE
"K07220",0.665,0,0.869,0.0321,0.195,0.0116,NA,"K07220",0.999598920863309,1,FALSE,FALSE,FALSE,FALSE
"K03306",0.833,0,0.217,-0.0843,0.068,0.0871,NA,"K03306",0.864374701670644,1,FALSE,FALSE,FALSE,FALSE
"K07184",0.32,0,0.677,-0.132,0.317,0.0294,NA,"K07184",0.999598920863309,1,FALSE,FALSE,FALSE,FALSE
"K02451",0.192,0,0.539,-0.118,0.191,0.0434,NA,"K02451",0.999598920863309,1,FALSE,FALSE,FALSE,FALSE
"K02450",0.187,0,0.342,-0.294,0.309,0.0671,NA,"K02450",0.962031561461794,1,FALSE,FALSE,FALSE,FALSE
"K00974",0.828,0,0.779,0.0359,0.128,0.0198,NA,"K00974",0.999598920863309,1,FALSE,FALSE,FALSE,FALSE
"K01633",0.97,0,0.999,0.000969,0.672,0.000102,NA,"K01633",0.999598920863309,1,FALSE,FALSE,FALSE,FALSE
"K08591",0.768,0,0.831,-0.0617,0.289,0.0151,NA,"K08591",0.999598920863309,1,FALSE,FALSE,FALSE,FALSE
"K09117",0.695,0,0.529,0.11,0.174,0.0445,NA,"K09117",0.999598920863309,1,FALSE,FALSE,FALSE,FALSE
"K01740",0.7,0,0.811,-0.0168,0.0701,0.0169,NA,"K01740",0.999598920863309,1,FALSE,FALSE,FALSE,FALSE
"K15735",0.217,0,0.892,-0.00937,0.0689,0.0096,NA,"K15735",0.999598920863309,1,FALSE,FALSE,FALSE,FALSE
"K01653",0.966,0,0.619,0.478,0.959,0.0351,NA,"K01653",0.999598920863309,1,FALSE,FALSE,FALSE,FALSE
"K01897",0.916,0,0.00395,0.852,0.292,0.201,NA,"K01897",0.144362408759124,1,FALSE,FALSE,FALSE,FALSE
"K05798",0.0936,0,0.58,-0.0867,0.156,0.0391,NA,"K05798",0.999598920863309,1,FALSE,FALSE,FALSE,FALSE
"K19302",0.522,0,0.935,0.0106,0.129,0.00579,NA,"K19302",0.999598920863309,1,FALSE,FALSE,FALSE,FALSE
"K00052",0.985,0,0.00878,-0.287,0.109,0.183,NA,"K00052",0.227779585492228,1,FALSE,FALSE,FALSE,FALSE
"K05801",0.552,0,0.282,0.459,0.425,0.0759,NA,"K05801",0.9257734375,1,FALSE,FALSE,FALSE,FALSE
"K03771",0.66,0,0.802,-0.191,0.762,0.0177,NA,"K03771",0.999598920863309,1,FALSE,FALSE,FALSE,FALSE
"K00097",0.69,0,0.685,0.0451,0.111,0.0286,NA,"K00097",0.999598920863309,1,FALSE,FALSE,FALSE,FALSE
"K06195",0.68,0,0.839,-0.067,0.33,0.0143,NA,"K06195",0.999598920863309,1,FALSE,FALSE,FALSE,FALSE
"K07080",0.424,0,0.635,0.0407,0.0854,0.0335,NA,"K07080",0.999598920863309,1,FALSE,FALSE,FALSE,FALSE
"K14061",0.113,0,0.511,-0.127,0.193,0.0464,NA,"K14061",0.999598920863309,1,FALSE,FALSE,FALSE,FALSE
"K00018",0.419,0,0.978,-0.00303,0.11,0.00194,NA,"K00018",0.999598920863309,1,FALSE,FALSE,FALSE,FALSE
"K06177",0.635,0,0.596,-0.113,0.213,0.0375,NA,"K06177",0.999598920863309,1,FALSE,FALSE,FALSE,FALSE
"K03580",0.626,0,0.14,0.128,0.0864,0.104,NA,"K03580",0.718175757575757,1,FALSE,FALSE,FALSE,FALSE
"K07175",0.719,0,0.183,0.457,0.342,0.0938,NA,"K07175",0.798154181184669,1,FALSE,FALSE,FALSE,FALSE
"K03568",0.66,0,0.92,0.0329,0.326,0.0071,NA,"K03568",0.999598920863309,1,FALSE,FALSE,FALSE,FALSE
"K11206",0.552,0,0.371,0.236,0.264,0.0631,NA,"K11206",0.97633889468196,1,FALSE,FALSE,FALSE,FALSE
"K08301",0.567,0,0.76,-0.148,0.484,0.0215,NA,"K08301",0.999598920863309,1,FALSE,FALSE,FALSE,FALSE
"K06287",0.966,0,0.874,0.033,0.208,0.0112,NA,"K06287",0.999598920863309,1,FALSE,FALSE,FALSE,FALSE
"K03571",0.729,0,0.989,0.00395,0.277,0.00101,NA,"K03571",0.999598920863309,1,FALSE,FALSE,FALSE,FALSE
"K03570",0.768,0,0.973,0.0202,0.608,0.00235,NA,"K03570",0.999598920863309,1,FALSE,FALSE,FALSE,FALSE
"K03569",0.773,0,0.468,0.41,0.563,0.0512,NA,"K03569",0.999598920863309,1,FALSE,FALSE,FALSE,FALSE
"K12286",0.143,0,0.601,-0.07,0.134,0.0369,NA,"K12286",0.999598920863309,1,FALSE,FALSE,FALSE,FALSE
"K10925",0.143,0,0.248,-0.151,0.13,0.0814,NA,"K10925",0.898877433309301,1,FALSE,FALSE,FALSE,FALSE
"K12282",0.163,0,0.111,-0.199,0.125,0.112,NA,"K12282",0.653855294117647,1,FALSE,FALSE,FALSE,FALSE
"K00963",0.325,0,0.854,0.0151,0.0816,0.013,NA,"K00963",0.999598920863309,1,FALSE,FALSE,FALSE,FALSE
"K00830",0.158,0,0.906,-0.0144,0.121,0.00836,NA,"K00830",0.999598920863309,1,FALSE,FALSE,FALSE,FALSE
"K00548",0.941,0,0.212,-0.222,0.177,0.088,NA,"K00548",0.858111560226354,1,FALSE,FALSE,FALSE,FALSE
"K03316",0.315,0,0.405,0.0735,0.0882,0.0587,NA,"K03316",0.995165229885058,1,FALSE,FALSE,FALSE,FALSE
"K01726",0.966,0,0.756,0.0513,0.165,0.022,NA,"K01726",0.999598920863309,1,FALSE,FALSE,FALSE,FALSE
"K00014",0.916,0,0.643,0.0779,0.168,0.0327,NA,"K00014",0.999598920863309,1,FALSE,FALSE,FALSE,FALSE
"K00228",0.724,0,0.914,0.0815,0.756,0.0076,NA,"K00228",0.999598920863309,1,FALSE,FALSE,FALSE,FALSE
"K01589",0.985,0,0.968,0.0078,0.193,0.00286,NA,"K01589,K15896,K26290",0.999598920863309,1,FALSE,FALSE,FALSE,FALSE
"K03747",0.281,0,0.385,-0.308,0.354,0.0613,NA,"K03747",0.984522471910112,1,FALSE,FALSE,FALSE,FALSE
"K03499",0.862,0,0.351,-0.229,0.245,0.0658,NA,"K03499",0.963199455040872,1,FALSE,FALSE,FALSE,FALSE
"K03498",0.857,0,0.227,-0.289,0.239,0.0852,NA,"K03498",0.877674903474903,1,FALSE,FALSE,FALSE,FALSE
"K11068",0.906,0,0.787,-0.0486,0.18,0.019,NA,"K11068",0.999598920863309,1,FALSE,FALSE,FALSE,FALSE
"K06377",0.227,0,0.667,-0.194,0.45,0.0304,NA,"K06377",0.999598920863309,1,FALSE,FALSE,FALSE,FALSE
"K03673",0.621,0,0.591,0.0803,0.149,0.0379,NA,"K03673",0.999598920863309,1,FALSE,FALSE,FALSE,FALSE
"K07391",0.897,0,0.236,-0.804,0.676,0.0836,NA,"K07391",0.887792637114951,1,FALSE,FALSE,FALSE,FALSE
"K11258",0.266,0,0.318,-0.607,0.606,0.0705,NA,"K11258",0.950168352171327,1,FALSE,FALSE,FALSE,FALSE
"K01687",0.985,0,0.614,0.461,0.913,0.0356,NA,"K01687,K06034,K09539,K11168,K11173,K13039,K15303,K16651,K18371,K22373,K22686,K24263,K27187,K27188",0.999598920863309,1,FALSE,FALSE,FALSE,FALSE
"K28371",0.113,0,0.485,-0.135,0.194,0.0493,NA,"K28371",0.999598920863309,1,FALSE,FALSE,FALSE,FALSE
"K02114",0.842,0,0.832,0.0476,0.225,0.0149,NA,"K02114",0.999598920863309,1,FALSE,FALSE,FALSE,FALSE
"K02110",0.768,0,0.779,0.0536,0.19,0.0198,NA,"K02110",0.999598920863309,1,FALSE,FALSE,FALSE,FALSE
"K03497",0.951,0,0.959,0.00918,0.179,0.00362,NA,"K03497",0.999598920863309,1,FALSE,FALSE,FALSE,FALSE
"K03496",0.941,0,0.991,0.00133,0.121,0.000779,NA,"K03496",0.999598920863309,1,FALSE,FALSE,FALSE,FALSE
"K06205",0.241,0,0.121,-0.895,0.575,0.109,NA,"K06205",0.677681208053691,1,FALSE,FALSE,FALSE,FALSE
"K03536",0.892,0,0.864,-0.013,0.0761,0.0121,NA,"K03536",0.999598920863309,1,FALSE,FALSE,FALSE,FALSE
"K02914",0.611,0,0.415,0.0881,0.108,0.0575,NA,"K02914",0.995165229885058,1,FALSE,FALSE,FALSE,FALSE
"K16963",0.232,0,0.0834,-0.202,0.116,0.122,NA,"K16963",0.589635524475524,1,FALSE,FALSE,FALSE,FALSE
"K16962",0.177,0,0.461,-0.0697,0.0943,0.052,NA,"K16961,K16962",0.999598920863309,1,FALSE,FALSE,FALSE,FALSE
"K03629",0.921,0,0.858,-0.168,0.94,0.0126,NA,"K03629,K21677",0.999598920863309,1,FALSE,FALSE,FALSE,FALSE
"K04080",0.532,0,0.119,0.528,0.338,0.11,NA,"K04080",0.673257627118644,1,FALSE,FALSE,FALSE,FALSE
"K00835",0.256,0,0.441,0.166,0.216,0.0543,NA,"K00835",0.999598920863309,1,FALSE,FALSE,FALSE,FALSE
"K01176",0.345,0,0.608,0.0385,0.0748,0.0363,NA,"K01176",0.999598920863309,1,FALSE,FALSE,FALSE,FALSE
"K01879",0.768,0,0.882,-0.0521,0.351,0.0105,NA,"K01879",0.999598920863309,1,FALSE,FALSE,FALSE,FALSE
"K01878",0.768,0,0.882,-0.0521,0.351,0.0105,NA,"K01878",0.999598920863309,1,FALSE,FALSE,FALSE,FALSE
"K23541",0.438,0,0.401,0.136,0.162,0.0593,NA,"K23541",0.994456166419019,1,FALSE,FALSE,FALSE,FALSE
"K04085",0.749,0,0.998,-0.00055,0.187,0.000208,NA,"K04085",0.999598920863309,1,FALSE,FALSE,FALSE,FALSE
"K19745",0.645,0,0.00658,0.248,0.0903,0.19,NA,"K19745",0.202111829268293,1,FALSE,FALSE,FALSE,FALSE
"K00632",0.897,0,0.169,-0.174,0.126,0.097,NA,"K00632",0.778457221711132,1,FALSE,FALSE,FALSE,FALSE
"K01825",0.429,0,0.379,-0.266,0.302,0.0621,NA,"K01825",0.981206308169597,1,FALSE,FALSE,FALSE,FALSE
"K00230",0.207,0,0.971,-0.00426,0.117,0.00256,NA,"K00230",0.999598920863309,1,FALSE,FALSE,FALSE,FALSE
"K12262",0.665,0,0.84,0.0335,0.166,0.0143,NA,"K12262",0.999598920863309,1,FALSE,FALSE,FALSE,FALSE
"K07459",0.424,0,7.77e-06,-0.163,0.0355,0.308,NA,"K07459",0.00302730923076923,0.03890439,TRUE,TRUE,TRUE,TRUE
"K11927",0.754,0,0.895,-0.082,0.618,0.00935,NA,"K11927",0.999598920863309,1,FALSE,FALSE,FALSE,FALSE
"K06193",0.887,0,0.97,0.0036,0.0963,0.00264,NA,"K06193",0.999598920863309,1,FALSE,FALSE,FALSE,FALSE
"K23010",0.507,0,0.255,-0.439,0.384,0.0802,NA,"K23010",0.906163946061036,1,FALSE,FALSE,FALSE,FALSE
"K01423",0.591,0,0.749,-0.201,0.625,0.0226,NA,"K01423",0.999598920863309,1,FALSE,FALSE,FALSE,FALSE
"K19222",0.744,0,0.482,0.0999,0.142,0.0497,NA,"K19222",0.999598920863309,1,FALSE,FALSE,FALSE,FALSE
"K11925",0.182,0,0.00681,-0.963,0.352,0.189,NA,"K11925",0.206652545454545,1,FALSE,FALSE,FALSE,FALSE
"K08984",0.286,0,0.662,0.0245,0.056,0.0309,NA,"K08984",0.999598920863309,1,FALSE,FALSE,FALSE,FALSE
"K10804",0.695,0,0.705,-0.0436,0.115,0.0267,NA,"K10804",0.999598920863309,1,FALSE,FALSE,FALSE,FALSE
"K02003",0.98,0,0.678,-0.0572,0.138,0.0293,NA,"K02003",0.999598920863309,1,FALSE,FALSE,FALSE,FALSE
"K23124",0.512,0,0.122,-0.0781,0.0503,0.109,NA,"K23124",0.680238307349666,1,FALSE,FALSE,FALSE,FALSE
"K07160",0.842,0,0.871,-0.0111,0.0681,0.0115,NA,"K07160",0.999598920863309,1,FALSE,FALSE,FALSE,FALSE
"K01784",0.961,0,0.249,0.172,0.149,0.0812,NA,"K01784",0.898877433309301,1,FALSE,FALSE,FALSE,FALSE
"K16087",0.542,0,0.0838,-0.105,0.0605,0.122,NA,"K16087",0.589635524475524,1,FALSE,FALSE,FALSE,FALSE
"K09181",0.335,0,0.138,-0.347,0.233,0.104,NA,"K09181",0.717514018691589,1,FALSE,FALSE,FALSE,FALSE
"K03113",0.498,0,0.763,-0.0953,0.316,0.0213,NA,"K03113",0.999598920863309,1,FALSE,FALSE,FALSE,FALSE
"K00325",0.67,0,0.702,-0.0281,0.0733,0.027,NA,"K00325",0.999598920863309,1,FALSE,FALSE,FALSE,FALSE
"K00324",0.719,0,0.593,-0.0467,0.0873,0.0377,NA,"K00324",0.999598920863309,1,FALSE,FALSE,FALSE,FALSE
"K02017",0.542,0,0.109,0.195,0.121,0.113,NA,"K02017",0.650492252681764,1,FALSE,FALSE,FALSE,FALSE
"K02018",0.906,0,0.96,0.00623,0.123,0.00358,NA,"K02018",0.999598920863309,1,FALSE,FALSE,FALSE,FALSE
"K02020",0.946,0,0.994,-0.00133,0.174,0.000538,NA,"K02020",0.999598920863309,1,FALSE,FALSE,FALSE,FALSE
"K02232",0.631,0,0.0625,0.277,0.148,0.131,NA,"K02232",0.563005997001499,1,FALSE,FALSE,FALSE,FALSE
"K04068",0.227,0,0.754,-0.0241,0.0771,0.0221,NA,"K04068",0.999598920863309,1,FALSE,FALSE,FALSE,FALSE
"K21636",0.315,0,0.312,-0.084,0.0829,0.0713,NA,"K21636",0.950168352171327,1,FALSE,FALSE,FALSE,FALSE
"K00648",0.901,0,0.379,0.281,0.319,0.0621,NA,"K00648",0.981206308169597,1,FALSE,FALSE,FALSE,FALSE
"K03672",0.512,0,0.684,-0.0408,0.1,0.0288,NA,"K03672",0.999598920863309,1,FALSE,FALSE,FALSE,FALSE
"K08219",0.177,0,0.381,-0.0831,0.0946,0.0619,NA,"K08219",0.981815234173958,1,FALSE,FALSE,FALSE,FALSE
"K10094",0.325,0,0.192,-0.0812,0.0621,0.0919,NA,"K10094",0.812632290786137,1,FALSE,FALSE,FALSE,FALSE
"K09939",0.256,0,0.97,0.00653,0.175,0.00263,NA,"K09939",0.999598920863309,1,FALSE,FALSE,FALSE,FALSE
"K03832",0.734,0,0.0531,-0.659,0.339,0.136,NA,"K03832",0.542595306122449,1,FALSE,FALSE,FALSE,FALSE
"K02303",0.956,0,0.506,0.109,0.164,0.0469,NA,"K02303",0.999598920863309,1,FALSE,FALSE,FALSE,FALSE
"K00363",0.507,0,0.748,0.0209,0.0649,0.0227,NA,"K00363",0.999598920863309,1,FALSE,FALSE,FALSE,FALSE
"K00362",0.537,0,0.742,0.0227,0.069,0.0232,NA,"K00362",0.999598920863309,1,FALSE,FALSE,FALSE,FALSE
"K01620",0.867,0,0.479,0.0695,0.098,0.0499,NA,"K01620",0.999598920863309,1,FALSE,FALSE,FALSE,FALSE
"K02441",0.414,0,0.947,0.019,0.287,0.00468,NA,"K02441",0.999598920863309,1,FALSE,FALSE,FALSE,FALSE
"K02415",0.764,0,0.0634,-0.178,0.0956,0.131,NA,"K02415",0.563005997001499,1,FALSE,FALSE,FALSE,FALSE
"K03181",0.473,0,0.471,0.412,0.571,0.0509,NA,"K03181",0.999598920863309,1,FALSE,FALSE,FALSE,FALSE
"K03179",0.719,0,0.852,-0.111,0.594,0.0131,NA,"K03179",0.999598920863309,1,FALSE,FALSE,FALSE,FALSE
"K00631",0.468,0,0.261,0.283,0.251,0.0793,NA,"K00631",0.909732316227462,1,FALSE,FALSE,FALSE,FALSE
"K01356",0.946,0,0.816,0.086,0.369,0.0164,NA,"K01356",0.999598920863309,1,FALSE,FALSE,FALSE,FALSE
"K00322",0.468,0,0.81,-0.0673,0.28,0.0169,NA,"K00322",0.999598920863309,1,FALSE,FALSE,FALSE,FALSE
"K22105",0.463,0,0.084,0.459,0.264,0.122,NA,"K22105",0.589635524475524,1,FALSE,FALSE,FALSE,FALSE
"K08993",0.31,0,0.0747,0.339,0.189,0.125,NA,"K08993",0.563005997001499,1,FALSE,FALSE,FALSE,FALSE
"K11065",0.591,0,0.33,0.262,0.268,0.0688,NA,"K11065",0.958482857142857,1,FALSE,FALSE,FALSE,FALSE
"K06199",0.961,0,0.987,-0.00531,0.318,0.00118,NA,"K06199",0.999598920863309,1,FALSE,FALSE,FALSE,FALSE
"K03147",0.877,0,0.547,0.0635,0.105,0.0425,NA,"K03147",0.999598920863309,1,FALSE,FALSE,FALSE,FALSE
"K00788",0.975,0,0.895,0.0418,0.316,0.00932,NA,"K00788",0.999598920863309,1,FALSE,FALSE,FALSE,FALSE
"K03154",0.916,0,0.129,0.238,0.156,0.107,NA,"K03154",0.697519438444924,1,FALSE,FALSE,FALSE,FALSE
"K03149",0.916,0,0.129,0.238,0.156,0.107,NA,"K03149",0.697519438444924,1,FALSE,FALSE,FALSE,FALSE
"K11914",0.069,0,0.879,-0.0126,0.0821,0.0108,NA,"K11914",0.999598920863309,1,FALSE,FALSE,FALSE,FALSE
"K11907",0.414,0,0.524,0.0323,0.0505,0.045,NA,"K11891,K11892,K11893,K11895,K11896,K11900,K11901,K11907",0.999598920863309,1,FALSE,FALSE,FALSE,FALSE
"K11903",0.414,0,0.539,0.0307,0.0499,0.0433,NA,"K11903",0.999598920863309,1,FALSE,FALSE,FALSE,FALSE
"K11904",0.498,0,0.981,0.00129,0.0531,0.00171,NA,"K11904",0.999598920863309,1,FALSE,FALSE,FALSE,FALSE
"K11910",0.222,0,0.555,0.0321,0.0543,0.0417,NA,"K11910",0.999598920863309,1,FALSE,FALSE,FALSE,FALSE
"K11905",0.232,0,0.653,0.0231,0.0514,0.0317,NA,"K11905",0.999598920863309,1,FALSE,FALSE,FALSE,FALSE
"K11911",0.167,0,0.293,0.064,0.0607,0.0742,NA,"K11911",0.933454660748256,1,FALSE,FALSE,FALSE,FALSE
"K11906",0.389,0,0.853,0.00908,0.0489,0.0131,NA,"K11906",0.999598920863309,1,FALSE,FALSE,FALSE,FALSE
"K25223",0.227,0,0.164,0.105,0.0753,0.0981,NA,"K25223",0.764569832402235,1,FALSE,FALSE,FALSE,FALSE
"K03892",0.862,0,0.261,-0.11,0.0977,0.0792,NA,"K03892",0.909732316227462,1,FALSE,FALSE,FALSE,FALSE
"K07181",0.276,0,0.862,0.0276,0.159,0.0123,NA,"K07181",0.999598920863309,1,FALSE,FALSE,FALSE,FALSE
"K05834",0.877,0,0.0628,0.282,0.15,0.131,NA,"K05834",0.563005997001499,1,FALSE,FALSE,FALSE,FALSE
"K01048",0.438,0,0.598,-0.189,0.357,0.0372,NA,"K01048",0.999598920863309,1,FALSE,FALSE,FALSE,FALSE
"K08306",0.187,0,0.667,-0.0378,0.0878,0.0303,NA,"K08306",0.999598920863309,1,FALSE,FALSE,FALSE,FALSE
"K03439",0.98,0,0.884,0.0676,0.463,0.0103,NA,"K03439",0.999598920863309,1,FALSE,FALSE,FALSE,FALSE
"K01425",0.729,0,0.373,0.0603,0.0676,0.0628,NA,"K01425",0.97633889468196,1,FALSE,FALSE,FALSE,FALSE
"K09131",0.374,0,0.48,0.0556,0.0785,0.0499,NA,"K09131",0.999598920863309,1,FALSE,FALSE,FALSE,FALSE
"K02221",0.911,0,0.469,0.578,0.797,0.0511,NA,"K02221",0.999598920863309,1,FALSE,FALSE,FALSE,FALSE
"K02669",0.463,0,0.218,-0.173,0.14,0.0868,NA,"K02669",0.866290476190476,1,FALSE,FALSE,FALSE,FALSE
"K02670",0.389,0,0.0966,-0.177,0.106,0.117,NA,"K02670",0.623780694980695,1,FALSE,FALSE,FALSE,FALSE
"K07735",0.749,0,0.28,0.896,0.827,0.0762,NA,"K07735",0.925386138613861,1,FALSE,FALSE,FALSE,FALSE
"K01920",0.704,0,0.485,0.313,0.448,0.0493,NA,"K01920",0.999598920863309,1,FALSE,FALSE,FALSE,FALSE
"K01150",0.453,0,6.74e-05,1.42,0.349,0.276,NA,"K01150",0.0120525642857143,0.3374718,TRUE,FALSE,TRUE,FALSE
"K02742",0.394,0,0.766,0.083,0.278,0.021,NA,"K02742",0.999598920863309,1,FALSE,FALSE,FALSE,FALSE
"K01624",0.926,0,0.842,0.0377,0.188,0.0141,NA,"K01624",0.999598920863309,1,FALSE,FALSE,FALSE,FALSE
"K05596",0.626,0,0.563,0.0495,0.0854,0.0408,NA,"K05596",0.999598920863309,1,FALSE,FALSE,FALSE,FALSE
"K09807",0.67,0,0.548,0.0754,0.125,0.0424,NA,"K09807",0.999598920863309,1,FALSE,FALSE,FALSE,FALSE
"K00058",0.98,0,0.901,0.0458,0.367,0.00881,NA,"K00058",0.999598920863309,1,FALSE,FALSE,FALSE,FALSE
"K01807",0.734,0,0.365,0.25,0.276,0.0639,NA,"K01807",0.975736785904965,1,FALSE,FALSE,FALSE,FALSE
"K09888",0.837,0,0.672,0.259,0.612,0.0299,NA,"K09888",0.999598920863309,1,FALSE,FALSE,FALSE,FALSE
"K03185",0.616,0,0.771,0.067,0.23,0.0206,NA,"K03185",0.999598920863309,1,FALSE,FALSE,FALSE,FALSE
"K18800",0.493,0,0.429,0.228,0.287,0.0558,NA,"K18800",0.998606694560669,1,FALSE,FALSE,FALSE,FALSE
"K06980",0.788,0,0.335,0.337,0.349,0.068,NA,"K06980",0.958482857142857,1,FALSE,FALSE,FALSE,FALSE
"K09159",0.635,0,0.426,0.113,0.141,0.0562,NA,"K09159",0.998606694560669,1,FALSE,FALSE,FALSE,FALSE
"K00278",0.921,0,0.000978,0.611,0.183,0.23,NA,"K00278,K03517",0.0720124411764706,1,FALSE,FALSE,TRUE,FALSE
"K03597",0.542,0,0.956,0.0188,0.341,0.00389,NA,"K03597",0.999598920863309,1,FALSE,FALSE,FALSE,FALSE
"K03598",0.498,0,0.663,0.156,0.357,0.0307,NA,"K03598",0.999598920863309,1,FALSE,FALSE,FALSE,FALSE
"K03803",0.305,0,0.943,0.0219,0.307,0.00502,NA,"K03613,K03617,K03803",0.999598920863309,1,FALSE,FALSE,FALSE,FALSE
"K00997",0.606,0,0.908,-0.043,0.372,0.00816,NA,"K00997",0.999598920863309,1,FALSE,FALSE,FALSE,FALSE
"K07678",0.433,0,0.766,0.226,0.758,0.021,NA,"K07678,K09916",0.999598920863309,1,FALSE,FALSE,FALSE,FALSE
"K03215",0.882,0,0.623,-0.0768,0.156,0.0348,NA,"K03215",0.999598920863309,1,FALSE,FALSE,FALSE,FALSE
"K04765",0.783,0,0.943,-0.0284,0.393,0.00509,NA,"K04765",0.999598920863309,1,FALSE,FALSE,FALSE,FALSE
"K00991",0.734,0,0.117,0.153,0.0973,0.11,NA,"K00991",0.666460750853242,1,FALSE,FALSE,FALSE,FALSE
"K01770",0.635,0,0.619,-0.069,0.139,0.0351,NA,"K01770",0.999598920863309,1,FALSE,FALSE,FALSE,FALSE
"K03787",0.744,0,0.378,0.215,0.244,0.0622,NA,"K03787",0.980137752459865,1,FALSE,FALSE,FALSE,FALSE
"K00573",0.734,0,0.284,-0.32,0.298,0.0756,NA,"K00573",0.9257734375,1,FALSE,FALSE,FALSE,FALSE
"K06194",0.695,0,0.0324,0.66,0.306,0.15,NA,"K06194",0.43944414893617,1,FALSE,FALSE,FALSE,FALSE
"K03087",0.438,0,0.392,0.497,0.58,0.0604,NA,"K03087",0.98829003021148,1,FALSE,FALSE,FALSE,FALSE
"K03563",0.626,0,0.478,-0.0666,0.0937,0.0501,NA,"K03563",0.999598920863309,1,FALSE,FALSE,FALSE,FALSE
"K01573",0.128,0,0.462,-0.31,0.421,0.0519,NA,"K01571,K01573,K20509",0.999598920863309,1,FALSE,FALSE,FALSE,FALSE
"K07263",0.842,0,0.0586,-0.41,0.216,0.133,NA,"K07263",0.563005997001499,1,FALSE,FALSE,FALSE,FALSE
"K01919",0.7,0,0.683,0.11,0.27,0.0288,NA,"K01919",0.999598920863309,1,FALSE,FALSE,FALSE,FALSE
"K07173",0.286,0,0.995,0.00194,0.33,0.000415,NA,"K07173",0.999598920863309,1,FALSE,FALSE,FALSE,FALSE
"K09862",0.562,0,0.0513,0.15,0.0763,0.137,NA,"K09862",0.535123125,1,FALSE,FALSE,FALSE,FALSE
"K18778",0.236,0,0.863,-0.0855,0.497,0.0121,NA,"K18778",0.999598920863309,1,FALSE,FALSE,FALSE,FALSE
"K02654",0.69,0,0.328,-0.332,0.338,0.069,NA,"K02654",0.958482857142857,1,FALSE,FALSE,FALSE,FALSE
"K02653",0.448,0,0.0841,-0.346,0.2,0.122,NA,"K02653",0.589635524475524,1,FALSE,FALSE,FALSE,FALSE
"K02650",0.502,0,0.678,0.062,0.149,0.0293,NA,"K02650",0.999598920863309,1,FALSE,FALSE,FALSE,FALSE
"K00767",0.961,0,5.56e-05,0.933,0.226,0.279,NA,"K00767",0.01121568,0.2783892,TRUE,FALSE,TRUE,FALSE
"K03806",0.498,0,0.654,-0.237,0.528,0.0317,NA,"K03806",0.999598920863309,1,FALSE,FALSE,FALSE,FALSE
"K05799",0.621,0,0.448,0.132,0.173,0.0536,NA,"K05799",0.999598920863309,1,FALSE,FALSE,FALSE,FALSE
"K00163",0.759,0,0.488,0.0734,0.106,0.0489,NA,"K00163",0.999598920863309,1,FALSE,FALSE,FALSE,FALSE
"K00627",0.975,0,0.802,0.119,0.473,0.0177,NA,"K00627",0.999598920863309,1,FALSE,FALSE,FALSE,FALSE
"K10913",0.0739,0,0.721,-0.178,0.498,0.0252,NA,"K10913",0.999598920863309,1,FALSE,FALSE,FALSE,FALSE
"K00760",0.818,0,0.734,0.117,0.344,0.024,NA,"K00760",0.999598920863309,1,FALSE,FALSE,FALSE,FALSE
"K03321",0.956,0,0.126,0.318,0.207,0.108,NA,"K03321",0.687984732824428,1,FALSE,FALSE,FALSE,FALSE
"K01918",0.98,0,0.766,-0.0832,0.279,0.021,NA,"K00606,K01918",0.999598920863309,1,FALSE,FALSE,FALSE,FALSE
"K00970",0.68,0,0.000739,1.14,0.333,0.235,NA,"K00970",0.0587329047619048,1,FALSE,FALSE,TRUE,FALSE
"K01894",0.729,0,0.235,0.139,0.116,0.0837,NA,"K01894",0.886695553880934,1,FALSE,FALSE,FALSE,FALSE
"K06206",0.512,0,0.916,-0.0489,0.462,0.00747,NA,"K06206",0.999598920863309,1,FALSE,FALSE,FALSE,FALSE
"K03579",0.709,0,0.875,0.0511,0.324,0.0111,NA,"K03579",0.999598920863309,1,FALSE,FALSE,FALSE,FALSE
"K05365",0.458,0,0.436,0.429,0.549,0.055,NA,"K05365",0.999598920863309,1,FALSE,FALSE,FALSE,FALSE
"K01682",0.601,0,0.438,-0.0955,0.123,0.0547,NA,"K01682",0.999598920863309,1,FALSE,FALSE,FALSE,FALSE
"K09910",0.246,0,0.861,0.101,0.573,0.0124,NA,"K01146,K09910",0.999598920863309,1,FALSE,FALSE,FALSE,FALSE
"K04752",0.685,0,0.0189,1.34,0.566,0.165,NA,"K04752",0.34705559566787,1,FALSE,FALSE,FALSE,FALSE
"K04751",0.901,0,0.129,0.618,0.405,0.107,NA,"K04751",0.697519438444924,1,FALSE,FALSE,FALSE,FALSE
"K02012",0.823,0,0.679,-0.0524,0.126,0.0293,NA,"K02012",0.999598920863309,1,FALSE,FALSE,FALSE,FALSE
"K02011",0.823,0,0.507,-0.0966,0.145,0.0469,NA,"K02011",0.999598920863309,1,FALSE,FALSE,FALSE,FALSE
"K18675",0.0345,0,0.2,-0.471,0.366,0.0903,NA,"K18675",0.83103734439834,1,FALSE,FALSE,FALSE,FALSE
"K12373",0.404,0,0.371,-0.064,0.0714,0.0631,NA,"K12373",0.97633889468196,1,FALSE,FALSE,FALSE,FALSE
"K18676",0.281,0,0.759,0.0485,0.158,0.0216,NA,"K18676",0.999598920863309,1,FALSE,FALSE,FALSE,FALSE
"K01179",0.197,0,0.455,-0.0652,0.0871,0.0527,NA,"K01179",0.999598920863309,1,FALSE,FALSE,FALSE,FALSE
"K19694",0.118,0,0.000254,-0.354,0.0951,0.254,NA,"K19694",0.0326096923076923,1,TRUE,FALSE,TRUE,FALSE
"K01845",0.911,0,0.506,0.0542,0.0814,0.0469,NA,"K01845",0.999598920863309,1,FALSE,FALSE,FALSE,FALSE
"K15724",0.714,0,0.0637,-0.527,0.282,0.13,NA,"K15724",0.563005997001499,1,FALSE,FALSE,FALSE,FALSE
"K18990",0.108,0,0.745,-0.0821,0.252,0.023,NA,"K18990",0.999598920863309,1,FALSE,FALSE,FALSE,FALSE
"K18989",0.108,0,0.745,-0.0821,0.252,0.023,NA,"K18989",0.999598920863309,1,FALSE,FALSE,FALSE,FALSE
"K19304",0.695,0,0.0964,-0.476,0.285,0.117,NA,"K19304",0.623780694980695,1,FALSE,FALSE,FALSE,FALSE
"K07259",0.7,0,0.262,-0.266,0.236,0.0791,NA,"K07259",0.909732316227462,1,FALSE,FALSE,FALSE,FALSE
"K07574",0.685,0,0.558,-0.524,0.892,0.0414,NA,"K07574",0.999598920863309,1,FALSE,FALSE,FALSE,FALSE
"K03075",0.847,0,0.304,-0.147,0.143,0.0725,NA,"K03075",0.941328385899814,1,FALSE,FALSE,FALSE,FALSE
"K09748",0.966,0,0.843,0.168,0.852,0.0139,NA,"K09748,K10773",0.999598920863309,1,FALSE,FALSE,FALSE,FALSE
"K24845",0.374,0,0.438,-0.0693,0.0892,0.0547,NA,"K24843,K24844,K24845",0.999598920863309,1,FALSE,FALSE,FALSE,FALSE
"K03824",0.493,0,0.000492,-0.258,0.0729,0.242,NA,"K03824",0.0483028235294118,1,TRUE,FALSE,TRUE,FALSE
"K02837",0.911,0,0.0316,0.442,0.204,0.151,NA,"K02837",0.43944414893617,1,FALSE,FALSE,FALSE,FALSE
"K03317",0.3,0,0.374,-0.155,0.174,0.0627,NA,"K03317",0.97633889468196,1,FALSE,FALSE,FALSE,FALSE
"K01619",0.729,0,0.192,0.155,0.118,0.092,NA,"K01619",0.812632290786137,1,FALSE,FALSE,FALSE,FALSE
"K01839",0.458,0,0.958,-0.0118,0.224,0.00371,NA,"K01839",0.999598920863309,1,FALSE,FALSE,FALSE,FALSE
"K03784",0.399,0,0.621,-0.0993,0.201,0.0349,NA,"K03784",0.999598920863309,1,FALSE,FALSE,FALSE,FALSE
"K01079",0.773,0,0.798,-0.0385,0.15,0.0181,NA,"K01079",0.999598920863309,1,FALSE,FALSE,FALSE,FALSE
"K03566",0.68,0,0.149,0.265,0.183,0.102,NA,"K03566",0.727846829268293,1,FALSE,FALSE,FALSE,FALSE
"K02282",0.453,0,0.182,0.11,0.0818,0.0941,NA,"K02282",0.797963222416813,1,FALSE,FALSE,FALSE,FALSE
"K07240",0.709,0,0.994,0.00106,0.138,0.000541,NA,"K07240",0.999598920863309,1,FALSE,FALSE,FALSE,FALSE
"K27069",0.113,0,0.292,-0.228,0.216,0.0744,NA,"K27069",0.933454660748256,1,FALSE,FALSE,FALSE,FALSE
"K07407",0.453,0,0.402,-0.0728,0.0866,0.0591,NA,"K07407",0.994473320158103,1,FALSE,FALSE,FALSE,FALSE
"K03307",0.788,0,0.533,-0.0754,0.121,0.044,NA,"K03307",0.999598920863309,1,FALSE,FALSE,FALSE,FALSE
"K10111",0.512,0,0.903,0.00959,0.0789,0.00857,NA,"K10111",0.999598920863309,1,FALSE,FALSE,FALSE,FALSE
"K10191",0.0936,0,0.582,0.151,0.274,0.0389,NA,"K10191",0.999598920863309,1,FALSE,FALSE,FALSE,FALSE
"K10112",0.744,0,0.545,0.0679,0.112,0.0427,NA,"K10112",0.999598920863309,1,FALSE,FALSE,FALSE,FALSE
"K02025",0.65,0,0.349,-0.0671,0.0716,0.066,NA,"K02025",0.962248348017621,1,FALSE,FALSE,FALSE,FALSE
"K02026",0.567,0,0.776,0.0201,0.0705,0.0201,NA,"K02026",0.999598920863309,1,FALSE,FALSE,FALSE,FALSE
"K10117",0.468,0,0.599,0.0602,0.114,0.0371,NA,"K10117",0.999598920863309,1,FALSE,FALSE,FALSE,FALSE
"K01190",0.458,0,0.869,0.0156,0.0948,0.0116,NA,"K01190",0.999598920863309,1,FALSE,FALSE,FALSE,FALSE
"K03931",0.0739,0,0.908,-0.0138,0.119,0.00817,NA,"K03931",0.999598920863309,1,FALSE,FALSE,FALSE,FALSE
"K12112",0.069,0,0.711,-0.128,0.345,0.0262,NA,"K12112,K12113",0.999598920863309,1,FALSE,FALSE,FALSE,FALSE
"K12111",0.0837,0,0.872,-0.03,0.186,0.0114,NA,"K12111",0.999598920863309,1,FALSE,FALSE,FALSE,FALSE
"K00965",0.458,0,0.224,-0.194,0.159,0.0858,NA,"K00965",0.87534965034965,1,FALSE,FALSE,FALSE,FALSE
"K00849",0.507,0,0.000224,-0.416,0.111,0.256,NA,"K00849",0.0295149473684211,1,TRUE,FALSE,TRUE,FALSE
"K01785",0.877,0,0.117,-0.158,0.1,0.11,NA,"K01785",0.666460750853242,1,FALSE,FALSE,FALSE,FALSE
"K07234",0.488,0,0.277,-0.0825,0.0757,0.0766,NA,"K07234",0.923041114058356,1,FALSE,FALSE,FALSE,FALSE
"K21053",0.502,0,0.0515,0.366,0.187,0.137,NA,"K21053",0.536092515592516,1,FALSE,FALSE,FALSE,FALSE
"K06987",0.522,0,0.246,0.115,0.0984,0.0818,NA,"K06987",0.897756559766764,1,FALSE,FALSE,FALSE,FALSE
"K01270",0.34,0,0.742,0.0386,0.117,0.0233,NA,"K01270",0.999598920863309,1,FALSE,FALSE,FALSE,FALSE
"K00769",0.271,0,0.872,-0.0689,0.429,0.0113,NA,"K00769",0.999598920863309,1,FALSE,FALSE,FALSE,FALSE
"K11750",0.167,0,0.903,-0.0162,0.133,0.0086,NA,"K11750",0.999598920863309,1,FALSE,FALSE,FALSE,FALSE
"K14652",0.773,0,0.375,-0.207,0.233,0.0626,NA,"K14652",0.976912070759625,1,FALSE,FALSE,FALSE,FALSE
"K00946",0.783,0,0.116,-0.643,0.407,0.111,NA,"K00946",0.663785142857143,1,FALSE,FALSE,FALSE,FALSE
"K01095",0.502,0,0.999,-0.000228,0.137,0.000118,NA,"K01095",0.999598920863309,1,FALSE,FALSE,FALSE,FALSE
"K01662",0.98,0,0.943,0.0704,0.976,0.00509,NA,"K01591,K01662,K13421,K21556",0.999598920863309,1,FALSE,FALSE,FALSE,FALSE
"K00795",0.655,0,0.805,0.156,0.628,0.0175,NA,"K00795",0.999598920863309,1,FALSE,FALSE,FALSE,FALSE
"K02556",0.823,0,0.55,-0.0565,0.0945,0.0422,NA,"K02556",0.999598920863309,1,FALSE,FALSE,FALSE,FALSE
"K02557",0.823,0,0.372,-0.086,0.0961,0.063,NA,"K02557",0.97633889468196,1,FALSE,FALSE,FALSE,FALSE
"K03151",0.532,0,0.259,0.589,0.52,0.0797,NA,"K03151",0.907496850944717,1,FALSE,FALSE,FALSE,FALSE
"K07020",0.547,0,0.0438,0.538,0.265,0.142,NA,"K07020",0.496168778280543,1,FALSE,FALSE,FALSE,FALSE
"K06968",0.478,0,0.828,-0.116,0.532,0.0153,NA,"K06968",0.999598920863309,1,FALSE,FALSE,FALSE,FALSE
"K06966",0.453,0,0.857,0.12,0.663,0.0128,NA,"K06966",0.999598920863309,1,FALSE,FALSE,FALSE,FALSE
"K06879",0.552,0,0.598,-0.129,0.244,0.0373,NA,"K06879",0.999598920863309,1,FALSE,FALSE,FALSE,FALSE
"K03273",0.635,0,0.987,0.00128,0.0777,0.00116,NA,"K03273",0.999598920863309,1,FALSE,FALSE,FALSE,FALSE
"K03485",0.118,0,0.77,-0.0893,0.305,0.0206,NA,"K03485",0.999598920863309,1,FALSE,FALSE,FALSE,FALSE
"K02819",0.305,0,0.00614,0.224,0.0809,0.192,NA,"K01226,K02819",0.192143625,1,FALSE,FALSE,FALSE,FALSE
"K22900",0.448,0,0.767,-0.0472,0.159,0.0209,NA,"K22900",0.999598920863309,1,FALSE,FALSE,FALSE,FALSE
"K09768",0.744,0,0.256,-0.19,0.167,0.08,NA,"K09768",0.906835095137421,1,FALSE,FALSE,FALSE,FALSE
"K06175",0.374,0,0.317,-0.246,0.245,0.0706,NA,"K06175",0.950168352171327,1,FALSE,FALSE,FALSE,FALSE
"K00990",0.709,0,0.429,0.526,0.663,0.0558,NA,"K00990",0.998606694560669,1,FALSE,FALSE,FALSE,FALSE
"K06142",0.621,0,0.548,-0.14,0.232,0.0424,NA,"K06142",0.999598920863309,1,FALSE,FALSE,FALSE,FALSE
"K02536",0.719,0,0.989,-0.0109,0.781,0.000982,NA,"K02536",0.999598920863309,1,FALSE,FALSE,FALSE,FALSE
"K00677",0.724,0,0.426,0.523,0.655,0.0562,NA,"K00677",0.998606694560669,1,FALSE,FALSE,FALSE,FALSE
"K00748",0.719,0,0.989,-0.0109,0.781,0.000982,NA,"K00748",0.999598920863309,1,FALSE,FALSE,FALSE,FALSE
"K01962",0.852,0,0.664,-0.275,0.633,0.0307,NA,"K01962",0.999598920863309,1,FALSE,FALSE,FALSE,FALSE
"K08307",0.611,0,0.752,-0.131,0.412,0.0223,NA,"K08307",0.999598920863309,1,FALSE,FALSE,FALSE,FALSE
"K01069",0.897,0,0.868,0.0221,0.133,0.0118,NA,"K01069",0.999598920863309,1,FALSE,FALSE,FALSE,FALSE
"K03469",0.862,0,0.948,0.00821,0.125,0.00464,NA,"K03469",0.999598920863309,1,FALSE,FALSE,FALSE,FALSE
"K00761",0.921,0,0.804,0.205,0.823,0.0175,NA,"K00761",0.999598920863309,1,FALSE,FALSE,FALSE,FALSE
"K02824",0.542,0,0.698,0.243,0.624,0.0274,NA,"K02824",0.999598920863309,1,FALSE,FALSE,FALSE,FALSE
"K09938",0.458,0,0.239,0.327,0.277,0.083,NA,"K09938",0.890381696428571,1,FALSE,FALSE,FALSE,FALSE
"K00537",0.793,0,0.474,-0.0661,0.0921,0.0506,NA,"K00537",0.999598920863309,1,FALSE,FALSE,FALSE,FALSE
"K03548",0.394,0,0.183,0.29,0.217,0.0938,NA,"K03548",0.798154181184669,1,FALSE,FALSE,FALSE,FALSE
"K03564",0.985,0,0.8,-0.0611,0.241,0.0179,NA,"K03564",0.999598920863309,1,FALSE,FALSE,FALSE,FALSE
"K03567",0.424,0,0.944,-0.0264,0.372,0.005,NA,"K03567",0.999598920863309,1,FALSE,FALSE,FALSE,FALSE
"K07287",0.537,0,0.874,-0.0489,0.308,0.0112,NA,"K07287",0.999598920863309,1,FALSE,FALSE,FALSE,FALSE
"K07260",0.488,0,0.0257,-0.222,0.0986,0.157,NA,"K07260",0.397160185185185,1,FALSE,FALSE,FALSE,FALSE
"K01439",0.877,0,0.227,0.495,0.408,0.0852,NA,"K01439",0.877674903474903,1,FALSE,FALSE,FALSE,FALSE
"K07223",0.419,0,0.639,0.0464,0.0987,0.0331,NA,"K07223",0.999598920863309,1,FALSE,FALSE,FALSE,FALSE
"K02406",0.813,0,0.158,-0.107,0.0757,0.0994,NA,"K02406",0.751287749287749,1,FALSE,FALSE,FALSE,FALSE
"K02777",0.251,0,0.215,0.491,0.395,0.0874,NA,"K02777",0.863968699839486,1,FALSE,FALSE,FALSE,FALSE
"K08483",0.64,0,0.66,-0.0371,0.0841,0.0311,NA,"K08483",0.999598920863309,1,FALSE,FALSE,FALSE,FALSE
"K01738",0.862,0,0.377,-0.188,0.212,0.0624,NA,"K01738",0.980082554517134,1,FALSE,FALSE,FALSE,FALSE
"K06203",0.601,0,0.541,-0.183,0.3,0.0431,NA,"K06203",0.999598920863309,1,FALSE,FALSE,FALSE,FALSE
"K07340",0.468,0,0.128,-0.111,0.0729,0.107,NA,"K07340",0.695869706840391,1,FALSE,FALSE,FALSE,FALSE
"K26392",0.581,0,0.608,-0.0284,0.0553,0.0362,NA,"K26392",0.999598920863309,1,FALSE,FALSE,FALSE,FALSE
"K05838",0.788,0,0.585,0.24,0.439,0.0385,NA,"K05838",0.999598920863309,1,FALSE,FALSE,FALSE,FALSE
"K07071",0.798,0,0.649,-0.0662,0.145,0.0321,NA,"K07071",0.999598920863309,1,FALSE,FALSE,FALSE,FALSE
"K07095",0.527,0,0.98,-0.00179,0.0696,0.00181,NA,"K07095",0.999598920863309,1,FALSE,FALSE,FALSE,FALSE
"K07401",0.414,0,0.497,0.114,0.167,0.0479,NA,"K07401",0.999598920863309,1,FALSE,FALSE,FALSE,FALSE
"K04079",0.764,0,0.666,-0.0653,0.151,0.0305,NA,"K04079",0.999598920863309,1,FALSE,FALSE,FALSE,FALSE
"K00939",0.956,0,0.967,0.0133,0.321,0.00291,NA,"K00939",0.999598920863309,1,FALSE,FALSE,FALSE,FALSE
"K01772",0.985,0,0.83,0.0215,0.1,0.0151,NA,"K01772",0.999598920863309,1,FALSE,FALSE,FALSE,FALSE
"K03305",0.547,0,0.486,-0.0778,0.111,0.0491,NA,"K03305",0.999598920863309,1,FALSE,FALSE,FALSE,FALSE
"K05785",0.296,0,0.867,0.00892,0.0533,0.0118,NA,"K05785",0.999598920863309,1,FALSE,FALSE,FALSE,FALSE
"K01953",0.788,0,0.197,0.103,0.0794,0.091,NA,"K01953",0.824731605351171,1,FALSE,FALSE,FALSE,FALSE
"K02565",0.148,0,0.000196,-0.56,0.148,0.259,NA,"K02565",0.0265235675675676,0.981372,TRUE,FALSE,TRUE,FALSE
"K01443",0.724,0,0.178,-0.0841,0.0621,0.095,NA,"K01443",0.791515097690941,1,FALSE,FALSE,FALSE,FALSE
"K02804",0.394,0,0.313,-0.0631,0.0625,0.0711,NA,"K02804",0.950168352171327,1,FALSE,FALSE,FALSE,FALSE
"K01886",0.685,0,0.14,0.645,0.436,0.104,NA,"K01886",0.718175757575757,1,FALSE,FALSE,FALSE,FALSE
"K03711",0.946,0,0.102,0.332,0.202,0.115,NA,"K03711",0.634427329192547,1,FALSE,FALSE,FALSE,FALSE
"K01175",0.33,0,0.824,-0.0373,0.167,0.0157,NA,"K01175",0.999598920863309,1,FALSE,FALSE,FALSE,FALSE
"K01835",0.803,0,0.0285,0.475,0.215,0.154,NA,"K01835",0.419704411764706,1,FALSE,FALSE,FALSE,FALSE
"K09977",0.291,0,0.175,0.484,0.356,0.0956,NA,"K09977",0.786557450628366,1,FALSE,FALSE,FALSE,FALSE
"K01647",0.901,0,0.00524,-0.329,0.117,0.195,NA,"K01647",0.170368051948052,1,FALSE,FALSE,FALSE,FALSE
"K00241",0.803,0,0.424,-0.0659,0.0822,0.0564,NA,"K00241",0.998606694560669,1,FALSE,FALSE,FALSE,FALSE
"K00242",0.823,0,0.574,0.567,1.01,0.0397,NA,"K00242",0.999598920863309,1,FALSE,FALSE,FALSE,FALSE
"K00164",0.709,0,0.975,0.0113,0.362,0.0022,NA,"K00164",0.999598920863309,1,FALSE,FALSE,FALSE,FALSE
"K09816",0.596,0,0.533,-0.201,0.322,0.044,NA,"K09816",0.999598920863309,1,FALSE,FALSE,FALSE,FALSE
"K09817",0.611,0,0.751,0.0696,0.219,0.0224,NA,"K09817",0.999598920863309,1,FALSE,FALSE,FALSE,FALSE
"K09815",0.586,0,0.0459,0.293,0.146,0.14,NA,"K09815",0.509561946902655,1,FALSE,FALSE,FALSE,FALSE
"K19693",0.0837,0,0.986,0.00212,0.121,0.00124,NA,"K19693",0.999598920863309,1,FALSE,FALSE,FALSE,FALSE
"K04758",0.384,0,0.494,-0.0682,0.0995,0.0483,NA,"K04758",0.999598920863309,1,FALSE,FALSE,FALSE,FALSE
"K04759",0.384,0,0.494,-0.0682,0.0995,0.0483,NA,"K04759",0.999598920863309,1,FALSE,FALSE,FALSE,FALSE
"K10123",0.0739,0,0.721,-0.178,0.498,0.0252,NA,"K10123",0.999598920863309,1,FALSE,FALSE,FALSE,FALSE
"K01433",0.966,0,0.00595,0.804,0.289,0.192,NA,"K01433",0.187368867924528,1,FALSE,FALSE,FALSE,FALSE
"K03722",0.793,0,0.935,0.0421,0.512,0.0058,NA,"K03722",0.999598920863309,1,FALSE,FALSE,FALSE,FALSE
"K07285",0.192,0,0.29,-0.509,0.48,0.0746,NA,"K07285",0.933181233933162,1,FALSE,FALSE,FALSE,FALSE
"K03684",0.744,0,0.788,0.198,0.734,0.019,NA,"K03684",0.999598920863309,1,FALSE,FALSE,FALSE,FALSE
"K03608",0.645,0,0.00997,0.883,0.339,0.18,NA,"K03608",0.24959895,1,FALSE,FALSE,FALSE,FALSE
"K03609",0.768,0,0.0133,0.835,0.334,0.174,NA,"K03609",0.287636170212766,1,FALSE,FALSE,FALSE,FALSE
"K03610",0.768,0,0.0133,0.835,0.334,0.174,NA,"K03610",0.287636170212766,1,FALSE,FALSE,FALSE,FALSE
"K09906",0.227,0,0.626,-0.213,0.436,0.0344,NA,"K09906",0.999598920863309,1,FALSE,FALSE,FALSE,FALSE
"K15461",0.631,0,0.565,0.372,0.646,0.0406,NA,"K15461",0.999598920863309,1,FALSE,FALSE,FALSE,FALSE
"K00647",0.64,0,0.682,-0.0488,0.119,0.029,NA,"K00647",0.999598920863309,1,FALSE,FALSE,FALSE,FALSE
"K03473",0.429,0,0.561,-0.191,0.328,0.0411,NA,"K03473",0.999598920863309,1,FALSE,FALSE,FALSE,FALSE
"K06173",0.975,0,0.000488,1.07,0.301,0.243,NA,"K06173",0.0483028235294118,1,TRUE,FALSE,TRUE,FALSE
"K01963",0.837,0,0.789,-0.0992,0.371,0.0189,NA,"K01963",0.999598920863309,1,FALSE,FALSE,FALSE,FALSE
"K03749",0.547,0,0.946,-0.0519,0.762,0.00481,NA,"K03749,K05591,K25422",0.999598920863309,1,FALSE,FALSE,FALSE,FALSE
"K03558",0.931,0,0.827,0.062,0.283,0.0155,NA,"K03558",0.999598920863309,1,FALSE,FALSE,FALSE,FALSE
"K09790",0.67,0,0.579,0.0814,0.146,0.0392,NA,"K09790",0.999598920863309,1,FALSE,FALSE,FALSE,FALSE
"K00759",0.936,0,0.918,-0.0171,0.166,0.00728,NA,"K00759",0.999598920863309,1,FALSE,FALSE,FALSE,FALSE
"K09747",0.852,0,0.394,0.604,0.706,0.0602,NA,"K09747",0.989843452082288,1,FALSE,FALSE,FALSE,FALSE
"K06188",0.581,0,0.289,0.0723,0.068,0.0748,NA,"K06188",0.933181233933162,1,FALSE,FALSE,FALSE,FALSE
"K09160",0.576,0,0.58,0.39,0.704,0.039,NA,"K09160",0.999598920863309,1,FALSE,FALSE,FALSE,FALSE
"K01077",0.473,0,0.298,-0.0992,0.095,0.0734,NA,"K01077",0.937829038340666,1,FALSE,FALSE,FALSE,FALSE
"K03451",0.182,0,0.828,-0.0478,0.22,0.0153,NA,"K03451",0.999598920863309,1,FALSE,FALSE,FALSE,FALSE
"K00563",0.552,0,0.869,0.0296,0.179,0.0117,NA,"K00563",0.999598920863309,1,FALSE,FALSE,FALSE,FALSE
"K01792",0.473,0,0.942,0.0236,0.325,0.00513,NA,"K01792",0.999598920863309,1,FALSE,FALSE,FALSE,FALSE
"K00134",0.97,0,0.0684,0.461,0.251,0.128,NA,"K00134",0.563005997001499,1,FALSE,FALSE,FALSE,FALSE
"K01424",0.828,0,0.519,-0.0559,0.0865,0.0455,NA,"K01424",0.999598920863309,1,FALSE,FALSE,FALSE,FALSE
"K04773",0.828,0,0.0651,0.551,0.297,0.13,NA,"K04773",0.563005997001499,1,FALSE,FALSE,FALSE,FALSE
"K00219",0.547,0,0.87,-0.0304,0.185,0.0116,NA,"K00219",0.999598920863309,1,FALSE,FALSE,FALSE,FALSE
"K03169",0.635,0,0.0744,0.187,0.104,0.125,NA,"K03169",0.563005997001499,1,FALSE,FALSE,FALSE,FALSE
"K07014",0.251,0,0.865,0.056,0.328,0.012,NA,"K07014",0.999598920863309,1,FALSE,FALSE,FALSE,FALSE
"K09904",0.222,0,0.755,-0.0874,0.279,0.0221,NA,"K09904",0.999598920863309,1,FALSE,FALSE,FALSE,FALSE
"K06899",0.433,0,0.93,0.0162,0.185,0.00616,NA,"K06899",0.999598920863309,1,FALSE,FALSE,FALSE,FALSE
"K10716",0.379,0,0.98,-0.00258,0.103,0.00177,NA,"K10716",0.999598920863309,1,FALSE,FALSE,FALSE,FALSE
"K04072",0.192,0,0.14,-0.581,0.391,0.104,NA,"K04072",0.718175757575757,1,FALSE,FALSE,FALSE,FALSE
"K07396",0.591,0,0.616,-0.0429,0.0854,0.0354,NA,"K07396",0.999598920863309,1,FALSE,FALSE,FALSE,FALSE
"K07084",0.419,0,0.226,-0.406,0.334,0.0854,NA,"K07084",0.877674903474903,1,FALSE,FALSE,FALSE,FALSE
"K21218",0.34,0,0.244,0.496,0.424,0.0822,NA,"K10942,K10943,K21218",0.897756559766764,1,FALSE,FALSE,FALSE,FALSE
"K01759",0.818,0,0.519,0.131,0.203,0.0455,NA,"K01759",0.999598920863309,1,FALSE,FALSE,FALSE,FALSE
"K03612",0.419,0,0.605,-0.102,0.196,0.0365,NA,"K03612,K03614",0.999598920863309,1,FALSE,FALSE,FALSE,FALSE
"K03615",0.315,0,0.388,0.0941,0.109,0.0609,NA,"K03615",0.987689148073022,1,FALSE,FALSE,FALSE,FALSE
"K03616",0.557,0,0.361,-0.315,0.344,0.0645,NA,"K03616",0.973358642972536,1,FALSE,FALSE,FALSE,FALSE
"K10911",0.103,0,0.943,-0.00754,0.105,0.00505,NA,"K10911",0.999598920863309,1,FALSE,FALSE,FALSE,FALSE
"K03639",0.97,0,0.965,-0.0073,0.164,0.00314,NA,"K03635,K03637,K03639",0.999598920863309,1,FALSE,FALSE,FALSE,FALSE
"K03638",0.714,0,0.517,-0.126,0.195,0.0458,NA,"K03638",0.999598920863309,1,FALSE,FALSE,FALSE,FALSE
"K03636",0.956,0,0.785,-0.0437,0.16,0.0193,NA,"K03636",0.999598920863309,1,FALSE,FALSE,FALSE,FALSE
"K15580",0.562,0,0.555,0.0991,0.167,0.0417,NA,"K15580",0.999598920863309,1,FALSE,FALSE,FALSE,FALSE
"K15581",0.557,0,0.554,0.0955,0.161,0.0417,NA,"K15581",0.999598920863309,1,FALSE,FALSE,FALSE,FALSE
"K15582",0.547,0,0.554,0.0969,0.163,0.0418,NA,"K15582",0.999598920863309,1,FALSE,FALSE,FALSE,FALSE
"K07393",0.576,0,0.999,-0.000139,0.107,9.16e-05,NA,"K07393",0.999598920863309,1,FALSE,FALSE,FALSE,FALSE
"K13788",0.571,0,0.594,0.127,0.238,0.0376,NA,"K13788",0.999598920863309,1,FALSE,FALSE,FALSE,FALSE
"K00925",0.783,0,0.0495,0.302,0.153,0.138,NA,"K00925",0.530720556745182,1,FALSE,FALSE,FALSE,FALSE
"K01989",0.256,0,0.516,0.0814,0.125,0.0459,NA,"K01989",0.999598920863309,1,FALSE,FALSE,FALSE,FALSE
"K05541",0.478,0,0.469,-0.299,0.413,0.0511,NA,"K05541",0.999598920863309,1,FALSE,FALSE,FALSE,FALSE
"K07039",0.365,0,0.769,0.0317,0.108,0.0208,NA,"K07039",0.999598920863309,1,FALSE,FALSE,FALSE,FALSE
"K03611",0.586,0,0.216,0.445,0.359,0.0872,NA,"K03611",0.864374701670644,1,FALSE,FALSE,FALSE,FALSE
"K03314",0.251,0,0.835,-0.0212,0.102,0.0147,NA,"K03314",0.999598920863309,1,FALSE,FALSE,FALSE,FALSE
"K03603",0.241,0,0.0908,-0.779,0.458,0.119,NA,"K03603",0.602157631578947,1,FALSE,FALSE,FALSE,FALSE
"K00876",0.424,0,0.9,-0.0637,0.504,0.00892,NA,"K00876",0.999598920863309,1,FALSE,FALSE,FALSE,FALSE
"K07289",0.512,0,0.414,-0.171,0.208,0.0576,NA,"K07289",0.995165229885058,1,FALSE,FALSE,FALSE,FALSE
"K19221",0.665,0,0.000598,0.778,0.223,0.239,NA,"K19221",0.0527052631578947,1,FALSE,FALSE,TRUE,FALSE
"K08300",0.798,0,0.944,-0.00741,0.106,0.00494,NA,"K08300",0.999598920863309,1,FALSE,FALSE,FALSE,FALSE
"K07040",0.906,0,0.945,0.00796,0.115,0.00489,NA,"K07040",0.999598920863309,1,FALSE,FALSE,FALSE,FALSE
"K03621",0.773,0,0.583,0.3,0.546,0.0388,NA,"K03621",0.999598920863309,1,FALSE,FALSE,FALSE,FALSE
"K00645",0.961,0,0.85,0.0225,0.118,0.0134,NA,"K00645",0.999598920863309,1,FALSE,FALSE,FALSE,FALSE
"K02619",0.616,0,0.927,-0.0101,0.11,0.0065,NA,"K02619",0.999598920863309,1,FALSE,FALSE,FALSE,FALSE
"K03415",0.586,0,0.14,0.238,0.161,0.104,NA,"K03415",0.718175757575757,1,FALSE,FALSE,FALSE,FALSE
"K14162",0.591,0,0.496,0.258,0.379,0.048,NA,"K14162",0.999598920863309,1,FALSE,FALSE,FALSE,FALSE
"K14161",0.512,0,0.45,0.26,0.344,0.0533,NA,"K14161",0.999598920863309,1,FALSE,FALSE,FALSE,FALSE
"K14160",0.453,0,0.871,0.0291,0.179,0.0115,NA,"K14160",0.999598920863309,1,FALSE,FALSE,FALSE,FALSE
"K06415",0.69,0,0.223,0.272,0.223,0.0859,NA,"K06415,K07180,K09786",0.874362568519969,1,FALSE,FALSE,FALSE,FALSE
"K09161",0.158,0,0.0117,-0.297,0.117,0.177,NA,"K09161",0.267497260273973,1,FALSE,FALSE,FALSE,FALSE
"K04069",0.325,0,0.291,-0.0889,0.0839,0.0745,NA,"K04069",0.933399743754004,1,FALSE,FALSE,FALSE,FALSE
"K09953",0.113,0,0.214,-0.165,0.132,0.0877,NA,"K09953",0.862719806763285,1,FALSE,FALSE,FALSE,FALSE
"K00656",0.207,0,0.126,-0.548,0.357,0.108,NA,"K00656",0.687984732824428,1,FALSE,FALSE,FALSE,FALSE
"K10025",0.192,0,0.385,0.412,0.474,0.0613,NA,"K10025",0.984522471910112,1,FALSE,FALSE,FALSE,FALSE
"K10022",0.256,0,0.277,0.187,0.172,0.0767,NA,"K10022",0.923041114058356,1,FALSE,FALSE,FALSE,FALSE
"K10024",0.261,0,0.891,0.0537,0.39,0.00971,NA,"K10024",0.999598920863309,1,FALSE,FALSE,FALSE,FALSE
"K10023",0.266,0,0.873,-0.0284,0.177,0.0113,NA,"K10023",0.999598920863309,1,FALSE,FALSE,FALSE,FALSE
"K01142",0.975,0,0.0414,1.12,0.545,0.143,NA,"K01142,K01318,K02253,K06293,K06319,K06321,K06340,K06359,K06362,K06366,K06368,K06369,K06427,K06430,K06437,K13037,K15655,K15656,K15657,K16694,K16697,K16698,K16699,K16705,K16706,K18652,K18653,K18938,K19220,K19349,K19417,K19418,K19421,K19423,K19425,K19426,K19432,K19433,K19546,K19547,K19548,K19549,K19550,K20332,K20333,K21466,K25602,K26248,K26991",0.485456206088993,1,FALSE,FALSE,FALSE,FALSE
"K01354",0.744,0,0.558,-0.241,0.41,0.0414,NA,"K01354",0.999598920863309,1,FALSE,FALSE,FALSE,FALSE
"K18850",0.576,0,0.999,0.000245,0.237,7.28e-05,NA,"K18850",0.999598920863309,1,FALSE,FALSE,FALSE,FALSE
"K04067",0.187,0,0.752,-0.165,0.521,0.0223,NA,"K04067",0.999598920863309,1,FALSE,FALSE,FALSE,FALSE
"K06181",0.611,0,0.55,0.119,0.199,0.0422,NA,"K06181",0.999598920863309,1,FALSE,FALSE,FALSE,FALSE
"K06891",0.872,0,0.88,0.0836,0.554,0.0106,NA,"K06891",0.999598920863309,1,FALSE,FALSE,FALSE,FALSE
"K21420",0.586,0,0.793,-0.0659,0.25,0.0186,NA,"K21420",0.999598920863309,1,FALSE,FALSE,FALSE,FALSE
"K00684",0.739,0,0.807,-0.0742,0.303,0.0173,NA,"K00684",0.999598920863309,1,FALSE,FALSE,FALSE,FALSE
"K06077",0.562,0,0.171,-0.242,0.176,0.0964,NA,"K06077",0.784063186813187,1,FALSE,FALSE,FALSE,FALSE
"K03168",0.921,0,0.677,-0.0667,0.16,0.0294,NA,"K03168",0.999598920863309,1,FALSE,FALSE,FALSE,FALSE
"K00703",0.734,0,0.185,0.114,0.0857,0.0933,NA,"K00703",0.802681975736568,1,FALSE,FALSE,FALSE,FALSE
"K03533",0.0739,0,0.721,-0.178,0.498,0.0252,NA,"K03533",0.999598920863309,1,FALSE,FALSE,FALSE,FALSE
"K07772",0.128,0,0.0926,0.145,0.0857,0.118,NA,"K07772",0.60846220472441,1,FALSE,FALSE,FALSE,FALSE
"K06219",0.345,0,0.836,-0.0951,0.459,0.0146,NA,"K06219",0.999598920863309,1,FALSE,FALSE,FALSE,FALSE
"K15257",0.443,0,0.575,0.244,0.435,0.0396,NA,"K15257",0.999598920863309,1,FALSE,FALSE,FALSE,FALSE
"K15256",0.64,0,0.00267,-0.257,0.0846,0.21,NA,"K15256",0.124941028037383,1,FALSE,FALSE,FALSE,FALSE
"K01876",0.97,0,0.965,0.0209,0.481,0.00306,NA,"K01876",0.999598920863309,1,FALSE,FALSE,FALSE,FALSE
"K01159",0.906,0,0.42,-0.126,0.155,0.0569,NA,"K01159",0.998553765987684,1,FALSE,FALSE,FALSE,FALSE
"K03646",0.557,0,0.738,-0.0446,0.133,0.0236,NA,"K03646",0.999598920863309,1,FALSE,FALSE,FALSE,FALSE
"K03641",0.704,0,0.487,0.127,0.182,0.049,NA,"K03641",0.999598920863309,1,FALSE,FALSE,FALSE,FALSE
"K03640",0.709,0,0.904,0.0367,0.303,0.00856,NA,"K03640",0.999598920863309,1,FALSE,FALSE,FALSE,FALSE
"K28156",0.103,0,0.63,0.0458,0.0948,0.0341,NA,"K28156",0.999598920863309,1,FALSE,FALSE,FALSE,FALSE
"K00694",0.36,0,0.163,0.0754,0.0539,0.0982,NA,"K00694",0.762748598130841,1,FALSE,FALSE,FALSE,FALSE
"K20541",0.281,0,0.383,0.0514,0.0588,0.0615,NA,"K20541,K20543",0.981915514592934,1,FALSE,FALSE,FALSE,FALSE
"K20542",0.365,0,0.356,0.0499,0.054,0.0651,NA,"K20542",0.964030286641428,1,FALSE,FALSE,FALSE,FALSE
"K11688",0.665,0,0.0142,-0.131,0.0531,0.172,NA,"K11688",0.298736974789916,1,FALSE,FALSE,FALSE,FALSE
"K11689",0.591,0,0.0129,-0.127,0.0507,0.174,NA,"K11689",0.283290789473684,1,FALSE,FALSE,FALSE,FALSE
"K11690",0.552,0,0.00256,-0.151,0.0495,0.211,NA,"K11690",0.121868490566038,1,FALSE,FALSE,FALSE,FALSE
"K00285",0.611,0,0.758,0.0494,0.16,0.0218,NA,"K00285",0.999598920863309,1,FALSE,FALSE,FALSE,FALSE
"K03576",0.512,0,0.716,-0.0427,0.117,0.0257,NA,"K03576",0.999598920863309,1,FALSE,FALSE,FALSE,FALSE
"K09780",0.828,0,0.873,0.0127,0.0792,0.0113,NA,"K09780",0.999598920863309,1,FALSE,FALSE,FALSE,FALSE
"K10806",0.828,0,0.283,0.324,0.301,0.0758,NA,"K10806",0.9257734375,1,FALSE,FALSE,FALSE,FALSE
"K06190",0.635,0,0.936,0.0247,0.308,0.00566,NA,"K06190",0.999598920863309,1,FALSE,FALSE,FALSE,FALSE
"K07403",0.261,0,0.00917,0.188,0.0716,0.182,NA,"K07403",0.235457384615385,1,FALSE,FALSE,FALSE,FALSE
"K01657",0.906,0,0.824,-0.122,0.545,0.0157,NA,"K01657",0.999598920863309,1,FALSE,FALSE,FALSE,FALSE
"K07053",0.7,0,0.173,-0.218,0.159,0.096,NA,"K07053",0.786557450628366,1,FALSE,FALSE,FALSE,FALSE
"K06178",0.98,0,0.992,0.00385,0.396,0.000685,NA,"K06178,K15579",0.999598920863309,1,FALSE,FALSE,FALSE,FALSE
"K09901",0.217,0,0.328,-0.558,0.569,0.069,NA,"K09897,K09901,K15536,K19226,K19227,K19228",0.958482857142857,1,FALSE,FALSE,FALSE,FALSE
"K02336",0.483,0,0.564,0.0954,0.165,0.0407,NA,"K02336",0.999598920863309,1,FALSE,FALSE,FALSE,FALSE
"K07689",0.562,0,0.176,0.743,0.546,0.0954,NA,"K07689",0.787517426273458,1,FALSE,FALSE,FALSE,FALSE
"K13745",0.192,0,0.178,0.286,0.212,0.0948,NA,"K13745",0.791515097690941,1,FALSE,FALSE,FALSE,FALSE
"K00836",0.424,0,0.262,0.0859,0.0763,0.0791,NA,"K00836",0.909732316227462,1,FALSE,FALSE,FALSE,FALSE
"K13746",0.0443,0,0.849,0.094,0.493,0.0135,NA,"K13746",0.999598920863309,1,FALSE,FALSE,FALSE,FALSE
"K13747",0.163,0,0.428,0.0634,0.0799,0.0559,NA,"K13747",0.998606694560669,1,FALSE,FALSE,FALSE,FALSE
"K07308",0.069,0,0.836,-0.054,0.26,0.0146,NA,"K07308",0.999598920863309,1,FALSE,FALSE,FALSE,FALSE
"K07307",0.069,0,0.836,-0.054,0.26,0.0146,NA,"K07307",0.999598920863309,1,FALSE,FALSE,FALSE,FALSE
"K07306",0.069,0,0.836,-0.054,0.26,0.0146,NA,"K07306",0.999598920863309,1,FALSE,FALSE,FALSE,FALSE
"K11107",0.256,0,0.263,0.393,0.35,0.079,NA,"K11107",0.910049067035245,1,FALSE,FALSE,FALSE,FALSE
"K00526",0.842,0,0.671,-0.0795,0.187,0.03,NA,"K00526",0.999598920863309,1,FALSE,FALSE,FALSE,FALSE
"K03972",0.315,0,0.877,0.0121,0.0783,0.0109,NA,"K03972",0.999598920863309,1,FALSE,FALSE,FALSE,FALSE
"K03385",0.0739,0,0.911,-0.0188,0.167,0.00794,NA,"K03385",0.999598920863309,1,FALSE,FALSE,FALSE,FALSE
"K04013",0.064,0,0.917,-0.0181,0.174,0.00734,NA,"K04013,K04014,K04015",0.999598920863309,1,FALSE,FALSE,FALSE,FALSE
"K02198",0.591,0,0.884,-0.0263,0.18,0.0103,NA,"K02194,K02195,K02197,K02198",0.999598920863309,1,FALSE,FALSE,FALSE,FALSE
"K02199",0.709,0,0.507,-0.109,0.165,0.0469,NA,"K02199",0.999598920863309,1,FALSE,FALSE,FALSE,FALSE
"K02200",0.581,0,0.912,-0.0203,0.183,0.00783,NA,"K02200",0.999598920863309,1,FALSE,FALSE,FALSE,FALSE
"K01497",0.813,0,0.0181,0.347,0.146,0.166,NA,"K01497",0.340701879699248,1,FALSE,FALSE,FALSE,FALSE
"K07231",0.399,0,0.766,0.0428,0.144,0.021,NA,"K07231",0.999598920863309,1,FALSE,FALSE,FALSE,FALSE
"K07338",0.365,0,0.996,-0.000554,0.126,0.00031,NA,"K07338",0.999598920863309,1,FALSE,FALSE,FALSE,FALSE
"K09947",0.355,0,1,6.95e-05,0.154,3.18e-05,NA,"K09947",1,1,FALSE,FALSE,FALSE,FALSE
"K21470",0.493,0,0.667,0.0546,0.127,0.0303,NA,"K21470",0.999598920863309,1,FALSE,FALSE,FALSE,FALSE
"K02480",0.202,0,0.434,0.102,0.131,0.0552,NA,"K02480",0.999598920863309,1,FALSE,FALSE,FALSE,FALSE
"K16012",0.429,0,0.0313,-0.369,0.17,0.151,NA,"K16012",0.436543454038997,1,FALSE,FALSE,FALSE,FALSE
"K16013",0.443,0,0.0553,-0.331,0.172,0.135,NA,"K16013",0.554883967935872,1,FALSE,FALSE,FALSE,FALSE
"K03724",0.616,0,0.923,0.0074,0.0769,0.00679,NA,"K03724",0.999598920863309,1,FALSE,FALSE,FALSE,FALSE
"K02442",0.163,0,0.228,-0.095,0.0786,0.0849,NA,"K02442",0.878150769230769,1,FALSE,FALSE,FALSE,FALSE
"K03748",0.227,0,0.195,-0.179,0.138,0.0914,NA,"K03748",0.820474789915966,1,FALSE,FALSE,FALSE,FALSE
"K00027",0.478,0,0.679,-0.0521,0.126,0.0292,NA,"K00027",0.999598920863309,1,FALSE,FALSE,FALSE,FALSE
"K26063",0.36,0,0.269,-0.0612,0.0553,0.0779,NA,"K26063",0.915624065261727,1,FALSE,FALSE,FALSE,FALSE
"K28164",0.0197,0,0.684,-0.0537,0.131,0.0288,NA,"K28164",0.999598920863309,1,FALSE,FALSE,FALSE,FALSE
"K01745",0.897,0,0.219,0.148,0.12,0.0866,NA,"K01745",0.867510284810127,1,FALSE,FALSE,FALSE,FALSE
"K01712",0.867,0,0.125,0.132,0.0859,0.108,NA,"K01712",0.687019758507135,1,FALSE,FALSE,FALSE,FALSE
"K01479",0.394,0,0.575,0.0619,0.11,0.0396,NA,"K01479",0.999598920863309,1,FALSE,FALSE,FALSE,FALSE
"K01468",0.877,0,0.0223,0.258,0.112,0.16,NA,"K01468",0.376353973509934,1,FALSE,FALSE,FALSE,FALSE
"K05836",0.64,0,0.00375,0.44,0.15,0.203,NA,"K05836",0.141174812030075,1,FALSE,FALSE,FALSE,FALSE
"K09900",0.0837,0,0.632,0.0872,0.182,0.0339,NA,"K09900",0.999598920863309,1,FALSE,FALSE,FALSE,FALSE
"K00154",0.512,0,0.795,-0.0308,0.118,0.0183,NA,"K00154",0.999598920863309,1,FALSE,FALSE,FALSE,FALSE
"K01585",0.35,0,0.305,-0.111,0.108,0.0723,NA,"K01585",0.942675925925926,1,FALSE,FALSE,FALSE,FALSE
"K01480",0.759,0,0.958,-0.00714,0.135,0.00374,NA,"K01480",0.999598920863309,1,FALSE,FALSE,FALSE,FALSE
"K01713",0.325,0,0.9,0.00915,0.0725,0.00889,NA,"K01713",0.999598920863309,1,FALSE,FALSE,FALSE,FALSE
"K01625",0.936,0,0.371,-0.113,0.126,0.0632,NA,"K01625",0.97633889468196,1,FALSE,FALSE,FALSE,FALSE
"K00874",0.719,0,0.471,-0.042,0.0581,0.0509,NA,"K00874",0.999598920863309,1,FALSE,FALSE,FALSE,FALSE
"K26933",0.369,0,0.00184,-0.258,0.0818,0.217,NA,"K26933",0.100678387096774,1,FALSE,FALSE,FALSE,FALSE
"K20525",0.207,0,0.335,-0.143,0.148,0.068,NA,"K20525",0.958482857142857,1,FALSE,FALSE,FALSE,FALSE
"K22110",0.153,0,0.182,-0.125,0.0931,0.0941,NA,"K22110",0.797963222416813,1,FALSE,FALSE,FALSE,FALSE
"K01729",0.355,0,0.0859,-0.195,0.113,0.121,NA,"K01729",0.595576763485477,1,FALSE,FALSE,FALSE,FALSE
"K06946",0.128,0,0.401,0.174,0.206,0.0593,NA,"K06946",0.994456166419019,1,FALSE,FALSE,FALSE,FALSE
"K01667",0.0887,0,0.972,-0.00468,0.132,0.00251,NA,"K01667",0.999598920863309,1,FALSE,FALSE,FALSE,FALSE
"K08604",0.0985,0,0.915,-0.00949,0.0888,0.00754,NA,"K08604",0.999598920863309,1,FALSE,FALSE,FALSE,FALSE
"K01129",0.867,0,0.997,0.00266,0.642,0.000292,NA,"K01129",0.999598920863309,1,FALSE,FALSE,FALSE,FALSE
"K17837",0.153,0,0.579,0.0428,0.0769,0.0392,NA,"K17837",0.999598920863309,1,FALSE,FALSE,FALSE,FALSE
"K06897",0.064,0,0.745,0.0234,0.072,0.023,NA,"K06897",0.999598920863309,1,FALSE,FALSE,FALSE,FALSE
"K19270",0.394,0,0.273,-0.0778,0.0708,0.0773,NA,"K19270",0.91985935397039,1,FALSE,FALSE,FALSE,FALSE
"K07038",0.768,0,0.98,0.00223,0.0871,0.00181,NA,"K07038",0.999598920863309,1,FALSE,FALSE,FALSE,FALSE
"K09771",0.759,0,0.987,0.000992,0.0629,0.00111,NA,"K09771",0.999598920863309,1,FALSE,FALSE,FALSE,FALSE
"K01299",0.325,0,0.233,0.363,0.303,0.0841,NA,"K01299",0.884481425322214,1,FALSE,FALSE,FALSE,FALSE
"K01993",0.335,0,0.771,-0.016,0.0549,0.0206,NA,"K01993",0.999598920863309,1,FALSE,FALSE,FALSE,FALSE
"K02475",0.123,0,0.0241,0.205,0.09,0.158,NA,"K02475",0.385523003194888,1,FALSE,FALSE,FALSE,FALSE
"K00036",0.897,0,0.286,0.247,0.231,0.0752,NA,"K00036",0.92746243523316,1,FALSE,FALSE,FALSE,FALSE
"K01057",0.665,0,0.519,-0.125,0.194,0.0455,NA,"K01057",0.999598920863309,1,FALSE,FALSE,FALSE,FALSE
"K00033",0.803,0,0.235,0.239,0.201,0.0837,NA,"K00033",0.886695553880934,1,FALSE,FALSE,FALSE,FALSE
"K07794",0.67,0,0.175,0.0932,0.0685,0.0956,NA,"K07794",0.786557450628366,1,FALSE,FALSE,FALSE,FALSE
"K11527",0.458,0,0.106,-0.1,0.0615,0.114,NA,"K11527",0.640992753623188,1,FALSE,FALSE,FALSE,FALSE
"K11902",0.31,0,0.635,0.0215,0.0451,0.0335,NA,"K11902",0.999598920863309,1,FALSE,FALSE,FALSE,FALSE
"K03417",0.562,0,0.0234,-0.382,0.167,0.159,NA,"K03417",0.381641042345277,1,FALSE,FALSE,FALSE,FALSE
"K01659",0.709,0,0.17,-0.173,0.126,0.0968,NA,"K01659",0.780908256880734,1,FALSE,FALSE,FALSE,FALSE
"K20455",0.414,0,0.685,-0.057,0.14,0.0287,NA,"K20455",0.999598920863309,1,FALSE,FALSE,FALSE,FALSE
"K09788",0.419,0,0.412,-0.106,0.129,0.0579,NA,"K09788",0.995165229885058,1,FALSE,FALSE,FALSE,FALSE
"K01908",0.463,0,0.374,0.0836,0.0938,0.0628,NA,"K01908",0.97633889468196,1,FALSE,FALSE,FALSE,FALSE
"K04062",0.463,0,0.294,0.174,0.165,0.074,NA,"K04062",0.933454660748256,1,FALSE,FALSE,FALSE,FALSE
"K10026",0.833,0,0.884,0.0297,0.204,0.0103,NA,"K10026",0.999598920863309,1,FALSE,FALSE,FALSE,FALSE
"K06920",0.798,0,0.617,0.0931,0.186,0.0353,NA,"K06920",0.999598920863309,1,FALSE,FALSE,FALSE,FALSE
"K20862",0.512,0,0.189,-0.408,0.31,0.0926,NA,"K20862",0.80951497005988,1,FALSE,FALSE,FALSE,FALSE
"K03733",0.685,0,0.657,-0.0776,0.174,0.0314,NA,"K03733",0.999598920863309,1,FALSE,FALSE,FALSE,FALSE
"K09921",0.552,0,0.918,-0.0492,0.48,0.00723,NA,"K09921",0.999598920863309,1,FALSE,FALSE,FALSE,FALSE
"K06202",0.443,0,0.1,-0.338,0.205,0.116,NA,"K06202",0.630604534005038,1,FALSE,FALSE,FALSE,FALSE
"K05851",0.32,0,0.471,0.349,0.483,0.0509,NA,"K05851",0.999598920863309,1,FALSE,FALSE,FALSE,FALSE
"K01776",0.961,0,0.177,0.812,0.6,0.0951,NA,"K01776",0.789874331550802,1,FALSE,FALSE,FALSE,FALSE
"K08985",0.207,0,0.313,0.421,0.416,0.0712,NA,"K08985",0.950168352171327,1,FALSE,FALSE,FALSE,FALSE
"K20964",0.118,0,0.788,0.112,0.417,0.019,NA,"K20964",0.999598920863309,1,FALSE,FALSE,FALSE,FALSE
"K02439",0.433,0,0.868,0.115,0.695,0.0117,NA,"K02439",0.999598920863309,1,FALSE,FALSE,FALSE,FALSE
"K09811",0.911,0,0.394,-0.481,0.563,0.0601,NA,"K09811",0.989843452082288,1,FALSE,FALSE,FALSE,FALSE
"K09812",0.897,0,0.000569,-1.14,0.325,0.24,NA,"K09812",0.0527052631578947,1,FALSE,FALSE,TRUE,FALSE
"K02492",0.872,0,0.272,-1.27,1.16,0.0774,NA,"K00220,K02492,K07556,K09985,K09987,K11352,K13581,K13583,K13584,K13588,K18164",0.918343897505057,1,FALSE,FALSE,FALSE,FALSE
"K03791",0.271,0,0.648,-0.0204,0.0446,0.0322,NA,"K03791",0.999598920863309,1,FALSE,FALSE,FALSE,FALSE
"K14540",0.379,0,0.338,-0.349,0.363,0.0677,NA,"K14540",0.962031561461794,1,FALSE,FALSE,FALSE,FALSE
"K00507",0.498,0,0.953,0.00528,0.0889,0.00419,NA,"K00507",0.999598920863309,1,FALSE,FALSE,FALSE,FALSE
"K01809",0.419,0,0.033,-0.2,0.0931,0.15,NA,"K01809",0.43944414893617,1,FALSE,FALSE,FALSE,FALSE
"K15524",0.113,0,0.631,-0.0509,0.106,0.0339,NA,"K15524",0.999598920863309,1,FALSE,FALSE,FALSE,FALSE
"K11200",0.0837,0,0.943,-0.00888,0.124,0.00503,NA,"K11200",0.999598920863309,1,FALSE,FALSE,FALSE,FALSE
"K02768",0.212,0,0.82,-0.0395,0.174,0.0161,NA,"K02768",0.999598920863309,1,FALSE,FALSE,FALSE,FALSE
"K11922",0.0985,0,0.93,-0.0105,0.12,0.00617,NA,"K11922",0.999598920863309,1,FALSE,FALSE,FALSE,FALSE
"K03710",0.862,0,0.606,0.0447,0.0866,0.0364,NA,"K03710",0.999598920863309,1,FALSE,FALSE,FALSE,FALSE
"K07283",0.433,0,0.312,-0.0893,0.0882,0.0713,NA,"K07283",0.950168352171327,1,FALSE,FALSE,FALSE,FALSE
"K03326",0.113,0,0.741,-0.0832,0.251,0.0233,NA,"K03326,K07792",0.999598920863309,1,FALSE,FALSE,FALSE,FALSE
"K07685",0.103,0,0.288,-0.271,0.255,0.075,NA,"K07685",0.93153488372093,1,FALSE,FALSE,FALSE,FALSE
"K07674",0.133,0,0.873,-0.0307,0.192,0.0113,NA,"K07674",0.999598920863309,1,FALSE,FALSE,FALSE,FALSE
"K02572",0.197,0,0.253,-0.116,0.101,0.0806,NA,"K02572",0.902258547008547,1,FALSE,FALSE,FALSE,FALSE
"K02570",0.286,0,0.926,0.00621,0.067,0.00655,NA,"K02569,K02570",0.999598920863309,1,FALSE,FALSE,FALSE,FALSE
"K02567",0.291,0,0.92,0.00666,0.0662,0.00709,NA,"K02567,K02568",0.999598920863309,1,FALSE,FALSE,FALSE,FALSE
"K03821",0.527,0,0.0501,0.205,0.104,0.138,NA,"K03821",0.531269052631579,1,FALSE,FALSE,FALSE,FALSE
"K00626",0.798,0,0.406,0.12,0.144,0.0586,NA,"K00626",0.995165229885058,1,FALSE,FALSE,FALSE,FALSE
"K00023",0.345,0,0.0135,0.157,0.063,0.173,NA,"K00023",0.287636170212766,1,FALSE,FALSE,FALSE,FALSE
"K09923",0.315,0,0.313,-0.166,0.164,0.0711,NA,"K09923",0.950168352171327,1,FALSE,FALSE,FALSE,FALSE
"K07093",0.768,0,0.564,-0.0351,0.0607,0.0407,NA,"K07093",0.999598920863309,1,FALSE,FALSE,FALSE,FALSE
"K03281",0.507,0,0.847,0.0153,0.0789,0.0137,NA,"K03281",0.999598920863309,1,FALSE,FALSE,FALSE,FALSE
"K05916",0.823,0,0.117,0.174,0.111,0.11,NA,"K05916",0.666460750853242,1,FALSE,FALSE,FALSE,FALSE
"K12266",0.409,0,0.48,-0.0657,0.0929,0.0498,NA,"K12266",0.999598920863309,1,FALSE,FALSE,FALSE,FALSE
"K16137",0.754,0,0.437,-0.0482,0.0619,0.0548,NA,"K16137",0.999598920863309,1,FALSE,FALSE,FALSE,FALSE
"K23256",0.507,0,0.0966,-0.122,0.0732,0.117,NA,"K23256",0.623780694980695,1,FALSE,FALSE,FALSE,FALSE
"K21606",0.0739,0,0.804,-0.051,0.205,0.0175,NA,"K21606",0.999598920863309,1,FALSE,FALSE,FALSE,FALSE
"K01183",0.232,0,0.126,-0.155,0.101,0.108,NA,"K01183",0.687984732824428,1,FALSE,FALSE,FALSE,FALSE
"K21741",0.251,0,0.997,0.000164,0.0505,0.00023,NA,"K21741",0.999598920863309,1,FALSE,FALSE,FALSE,FALSE
"K08325",0.325,0,0.666,-0.0732,0.169,0.0305,NA,"K08325",0.999598920863309,1,FALSE,FALSE,FALSE,FALSE
"K03826",0.256,0,0.767,-0.0213,0.0717,0.0209,NA,"K03826",0.999598920863309,1,FALSE,FALSE,FALSE,FALSE
"K07787",0.35,0,0.84,-0.0107,0.0528,0.0143,NA,"K07787",0.999598920863309,1,FALSE,FALSE,FALSE,FALSE
"K07798",0.355,0,0.836,-0.0109,0.0527,0.0146,NA,"K07798",0.999598920863309,1,FALSE,FALSE,FALSE,FALSE
"K07796",0.222,0,0.909,0.00689,0.06,0.0081,NA,"K07796",0.999598920863309,1,FALSE,FALSE,FALSE,FALSE
"K12542",0.557,0,0.309,-0.0723,0.071,0.0717,NA,"K12542",0.949179754601227,1,FALSE,FALSE,FALSE,FALSE
"K09758",0.103,0,0.622,-0.0475,0.0963,0.0348,NA,"K09758",0.999598920863309,1,FALSE,FALSE,FALSE,FALSE
"K13653",0.345,0,0.413,0.0666,0.0813,0.0577,NA,"K13653",0.995165229885058,1,FALSE,FALSE,FALSE,FALSE
"K21430",0.818,0,0.503,-0.0937,0.14,0.0473,NA,"K21430",0.999598920863309,1,FALSE,FALSE,FALSE,FALSE
"K01185",0.256,0,0.466,0.0338,0.0463,0.0514,NA,"K01185",0.999598920863309,1,FALSE,FALSE,FALSE,FALSE
"K21029",0.473,0,0.986,0.00214,0.126,0.0012,NA,"K21029",0.999598920863309,1,FALSE,FALSE,FALSE,FALSE
"K01011",0.906,0,0.381,0.165,0.188,0.0618,NA,"K01011",0.981815234173958,1,FALSE,FALSE,FALSE,FALSE
"K00616",0.975,0,0.506,-0.195,0.292,0.0469,NA,"K00616",0.999598920863309,1,FALSE,FALSE,FALSE,FALSE
"K03776",0.458,0,0.263,0.11,0.098,0.079,NA,"K03776",0.910049067035245,1,FALSE,FALSE,FALSE,FALSE
"K09607",0.197,0,0.986,-0.00118,0.069,0.00121,NA,"K09607",0.999598920863309,1,FALSE,FALSE,FALSE,FALSE
"K07679",0.325,0,0.557,0.0513,0.0872,0.0414,NA,"K07679",0.999598920863309,1,FALSE,FALSE,FALSE,FALSE
"K25285",0.31,0,0.546,-0.0845,0.14,0.0426,NA,"K25284,K25285",0.999598920863309,1,FALSE,FALSE,FALSE,FALSE
"K25283",0.404,0,0.805,-0.0177,0.0715,0.0174,NA,"K25283",0.999598920863309,1,FALSE,FALSE,FALSE,FALSE
"K25282",0.325,0,0.586,-0.0499,0.0915,0.0385,NA,"K25282",0.999598920863309,1,FALSE,FALSE,FALSE,FALSE
"K07267",0.305,0,0.286,0.15,0.14,0.0752,NA,"K07267",0.92746243523316,1,FALSE,FALSE,FALSE,FALSE
"K00878",0.325,0,0.636,-0.0673,0.142,0.0334,NA,"K00878",0.999598920863309,1,FALSE,FALSE,FALSE,FALSE
"K03707",0.35,0,0.984,0.0021,0.107,0.00139,NA,"K03707",0.999598920863309,1,FALSE,FALSE,FALSE,FALSE
"K15598",0.172,0,0.649,-0.0595,0.131,0.0321,NA,"K15598",0.999598920863309,1,FALSE,FALSE,FALSE,FALSE
"K15599",0.167,0,0.194,-0.164,0.126,0.0914,NA,"K15599",0.818330244313395,1,FALSE,FALSE,FALSE,FALSE
"K02050",0.847,0,0.901,0.0145,0.117,0.00874,NA,"K02050",0.999598920863309,1,FALSE,FALSE,FALSE,FALSE
"K15600",0.148,0,0.268,-0.171,0.154,0.078,NA,"K15600",0.91408446866485,1,FALSE,FALSE,FALSE,FALSE
"K00941",0.665,0,0.936,-0.0172,0.215,0.00564,NA,"K00941",0.999598920863309,1,FALSE,FALSE,FALSE,FALSE
"K03298",0.281,0,0.839,0.0153,0.0752,0.0143,NA,"K03298",0.999598920863309,1,FALSE,FALSE,FALSE,FALSE
"K03765",0.0542,0,0.949,-0.00665,0.103,0.00454,NA,"K03765",0.999598920863309,1,FALSE,FALSE,FALSE,FALSE
"K01507",0.739,0,0.983,0.00253,0.12,0.00149,NA,"K01507",0.999598920863309,1,FALSE,FALSE,FALSE,FALSE
"K00364",0.236,0,0.725,-0.0528,0.15,0.0249,NA,"K00364",0.999598920863309,1,FALSE,FALSE,FALSE,FALSE
"K10680",0.828,0,0.346,0.0626,0.0663,0.0665,NA,"K10680",0.962031561461794,1,FALSE,FALSE,FALSE,FALSE
"K05782",0.7,0,0.0564,0.131,0.0683,0.134,NA,"K05782",0.556991715976331,1,FALSE,FALSE,FALSE,FALSE
"K23779",0.596,0,0.405,0.0569,0.0682,0.0588,NA,"K23779",0.995165229885058,1,FALSE,FALSE,FALSE,FALSE
"K05592",0.901,0,0.953,0.025,0.427,0.00414,NA,"K05592",0.999598920863309,1,FALSE,FALSE,FALSE,FALSE
"K01147",0.241,0,0.396,0.209,0.245,0.0599,NA,"K01147",0.991386,1,FALSE,FALSE,FALSE,FALSE
"K28224",0.512,0,0.694,-0.0387,0.0982,0.0278,NA,"K28224",0.999598920863309,1,FALSE,FALSE,FALSE,FALSE
"K01493",0.232,0,0.567,0.0643,0.112,0.0404,NA,"K01493",0.999598920863309,1,FALSE,FALSE,FALSE,FALSE
"K03437",0.631,0,0.223,-0.205,0.168,0.0858,NA,"K03437",0.874362568519969,1,FALSE,FALSE,FALSE,FALSE
"K05524",0.655,0,0.945,-0.0111,0.159,0.00491,NA,"K05524",0.999598920863309,1,FALSE,FALSE,FALSE,FALSE
"K07137",0.429,0,0.00662,0.291,0.106,0.19,NA,"K07137",0.202111829268293,1,FALSE,FALSE,FALSE,FALSE
"K04719",0.453,0,8.89e-07,0.837,0.165,0.337,NA,"K04719",0.0007418705,0.004451223,TRUE,TRUE,TRUE,TRUE
"K06934",0.118,0,0.913,-0.00725,0.0662,0.00772,NA,"K06934",0.999598920863309,1,FALSE,FALSE,FALSE,FALSE
"K12541",0.547,0,0.302,-0.075,0.0724,0.0729,NA,"K12541",0.941328385899814,1,FALSE,FALSE,FALSE,FALSE
"K03565",0.975,0,0.141,-0.55,0.372,0.104,NA,"K03565",0.718175757575757,1,FALSE,FALSE,FALSE,FALSE
"K08344",0.232,0,0.887,-0.0174,0.122,0.01,NA,"K08344",0.999598920863309,1,FALSE,FALSE,FALSE,FALSE
"K06911",0.921,0,0.000428,0.366,0.102,0.245,NA,"K06911",0.04464575,1,TRUE,FALSE,TRUE,FALSE
"K00798",0.695,0,0.692,0.0786,0.198,0.0279,NA,"K00798",0.999598920863309,1,FALSE,FALSE,FALSE,FALSE
"K07226",0.443,0,0.906,0.0117,0.0989,0.00832,NA,"K07226",0.999598920863309,1,FALSE,FALSE,FALSE,FALSE
"K07227",0.0837,0,0.0362,-0.686,0.325,0.147,NA,"K07227",0.45742962962963,1,FALSE,FALSE,FALSE,FALSE
"K21936",0.0887,0,0.785,0.0306,0.112,0.0193,NA,"K21936",0.999598920863309,1,FALSE,FALSE,FALSE,FALSE
"K25132",0.507,0,0.0162,-0.124,0.051,0.169,NA,"K25132",0.318091764705882,1,FALSE,FALSE,FALSE,FALSE
"K25133",0.567,0,0.287,-0.0696,0.0651,0.0751,NA,"K25133",0.929501293661061,1,FALSE,FALSE,FALSE,FALSE
"K02015",0.719,0,0.515,-0.0555,0.0851,0.0459,NA,"K02015",0.999598920863309,1,FALSE,FALSE,FALSE,FALSE
"K10834",0.488,0,0.264,-0.0784,0.07,0.0788,NA,"K10834",0.911619310344828,1,FALSE,FALSE,FALSE,FALSE
"K01916",0.709,0,0.955,0.00745,0.133,0.00396,NA,"K01916",0.999598920863309,1,FALSE,FALSE,FALSE,FALSE
"K07140",0.517,0,0.383,-0.116,0.132,0.0616,NA,"K07140",0.981915514592934,1,FALSE,FALSE,FALSE,FALSE
"K09781",0.68,0,0.745,-0.0301,0.0927,0.0229,NA,"K09781",0.999598920863309,1,FALSE,FALSE,FALSE,FALSE
"K07256",0.133,0,0.204,-0.165,0.13,0.0895,NA,"K07256",0.840681481481481,1,FALSE,FALSE,FALSE,FALSE
"K07255",0.128,0,0.974,0.00632,0.193,0.00231,NA,"K07255",0.999598920863309,1,FALSE,FALSE,FALSE,FALSE
"K03852",0.182,0,0.796,0.0319,0.123,0.0182,NA,"K03852",0.999598920863309,1,FALSE,FALSE,FALSE,FALSE
"K09882",0.217,0,0.628,0.0534,0.11,0.0342,NA,"K09882",0.999598920863309,1,FALSE,FALSE,FALSE,FALSE
"K09883",0.217,0,0.628,0.0534,0.11,0.0342,NA,"K09883",0.999598920863309,1,FALSE,FALSE,FALSE,FALSE
"K00625",0.266,0,0.222,0.142,0.116,0.0861,NA,"K00625",0.874362568519969,1,FALSE,FALSE,FALSE,FALSE
"K00135",0.936,0,0.973,0.00445,0.131,0.0024,NA,"K00135",0.999598920863309,1,FALSE,FALSE,FALSE,FALSE
"K01638",0.901,0,0.336,-0.205,0.212,0.0679,NA,"K01638",0.959698802053622,1,FALSE,FALSE,FALSE,FALSE
"K01637",0.887,0,0.234,-0.234,0.196,0.0839,NA,"K01637",0.886261724659607,1,FALSE,FALSE,FALSE,FALSE
"K01387",0.0985,0,0.487,-0.137,0.198,0.049,NA,"K01387",0.999598920863309,1,FALSE,FALSE,FALSE,FALSE
"K00065",0.537,0,0.253,0.0644,0.0562,0.0807,NA,"K00065",0.902258547008547,1,FALSE,FALSE,FALSE,FALSE
"K10110",0.148,0,0.0975,-0.621,0.373,0.117,NA,"K10108,K10109,K10110",0.625875,1,FALSE,FALSE,FALSE,FALSE
"K07114",0.631,0,0.686,0.0515,0.127,0.0285,NA,"K07114",0.999598920863309,1,FALSE,FALSE,FALSE,FALSE
"K01046",0.409,0,0.449,-0.0542,0.0714,0.0534,NA,"K01046",0.999598920863309,1,FALSE,FALSE,FALSE,FALSE
"K06078",0.172,0,0.683,0.0631,0.154,0.0288,NA,"K06078",0.999598920863309,1,FALSE,FALSE,FALSE,FALSE
"K19236",0.128,0,0.919,-0.0162,0.159,0.00719,NA,"K19236",0.999598920863309,1,FALSE,FALSE,FALSE,FALSE
"K08163",0.0936,0,0.893,-0.0189,0.14,0.00951,NA,"K08163",0.999598920863309,1,FALSE,FALSE,FALSE,FALSE
"K23775",0.867,0,0.229,0.145,0.12,0.0848,NA,"K23775",0.878622988505747,1,FALSE,FALSE,FALSE,FALSE
"K04063",0.946,0,0.948,0.0178,0.271,0.00465,NA,"K04063",0.999598920863309,1,FALSE,FALSE,FALSE,FALSE
"K11203",0.0739,0,0.856,-0.026,0.143,0.0128,NA,"K11203",0.999598920863309,1,FALSE,FALSE,FALSE,FALSE
"K02770",0.567,0,0.146,0.205,0.14,0.102,NA,"K02770",0.721640671273445,1,FALSE,FALSE,FALSE,FALSE
"K10195",0.128,0,0.086,-0.148,0.0857,0.121,NA,"K10195",0.595576763485477,1,FALSE,FALSE,FALSE,FALSE
"K14054",0.0936,0,0.734,-0.12,0.353,0.024,NA,"K14054",0.999598920863309,1,FALSE,FALSE,FALSE,FALSE
"K03297",0.64,0,0.628,0.0367,0.0756,0.0342,NA,"K03297",0.999598920863309,1,FALSE,FALSE,FALSE,FALSE
"K00121",0.68,0,0.682,-0.0637,0.155,0.029,NA,"K00121",0.999598920863309,1,FALSE,FALSE,FALSE,FALSE
"K01070",0.685,0,0.856,0.0354,0.195,0.0128,NA,"K01070",0.999598920863309,1,FALSE,FALSE,FALSE,FALSE
"K00138",0.778,0,0.605,-0.0402,0.0775,0.0365,NA,"K00138",0.999598920863309,1,FALSE,FALSE,FALSE,FALSE
"K21405",0.557,0,0.72,-0.0312,0.0871,0.0253,NA,"K21405",0.999598920863309,1,FALSE,FALSE,FALSE,FALSE
"K07727",0.384,0,0.775,0.0192,0.067,0.0202,NA,"K07727",0.999598920863309,1,FALSE,FALSE,FALSE,FALSE
"K06950",0.522,0,0.111,0.125,0.0779,0.112,NA,"K06950",0.653855294117647,1,FALSE,FALSE,FALSE,FALSE
"K01246",0.857,0,0.135,0.579,0.386,0.105,NA,"K01246",0.713775079197466,1,FALSE,FALSE,FALSE,FALSE
"K13481",0.537,0,0.0735,0.244,0.136,0.126,NA,"K13481,K13482",0.563005997001499,1,FALSE,FALSE,FALSE,FALSE
"K07402",0.847,0,0.195,0.117,0.0896,0.0914,NA,"K07402",0.820474789915966,1,FALSE,FALSE,FALSE,FALSE
"K01487",0.621,0,0.0713,0.188,0.104,0.127,NA,"K01487",0.563005997001499,1,FALSE,FALSE,FALSE,FALSE
"K01607",0.833,0,0.706,0.0322,0.0854,0.0266,NA,"K01607",0.999598920863309,1,FALSE,FALSE,FALSE,FALSE
"K21745",0.172,0,0.00432,0.236,0.0817,0.2,NA,"K21745",0.15126041958042,1,FALSE,FALSE,FALSE,FALSE
"K01483",0.409,0,0.136,0.213,0.142,0.105,NA,"K01483",0.715285714285714,1,FALSE,FALSE,FALSE,FALSE
"K01477",0.256,0,0.433,0.088,0.112,0.0554,NA,"K01477",0.999598920863309,1,FALSE,FALSE,FALSE,FALSE
"K16842",0.586,0,0.108,0.164,0.102,0.113,NA,"K16842",0.646837320574163,1,FALSE,FALSE,FALSE,FALSE
"K07127",0.764,0,0.111,0.137,0.0857,0.112,NA,"K07127",0.653855294117647,1,FALSE,FALSE,FALSE,FALSE
"K18456",0.31,0,0.549,0.0576,0.0959,0.0423,NA,"K18456",0.999598920863309,1,FALSE,FALSE,FALSE,FALSE
"K12960",0.325,0,0.159,0.236,0.167,0.0993,NA,"K12960",0.753894886363636,1,FALSE,FALSE,FALSE,FALSE
"K09017",0.606,0,0.377,0.113,0.128,0.0624,NA,"K09017",0.980082554517134,1,FALSE,FALSE,FALSE,FALSE
"K11529",0.355,0,0.715,0.0288,0.0788,0.0258,NA,"K11529",0.999598920863309,1,FALSE,FALSE,FALSE,FALSE
"K00042",0.557,0,0.112,0.127,0.0796,0.112,NA,"K00042",0.656655737704918,1,FALSE,FALSE,FALSE,FALSE
"K01608",0.384,0,0.18,0.126,0.0934,0.0944,NA,"K01608",0.796166077738516,1,FALSE,FALSE,FALSE,FALSE
"K15269",0.32,0,0.968,-0.00228,0.0569,0.00283,NA,"K15269",0.999598920863309,1,FALSE,FALSE,FALSE,FALSE
"K07790",0.0936,0,0.414,0.0534,0.0652,0.0576,NA,"K07790",0.995165229885058,1,FALSE,FALSE,FALSE,FALSE
"K02281",0.163,0,0.403,-0.0839,0.1,0.059,NA,"K02281",0.994490389354362,1,FALSE,FALSE,FALSE,FALSE
"K06975",0.744,0,0.462,-0.0848,0.115,0.0519,NA,"K06975",0.999598920863309,1,FALSE,FALSE,FALSE,FALSE
"K05350",0.172,0,0.885,0.0151,0.104,0.0102,NA,"K05350",0.999598920863309,1,FALSE,FALSE,FALSE,FALSE
"K10241",0.108,0,0.836,-0.0349,0.169,0.0146,NA,"K10241",0.999598920863309,1,FALSE,FALSE,FALSE,FALSE
"K10240",0.108,0,0.836,-0.0349,0.169,0.0146,NA,"K10240",0.999598920863309,1,FALSE,FALSE,FALSE,FALSE
"K02027",0.783,0,0.71,0.0268,0.0721,0.0262,NA,"K02027",0.999598920863309,1,FALSE,FALSE,FALSE,FALSE
"K01322",0.399,0,0.994,0.000894,0.114,0.000554,NA,"K01322",0.999598920863309,1,FALSE,FALSE,FALSE,FALSE
"K03303",0.527,0,0.411,0.063,0.0764,0.0581,NA,"K03303",0.995165229885058,1,FALSE,FALSE,FALSE,FALSE
"K18930",0.261,0,0.96,-0.00477,0.0949,0.00354,NA,"K18930",0.999598920863309,1,FALSE,FALSE,FALSE,FALSE
"K05825",0.695,0,0.919,-0.00915,0.0897,0.00719,NA,"K05825",0.999598920863309,1,FALSE,FALSE,FALSE,FALSE
"K07146",0.931,0,0.917,0.0318,0.305,0.00736,NA,"K07146",0.999598920863309,1,FALSE,FALSE,FALSE,FALSE
"K07783",0.177,0,0.137,-0.309,0.207,0.105,NA,"K07783",0.715285714285714,1,FALSE,FALSE,FALSE,FALSE
"K07686",0.133,0,0.775,-0.0612,0.214,0.0202,NA,"K07686,K07784",0.999598920863309,1,FALSE,FALSE,FALSE,FALSE
"K09913",0.557,0,0.656,0.133,0.297,0.0315,NA,"K09913",0.999598920863309,1,FALSE,FALSE,FALSE,FALSE
"K13936",0.739,0,0.258,0.144,0.127,0.0798,NA,"K13936",0.907496850944717,1,FALSE,FALSE,FALSE,FALSE
"K24180",0.502,0,0.968,-0.00386,0.0957,0.00285,NA,"K24180",0.999598920863309,1,FALSE,FALSE,FALSE,FALSE
"K01737",0.906,0,0.961,-0.00929,0.19,0.00344,NA,"K01737",0.999598920863309,1,FALSE,FALSE,FALSE,FALSE
"K07136",0.246,0,0.305,-0.132,0.129,0.0723,NA,"K07136",0.942675925925926,1,FALSE,FALSE,FALSE,FALSE
"K13529",0.374,0,0.124,-0.301,0.195,0.108,NA,"K13529",0.686041988950276,1,FALSE,FALSE,FALSE,FALSE
"K23773",0.512,0,0.118,0.204,0.13,0.11,NA,"K23773",0.669112117780294,1,FALSE,FALSE,FALSE,FALSE
"K02564",0.517,0,0.512,0.0499,0.0759,0.0463,NA,"K02564",0.999598920863309,1,FALSE,FALSE,FALSE,FALSE
"K02562",0.153,0,0.764,-0.101,0.336,0.0212,NA,"K02562",0.999598920863309,1,FALSE,FALSE,FALSE,FALSE
"K00009",0.34,0,0.201,-0.131,0.102,0.09,NA,"K00009",0.833118377483444,1,FALSE,FALSE,FALSE,FALSE
"K02800",0.35,0,0.157,-0.161,0.114,0.0997,NA,"K02800",0.74795337773549,1,FALSE,FALSE,FALSE,FALSE
"K10679",0.232,0,0.958,-0.0044,0.0833,0.00373,NA,"K10679",0.999598920863309,1,FALSE,FALSE,FALSE,FALSE
"K12264",0.108,0,0.464,-0.0788,0.107,0.0517,NA,"K12264,K12265",0.999598920863309,1,FALSE,FALSE,FALSE,FALSE
"K07167",0.266,0,0.758,-0.0395,0.128,0.0218,NA,"K07167",0.999598920863309,1,FALSE,FALSE,FALSE,FALSE
"K01669",0.862,0,0.867,-0.0147,0.0877,0.0118,NA,"K01669",0.999598920863309,1,FALSE,FALSE,FALSE,FALSE
"K06954",0.517,0,0.751,-0.0186,0.0586,0.0224,NA,"K06954,K09701",0.999598920863309,1,FALSE,FALSE,FALSE,FALSE
"K00574",0.773,0,0.796,-0.0559,0.216,0.0183,NA,"K00574",0.999598920863309,1,FALSE,FALSE,FALSE,FALSE
"K22745",0.0197,0,0.458,0.0925,0.124,0.0524,NA,"K22745",0.999598920863309,1,FALSE,FALSE,FALSE,FALSE
"K01724",0.764,0,0.512,-0.0974,0.148,0.0462,NA,"K01724",0.999598920863309,1,FALSE,FALSE,FALSE,FALSE
"K00500",0.576,0,0.51,-0.0971,0.147,0.0465,NA,"K00500",0.999598920863309,1,FALSE,FALSE,FALSE,FALSE
"K01907",0.433,0,0.13,0.208,0.137,0.107,NA,"K01907",0.701411637931035,1,FALSE,FALSE,FALSE,FALSE
"K01800",0.567,0,0.109,0.311,0.194,0.113,NA,"K01800",0.650492252681764,1,FALSE,FALSE,FALSE,FALSE
"K16171",0.33,0,0.529,-0.0806,0.128,0.0445,NA,"K16171",0.999598920863309,1,FALSE,FALSE,FALSE,FALSE
"K00451",0.616,0,0.239,0.124,0.105,0.0831,NA,"K00451",0.890381696428571,1,FALSE,FALSE,FALSE,FALSE
"K00457",0.66,0,0.151,0.181,0.126,0.101,NA,"K00457",0.733323957322987,1,FALSE,FALSE,FALSE,FALSE
"K09935",0.0296,0,0.815,-0.0856,0.364,0.0166,NA,"K09935",0.999598920863309,1,FALSE,FALSE,FALSE,FALSE
"K06957",0.271,0,0.326,-0.539,0.547,0.0693,NA,"K06957",0.958482857142857,1,FALSE,FALSE,FALSE,FALSE
"K09749",0.192,0,0.245,-0.433,0.371,0.082,NA,"K09749",0.897756559766764,1,FALSE,FALSE,FALSE,FALSE
"K10125",0.498,0,0.225,0.236,0.194,0.0855,NA,"K10125",0.87534965034965,1,FALSE,FALSE,FALSE,FALSE
"K00275",0.842,0,0.725,-0.0367,0.104,0.0248,NA,"K00275",0.999598920863309,1,FALSE,FALSE,FALSE,FALSE
"K07506",0.576,0,0.0909,-0.16,0.0943,0.119,NA,"K07506",0.602157631578947,1,FALSE,FALSE,FALSE,FALSE
"K13821",0.813,0,0.65,-0.133,0.292,0.0321,NA,"K13821",0.999598920863309,1,FALSE,FALSE,FALSE,FALSE
"K00318",0.232,0,0.711,0.046,0.124,0.0262,NA,"K00318",0.999598920863309,1,FALSE,FALSE,FALSE,FALSE
"K11928",0.552,0,0.275,0.274,0.25,0.0769,NA,"K11928",0.922871983914209,1,FALSE,FALSE,FALSE,FALSE
"K18954",0.498,0,0.338,0.0713,0.0743,0.0675,NA,"K18954",0.962031561461794,1,FALSE,FALSE,FALSE,FALSE
"K18893",0.532,0,0.76,-0.0643,0.21,0.0216,NA,"K18893",0.999598920863309,1,FALSE,FALSE,FALSE,FALSE
"K23475",0.0296,0,0.857,-0.0195,0.108,0.0128,NA,"K23475",0.999598920863309,1,FALSE,FALSE,FALSE,FALSE
"K03760",0.552,0,0.266,-0.118,0.106,0.0785,NA,"K03760",0.91285949280329,1,FALSE,FALSE,FALSE,FALSE
"K06015",0.355,0,0.0994,-0.0974,0.0589,0.116,NA,"K06015",0.630604534005038,1,FALSE,FALSE,FALSE,FALSE
"K15736",0.167,0,0.217,0.0878,0.0708,0.0871,NA,"K15736",0.864374701670644,1,FALSE,FALSE,FALSE,FALSE
"K05994",0.0936,0,0.659,-0.0418,0.0945,0.0312,NA,"K05994",0.999598920863309,1,FALSE,FALSE,FALSE,FALSE
"K07661",0.409,0,0.414,-0.248,0.303,0.0577,NA,"K07661",0.995165229885058,1,FALSE,FALSE,FALSE,FALSE
"K01751",0.158,0,0.257,0.0729,0.0641,0.0799,NA,"K01751",0.906835095137421,1,FALSE,FALSE,FALSE,FALSE
"K01799",0.217,0,0.367,0.0469,0.0519,0.0637,NA,"K01799",0.97633889468196,1,FALSE,FALSE,FALSE,FALSE
"K02167",0.527,0,0.0435,0.264,0.13,0.142,NA,"K02167",0.493887755102041,1,FALSE,FALSE,FALSE,FALSE
"K00130",0.675,0,0.372,0.093,0.104,0.063,NA,"K00130",0.97633889468196,1,FALSE,FALSE,FALSE,FALSE
"K00108",0.586,0,0.41,0.0714,0.0866,0.0581,NA,"K00108",0.995165229885058,1,FALSE,FALSE,FALSE,FALSE
"K18555",0.108,0,0.898,-0.0246,0.192,0.00902,NA,"K18555",0.999598920863309,1,FALSE,FALSE,FALSE,FALSE
"K11104",0.0246,0,0.912,-0.0145,0.13,0.00784,NA,"K11104",0.999598920863309,1,FALSE,FALSE,FALSE,FALSE
"K03292",0.384,0,0.922,-0.006,0.0616,0.00688,NA,"K03292",0.999598920863309,1,FALSE,FALSE,FALSE,FALSE
"K07406",0.182,0,0.84,0.0213,0.106,0.0142,NA,"K07406",0.999598920863309,1,FALSE,FALSE,FALSE,FALSE
"K23237",0.064,0,0.476,0.0614,0.0859,0.0503,NA,"K23237",0.999598920863309,1,FALSE,FALSE,FALSE,FALSE
"K01451",0.369,0,0.0913,0.117,0.0692,0.119,NA,"K01451",0.602157631578947,1,FALSE,FALSE,FALSE,FALSE
"K08323",0.345,0,0.321,-0.0795,0.0798,0.07,NA,"K08323",0.952724955542383,1,FALSE,FALSE,FALSE,FALSE
"K01488",0.36,0,0.833,-0.05,0.237,0.0149,NA,"K01488",0.999598920863309,1,FALSE,FALSE,FALSE,FALSE
"K01812",0.369,0,0.443,0.0582,0.0758,0.0541,NA,"K01812",0.999598920863309,1,FALSE,FALSE,FALSE,FALSE
"K00040",0.232,0,0.664,-0.0331,0.0763,0.0306,NA,"K00040",0.999598920863309,1,FALSE,FALSE,FALSE,FALSE
"K13637",0.0985,0,0.668,0.049,0.114,0.0303,NA,"K13637",0.999598920863309,1,FALSE,FALSE,FALSE,FALSE
"K01686",0.389,0,0.0629,-0.136,0.0725,0.131,NA,"K01686",0.563005997001499,1,FALSE,FALSE,FALSE,FALSE
"K00986",0.522,0,0.781,-0.00893,0.032,0.0197,NA,"K00986",0.999598920863309,1,FALSE,FALSE,FALSE,FALSE
"K21966",0.167,0,0.911,0.00761,0.0682,0.00787,NA,"K21966",0.999598920863309,1,FALSE,FALSE,FALSE,FALSE
"K07483",0.65,0,0.906,-0.00456,0.0385,0.00835,NA,"K07483",0.999598920863309,1,FALSE,FALSE,FALSE,FALSE
"K19092",0.345,0,0.511,-0.0301,0.0456,0.0464,NA,"K19092",0.999598920863309,1,FALSE,FALSE,FALSE,FALSE
"K07496",0.108,0,0.775,-0.0192,0.0674,0.0201,NA,"K07496",0.999598920863309,1,FALSE,FALSE,FALSE,FALSE
"K23122",0.0345,0,0.0552,-0.171,0.0888,0.135,NA,"K23122",0.554883967935872,1,FALSE,FALSE,FALSE,FALSE
"K25562",0.0936,0,0.576,-0.0875,0.156,0.0394,NA,"K25562",0.999598920863309,1,FALSE,FALSE,FALSE,FALSE
"K23120",0.0296,0,0.037,-0.204,0.0969,0.146,NA,"K23120",0.45742962962963,1,FALSE,FALSE,FALSE,FALSE
"K02016",0.645,0,0.383,0.0614,0.0702,0.0615,NA,"K02016",0.981915514592934,1,FALSE,FALSE,FALSE,FALSE
"K12068",0.0542,0,0.476,-0.0597,0.0837,0.0503,NA,"K12068",0.999598920863309,1,FALSE,FALSE,FALSE,FALSE
"K12067",0.0591,0,0.762,-0.0228,0.0752,0.0214,NA,"K12056,K12057,K12060,K12064,K12065,K12066,K12067,K12072",0.999598920863309,1,FALSE,FALSE,FALSE,FALSE
"K12063",0.0887,0,0.747,-0.0242,0.0749,0.0228,NA,"K12063",0.999598920863309,1,FALSE,FALSE,FALSE,FALSE
"K12061",0.0542,0,0.596,-0.0402,0.0758,0.0374,NA,"K12061",0.999598920863309,1,FALSE,FALSE,FALSE,FALSE
"K12059",0.0345,0,0.993,0.00112,0.136,0.00058,NA,"K12059",0.999598920863309,1,FALSE,FALSE,FALSE,FALSE
"K12058",0.0591,0,0.604,0.0395,0.076,0.0366,NA,"K12058",0.999598920863309,1,FALSE,FALSE,FALSE,FALSE
"K00520",0.0443,0,0.457,0.0775,0.104,0.0525,NA,"K00520",0.999598920863309,1,FALSE,FALSE,FALSE,FALSE
"K19058",0.0197,0,0.583,0.0582,0.106,0.0388,NA,"K19058",0.999598920863309,1,FALSE,FALSE,FALSE,FALSE
"K08364",0.0443,0,0.942,-0.00744,0.102,0.00514,NA,"K08364",0.999598920863309,1,FALSE,FALSE,FALSE,FALSE
"K08363",0.0493,0,0.684,0.0403,0.099,0.0287,NA,"K08363",0.999598920863309,1,FALSE,FALSE,FALSE,FALSE
"K08365",0.0837,0,0.339,0.054,0.0564,0.0674,NA,"K08365",0.962031561461794,1,FALSE,FALSE,FALSE,FALSE
"K07498",0.187,0,0.448,-0.0426,0.0561,0.0535,NA,"K07498",0.999598920863309,1,FALSE,FALSE,FALSE,FALSE
"K04053",0.0394,0,0.869,-0.0153,0.0929,0.0116,NA,"K04053",0.999598920863309,1,FALSE,FALSE,FALSE,FALSE
"K03222",0.118,0,0.638,-0.0281,0.0597,0.0332,NA,"K03222",0.999598920863309,1,FALSE,FALSE,FALSE,FALSE
"K02493",0.975,0,0.854,0.0599,0.325,0.013,NA,"K02493",0.999598920863309,1,FALSE,FALSE,FALSE,FALSE
"K01627",0.739,0,0.0344,1.2,0.566,0.149,NA,"K00979,K01627",0.452952835051546,1,FALSE,FALSE,FALSE,FALSE
"K11751",0.315,0,0.369,-0.16,0.178,0.0634,NA,"K11751",0.97633889468196,1,FALSE,FALSE,FALSE,FALSE
"K03976",0.867,0,0.523,0.14,0.219,0.0451,NA,"K03976",0.999598920863309,1,FALSE,FALSE,FALSE,FALSE
"K06182",0.7,0,0.189,0.29,0.22,0.0927,NA,"K06182",0.80951497005988,1,FALSE,FALSE,FALSE,FALSE
"K20918",0.0542,0,0.834,-0.0232,0.111,0.0148,NA,"K20918",0.999598920863309,1,FALSE,FALSE,FALSE,FALSE
"K04335",0.118,0,0.655,-0.0314,0.0702,0.0316,NA,"K04335",0.999598920863309,1,FALSE,FALSE,FALSE,FALSE
"K04337",0.143,0,0.786,-0.0148,0.0545,0.0191,NA,"K04337",0.999598920863309,1,FALSE,FALSE,FALSE,FALSE
"K04338",0.158,0,0.789,-0.0145,0.0541,0.0189,NA,"K04338,K06214",0.999598920863309,1,FALSE,FALSE,FALSE,FALSE
"K09973",0.468,0,0.299,0.202,0.194,0.0733,NA,"K09973",0.938028195488722,1,FALSE,FALSE,FALSE,FALSE
"K17686",0.985,0,0.968,0.00533,0.133,0.00283,NA,"K17686",0.999598920863309,1,FALSE,FALSE,FALSE,FALSE
"K24343",0.163,0,0.723,-0.174,0.491,0.025,NA,"K21217,K24343,K24344",0.999598920863309,1,FALSE,FALSE,FALSE,FALSE
"K09860",0.177,0,0.76,0.131,0.429,0.0216,NA,"K09860",0.999598920863309,1,FALSE,FALSE,FALSE,FALSE
"K02399",0.655,0,0.468,-0.0596,0.0819,0.0512,NA,"K02399",0.999598920863309,1,FALSE,FALSE,FALSE,FALSE
"K02398",0.675,0,0.756,-0.0518,0.167,0.0219,NA,"K02398",0.999598920863309,1,FALSE,FALSE,FALSE,FALSE
"K02386",0.665,0,0.555,-0.104,0.175,0.0417,NA,"K02386,K02392,K02393,K02394",0.999598920863309,1,FALSE,FALSE,FALSE,FALSE
"K00575",0.709,0,0.483,-0.0512,0.0729,0.0495,NA,"K00575",0.999598920863309,1,FALSE,FALSE,FALSE,FALSE
"K02387",0.813,0,0.0885,-0.138,0.0808,0.12,NA,"K02387,K02388,K02389,K02408,K02409,K02410,K02416",0.601512080536913,1,FALSE,FALSE,FALSE,FALSE
"K02390",0.783,0,0.259,-0.0907,0.0801,0.0796,NA,"K02390",0.907496850944717,1,FALSE,FALSE,FALSE,FALSE
"K02391",0.576,0,0.572,0.0384,0.0677,0.0399,NA,"K02391",0.999598920863309,1,FALSE,FALSE,FALSE,FALSE
"K02395",0.759,0,0.899,0.0102,0.0804,0.00898,NA,"K02395",0.999598920863309,1,FALSE,FALSE,FALSE,FALSE
"K02396",0.818,0,0.283,-0.0901,0.0837,0.0757,NA,"K02396",0.9257734375,1,FALSE,FALSE,FALSE,FALSE
"K02397",0.734,0,0.0958,-0.121,0.0725,0.117,NA,"K02397",0.622140856031128,1,FALSE,FALSE,FALSE,FALSE
"K06603",0.433,0,0.0327,-0.206,0.096,0.15,NA,"K06603",0.43944414893617,1,FALSE,FALSE,FALSE,FALSE
"K02407",0.714,0,0.253,-0.0956,0.0834,0.0806,NA,"K02407",0.902258547008547,1,FALSE,FALSE,FALSE,FALSE
"K02422",0.719,0,0.0925,-0.154,0.0909,0.118,NA,"K02422",0.60846220472441,1,FALSE,FALSE,FALSE,FALSE
"K10941",0.374,0,0.924,0.0384,0.404,0.00671,NA,"K10941",0.999598920863309,1,FALSE,FALSE,FALSE,FALSE
"K02411",0.709,0,0.25,-0.0808,0.07,0.0812,NA,"K02411",0.899245689655172,1,FALSE,FALSE,FALSE,FALSE
"K02412",0.685,0,0.12,-0.13,0.0832,0.109,NA,"K02412",0.675101123595506,1,FALSE,FALSE,FALSE,FALSE
"K02413",0.675,0,0.0842,-0.138,0.0794,0.122,NA,"K02413",0.589635524475524,1,FALSE,FALSE,FALSE,FALSE
"K02414",0.68,0,0.108,-0.115,0.0714,0.113,NA,"K02414",0.646837320574163,1,FALSE,FALSE,FALSE,FALSE
"K02417",0.803,0,0.0652,-0.148,0.0801,0.13,NA,"K02417",0.563005997001499,1,FALSE,FALSE,FALSE,FALSE
"K02418",0.773,0,0.217,-0.0882,0.0712,0.0871,NA,"K02418",0.864374701670644,1,FALSE,FALSE,FALSE,FALSE
"K02419",0.803,0,0.138,-0.12,0.0803,0.104,NA,"K02419",0.717514018691589,1,FALSE,FALSE,FALSE,FALSE
"K02420",0.783,0,0.126,-0.11,0.0716,0.108,NA,"K02420",0.687984732824428,1,FALSE,FALSE,FALSE,FALSE
"K02421",0.798,0,0.249,-0.0823,0.0712,0.0812,NA,"K02421",0.898877433309301,1,FALSE,FALSE,FALSE,FALSE
"K02401",0.808,0,0.11,-0.128,0.08,0.112,NA,"K02401",0.651798816568047,1,FALSE,FALSE,FALSE,FALSE
"K02400",0.793,0,0.104,-0.13,0.0796,0.114,NA,"K02400",0.635809523809524,1,FALSE,FALSE,FALSE,FALSE
"K02404",0.571,0,0.0288,-0.227,0.103,0.153,NA,"K02404",0.420646220930233,1,FALSE,FALSE,FALSE,FALSE
"K04562",0.532,0,0.241,-0.121,0.103,0.0827,NA,"K04562",0.892519970414201,1,FALSE,FALSE,FALSE,FALSE
"K02405",0.709,0,0.152,-0.13,0.0902,0.101,NA,"K02405",0.736751210067764,1,FALSE,FALSE,FALSE,FALSE
"K03413",0.744,0,0.111,-0.138,0.0865,0.112,NA,"K03413",0.653855294117647,1,FALSE,FALSE,FALSE,FALSE
"K03414",0.517,0,0.693,-0.0521,0.132,0.0278,NA,"K03414",0.999598920863309,1,FALSE,FALSE,FALSE,FALSE
"K03407",0.739,0,0.146,-0.116,0.0799,0.102,NA,"K03407",0.721640671273445,1,FALSE,FALSE,FALSE,FALSE
"K03412",0.739,0,0.302,-0.0939,0.0907,0.0728,NA,"K03412",0.941328385899814,1,FALSE,FALSE,FALSE,FALSE
"K03408",0.719,0,0.191,-0.113,0.0858,0.0923,NA,"K03408",0.811831069609508,1,FALSE,FALSE,FALSE,FALSE
"K02193",0.571,0,0.803,-0.0439,0.176,0.0176,NA,"K02193",0.999598920863309,1,FALSE,FALSE,FALSE,FALSE
"K02196",0.557,0,0.9,-0.0227,0.181,0.00885,NA,"K02196",0.999598920863309,1,FALSE,FALSE,FALSE,FALSE
"K04754",0.581,0,0.383,-0.282,0.322,0.0616,NA,"K04754",0.981915514592934,1,FALSE,FALSE,FALSE,FALSE
"K01782",0.562,0,0.421,-0.109,0.136,0.0568,NA,"K01782",0.998553765987684,1,FALSE,FALSE,FALSE,FALSE
"K08296",0.847,0,0.783,0.0549,0.199,0.0195,NA,"K08296",0.999598920863309,1,FALSE,FALSE,FALSE,FALSE
"K07320",0.567,0,0.266,0.416,0.373,0.0784,NA,"K07320",0.91285949280329,1,FALSE,FALSE,FALSE,FALSE
"K08997",0.916,0,0.365,0.166,0.183,0.0639,NA,"K08997",0.975736785904965,1,FALSE,FALSE,FALSE,FALSE
"K17315",0.498,0,0.0617,0.219,0.116,0.131,NA,"K17315",0.563005997001499,1,FALSE,FALSE,FALSE,FALSE
"K17316",0.438,0,0.0605,0.221,0.117,0.132,NA,"K17316,K17317",0.563005997001499,1,FALSE,FALSE,FALSE,FALSE
"K15329",0.0493,0,0.187,-0.213,0.161,0.093,NA,"K15329",0.80785936151855,1,FALSE,FALSE,FALSE,FALSE
"K06133",0.547,0,0.868,-0.00915,0.0549,0.0118,NA,"K06133",0.999598920863309,1,FALSE,FALSE,FALSE,FALSE
"K03770",0.754,0,0.00272,-0.433,0.143,0.209,NA,"K03770",0.125400540540541,1,FALSE,FALSE,FALSE,FALSE
"K02237",0.808,0,0.559,0.127,0.217,0.0412,NA,"K02237",0.999598920863309,1,FALSE,FALSE,FALSE,FALSE
"K28165",0.182,0,0.635,-0.154,0.324,0.0335,NA,"K28165",0.999598920863309,1,FALSE,FALSE,FALSE,FALSE
"K14260",0.655,0,0.458,0.273,0.368,0.0524,NA,"K14260",0.999598920863309,1,FALSE,FALSE,FALSE,FALSE
"K02552",0.34,0,0.648,-0.108,0.236,0.0322,NA,"K02552",0.999598920863309,1,FALSE,FALSE,FALSE,FALSE
"K02551",0.414,0,0.987,-0.00428,0.268,0.00113,NA,"K01661,K02551",0.999598920863309,1,FALSE,FALSE,FALSE,FALSE
"K08680",0.232,0,0.969,0.0111,0.282,0.00278,NA,"K08680",0.999598920863309,1,FALSE,FALSE,FALSE,FALSE
"K02549",0.404,0,0.313,0.178,0.176,0.0712,NA,"K02549",0.950168352171327,1,FALSE,FALSE,FALSE,FALSE
"K13636",0.133,0,0.606,0.0454,0.088,0.0364,NA,"K13636",0.999598920863309,1,FALSE,FALSE,FALSE,FALSE
"K05939",0.522,0,0.896,0.00987,0.0755,0.00923,NA,"K05939",0.999598920863309,1,FALSE,FALSE,FALSE,FALSE
"K09948",0.404,0,0.987,-0.00451,0.272,0.00117,NA,"K09948",0.999598920863309,1,FALSE,FALSE,FALSE,FALSE
"K05800",0.473,0,0.367,0.128,0.141,0.0637,NA,"K05800",0.97633889468196,1,FALSE,FALSE,FALSE,FALSE
"K10805",0.714,0,0.927,0.0187,0.202,0.00651,NA,"K10805",0.999598920863309,1,FALSE,FALSE,FALSE,FALSE
"K09914",0.369,0,0.496,-0.0527,0.0772,0.048,NA,"K09914",0.999598920863309,1,FALSE,FALSE,FALSE,FALSE
"K07443",0.601,0,0.0151,0.559,0.228,0.17,NA,"K07443",0.30688064516129,1,FALSE,FALSE,FALSE,FALSE
"K01580",0.113,0,0.345,-0.0738,0.0779,0.0667,NA,"K01580",0.962031561461794,1,FALSE,FALSE,FALSE,FALSE
"K09924",0.473,0,0.389,0.0758,0.0878,0.0608,NA,"K09924",0.987689148073022,1,FALSE,FALSE,FALSE,FALSE
"K00432",0.818,0,0.723,-0.0412,0.116,0.025,NA,"K00432",0.999598920863309,1,FALSE,FALSE,FALSE,FALSE
"K22083",0.197,0,0.344,-0.068,0.0717,0.0667,NA,"K22083",0.962031561461794,1,FALSE,FALSE,FALSE,FALSE
"K00675",0.394,0,0.131,0.131,0.0863,0.106,NA,"K00675",0.70151550802139,1,FALSE,FALSE,FALSE,FALSE
"K13639",0.547,0,0.0638,-0.104,0.056,0.13,NA,"K13639",0.563005997001499,1,FALSE,FALSE,FALSE,FALSE
"K03478",0.286,0,0.518,-0.0438,0.0676,0.0456,NA,"K03478",0.999598920863309,1,FALSE,FALSE,FALSE,FALSE
"K01222",0.315,0,0.23,0.0927,0.0769,0.0847,NA,"K01222",0.880435779816514,1,FALSE,FALSE,FALSE,FALSE
"K03387",0.576,0,0.42,-0.107,0.133,0.0569,NA,"K03387",0.998553765987684,1,FALSE,FALSE,FALSE,FALSE
"K24119",0.616,0,0.397,0.203,0.24,0.0598,NA,"K24119",0.992400898652022,1,FALSE,FALSE,FALSE,FALSE
"K15986",0.32,0,0.703,-0.149,0.389,0.0269,NA,"K15986",0.999598920863309,1,FALSE,FALSE,FALSE,FALSE
"K03098",0.552,0,0.48,-0.0933,0.132,0.0498,NA,"K03098",0.999598920863309,1,FALSE,FALSE,FALSE,FALSE
"K18301",0.394,0,0.394,-0.0701,0.0821,0.0601,NA,"K18301",0.989843452082288,1,FALSE,FALSE,FALSE,FALSE
"K02297",0.635,0,0.564,0.0488,0.0844,0.0407,NA,"K02297",0.999598920863309,1,FALSE,FALSE,FALSE,FALSE
"K02298",0.601,0,0.423,0.0774,0.0965,0.0565,NA,"K02298",0.998606694560669,1,FALSE,FALSE,FALSE,FALSE
"K02299",0.64,0,0.233,0.113,0.0945,0.084,NA,"K02299,K02300",0.884481425322214,1,FALSE,FALSE,FALSE,FALSE
"K02257",0.951,0,0.627,0.0763,0.157,0.0343,NA,"K02257",0.999598920863309,1,FALSE,FALSE,FALSE,FALSE
"K06075",0.616,0,0.806,0.0229,0.093,0.0173,NA,"K06075",0.999598920863309,1,FALSE,FALSE,FALSE,FALSE
"K19736",0.207,0,0.625,-0.0518,0.106,0.0345,NA,"K19736",0.999598920863309,1,FALSE,FALSE,FALSE,FALSE
"K01534",0.68,0,0.00815,0.326,0.122,0.185,NA,"K01534",0.221164812834225,1,FALSE,FALSE,FALSE,FALSE
"K00757",0.256,0,0.7,-0.127,0.33,0.0272,NA,"K00757",0.999598920863309,1,FALSE,FALSE,FALSE,FALSE
"K02503",0.926,0,0.949,-0.00984,0.155,0.00448,NA,"K02503",0.999598920863309,1,FALSE,FALSE,FALSE,FALSE
"K09859",0.281,0,0.227,-0.113,0.093,0.0853,NA,"K09859",0.877674903474903,1,FALSE,FALSE,FALSE,FALSE
"K07337",0.35,0,0.207,-0.119,0.094,0.0889,NA,"K07337",0.844013843648209,1,FALSE,FALSE,FALSE,FALSE
"K07251",0.232,0,0.894,-0.0641,0.479,0.00944,NA,"K07251,K08723",0.999598920863309,1,FALSE,FALSE,FALSE,FALSE
"K03885",0.956,0,0.679,-0.196,0.472,0.0293,NA,"K03885",0.999598920863309,1,FALSE,FALSE,FALSE,FALSE
"K09808",0.739,0,0.469,-0.251,0.345,0.0511,NA,"K09808,K09810",0.999598920863309,1,FALSE,FALSE,FALSE,FALSE
"K09928",0.601,0,0.69,-0.0729,0.182,0.0282,NA,"K09928",0.999598920863309,1,FALSE,FALSE,FALSE,FALSE
"K11085",0.734,0,0.154,-0.157,0.109,0.1,NA,"K11085",0.739998080614203,1,FALSE,FALSE,FALSE,FALSE
"K00912",0.719,0,0.989,-0.0109,0.781,0.000982,NA,"K00912",0.999598920863309,1,FALSE,FALSE,FALSE,FALSE
"K09791",0.759,0,0.439,0.313,0.403,0.0547,NA,"K09791",0.999598920863309,1,FALSE,FALSE,FALSE,FALSE
"K05788",0.685,0,0.984,0.00462,0.232,0.0014,NA,"K05788",0.999598920863309,1,FALSE,FALSE,FALSE,FALSE
"K08992",0.793,0,0.816,0.0175,0.0749,0.0165,NA,"K08992",0.999598920863309,1,FALSE,FALSE,FALSE,FALSE
"K19804",0.419,0,0.976,-0.00915,0.308,0.0021,NA,"K19804",0.999598920863309,1,FALSE,FALSE,FALSE,FALSE
"K06169",0.483,0,0.971,0.00917,0.249,0.0026,NA,"K06169",0.999598920863309,1,FALSE,FALSE,FALSE,FALSE
"K13634",0.463,0,0.579,0.1,0.181,0.0391,NA,"K13634",0.999598920863309,1,FALSE,FALSE,FALSE,FALSE
"K00259",0.65,0,0.951,0.00757,0.124,0.00431,NA,"K00259",0.999598920863309,1,FALSE,FALSE,FALSE,FALSE
"K00833",0.778,0,0.0975,0.22,0.132,0.117,NA,"K00833,K01935",0.625875,1,FALSE,FALSE,FALSE,FALSE
"K01012",0.857,0,0.964,0.00511,0.113,0.00317,NA,"K01012",0.999598920863309,1,FALSE,FALSE,FALSE,FALSE
"K00652",0.596,0,0.819,0.0305,0.133,0.0161,NA,"K00652",0.999598920863309,1,FALSE,FALSE,FALSE,FALSE
"K02169",0.626,0,0.992,-0.0012,0.118,0.000716,NA,"K02169",0.999598920863309,1,FALSE,FALSE,FALSE,FALSE
"K03799",0.808,0,0.23,0.134,0.111,0.0846,NA,"K03799",0.880435779816514,1,FALSE,FALSE,FALSE,FALSE
"K00892",0.236,0,0.206,-0.449,0.354,0.0892,NA,"K00892",0.841993469387755,1,FALSE,FALSE,FALSE,FALSE
"K03746",0.507,0,0.564,0.0435,0.0754,0.0407,NA,"K03746",0.999598920863309,1,FALSE,FALSE,FALSE,FALSE
"K01693",0.749,0,0.594,0.0732,0.137,0.0376,NA,"K01693",0.999598920863309,1,FALSE,FALSE,FALSE,FALSE
"K01814",0.847,0,0.951,0.00607,0.0979,0.00438,NA,"K01814",0.999598920863309,1,FALSE,FALSE,FALSE,FALSE
"K11755",0.448,0,0.977,-0.0114,0.397,0.00202,NA,"K11755",0.999598920863309,1,FALSE,FALSE,FALSE,FALSE
"K09858",0.69,0,0.951,-0.00824,0.134,0.00435,NA,"K09858",0.999598920863309,1,FALSE,FALSE,FALSE,FALSE
"K03269",0.729,0,0.895,-0.0316,0.239,0.0093,NA,"K03269",0.999598920863309,1,FALSE,FALSE,FALSE,FALSE
"K00857",0.734,0,0.75,-0.0599,0.188,0.0225,NA,"K00857",0.999598920863309,1,FALSE,FALSE,FALSE,FALSE
"K02069",0.3,0,0.49,0.0511,0.0739,0.0487,NA,"K02069",0.999598920863309,1,FALSE,FALSE,FALSE,FALSE
"K02571",0.212,0,0.536,0.0436,0.0703,0.0437,NA,"K02571",0.999598920863309,1,FALSE,FALSE,FALSE,FALSE
"K03532",0.069,0,0.892,-0.0301,0.22,0.00963,NA,"K03532",0.999598920863309,1,FALSE,FALSE,FALSE,FALSE
"K07811",0.0493,0,0.992,0.00141,0.145,0.000685,NA,"K07647,K07811",0.999598920863309,1,FALSE,FALSE,FALSE,FALSE
"K03974",0.241,0,0.421,-0.399,0.494,0.0568,NA,"K03974",0.998553765987684,1,FALSE,FALSE,FALSE,FALSE
"K03969",0.532,0,0.364,-0.192,0.21,0.0641,NA,"K03969",0.975736785904965,1,FALSE,FALSE,FALSE,FALSE
"K03970",0.232,0,0.0498,-0.848,0.429,0.138,NA,"K03970",0.531269052631579,1,FALSE,FALSE,FALSE,FALSE
"K03973",0.251,0,0.557,-0.187,0.318,0.0415,NA,"K03973",0.999598920863309,1,FALSE,FALSE,FALSE,FALSE
"K01760",0.749,0,0.829,0.0261,0.121,0.0152,NA,"K01760",0.999598920863309,1,FALSE,FALSE,FALSE,FALSE
"K06131",0.897,0,0.833,-0.097,0.46,0.0149,NA,"K06131",0.999598920863309,1,FALSE,FALSE,FALSE,FALSE
"K05779",0.246,0,0.24,0.163,0.138,0.0829,NA,"K05779",0.891454005934718,1,FALSE,FALSE,FALSE,FALSE
"K05778",0.256,0,0.335,0.134,0.139,0.068,NA,"K05777,K05778",0.958482857142857,1,FALSE,FALSE,FALSE,FALSE
"K03668",0.591,0,0.907,-0.0233,0.199,0.00825,NA,"K03668",0.999598920863309,1,FALSE,FALSE,FALSE,FALSE
"K06938",0.645,0,0.318,0.163,0.163,0.0704,NA,"K06938",0.950168352171327,1,FALSE,FALSE,FALSE,FALSE
"K03286",0.749,0,0.971,-0.0175,0.488,0.00252,NA,"K03286",0.999598920863309,1,FALSE,FALSE,FALSE,FALSE
"K18979",0.862,0,0.292,0.687,0.65,0.0744,NA,"K18979",0.933454660748256,1,FALSE,FALSE,FALSE,FALSE
"K01448",0.857,0,0.272,0.787,0.715,0.0774,NA,"K01448",0.918343897505057,1,FALSE,FALSE,FALSE,FALSE
"K03572",0.852,0,0.81,0.194,0.806,0.0169,NA,"K03572",0.999598920863309,1,FALSE,FALSE,FALSE,FALSE
"K04088",0.719,0,0.00993,1.13,0.436,0.181,NA,"K04088",0.24959895,1,FALSE,FALSE,FALSE,FALSE
"K04087",0.719,0,0.00993,1.13,0.436,0.181,NA,"K04087",0.24959895,1,FALSE,FALSE,FALSE,FALSE
"K09937",0.369,0,0.106,0.186,0.115,0.114,NA,"K09937",0.640992753623188,1,FALSE,FALSE,FALSE,FALSE
"K02963",0.931,0,0.0874,-0.563,0.328,0.12,NA,"K02963",0.600154109589041,1,FALSE,FALSE,FALSE,FALSE
"K01810",0.897,0,0.714,-0.0555,0.151,0.0259,NA,"K01810",0.999598920863309,1,FALSE,FALSE,FALSE,FALSE
"K03409",0.207,0,0.0121,-0.494,0.195,0.176,NA,"K03409",0.272904054054054,1,FALSE,FALSE,FALSE,FALSE
"K00380",0.611,0,0.607,0.0581,0.113,0.0363,NA,"K00380",0.999598920863309,1,FALSE,FALSE,FALSE,FALSE
"K00381",0.714,0,0.335,0.171,0.177,0.068,NA,"K00381",0.958482857142857,1,FALSE,FALSE,FALSE,FALSE
"K00390",0.852,0,0.0521,0.296,0.152,0.137,NA,"K00390",0.539688934426229,1,FALSE,FALSE,FALSE,FALSE
"K14060",0.438,0,0.683,-0.0137,0.0335,0.0288,NA,"K14060",0.999598920863309,1,FALSE,FALSE,FALSE,FALSE
"K00868",0.502,0,0.294,0.0841,0.0799,0.0741,NA,"K00868",0.933454660748256,1,FALSE,FALSE,FALSE,FALSE
"K01058",0.365,0,0.919,0.0142,0.139,0.00721,NA,"K01058",0.999598920863309,1,FALSE,FALSE,FALSE,FALSE
"K01007",0.655,0,0.943,0.00652,0.0909,0.00506,NA,"K01007",0.999598920863309,1,FALSE,FALSE,FALSE,FALSE
"K03675",0.0739,0,0.839,0.0448,0.22,0.0144,NA,"K03675",0.999598920863309,1,FALSE,FALSE,FALSE,FALSE
"K22230",0.384,0,0.361,0.0949,0.104,0.0644,NA,"K22230",0.973358642972536,1,FALSE,FALSE,FALSE,FALSE
"K07394",0.369,0,0.303,-0.17,0.164,0.0727,NA,"K07394",0.941328385899814,1,FALSE,FALSE,FALSE,FALSE
"K07222",0.483,0,0.475,0.0408,0.0571,0.0504,NA,"K07222",0.999598920863309,1,FALSE,FALSE,FALSE,FALSE
"K05844",0.532,0,0.507,-0.186,0.279,0.0469,NA,"K05844",0.999598920863309,1,FALSE,FALSE,FALSE,FALSE
"K13985",0.675,0,0.211,0.0846,0.0674,0.0882,NA,"K13985",0.855446963562753,1,FALSE,FALSE,FALSE,FALSE
"K14051",0.118,0,0.806,0.0327,0.133,0.0174,NA,"K14051",0.999598920863309,1,FALSE,FALSE,FALSE,FALSE
"K03817",0.31,0,0.791,0.0353,0.133,0.0187,NA,"K03817",0.999598920863309,1,FALSE,FALSE,FALSE,FALSE
"K02821",0.261,0,0.627,0.0535,0.11,0.0343,NA,"K02821",0.999598920863309,1,FALSE,FALSE,FALSE,FALSE
"K03475",0.241,0,0.616,0.0554,0.11,0.0354,NA,"K03475",0.999598920863309,1,FALSE,FALSE,FALSE,FALSE
"K02822",0.261,0,0.627,0.0535,0.11,0.0343,NA,"K02822",0.999598920863309,1,FALSE,FALSE,FALSE,FALSE
"K13590",0.512,0,0.737,-0.0709,0.211,0.0237,NA,"K13590",0.999598920863309,1,FALSE,FALSE,FALSE,FALSE
"K01485",0.645,0,0.173,0.106,0.0778,0.0961,NA,"K01485",0.786557450628366,1,FALSE,FALSE,FALSE,FALSE
"K10974",0.266,0,0.408,-0.045,0.0542,0.0584,NA,"K10974",0.995165229885058,1,FALSE,FALSE,FALSE,FALSE
"K07005",0.315,0,0.788,-0.0387,0.143,0.019,NA,"K07005",0.999598920863309,1,FALSE,FALSE,FALSE,FALSE
"K00375",0.793,0,0.621,0.0345,0.0695,0.0349,NA,"K00375",0.999598920863309,1,FALSE,FALSE,FALSE,FALSE
"K16263",0.197,0,0.274,-0.138,0.126,0.0771,NA,"K16263",0.921368703828073,1,FALSE,FALSE,FALSE,FALSE
"K05601",0.158,0,0.428,-0.17,0.213,0.056,NA,"K05601",0.998606694560669,1,FALSE,FALSE,FALSE,FALSE
"K11933",0.0936,0,0.878,-0.0235,0.153,0.0109,NA,"K11933",0.999598920863309,1,FALSE,FALSE,FALSE,FALSE
"K09915",0.601,0,0.47,-0.146,0.202,0.051,NA,"K09915",0.999598920863309,1,FALSE,FALSE,FALSE,FALSE
"K07461",0.65,0,0.914,0.0152,0.14,0.00766,NA,"K07461",0.999598920863309,1,FALSE,FALSE,FALSE,FALSE
"K10910",0.0591,0,0.768,0.128,0.434,0.0209,NA,"K10910",0.999598920863309,1,FALSE,FALSE,FALSE,FALSE
"K04046",0.64,0,0.353,0.254,0.273,0.0656,NA,"K04046",0.963199455040872,1,FALSE,FALSE,FALSE,FALSE
"K01840",0.256,0,0.635,-0.0473,0.0996,0.0335,NA,"K01840",0.999598920863309,1,FALSE,FALSE,FALSE,FALSE
"K02275",0.837,0,0.771,-0.0333,0.114,0.0206,NA,"K02275",0.999598920863309,1,FALSE,FALSE,FALSE,FALSE
"K02274",0.798,0,0.598,-0.0575,0.109,0.0373,NA,"K02274",0.999598920863309,1,FALSE,FALSE,FALSE,FALSE
"K02258",0.532,0,0.749,-0.0346,0.108,0.0226,NA,"K02258",0.999598920863309,1,FALSE,FALSE,FALSE,FALSE
"K02276",0.704,0,0.596,-0.0577,0.109,0.0374,NA,"K02276",0.999598920863309,1,FALSE,FALSE,FALSE,FALSE
"K14998",0.67,0,0.618,-0.0545,0.109,0.0352,NA,"K14998",0.999598920863309,1,FALSE,FALSE,FALSE,FALSE
"K02259",0.828,0,0.582,-0.0601,0.109,0.0389,NA,"K02259",0.999598920863309,1,FALSE,FALSE,FALSE,FALSE
"K09954",0.557,0,0.557,0.106,0.181,0.0414,NA,"K09954",0.999598920863309,1,FALSE,FALSE,FALSE,FALSE
"K16052",0.276,0,0.508,0.0635,0.0957,0.0467,NA,"K16052",0.999598920863309,1,FALSE,FALSE,FALSE,FALSE
"K12267",0.232,0,0.521,0.174,0.271,0.0452,NA,"K12267",0.999598920863309,1,FALSE,FALSE,FALSE,FALSE
"K05306",0.31,0,0.0526,0.153,0.0784,0.136,NA,"K05306",0.539688934426229,1,FALSE,FALSE,FALSE,FALSE
"K26913",0.0739,0,0.755,0.0378,0.121,0.0221,NA,"K26913",0.999598920863309,1,FALSE,FALSE,FALSE,FALSE
"K03430",0.384,0,0.0748,0.124,0.0694,0.125,NA,"K03430",0.563005997001499,1,FALSE,FALSE,FALSE,FALSE
"K02010",0.596,0,0.676,0.0289,0.0691,0.0295,NA,"K02010",0.999598920863309,1,FALSE,FALSE,FALSE,FALSE
"K00851",0.685,0,0.141,0.179,0.121,0.104,NA,"K00851",0.718175757575757,1,FALSE,FALSE,FALSE,FALSE
"K06145",0.507,0,0.225,0.156,0.128,0.0855,NA,"K06145",0.87534965034965,1,FALSE,FALSE,FALSE,FALSE
"K09712",0.123,0,0.259,-0.216,0.191,0.0796,NA,"K09712",0.907496850944717,1,FALSE,FALSE,FALSE,FALSE
"K08234",0.493,0,0.909,0.0107,0.0931,0.00808,NA,"K08234",0.999598920863309,1,FALSE,FALSE,FALSE,FALSE
"K00456",0.0296,0,0.455,0.108,0.144,0.0527,NA,"K00456",0.999598920863309,1,FALSE,FALSE,FALSE,FALSE
"K00639",0.714,0,0.391,-0.0704,0.0819,0.0605,NA,"K00639",0.987758324924319,1,FALSE,FALSE,FALSE,FALSE
"K00060",0.601,0,0.66,-0.0332,0.0754,0.0311,NA,"K00060",0.999598920863309,1,FALSE,FALSE,FALSE,FALSE
"K13954",0.197,0,0.525,-0.054,0.0847,0.0449,NA,"K13954",0.999598920863309,1,FALSE,FALSE,FALSE,FALSE
"K07025",0.793,0,0.389,-0.0902,0.104,0.0608,NA,"K07025",0.987689148073022,1,FALSE,FALSE,FALSE,FALSE
"K03658",0.241,0,0.21,-0.0923,0.0735,0.0883,NA,"K03658",0.852773722627737,1,FALSE,FALSE,FALSE,FALSE
"K01734",0.635,0,0.00174,0.279,0.0879,0.218,NA,"K01734",0.10014,1,FALSE,FALSE,FALSE,FALSE
"K11930",0.064,0,0.396,-0.108,0.126,0.0599,NA,"K11930",0.991386,1,FALSE,FALSE,FALSE,FALSE
"K15363",0.0887,0,0.941,-0.0109,0.146,0.00526,NA,"K15363",0.999598920863309,1,FALSE,FALSE,FALSE,FALSE
"K08177",0.527,0,0.127,0.103,0.0675,0.107,NA,"K08177",0.691935799782372,1,FALSE,FALSE,FALSE,FALSE
"K00882",0.571,0,0.202,0.159,0.124,0.0899,NA,"K00882",0.8345,1,FALSE,FALSE,FALSE,FALSE
"K03435",0.419,0,0.0842,0.244,0.141,0.121,NA,"K03435",0.589635524475524,1,FALSE,FALSE,FALSE,FALSE
"K20074",0.729,0,0.817,0.0228,0.0984,0.0163,NA,"K20074",0.999598920863309,1,FALSE,FALSE,FALSE,FALSE
"K02575",0.764,0,0.885,0.0112,0.0775,0.0102,NA,"K02575",0.999598920863309,1,FALSE,FALSE,FALSE,FALSE
"K00372",0.768,0,0.0699,-0.116,0.0635,0.127,NA,"K00372",0.563005997001499,1,FALSE,FALSE,FALSE,FALSE
"K00852",0.788,0,0.764,0.0453,0.15,0.0212,NA,"K00852",0.999598920863309,1,FALSE,FALSE,FALSE,FALSE
"K10439",0.734,0,0.852,0.0206,0.11,0.0132,NA,"K10439",0.999598920863309,1,FALSE,FALSE,FALSE,FALSE
"K10440",0.65,0,0.429,0.052,0.0656,0.0558,NA,"K10440",0.998606694560669,1,FALSE,FALSE,FALSE,FALSE
"K23509",0.384,0,0.161,0.0994,0.0706,0.0988,NA,"K23509",0.757638157894737,1,FALSE,FALSE,FALSE,FALSE
"K02057",0.232,0,0.167,0.0844,0.0609,0.0972,NA,"K02057",0.774230555555556,1,FALSE,FALSE,FALSE,FALSE
"K10441",0.601,0,0.372,0.0573,0.0641,0.0629,NA,"K10441",0.97633889468196,1,FALSE,FALSE,FALSE,FALSE
"K06726",0.458,0,0.91,0.0139,0.122,0.00802,NA,"K06726",0.999598920863309,1,FALSE,FALSE,FALSE,FALSE
"K17836",0.463,0,0.63,0.0362,0.075,0.034,NA,"K17836",0.999598920863309,1,FALSE,FALSE,FALSE,FALSE
"K13893",0.468,0,0.216,0.372,0.3,0.0871,NA,"K13893",0.864374701670644,1,FALSE,FALSE,FALSE,FALSE
"K13894",0.537,0,0.515,0.241,0.369,0.046,NA,"K13894,K13895",0.999598920863309,1,FALSE,FALSE,FALSE,FALSE
"K13896",0.384,0,0.961,-0.0141,0.288,0.00345,NA,"K13896",0.999598920863309,1,FALSE,FALSE,FALSE,FALSE
"K14761",0.562,0,0.962,0.00997,0.211,0.00334,NA,"K14761",0.999598920863309,1,FALSE,FALSE,FALSE,FALSE
"K02510",0.547,0,0.0362,-0.1,0.0475,0.147,NA,"K02510",0.45742962962963,1,FALSE,FALSE,FALSE,FALSE
"K15509",0.217,0,0.173,0.0585,0.0428,0.096,NA,"K15509",0.786557450628366,1,FALSE,FALSE,FALSE,FALSE
"K22187",0.488,0,0.712,0.0229,0.062,0.0261,NA,"K22187",0.999598920863309,1,FALSE,FALSE,FALSE,FALSE
"K11312",0.123,0,0.816,-0.0254,0.109,0.0164,NA,"K11312",0.999598920863309,1,FALSE,FALSE,FALSE,FALSE
"K03830",0.325,0,0.116,0.0837,0.053,0.111,NA,"K03830",0.663785142857143,1,FALSE,FALSE,FALSE,FALSE
"K09909",0.256,0,0.99,0.00274,0.218,0.000884,NA,"K09909",0.999598920863309,1,FALSE,FALSE,FALSE,FALSE
"K00428",0.404,0,0.454,-0.0398,0.053,0.0529,NA,"K00428",0.999598920863309,1,FALSE,FALSE,FALSE,FALSE
"K20276",0.31,0,0.5,0.036,0.0532,0.0476,NA,"K20276",0.999598920863309,1,FALSE,FALSE,FALSE,FALSE
"K03446",0.729,0,0.244,0.289,0.247,0.0822,NA,"K03446",0.897756559766764,1,FALSE,FALSE,FALSE,FALSE
"K03543",0.621,0,0.405,0.169,0.202,0.0587,NA,"K03543",0.995165229885058,1,FALSE,FALSE,FALSE,FALSE
"K03449",0.823,0,0.819,-0.0286,0.125,0.0161,NA,"K03449",0.999598920863309,1,FALSE,FALSE,FALSE,FALSE
"K01753",0.281,0,0.487,0.0484,0.0696,0.049,NA,"K01753",0.999598920863309,1,FALSE,FALSE,FALSE,FALSE
"K00281",0.852,0,0.949,0.0491,0.769,0.0045,NA,"K00281",0.999598920863309,1,FALSE,FALSE,FALSE,FALSE
"K15034",0.852,0,0.971,-0.00535,0.146,0.00259,NA,"K15034",0.999598920863309,1,FALSE,FALSE,FALSE,FALSE
"K05805",0.596,0,0.52,0.264,0.409,0.0454,NA,"K05805",0.999598920863309,1,FALSE,FALSE,FALSE,FALSE
"K03834",0.192,0,0.643,-0.139,0.299,0.0327,NA,"K03834",0.999598920863309,1,FALSE,FALSE,FALSE,FALSE
"K08682",0.488,0,0.929,-0.0319,0.358,0.00629,NA,"K08682",0.999598920863309,1,FALSE,FALSE,FALSE,FALSE
"K23988",0.064,0,0.583,0.058,0.105,0.0388,NA,"K23988",0.999598920863309,1,FALSE,FALSE,FALSE,FALSE
"K03741",0.567,0,0.185,-0.0851,0.0641,0.0933,NA,"K03741",0.802681975736568,1,FALSE,FALSE,FALSE,FALSE
"K25224",0.222,0,0.195,0.0911,0.07,0.0914,NA,"K25224",0.820474789915966,1,FALSE,FALSE,FALSE,FALSE
"K14645",0.236,0,0.855,0.0174,0.0945,0.0129,NA,"K14645",0.999598920863309,1,FALSE,FALSE,FALSE,FALSE
"K24138",0.399,0,0.332,0.192,0.198,0.0684,NA,"K24138",0.958482857142857,1,FALSE,FALSE,FALSE,FALSE
"K07386",0.365,0,0.473,-0.281,0.392,0.0506,NA,"K07386",0.999598920863309,1,FALSE,FALSE,FALSE,FALSE
"K04065",0.261,0,0.891,0.0119,0.0866,0.0097,NA,"K04065",0.999598920863309,1,FALSE,FALSE,FALSE,FALSE
"K09986",0.419,0,0.54,0.284,0.463,0.0432,NA,"K09986",0.999598920863309,1,FALSE,FALSE,FALSE,FALSE
"K27835",0.335,0,0.964,-0.00665,0.147,0.00319,NA,"K27835",0.999598920863309,1,FALSE,FALSE,FALSE,FALSE
"K03926",0.296,0,0.842,-0.028,0.141,0.0141,NA,"K03926",0.999598920863309,1,FALSE,FALSE,FALSE,FALSE
"K11354",0.241,0,0.0248,-0.171,0.0756,0.157,NA,"K11354",0.389258934169279,1,FALSE,FALSE,FALSE,FALSE
"K23997",0.818,0,0.759,0.0459,0.149,0.0217,NA,"K23997",0.999598920863309,1,FALSE,FALSE,FALSE,FALSE
"K17758",0.635,0,0.729,-0.0435,0.126,0.0245,NA,"K17758",0.999598920863309,1,FALSE,FALSE,FALSE,FALSE
"K01611",0.527,0,0.721,-0.0252,0.0703,0.0252,NA,"K01611",0.999598920863309,1,FALSE,FALSE,FALSE,FALSE
"K01259",0.463,0,0.975,0.00303,0.0958,0.00223,NA,"K01259",0.999598920863309,1,FALSE,FALSE,FALSE,FALSE
"K20977",0.256,0,0.315,0.313,0.31,0.0709,NA,"K20977",0.950168352171327,1,FALSE,FALSE,FALSE,FALSE
"K20978",0.256,0,0.315,0.313,0.31,0.0709,NA,"K20978",0.950168352171327,1,FALSE,FALSE,FALSE,FALSE
"K13282",0.197,0,0.658,0.037,0.0834,0.0312,NA,"K13282",0.999598920863309,1,FALSE,FALSE,FALSE,FALSE
"K07729",0.355,0,0.651,-0.0218,0.0481,0.032,NA,"K07729",0.999598920863309,1,FALSE,FALSE,FALSE,FALSE
"K14379",0.064,0,0.637,0.0314,0.0664,0.0333,NA,"K14379",0.999598920863309,1,FALSE,FALSE,FALSE,FALSE
"K01083",0.222,0,0.24,-0.063,0.0535,0.0829,NA,"K01083",0.891454005934718,1,FALSE,FALSE,FALSE,FALSE
"K01303",0.35,0,0.472,0.0617,0.0856,0.0508,NA,"K01303",0.999598920863309,1,FALSE,FALSE,FALSE,FALSE
"K00980",0.232,0,0.764,-0.0145,0.0482,0.0212,NA,"K00980",0.999598920863309,1,FALSE,FALSE,FALSE,FALSE
"K00973",0.852,0,0.167,-0.0684,0.0494,0.0972,NA,"K00973",0.774230555555556,1,FALSE,FALSE,FALSE,FALSE
"K01710",0.857,0,0.142,-0.073,0.0495,0.103,NA,"K01710",0.718175757575757,1,FALSE,FALSE,FALSE,FALSE
"K02429",0.335,0,0.181,0.0757,0.0563,0.0943,NA,"K02429",0.796368189806678,1,FALSE,FALSE,FALSE,FALSE
"K15727",0.236,0,0.234,-0.0695,0.0582,0.0839,NA,"K15727",0.886261724659607,1,FALSE,FALSE,FALSE,FALSE
"K06079",0.143,0,0.744,-0.0409,0.125,0.0231,NA,"K06079",0.999598920863309,1,FALSE,FALSE,FALSE,FALSE
"K01684",0.596,0,0.685,-0.0273,0.0671,0.0287,NA,"K01684",0.999598920863309,1,FALSE,FALSE,FALSE,FALSE
"K18622",0.222,0,0.524,0.0421,0.0659,0.045,NA,"K18622",0.999598920863309,1,FALSE,FALSE,FALSE,FALSE
"K19055",0.419,0,0.249,0.0946,0.0819,0.0812,NA,"K19055",0.898877433309301,1,FALSE,FALSE,FALSE,FALSE
"K03529",0.818,0,0.677,-0.169,0.406,0.0294,NA,"K03529,K05896",0.999598920863309,1,FALSE,FALSE,FALSE,FALSE
"K18159",0.0936,0,0.956,-0.00953,0.173,0.00388,NA,"K18159",0.999598920863309,1,FALSE,FALSE,FALSE,FALSE
"K00969",0.941,0,0.502,0.252,0.375,0.0474,NA,"K00969",0.999598920863309,1,FALSE,FALSE,FALSE,FALSE
"K01761",0.236,0,0.127,0.149,0.0968,0.108,NA,"K01761",0.691935799782372,1,FALSE,FALSE,FALSE,FALSE
"K19707",0.118,0,0.513,-0.0435,0.0663,0.0462,NA,"K19707",0.999598920863309,1,FALSE,FALSE,FALSE,FALSE
"K20974",0.3,0,0.744,-0.0314,0.0959,0.0231,NA,"K20974",0.999598920863309,1,FALSE,FALSE,FALSE,FALSE
"K11939",0.601,0,0.725,-0.026,0.0737,0.0248,NA,"K11939",0.999598920863309,1,FALSE,FALSE,FALSE,FALSE
"K00262",0.581,0,0.785,-0.0145,0.0531,0.0192,NA,"K00262",0.999598920863309,1,FALSE,FALSE,FALSE,FALSE
"K00666",0.512,0,0.465,0.073,0.0996,0.0516,NA,"K00666",0.999598920863309,1,FALSE,FALSE,FALSE,FALSE
"K07705",0.163,0,0.766,-0.0264,0.0886,0.021,NA,"K07705",0.999598920863309,1,FALSE,FALSE,FALSE,FALSE
"K00311",0.581,0,0.945,0.0147,0.213,0.00488,NA,"K00311",0.999598920863309,1,FALSE,FALSE,FALSE,FALSE
"K03521",0.872,0,0.681,-0.0571,0.139,0.029,NA,"K03521",0.999598920863309,1,FALSE,FALSE,FALSE,FALSE
"K03522",0.862,0,0.86,0.0242,0.137,0.0125,NA,"K03522",0.999598920863309,1,FALSE,FALSE,FALSE,FALSE
"K00681",0.921,0,0.268,0.124,0.112,0.078,NA,"K00681",0.91408446866485,1,FALSE,FALSE,FALSE,FALSE
"K22452",0.527,0,0.268,-0.174,0.156,0.0782,NA,"K22452",0.91408446866485,1,FALSE,FALSE,FALSE,FALSE
"K00020",0.601,0,0.644,0.0714,0.154,0.0327,NA,"K00020",0.999598920863309,1,FALSE,FALSE,FALSE,FALSE
"K05605",0.66,0,0.53,-0.105,0.167,0.0443,NA,"K05605",0.999598920863309,1,FALSE,FALSE,FALSE,FALSE
"K11538",0.394,0,0.472,-0.0851,0.118,0.0508,NA,"K11538",0.999598920863309,1,FALSE,FALSE,FALSE,FALSE
"K00249",0.724,0,0.647,0.0503,0.11,0.0324,NA,"K00249",0.999598920863309,1,FALSE,FALSE,FALSE,FALSE
"K00140",0.901,0,0.242,0.163,0.139,0.0825,NA,"K00140",0.894899556868538,1,FALSE,FALSE,FALSE,FALSE
"K00253",0.547,0,0.737,0.0933,0.278,0.0237,NA,"K00253",0.999598920863309,1,FALSE,FALSE,FALSE,FALSE
"K01969",0.729,0,0.799,0.0648,0.254,0.0179,NA,"K01969",0.999598920863309,1,FALSE,FALSE,FALSE,FALSE
"K13766",0.522,0,0.759,0.084,0.274,0.0217,NA,"K13766",0.999598920863309,1,FALSE,FALSE,FALSE,FALSE
"K01968",0.591,0,0.522,0.156,0.243,0.0452,NA,"K01968",0.999598920863309,1,FALSE,FALSE,FALSE,FALSE
"K01640",0.739,0,0.238,0.112,0.0942,0.0832,NA,"K01640",0.889302985074627,1,FALSE,FALSE,FALSE,FALSE
"K01028",0.724,0,0.0367,0.16,0.0761,0.147,NA,"K01028",0.45742962962963,1,FALSE,FALSE,FALSE,FALSE
"K01029",0.724,0,0.0367,0.16,0.0761,0.147,NA,"K01029",0.45742962962963,1,FALSE,FALSE,FALSE,FALSE
"K09696",0.177,0,0.329,0.144,0.148,0.0688,NA,"K09696,K09697",0.958482857142857,1,FALSE,FALSE,FALSE,FALSE
"K01992",0.892,0,0.393,0.0711,0.083,0.0603,NA,"K01992",0.989316742081448,1,FALSE,FALSE,FALSE,FALSE
"K18473",0.158,0,0.374,-0.268,0.301,0.0627,NA,"K18473",0.97633889468196,1,FALSE,FALSE,FALSE,FALSE
"K06880",0.261,0,0.344,0.0574,0.0605,0.0667,NA,"K06880",0.962031561461794,1,FALSE,FALSE,FALSE,FALSE
"K07491",0.512,0,0.125,0.0779,0.0506,0.108,NA,"K07491",0.687019758507135,1,FALSE,FALSE,FALSE,FALSE
"K00031",0.754,0,0.739,-0.0357,0.107,0.0235,NA,"K00031",0.999598920863309,1,FALSE,FALSE,FALSE,FALSE
"K22278",0.68,0,0.596,0.0359,0.0677,0.0374,NA,"K22278",0.999598920863309,1,FALSE,FALSE,FALSE,FALSE
"K02676",0.296,0,0.0899,-0.177,0.104,0.119,NA,"K02676",0.602157631578947,1,FALSE,FALSE,FALSE,FALSE
"K00906",0.463,0,0.311,-0.266,0.262,0.0714,NA,"K00906",0.950168352171327,1,FALSE,FALSE,FALSE,FALSE
"K14657",0.374,0,0.351,-0.0459,0.0491,0.0658,NA,"K14657",0.963199455040872,1,FALSE,FALSE,FALSE,FALSE
"K07165",0.488,0,0.426,0.0813,0.102,0.0561,NA,"K07165",0.998606694560669,1,FALSE,FALSE,FALSE,FALSE
"K12251",0.438,0,0.916,0.00658,0.0621,0.00746,NA,"K12251",0.999598920863309,1,FALSE,FALSE,FALSE,FALSE
"K13979",0.635,0,0.981,0.00156,0.0644,0.00171,NA,"K13979",0.999598920863309,1,FALSE,FALSE,FALSE,FALSE
"K24821",0.276,0,0.968,0.00571,0.143,0.00281,NA,"K24821",0.999598920863309,1,FALSE,FALSE,FALSE,FALSE
"K01690",0.606,0,0.756,-0.0344,0.11,0.022,NA,"K01690",0.999598920863309,1,FALSE,FALSE,FALSE,FALSE
"K00845",0.64,0,0.0748,0.341,0.191,0.125,NA,"K00845",0.563005997001499,1,FALSE,FALSE,FALSE,FALSE
"K20950",0.0296,0,0.269,0.1,0.0903,0.078,NA,"K20950",0.915624065261727,1,FALSE,FALSE,FALSE,FALSE
"K01178",0.0837,0,0.768,0.0386,0.131,0.0209,NA,"K01178",0.999598920863309,1,FALSE,FALSE,FALSE,FALSE
"K16211",0.192,0,0.7,-0.0586,0.152,0.0272,NA,"K16211",0.999598920863309,1,FALSE,FALSE,FALSE,FALSE
"K21575",0.108,0,0.746,-0.0495,0.153,0.0228,NA,"K21575",0.999598920863309,1,FALSE,FALSE,FALSE,FALSE
"K14266",0.108,0,0.0615,-0.438,0.233,0.131,NA,"K14266",0.563005997001499,1,FALSE,FALSE,FALSE,FALSE
"K01187",0.429,0,0.382,0.106,0.121,0.0617,NA,"K01187",0.981915514592934,1,FALSE,FALSE,FALSE,FALSE
"K01286",0.414,0,0.428,-0.0389,0.049,0.056,NA,"K01286",0.998606694560669,1,FALSE,FALSE,FALSE,FALSE
"K01556",0.547,0,0.0396,0.141,0.0681,0.145,NA,"K01556",0.478930434782609,1,FALSE,FALSE,FALSE,FALSE
"K16091",0.261,0,0.932,0.0078,0.0916,0.006,NA,"K16091",0.999598920863309,1,FALSE,FALSE,FALSE,FALSE
"K11418",0.143,0,0.826,-0.0278,0.127,0.0155,NA,"K11418",0.999598920863309,1,FALSE,FALSE,FALSE,FALSE
"K22479",0.818,0,0.452,-0.0462,0.0613,0.0531,NA,"K22479",0.999598920863309,1,FALSE,FALSE,FALSE,FALSE
"K07734",0.69,0,0.614,-0.0354,0.0701,0.0356,NA,"K07734",0.999598920863309,1,FALSE,FALSE,FALSE,FALSE
"K07052",0.773,0,0.613,-0.0452,0.0894,0.0357,NA,"K07052",0.999598920863309,1,FALSE,FALSE,FALSE,FALSE
"K18988",0.202,0,0.619,-0.0422,0.0846,0.0351,NA,"K18988",0.999598920863309,1,FALSE,FALSE,FALSE,FALSE
"K12976",0.419,0,0.976,0.0028,0.0933,0.00212,NA,"K12976",0.999598920863309,1,FALSE,FALSE,FALSE,FALSE
"K09933",0.547,0,0.0832,0.363,0.209,0.122,NA,"K09933",0.589635524475524,1,FALSE,FALSE,FALSE,FALSE
"K19271",0.296,0,0.208,-0.159,0.126,0.0887,NA,"K19271",0.846712195121951,1,FALSE,FALSE,FALSE,FALSE
"K00263",0.433,0,0.733,0.0507,0.149,0.0241,NA,"K00263",0.999598920863309,1,FALSE,FALSE,FALSE,FALSE
"K19784",0.788,0,0.567,0.0421,0.0733,0.0404,NA,"K19784",0.999598920863309,1,FALSE,FALSE,FALSE,FALSE
"K03411",0.478,0,0.148,-0.116,0.0799,0.102,NA,"K03411",0.725084148727984,1,FALSE,FALSE,FALSE,FALSE
"K21478",0.0887,0,0.0636,0.782,0.419,0.13,NA,"K21478",0.563005997001499,1,FALSE,FALSE,FALSE,FALSE
"K02106",0.36,0,0.762,-0.0187,0.0617,0.0214,NA,"K02106",0.999598920863309,1,FALSE,FALSE,FALSE,FALSE
"K00797",0.562,0,0.979,0.00206,0.0777,0.00187,NA,"K00797",0.999598920863309,1,FALSE,FALSE,FALSE,FALSE
"K16053",0.438,0,0.957,-0.00702,0.131,0.00377,NA,"K16053",0.999598920863309,1,FALSE,FALSE,FALSE,FALSE
"K01113",0.567,0,0.0177,0.182,0.0763,0.166,NA,"K01113",0.336973003802281,1,FALSE,FALSE,FALSE,FALSE
"K17231",0.153,0,0.758,-0.0745,0.241,0.0218,NA,"K17231",0.999598920863309,1,FALSE,FALSE,FALSE,FALSE
"K02302",0.626,0,0.554,-0.098,0.165,0.0418,NA,"K02302",0.999598920863309,1,FALSE,FALSE,FALSE,FALSE
"K07663",0.31,0,0.246,-0.0856,0.0736,0.0818,NA,"K07663",0.897756559766764,1,FALSE,FALSE,FALSE,FALSE
"K07641",0.31,0,0.246,-0.0856,0.0736,0.0818,NA,"K07641",0.897756559766764,1,FALSE,FALSE,FALSE,FALSE
"K06143",0.335,0,0.403,-0.0613,0.0732,0.059,NA,"K06143",0.994490389354362,1,FALSE,FALSE,FALSE,FALSE
"K11621",0.172,0,0.484,-0.0712,0.101,0.0494,NA,"K11621",0.999598920863309,1,FALSE,FALSE,FALSE,FALSE
"K07215",0.236,0,0.104,-0.108,0.0659,0.114,NA,"K07215",0.635809523809524,1,FALSE,FALSE,FALSE,FALSE
"K08981",0.369,0,0.0488,-0.805,0.406,0.138,NA,"K08981",0.528696129032258,1,FALSE,FALSE,FALSE,FALSE
"K04047",0.901,0,0.0283,-0.204,0.0925,0.154,NA,"K04047",0.417988495575221,1,FALSE,FALSE,FALSE,FALSE
"K07445",0.0394,0,0.536,0.0682,0.11,0.0437,NA,"K07445",0.999598920863309,1,FALSE,FALSE,FALSE,FALSE
"K00641",0.591,0,0.153,-0.17,0.118,0.101,NA,"K00641",0.738026011560694,1,FALSE,FALSE,FALSE,FALSE
"K00019",0.67,0,0.787,0.0249,0.0923,0.0191,NA,"K00019",0.999598920863309,1,FALSE,FALSE,FALSE,FALSE
"K07221",0.187,0,0.599,-0.0372,0.0705,0.0371,NA,"K07221",0.999598920863309,1,FALSE,FALSE,FALSE,FALSE
"K02081",0.167,0,0.842,-0.0148,0.0741,0.0141,NA,"K02081",0.999598920863309,1,FALSE,FALSE,FALSE,FALSE
"K16371",0.158,0,0.897,-0.0122,0.0942,0.00913,NA,"K16371",0.999598920863309,1,FALSE,FALSE,FALSE,FALSE
"K02082",0.123,0,0.146,-0.0984,0.0674,0.102,NA,"K02082",0.721640671273445,1,FALSE,FALSE,FALSE,FALSE
"K02079",0.0493,0,1,2.66e-05,0.0989,1.9e-05,NA,"K02079",1,1,FALSE,FALSE,FALSE,FALSE
"K00899",0.335,0,0.532,0.0544,0.0869,0.0441,NA,"K00899",0.999598920863309,1,FALSE,FALSE,FALSE,FALSE
"K08963",0.537,0,0.662,0.0376,0.0859,0.0309,NA,"K08963",0.999598920863309,1,FALSE,FALSE,FALSE,FALSE
"K08967",0.458,0,0.365,-0.101,0.111,0.0639,NA,"K08967",0.975736785904965,1,FALSE,FALSE,FALSE,FALSE
"K09880",0.31,0,0.52,-0.0523,0.0812,0.0454,NA,"K09880",0.999598920863309,1,FALSE,FALSE,FALSE,FALSE
"K08964",0.433,0,0.512,-0.0532,0.081,0.0463,NA,"K08964",0.999598920863309,1,FALSE,FALSE,FALSE,FALSE
"K14287",0.473,0,0.845,0.0234,0.12,0.0138,NA,"K14287",0.999598920863309,1,FALSE,FALSE,FALSE,FALSE
"K07029",0.675,0,0.0311,-0.187,0.086,0.151,NA,"K07029",0.436184033613445,1,FALSE,FALSE,FALSE,FALSE
"K09940",0.478,0,0.868,-0.0275,0.166,0.0117,NA,"K09940",0.999598920863309,1,FALSE,FALSE,FALSE,FALSE
"K01434",0.483,0,0.959,0.00374,0.0719,0.00367,NA,"K01434",0.999598920863309,1,FALSE,FALSE,FALSE,FALSE
"K11741",0.729,0,0.82,0.0215,0.0945,0.0161,NA,"K11741",0.999598920863309,1,FALSE,FALSE,FALSE,FALSE
"K02172",0.414,0,0.488,0.223,0.321,0.049,NA,"K02172",0.999598920863309,1,FALSE,FALSE,FALSE,FALSE
"K02171",0.419,0,0.72,-0.13,0.361,0.0253,NA,"K02171",0.999598920863309,1,FALSE,FALSE,FALSE,FALSE
"K06999",0.897,0,0.891,0.0289,0.211,0.00964,NA,"K06999",0.999598920863309,1,FALSE,FALSE,FALSE,FALSE
"K02496",0.527,0,0.924,0.0174,0.182,0.00677,NA,"K02496",0.999598920863309,1,FALSE,FALSE,FALSE,FALSE
"K03182",0.606,0,0.518,-0.0778,0.12,0.0456,NA,"K03182",0.999598920863309,1,FALSE,FALSE,FALSE,FALSE
"K01302",0.187,0,0.5,-0.322,0.478,0.0476,NA,"K01302",0.999598920863309,1,FALSE,FALSE,FALSE,FALSE
"K03732",0.468,0,0.867,0.0302,0.18,0.0118,NA,"K03732",0.999598920863309,1,FALSE,FALSE,FALSE,FALSE
"K01305",0.0887,0,0.32,0.107,0.107,0.0701,NA,"K01305",0.950884272997033,1,FALSE,FALSE,FALSE,FALSE
"K05986",0.167,0,0.743,-0.0731,0.222,0.0232,NA,"K05986",0.999598920863309,1,FALSE,FALSE,FALSE,FALSE
"K01407",0.158,0,0.846,-0.0929,0.477,0.0137,NA,"K01407",0.999598920863309,1,FALSE,FALSE,FALSE,FALSE
"K09974",0.158,0,0.581,-0.0424,0.0767,0.039,NA,"K09974",0.999598920863309,1,FALSE,FALSE,FALSE,FALSE
"K09136",0.606,0,0.145,0.107,0.0732,0.103,NA,"K09136",0.721640671273445,1,FALSE,FALSE,FALSE,FALSE
"K02226",0.266,0,0.347,-0.0829,0.088,0.0663,NA,"K02226",0.962031561461794,1,FALSE,FALSE,FALSE,FALSE
"K08973",0.591,0,0.912,0.0262,0.238,0.00776,NA,"K08973",0.999598920863309,1,FALSE,FALSE,FALSE,FALSE
"K07284",0.409,0,0.00214,0.394,0.127,0.214,NA,"K07284",0.110463711340206,1,FALSE,FALSE,FALSE,FALSE
"K14980",0.202,0,0.28,0.265,0.244,0.0762,NA,"K14980",0.925386138613861,1,FALSE,FALSE,FALSE,FALSE
"K07715",0.182,0,0.332,-0.183,0.188,0.0684,NA,"K07715",0.958482857142857,1,FALSE,FALSE,FALSE,FALSE
"K07711",0.227,0,0.287,-0.2,0.188,0.0751,NA,"K07711",0.929501293661061,1,FALSE,FALSE,FALSE,FALSE
"K07101",0.227,0,0.731,-0.119,0.346,0.0242,NA,"K07101",0.999598920863309,1,FALSE,FALSE,FALSE,FALSE
"K07116",0.202,0,0.48,-0.0812,0.115,0.0499,NA,"K07116",0.999598920863309,1,FALSE,FALSE,FALSE,FALSE
"K16088",0.419,0,0.657,-0.0333,0.0749,0.0313,NA,"K16088",0.999598920863309,1,FALSE,FALSE,FALSE,FALSE
"K09989",0.507,0,0.405,0.218,0.261,0.0587,NA,"K09989",0.995165229885058,1,FALSE,FALSE,FALSE,FALSE
"K16092",0.512,0,0.0687,-0.125,0.0685,0.128,NA,"K16092",0.563005997001499,1,FALSE,FALSE,FALSE,FALSE
"K04095",0.532,0,0.906,-0.00489,0.0413,0.00834,NA,"K04095",0.999598920863309,1,FALSE,FALSE,FALSE,FALSE
"K03925",0.916,0,0.958,-0.016,0.301,0.00376,NA,"K03925",0.999598920863309,1,FALSE,FALSE,FALSE,FALSE
"K07778",0.305,0,0.811,-0.0255,0.107,0.0169,NA,"K07778",0.999598920863309,1,FALSE,FALSE,FALSE,FALSE
"K07693",0.291,0,0.742,-0.0506,0.154,0.0232,NA,"K07693",0.999598920863309,1,FALSE,FALSE,FALSE,FALSE
"K02686",0.202,0,0.975,-0.00414,0.13,0.00226,NA,"K02686",0.999598920863309,1,FALSE,FALSE,FALSE,FALSE
"K16074",0.586,0,0.871,0.0216,0.133,0.0114,NA,"K16074",0.999598920863309,1,FALSE,FALSE,FALSE,FALSE
"K03654",0.847,0,0.34,0.155,0.162,0.0674,NA,"K03654",0.962031561461794,1,FALSE,FALSE,FALSE,FALSE
"K01073",0.217,0,0.0463,-0.446,0.222,0.14,NA,"K01073",0.51175298013245,1,FALSE,FALSE,FALSE,FALSE
"K00556",0.251,0,0.801,-0.0841,0.333,0.0178,NA,"K00556",0.999598920863309,1,FALSE,FALSE,FALSE,FALSE
"K01914",0.222,0,0.0345,-0.259,0.122,0.149,NA,"K01914",0.452952835051546,1,FALSE,FALSE,FALSE,FALSE
"K20976",0.325,0,0.902,-0.0129,0.105,0.00865,NA,"K20976",0.999598920863309,1,FALSE,FALSE,FALSE,FALSE
"K19294",0.261,0,0.536,-0.068,0.11,0.0437,NA,"K19294",0.999598920863309,1,FALSE,FALSE,FALSE,FALSE
"K19609",0.207,0,0.217,0.0957,0.0773,0.087,NA,"K19609",0.864374701670644,1,FALSE,FALSE,FALSE,FALSE
"K09007",0.379,0,0.034,0.253,0.119,0.149,NA,"K09007",0.451559681697613,1,FALSE,FALSE,FALSE,FALSE
"K07688",0.0936,0,0.566,0.053,0.0922,0.0405,NA,"K07688",0.999598920863309,1,FALSE,FALSE,FALSE,FALSE
"K03455",0.286,0,0.0367,-0.173,0.0823,0.147,NA,"K03455",0.45742962962963,1,FALSE,FALSE,FALSE,FALSE
"K02168",0.409,0,0.398,-0.0682,0.0805,0.0596,NA,"K02168",0.9929177877429,1,FALSE,FALSE,FALSE,FALSE
"K05564",0.453,0,0.33,-0.307,0.314,0.0688,NA,"K05559,K05560,K05561,K05562,K05563,K05564",0.958482857142857,1,FALSE,FALSE,FALSE,FALSE
"K05565",0.709,0,0.634,0.104,0.218,0.0336,NA,"K05565",0.999598920863309,1,FALSE,FALSE,FALSE,FALSE
"K05566",0.704,0,0.618,0.133,0.266,0.0352,NA,"K05566",0.999598920863309,1,FALSE,FALSE,FALSE,FALSE
"K09857",0.463,0,0.0152,0.515,0.21,0.17,NA,"K09857",0.30688064516129,1,FALSE,FALSE,FALSE,FALSE
"K15012",0.488,0,0.831,0.0896,0.418,0.0151,NA,"K15011,K15012",0.999598920863309,1,FALSE,FALSE,FALSE,FALSE
"K00657",0.606,0,0.146,0.138,0.0945,0.102,NA,"K00657",0.721640671273445,1,FALSE,FALSE,FALSE,FALSE
"K15726",0.315,0,0.477,-0.0507,0.0711,0.0502,NA,"K15726",0.999598920863309,1,FALSE,FALSE,FALSE,FALSE
"K03594",0.67,0,0.174,0.334,0.245,0.0957,NA,"K03594",0.786557450628366,1,FALSE,FALSE,FALSE,FALSE
"K02192",0.463,0,0.144,-0.11,0.0751,0.103,NA,"K02192",0.721640671273445,1,FALSE,FALSE,FALSE,FALSE
"K09978",0.227,0,0.259,-0.165,0.146,0.0796,NA,"K09978",0.907496850944717,1,FALSE,FALSE,FALSE,FALSE
"K01118",0.744,0,0.42,0.0797,0.0987,0.0569,NA,"K01118",0.998553765987684,1,FALSE,FALSE,FALSE,FALSE
"K21469",0.148,0,0.849,0.0654,0.343,0.0135,NA,"K21469",0.999598920863309,1,FALSE,FALSE,FALSE,FALSE
"K11066",0.502,0,0.318,-0.175,0.175,0.0704,NA,"K11066",0.950168352171327,1,FALSE,FALSE,FALSE,FALSE
"K08989",0.389,0,0.724,0.0235,0.0664,0.025,NA,"K08989",0.999598920863309,1,FALSE,FALSE,FALSE,FALSE
"K09980",0.182,0,0.662,0.036,0.0823,0.0308,NA,"K09980",0.999598920863309,1,FALSE,FALSE,FALSE,FALSE
"K09919",0.576,0,0.213,0.265,0.212,0.0878,NA,"K09919",0.860073387096774,1,FALSE,FALSE,FALSE,FALSE
"K01254",0.118,0,0.624,-0.204,0.415,0.0346,NA,"K01254",0.999598920863309,1,FALSE,FALSE,FALSE,FALSE
"K03525",0.631,0,0.572,0.251,0.444,0.0398,NA,"K03525",0.999598920863309,1,FALSE,FALSE,FALSE,FALSE
"K07257",0.0887,0,0.898,-0.00942,0.0737,0.00901,NA,"K07257",0.999598920863309,1,FALSE,FALSE,FALSE,FALSE
"K00662",0.187,0,0.792,-0.0185,0.0698,0.0187,NA,"K00662",0.999598920863309,1,FALSE,FALSE,FALSE,FALSE
"K03676",0.611,0,0.345,0.29,0.306,0.0666,NA,"K03676",0.962031561461794,1,FALSE,FALSE,FALSE,FALSE
"K02472",0.36,0,0.661,0.0205,0.0467,0.0309,NA,"K02472",0.999598920863309,1,FALSE,FALSE,FALSE,FALSE
"K24336",0.0493,0,0.142,-0.115,0.0778,0.104,NA,"K24280,K24336",0.718175757575757,1,FALSE,FALSE,FALSE,FALSE
"K24282",0.0345,0,0.413,-0.0667,0.0813,0.0578,NA,"K24282",0.995165229885058,1,FALSE,FALSE,FALSE,FALSE
"K24284",0.0493,0,0.42,-0.0638,0.079,0.0569,NA,"K24284",0.998553765987684,1,FALSE,FALSE,FALSE,FALSE
"K24281",0.0394,0,0.41,-0.0669,0.0811,0.0581,NA,"K24281",0.995165229885058,1,FALSE,FALSE,FALSE,FALSE
"K24283",0.0443,0,0.147,-0.109,0.0752,0.102,NA,"K24283",0.722305201177625,1,FALSE,FALSE,FALSE,FALSE
"K24310",0.261,0,0.818,-0.0122,0.053,0.0163,NA,"K24310",0.999598920863309,1,FALSE,FALSE,FALSE,FALSE
"K13012",0.138,0,0.103,-0.0841,0.0514,0.115,NA,"K13012",0.635809523809524,1,FALSE,FALSE,FALSE,FALSE
"K24300",0.369,0,0.132,-0.0731,0.0484,0.106,NA,"K24300",0.704609808102345,1,FALSE,FALSE,FALSE,FALSE
"K00690",0.197,0,0.0766,0.16,0.0899,0.125,NA,"K00690",0.569583284023669,1,FALSE,FALSE,FALSE,FALSE
"K13693",0.153,0,0.541,-0.0846,0.138,0.0431,NA,"K13693",0.999598920863309,1,FALSE,FALSE,FALSE,FALSE
"K15918",0.148,0,0.861,0.0741,0.424,0.0123,NA,"K15918",0.999598920863309,1,FALSE,FALSE,FALSE,FALSE
"K07026",0.172,0,0.51,-0.0831,0.126,0.0465,NA,"K07026",0.999598920863309,1,FALSE,FALSE,FALSE,FALSE
"K03153",0.645,0,0.0945,0.246,0.146,0.118,NA,"K03153",0.614495454545455,1,FALSE,FALSE,FALSE,FALSE
"K14153",0.138,0,0.804,-0.0928,0.374,0.0175,NA,"K14153",0.999598920863309,1,FALSE,FALSE,FALSE,FALSE
"K02116",0.66,0,0.676,0.0229,0.0547,0.0295,NA,"K02116",0.999598920863309,1,FALSE,FALSE,FALSE,FALSE
"K08998",0.571,0,0.072,-0.211,0.117,0.127,NA,"K08998",0.563005997001499,1,FALSE,FALSE,FALSE,FALSE
"K01271",0.246,0,0.411,-0.316,0.383,0.0581,NA,"K01271",0.995165229885058,1,FALSE,FALSE,FALSE,FALSE
"K06886",0.695,0,0.0322,-0.202,0.0939,0.15,NA,"K06886",0.43944414893617,1,FALSE,FALSE,FALSE,FALSE
"K02674",0.34,0,0.205,-0.102,0.0799,0.0894,NA,"K02674",0.841993469387755,1,FALSE,FALSE,FALSE,FALSE
"K02672",0.448,0,0.948,-0.00728,0.111,0.00461,NA,"K02672",0.999598920863309,1,FALSE,FALSE,FALSE,FALSE
"K00557",0.414,0,0.875,0.0288,0.183,0.0111,NA,"K00557",0.999598920863309,1,FALSE,FALSE,FALSE,FALSE
"K13877",0.458,0,0.172,0.116,0.0846,0.0963,NA,"K13877",0.785053783044667,1,FALSE,FALSE,FALSE,FALSE
"K12658",0.374,0,0.0291,0.191,0.087,0.153,NA,"K12658",0.422329565217391,1,FALSE,FALSE,FALSE,FALSE
"K21060",0.0443,0,0.683,-0.0364,0.089,0.0288,NA,"K21060",0.999598920863309,1,FALSE,FALSE,FALSE,FALSE
"K00847",0.739,0,0.964,-0.00282,0.0621,0.0032,NA,"K00847",0.999598920863309,1,FALSE,FALSE,FALSE,FALSE
"K01194",0.202,0,0.433,-0.0581,0.0739,0.0553,NA,"K01194",0.999598920863309,1,FALSE,FALSE,FALSE,FALSE
"K09004",0.148,0,0.16,-0.132,0.0932,0.0991,NA,"K09004",0.755061262959472,1,FALSE,FALSE,FALSE,FALSE
"K07059",0.246,0,0.622,0.0361,0.0732,0.0348,NA,"K07059",0.999598920863309,1,FALSE,FALSE,FALSE,FALSE
"K01484",0.433,0,0.283,0.374,0.348,0.0757,NA,"K01484",0.9257734375,1,FALSE,FALSE,FALSE,FALSE
"K05520",0.813,0,0.476,0.0648,0.0907,0.0503,NA,"K05520",0.999598920863309,1,FALSE,FALSE,FALSE,FALSE
"K03777",0.227,0,0.864,0.0134,0.0781,0.0121,NA,"K03777",0.999598920863309,1,FALSE,FALSE,FALSE,FALSE
"K19775",0.123,0,0.808,-0.0295,0.121,0.0172,NA,"K19775",0.999598920863309,1,FALSE,FALSE,FALSE,FALSE
"K08191",0.473,0,0.561,0.0413,0.0708,0.0411,NA,"K08191",0.999598920863309,1,FALSE,FALSE,FALSE,FALSE
"K09822",0.0394,0,0.381,0.141,0.161,0.0618,NA,"K09822",0.981815234173958,1,FALSE,FALSE,FALSE,FALSE
"K11941",0.113,0,0.506,-0.0632,0.0948,0.047,NA,"K11941",0.999598920863309,1,FALSE,FALSE,FALSE,FALSE
"K07667",0.635,0,0.774,-0.039,0.136,0.0203,NA,"K07667",0.999598920863309,1,FALSE,FALSE,FALSE,FALSE
"K05555",0.419,0,0.661,0.0334,0.0759,0.031,NA,"K05555",0.999598920863309,1,FALSE,FALSE,FALSE,FALSE
"K09890",0.369,0,0.0634,0.401,0.215,0.131,NA,"K09890",0.563005997001499,1,FALSE,FALSE,FALSE,FALSE
"K22210",0.286,0,0.993,0.000665,0.0734,0.000639,NA,"K22210",0.999598920863309,1,FALSE,FALSE,FALSE,FALSE
"K00355",0.64,0,0.996,-0.000324,0.068,0.000336,NA,"K00355",0.999598920863309,1,FALSE,FALSE,FALSE,FALSE
"K03782",0.665,0,0.687,0.0299,0.0742,0.0285,NA,"K03782",0.999598920863309,1,FALSE,FALSE,FALSE,FALSE
"K01278",0.172,0,0.721,-0.113,0.316,0.0252,NA,"K01278",0.999598920863309,1,FALSE,FALSE,FALSE,FALSE
"K10748",0.207,0,0.407,-0.0798,0.0961,0.0585,NA,"K10748",0.995165229885058,1,FALSE,FALSE,FALSE,FALSE
"K09773",0.798,0,0.915,0.0169,0.157,0.00758,NA,"K09773",0.999598920863309,1,FALSE,FALSE,FALSE,FALSE
"K24160",0.365,0,0.299,-0.0524,0.0503,0.0732,NA,"K24160",0.938028195488722,1,FALSE,FALSE,FALSE,FALSE
"K01750",0.335,0,0.626,-0.0308,0.0631,0.0344,NA,"K01750",0.999598920863309,1,FALSE,FALSE,FALSE,FALSE
"K03503",0.335,0,0.378,0.0501,0.0567,0.0623,NA,"K03503",0.980137752459865,1,FALSE,FALSE,FALSE,FALSE
"K03502",0.374,0,0.913,0.00604,0.0554,0.00769,NA,"K03502",0.999598920863309,1,FALSE,FALSE,FALSE,FALSE
"K08714",0.143,0,0.298,0.204,0.196,0.0734,NA,"K08714",0.937829038340666,1,FALSE,FALSE,FALSE,FALSE
"K23753",0.212,0,0.785,-0.0567,0.207,0.0193,NA,"K23753",0.999598920863309,1,FALSE,FALSE,FALSE,FALSE
"K13953",0.64,0,0.501,0.0441,0.0654,0.0475,NA,"K13953",0.999598920863309,1,FALSE,FALSE,FALSE,FALSE
"K01444",0.123,0,0.612,-0.0603,0.119,0.0358,NA,"K01444",0.999598920863309,1,FALSE,FALSE,FALSE,FALSE
"K26288",0.0542,0,0.679,0.0783,0.189,0.0292,NA,"K26288",0.999598920863309,1,FALSE,FALSE,FALSE,FALSE
"K26059",0.0837,0,0.428,-0.0878,0.111,0.0559,NA,"K26059",0.998606694560669,1,FALSE,FALSE,FALSE,FALSE
"K02761",0.227,0,0.43,0.0798,0.101,0.0557,NA,"K02761",0.999598920863309,1,FALSE,FALSE,FALSE,FALSE
"K01053",0.517,0,0.366,0.0417,0.046,0.0638,NA,"K01053",0.976324986680874,1,FALSE,FALSE,FALSE,FALSE
"K07270",0.138,0,0.881,-0.0138,0.0927,0.0105,NA,"K07270",0.999598920863309,1,FALSE,FALSE,FALSE,FALSE
"K00030",0.153,0,0.464,-0.33,0.45,0.0517,NA,"K00030",0.999598920863309,1,FALSE,FALSE,FALSE,FALSE
"K07148",0.542,0,0.897,0.0105,0.0811,0.00914,NA,"K07148",0.999598920863309,1,FALSE,FALSE,FALSE,FALSE
"K01214",0.552,0,0.844,0.019,0.0964,0.0139,NA,"K01214",0.999598920863309,1,FALSE,FALSE,FALSE,FALSE
"K01467",0.483,0,0.0737,0.13,0.0725,0.126,NA,"K01467",0.563005997001499,1,FALSE,FALSE,FALSE,FALSE
"K21698",0.31,0,0.333,-0.159,0.164,0.0683,NA,"K21698",0.958482857142857,1,FALSE,FALSE,FALSE,FALSE
"K01284",0.458,0,0.491,-0.207,0.3,0.0486,NA,"K01284",0.999598920863309,1,FALSE,FALSE,FALSE,FALSE
"K01555",0.433,0,0.0573,0.166,0.0867,0.134,NA,"K01555",0.561450293542074,1,FALSE,FALSE,FALSE,FALSE
"K01932",0.0985,0,0.645,0.0588,0.127,0.0326,NA,"K01932,K22116",0.999598920863309,1,FALSE,FALSE,FALSE,FALSE
"K22310",0.527,0,0.15,0.174,0.121,0.101,NA,"K22310",0.730593385214008,1,FALSE,FALSE,FALSE,FALSE
"K12972",0.67,0,0.659,-0.0292,0.0661,0.0312,NA,"K12972",0.999598920863309,1,FALSE,FALSE,FALSE,FALSE
"K08082",0.202,0,0.24,-0.288,0.244,0.0828,NA,"K08082",0.891454005934718,1,FALSE,FALSE,FALSE,FALSE
"K08083",0.36,0,0.709,0.0534,0.143,0.0263,NA,"K08083",0.999598920863309,1,FALSE,FALSE,FALSE,FALSE
"K09797",0.118,0,0.719,-0.103,0.286,0.0254,NA,"K09797",0.999598920863309,1,FALSE,FALSE,FALSE,FALSE
"K00992",0.562,0,0.913,-0.0318,0.292,0.00767,NA,"K00992",0.999598920863309,1,FALSE,FALSE,FALSE,FALSE
"K07102",0.567,0,0.865,-0.0607,0.355,0.012,NA,"K07102",0.999598920863309,1,FALSE,FALSE,FALSE,FALSE
"K03807",0.34,0,0.843,0.0763,0.385,0.014,NA,"K03807",0.999598920863309,1,FALSE,FALSE,FALSE,FALSE
"K02652",0.369,0,0.0993,-0.144,0.0867,0.116,NA,"K02652",0.630604534005038,1,FALSE,FALSE,FALSE,FALSE
"K09798",0.443,0,0.0112,0.499,0.195,0.178,NA,"K09798",0.263278873239437,1,FALSE,FALSE,FALSE,FALSE
"K07265",0.276,0,0.389,0.0468,0.0542,0.0608,NA,"K07265",0.987689148073022,1,FALSE,FALSE,FALSE,FALSE
"K09699",0.596,0,0.802,0.0392,0.156,0.0177,NA,"K09699",0.999598920863309,1,FALSE,FALSE,FALSE,FALSE
"K00167",0.616,0,0.549,-0.0734,0.122,0.0422,NA,"K00167",0.999598920863309,1,FALSE,FALSE,FALSE,FALSE
"K00166",0.557,0,0.505,0.103,0.155,0.0471,NA,"K00166",0.999598920863309,1,FALSE,FALSE,FALSE,FALSE
"K22292",0.414,0,0.94,0.0128,0.17,0.00533,NA,"K22292",0.999598920863309,1,FALSE,FALSE,FALSE,FALSE
"K16264",0.532,0,0.824,-0.0215,0.0964,0.0157,NA,"K16264",0.999598920863309,1,FALSE,FALSE,FALSE,FALSE
"K15725",0.251,0,0.648,-0.0326,0.0713,0.0322,NA,"K15725",0.999598920863309,1,FALSE,FALSE,FALSE,FALSE
"K12146",0.0887,0,0.777,0.0345,0.122,0.02,NA,"K12146",0.999598920863309,1,FALSE,FALSE,FALSE,FALSE
"K15836",0.128,0,0.952,0.00413,0.0682,0.00426,NA,"K15836",0.999598920863309,1,FALSE,FALSE,FALSE,FALSE
"K06024",0.813,0,0.58,-0.172,0.311,0.0391,NA,"K06024",0.999598920863309,1,FALSE,FALSE,FALSE,FALSE
"K09707",0.158,0,0.748,-0.065,0.202,0.0227,NA,"K09707",0.999598920863309,1,FALSE,FALSE,FALSE,FALSE
"K25494",0.158,0,0.00742,0.303,0.112,0.187,NA,"K25494",0.218540823529412,1,FALSE,FALSE,FALSE,FALSE
"K00459",0.847,0,0.945,0.00617,0.0893,0.00487,NA,"K00459",0.999598920863309,1,FALSE,FALSE,FALSE,FALSE
"K05349",0.611,0,0.932,0.00517,0.0607,0.00602,NA,"K05349",0.999598920863309,1,FALSE,FALSE,FALSE,FALSE
"K06200",0.567,0,0.899,0.0142,0.111,0.009,NA,"K06200",0.999598920863309,1,FALSE,FALSE,FALSE,FALSE
"K27802",0.847,0,0.139,-0.349,0.235,0.104,NA,"K27802",0.718175757575757,1,FALSE,FALSE,FALSE,FALSE
"K20881",0.365,0,0.174,-0.428,0.314,0.0958,NA,"K20881",0.786557450628366,1,FALSE,FALSE,FALSE,FALSE
"K01494",0.803,0,0.188,0.14,0.106,0.0928,NA,"K01494",0.808690721649485,1,FALSE,FALSE,FALSE,FALSE
"K20971",0.212,0,0.934,0.014,0.168,0.00586,NA,"K20971",0.999598920863309,1,FALSE,FALSE,FALSE,FALSE
"K01609",0.837,0,0.968,0.0076,0.19,0.00283,NA,"K01609",0.999598920863309,1,FALSE,FALSE,FALSE,FALSE
"K07660",0.399,0,0.641,0.0944,0.202,0.0329,NA,"K07660",0.999598920863309,1,FALSE,FALSE,FALSE,FALSE
"K11744",0.424,0,0.275,-0.0812,0.0743,0.0769,NA,"K11744",0.922871983914209,1,FALSE,FALSE,FALSE,FALSE
"K05297",0.172,0,0.084,0.347,0.2,0.122,NA,"K05297",0.589635524475524,1,FALSE,FALSE,FALSE,FALSE
"K17382",0.0493,0,0.756,-0.0302,0.097,0.022,NA,"K17382",0.999598920863309,1,FALSE,FALSE,FALSE,FALSE
"K01297",0.695,0,0.346,0.0753,0.0797,0.0665,NA,"K01297",0.962031561461794,1,FALSE,FALSE,FALSE,FALSE
"K03894",0.0394,0,0.99,-0.00202,0.158,0.000901,NA,"K03894,K03897",0.999598920863309,1,FALSE,FALSE,FALSE,FALSE
"K03705",0.581,0,0.917,-0.0317,0.304,0.00735,NA,"K03705",0.999598920863309,1,FALSE,FALSE,FALSE,FALSE
"K01283",0.113,0,0.857,-0.0206,0.115,0.0127,NA,"K01283",0.999598920863309,1,FALSE,FALSE,FALSE,FALSE
"K10763",0.517,0,0.447,-0.336,0.441,0.0537,NA,"K10763",0.999598920863309,1,FALSE,FALSE,FALSE,FALSE
"K13695",0.172,0,0.343,-0.218,0.23,0.0669,NA,"K13695",0.962031561461794,1,FALSE,FALSE,FALSE,FALSE
"K13694",0.227,0,0.945,-0.0152,0.222,0.00483,NA,"K13694",0.999598920863309,1,FALSE,FALSE,FALSE,FALSE
"K02099",0.276,0,0.452,-0.0573,0.0761,0.053,NA,"K02099",0.999598920863309,1,FALSE,FALSE,FALSE,FALSE
"K21703",0.227,0,0.826,-0.0264,0.12,0.0156,NA,"K21703",0.999598920863309,1,FALSE,FALSE,FALSE,FALSE
"K00558",0.507,0,0.0934,0.0548,0.0325,0.118,NA,"K00558",0.612112303664921,1,FALSE,FALSE,FALSE,FALSE
"K03284",0.857,0,0.0403,0.553,0.268,0.144,NA,"K03284",0.481580190930788,1,FALSE,FALSE,FALSE,FALSE
"K11897",0.256,0,0.942,-0.00368,0.0502,0.00517,NA,"K11897",0.999598920863309,1,FALSE,FALSE,FALSE,FALSE
"K11899",0.0493,0,0.633,0.0394,0.0824,0.0337,NA,"K11899",0.999598920863309,1,FALSE,FALSE,FALSE,FALSE
"K11890",0.271,0,0.96,-0.00253,0.0502,0.00355,NA,"K11890",0.999598920863309,1,FALSE,FALSE,FALSE,FALSE
"K11915",0.153,0,0.572,-0.0338,0.0596,0.0399,NA,"K11915",0.999598920863309,1,FALSE,FALSE,FALSE,FALSE
"K03744",0.626,0,0.52,0.0724,0.112,0.0454,NA,"K03744",0.999598920863309,1,FALSE,FALSE,FALSE,FALSE
"K23061",0.207,0,0.131,0.126,0.0827,0.106,NA,"K23061,K23062,K23063,K23064",0.70151550802139,1,FALSE,FALSE,FALSE,FALSE
"K06894",0.552,0,0.551,-0.0521,0.0872,0.0421,NA,"K06894",0.999598920863309,1,FALSE,FALSE,FALSE,FALSE
"K05367",0.384,0,0.98,0.00184,0.0738,0.00176,NA,"K05367",0.999598920863309,1,FALSE,FALSE,FALSE,FALSE
"K09157",0.0296,0,0.743,0.0554,0.169,0.0231,NA,"K09157",0.999598920863309,1,FALSE,FALSE,FALSE,FALSE
"K07124",0.739,0,0.527,0.0619,0.0978,0.0446,NA,"K07124",0.999598920863309,1,FALSE,FALSE,FALSE,FALSE
"K24217",0.502,0,0.542,0.0535,0.0876,0.043,NA,"K24217",0.999598920863309,1,FALSE,FALSE,FALSE,FALSE
"K09011",0.0443,0,0.854,0.0941,0.511,0.013,NA,"K09011",0.999598920863309,1,FALSE,FALSE,FALSE,FALSE
"K19173",0.0296,0,0.286,-0.1,0.0938,0.0752,NA,"K19173,K19174",0.92746243523316,1,FALSE,FALSE,FALSE,FALSE
"K19175",0.0542,0,0.328,-0.0689,0.0703,0.069,NA,"K19175",0.958482857142857,1,FALSE,FALSE,FALSE,FALSE
"K19172",0.0739,0,0.219,-0.076,0.0617,0.0866,NA,"K19172",0.867510284810127,1,FALSE,FALSE,FALSE,FALSE
"K19171",0.0788,0,0.424,-0.049,0.0612,0.0564,NA,"K19171",0.998606694560669,1,FALSE,FALSE,FALSE,FALSE
"K19170",0.103,0,0.44,-0.0392,0.0506,0.0545,NA,"K19170",0.999598920863309,1,FALSE,FALSE,FALSE,FALSE
"K19169",0.113,0,0.664,-0.0229,0.0526,0.0307,NA,"K19169",0.999598920863309,1,FALSE,FALSE,FALSE,FALSE
"K00620",0.68,0,0.544,0.193,0.318,0.0428,NA,"K00620",0.999598920863309,1,FALSE,FALSE,FALSE,FALSE
"K22320",0.148,0,0.599,-0.0586,0.111,0.0372,NA,"K22320",0.999598920863309,1,FALSE,FALSE,FALSE,FALSE
"K22319",0.0936,0,0.743,-0.0399,0.122,0.0231,NA,"K22319",0.999598920863309,1,FALSE,FALSE,FALSE,FALSE
"K22318",0.0542,0,0.7,-0.0743,0.193,0.0272,NA,"K22318",0.999598920863309,1,FALSE,FALSE,FALSE,FALSE
"K22317",0.143,0,0.653,-0.0513,0.114,0.0318,NA,"K22317",0.999598920863309,1,FALSE,FALSE,FALSE,FALSE
"K22302",0.118,0,0.542,-0.0325,0.0532,0.0431,NA,"K22302",0.999598920863309,1,FALSE,FALSE,FALSE,FALSE
"K02574",0.0591,0,0.0635,-0.519,0.278,0.13,NA,"K02574",0.563005997001499,1,FALSE,FALSE,FALSE,FALSE
"K02573",0.0591,0,0.0635,-0.519,0.278,0.13,NA,"K02573",0.563005997001499,1,FALSE,FALSE,FALSE,FALSE
"K01520",0.778,0,0.577,-0.061,0.109,0.0394,NA,"K01520",0.999598920863309,1,FALSE,FALSE,FALSE,FALSE
"K05895",0.429,0,1.95e-08,0.9,0.154,0.382,NA,"K05895",3.25455e-05,9.76365e-05,TRUE,TRUE,TRUE,TRUE
"K14347",0.576,0,0.672,0.0466,0.11,0.0299,NA,"K14347",0.999598920863309,1,FALSE,FALSE,FALSE,FALSE
"K00784",0.562,0,0.82,-0.0134,0.0588,0.0161,NA,"K00784",0.999598920863309,1,FALSE,FALSE,FALSE,FALSE
"K23743",0.123,0,0.275,0.11,0.101,0.0769,NA,"K23743",0.922871983914209,1,FALSE,FALSE,FALSE,FALSE
"K28317",0.0493,0,0.428,-0.187,0.236,0.0559,NA,"K28317",0.998606694560669,1,FALSE,FALSE,FALSE,FALSE
"K06402",0.232,0,0.831,-0.0183,0.0859,0.0151,NA,"K06402",0.999598920863309,1,FALSE,FALSE,FALSE,FALSE
"K05567",0.379,0,0.327,0.191,0.195,0.0691,NA,"K05567",0.958482857142857,1,FALSE,FALSE,FALSE,FALSE
"K05571",0.414,0,0.428,0.127,0.16,0.0559,NA,"K05571",0.998606694560669,1,FALSE,FALSE,FALSE,FALSE
"K18353",0.108,0,0.301,-0.125,0.121,0.0729,NA,"K18353",0.940765917602996,1,FALSE,FALSE,FALSE,FALSE
"K04749",0.261,0,0.627,-0.0442,0.0909,0.0343,NA,"K04749",0.999598920863309,1,FALSE,FALSE,FALSE,FALSE
"K09689",0.212,0,0.844,0.0161,0.0815,0.0139,NA,"K09689,K10107",0.999598920863309,1,FALSE,FALSE,FALSE,FALSE
"K06320",0.197,0,0.684,-0.0242,0.0592,0.0288,NA,"K06320",0.999598920863309,1,FALSE,FALSE,FALSE,FALSE
"K09688",0.207,0,0.792,-0.0193,0.0728,0.0187,NA,"K09688",0.999598920863309,1,FALSE,FALSE,FALSE,FALSE
"K28186",0.143,0,0.771,-0.023,0.079,0.0206,NA,"K28186",0.999598920863309,1,FALSE,FALSE,FALSE,FALSE
"K00116",0.562,0,0.806,0.0297,0.121,0.0174,NA,"K00116",0.999598920863309,1,FALSE,FALSE,FALSE,FALSE
"K21429",0.0296,0,0.867,-0.0161,0.0961,0.0118,NA,"K21429",0.999598920863309,1,FALSE,FALSE,FALSE,FALSE
"K13683",0.0739,0,0.936,0.00764,0.0949,0.00568,NA,"K13683",0.999598920863309,1,FALSE,FALSE,FALSE,FALSE
"K02377",0.241,0,0.653,0.0218,0.0485,0.0318,NA,"K02377",0.999598920863309,1,FALSE,FALSE,FALSE,FALSE
"K01711",0.438,0,0.05,-0.0693,0.0351,0.138,NA,"K01711",0.531269052631579,1,FALSE,FALSE,FALSE,FALSE
"K03207",0.0985,0,0.705,0.0358,0.0944,0.0268,NA,"K03207",0.999598920863309,1,FALSE,FALSE,FALSE,FALSE
"K07248",0.34,0,0.402,-0.0417,0.0496,0.0591,NA,"K07248",0.994473320158103,1,FALSE,FALSE,FALSE,FALSE
"K01174",0.355,0,0.626,0.034,0.0697,0.0344,NA,"K01174",0.999598920863309,1,FALSE,FALSE,FALSE,FALSE
"K03291",0.251,0,0.000116,0.378,0.096,0.267,NA,"K03291",0.0176003636363636,0.580812,TRUE,FALSE,TRUE,FALSE
"K04517",0.739,0,0.0556,0.475,0.247,0.135,NA,"K04517",0.555448508946322,1,FALSE,FALSE,FALSE,FALSE
"K01192",0.217,0,0.581,-0.0473,0.0855,0.039,NA,"K01192",0.999598920863309,1,FALSE,FALSE,FALSE,FALSE
"K02498",0.557,0,0.73,0.0602,0.175,0.0243,NA,"K02498",0.999598920863309,1,FALSE,FALSE,FALSE,FALSE
"K10778",0.576,0,0.5,-0.0602,0.0891,0.0476,NA,"K10778",0.999598920863309,1,FALSE,FALSE,FALSE,FALSE
"K03810",0.158,0,0.283,-0.147,0.137,0.0757,NA,"K03810",0.9257734375,1,FALSE,FALSE,FALSE,FALSE
"K05946",0.232,0,0.907,0.00714,0.0608,0.00828,NA,"K05946",0.999598920863309,1,FALSE,FALSE,FALSE,FALSE
"K19333",0.286,0,0.116,-0.144,0.0914,0.111,NA,"K19333",0.663785142857143,1,FALSE,FALSE,FALSE,FALSE
"K18581",0.207,0,0.911,-0.0076,0.0681,0.00788,NA,"K18581",0.999598920863309,1,FALSE,FALSE,FALSE,FALSE
"K15652",0.118,0,0.331,-0.114,0.117,0.0685,NA,"K15652",0.958482857142857,1,FALSE,FALSE,FALSE,FALSE
"K24112",0.0887,0,0.945,-0.0164,0.237,0.00489,NA,"K24112",0.999598920863309,1,FALSE,FALSE,FALSE,FALSE
"K24110",0.0837,0,5.6e-05,-0.485,0.118,0.279,NA,"K24110",0.01121568,0.280392,TRUE,FALSE,TRUE,FALSE
"K24109",0.0837,0,0.397,-0.221,0.26,0.0597,NA,"K24109",0.992400898652022,1,FALSE,FALSE,FALSE,FALSE
"K24108",0.167,0,0.449,0.195,0.257,0.0534,NA,"K24108",0.999598920863309,1,FALSE,FALSE,FALSE,FALSE
"K27502",0.069,0,0.782,-0.0824,0.298,0.0195,NA,"K27502",0.999598920863309,1,FALSE,FALSE,FALSE,FALSE
"K27684",0.069,0,0.782,-0.0824,0.298,0.0195,NA,"K27684",0.999598920863309,1,FALSE,FALSE,FALSE,FALSE
"K02007",0.064,0,0.00655,1.08,0.393,0.19,NA,"K02007,K02008",0.202111829268293,1,FALSE,FALSE,FALSE,FALSE
"K16915",0.0345,0,0.717,-0.0379,0.104,0.0256,NA,"K16915",0.999598920863309,1,FALSE,FALSE,FALSE,FALSE
"K03404",0.0296,0,0.806,-0.0831,0.338,0.0173,NA,"K03404",0.999598920863309,1,FALSE,FALSE,FALSE,FALSE
"K03405",0.384,0,0.1,0.225,0.136,0.116,NA,"K03405",0.630604534005038,1,FALSE,FALSE,FALSE,FALSE
"K02224",0.488,0,6.32e-05,0.763,0.187,0.277,NA,"K02224",0.0120525642857143,0.3164424,TRUE,FALSE,TRUE,FALSE
"K02188",0.281,0,0.0853,0.231,0.133,0.121,NA,"K02188",0.594015438108484,1,FALSE,FALSE,FALSE,FALSE
"K06042",0.443,0,8.35e-08,1.15,0.206,0.365,NA,"K00595,K02189,K03394,K05936,K06042",0.000104521125,0.0004180845,TRUE,TRUE,TRUE,TRUE
"K02234",0.438,0,0.557,0.0506,0.086,0.0414,NA,"K02234",0.999598920863309,1,FALSE,FALSE,FALSE,FALSE
"K02230",0.389,0,0.00274,0.527,0.174,0.209,NA,"K02230",0.125400540540541,1,FALSE,FALSE,FALSE,FALSE
"K03795",0.236,0,0.889,0.014,0.0998,0.00988,NA,"K03795",0.999598920863309,1,FALSE,FALSE,FALSE,FALSE
"K02225",0.369,0,0.0746,0.397,0.222,0.125,NA,"K02225",0.563005997001499,1,FALSE,FALSE,FALSE,FALSE
"K03148",0.241,0,0.928,-0.0113,0.125,0.00637,NA,"K03148",0.999598920863309,1,FALSE,FALSE,FALSE,FALSE
"K03150",0.187,0,0.896,0.0184,0.14,0.00924,NA,"K03150",0.999598920863309,1,FALSE,FALSE,FALSE,FALSE
"K00067",0.685,0,0.181,-0.0638,0.0475,0.0942,NA,"K00067",0.796368189806678,1,FALSE,FALSE,FALSE,FALSE
"K01790",0.675,0,0.471,-0.0348,0.0482,0.0509,NA,"K01790",0.999598920863309,1,FALSE,FALSE,FALSE,FALSE
"K01021",0.108,0,0.107,-0.147,0.091,0.113,NA,"K01021",0.645480722891566,1,FALSE,FALSE,FALSE,FALSE
"K23164",0.379,0,0.0377,-0.101,0.0484,0.146,NA,"K23164",0.462656617647059,1,FALSE,FALSE,FALSE,FALSE
"K19159",0.202,0,0.553,-0.0287,0.0483,0.0419,NA,"K19159",0.999598920863309,1,FALSE,FALSE,FALSE,FALSE
"K19158",0.177,0,0.999,-4.56e-05,0.0493,6.52e-05,NA,"K19158",0.999598920863309,1,FALSE,FALSE,FALSE,FALSE
"K06080",0.128,0,0.876,-0.072,0.461,0.011,NA,"K06080",0.999598920863309,1,FALSE,FALSE,FALSE,FALSE
"K02673",0.399,0,0.655,0.0409,0.0914,0.0316,NA,"K02673",0.999598920863309,1,FALSE,FALSE,FALSE,FALSE
"K28854",0.187,0,0.712,0.0643,0.174,0.026,NA,"K28854",0.999598920863309,1,FALSE,FALSE,FALSE,FALSE
"K02843",0.35,0,0.942,0.0112,0.153,0.00518,NA,"K02843",0.999598920863309,1,FALSE,FALSE,FALSE,FALSE
"K02849",0.0788,0,0.0785,-0.443,0.251,0.124,NA,"K02849",0.576318914956012,1,FALSE,FALSE,FALSE,FALSE
"K01579",0.709,0,0.754,0.0272,0.0866,0.0221,NA,"K01579",0.999598920863309,1,FALSE,FALSE,FALSE,FALSE
"K02647",0.369,0,0.526,0.0833,0.131,0.0447,NA,"K02647",0.999598920863309,1,FALSE,FALSE,FALSE,FALSE
"K17247",0.552,0,0.453,0.102,0.136,0.0529,NA,"K17247",0.999598920863309,1,FALSE,FALSE,FALSE,FALSE
"K07147",0.557,0,0.374,0.22,0.248,0.0627,NA,"K07147",0.97633889468196,1,FALSE,FALSE,FALSE,FALSE
"K03606",0.172,0,0.865,0.012,0.0704,0.012,NA,"K03606",0.999598920863309,1,FALSE,FALSE,FALSE,FALSE
"K18554",0.118,0,0.626,-0.0644,0.132,0.0345,NA,"K18554",0.999598920863309,1,FALSE,FALSE,FALSE,FALSE
"K22441",0.414,0,0.797,-0.0192,0.0746,0.0182,NA,"K22441",0.999598920863309,1,FALSE,FALSE,FALSE,FALSE
"K16135",0.458,0,0.328,-0.0688,0.0701,0.0691,NA,"K16135",0.958482857142857,1,FALSE,FALSE,FALSE,FALSE
"K03928",0.261,0,0.559,0.0538,0.0918,0.0413,NA,"K03928",0.999598920863309,1,FALSE,FALSE,FALSE,FALSE
"K07192",0.35,0,0.428,0.0655,0.0825,0.0559,NA,"K07192",0.998606694560669,1,FALSE,FALSE,FALSE,FALSE
"K21005",0.0197,0,0.614,-0.0664,0.131,0.0357,NA,"K21005",0.999598920863309,1,FALSE,FALSE,FALSE,FALSE
"K18479",0.3,0,0.815,-0.0117,0.0501,0.0165,NA,"K18479",0.999598920863309,1,FALSE,FALSE,FALSE,FALSE
"K02056",0.433,0,0.699,-0.024,0.0618,0.0273,NA,"K02056",0.999598920863309,1,FALSE,FALSE,FALSE,FALSE
"K01304",0.241,0,0.596,-0.031,0.0584,0.0374,NA,"K01304",0.999598920863309,1,FALSE,FALSE,FALSE,FALSE
"K01815",0.429,0,0.64,0.0268,0.0571,0.033,NA,"K01815",0.999598920863309,1,FALSE,FALSE,FALSE,FALSE
"K03119",0.3,0,0.762,0.0241,0.0797,0.0214,NA,"K03119",0.999598920863309,1,FALSE,FALSE,FALSE,FALSE
"K23188",0.384,0,0.635,0.032,0.0672,0.0336,NA,"K23188",0.999598920863309,1,FALSE,FALSE,FALSE,FALSE
"K23187",0.261,0,0.955,0.00388,0.0693,0.00395,NA,"K23187",0.999598920863309,1,FALSE,FALSE,FALSE,FALSE
"K23186",0.271,0,0.181,0.0838,0.0624,0.0943,NA,"K23186",0.796368189806678,1,FALSE,FALSE,FALSE,FALSE
"K23185",0.108,0,0.449,0.107,0.142,0.0534,NA,"K23185",0.999598920863309,1,FALSE,FALSE,FALSE,FALSE
"K00216",0.202,0,0.756,0.0312,0.101,0.0219,NA,"K00216",0.999598920863309,1,FALSE,FALSE,FALSE,FALSE
"K02361",0.197,0,0.957,-0.00615,0.115,0.00378,NA,"K02361",0.999598920863309,1,FALSE,FALSE,FALSE,FALSE
"K02363",0.192,0,0.228,-0.15,0.124,0.0849,NA,"K02363",0.878150769230769,1,FALSE,FALSE,FALSE,FALSE
"K01252",0.187,0,0.962,0.00575,0.121,0.00336,NA,"K01252",0.999598920863309,1,FALSE,FALSE,FALSE,FALSE
"K04782",0.271,0,0.131,0.107,0.0702,0.106,NA,"K04782",0.70151550802139,1,FALSE,FALSE,FALSE,FALSE
"K01788",0.236,0,0.318,0.0702,0.0701,0.0704,NA,"K01788",0.950168352171327,1,FALSE,FALSE,FALSE,FALSE
"K07154",0.512,0,0.758,0.0111,0.0361,0.0218,NA,"K07154",0.999598920863309,1,FALSE,FALSE,FALSE,FALSE
"K12243",0.0739,0,0.354,-0.153,0.165,0.0654,NA,"K12243",0.963406504065041,1,FALSE,FALSE,FALSE,FALSE
"K14698",0.0246,0,0.021,0.268,0.115,0.162,NA,"K14698",0.36509375,1,FALSE,FALSE,FALSE,FALSE
"K14699",0.0197,0,0.000303,0.449,0.122,0.251,NA,"K14699",0.0365987857142857,1,TRUE,FALSE,TRUE,FALSE
"K07120",0.468,0,0.735,0.0495,0.146,0.0239,NA,"K07120",0.999598920863309,1,FALSE,FALSE,FALSE,FALSE
"K01034",0.0985,0,0.192,0.422,0.323,0.0919,NA,"K01034",0.812632290786137,1,FALSE,FALSE,FALSE,FALSE
"K01035",0.0591,0,0.419,0.238,0.294,0.0571,NA,"K01035",0.998553765987684,1,FALSE,FALSE,FALSE,FALSE
"K15532",0.286,0,0.143,-0.108,0.0733,0.103,NA,"K15532",0.719598994974874,1,FALSE,FALSE,FALSE,FALSE
"K13633",0.591,0,0.403,-0.0911,0.109,0.059,NA,"K13633",0.994490389354362,1,FALSE,FALSE,FALSE,FALSE
"K01821",0.591,0,0.696,0.0271,0.0693,0.0276,NA,"K01821",0.999598920863309,1,FALSE,FALSE,FALSE,FALSE
"K11909",0.0493,0,0.955,-0.0195,0.346,0.00397,NA,"K11908,K11909",0.999598920863309,1,FALSE,FALSE,FALSE,FALSE
"K11894",0.103,0,0.745,-0.0253,0.0775,0.023,NA,"K11894",0.999598920863309,1,FALSE,FALSE,FALSE,FALSE
"K13700",0.128,0,0.181,0.12,0.0892,0.0942,NA,"K13700",0.796368189806678,1,FALSE,FALSE,FALSE,FALSE
"K06991",0.419,0,0.00287,0.193,0.064,0.208,NA,"K06991",0.127168938053097,1,FALSE,FALSE,FALSE,FALSE
"K03453",0.626,0,0.0939,0.102,0.0604,0.118,NA,"K03453",0.612982138200782,1,FALSE,FALSE,FALSE,FALSE
"K05813",0.389,0,0.947,-0.00598,0.0906,0.00465,NA,"K05813",0.999598920863309,1,FALSE,FALSE,FALSE,FALSE
"K05814",0.409,0,0.216,-0.0897,0.0723,0.0872,NA,"K05814",0.864374701670644,1,FALSE,FALSE,FALSE,FALSE
"K00449",0.429,0,0.701,0.0397,0.103,0.0272,NA,"K00449",0.999598920863309,1,FALSE,FALSE,FALSE,FALSE
"K03331",0.133,0,0.852,-0.012,0.0643,0.0131,NA,"K03331",0.999598920863309,1,FALSE,FALSE,FALSE,FALSE
"K05982",0.158,0,0.000631,-0.306,0.0881,0.238,NA,"K05982",0.0535494406779661,1,FALSE,FALSE,TRUE,FALSE
"K23492",0.0542,0,0.224,-0.0878,0.0721,0.0856,NA,"K23492",0.87534965034965,1,FALSE,FALSE,FALSE,FALSE
"K00484",0.158,0,0.612,0.0398,0.0783,0.0358,NA,"K00484",0.999598920863309,1,FALSE,FALSE,FALSE,FALSE
"K02509",0.35,0,0.535,-0.0377,0.0607,0.0437,NA,"K02509",0.999598920863309,1,FALSE,FALSE,FALSE,FALSE
"K05921",0.227,0,0.49,-0.0425,0.0615,0.0487,NA,"K05921",0.999598920863309,1,FALSE,FALSE,FALSE,FALSE
"K00151",0.379,0,0.555,-0.0385,0.0651,0.0417,NA,"K00151",0.999598920863309,1,FALSE,FALSE,FALSE,FALSE
"K00455",0.163,0,0.208,-0.0779,0.0616,0.0888,NA,"K00455",0.846712195121951,1,FALSE,FALSE,FALSE,FALSE
"K09471",0.527,0,0.822,-0.0209,0.093,0.0159,NA,"K09471",0.999598920863309,1,FALSE,FALSE,FALSE,FALSE
"K06995",0.448,0,0.898,-0.0094,0.0731,0.00908,NA,"K06995",0.999598920863309,1,FALSE,FALSE,FALSE,FALSE
"K02508",0.0936,0,0.241,-0.0812,0.0691,0.0826,NA,"K02508",0.892519970414201,1,FALSE,FALSE,FALSE,FALSE
"K12984",0.128,0,0.936,0.00886,0.11,0.0057,NA,"K12984",0.999598920863309,1,FALSE,FALSE,FALSE,FALSE
"K03324",0.552,0,0.594,0.0894,0.168,0.0376,NA,"K03324",0.999598920863309,1,FALSE,FALSE,FALSE,FALSE
"K20498",0.0739,0,0.16,-0.181,0.128,0.099,NA,"K20498",0.755061262959472,1,FALSE,FALSE,FALSE,FALSE
"K17324",0.33,0,0.898,0.0182,0.142,0.00908,NA,"K17321,K17322,K17323,K17324,K17325",0.999598920863309,1,FALSE,FALSE,FALSE,FALSE
"K07389",0.069,0,0.986,-0.00108,0.0599,0.00127,NA,"K07389",0.999598920863309,1,FALSE,FALSE,FALSE,FALSE
"K22491",0.369,0,0.289,0.175,0.165,0.0748,NA,"K22491",0.933181233933162,1,FALSE,FALSE,FALSE,FALSE
"K00875",0.118,0,0.716,0.0569,0.156,0.0257,NA,"K00875",0.999598920863309,1,FALSE,FALSE,FALSE,FALSE
"K00039",0.069,0,0.3,-0.167,0.16,0.0731,NA,"K00039",0.9388125,1,FALSE,FALSE,FALSE,FALSE
"K10544",0.291,0,0.0404,-0.155,0.0751,0.144,NA,"K10544",0.481625714285714,1,FALSE,FALSE,FALSE,FALSE
"K10545",0.33,0,0.0724,-0.118,0.0652,0.126,NA,"K10545",0.563005997001499,1,FALSE,FALSE,FALSE,FALSE
"K10543",0.3,0,0.024,-0.161,0.0707,0.158,NA,"K10543",0.385153846153846,1,FALSE,FALSE,FALSE,FALSE
"K08970",0.271,0,0.0045,0.243,0.0846,0.199,NA,"K08970",0.154325342465753,1,FALSE,FALSE,FALSE,FALSE
"K06859",0.0739,0,0.246,0.0807,0.0694,0.0817,NA,"K06859",0.897756559766764,1,FALSE,FALSE,FALSE,FALSE
"K13408",0.0887,0,0.263,0.0692,0.0616,0.0789,NA,"K13408",0.910049067035245,1,FALSE,FALSE,FALSE,FALSE
"K13409",0.0739,0,0.73,0.0259,0.075,0.0244,NA,"K13409",0.999598920863309,1,FALSE,FALSE,FALSE,FALSE
"K06351",0.158,0,0.86,0.0213,0.121,0.0124,NA,"K06351",0.999598920863309,1,FALSE,FALSE,FALSE,FALSE
"K17950",0.0542,0,0.418,0.0916,0.113,0.0572,NA,"K17950",0.998553765987684,1,FALSE,FALSE,FALSE,FALSE
"K21645",0.424,0,0.672,0.0313,0.0738,0.0299,NA,"K21645",0.999598920863309,1,FALSE,FALSE,FALSE,FALSE
"K15578",0.251,0,0.947,0.00482,0.0721,0.00471,NA,"K15578",0.999598920863309,1,FALSE,FALSE,FALSE,FALSE
"K15577",0.271,0,0.949,0.00454,0.071,0.00452,NA,"K15576,K15577",0.999598920863309,1,FALSE,FALSE,FALSE,FALSE
"K01563",0.113,0,0.188,-0.107,0.0808,0.0927,NA,"K01563",0.808690721649485,1,FALSE,FALSE,FALSE,FALSE
"K11606",0.202,0,0.253,-0.188,0.164,0.0806,NA,"K11606",0.902258547008547,1,FALSE,FALSE,FALSE,FALSE
"K11605",0.202,0,0.253,-0.188,0.164,0.0806,NA,"K11605",0.902258547008547,1,FALSE,FALSE,FALSE,FALSE
"K11607",0.202,0,0.253,-0.188,0.164,0.0806,NA,"K11607",0.902258547008547,1,FALSE,FALSE,FALSE,FALSE
"K11604",0.202,0,0.253,-0.188,0.164,0.0806,NA,"K11604",0.902258547008547,1,FALSE,FALSE,FALSE,FALSE
"K03366",0.177,0,0.865,-0.0134,0.0788,0.012,NA,"K03366",0.999598920863309,1,FALSE,FALSE,FALSE,FALSE
"K13063",0.0296,0,0.976,0.00454,0.154,0.00208,NA,"K13063",0.999598920863309,1,FALSE,FALSE,FALSE,FALSE
"K09979",0.0739,0,0.987,-0.00598,0.354,0.00119,NA,"K05997,K09979",0.999598920863309,1,FALSE,FALSE,FALSE,FALSE
"K03462",0.0985,0,0.874,0.0113,0.0713,0.0112,NA,"K03462",0.999598920863309,1,FALSE,FALSE,FALSE,FALSE
"K02058",0.33,0,0.743,0.0238,0.0725,0.0232,NA,"K02058",0.999598920863309,1,FALSE,FALSE,FALSE,FALSE
"K18910",0.167,0,0.756,-0.0325,0.104,0.022,NA,"K18910",0.999598920863309,1,FALSE,FALSE,FALSE,FALSE
"K04033",0.36,0,0.685,0.0255,0.0628,0.0286,NA,"K04033",0.999598920863309,1,FALSE,FALSE,FALSE,FALSE
"K09014",0.581,0,0.121,0.281,0.18,0.109,NA,"K09013,K09014",0.677681208053691,1,FALSE,FALSE,FALSE,FALSE
"K09015",0.557,0,0.13,0.271,0.178,0.107,NA,"K09015",0.701411637931035,1,FALSE,FALSE,FALSE,FALSE
"K00880",0.182,0,0.646,0.0484,0.105,0.0324,NA,"K00880",0.999598920863309,1,FALSE,FALSE,FALSE,FALSE
"K18471",0.143,0,0.898,0.0179,0.14,0.00902,NA,"K18471",0.999598920863309,1,FALSE,FALSE,FALSE,FALSE
"K28061",0.0246,0,0.236,0.128,0.108,0.0835,NA,"K28061",0.887792637114951,1,FALSE,FALSE,FALSE,FALSE
"K18802",0.192,0,0.969,-0.00463,0.117,0.00278,NA,"K18802",0.999598920863309,1,FALSE,FALSE,FALSE,FALSE
"K03337",0.438,0,0.583,0.0304,0.0553,0.0388,NA,"K03335,K03336,K03337",0.999598920863309,1,FALSE,FALSE,FALSE,FALSE
"K00010",0.433,0,0.301,0.0553,0.0533,0.073,NA,"K00010",0.940765917602996,1,FALSE,FALSE,FALSE,FALSE
"K03338",0.438,0,0.594,0.0294,0.0551,0.0376,NA,"K03338",0.999598920863309,1,FALSE,FALSE,FALSE,FALSE
"K25317",0.069,0,0.221,0.112,0.0916,0.0863,NA,"K25317",0.872671135646688,1,FALSE,FALSE,FALSE,FALSE
"K07704",0.108,0,0.686,-0.0602,0.149,0.0286,NA,"K07704",0.999598920863309,1,FALSE,FALSE,FALSE,FALSE
"K10119",0.33,0,0.421,0.0952,0.118,0.0568,NA,"K10119",0.998553765987684,1,FALSE,FALSE,FALSE,FALSE
"K03835",0.0985,0,0.427,-0.13,0.164,0.056,NA,"K03835",0.998606694560669,1,FALSE,FALSE,FALSE,FALSE
"K05776",0.246,0,0.701,0.0458,0.119,0.0271,NA,"K05776",0.999598920863309,1,FALSE,FALSE,FALSE,FALSE
"K16328",0.0542,0,0.304,-0.319,0.309,0.0725,NA,"K16328",0.941328385899814,1,FALSE,FALSE,FALSE,FALSE
"K16329",0.182,0,0.928,-0.012,0.132,0.00641,NA,"K16329",0.999598920863309,1,FALSE,FALSE,FALSE,FALSE
"K16862",0.0296,0,0.246,0.178,0.153,0.0818,NA,"K16862",0.897756559766764,1,FALSE,FALSE,FALSE,FALSE
"K21417",0.212,0,0.433,0.0546,0.0695,0.0553,NA,"K21417",0.999598920863309,1,FALSE,FALSE,FALSE,FALSE
"K21416",0.187,0,0.817,0.021,0.0905,0.0163,NA,"K21416",0.999598920863309,1,FALSE,FALSE,FALSE,FALSE
"K19615",0.0443,0,0.765,-0.0287,0.096,0.0211,NA,"K19615",0.999598920863309,1,FALSE,FALSE,FALSE,FALSE
"K19130",0.0542,0,0.42,0.0598,0.0739,0.0569,NA,"K19130",0.998553765987684,1,FALSE,FALSE,FALSE,FALSE
"K07012",0.0739,0,0.00202,0.231,0.0739,0.215,NA,"K07012",0.106991684210526,1,FALSE,FALSE,FALSE,FALSE
"K15342",0.103,0,0.00786,0.173,0.0644,0.186,NA,"K15342",0.221164812834225,1,FALSE,FALSE,FALSE,FALSE
"K00477",0.163,0,0.75,0.0241,0.0757,0.0225,NA,"K00477",0.999598920863309,1,FALSE,FALSE,FALSE,FALSE
"K13075",0.468,0,0.0347,0.101,0.0476,0.148,NA,"K13075",0.452952835051546,1,FALSE,FALSE,FALSE,FALSE
"K09943",0.118,0,0.149,-0.139,0.096,0.102,NA,"K09943",0.727846829268293,1,FALSE,FALSE,FALSE,FALSE
"K21563",0.128,0,0.463,-0.0639,0.0869,0.0518,NA,"K21563",0.999598920863309,1,FALSE,FALSE,FALSE,FALSE
"K24699",0.103,0,0.947,0.00614,0.0915,0.00473,NA,"K24699",0.999598920863309,1,FALSE,FALSE,FALSE,FALSE
"K06720",0.153,0,0.033,0.386,0.18,0.15,NA,"K06720",0.43944414893617,1,FALSE,FALSE,FALSE,FALSE
"K06718",0.0837,0,0.06,0.386,0.204,0.132,NA,"K06718",0.563005997001499,1,FALSE,FALSE,FALSE,FALSE
"K01501",0.286,0,0.674,-0.025,0.0593,0.0297,NA,"K01501",0.999598920863309,1,FALSE,FALSE,FALSE,FALSE
"K00450",0.197,0,0.851,-0.012,0.0639,0.0133,NA,"K00450",0.999598920863309,1,FALSE,FALSE,FALSE,FALSE
"K09461",0.212,0,0.349,0.0897,0.0954,0.0661,NA,"K09461",0.962248348017621,1,FALSE,FALSE,FALSE,FALSE
"K01075",0.3,0,0.217,0.196,0.158,0.087,NA,"K01075",0.864374701670644,1,FALSE,FALSE,FALSE,FALSE
"K00180",0.0394,0,0.146,0.305,0.209,0.102,NA,"K00179,K00180",0.721640671273445,1,FALSE,FALSE,FALSE,FALSE
"K10236",0.241,0,0.918,-0.00778,0.0759,0.00723,NA,"K10236",0.999598920863309,1,FALSE,FALSE,FALSE,FALSE
"K10237",0.227,0,0.952,-0.00462,0.0761,0.00429,NA,"K10237,K10238",0.999598920863309,1,FALSE,FALSE,FALSE,FALSE
"K12532",0.0197,0,0.748,0.0332,0.103,0.0227,NA,"K12530,K12532",0.999598920863309,1,FALSE,FALSE,FALSE,FALSE
"K11003",0.0788,0,0.444,-0.0443,0.0577,0.054,NA,"K11003",0.999598920863309,1,FALSE,FALSE,FALSE,FALSE
"K22390",0.113,0,0.507,0.0765,0.115,0.0468,NA,"K22390",0.999598920863309,1,FALSE,FALSE,FALSE,FALSE
"K02745",0.0591,0,0.0538,-0.159,0.0822,0.136,NA,"K02745,K02746,K02747",0.545296761133603,1,FALSE,FALSE,FALSE,FALSE
"K02744",0.0542,0,0.976,-0.00288,0.0974,0.00208,NA,"K02744",0.999598920863309,1,FALSE,FALSE,FALSE,FALSE
"K08302",0.0739,0,0.377,-0.102,0.115,0.0624,NA,"K08302",0.980082554517134,1,FALSE,FALSE,FALSE,FALSE
"K12537",0.266,0,0.101,0.18,0.109,0.115,NA,"K12537",0.63134456928839,1,FALSE,FALSE,FALSE,FALSE
"K12536",0.281,0,0.0715,0.187,0.103,0.127,NA,"K12536",0.563005997001499,1,FALSE,FALSE,FALSE,FALSE
"K16567",0.202,0,0.863,-0.0124,0.0715,0.0122,NA,"K16567",0.999598920863309,1,FALSE,FALSE,FALSE,FALSE
"K16554",0.286,0,0.384,0.0473,0.0542,0.0614,NA,"K16554",0.983472122762148,1,FALSE,FALSE,FALSE,FALSE
"K20988",0.123,0,0.608,0.0313,0.0609,0.0363,NA,"K20988",0.999598920863309,1,FALSE,FALSE,FALSE,FALSE
"K20920",0.148,0,0.605,0.0316,0.0608,0.0366,NA,"K20920",0.999598920863309,1,FALSE,FALSE,FALSE,FALSE
"K07157",0.473,0,0.223,0.294,0.241,0.0859,NA,"K07157",0.874362568519969,1,FALSE,FALSE,FALSE,FALSE
"K03152",0.31,0,0.0236,-0.184,0.0808,0.159,NA,"K03152",0.382411650485437,1,FALSE,FALSE,FALSE,FALSE
"K00758",0.369,0,0.0084,-0.245,0.092,0.185,NA,"K00758",0.221889157894737,1,FALSE,FALSE,FALSE,FALSE
"K21024",0.192,0,0.187,0.367,0.277,0.0929,NA,"K21024",0.80785936151855,1,FALSE,FALSE,FALSE,FALSE
"K08720",0.0788,0,0.613,0.0878,0.173,0.0357,NA,"K08720",0.999598920863309,1,FALSE,FALSE,FALSE,FALSE
"K01692",0.483,0,0.879,0.0185,0.122,0.0107,NA,"K01692",0.999598920863309,1,FALSE,FALSE,FALSE,FALSE
"K17230",0.31,0,0.582,0.0383,0.0696,0.0388,NA,"K17230",0.999598920863309,1,FALSE,FALSE,FALSE,FALSE
"K01173",0.34,0,0.303,0.0476,0.046,0.0727,NA,"K01173",0.941328385899814,1,FALSE,FALSE,FALSE,FALSE
"K02858",0.227,0,0.015,0.291,0.119,0.171,NA,"K02858",0.30688064516129,1,FALSE,FALSE,FALSE,FALSE
"K13735",0.0837,0,0.94,-0.0123,0.165,0.00528,NA,"K13735",0.999598920863309,1,FALSE,FALSE,FALSE,FALSE
"K01639",0.064,0,0.0238,-0.223,0.0979,0.159,NA,"K01639",0.384408387096774,1,FALSE,FALSE,FALSE,FALSE
"K00885",0.0443,0,0.95,0.00848,0.135,0.00445,NA,"K00885",0.999598920863309,1,FALSE,FALSE,FALSE,FALSE
"K25260",0.0936,0,0.74,0.0237,0.0713,0.0234,NA,"K25260",0.999598920863309,1,FALSE,FALSE,FALSE,FALSE
"K22104",0.113,0,0.889,0.0104,0.0745,0.00983,NA,"K22104",0.999598920863309,1,FALSE,FALSE,FALSE,FALSE
"K05832",0.212,0,0.316,0.177,0.176,0.0707,NA,"K05832,K05833",0.950168352171327,1,FALSE,FALSE,FALSE,FALSE
"K05523",0.0197,0,0.425,0.136,0.17,0.0563,NA,"K05523",0.998606694560669,1,FALSE,FALSE,FALSE,FALSE
"K26400",0.394,0,0.0172,0.349,0.145,0.167,NA,"K26400",0.332511196911197,1,FALSE,FALSE,FALSE,FALSE
"K10221",0.103,0,0.469,0.0851,0.117,0.0511,NA,"K10221",0.999598920863309,1,FALSE,FALSE,FALSE,FALSE
"K10220",0.123,0,0.491,0.0704,0.102,0.0486,NA,"K10220",0.999598920863309,1,FALSE,FALSE,FALSE,FALSE
"K04100",0.069,0,0.624,0.082,0.167,0.0346,NA,"K04100,K04101,K10219",0.999598920863309,1,FALSE,FALSE,FALSE,FALSE
"K05275",0.631,0,0.227,0.0629,0.052,0.0852,NA,"K05275",0.877674903474903,1,FALSE,FALSE,FALSE,FALSE
"K16845",0.0197,0,0.71,-0.0745,0.2,0.0263,NA,"K16845,K16846",0.999598920863309,1,FALSE,FALSE,FALSE,FALSE
"K28643",0.0246,0,0.4,0.257,0.305,0.0594,NA,"K28643",0.994456166419019,1,FALSE,FALSE,FALSE,FALSE
"K28642",0.0246,0,0.4,0.257,0.305,0.0594,NA,"K28642",0.994456166419019,1,FALSE,FALSE,FALSE,FALSE
"K03078",0.0837,0,0.94,0.00806,0.108,0.00528,NA,"K03078",0.999598920863309,1,FALSE,FALSE,FALSE,FALSE
"K03079",0.138,0,0.442,-0.0706,0.0916,0.0543,NA,"K03079",0.999598920863309,1,FALSE,FALSE,FALSE,FALSE
"K03077",0.36,0,0.932,-0.00568,0.0662,0.00605,NA,"K03077",0.999598920863309,1,FALSE,FALSE,FALSE,FALSE
"K07452",0.246,0,0.915,0.00455,0.0426,0.00752,NA,"K07452",0.999598920863309,1,FALSE,FALSE,FALSE,FALSE
"K19147",0.241,0,0.579,0.0242,0.0436,0.0391,NA,"K19147",0.999598920863309,1,FALSE,FALSE,FALSE,FALSE
"K21898",0.0197,0,0.104,0.193,0.118,0.114,NA,"K21898",0.635809523809524,1,FALSE,FALSE,FALSE,FALSE
"K10227",0.458,0,0.285,0.0835,0.0779,0.0754,NA,"K10227",0.92746243523316,1,FALSE,FALSE,FALSE,FALSE
"K10228",0.438,0,0.421,0.066,0.0819,0.0568,NA,"K10228,K10229",0.998553765987684,1,FALSE,FALSE,FALSE,FALSE
"K00007",0.113,0,0.73,0.0441,0.128,0.0243,NA,"K00007",0.999598920863309,1,FALSE,FALSE,FALSE,FALSE
"K21620",0.167,0,0.795,0.0282,0.108,0.0184,NA,"K21620",0.999598920863309,1,FALSE,FALSE,FALSE,FALSE
"K00854",0.626,0,0.866,-0.00924,0.0549,0.0119,NA,"K00854",0.999598920863309,1,FALSE,FALSE,FALSE,FALSE
"K09690",0.404,0,0.778,0.0152,0.0538,0.0199,NA,"K09690",0.999598920863309,1,FALSE,FALSE,FALSE,FALSE
"K00571",0.325,0,0.765,-0.0222,0.0742,0.0211,NA,"K00571",0.999598920863309,1,FALSE,FALSE,FALSE,FALSE
"K22874",0.0148,0,0.458,-0.0956,0.129,0.0524,NA,"K22874",0.999598920863309,1,FALSE,FALSE,FALSE,FALSE
"K03380",0.138,0,0.0678,-0.278,0.151,0.128,NA,"K03380",0.563005997001499,1,FALSE,FALSE,FALSE,FALSE
"K22952",0.0345,0,0.435,0.0831,0.106,0.0551,NA,"K22952",0.999598920863309,1,FALSE,FALSE,FALSE,FALSE
"K08475",0.0985,0,0.48,0.0606,0.0857,0.0498,NA,"K08475",0.999598920863309,1,FALSE,FALSE,FALSE,FALSE
"K08478",0.0887,0,0.626,0.0416,0.0853,0.0344,NA,"K08478",0.999598920863309,1,FALSE,FALSE,FALSE,FALSE
"K19610",0.172,0,0.0251,0.29,0.129,0.157,NA,"K19610",0.39151308411215,1,FALSE,FALSE,FALSE,FALSE
"K21993",0.172,0,0.696,-0.0276,0.0706,0.0276,NA,"K21993",0.999598920863309,1,FALSE,FALSE,FALSE,FALSE
"K23182",0.064,0,0.295,0.151,0.144,0.0739,NA,"K23182",0.934259962049336,1,FALSE,FALSE,FALSE,FALSE
"K23181",0.0542,0,0.809,0.0277,0.115,0.017,NA,"K23181",0.999598920863309,1,FALSE,FALSE,FALSE,FALSE
"K02448",0.212,0,0.552,-0.0468,0.0785,0.042,NA,"K02448",0.999598920863309,1,FALSE,FALSE,FALSE,FALSE
"K04748",0.31,0,0.581,-0.0433,0.0783,0.039,NA,"K04748",0.999598920863309,1,FALSE,FALSE,FALSE,FALSE
"K01602",0.064,0,0.156,-0.125,0.088,0.0999,NA,"K01601,K01602",0.746741873804971,1,FALSE,FALSE,FALSE,FALSE
"K04651",0.118,0,0.913,-0.0129,0.118,0.00775,NA,"K04651,K04652,K04653",0.999598920863309,1,FALSE,FALSE,FALSE,FALSE
"K19641",0.0148,0,0.879,-0.0241,0.158,0.0108,NA,"K19641,K23548,K23549",0.999598920863309,1,FALSE,FALSE,FALSE,FALSE
"K04654",0.108,0,0.945,-0.00977,0.14,0.00491,NA,"K04654,K04655,K04656",0.999598920863309,1,FALSE,FALSE,FALSE,FALSE
"K01193",0.498,0,0.498,-0.029,0.0427,0.0479,NA,"K01193",0.999598920863309,1,FALSE,FALSE,FALSE,FALSE
"K00883",0.547,0,0.719,0.0297,0.0826,0.0254,NA,"K00883",0.999598920863309,1,FALSE,FALSE,FALSE,FALSE
"K01631",0.478,0,0.915,-0.00719,0.0671,0.00756,NA,"K01631",0.999598920863309,1,FALSE,FALSE,FALSE,FALSE
"K18983",0.148,0,0.501,-0.0424,0.063,0.0475,NA,"K18983",0.999598920863309,1,FALSE,FALSE,FALSE,FALSE
"K01674",0.143,0,0.568,0.0334,0.0583,0.0404,NA,"K01674",0.999598920863309,1,FALSE,FALSE,FALSE,FALSE
"K21621",0.0936,0,0.712,0.0463,0.125,0.0261,NA,"K21621",0.999598920863309,1,FALSE,FALSE,FALSE,FALSE
"K01720",0.379,0,0.398,-0.0579,0.0683,0.0597,NA,"K01720",0.9929177877429,1,FALSE,FALSE,FALSE,FALSE
"K12132",0.443,0,0.544,-0.0454,0.0746,0.0429,NA,"K12132",0.999598920863309,1,FALSE,FALSE,FALSE,FALSE
"K24410",0.0148,0,0.975,-0.00478,0.15,0.00225,NA,"K24410",0.999598920863309,1,FALSE,FALSE,FALSE,FALSE
"K09936",0.611,0,0.191,-0.0959,0.0731,0.0922,NA,"K09936",0.811831069609508,1,FALSE,FALSE,FALSE,FALSE
"K01999",0.749,0,0.134,0.262,0.174,0.106,NA,"K01999",0.710739406779661,1,FALSE,FALSE,FALSE,FALSE
"K14189",0.212,0,0.409,-0.0443,0.0535,0.0583,NA,"K14189",0.995165229885058,1,FALSE,FALSE,FALSE,FALSE
"K21833",0.222,0,0.00125,0.779,0.238,0.225,NA,"K21833,K21834,K25960,K25961",0.0869270833333333,1,FALSE,FALSE,TRUE,FALSE
"K08264",0.217,0,0.839,-0.0204,0.1,0.0144,NA,"K08264",0.999598920863309,1,FALSE,FALSE,FALSE,FALSE
"K21826",0.34,0,0.00153,0.734,0.228,0.221,NA,"K21826",0.0923910714285714,1,FALSE,FALSE,TRUE,FALSE
"K00479",0.374,0,0.157,0.181,0.128,0.0997,NA,"K00479",0.74795337773549,1,FALSE,FALSE,FALSE,FALSE
"K04757",0.232,0,0.876,-0.014,0.0902,0.011,NA,"K04757",0.999598920863309,1,FALSE,FALSE,FALSE,FALSE
"K07280",0.0936,0,0.995,-0.000529,0.0809,0.000461,NA,"K07280",0.999598920863309,1,FALSE,FALSE,FALSE,FALSE
"K23514",0.251,0,0.991,0.000816,0.0742,0.000776,NA,"K23514",0.999598920863309,1,FALSE,FALSE,FALSE,FALSE
"K10021",0.153,0,0.619,-0.0606,0.122,0.0351,NA,"K10021",0.999598920863309,1,FALSE,FALSE,FALSE,FALSE
"K09992",0.256,0,0.852,0.0111,0.0595,0.0131,NA,"K09992",0.999598920863309,1,FALSE,FALSE,FALSE,FALSE
"K08476",0.0246,0,0.986,-0.00181,0.106,0.00121,NA,"K08476",0.999598920863309,1,FALSE,FALSE,FALSE,FALSE
"K03523",0.36,0,0.256,0.128,0.112,0.0801,NA,"K03523",0.906835095137421,1,FALSE,FALSE,FALSE,FALSE
"K18816",0.182,0,0.501,0.0559,0.0829,0.0475,NA,"K18816",0.999598920863309,1,FALSE,FALSE,FALSE,FALSE
"K13727",0.123,0,0.762,0.0708,0.233,0.0214,NA,"K13727",0.999598920863309,1,FALSE,FALSE,FALSE,FALSE
"K00114",0.212,0,0.233,0.132,0.111,0.0841,NA,"K00114",0.884481425322214,1,FALSE,FALSE,FALSE,FALSE
"K21012",0.128,0,0.985,0.00186,0.101,0.00129,NA,"K21006,K21007,K21008,K21009,K21010,K21012",0.999598920863309,1,FALSE,FALSE,FALSE,FALSE
"K21011",0.187,0,0.419,0.0497,0.0614,0.057,NA,"K21011",0.998553765987684,1,FALSE,FALSE,FALSE,FALSE
"K08738",0.345,0,0.0189,0.259,0.109,0.165,NA,"K08738",0.34705559566787,1,FALSE,FALSE,FALSE,FALSE
"K07335",0.645,0,0.523,0.0394,0.0616,0.0451,NA,"K07335",0.999598920863309,1,FALSE,FALSE,FALSE,FALSE
"K23537",0.64,0,0.457,0.0458,0.0615,0.0525,NA,"K23537",0.999598920863309,1,FALSE,FALSE,FALSE,FALSE
"K23535",0.64,0,0.457,0.0458,0.0615,0.0525,NA,"K23535",0.999598920863309,1,FALSE,FALSE,FALSE,FALSE
"K23536",0.64,0,0.457,0.0458,0.0615,0.0525,NA,"K23536",0.999598920863309,1,FALSE,FALSE,FALSE,FALSE
"K19339",0.197,0,0.0674,-0.0977,0.0531,0.129,NA,"K19339",0.563005997001499,1,FALSE,FALSE,FALSE,FALSE
"K06135",0.241,0,0.763,-0.0385,0.128,0.0213,NA,"K06135",0.999598920863309,1,FALSE,FALSE,FALSE,FALSE
"K06136",0.276,0,0.938,-0.00898,0.115,0.00549,NA,"K06136",0.999598920863309,1,FALSE,FALSE,FALSE,FALSE
"K06137",0.266,0,0.0961,0.177,0.106,0.117,NA,"K06137",0.623280699481865,1,FALSE,FALSE,FALSE,FALSE
"K06138",0.31,0,0.871,-0.0121,0.0739,0.0115,NA,"K06138",0.999598920863309,1,FALSE,FALSE,FALSE,FALSE
"K06139",0.266,0,0.93,-0.0106,0.121,0.00618,NA,"K06139",0.999598920863309,1,FALSE,FALSE,FALSE,FALSE
"K20975",0.389,0,0.467,0.0915,0.126,0.0513,NA,"K20975",0.999598920863309,1,FALSE,FALSE,FALSE,FALSE
"K22468",0.542,0,0.696,0.0287,0.0732,0.0276,NA,"K22468",0.999598920863309,1,FALSE,FALSE,FALSE,FALSE
"K11913",0.0936,0,0.903,-0.00777,0.0638,0.0086,NA,"K11913",0.999598920863309,1,FALSE,FALSE,FALSE,FALSE
"K11898",0.153,0,0.908,0.00667,0.0577,0.00815,NA,"K11898",0.999598920863309,1,FALSE,FALSE,FALSE,FALSE
"K02043",0.232,0,0.489,-0.0557,0.0803,0.0488,NA,"K02043",0.999598920863309,1,FALSE,FALSE,FALSE,FALSE
"K06166",0.241,0,0.0847,-0.116,0.0672,0.121,NA,"K05780,K05781,K06163,K06164,K06166",0.591482426778243,1,FALSE,FALSE,FALSE,FALSE
"K06165",0.246,0,0.0736,-0.125,0.0693,0.126,NA,"K06165",0.563005997001499,1,FALSE,FALSE,FALSE,FALSE
"K06162",0.271,0,0.0944,-0.106,0.0632,0.118,NA,"K06162",0.614495454545455,1,FALSE,FALSE,FALSE,FALSE
"K05774",0.389,0,0.0467,0.173,0.0864,0.14,NA,"K05774",0.513905274725275,1,FALSE,FALSE,FALSE,FALSE
"K06167",0.305,0,0.951,0.00614,0.1,0.00431,NA,"K06167",0.999598920863309,1,FALSE,FALSE,FALSE,FALSE
"K07214",0.123,0,0.365,0.085,0.0937,0.0639,NA,"K07214",0.975736785904965,1,FALSE,FALSE,FALSE,FALSE
"K08676",0.177,0,0.93,0.00766,0.0866,0.00624,NA,"K08676",0.999598920863309,1,FALSE,FALSE,FALSE,FALSE
"K21699",0.394,0,0.284,0.143,0.133,0.0756,NA,"K21699",0.9257734375,1,FALSE,FALSE,FALSE,FALSE
"K00822",0.443,0,0.0788,0.345,0.196,0.124,NA,"K00822",0.577561842105263,1,FALSE,FALSE,FALSE,FALSE
"K09988",0.153,0,0.0727,-0.265,0.147,0.126,NA,"K09988",0.563005997001499,1,FALSE,FALSE,FALSE,FALSE
"K07171",0.271,0,0.18,0.0719,0.0535,0.0944,NA,"K07171",0.796166077738516,1,FALSE,FALSE,FALSE,FALSE
"K17763",0.158,0,0.512,-0.0554,0.0842,0.0463,NA,"K17752,K17762,K17763",0.999598920863309,1,FALSE,FALSE,FALSE,FALSE
"K05518",0.143,0,0.189,-0.12,0.0907,0.0925,NA,"K05518",0.80951497005988,1,FALSE,FALSE,FALSE,FALSE
"K03367",0.069,0,0.201,-0.123,0.0961,0.0901,NA,"K03367",0.833118377483444,1,FALSE,FALSE,FALSE,FALSE
"K08217",0.148,0,0.831,0.0235,0.11,0.0151,NA,"K08217",0.999598920863309,1,FALSE,FALSE,FALSE,FALSE
"K21832",0.31,0,0.00641,0.59,0.214,0.191,NA,"K21832",0.19934701863354,1,FALSE,FALSE,FALSE,FALSE
"K00303",0.414,0,0.0998,0.199,0.121,0.116,NA,"K00303",0.630604534005038,1,FALSE,FALSE,FALSE,FALSE
"K00304",0.424,0,0.429,0.121,0.153,0.0558,NA,"K00304",0.998606694560669,1,FALSE,FALSE,FALSE,FALSE
"K00302",0.414,0,0.0998,0.199,0.121,0.116,NA,"K00302",0.630604534005038,1,FALSE,FALSE,FALSE,FALSE
"K00305",0.419,0,0.357,0.136,0.147,0.065,NA,"K00305",0.965693679092383,1,FALSE,FALSE,FALSE,FALSE
"K00148",0.404,0,0.399,0.0993,0.117,0.0596,NA,"K00148",0.993926865671642,1,FALSE,FALSE,FALSE,FALSE
"K01995",0.719,0,0.0217,0.359,0.155,0.161,NA,"K01995",0.370825597269625,1,FALSE,FALSE,FALSE,FALSE
"K01998",0.724,0,0.0366,0.315,0.15,0.147,NA,"K01998",0.45742962962963,1,FALSE,FALSE,FALSE,FALSE
"K08295",0.212,0,0.309,0.102,0.0999,0.0718,NA,"K08295",0.949179754601227,1,FALSE,FALSE,FALSE,FALSE
"K01432",0.0936,0,0.523,0.0698,0.109,0.0451,NA,"K01432",0.999598920863309,1,FALSE,FALSE,FALSE,FALSE
"K02759",0.187,0,0.295,0.154,0.147,0.0738,NA,"K02759",0.934259962049336,1,FALSE,FALSE,FALSE,FALSE
"K02760",0.197,0,0.306,0.147,0.143,0.0721,NA,"K02760",0.945183220234423,1,FALSE,FALSE,FALSE,FALSE
"K09705",0.31,0,0.353,0.0648,0.0696,0.0656,NA,"K09705",0.963199455040872,1,FALSE,FALSE,FALSE,FALSE
"K13771",0.542,0,0.677,0.0401,0.0961,0.0294,NA,"K13771",0.999598920863309,1,FALSE,FALSE,FALSE,FALSE
"K10552",0.261,0,0.839,-0.0206,0.101,0.0144,NA,"K10552,K10553,K10554",0.999598920863309,1,FALSE,FALSE,FALSE,FALSE
"K10232",0.163,0,0.819,0.0308,0.134,0.0162,NA,"K10232",0.999598920863309,1,FALSE,FALSE,FALSE,FALSE
"K10233",0.163,0,0.819,0.0308,0.134,0.0162,NA,"K10233",0.999598920863309,1,FALSE,FALSE,FALSE,FALSE
"K10234",0.163,0,0.819,0.0308,0.134,0.0162,NA,"K10234",0.999598920863309,1,FALSE,FALSE,FALSE,FALSE
"K07046",0.36,0,0.372,0.057,0.0637,0.063,NA,"K07046",0.97633889468196,1,FALSE,FALSE,FALSE,FALSE
"K03534",0.419,0,0.0321,0.146,0.0679,0.151,NA,"K03534",0.43944414893617,1,FALSE,FALSE,FALSE,FALSE
"K18336",0.473,0,0.299,0.0642,0.0616,0.0732,NA,"K18336",0.938028195488722,1,FALSE,FALSE,FALSE,FALSE
"K16850",0.0887,0,0.911,-0.0115,0.103,0.00791,NA,"K16850",0.999598920863309,1,FALSE,FALSE,FALSE,FALSE
"K09698",0.148,0,0.901,-0.048,0.385,0.0088,NA,"K09698",0.999598920863309,1,FALSE,FALSE,FALSE,FALSE
"K02341",0.67,0,0.899,-0.0122,0.0955,0.00899,NA,"K02341",0.999598920863309,1,FALSE,FALSE,FALSE,FALSE
"K09931",0.0837,0,0.796,-0.0308,0.119,0.0182,NA,"K09931",0.999598920863309,1,FALSE,FALSE,FALSE,FALSE
"K02613",0.384,0,0.378,-0.0613,0.0694,0.0622,NA,"K02613",0.980137752459865,1,FALSE,FALSE,FALSE,FALSE
"K10947",0.433,0,0.641,0.0429,0.0918,0.033,NA,"K10947",0.999598920863309,1,FALSE,FALSE,FALSE,FALSE
"K22106",0.118,0,0.149,0.135,0.0934,0.102,NA,"K22106",0.727846829268293,1,FALSE,FALSE,FALSE,FALSE
"K21573",0.0591,0,0.87,-0.0284,0.174,0.0115,NA,"K21572,K21573",0.999598920863309,1,FALSE,FALSE,FALSE,FALSE
"K19267",0.502,0,0.711,0.0189,0.051,0.0261,NA,"K19267",0.999598920863309,1,FALSE,FALSE,FALSE,FALSE
"K20968",0.0739,0,0.835,0.0213,0.102,0.0147,NA,"K20968",0.999598920863309,1,FALSE,FALSE,FALSE,FALSE
"K07501",0.103,0,0.932,0.0423,0.497,0.006,NA,"K07501",0.999598920863309,1,FALSE,FALSE,FALSE,FALSE
"K15789",0.158,0,0.0697,0.436,0.239,0.128,NA,"K15789",0.563005997001499,1,FALSE,FALSE,FALSE,FALSE
"K26958",0.177,0,0.574,-0.567,1.01,0.0397,NA,"K26958",0.999598920863309,1,FALSE,FALSE,FALSE,FALSE
"K18139",0.567,0,0.692,-0.0407,0.102,0.028,NA,"K18139",0.999598920863309,1,FALSE,FALSE,FALSE,FALSE
"K13017",0.069,0,0.0151,-0.274,0.112,0.17,NA,"K13017",0.30688064516129,1,FALSE,FALSE,FALSE,FALSE
"K01715",0.177,0,0.172,-0.107,0.0783,0.0962,NA,"K01715",0.785053783044667,1,FALSE,FALSE,FALSE,FALSE
"K26060",0.0739,0,0.35,-0.124,0.132,0.0659,NA,"K26060",0.963199455040872,1,FALSE,FALSE,FALSE,FALSE
"K03709",0.182,0,0.909,-0.0625,0.548,0.00805,NA,"K03709",0.999598920863309,1,FALSE,FALSE,FALSE,FALSE
"K11707",0.0837,0,0.548,0.0873,0.145,0.0424,NA,"K11707",0.999598920863309,1,FALSE,FALSE,FALSE,FALSE
"K11710",0.0887,0,0.649,0.0538,0.118,0.0321,NA,"K11710",0.999598920863309,1,FALSE,FALSE,FALSE,FALSE
"K11708",0.0837,0,0.548,0.0873,0.145,0.0424,NA,"K11708",0.999598920863309,1,FALSE,FALSE,FALSE,FALSE
"K11709",0.0837,0,0.548,0.0873,0.145,0.0424,NA,"K11709",0.999598920863309,1,FALSE,FALSE,FALSE,FALSE
"K00252",0.586,0,0.7,-0.0726,0.188,0.0272,NA,"K00252",0.999598920863309,1,FALSE,FALSE,FALSE,FALSE
"K07487",0.286,0,0.59,0.0209,0.0388,0.038,NA,"K07487",0.999598920863309,1,FALSE,FALSE,FALSE,FALSE
"K07481",0.281,0,0.273,-0.04,0.0364,0.0773,NA,"K07481",0.91985935397039,1,FALSE,FALSE,FALSE,FALSE
"K01136",0.0345,0,0.97,-0.00793,0.213,0.00263,NA,"K01136",0.999598920863309,1,FALSE,FALSE,FALSE,FALSE
"K01135",0.143,0,0.935,-0.00609,0.0744,0.00577,NA,"K01135",0.999598920863309,1,FALSE,FALSE,FALSE,FALSE
"K07302",0.453,0,0.946,-0.00638,0.095,0.00474,NA,"K07302",0.999598920863309,1,FALSE,FALSE,FALSE,FALSE
"K07303",0.468,0,0.89,-0.0132,0.096,0.00973,NA,"K07303",0.999598920863309,1,FALSE,FALSE,FALSE,FALSE
"K09955",0.217,0,0.342,-0.091,0.0955,0.067,NA,"K09955",0.962031561461794,1,FALSE,FALSE,FALSE,FALSE
"K07130",0.305,0,0.728,-0.02,0.0574,0.0245,NA,"K07130",0.999598920863309,1,FALSE,FALSE,FALSE,FALSE
"K07098",0.581,0,0.714,-0.0374,0.102,0.0259,NA,"K07098",0.999598920863309,1,FALSE,FALSE,FALSE,FALSE
"K08976",0.158,0,0.725,-0.256,0.727,0.0248,NA,"K08976",0.999598920863309,1,FALSE,FALSE,FALSE,FALSE
"K09165",0.458,0,0.847,-0.0214,0.111,0.0137,NA,"K09165",0.999598920863309,1,FALSE,FALSE,FALSE,FALSE
"K22074",0.3,0,0.335,-0.164,0.17,0.068,NA,"K22074",0.958482857142857,1,FALSE,FALSE,FALSE,FALSE
"K06229",0.0542,0,0.764,-0.0848,0.282,0.0212,NA,"K06229",0.999598920863309,1,FALSE,FALSE,FALSE,FALSE
"K15518",0.128,0,0.87,-0.0691,0.42,0.0116,NA,"K15518",0.999598920863309,1,FALSE,FALSE,FALSE,FALSE
"K08972",0.384,0,0.129,0.796,0.522,0.107,NA,"K08972",0.697519438444924,1,FALSE,FALSE,FALSE,FALSE
"K08999",0.167,0,0.99,-0.00453,0.361,0.000884,NA,"K08999",0.999598920863309,1,FALSE,FALSE,FALSE,FALSE
"K00162",0.182,0,0.587,0.53,0.975,0.0383,NA,"K00161,K00162",0.999598920863309,1,FALSE,FALSE,FALSE,FALSE
"K15987",0.241,0,0.544,-0.164,0.27,0.0428,NA,"K15987",0.999598920863309,1,FALSE,FALSE,FALSE,FALSE
"K16066",0.355,0,0.0102,0.435,0.168,0.18,NA,"K16066",0.251571219512195,1,FALSE,FALSE,FALSE,FALSE
"K03921",0.064,0,0.596,-0.178,0.336,0.0374,NA,"K03921",0.999598920863309,1,FALSE,FALSE,FALSE,FALSE
"K26061",0.463,0,0.0537,0.246,0.127,0.136,NA,"K26061",0.545296761133603,1,FALSE,FALSE,FALSE,FALSE
"K00452",0.153,0,0.882,0.0106,0.0711,0.0105,NA,"K00452",0.999598920863309,1,FALSE,FALSE,FALSE,FALSE
"K01880",0.232,0,0.882,0.0521,0.351,0.0105,NA,"K01880",0.999598920863309,1,FALSE,FALSE,FALSE,FALSE
"K00453",0.463,0,0.157,0.108,0.0759,0.0996,NA,"K00453",0.74795337773549,1,FALSE,FALSE,FALSE,FALSE
"K01758",0.246,0,0.0153,0.301,0.123,0.17,NA,"K01758",0.307659036144578,1,FALSE,FALSE,FALSE,FALSE
"K07027",0.547,0,0.851,-0.0174,0.0923,0.0133,NA,"K07027",0.999598920863309,1,FALSE,FALSE,FALSE,FALSE
"K15519",0.158,0,0.761,-0.14,0.458,0.0215,NA,"K15519",0.999598920863309,1,FALSE,FALSE,FALSE,FALSE
"K10764",0.537,0,0.189,0.253,0.192,0.0926,NA,"K10764",0.80951497005988,1,FALSE,FALSE,FALSE,FALSE
"K25152",0.0837,0,0.46,-0.0896,0.121,0.0521,NA,"K25152",0.999598920863309,1,FALSE,FALSE,FALSE,FALSE
"K10206",0.0542,0,0.0434,-0.221,0.108,0.142,NA,"K10206",0.493872272727273,1,FALSE,FALSE,FALSE,FALSE
"K26960",0.167,0,0.801,-0.132,0.522,0.0178,NA,"K26960",0.999598920863309,1,FALSE,FALSE,FALSE,FALSE
"K00248",0.429,0,0.0482,0.357,0.179,0.139,NA,"K00248",0.526937554585153,1,FALSE,FALSE,FALSE,FALSE
"K04565",0.483,0,0.795,0.0219,0.0842,0.0184,NA,"K04565",0.999598920863309,1,FALSE,FALSE,FALSE,FALSE
"K13444",0.222,0,0.685,0.0447,0.11,0.0286,NA,"K13444",0.999598920863309,1,FALSE,FALSE,FALSE,FALSE
"K00529",0.414,0,0.457,0.0387,0.052,0.0524,NA,"K00529",0.999598920863309,1,FALSE,FALSE,FALSE,FALSE
"K06988",0.458,0,0.326,0.0456,0.0463,0.0693,NA,"K06988",0.958482857142857,1,FALSE,FALSE,FALSE,FALSE
"K01958",0.36,0,0.596,0.216,0.407,0.0375,NA,"K01958",0.999598920863309,1,FALSE,FALSE,FALSE,FALSE
"K19033",0.0788,0,0.632,-0.325,0.677,0.0338,NA,"K19033",0.999598920863309,1,FALSE,FALSE,FALSE,FALSE
"K22391",0.0246,0,0.972,-0.00727,0.21,0.00245,NA,"K22391",0.999598920863309,1,FALSE,FALSE,FALSE,FALSE
"K00486",0.0591,0,0.678,-0.272,0.655,0.0293,NA,"K00486",0.999598920863309,1,FALSE,FALSE,FALSE,FALSE
"K05995",0.32,0,0.0975,0.121,0.0729,0.117,NA,"K05995",0.625875,1,FALSE,FALSE,FALSE,FALSE
"K17609",0.0246,0,0.99,-0.00319,0.246,0.000915,NA,"K17609",0.999598920863309,1,FALSE,FALSE,FALSE,FALSE
"K06872",0.527,0,0.377,0.0838,0.0948,0.0623,NA,"K06872",0.980082554517134,1,FALSE,FALSE,FALSE,FALSE
"K27772",0.0394,0,0.996,-0.00142,0.294,0.000339,NA,"K27772",0.999598920863309,1,FALSE,FALSE,FALSE,FALSE
"K06973",0.207,0,0.867,0.087,0.519,0.0118,NA,"K06973",0.999598920863309,1,FALSE,FALSE,FALSE,FALSE
"K22124",0.069,0,0.00389,0.251,0.0861,0.202,NA,"K22124",0.143214926470588,1,FALSE,FALSE,FALSE,FALSE
"K16839",0.118,0,0.56,-0.0707,0.121,0.0412,NA,"K16839",0.999598920863309,1,FALSE,FALSE,FALSE,FALSE
"K22934",0.305,0,0.153,-0.131,0.0911,0.101,NA,"K22934",0.738026011560694,1,FALSE,FALSE,FALSE,FALSE
"K16055",0.0197,0,0.937,-0.0413,0.524,0.00556,NA,"K16055",0.999598920863309,1,FALSE,FALSE,FALSE,FALSE
"K00697",0.399,0,0.00578,0.326,0.117,0.193,NA,"K00697",0.184334140127389,1,FALSE,FALSE,FALSE,FALSE
"K24158",0.404,0,0.977,0.00447,0.158,0.00199,NA,"K24158",0.999598920863309,1,FALSE,FALSE,FALSE,FALSE
"K06140",0.527,0,0.416,0.0771,0.0947,0.0574,NA,"K06140",0.997085686931546,1,FALSE,FALSE,FALSE,FALSE
"K03282",0.862,0,0.543,-0.165,0.271,0.0429,NA,"K03282",0.999598920863309,1,FALSE,FALSE,FALSE,FALSE
"K13532",0.128,0,0.00148,0.467,0.145,0.222,NA,"K13532",0.0914859259259259,1,FALSE,FALSE,TRUE,FALSE
"K06211",0.217,0,0.274,0.0773,0.0705,0.0772,NA,"K06211",0.921368703828073,1,FALSE,FALSE,FALSE,FALSE
"K01251",0.695,0,0.991,0.00237,0.205,0.000813,NA,"K01251",0.999598920863309,1,FALSE,FALSE,FALSE,FALSE
"K01372",0.0345,0,0.95,-0.019,0.301,0.00446,NA,"K01372",0.999598920863309,1,FALSE,FALSE,FALSE,FALSE
"K00045",0.389,0,0.456,0.0664,0.0889,0.0526,NA,"K00045",0.999598920863309,1,FALSE,FALSE,FALSE,FALSE
"K09967",0.202,0,0.853,-0.0121,0.0654,0.0131,NA,"K09967",0.999598920863309,1,FALSE,FALSE,FALSE,FALSE
"K09190",0.182,0,0.0206,0.463,0.198,0.162,NA,"K09190",0.362876655052265,1,FALSE,FALSE,FALSE,FALSE
"K20846",0.0443,0,0.812,0.0198,0.083,0.0168,NA,"K20846",0.999598920863309,1,FALSE,FALSE,FALSE,FALSE
"K21162",0.0493,0,0.00169,-1.07,0.338,0.219,NA,"K21162",0.0995509411764706,1,FALSE,FALSE,TRUE,FALSE
"K11381",0.133,0,0.278,0.0973,0.0895,0.0764,NA,"K11381",0.923041114058356,1,FALSE,FALSE,FALSE,FALSE
"K12339",0.424,0,0.977,-0.00498,0.173,0.00203,NA,"K12339",0.999598920863309,1,FALSE,FALSE,FALSE,FALSE
"K06885",0.182,0,0.531,-0.0939,0.15,0.0442,NA,"K06885",0.999598920863309,1,FALSE,FALSE,FALSE,FALSE
"K08138",0.0591,0,0.291,-0.112,0.106,0.0744,NA,"K08138",0.933399743754004,1,FALSE,FALSE,FALSE,FALSE
"K01805",0.571,0,0.0326,-0.108,0.0503,0.15,NA,"K01805",0.43944414893617,1,FALSE,FALSE,FALSE,FALSE
"K00936",0.207,0,7.73e-05,0.452,0.112,0.274,NA,"K00936",0.01313503,0.3870411,TRUE,FALSE,TRUE,FALSE
"K18911",0.256,0,0.512,-0.0815,0.124,0.0463,NA,"K18911",0.999598920863309,1,FALSE,FALSE,FALSE,FALSE
"K01463",0.172,0,0.133,0.866,0.574,0.106,NA,"K01463",0.707684378320935,1,FALSE,FALSE,FALSE,FALSE
"K05770",0.315,0,0.00852,-0.181,0.068,0.184,NA,"K05770",0.22334890052356,1,FALSE,FALSE,FALSE,FALSE
"K21552",0.064,0,0.304,0.244,0.237,0.0725,NA,"K21552",0.941328385899814,1,FALSE,FALSE,FALSE,FALSE
"K25151",0.0837,0,0.331,-0.125,0.128,0.0686,NA,"K25151",0.958482857142857,1,FALSE,FALSE,FALSE,FALSE
"K25153",0.103,0,0.378,-0.1,0.113,0.0622,NA,"K25153",0.980137752459865,1,FALSE,FALSE,FALSE,FALSE
"K00074",0.571,0,0.175,0.116,0.0856,0.0955,NA,"K00074",0.786557450628366,1,FALSE,FALSE,FALSE,FALSE
"K20866",0.148,0,0.932,-0.0124,0.146,0.00599,NA,"K20866",0.999598920863309,1,FALSE,FALSE,FALSE,FALSE
"K18682",0.177,0,0.574,-0.567,1.01,0.0397,NA,"K18682",0.999598920863309,1,FALSE,FALSE,FALSE,FALSE
"K17103",0.611,0,0.329,0.318,0.325,0.0688,NA,"K17103",0.958482857142857,1,FALSE,FALSE,FALSE,FALSE
"K27956",0.064,0,0.665,-0.252,0.582,0.0306,NA,"K27956",0.999598920863309,1,FALSE,FALSE,FALSE,FALSE
"K26996",0.182,0,0.652,-0.0409,0.0906,0.0319,NA,"K26996",0.999598920863309,1,FALSE,FALSE,FALSE,FALSE
"K07588",0.197,0,0.0181,0.812,0.341,0.166,NA,"K07588",0.340701879699248,1,FALSE,FALSE,FALSE,FALSE
"K00752",0.0394,0,0.98,0.00787,0.309,0.0018,NA,"K00752",0.999598920863309,1,FALSE,FALSE,FALSE,FALSE
"K18575",0.384,0,0.153,0.122,0.0851,0.101,NA,"K18575",0.738026011560694,1,FALSE,FALSE,FALSE,FALSE
"K00812",0.552,0,0.045,0.155,0.0768,0.141,NA,"K00812",0.504060402684564,1,FALSE,FALSE,FALSE,FALSE
"K00294",0.187,0,0.554,0.245,0.413,0.0417,NA,"K00294",0.999598920863309,1,FALSE,FALSE,FALSE,FALSE
"K21571",0.0493,0,0.814,-0.2,0.849,0.0166,NA,"K21571",0.999598920863309,1,FALSE,FALSE,FALSE,FALSE
"K01838",0.153,0,0.0231,0.2,0.0874,0.159,NA,"K01838",0.37921868852459,1,FALSE,FALSE,FALSE,FALSE
"K00691",0.0542,0,0.929,-0.0383,0.43,0.00629,NA,"K00691",0.999598920863309,1,FALSE,FALSE,FALSE,FALSE
"K01966",0.207,0,0.841,-0.065,0.323,0.0142,NA,"K01966",0.999598920863309,1,FALSE,FALSE,FALSE,FALSE
"K07037",0.153,0,0.814,-0.149,0.633,0.0166,NA,"K07037",0.999598920863309,1,FALSE,FALSE,FALSE,FALSE
"K20742",0.148,0,0.885,0.0893,0.616,0.0102,NA,"K20742",0.999598920863309,1,FALSE,FALSE,FALSE,FALSE
"K03696",0.394,0,0.738,0.051,0.153,0.0236,NA,"K03696",0.999598920863309,1,FALSE,FALSE,FALSE,FALSE
"K22136",0.177,0,0.574,-0.567,1.01,0.0397,NA,"K22136",0.999598920863309,1,FALSE,FALSE,FALSE,FALSE
"K00819",0.276,0,0.049,0.571,0.288,0.138,NA,"K00819",0.528696129032258,1,FALSE,FALSE,FALSE,FALSE
"K25137",0.123,0,0.999,0.000842,0.675,8.8e-05,NA,"K25137",0.999598920863309,1,FALSE,FALSE,FALSE,FALSE
"K13052",0.153,0,0.814,-0.149,0.633,0.0166,NA,"K13052",0.999598920863309,1,FALSE,FALSE,FALSE,FALSE
"K01847",0.33,0,0.0302,0.259,0.119,0.152,NA,"K01847",0.434515517241379,1,FALSE,FALSE,FALSE,FALSE
"K06013",0.197,0,0.111,0.678,0.423,0.112,NA,"K06013",0.653855294117647,1,FALSE,FALSE,FALSE,FALSE
"K06881",0.182,0,0.59,0.432,0.799,0.0381,NA,"K06881",0.999598920863309,1,FALSE,FALSE,FALSE,FALSE
"K09958",0.399,0,0.917,-0.00703,0.067,0.0074,NA,"K09958",0.999598920863309,1,FALSE,FALSE,FALSE,FALSE
"K00721",0.197,0,0.872,-0.0358,0.222,0.0114,NA,"K00721",0.999598920863309,1,FALSE,FALSE,FALSE,FALSE
"K01465",0.788,0,0.246,0.146,0.126,0.0817,NA,"K01465",0.897756559766764,1,FALSE,FALSE,FALSE,FALSE
"K09952",0.0296,0,0.824,-0.0332,0.149,0.0157,NA,"K09952",0.999598920863309,1,FALSE,FALSE,FALSE,FALSE
"K06330",0.217,0,0.349,0.0759,0.0809,0.066,NA,"K06330",0.962248348017621,1,FALSE,FALSE,FALSE,FALSE
"K13993",0.448,0,0.334,0.0555,0.0573,0.0681,NA,"K13993",0.958482857142857,1,FALSE,FALSE,FALSE,FALSE
"K01219",0.0197,0,0.954,-0.00759,0.13,0.00411,NA,"K01219",0.999598920863309,1,FALSE,FALSE,FALSE,FALSE
"K08978",0.212,0,0.06,0.143,0.0756,0.132,NA,"K08978",0.563005997001499,1,FALSE,FALSE,FALSE,FALSE
"K00359",0.133,0,0.0274,0.892,0.402,0.155,NA,"K00359",0.410753892215569,1,FALSE,FALSE,FALSE,FALSE
"K07456",0.177,0,0.574,-0.567,1.01,0.0397,NA,"K07456",0.999598920863309,1,FALSE,FALSE,FALSE,FALSE
"K11031",0.0197,0,0.372,-0.296,0.33,0.063,NA,"K11031",0.97633889468196,1,FALSE,FALSE,FALSE,FALSE
"K07141",0.773,0,0.384,0.0706,0.0809,0.0614,NA,"K07141",0.983472122762148,1,FALSE,FALSE,FALSE,FALSE
"K16870",0.404,0,0.727,-0.0145,0.0415,0.0247,NA,"K16870",0.999598920863309,1,FALSE,FALSE,FALSE,FALSE
"K08156",0.0936,0,0.874,-0.0489,0.307,0.0112,NA,"K08156",0.999598920863309,1,FALSE,FALSE,FALSE,FALSE
"K00131",0.236,0,0.721,-0.0755,0.211,0.0252,NA,"K00131",0.999598920863309,1,FALSE,FALSE,FALSE,FALSE
"K28560",0.128,0,0.355,0.0757,0.0816,0.0653,NA,"K28560",0.963406504065041,1,FALSE,FALSE,FALSE,FALSE
"K01697",0.384,0,0.0105,0.333,0.129,0.179,NA,"K01697",0.252757211538462,1,FALSE,FALSE,FALSE,FALSE
"K09946",0.325,0,0.797,-0.0195,0.0756,0.0182,NA,"K09946",0.999598920863309,1,FALSE,FALSE,FALSE,FALSE
"K26602",0.202,0,0.0348,0.121,0.0567,0.148,NA,"K26602",0.452952835051546,1,FALSE,FALSE,FALSE,FALSE
"K01281",0.0394,0,0.199,-0.264,0.205,0.0905,NA,"K01281",0.831020016680567,1,FALSE,FALSE,FALSE,FALSE
"K22757",0.0788,0,0.558,0.329,0.561,0.0413,NA,"K22757",0.999598920863309,1,FALSE,FALSE,FALSE,FALSE
"K26959",0.177,0,0.574,-0.567,1.01,0.0397,NA,"K26959",0.999598920863309,1,FALSE,FALSE,FALSE,FALSE
"K02473",0.0788,0,0.54,-0.0488,0.0794,0.0433,NA,"K02473",0.999598920863309,1,FALSE,FALSE,FALSE,FALSE
"K02474",0.266,0,0.744,-0.0158,0.0484,0.0231,NA,"K02474",0.999598920863309,1,FALSE,FALSE,FALSE,FALSE
"K00754",0.177,0,0.574,-0.567,1.01,0.0397,NA,"K00754",0.999598920863309,1,FALSE,FALSE,FALSE,FALSE
"K08641",0.291,0,0.666,0.0302,0.0698,0.0305,NA,"K08641",0.999598920863309,1,FALSE,FALSE,FALSE,FALSE
"K18122",0.0246,0,0.967,-0.0124,0.304,0.00289,NA,"K18122",0.999598920863309,1,FALSE,FALSE,FALSE,FALSE
"K27683",0.0394,0,0.973,-0.0146,0.426,0.00242,NA,"K27683",0.999598920863309,1,FALSE,FALSE,FALSE,FALSE
"K00809",0.0542,0,0.0415,-1.06,0.517,0.143,NA,"K00809",0.485491822429907,1,FALSE,FALSE,FALSE,FALSE
"K23499",0.064,0,0.126,0.5,0.325,0.108,NA,"K23499",0.687984732824428,1,FALSE,FALSE,FALSE,FALSE
"K03930",0.148,0,0.0967,0.165,0.0989,0.117,NA,"K03930",0.623780694980695,1,FALSE,FALSE,FALSE,FALSE
"K06915",0.65,0,0.39,-0.0902,0.105,0.0606,NA,"K06915",0.987758324924319,1,FALSE,FALSE,FALSE,FALSE
"K00886",0.227,0,0.175,0.346,0.254,0.0955,NA,"K00886",0.786557450628366,1,FALSE,FALSE,FALSE,FALSE
"K20830",0.0148,0,0.998,0.000499,0.194,0.000181,NA,"K20830",0.999598920863309,1,FALSE,FALSE,FALSE,FALSE
"K00024",0.488,0,0.902,-0.042,0.341,0.00869,NA,"K00024",0.999598920863309,1,FALSE,FALSE,FALSE,FALSE
"K12257",0.236,0,0.751,0.194,0.61,0.0224,NA,"K12257",0.999598920863309,1,FALSE,FALSE,FALSE,FALSE
"K09005",0.36,0,0.966,-0.00389,0.0901,0.00305,NA,"K09005",0.999598920863309,1,FALSE,FALSE,FALSE,FALSE
"K09164",0.217,0,0.672,-0.251,0.59,0.0299,NA,"K09164",0.999598920863309,1,FALSE,FALSE,FALSE,FALSE
"K11942",0.182,0,0.0309,0.401,0.185,0.152,NA,"K11942",0.435820563380282,1,FALSE,FALSE,FALSE,FALSE
"K01829",0.0197,0,0.937,0.0228,0.286,0.00563,NA,"K01829",0.999598920863309,1,FALSE,FALSE,FALSE,FALSE
"K02825",0.567,0,0.235,0.487,0.409,0.0837,NA,"K02825",0.886695553880934,1,FALSE,FALSE,FALSE,FALSE
"K28749",0.0837,0,0.826,0.016,0.0725,0.0155,NA,"K28749",0.999598920863309,1,FALSE,FALSE,FALSE,FALSE
"K18333",0.0739,0,0.255,0.119,0.104,0.0803,NA,"K18333",0.906163946061036,1,FALSE,FALSE,FALSE,FALSE
"K00041",0.345,0,0.858,-0.0136,0.076,0.0127,NA,"K00041",0.999598920863309,1,FALSE,FALSE,FALSE,FALSE
"K01685",0.246,0,0.251,-0.108,0.0939,0.0809,NA,"K01685",0.900901075268817,1,FALSE,FALSE,FALSE,FALSE
"K23007",0.246,0,0.333,-0.0834,0.0859,0.0683,NA,"K23007",0.958482857142857,1,FALSE,FALSE,FALSE,FALSE
"K15921",0.0837,0,0.365,-0.147,0.161,0.0639,NA,"K15921",0.975736785904965,1,FALSE,FALSE,FALSE,FALSE
"K01206",0.153,0,0.778,-0.0409,0.145,0.0199,NA,"K01206",0.999598920863309,1,FALSE,FALSE,FALSE,FALSE
"K02291",0.384,0,0.849,0.0203,0.106,0.0135,NA,"K02291",0.999598920863309,1,FALSE,FALSE,FALSE,FALSE
"K15746",0.123,0,0.467,0.13,0.179,0.0513,NA,"K15746",0.999598920863309,1,FALSE,FALSE,FALSE,FALSE
"K14441",0.502,0,0.974,0.0075,0.231,0.00229,NA,"K14441",0.999598920863309,1,FALSE,FALSE,FALSE,FALSE
"K01426",0.901,0,0.699,0.0363,0.0936,0.0273,NA,"K01426",0.999598920863309,1,FALSE,FALSE,FALSE,FALSE
"K06889",0.704,0,0.814,-0.0138,0.0584,0.0166,NA,"K06889",0.999598920863309,1,FALSE,FALSE,FALSE,FALSE
"K01823",0.335,0,0.21,-0.106,0.0845,0.0883,NA,"K01823",0.852773722627737,1,FALSE,FALSE,FALSE,FALSE
"K00367",0.0296,0,0.87,-0.119,0.726,0.0116,NA,"K00367",0.999598920863309,1,FALSE,FALSE,FALSE,FALSE
"K03436",0.266,0,0.947,0.0113,0.17,0.0047,NA,"K03436",0.999598920863309,1,FALSE,FALSE,FALSE,FALSE
"K00054",0.103,0,0.742,-0.0252,0.0764,0.0233,NA,"K00054",0.999598920863309,1,FALSE,FALSE,FALSE,FALSE
"K03783",0.429,0,0.512,0.0805,0.123,0.0463,NA,"K03783",0.999598920863309,1,FALSE,FALSE,FALSE,FALSE
"K01597",0.0493,0,0.887,-0.0754,0.531,0.01,NA,"K01597",0.999598920863309,1,FALSE,FALSE,FALSE,FALSE
"K09793",0.3,0,0.784,-0.138,0.504,0.0193,NA,"K09793",0.999598920863309,1,FALSE,FALSE,FALSE,FALSE
"K15255",0.0936,0,0.712,-0.129,0.348,0.0261,NA,"K15255",0.999598920863309,1,FALSE,FALSE,FALSE,FALSE
"K18890",0.291,0,0.508,-0.296,0.447,0.0467,NA,"K18890",0.999598920863309,1,FALSE,FALSE,FALSE,FALSE
"K18672",0.158,0,0.725,-0.256,0.727,0.0248,NA,"K18672",0.999598920863309,1,FALSE,FALSE,FALSE,FALSE
"K20853",0.0197,0,0.985,-0.0019,0.1,0.00134,NA,"K20853",0.999598920863309,1,FALSE,FALSE,FALSE,FALSE
"K01565",0.0739,0,0.825,0.0184,0.0833,0.0156,NA,"K01565",0.999598920863309,1,FALSE,FALSE,FALSE,FALSE
"K05970",0.0788,0,0.733,-0.135,0.394,0.0241,NA,"K05970",0.999598920863309,1,FALSE,FALSE,FALSE,FALSE
"K20885",0.064,0,0.868,-0.0244,0.146,0.0118,NA,"K20885",0.999598920863309,1,FALSE,FALSE,FALSE,FALSE
"K16899",0.325,0,0.345,-0.332,0.35,0.0667,NA,"K16899",0.962031561461794,1,FALSE,FALSE,FALSE,FALSE
"K07054",0.68,0,0.482,-0.0656,0.093,0.0497,NA,"K07054",0.999598920863309,1,FALSE,FALSE,FALSE,FALSE
"K05606",0.3,0,0.364,0.47,0.518,0.064,NA,"K05606",0.975736785904965,1,FALSE,FALSE,FALSE,FALSE
"K01808",0.419,0,0.448,0.0983,0.129,0.0536,NA,"K01808",0.999598920863309,1,FALSE,FALSE,FALSE,FALSE
"K02371",0.123,0,0.27,0.403,0.365,0.0777,NA,"K02371",0.918343897505057,1,FALSE,FALSE,FALSE,FALSE
"K06384",0.468,0,0.63,0.0448,0.0928,0.034,NA,"K06384",0.999598920863309,1,FALSE,FALSE,FALSE,FALSE
"K06902",0.424,0,0.482,-0.0723,0.103,0.0497,NA,"K06902",0.999598920863309,1,FALSE,FALSE,FALSE,FALSE
"K15865",0.305,0,0.328,-0.326,0.332,0.069,NA,"K15865",0.958482857142857,1,FALSE,FALSE,FALSE,FALSE
"K06878",0.389,0,0.105,-0.169,0.104,0.114,NA,"K06878",0.640359317904994,1,FALSE,FALSE,FALSE,FALSE
"K18889",0.315,0,0.622,-0.0708,0.143,0.0348,NA,"K18889",0.999598920863309,1,FALSE,FALSE,FALSE,FALSE
"K21064",0.143,0,0.933,0.0257,0.308,0.00589,NA,"K21064",0.999598920863309,1,FALSE,FALSE,FALSE,FALSE
"K19776",0.0591,0,0.955,-0.01,0.178,0.00397,NA,"K19776,K21086",0.999598920863309,1,FALSE,FALSE,FALSE,FALSE
"K08194",0.271,0,0.674,-0.0302,0.0718,0.0297,NA,"K08194",0.999598920863309,1,FALSE,FALSE,FALSE,FALSE
"K04081",0.0443,0,0.937,-0.0262,0.33,0.0056,NA,"K01646,K01675,K01910,K02255,K02466,K02467,K02468,K02972,K04081,K04333,K05964,K07309,K07349,K07470,K07592,K08314,K08349,K08350,K11732,K11932,K12943,K13497,K13630,K15827,K15828,K15829,K15830,K15831,K15833,K18325,K19148,K19234,K19688,K20263,K20264,K21085,K21089,K22650,K23676,K24147",0.999598920863309,1,FALSE,FALSE,FALSE,FALSE
"K03482",0.0493,0,0.947,-0.013,0.196,0.00469,NA,"K03482",0.999598920863309,1,FALSE,FALSE,FALSE,FALSE
"K02750",0.103,0,0.813,0.0287,0.121,0.0167,NA,"K02750",0.999598920863309,1,FALSE,FALSE,FALSE,FALSE
"K01232",0.0788,0,0.738,0.0437,0.131,0.0236,NA,"K01232",0.999598920863309,1,FALSE,FALSE,FALSE,FALSE
"K00389",0.291,0,0.488,0.0463,0.0665,0.049,NA,"K00389",0.999598920863309,1,FALSE,FALSE,FALSE,FALSE
"K13629",0.0837,0,0.647,0.0377,0.0823,0.0323,NA,"K13629",0.999598920863309,1,FALSE,FALSE,FALSE,FALSE
"K07675",0.212,0,0.641,0.0295,0.063,0.0329,NA,"K07675",0.999598920863309,1,FALSE,FALSE,FALSE,FALSE
"K18297",0.384,0,0.906,-0.0145,0.122,0.00835,NA,"K18297",0.999598920863309,1,FALSE,FALSE,FALSE,FALSE
"K03445",0.0887,0,0.552,-0.078,0.131,0.0419,NA,"K03445",0.999598920863309,1,FALSE,FALSE,FALSE,FALSE
"K28669",0.118,0,0.6,0.0564,0.107,0.0371,NA,"K28669",0.999598920863309,1,FALSE,FALSE,FALSE,FALSE
"K03827",0.433,0,0.91,-0.00962,0.0849,0.00799,NA,"K03827",0.999598920863309,1,FALSE,FALSE,FALSE,FALSE
"K19048",0.0936,0,0.617,0.0581,0.116,0.0353,NA,"K19048",0.999598920863309,1,FALSE,FALSE,FALSE,FALSE
"K01811",0.167,0,0.723,-0.0564,0.159,0.025,NA,"K01811",0.999598920863309,1,FALSE,FALSE,FALSE,FALSE
"K16345",0.325,0,0.53,0.0373,0.0593,0.0443,NA,"K16345",0.999598920863309,1,FALSE,FALSE,FALSE,FALSE
"K19354",0.069,0,0.814,-0.138,0.583,0.0167,NA,"K00361,K01085,K01557,K02485,K02505,K02507,K02679,K02680,K02682,K02794,K02846,K02852,K02853,K02854,K03425,K03468,K03971,K04753,K05790,K05804,K05839,K07643,K07676,K07757,K07771,K08137,K08278,K08308,K09475,K09996,K09997,K11736,K11929,K11934,K11938,K12147,K12148,K12151,K12288,K12289,K12290,K12974,K12975,K13301,K13631,K13632,K13918,K15548,K16693,K18324,K18697,K19162,K19354,K21090,K25859,K25864,K26149",0.999598920863309,1,FALSE,FALSE,FALSE,FALSE
"K02844",0.3,0,0.667,0.0736,0.171,0.0304,NA,"K02844",0.999598920863309,1,FALSE,FALSE,FALSE,FALSE
"K02841",0.271,0,0.325,0.389,0.394,0.0694,NA,"K02841",0.958348056537103,1,FALSE,FALSE,FALSE,FALSE
"K16704",0.0936,0,0.101,-0.656,0.398,0.116,NA,"K16704",0.63134456928839,1,FALSE,FALSE,FALSE,FALSE
"K02805",0.148,0,0.365,-0.0603,0.0663,0.0639,NA,"K02805",0.975736785904965,1,FALSE,FALSE,FALSE,FALSE
"K12582",0.0788,0,0.419,-0.147,0.182,0.057,NA,"K12582",0.998553765987684,1,FALSE,FALSE,FALSE,FALSE
"K03293",0.31,0,0.115,0.159,0.1,0.111,NA,"K03293",0.663785142857143,1,FALSE,FALSE,FALSE,FALSE
"K07726",0.281,0,0.903,-0.0052,0.0428,0.00857,NA,"K07726",0.999598920863309,1,FALSE,FALSE,FALSE,FALSE
"K00090",0.424,0,0.932,0.0138,0.161,0.00603,NA,"K00090",0.999598920863309,1,FALSE,FALSE,FALSE,FALSE
"K02525",0.325,0,0.528,0.0525,0.0832,0.0445,NA,"K02525",0.999598920863309,1,FALSE,FALSE,FALSE,FALSE
"K08351",0.118,0,0.883,-0.0126,0.0857,0.0104,NA,"K08351",0.999598920863309,1,FALSE,FALSE,FALSE,FALSE
"K12368",0.419,0,0.221,0.274,0.223,0.0863,NA,"K12368",0.872671135646688,1,FALSE,FALSE,FALSE,FALSE
"K12369",0.409,0,0.0498,0.556,0.282,0.138,NA,"K12369,K12370",0.531269052631579,1,FALSE,FALSE,FALSE,FALSE
"K12371",0.438,0,0.0611,0.328,0.174,0.132,NA,"K12371",0.563005997001499,1,FALSE,FALSE,FALSE,FALSE
"K12372",0.414,0,0.00732,0.518,0.191,0.188,NA,"K12372",0.21687124260355,1,FALSE,FALSE,FALSE,FALSE
"K13641",0.271,0,0.604,-0.0508,0.0976,0.0367,NA,"K13641",0.999598920863309,1,FALSE,FALSE,FALSE,FALSE
"K15771",0.158,0,0.168,-0.243,0.176,0.0971,NA,"K15771",0.775992619926199,1,FALSE,FALSE,FALSE,FALSE
"K03788",0.0887,0,0.923,0.0124,0.128,0.00681,NA,"K03788",0.999598920863309,1,FALSE,FALSE,FALSE,FALSE
"K26148",0.379,0,0.53,-0.0805,0.128,0.0443,NA,"K26148",0.999598920863309,1,FALSE,FALSE,FALSE,FALSE
"K24163",0.591,0,0.359,-0.0635,0.0691,0.0647,NA,"K24163",0.970055585536967,1,FALSE,FALSE,FALSE,FALSE
"K11102",0.305,0,0.0243,0.482,0.212,0.158,NA,"K11102",0.387484394904459,1,FALSE,FALSE,FALSE,FALSE
"K22015",0.0788,0,0.953,-0.00934,0.157,0.00419,NA,"K05796,K08315,K15832,K22015",0.999598920863309,1,FALSE,FALSE,FALSE,FALSE
"K13587",0.458,0,0.652,0.0857,0.19,0.0318,NA,"K13587",0.999598920863309,1,FALSE,FALSE,FALSE,FALSE
"K09994",0.0493,0,0.945,-0.016,0.232,0.00486,NA,"K09994",0.999598920863309,1,FALSE,FALSE,FALSE,FALSE
"K02526",0.207,0,0.29,0.0647,0.061,0.0746,NA,"K02526",0.933181233933162,1,FALSE,FALSE,FALSE,FALSE
"K03762",0.591,0,0.0116,0.234,0.0919,0.177,NA,"K03762",0.267497260273973,1,FALSE,FALSE,FALSE,FALSE
"K12518",0.069,0,0.205,-0.116,0.0915,0.0894,NA,"K12518",0.841993469387755,1,FALSE,FALSE,FALSE,FALSE
"K12519",0.0591,0,0.935,0.00963,0.118,0.00573,NA,"K12519",0.999598920863309,1,FALSE,FALSE,FALSE,FALSE
"K07346",0.281,0,0.584,-0.0316,0.0576,0.0387,NA,"K07346",0.999598920863309,1,FALSE,FALSE,FALSE,FALSE
"K13888",0.335,0,0.983,0.00155,0.0731,0.00149,NA,"K13888",0.999598920863309,1,FALSE,FALSE,FALSE,FALSE
"K02005",0.448,0,0.624,-0.0328,0.0668,0.0346,NA,"K02005",0.999598920863309,1,FALSE,FALSE,FALSE,FALSE
"K05685",0.33,0,0.974,0.00269,0.0809,0.00234,NA,"K05685",0.999598920863309,1,FALSE,FALSE,FALSE,FALSE
"K16347",0.182,0,0.785,-0.0478,0.175,0.0193,NA,"K16347",0.999598920863309,1,FALSE,FALSE,FALSE,FALSE
"K16348",0.227,0,0.0558,-0.555,0.289,0.134,NA,"K16348",0.555448508946322,1,FALSE,FALSE,FALSE,FALSE
"K19215",0.0345,0,0.991,0.00217,0.203,0.000753,NA,"K03895,K07352,K07353,K07354,K07355,K07356,K08088,K14062,K16076,K18141,K18920,K18921,K19215,K21264",0.999598920863309,1,FALSE,FALSE,FALSE,FALSE
"K17850",0.281,0,0.651,0.0345,0.0761,0.032,NA,"K17850",0.999598920863309,1,FALSE,FALSE,FALSE,FALSE
"K22051",0.113,0,0.646,-0.228,0.497,0.0324,NA,"K22051",0.999598920863309,1,FALSE,FALSE,FALSE,FALSE
"K09456",0.468,0,0.718,-0.0512,0.141,0.0255,NA,"K09456",0.999598920863309,1,FALSE,FALSE,FALSE,FALSE
"K03477",0.069,0,0.882,-0.0181,0.123,0.0104,NA,"K03477",0.999598920863309,1,FALSE,FALSE,FALSE,FALSE
"K03476",0.064,0,0.906,-0.0127,0.108,0.00831,NA,"K03476",0.999598920863309,1,FALSE,FALSE,FALSE,FALSE
"K11737",0.325,0,0.579,0.04,0.072,0.0392,NA,"K11737",0.999598920863309,1,FALSE,FALSE,FALSE,FALSE
"K07322",0.246,0,0.806,-0.0176,0.0717,0.0173,NA,"K07322",0.999598920863309,1,FALSE,FALSE,FALSE,FALSE
"K05874",0.118,0,0.9,-0.0172,0.136,0.00889,NA,"K05874",0.999598920863309,1,FALSE,FALSE,FALSE,FALSE
"K16210",0.0936,0,0.0767,0.58,0.326,0.125,NA,"K16210",0.569583284023669,1,FALSE,FALSE,FALSE,FALSE
"K13020",0.167,0,0.866,-0.0215,0.128,0.0119,NA,"K13020",0.999598920863309,1,FALSE,FALSE,FALSE,FALSE
"K23508",0.32,0,0.1,0.124,0.075,0.116,NA,"K10820,K23508",0.630604534005038,1,FALSE,FALSE,FALSE,FALSE
"K01042",0.463,0,0.212,0.0734,0.0586,0.088,NA,"K01042",0.858111560226354,1,FALSE,FALSE,FALSE,FALSE
"K01531",0.3,0,0.637,0.024,0.0508,0.0333,NA,"K01531",0.999598920863309,1,FALSE,FALSE,FALSE,FALSE
"K19334",0.123,0,0.863,-0.0155,0.0901,0.0122,NA,"K19334",0.999598920863309,1,FALSE,FALSE,FALSE,FALSE
"K22397",0.0985,0,0.271,-0.144,0.131,0.0776,NA,"K22397",0.918343897505057,1,FALSE,FALSE,FALSE,FALSE
"K22396",0.0493,0,0.851,-0.0364,0.193,0.0133,NA,"K22396",0.999598920863309,1,FALSE,FALSE,FALSE,FALSE
"K01198",0.291,0,0.925,0.00624,0.0659,0.00667,NA,"K01198",0.999598920863309,1,FALSE,FALSE,FALSE,FALSE
"K00433",0.665,0,0.0289,0.227,0.103,0.153,NA,"K00433",0.420646220930233,1,FALSE,FALSE,FALSE,FALSE
"K00483",0.256,0,0.235,0.112,0.0938,0.0837,NA,"K00483",0.886695553880934,1,FALSE,FALSE,FALSE,FALSE
"K02511",0.0443,0,0.34,-0.124,0.13,0.0673,NA,"K02511",0.962031561461794,1,FALSE,FALSE,FALSE,FALSE
"K06141",0.0788,0,0.903,-0.0156,0.128,0.00859,NA,"K06141",0.999598920863309,1,FALSE,FALSE,FALSE,FALSE
"K01002",0.0936,0,0.775,-0.0864,0.302,0.0201,NA,"K01002",0.999598920863309,1,FALSE,FALSE,FALSE,FALSE
"K02315",0.128,0,0.307,0.0597,0.0583,0.0721,NA,"K02315",0.946520320197044,1,FALSE,FALSE,FALSE,FALSE
"K02317",0.113,0,0.646,-0.228,0.497,0.0324,NA,"K02317",0.999598920863309,1,FALSE,FALSE,FALSE,FALSE
"K22294",0.424,0,0.116,0.323,0.205,0.111,NA,"K22294",0.663785142857143,1,FALSE,FALSE,FALSE,FALSE
"K13255",0.276,0,0.131,-0.113,0.0744,0.106,NA,"K13255",0.70151550802139,1,FALSE,FALSE,FALSE,FALSE
"K03800",0.404,0,0.0662,-0.241,0.131,0.129,NA,"K03800",0.563005997001499,1,FALSE,FALSE,FALSE,FALSE
"K15634",0.172,0,0.182,0.376,0.28,0.0941,NA,"K15634",0.797963222416813,1,FALSE,FALSE,FALSE,FALSE
"K03831",0.222,0,0.712,0.109,0.295,0.0261,NA,"K03831",0.999598920863309,1,FALSE,FALSE,FALSE,FALSE
"K02795",0.123,0,0.59,0.085,0.157,0.0381,NA,"K02795",0.999598920863309,1,FALSE,FALSE,FALSE,FALSE
"K11746",0.064,0,0.483,-0.083,0.118,0.0495,NA,"K11746",0.999598920863309,1,FALSE,FALSE,FALSE,FALSE
"K11745",0.0887,0,0.331,-0.114,0.117,0.0686,NA,"K11745",0.958482857142857,1,FALSE,FALSE,FALSE,FALSE
"K01804",0.33,0,0.801,-0.0208,0.0826,0.0178,NA,"K01804",0.999598920863309,1,FALSE,FALSE,FALSE,FALSE
"K00853",0.232,0,0.142,0.0924,0.0626,0.104,NA,"K00853",0.718175757575757,1,FALSE,FALSE,FALSE,FALSE
"K05806",0.064,0,0.948,-0.0165,0.251,0.00463,NA,"K05806",0.999598920863309,1,FALSE,FALSE,FALSE,FALSE
"K02504",0.064,0,0.951,-0.0106,0.171,0.00437,NA,"K02504",0.999598920863309,1,FALSE,FALSE,FALSE,FALSE
"K11734",0.31,0,0.177,0.493,0.364,0.0952,NA,"K11734",0.789874331550802,1,FALSE,FALSE,FALSE,FALSE
"K14588",0.0837,0,0.611,0.109,0.214,0.0359,NA,"K14588",0.999598920863309,1,FALSE,FALSE,FALSE,FALSE
"K00117",0.365,0,0.283,0.0991,0.0921,0.0756,NA,"K00117",0.9257734375,1,FALSE,FALSE,FALSE,FALSE
"K07347",0.241,0,0.7,-0.022,0.0571,0.0272,NA,"K07347",0.999598920863309,1,FALSE,FALSE,FALSE,FALSE
"K15540",0.172,0,0.91,-0.00681,0.0599,0.00801,NA,"K15540",0.999598920863309,1,FALSE,FALSE,FALSE,FALSE
"K01975",0.576,0,0.123,0.145,0.0937,0.109,NA,"K01975",0.682016611295681,1,FALSE,FALSE,FALSE,FALSE
"K01582",0.0985,0,0.944,-0.011,0.157,0.00492,NA,"K01582",0.999598920863309,1,FALSE,FALSE,FALSE,FALSE
"K06222",0.458,0,0.147,0.0904,0.0622,0.102,NA,"K06222",0.722305201177625,1,FALSE,FALSE,FALSE,FALSE
"K18316",0.0296,0,0.958,0.00685,0.13,0.00371,NA,"K18315,K18316,K18317",0.999598920863309,1,FALSE,FALSE,FALSE,FALSE
"K05908",0.0345,0,0.931,0.0105,0.121,0.00615,NA,"K05908",0.999598920863309,1,FALSE,FALSE,FALSE,FALSE
"K18058",0.0936,0,0.469,0.0422,0.0581,0.0511,NA,"K18058",0.999598920863309,1,FALSE,FALSE,FALSE,FALSE
"K07474",0.0936,0,0.112,-0.0884,0.0554,0.112,NA,"K07474",0.656655737704918,1,FALSE,FALSE,FALSE,FALSE
"K15125",0.197,0,0.806,0.0146,0.0594,0.0174,NA,"K15125",0.999598920863309,1,FALSE,FALSE,FALSE,FALSE
"K16235",0.246,0,0.814,-0.0157,0.0666,0.0166,NA,"K16235",0.999598920863309,1,FALSE,FALSE,FALSE,FALSE
"K00547",0.207,0,0.864,-0.018,0.105,0.0121,NA,"K00547",0.999598920863309,1,FALSE,FALSE,FALSE,FALSE
"K15551",0.429,0,0.737,0.028,0.0834,0.0237,NA,"K15551",0.999598920863309,1,FALSE,FALSE,FALSE,FALSE
"K10831",0.399,0,0.876,-0.0129,0.0826,0.011,NA,"K10831",0.999598920863309,1,FALSE,FALSE,FALSE,FALSE
"K15552",0.429,0,0.737,0.028,0.0834,0.0237,NA,"K15552",0.999598920863309,1,FALSE,FALSE,FALSE,FALSE
"K15554",0.704,0,0.789,0.0212,0.0791,0.0189,NA,"K15554",0.999598920863309,1,FALSE,FALSE,FALSE,FALSE
"K17938",0.207,0,0.544,0.0957,0.157,0.0428,NA,"K17938",0.999598920863309,1,FALSE,FALSE,FALSE,FALSE
"K08161",0.291,0,0.982,0.0016,0.0722,0.00156,NA,"K08161",0.999598920863309,1,FALSE,FALSE,FALSE,FALSE
"K18968",0.232,0,0.401,-0.124,0.147,0.0593,NA,"K18968",0.994456166419019,1,FALSE,FALSE,FALSE,FALSE
"K14591",0.0739,0,0.752,0.0392,0.124,0.0224,NA,"K14591",0.999598920863309,1,FALSE,FALSE,FALSE,FALSE
"K23107",0.399,0,0.0564,0.146,0.0761,0.134,NA,"K23107",0.556991715976331,1,FALSE,FALSE,FALSE,FALSE
"K12500",0.113,0,0.892,-0.0452,0.332,0.00959,NA,"K12500",0.999598920863309,1,FALSE,FALSE,FALSE,FALSE
"K07149",0.424,0,0.414,-0.0707,0.0863,0.0576,NA,"K07149",0.995165229885058,1,FALSE,FALSE,FALSE,FALSE
"K23240",0.212,0,0.718,-0.0355,0.0982,0.0255,NA,"K23240",0.999598920863309,1,FALSE,FALSE,FALSE,FALSE
"K03577",0.271,0,0.537,0.0849,0.137,0.0436,NA,"K03577",0.999598920863309,1,FALSE,FALSE,FALSE,FALSE
"K05802",0.448,0,0.143,-0.238,0.161,0.103,NA,"K05802",0.719598994974874,1,FALSE,FALSE,FALSE,FALSE
"K26735",0.232,0,0.503,-0.0679,0.101,0.0473,NA,"K26735",0.999598920863309,1,FALSE,FALSE,FALSE,FALSE
"K08223",0.567,0,0.147,0.164,0.112,0.102,NA,"K08223",0.722305201177625,1,FALSE,FALSE,FALSE,FALSE
"K19591",0.537,0,0.717,0.0666,0.184,0.0256,NA,"K19591",0.999598920863309,1,FALSE,FALSE,FALSE,FALSE
"K02068",0.118,0,0.642,0.0586,0.126,0.0328,NA,"K02068",0.999598920863309,1,FALSE,FALSE,FALSE,FALSE
"K06917",0.374,0,0.183,0.125,0.0934,0.0938,NA,"K06917",0.798154181184669,1,FALSE,FALSE,FALSE,FALSE
"K16136",0.0887,0,0.958,-0.00855,0.161,0.00375,NA,"K16136",0.999598920863309,1,FALSE,FALSE,FALSE,FALSE
"K07345",0.207,0,0.784,-0.0166,0.0606,0.0194,NA,"K07345",0.999598920863309,1,FALSE,FALSE,FALSE,FALSE
"K07351",0.0394,0,0.981,-0.00558,0.24,0.00164,NA,"K01169,K02506,K02615,K03289,K07351,K08320,K08348,K11685,K13650,K14064,K15722,K18837",0.999598920863309,1,FALSE,FALSE,FALSE,FALSE
"K06048",0.394,0,0.146,-0.119,0.0816,0.102,NA,"K06048",0.721640671273445,1,FALSE,FALSE,FALSE,FALSE
"K25495",0.163,0,0.674,-0.0343,0.0814,0.0297,NA,"K25495",0.999598920863309,1,FALSE,FALSE,FALSE,FALSE
"K28299",0.103,0,0.79,0.0178,0.0668,0.0188,NA,"K28299",0.999598920863309,1,FALSE,FALSE,FALSE,FALSE
"K18831",0.246,0,0.962,0.00208,0.0441,0.00333,NA,"K18831",0.999598920863309,1,FALSE,FALSE,FALSE,FALSE
"K01575",0.163,0,0.824,-0.0273,0.122,0.0157,NA,"K01575",0.999598920863309,1,FALSE,FALSE,FALSE,FALSE
"K19611",0.148,0,0.314,-0.111,0.11,0.0711,NA,"K19611",0.950168352171327,1,FALSE,FALSE,FALSE,FALSE
"K02364",0.0936,0,0.884,-0.0175,0.12,0.0103,NA,"K02364",0.999598920863309,1,FALSE,FALSE,FALSE,FALSE
"K08225",0.0739,0,0.102,0.211,0.128,0.115,NA,"K08225",0.634427329192547,1,FALSE,FALSE,FALSE,FALSE
"K01295",0.399,0,0.628,-0.0299,0.0618,0.0342,NA,"K01295",0.999598920863309,1,FALSE,FALSE,FALSE,FALSE
"K06218",0.217,0,0.391,-0.0382,0.0444,0.0605,NA,"K06218",0.987758324924319,1,FALSE,FALSE,FALSE,FALSE
"K08317",0.0887,0,0.383,-0.0888,0.101,0.0616,NA,"K08317",0.981915514592934,1,FALSE,FALSE,FALSE,FALSE
"K12973",0.0788,0,0.632,-0.103,0.216,0.0338,NA,"K12973",0.999598920863309,1,FALSE,FALSE,FALSE,FALSE
"K01250",0.0985,0,0.779,-0.0382,0.136,0.0198,NA,"K01250",0.999598920863309,1,FALSE,FALSE,FALSE,FALSE
"K10004",0.315,0,0.00187,0.835,0.265,0.217,NA,"K10004",0.100678387096774,1,FALSE,FALSE,FALSE,FALSE
"K10002",0.315,0,0.00541,0.563,0.2,0.195,NA,"K10002,K10003",0.173640192307692,1,FALSE,FALSE,FALSE,FALSE
"K10001",0.33,0,0.325,0.209,0.211,0.0694,NA,"K10001",0.958348056537103,1,FALSE,FALSE,FALSE,FALSE
"K02566",0.261,0,0.647,-0.151,0.33,0.0323,NA,"K02566",0.999598920863309,1,FALSE,FALSE,FALSE,FALSE
"K03756",0.143,0,0.146,0.113,0.0776,0.102,NA,"K03756",0.721640671273445,1,FALSE,FALSE,FALSE,FALSE
"K07646",0.714,0,0.947,-0.00538,0.0814,0.00466,NA,"K07646",0.999598920863309,1,FALSE,FALSE,FALSE,FALSE
"K01548",0.64,0,0.802,-0.0186,0.0739,0.0177,NA,"K01548",0.999598920863309,1,FALSE,FALSE,FALSE,FALSE
"K01547",0.64,0,0.802,-0.0186,0.0739,0.0177,NA,"K01547",0.999598920863309,1,FALSE,FALSE,FALSE,FALSE
"K01546",0.64,0,0.802,-0.0186,0.0739,0.0177,NA,"K01546",0.999598920863309,1,FALSE,FALSE,FALSE,FALSE
"K23123",0.133,0,0.755,0.0378,0.121,0.022,NA,"K23123",0.999598920863309,1,FALSE,FALSE,FALSE,FALSE
"K05522",0.217,0,0.0784,0.662,0.374,0.124,NA,"K05522",0.576318914956012,1,FALSE,FALSE,FALSE,FALSE
"K01834",0.468,0,0.714,0.0662,0.18,0.0259,NA,"K01834",0.999598920863309,1,FALSE,FALSE,FALSE,FALSE
"K02019",0.433,0,0.0968,0.397,0.238,0.117,NA,"K02019",0.623780694980695,1,FALSE,FALSE,FALSE,FALSE
"K28853",0.143,0,0.986,0.00234,0.133,0.00124,NA,"K28853",0.999598920863309,1,FALSE,FALSE,FALSE,FALSE
"K01051",0.143,0,0.319,-0.103,0.103,0.0703,NA,"K01051",0.950168352171327,1,FALSE,FALSE,FALSE,FALSE
"K06890",0.207,0,0.432,-0.22,0.28,0.0554,NA,"K06890",0.999598920863309,1,FALSE,FALSE,FALSE,FALSE
"K25180",0.177,0,0.822,0.0374,0.166,0.0159,NA,"K25180",0.999598920863309,1,FALSE,FALSE,FALSE,FALSE
"K25181",0.182,0,0.949,0.00567,0.0885,0.00452,NA,"K25181",0.999598920863309,1,FALSE,FALSE,FALSE,FALSE
"K25182",0.187,0,0.538,-0.0508,0.0824,0.0435,NA,"K25182",0.999598920863309,1,FALSE,FALSE,FALSE,FALSE
"K25183",0.202,0,0.904,0.0137,0.114,0.00848,NA,"K25183",0.999598920863309,1,FALSE,FALSE,FALSE,FALSE
"K23777",0.192,0,0.698,0.0578,0.149,0.0274,NA,"K23777",0.999598920863309,1,FALSE,FALSE,FALSE,FALSE
"K22044",0.611,0,0.852,-0.021,0.112,0.0132,NA,"K22044",0.999598920863309,1,FALSE,FALSE,FALSE,FALSE
"K10038",0.167,0,0.989,0.00165,0.125,0.000932,NA,"K10038",0.999598920863309,1,FALSE,FALSE,FALSE,FALSE
"K11924",0.212,0,0.783,-0.0832,0.302,0.0195,NA,"K11924",0.999598920863309,1,FALSE,FALSE,FALSE,FALSE
"K18904",0.36,0,0.0423,0.159,0.0776,0.143,NA,"K18904",0.488038620689655,1,FALSE,FALSE,FALSE,FALSE
"K03492",0.0837,0,0.308,-0.156,0.153,0.072,NA,"K03492",0.948435424354244,1,FALSE,FALSE,FALSE,FALSE
"K19235",0.113,0,0.646,-0.228,0.497,0.0324,NA,"K19235",0.999598920863309,1,FALSE,FALSE,FALSE,FALSE
"K08313",0.0394,0,0.985,-0.00398,0.209,0.00134,NA,"K04334,K04336,K05877,K08313,K12299,K13620,K16711,K18140,K18142,K25875",0.999598920863309,1,FALSE,FALSE,FALSE,FALSE
"K13889",0.261,0,0.667,0.108,0.251,0.0304,NA,"K13889",0.999598920863309,1,FALSE,FALSE,FALSE,FALSE
"K13890",0.177,0,0.667,0.0554,0.129,0.0304,NA,"K13890",0.999598920863309,1,FALSE,FALSE,FALSE,FALSE
"K13891",0.232,0,0.878,0.0154,0.1,0.0108,NA,"K13891",0.999598920863309,1,FALSE,FALSE,FALSE,FALSE
"K11534",0.212,0,0.789,0.0516,0.192,0.0189,NA,"K11534",0.999598920863309,1,FALSE,FALSE,FALSE,FALSE
"K08160",0.0985,0,0.11,0.156,0.0968,0.113,NA,"K08160",0.651798816568047,1,FALSE,FALSE,FALSE,FALSE
"K20861",0.064,0,0.948,-0.0165,0.251,0.00463,NA,"K20861",0.999598920863309,1,FALSE,FALSE,FALSE,FALSE
"K23778",0.153,0,0.444,0.0563,0.0734,0.054,NA,"K23778",0.999598920863309,1,FALSE,FALSE,FALSE,FALSE
"K03893",0.473,0,0.504,-0.0433,0.0648,0.0471,NA,"K03893",0.999598920863309,1,FALSE,FALSE,FALSE,FALSE
"K10678",0.064,0,0.948,-0.0165,0.251,0.00463,NA,"K10678",0.999598920863309,1,FALSE,FALSE,FALSE,FALSE
"K11073",0.473,0,0.686,0.125,0.308,0.0286,NA,"K11073,K11074,K11075,K11076",0.999598920863309,1,FALSE,FALSE,FALSE,FALSE
"K03212",0.113,0,0.894,-0.0233,0.175,0.0094,NA,"K03212",0.999598920863309,1,FALSE,FALSE,FALSE,FALSE
"K00156",0.404,0,0.218,-0.0855,0.0692,0.0868,NA,"K00156",0.866290476190476,1,FALSE,FALSE,FALSE,FALSE
"K19127",0.0394,0,0.291,0.0963,0.091,0.0745,NA,"K19127",0.933399743754004,1,FALSE,FALSE,FALSE,FALSE
"K19128",0.0493,0,0.427,0.0598,0.0751,0.056,NA,"K19128,K19129",0.998606694560669,1,FALSE,FALSE,FALSE,FALSE
"K09476",0.064,0,0.948,-0.0165,0.251,0.00463,NA,"K09476",0.999598920863309,1,FALSE,FALSE,FALSE,FALSE
"K00763",0.852,0,0.636,0.121,0.255,0.0334,NA,"K00763",0.999598920863309,1,FALSE,FALSE,FALSE,FALSE
"K15555",0.645,0,0.549,0.0534,0.0889,0.0423,NA,"K15555",0.999598920863309,1,FALSE,FALSE,FALSE,FALSE
"K04091",0.507,0,0.00789,-0.215,0.0801,0.186,NA,"K04091",0.221164812834225,1,FALSE,FALSE,FALSE,FALSE
"K15553",0.571,0,0.832,0.0156,0.0733,0.015,NA,"K15553",0.999598920863309,1,FALSE,FALSE,FALSE,FALSE
"K00299",0.562,0,0.0202,0.189,0.0806,0.163,NA,"K00299",0.359159363957597,1,FALSE,FALSE,FALSE,FALSE
"K13053",0.227,0,0.876,-0.0449,0.288,0.011,NA,"K13053",0.999598920863309,1,FALSE,FALSE,FALSE,FALSE
"K06929",0.473,0,0.249,-0.295,0.256,0.0812,NA,"K06929",0.898877433309301,1,FALSE,FALSE,FALSE,FALSE
"K11940",0.212,0,0.995,-0.00268,0.462,0.000408,NA,"K11940",0.999598920863309,1,FALSE,FALSE,FALSE,FALSE
"K09982",0.148,0,0.785,-0.0316,0.116,0.0193,NA,"K09982",0.999598920863309,1,FALSE,FALSE,FALSE,FALSE
"K16840",0.271,0,0.267,0.139,0.125,0.0783,NA,"K16840",0.91408446866485,1,FALSE,FALSE,FALSE,FALSE
"K03457",0.611,0,0.0289,0.206,0.0934,0.153,NA,"K03457",0.420646220930233,1,FALSE,FALSE,FALSE,FALSE
"K16841",0.468,0,0.185,0.0929,0.0698,0.0935,NA,"K16841",0.802681975736568,1,FALSE,FALSE,FALSE,FALSE
"K22601",0.069,0,0.428,-0.139,0.175,0.056,NA,"K22601",0.998606694560669,1,FALSE,FALSE,FALSE,FALSE
"K22602",0.167,0,0.568,0.0466,0.0816,0.0403,NA,"K22602",0.999598920863309,1,FALSE,FALSE,FALSE,FALSE
"K00839",0.266,0,0.666,0.0513,0.119,0.0305,NA,"K00839",0.999598920863309,1,FALSE,FALSE,FALSE,FALSE
"K02083",0.251,0,0.206,-0.126,0.0993,0.0892,NA,"K02083",0.841993469387755,1,FALSE,FALSE,FALSE,FALSE
"K15770",0.217,0,0.339,-0.0991,0.103,0.0675,NA,"K15770",0.962031561461794,1,FALSE,FALSE,FALSE,FALSE
"K15772",0.163,0,0.314,-0.127,0.126,0.071,NA,"K15772",0.950168352171327,1,FALSE,FALSE,FALSE,FALSE
"K01224",0.163,0,0.805,-0.0195,0.079,0.0174,NA,"K01224",0.999598920863309,1,FALSE,FALSE,FALSE,FALSE
"K12308",0.394,0,0.0541,-0.224,0.116,0.135,NA,"K12308",0.547229696969697,1,FALSE,FALSE,FALSE,FALSE
"K02778",0.0542,0,0.959,-0.0106,0.205,0.00366,NA,"K02778",0.999598920863309,1,FALSE,FALSE,FALSE,FALSE
"K06884",0.345,0,0.205,0.107,0.0842,0.0893,NA,"K06884",0.841993469387755,1,FALSE,FALSE,FALSE,FALSE
"K09016",0.172,0,0.66,-0.0658,0.149,0.031,NA,"K09016",0.999598920863309,1,FALSE,FALSE,FALSE,FALSE
"K09024",0.143,0,0.582,0.0448,0.0813,0.0388,NA,"K09024",0.999598920863309,1,FALSE,FALSE,FALSE,FALSE
"K09019",0.271,0,0.614,0.0372,0.0736,0.0357,NA,"K09019",0.999598920863309,1,FALSE,FALSE,FALSE,FALSE
"K09023",0.113,0,0.0983,-0.265,0.16,0.116,NA,"K09023",0.628592720306513,1,FALSE,FALSE,FALSE,FALSE
"K09020",0.153,0,0.103,-0.18,0.11,0.115,NA,"K09020",0.635809523809524,1,FALSE,FALSE,FALSE,FALSE
"K09018",0.128,0,0.474,-0.0906,0.126,0.0506,NA,"K09018",0.999598920863309,1,FALSE,FALSE,FALSE,FALSE
"K11535",0.232,0,0.431,0.302,0.382,0.0556,NA,"K11535",0.999598920863309,1,FALSE,FALSE,FALSE,FALSE
"K07243",0.576,0,0.0471,0.161,0.0804,0.14,NA,"K07243",0.517170394736842,1,FALSE,FALSE,FALSE,FALSE
"K07224",0.256,0,0.876,-0.0105,0.0672,0.011,NA,"K07224,K16301",0.999598920863309,1,FALSE,FALSE,FALSE,FALSE
"K23518",0.276,0,0.709,0.0417,0.112,0.0264,NA,"K23518",0.999598920863309,1,FALSE,FALSE,FALSE,FALSE
"K03670",0.404,0,0.0911,0.199,0.117,0.119,NA,"K03670",0.602157631578947,1,FALSE,FALSE,FALSE,FALSE
"K03669",0.404,0,0.0911,0.199,0.117,0.119,NA,"K03669",0.602157631578947,1,FALSE,FALSE,FALSE,FALSE
"K00301",0.148,0,0.294,0.087,0.0827,0.074,NA,"K00301",0.933454660748256,1,FALSE,FALSE,FALSE,FALSE
"K12149",0.113,0,0.646,-0.228,0.497,0.0324,NA,"K12149",0.999598920863309,1,FALSE,FALSE,FALSE,FALSE
"K08162",0.177,0,0.904,0.014,0.116,0.00848,NA,"K08162",0.999598920863309,1,FALSE,FALSE,FALSE,FALSE
"K02779",0.138,0,0.578,0.066,0.119,0.0392,NA,"K02779",0.999598920863309,1,FALSE,FALSE,FALSE,FALSE
"K22041",0.419,0,0.947,-0.00376,0.0562,0.00472,NA,"K22041",0.999598920863309,1,FALSE,FALSE,FALSE,FALSE
"K12152",0.463,0,0.919,0.021,0.206,0.00719,NA,"K12152",0.999598920863309,1,FALSE,FALSE,FALSE,FALSE
"K13069",0.138,0,0.82,-0.0143,0.0625,0.0161,NA,"K13069",0.999598920863309,1,FALSE,FALSE,FALSE,FALSE
"K08281",0.591,0,0.222,-0.0918,0.075,0.0861,NA,"K08281",0.874362568519969,1,FALSE,FALSE,FALSE,FALSE
"K01008",0.473,0,0.186,0.0862,0.0649,0.0932,NA,"K01008",0.805624567474048,1,FALSE,FALSE,FALSE,FALSE
"K21028",0.0887,0,0.824,0.0297,0.133,0.0157,NA,"K21028",0.999598920863309,1,FALSE,FALSE,FALSE,FALSE
"K00840",0.236,0,0.834,0.0383,0.183,0.0148,NA,"K00840",0.999598920863309,1,FALSE,FALSE,FALSE,FALSE
"K09975",0.586,0,0.125,-0.15,0.0972,0.108,NA,"K09975",0.687019758507135,1,FALSE,FALSE,FALSE,FALSE
"K05984",0.0739,0,0.905,-0.0245,0.205,0.00846,NA,"K05984",0.999598920863309,1,FALSE,FALSE,FALSE,FALSE
"K04064",0.212,0,0.00154,0.325,0.101,0.221,NA,"K04064",0.0923910714285714,1,FALSE,FALSE,TRUE,FALSE
"K03490",0.069,0,0.959,-0.008,0.155,0.00364,NA,"K03490",0.999598920863309,1,FALSE,FALSE,FALSE,FALSE
"K24204",0.123,0,0.851,-0.049,0.261,0.0132,NA,"K24204",0.999598920863309,1,FALSE,FALSE,FALSE,FALSE
"K16370",0.158,0,0.814,0.022,0.0931,0.0166,NA,"K16370",0.999598920863309,1,FALSE,FALSE,FALSE,FALSE
"K07225",0.276,0,0.351,-0.0698,0.0746,0.0658,NA,"K07225",0.963199455040872,1,FALSE,FALSE,FALSE,FALSE
"K17641",0.0936,0,0.82,-0.0214,0.0939,0.0161,NA,"K17641",0.999598920863309,1,FALSE,FALSE,FALSE,FALSE
"K18475",0.0739,0,0.0324,-0.154,0.0715,0.15,NA,"K18475",0.43944414893617,1,FALSE,FALSE,FALSE,FALSE
"K21976",0.064,0,0.954,-0.0129,0.225,0.00405,NA,"K21976",0.999598920863309,1,FALSE,FALSE,FALSE,FALSE
"K21974",0.064,0,0.954,-0.0129,0.225,0.00405,NA,"K21974",0.999598920863309,1,FALSE,FALSE,FALSE,FALSE
"K21973",0.069,0,0.929,-0.0182,0.202,0.00633,NA,"K21973",0.999598920863309,1,FALSE,FALSE,FALSE,FALSE
"K21972",0.064,0,0.954,-0.0129,0.225,0.00405,NA,"K21972",0.999598920863309,1,FALSE,FALSE,FALSE,FALSE
"K19303",0.143,0,0.46,0.189,0.256,0.0521,NA,"K19303",0.999598920863309,1,FALSE,FALSE,FALSE,FALSE
"K02791",0.148,0,0.793,-0.0252,0.096,0.0185,NA,"K02791",0.999598920863309,1,FALSE,FALSE,FALSE,FALSE
"K01561",0.33,0,0.923,0.00464,0.0482,0.00678,NA,"K01561",0.999598920863309,1,FALSE,FALSE,FALSE,FALSE
"K07639",0.296,0,0.567,-0.0844,0.147,0.0404,NA,"K07639",0.999598920863309,1,FALSE,FALSE,FALSE,FALSE
"K03758",0.414,0,0.123,0.194,0.125,0.109,NA,"K03758",0.682016611295681,1,FALSE,FALSE,FALSE,FALSE
"K12941",0.271,0,0.131,0.119,0.0782,0.106,NA,"K12941",0.70151550802139,1,FALSE,FALSE,FALSE,FALSE
"K12940",0.133,0,0.167,0.141,0.102,0.0973,NA,"K12940",0.774230555555556,1,FALSE,FALSE,FALSE,FALSE
"K14057",0.207,0,0.294,0.0771,0.0733,0.074,NA,"K14057",0.933454660748256,1,FALSE,FALSE,FALSE,FALSE
"K22419",0.256,0,0.535,0.0336,0.0541,0.0437,NA,"K22419",0.999598920863309,1,FALSE,FALSE,FALSE,FALSE
"K18900",0.522,0,0.721,0.027,0.0754,0.0252,NA,"K18900",0.999598920863309,1,FALSE,FALSE,FALSE,FALSE
"K11743",0.232,0,0.284,0.216,0.201,0.0755,NA,"K11743",0.9257734375,1,FALSE,FALSE,FALSE,FALSE
"K11742",0.232,0,0.284,0.216,0.201,0.0755,NA,"K11742",0.9257734375,1,FALSE,FALSE,FALSE,FALSE
"K04775",0.0788,0,0.423,-0.352,0.439,0.0565,NA,"K04775",0.998606694560669,1,FALSE,FALSE,FALSE,FALSE
"K21757",0.498,0,0.324,0.077,0.0779,0.0696,NA,"K21757",0.957655253837072,1,FALSE,FALSE,FALSE,FALSE
"K05847",0.66,0,0.974,0.00408,0.125,0.0023,NA,"K05847",0.999598920863309,1,FALSE,FALSE,FALSE,FALSE
"K05846",0.675,0,0.816,0.028,0.12,0.0164,NA,"K05845,K05846",0.999598920863309,1,FALSE,FALSE,FALSE,FALSE
"K19586",0.113,0,0.444,-0.0865,0.113,0.054,NA,"K19586",0.999598920863309,1,FALSE,FALSE,FALSE,FALSE
"K19585",0.113,0,0.444,-0.0865,0.113,0.054,NA,"K19585",0.999598920863309,1,FALSE,FALSE,FALSE,FALSE
"K19587",0.163,0,0.0652,0.321,0.173,0.13,NA,"K19587",0.563005997001499,1,FALSE,FALSE,FALSE,FALSE
"K08322",0.138,0,0.00129,-0.391,0.12,0.224,NA,"K08322",0.0884798630136986,1,FALSE,FALSE,TRUE,FALSE
"K08173",0.138,0,0.698,0.0534,0.138,0.0274,NA,"K08173",0.999598920863309,1,FALSE,FALSE,FALSE,FALSE
"K22293",0.266,0,0.808,-0.0162,0.0665,0.0172,NA,"K22293",0.999598920863309,1,FALSE,FALSE,FALSE,FALSE
"K14063",0.384,0,0.93,-0.00439,0.0501,0.00619,NA,"K14063",0.999598920863309,1,FALSE,FALSE,FALSE,FALSE
"K00146",0.276,0,0.928,-0.00722,0.0794,0.00642,NA,"K00146",0.999598920863309,1,FALSE,FALSE,FALSE,FALSE
"K00276",0.153,0,0.0739,-0.115,0.0641,0.126,NA,"K00276",0.563005997001499,1,FALSE,FALSE,FALSE,FALSE
"K02618",0.31,0,0.515,-0.0469,0.0719,0.046,NA,"K02618",0.999598920863309,1,FALSE,FALSE,FALSE,FALSE
"K02609",0.394,0,0.816,-0.0166,0.0712,0.0164,NA,"K02609,K02610,K02611,K02612",0.999598920863309,1,FALSE,FALSE,FALSE,FALSE
"K15866",0.424,0,0.779,-0.0183,0.0653,0.0198,NA,"K15866",0.999598920863309,1,FALSE,FALSE,FALSE,FALSE
"K02614",0.404,0,0.385,-0.0593,0.0681,0.0614,NA,"K02614",0.984522471910112,1,FALSE,FALSE,FALSE,FALSE
"K07823",0.483,0,0.931,-0.00736,0.0852,0.00609,NA,"K07823",0.999598920863309,1,FALSE,FALSE,FALSE,FALSE
"K01912",0.404,0,0.808,-0.0171,0.0701,0.0172,NA,"K01912",0.999598920863309,1,FALSE,FALSE,FALSE,FALSE
"K02616",0.296,0,0.796,-0.0152,0.0588,0.0183,NA,"K02616",0.999598920863309,1,FALSE,FALSE,FALSE,FALSE
"K02617",0.182,0,0.598,-0.0384,0.0727,0.0372,NA,"K02617",0.999598920863309,1,FALSE,FALSE,FALSE,FALSE
"K08566",0.0394,0,0.998,-0.000319,0.141,0.00016,NA,"K08566",0.999598920863309,1,FALSE,FALSE,FALSE,FALSE
"K05594",0.33,0,0.137,0.337,0.226,0.105,NA,"K05594",0.715285714285714,1,FALSE,FALSE,FALSE,FALSE
"K23239",0.34,0,0.0132,0.2,0.0799,0.174,NA,"K23239",0.287636170212766,1,FALSE,FALSE,FALSE,FALSE
"K05876",0.064,0,0.954,-0.0129,0.225,0.00405,NA,"K05876",0.999598920863309,1,FALSE,FALSE,FALSE,FALSE
"K05358",0.202,0,0.865,0.0126,0.074,0.012,NA,"K05358",0.999598920863309,1,FALSE,FALSE,FALSE,FALSE
"K02623",0.32,0,0.38,0.0778,0.0885,0.0619,NA,"K02623",0.981258380608561,1,FALSE,FALSE,FALSE,FALSE
"K25986",0.281,0,0.0161,0.483,0.199,0.169,NA,"K25986",0.317372834645669,1,FALSE,FALSE,FALSE,FALSE
"K03929",0.217,0,0.76,-0.0266,0.0871,0.0216,NA,"K03929",0.999598920863309,1,FALSE,FALSE,FALSE,FALSE
"K10013",0.128,0,0.0801,0.157,0.0895,0.123,NA,"K10013",0.582937063953488,1,FALSE,FALSE,FALSE,FALSE
"K03304",0.197,0,0.818,0.0117,0.051,0.0162,NA,"K03304",0.999598920863309,1,FALSE,FALSE,FALSE,FALSE
"K16868",0.148,0,0.457,-0.115,0.154,0.0525,NA,"K16868",0.999598920863309,1,FALSE,FALSE,FALSE,FALSE
"K24847",0.271,0,0.735,0.0381,0.112,0.0239,NA,"K24847",0.999598920863309,1,FALSE,FALSE,FALSE,FALSE
"K01996",0.704,0,0.00528,0.458,0.162,0.195,NA,"K01996",0.170561032258065,1,FALSE,FALSE,FALSE,FALSE
"K03712",0.217,0,0.0199,0.297,0.126,0.163,NA,"K03712",0.355854642857143,1,FALSE,FALSE,FALSE,FALSE
"K08159",0.172,0,0.47,0.095,0.131,0.051,NA,"K08159",0.999598920863309,1,FALSE,FALSE,FALSE,FALSE
"K22129",0.202,0,0.158,0.0769,0.0544,0.0994,NA,"K22129",0.751287749287749,1,FALSE,FALSE,FALSE,FALSE
"K22024",0.31,0,0.0102,0.127,0.0488,0.18,NA,"K22024",0.251571219512195,1,FALSE,FALSE,FALSE,FALSE
"K08324",0.197,0,0.0117,0.205,0.0805,0.177,NA,"K08324",0.267497260273973,1,FALSE,FALSE,FALSE,FALSE
"K08994",0.394,0,0.0509,0.156,0.0795,0.137,NA,"K08994",0.533104384133612,1,FALSE,FALSE,FALSE,FALSE
"K00598",0.404,0,0.626,0.069,0.142,0.0344,NA,"K00598",0.999598920863309,1,FALSE,FALSE,FALSE,FALSE
"K12945",0.379,0,0.611,-0.0515,0.101,0.0359,NA,"K12945",0.999598920863309,1,FALSE,FALSE,FALSE,FALSE
"K21975",0.0591,0,0.99,0.00167,0.132,0.000895,NA,"K21975",0.999598920863309,1,FALSE,FALSE,FALSE,FALSE
"K13688",0.31,0,0.281,-0.0657,0.0608,0.076,NA,"K13688",0.9257734375,1,FALSE,FALSE,FALSE,FALSE
"K07810",0.212,0,0.695,0.0291,0.0741,0.0277,NA,"K07810",0.999598920863309,1,FALSE,FALSE,FALSE,FALSE
"K07665",0.3,0,0.619,-0.0424,0.085,0.0351,NA,"K07665",0.999598920863309,1,FALSE,FALSE,FALSE,FALSE
"K07644",0.286,0,0.701,-0.0337,0.0877,0.0271,NA,"K07644",0.999598920863309,1,FALSE,FALSE,FALSE,FALSE
"K08169",0.153,0,0.294,0.125,0.119,0.074,NA,"K08169",0.933454660748256,1,FALSE,FALSE,FALSE,FALSE
"K06044",0.404,0,0.612,0.0521,0.103,0.0358,NA,"K01236,K06044",0.999598920863309,1,FALSE,FALSE,FALSE,FALSE
"K22958",0.064,0,0.374,-0.0998,0.112,0.0627,NA,"K22958",0.97633889468196,1,FALSE,FALSE,FALSE,FALSE
"K03805",0.172,0,0.826,-0.0277,0.126,0.0155,NA,"K03805",0.999598920863309,1,FALSE,FALSE,FALSE,FALSE
"K02810",0.192,0,0.741,-0.0214,0.0646,0.0233,NA,"K02810",0.999598920863309,1,FALSE,FALSE,FALSE,FALSE
"K16077",0.138,0,0.96,-0.00319,0.0642,0.00351,NA,"K16077",0.999598920863309,1,FALSE,FALSE,FALSE,FALSE
"K06016",0.522,0,0.0248,0.163,0.0722,0.158,NA,"K06016",0.389258934169279,1,FALSE,FALSE,FALSE,FALSE
"K08167",0.33,0,0.197,-0.0903,0.0699,0.0908,NA,"K08167",0.824731605351171,1,FALSE,FALSE,FALSE,FALSE
"K00370",0.3,0,0.157,-0.0924,0.065,0.0998,NA,"K00370,K00371,K00373,K00374",0.74795337773549,1,FALSE,FALSE,FALSE,FALSE
"K11616",0.246,0,0.563,-0.0353,0.061,0.0408,NA,"K11616",0.999598920863309,1,FALSE,FALSE,FALSE,FALSE
"K11208",0.217,0,0.804,0.0259,0.104,0.0175,NA,"K11208",0.999598920863309,1,FALSE,FALSE,FALSE,FALSE
"K28525",0.236,0,0.355,-0.0481,0.0519,0.0653,NA,"K28525",0.963406504065041,1,FALSE,FALSE,FALSE,FALSE
"K21613",0.172,0,0.119,-0.177,0.113,0.11,NA,"K21613",0.673257627118644,1,FALSE,FALSE,FALSE,FALSE
"K11738",0.192,0,0.464,-0.0757,0.103,0.0517,NA,"K11738",0.999598920863309,1,FALSE,FALSE,FALSE,FALSE
"K13654",0.232,0,0.125,-0.103,0.0671,0.108,NA,"K13654",0.687019758507135,1,FALSE,FALSE,FALSE,FALSE
"K00137",0.355,0,0.654,0.0463,0.103,0.0316,NA,"K00137",0.999598920863309,1,FALSE,FALSE,FALSE,FALSE
"K02053",0.562,0,0.296,-0.126,0.12,0.0737,NA,"K02053",0.936242577384713,1,FALSE,FALSE,FALSE,FALSE
"K03737",0.0887,0,0.925,-0.0138,0.146,0.00666,NA,"K03737",0.999598920863309,1,FALSE,FALSE,FALSE,FALSE
"K21023",0.522,0,0.872,-0.0167,0.104,0.0114,NA,"K21023",0.999598920863309,1,FALSE,FALSE,FALSE,FALSE
"K14053",0.0443,0,0.994,0.00144,0.189,0.000538,NA,"K14053",0.999598920863309,1,FALSE,FALSE,FALSE,FALSE
"K10231",0.0591,0,0.0192,0.22,0.0931,0.164,NA,"K10231",0.34705559566787,1,FALSE,FALSE,FALSE,FALSE
"K22597",0.0936,0,0.0283,0.207,0.0939,0.154,NA,"K22597",0.417988495575221,1,FALSE,FALSE,FALSE,FALSE
"K18143",0.143,0,0.795,-0.0261,0.1,0.0183,NA,"K18143",0.999598920863309,1,FALSE,FALSE,FALSE,FALSE
"K18144",0.167,0,0.784,-0.0274,0.0997,0.0194,NA,"K18144",0.999598920863309,1,FALSE,FALSE,FALSE,FALSE
"K18146",0.064,0,0.722,-0.0378,0.106,0.0252,NA,"K18146",0.999598920863309,1,FALSE,FALSE,FALSE,FALSE
"K00208",0.552,0,0.263,-0.144,0.129,0.0789,NA,"K00208",0.910049067035245,1,FALSE,FALSE,FALSE,FALSE
"K13816",0.148,0,0.267,0.182,0.164,0.0783,NA,"K13816",0.91408446866485,1,FALSE,FALSE,FALSE,FALSE
"K11250",0.202,0,0.307,0.0979,0.0956,0.072,NA,"K11250",0.946520320197044,1,FALSE,FALSE,FALSE,FALSE
"K15583",0.172,0,0.945,0.013,0.188,0.00486,NA,"K15583",0.999598920863309,1,FALSE,FALSE,FALSE,FALSE
"K07673",0.192,0,0.648,-0.0378,0.0827,0.0323,NA,"K07673",0.999598920863309,1,FALSE,FALSE,FALSE,FALSE
"K07684",0.241,0,0.296,-0.0806,0.077,0.0736,NA,"K07684",0.936242577384713,1,FALSE,FALSE,FALSE,FALSE
"K06039",0.0887,0,0.818,-0.0694,0.302,0.0162,NA,"K00112,K06039",0.999598920863309,1,FALSE,FALSE,FALSE,FALSE
"K07232",0.414,0,0.0545,0.469,0.243,0.135,NA,"K07232",0.549057344064386,1,FALSE,FALSE,FALSE,FALSE
"K06197",0.202,0,0.812,-0.0155,0.0649,0.0168,NA,"K06197",0.999598920863309,1,FALSE,FALSE,FALSE,FALSE
"K07300",0.532,0,0.406,-0.0538,0.0646,0.0586,NA,"K07300",0.995165229885058,1,FALSE,FALSE,FALSE,FALSE
"K21744",0.296,0,0.929,0.00834,0.0929,0.00633,NA,"K21744",0.999598920863309,1,FALSE,FALSE,FALSE,FALSE
"K07169",0.0936,0,0.89,0.0184,0.133,0.0098,NA,"K07169",0.999598920863309,1,FALSE,FALSE,FALSE,FALSE
"K21087",0.305,0,0.187,0.391,0.295,0.093,NA,"K21087",0.80785936151855,1,FALSE,FALSE,FALSE,FALSE
"K02796",0.0837,0,0.0737,0.699,0.389,0.126,NA,"K02796",0.563005997001499,1,FALSE,FALSE,FALSE,FALSE
"K23242",0.256,0,0.329,-0.148,0.151,0.0688,NA,"K23242",0.958482857142857,1,FALSE,FALSE,FALSE,FALSE
"K07313",0.064,0,0.948,-0.0165,0.251,0.00463,NA,"K07313",0.999598920863309,1,FALSE,FALSE,FALSE,FALSE
"K07245",0.271,0,0.237,0.133,0.112,0.0834,NA,"K07245",0.888217814371257,1,FALSE,FALSE,FALSE,FALSE
"K07156",0.517,0,0.0752,0.187,0.105,0.125,NA,"K07156",0.563568161434978,1,FALSE,FALSE,FALSE,FALSE
"K02345",0.0887,0,0.991,0.00139,0.117,0.000837,NA,"K02345",0.999598920863309,1,FALSE,FALSE,FALSE,FALSE
"K10857",0.158,0,0.0288,-0.277,0.126,0.154,NA,"K10857",0.420646220930233,1,FALSE,FALSE,FALSE,FALSE
"K03516",0.0739,0,0.698,-0.084,0.216,0.0274,NA,"K03516",0.999598920863309,1,FALSE,FALSE,FALSE,FALSE
"K05875",0.064,0,0.954,-0.0129,0.225,0.00405,NA,"K05875",0.999598920863309,1,FALSE,FALSE,FALSE,FALSE
"K27078",0.163,0,0.391,-0.055,0.0641,0.0605,NA,"K27078",0.987758324924319,1,FALSE,FALSE,FALSE,FALSE
"K02402",0.153,0,0.857,-0.0216,0.12,0.0127,NA,"K02402",0.999598920863309,1,FALSE,FALSE,FALSE,FALSE
"K02403",0.148,0,0.315,-0.169,0.168,0.0709,NA,"K02403",0.950168352171327,1,FALSE,FALSE,FALSE,FALSE
"K01087",0.374,0,0.0302,0.265,0.121,0.152,NA,"K01087",0.434515517241379,1,FALSE,FALSE,FALSE,FALSE
"K10538",0.305,0,0.473,-0.063,0.0878,0.0506,NA,"K10537,K10538,K10539",0.999598920863309,1,FALSE,FALSE,FALSE,FALSE
"K07782",0.163,0,0.439,0.32,0.413,0.0546,NA,"K07782",0.999598920863309,1,FALSE,FALSE,FALSE,FALSE
"K10010",0.438,0,0.177,0.183,0.136,0.095,NA,"K10010",0.789874331550802,1,FALSE,FALSE,FALSE,FALSE
"K10009",0.557,0,0.104,0.16,0.0982,0.114,NA,"K10009",0.635809523809524,1,FALSE,FALSE,FALSE,FALSE
"K05396",0.251,0,0.542,0.0628,0.103,0.0431,NA,"K05396",0.999598920863309,1,FALSE,FALSE,FALSE,FALSE
"K02424",0.443,0,0.654,-0.0325,0.0722,0.0317,NA,"K02424",0.999598920863309,1,FALSE,FALSE,FALSE,FALSE
"K02425",0.064,0,0.954,-0.0129,0.225,0.00405,NA,"K02425",0.999598920863309,1,FALSE,FALSE,FALSE,FALSE
"K02423",0.429,0,0.311,0.0826,0.0814,0.0714,NA,"K02423",0.950168352171327,1,FALSE,FALSE,FALSE,FALSE
"K07781",0.064,0,0.951,-0.0106,0.171,0.00437,NA,"K07781",0.999598920863309,1,FALSE,FALSE,FALSE,FALSE
"K07458",0.256,0,0.395,0.0512,0.0601,0.06,NA,"K07458",0.991360902255639,1,FALSE,FALSE,FALSE,FALSE
"K07701",0.064,0,0.948,-0.0165,0.251,0.00463,NA,"K07701",0.999598920863309,1,FALSE,FALSE,FALSE,FALSE
"K07703",0.064,0,0.948,-0.0165,0.251,0.00463,NA,"K07703",0.999598920863309,1,FALSE,FALSE,FALSE,FALSE
"K28482",0.064,0,0.948,-0.0165,0.251,0.00463,NA,"K28482",0.999598920863309,1,FALSE,FALSE,FALSE,FALSE
"K11106",0.064,0,0.948,-0.0165,0.251,0.00463,NA,"K11106",0.999598920863309,1,FALSE,FALSE,FALSE,FALSE
"K03288",0.212,0,0.303,-0.077,0.0746,0.0726,NA,"K03288",0.941328385899814,1,FALSE,FALSE,FALSE,FALSE
"K17737",0.409,0,0.689,0.047,0.117,0.0283,NA,"K17737",0.999598920863309,1,FALSE,FALSE,FALSE,FALSE
"K04093",0.207,0,0.299,0.0902,0.0866,0.0732,NA,"K04093",0.938028195488722,1,FALSE,FALSE,FALSE,FALSE
"K18841",0.0591,0,0.681,0.0337,0.0817,0.0291,NA,"K18841",0.999598920863309,1,FALSE,FALSE,FALSE,FALSE
"K18842",0.0443,0,0.668,0.0355,0.0828,0.0302,NA,"K18842",0.999598920863309,1,FALSE,FALSE,FALSE,FALSE
"K07172",0.064,0,0.231,-0.0857,0.0714,0.0844,NA,"K07172",0.880896420411272,1,FALSE,FALSE,FALSE,FALSE
"K17733",0.197,0,0.91,-0.00676,0.0598,0.00797,NA,"K17733",0.999598920863309,1,FALSE,FALSE,FALSE,FALSE
"K01023",0.0591,0,0.96,-0.0044,0.0867,0.00358,NA,"K01023",0.999598920863309,1,FALSE,FALSE,FALSE,FALSE
"K01081",0.291,0,0.733,-0.0261,0.0765,0.0241,NA,"K01081",0.999598920863309,1,FALSE,FALSE,FALSE,FALSE
"K13635",0.182,0,0.785,-0.0435,0.16,0.0192,NA,"K13635",0.999598920863309,1,FALSE,FALSE,FALSE,FALSE
"K19338",0.305,0,0.349,0.0456,0.0486,0.0661,NA,"K19338",0.962248348017621,1,FALSE,FALSE,FALSE,FALSE
"K08172",0.241,0,0.0693,0.0998,0.0546,0.128,NA,"K08172",0.563005997001499,1,FALSE,FALSE,FALSE,FALSE
"K01241",0.493,0,0.649,0.104,0.228,0.0322,NA,"K01241",0.999598920863309,1,FALSE,FALSE,FALSE,FALSE
"K09961",0.0788,0,0.943,0.00451,0.0628,0.00506,NA,"K09961",0.999598920863309,1,FALSE,FALSE,FALSE,FALSE
"K06909",0.177,0,0.00835,-0.113,0.0426,0.185,NA,"K06909",0.221889157894737,1,FALSE,FALSE,FALSE,FALSE
"K14744",0.158,0,0.56,0.0406,0.0695,0.0411,NA,"K14744",0.999598920863309,1,FALSE,FALSE,FALSE,FALSE
"K07455",0.064,0,0.681,-0.0256,0.0622,0.029,NA,"K07455",0.999598920863309,1,FALSE,FALSE,FALSE,FALSE
"K14052",0.448,0,0.2,0.0744,0.0579,0.0903,NA,"K14052",0.83103734439834,1,FALSE,FALSE,FALSE,FALSE
"K16703",0.172,0,0.888,-0.01,0.071,0.00998,NA,"K16703",0.999598920863309,1,FALSE,FALSE,FALSE,FALSE
"K16710",0.241,0,0.365,-0.0486,0.0535,0.0639,NA,"K16710",0.975736785904965,1,FALSE,FALSE,FALSE,FALSE
"K16695",0.0591,0,0.544,0.0658,0.108,0.0428,NA,"K16695",0.999598920863309,1,FALSE,FALSE,FALSE,FALSE
"K03208",0.291,0,0.947,0.00407,0.0617,0.00465,NA,"K03208",0.999598920863309,1,FALSE,FALSE,FALSE,FALSE
"K03818",0.138,0,0.123,0.128,0.0826,0.109,NA,"K03818",0.682016611295681,1,FALSE,FALSE,FALSE,FALSE
"K13684",0.0443,0,0.517,-0.13,0.2,0.0458,NA,"K13684",0.999598920863309,1,FALSE,FALSE,FALSE,FALSE
"K03819",0.0443,0,0.971,-0.00744,0.203,0.00258,NA,"K03819",0.999598920863309,1,FALSE,FALSE,FALSE,FALSE
"K21084",0.276,0,0.715,0.0415,0.113,0.0258,NA,"K21084",0.999598920863309,1,FALSE,FALSE,FALSE,FALSE
"K07799",0.399,0,0.443,0.0998,0.13,0.0542,NA,"K07799",0.999598920863309,1,FALSE,FALSE,FALSE,FALSE
"K07788",0.34,0,0.364,0.273,0.3,0.0641,NA,"K07788",0.975736785904965,1,FALSE,FALSE,FALSE,FALSE
"K07789",0.31,0,0.446,0.32,0.419,0.0538,NA,"K07789",0.999598920863309,1,FALSE,FALSE,FALSE,FALSE
"K18326",0.33,0,0.818,0.0207,0.09,0.0162,NA,"K18326",0.999598920863309,1,FALSE,FALSE,FALSE,FALSE
"K07642",0.296,0,0.0592,-0.12,0.0634,0.133,NA,"K07642",0.563005997001499,1,FALSE,FALSE,FALSE,FALSE
"K07664",0.286,0,0.523,-0.0454,0.071,0.045,NA,"K07664",0.999598920863309,1,FALSE,FALSE,FALSE,FALSE
"K11645",0.0837,0,0.233,-0.255,0.213,0.084,NA,"K11645",0.884481425322214,1,FALSE,FALSE,FALSE,FALSE
"K21449",0.227,0,0.254,0.0722,0.063,0.0805,NA,"K21449",0.90453627311522,1,FALSE,FALSE,FALSE,FALSE
"K01486",0.31,0,0.906,-0.0154,0.13,0.00833,NA,"K01486",0.999598920863309,1,FALSE,FALSE,FALSE,FALSE
"K23243",0.315,0,0.466,-0.0786,0.108,0.0515,NA,"K23243",0.999598920863309,1,FALSE,FALSE,FALSE,FALSE
"K07262",0.369,0,0.731,0.132,0.384,0.0243,NA,"K07262",0.999598920863309,1,FALSE,FALSE,FALSE,FALSE
"K02757",0.148,0,0.905,0.0122,0.102,0.00841,NA,"K02757",0.999598920863309,1,FALSE,FALSE,FALSE,FALSE
"K03488",0.123,0,0.793,-0.0315,0.12,0.0185,NA,"K03488",0.999598920863309,1,FALSE,FALSE,FALSE,FALSE
"K09470",0.064,0,0.948,-0.0165,0.251,0.00463,NA,"K09470",0.999598920863309,1,FALSE,FALSE,FALSE,FALSE
"K10541",0.143,0,0.0907,-0.41,0.241,0.119,NA,"K10540,K10541,K10542",0.602157631578947,1,FALSE,FALSE,FALSE,FALSE
"K11733",0.251,0,0.696,-0.0418,0.107,0.0276,NA,"K11733",0.999598920863309,1,FALSE,FALSE,FALSE,FALSE
"K19803",0.118,0,0.614,-0.107,0.213,0.0356,NA,"K19803",0.999598920863309,1,FALSE,FALSE,FALSE,FALSE
"K08276",0.227,0,0.00776,0.267,0.0993,0.186,NA,"K08276",0.221164812834225,1,FALSE,FALSE,FALSE,FALSE
"K03919",0.35,0,0.609,0.097,0.189,0.0361,NA,"K03919",0.999598920863309,1,FALSE,FALSE,FALSE,FALSE
"K07687",0.236,0,0.618,0.0366,0.0732,0.0352,NA,"K07687",0.999598920863309,1,FALSE,FALSE,FALSE,FALSE
"K07677",0.148,0,0.88,-0.012,0.0792,0.0107,NA,"K07677",0.999598920863309,1,FALSE,FALSE,FALSE,FALSE
"K00113",0.0936,0,0.356,-0.212,0.229,0.0651,NA,"K00113",0.964030286641428,1,FALSE,FALSE,FALSE,FALSE
"K07649",0.488,0,0.993,0.000613,0.0682,0.000633,NA,"K07649",0.999598920863309,1,FALSE,FALSE,FALSE,FALSE
"K01911",0.32,0,0.967,-0.0117,0.282,0.00292,NA,"K01911",0.999598920863309,1,FALSE,FALSE,FALSE,FALSE
"K00343",0.65,0,0.332,0.259,0.267,0.0684,NA,"K00337,K00338,K00339,K00340,K00341,K00343",0.958482857142857,1,FALSE,FALSE,FALSE,FALSE
"K00342",0.576,0,0.66,0.148,0.337,0.031,NA,"K00342",0.999598920863309,1,FALSE,FALSE,FALSE,FALSE
"K00336",0.458,0,0.00354,0.361,0.122,0.204,NA,"K00336",0.136344461538462,1,FALSE,FALSE,FALSE,FALSE
"K00335",0.596,0,0.682,0.137,0.333,0.0289,NA,"K00334,K00335",0.999598920863309,1,FALSE,FALSE,FALSE,FALSE
"K13378",0.296,0,0.825,0.0829,0.373,0.0157,NA,"K13378",0.999598920863309,1,FALSE,FALSE,FALSE,FALSE
"K00331",0.626,0,0.311,0.272,0.267,0.0715,NA,"K00331",0.950168352171327,1,FALSE,FALSE,FALSE,FALSE
"K00330",0.645,0,0.448,0.169,0.222,0.0535,NA,"K00330",0.999598920863309,1,FALSE,FALSE,FALSE,FALSE
"K10017",0.202,0,0.235,0.328,0.276,0.0837,NA,"K10017",0.886695553880934,1,FALSE,FALSE,FALSE,FALSE
"K10015",0.207,0,0.139,0.277,0.187,0.104,NA,"K10015,K10016",0.718175757575757,1,FALSE,FALSE,FALSE,FALSE
"K10014",0.0837,0,0.813,-0.0424,0.179,0.0167,NA,"K10014",0.999598920863309,1,FALSE,FALSE,FALSE,FALSE
"K21990",0.291,0,0.635,-0.0374,0.0786,0.0335,NA,"K21990",0.999598920863309,1,FALSE,FALSE,FALSE,FALSE
"K14261",0.369,0,0.594,-0.145,0.272,0.0376,NA,"K14261",0.999598920863309,1,FALSE,FALSE,FALSE,FALSE
"K27884",0.123,0,0.0875,0.387,0.226,0.12,NA,"K27884,K27885",0.600154109589041,1,FALSE,FALSE,FALSE,FALSE
"K04103",0.0788,0,0.587,0.0643,0.118,0.0384,NA,"K04103",0.999598920863309,1,FALSE,FALSE,FALSE,FALSE
"K19265",0.567,0,0.713,0.0422,0.114,0.026,NA,"K19265",0.999598920863309,1,FALSE,FALSE,FALSE,FALSE
"K03322",0.502,0,0.676,-0.025,0.0597,0.0295,NA,"K03322",0.999598920863309,1,FALSE,FALSE,FALSE,FALSE
"K02045",0.596,0,0.0933,0.208,0.123,0.118,NA,"K02045,K02046,K02047",0.612112303664921,1,FALSE,FALSE,FALSE,FALSE
"K02048",0.296,0,0.782,0.0743,0.268,0.0195,NA,"K02048",0.999598920863309,1,FALSE,FALSE,FALSE,FALSE
"K17209",0.0394,0,0.556,0.0769,0.13,0.0416,NA,"K17208,K17209,K17210",0.999598920863309,1,FALSE,FALSE,FALSE,FALSE
"K15835",0.108,0,0.741,0.0419,0.127,0.0233,NA,"K15835",0.999598920863309,1,FALSE,FALSE,FALSE,FALSE
"K03214",0.103,0,0.644,-0.232,0.501,0.0327,NA,"K03214",0.999598920863309,1,FALSE,FALSE,FALSE,FALSE
"K05811",0.0788,0,0.644,0.0676,0.146,0.0326,NA,"K05811",0.999598920863309,1,FALSE,FALSE,FALSE,FALSE
"K03761",0.463,0,0.239,0.097,0.0821,0.083,NA,"K03761",0.890381696428571,1,FALSE,FALSE,FALSE,FALSE
"K21021",0.281,0,0.7,-0.0295,0.0766,0.0272,NA,"K21021",0.999598920863309,1,FALSE,FALSE,FALSE,FALSE
"K28191",0.0542,0,0.409,0.0672,0.0812,0.0583,NA,"K28191",0.995165229885058,1,FALSE,FALSE,FALSE,FALSE
"K22300",0.064,0,0.991,-0.0012,0.108,0.000784,NA,"K22300",0.999598920863309,1,FALSE,FALSE,FALSE,FALSE
"K14059",0.305,0,0.142,-0.0505,0.0343,0.103,NA,"K14059",0.718175757575757,1,FALSE,FALSE,FALSE,FALSE
"K18838",0.069,0,0.974,-0.00357,0.11,0.00229,NA,"K18838",0.999598920863309,1,FALSE,FALSE,FALSE,FALSE
"K02381",0.0739,0,0.0198,-0.245,0.104,0.163,NA,"K02381",0.355854642857143,1,FALSE,FALSE,FALSE,FALSE
"K06191",0.296,0,0.686,-0.109,0.269,0.0285,NA,"K06191",0.999598920863309,1,FALSE,FALSE,FALSE,FALSE
"K03647",0.335,0,0.0714,-0.414,0.228,0.127,NA,"K03647",0.563005997001499,1,FALSE,FALSE,FALSE,FALSE
"K15974",0.0837,0,0.371,-0.251,0.28,0.0631,NA,"K15974",0.97633889468196,1,FALSE,FALSE,FALSE,FALSE
"K02077",0.325,0,0.298,-0.0707,0.0678,0.0734,NA,"K02077",0.937829038340666,1,FALSE,FALSE,FALSE,FALSE
"K02075",0.276,0,0.136,-0.102,0.0681,0.105,NA,"K02075",0.715285714285714,1,FALSE,FALSE,FALSE,FALSE
"K02783",0.0936,0,0.521,0.0568,0.0885,0.0453,NA,"K02781,K02782,K02783",0.999598920863309,1,FALSE,FALSE,FALSE,FALSE
"K00068",0.0542,0,0.0135,0.285,0.114,0.173,NA,"K00068",0.287636170212766,1,FALSE,FALSE,FALSE,FALSE
"K07241",0.182,0,0.192,0.162,0.124,0.092,NA,"K07241",0.812632290786137,1,FALSE,FALSE,FALSE,FALSE
"K02753",0.0936,0,0.909,-0.0119,0.104,0.00809,NA,"K02753",0.999598920863309,1,FALSE,FALSE,FALSE,FALSE
"K15834",0.0591,0,0.921,-0.0115,0.116,0.007,NA,"K15834",0.999598920863309,1,FALSE,FALSE,FALSE,FALSE
"K21759",0.0493,0,0.342,0.18,0.189,0.067,NA,"K21759",0.962031561461794,1,FALSE,FALSE,FALSE,FALSE
"K01612",0.0493,0,0.342,0.18,0.189,0.067,NA,"K01612",0.962031561461794,1,FALSE,FALSE,FALSE,FALSE
"K22489",0.0837,0,0.426,-0.0836,0.105,0.0561,NA,"K22489",0.998606694560669,1,FALSE,FALSE,FALSE,FALSE
"K09612",0.153,0,0.621,-0.0559,0.113,0.0349,NA,"K09612",0.999598920863309,1,FALSE,FALSE,FALSE,FALSE
"K00951",0.433,0,0.532,0.0658,0.105,0.0441,NA,"K00951",0.999598920863309,1,FALSE,FALSE,FALSE,FALSE
"K01706",0.404,0,0.461,0.0527,0.0714,0.052,NA,"K01706",0.999598920863309,1,FALSE,FALSE,FALSE,FALSE
"K03535",0.33,0,0.538,0.0515,0.0835,0.0434,NA,"K03535",0.999598920863309,1,FALSE,FALSE,FALSE,FALSE
"K02681",0.064,0,0.951,-0.0111,0.181,0.0043,NA,"K02681",0.999598920863309,1,FALSE,FALSE,FALSE,FALSE
"K08227",0.148,0,0.915,-0.0532,0.498,0.00753,NA,"K08227",0.999598920863309,1,FALSE,FALSE,FALSE,FALSE
"K10193",0.108,0,0.051,-0.195,0.0995,0.137,NA,"K10193",0.533104384133612,1,FALSE,FALSE,FALSE,FALSE
"K10194",0.108,0,0.051,-0.195,0.0995,0.137,NA,"K10194",0.533104384133612,1,FALSE,FALSE,FALSE,FALSE
"K10192",0.108,0,0.051,-0.195,0.0995,0.137,NA,"K10192",0.533104384133612,1,FALSE,FALSE,FALSE,FALSE
"K02532",0.123,0,0.245,0.0803,0.0689,0.082,NA,"K02532",0.897756559766764,1,FALSE,FALSE,FALSE,FALSE
"K02100",0.103,0,0.224,0.155,0.127,0.0858,NA,"K02100",0.87534965034965,1,FALSE,FALSE,FALSE,FALSE
"K01730",0.0542,0,0.868,0.0482,0.289,0.0118,NA,"K01730",0.999598920863309,1,FALSE,FALSE,FALSE,FALSE
"K07217",0.276,0,0.0747,0.143,0.0799,0.125,NA,"K07217",0.563005997001499,1,FALSE,FALSE,FALSE,FALSE
"K05343",0.355,0,0.512,-0.0679,0.103,0.0463,NA,"K05343",0.999598920863309,1,FALSE,FALSE,FALSE,FALSE
"K19168",0.271,0,0.599,0.0315,0.0599,0.0371,NA,"K19168",0.999598920863309,1,FALSE,FALSE,FALSE,FALSE
"K07387",0.192,0,0.682,-0.0553,0.135,0.0289,NA,"K07387",0.999598920863309,1,FALSE,FALSE,FALSE,FALSE
"K18093",0.202,0,0.608,0.0931,0.181,0.0363,NA,"K18093",0.999598920863309,1,FALSE,FALSE,FALSE,FALSE
"K06989",0.232,0,0.254,0.103,0.09,0.0804,NA,"K06989",0.90453627311522,1,FALSE,FALSE,FALSE,FALSE
"K05710",0.374,0,0.398,0.0768,0.0907,0.0596,NA,"K05710",0.9929177877429,1,FALSE,FALSE,FALSE,FALSE
"K05966",0.0837,0,0.54,0.147,0.239,0.0433,NA,"K05966",0.999598920863309,1,FALSE,FALSE,FALSE,FALSE
"K01643",0.0493,0,0.382,0.185,0.211,0.0617,NA,"K01643",0.981915514592934,1,FALSE,FALSE,FALSE,FALSE
"K01644",0.537,0,0.61,0.0362,0.0709,0.036,NA,"K01644",0.999598920863309,1,FALSE,FALSE,FALSE,FALSE
"K07700",0.064,0,0.404,0.192,0.23,0.0588,NA,"K07700,K07702",0.995165229885058,1,FALSE,FALSE,FALSE,FALSE
"K07150",0.138,0,0.316,0.247,0.246,0.0707,NA,"K07150",0.950168352171327,1,FALSE,FALSE,FALSE,FALSE
"K11935",0.113,0,0.182,-0.106,0.079,0.094,NA,"K11931,K11935",0.797963222416813,1,FALSE,FALSE,FALSE,FALSE
"K11936",0.281,0,0.6,-0.0326,0.0621,0.0371,NA,"K11936",0.999598920863309,1,FALSE,FALSE,FALSE,FALSE
"K11937",0.0985,0,0.368,-0.0844,0.0935,0.0635,NA,"K11937",0.97633889468196,1,FALSE,FALSE,FALSE,FALSE
"K01460",0.0887,0,0.667,-0.0413,0.0959,0.0304,NA,"K01460",0.999598920863309,1,FALSE,FALSE,FALSE,FALSE
"K02430",0.0887,0,0.106,0.189,0.116,0.114,NA,"K02430",0.640992753623188,1,FALSE,FALSE,FALSE,FALSE
"K06221",0.414,0,0.719,0.0265,0.0736,0.0254,NA,"K06221",0.999598920863309,1,FALSE,FALSE,FALSE,FALSE
"K07666",0.404,0,0.0557,0.242,0.126,0.135,NA,"K07666",0.555448508946322,1,FALSE,FALSE,FALSE,FALSE
"K07645",0.394,0,0.271,0.129,0.117,0.0777,NA,"K07645",0.918343897505057,1,FALSE,FALSE,FALSE,FALSE
"K03923",0.325,0,0.625,0.0424,0.0866,0.0346,NA,"K03923",0.999598920863309,1,FALSE,FALSE,FALSE,FALSE
"K15777",0.631,0,0.855,0.013,0.0713,0.0129,NA,"K15777",0.999598920863309,1,FALSE,FALSE,FALSE,FALSE
"K07238",0.429,0,0.607,-0.0288,0.0559,0.0363,NA,"K07238",0.999598920863309,1,FALSE,FALSE,FALSE,FALSE
"K03649",0.261,0,0.019,0.148,0.0626,0.165,NA,"K03649",0.34705559566787,1,FALSE,FALSE,FALSE,FALSE
"K07229",0.3,0,0.471,-0.0779,0.108,0.0509,NA,"K07229",0.999598920863309,1,FALSE,FALSE,FALSE,FALSE
"K09251",0.123,0,0.5,0.116,0.172,0.0476,NA,"K09251",0.999598920863309,1,FALSE,FALSE,FALSE,FALSE
"K11530",0.197,0,0.824,-0.0156,0.0701,0.0157,NA,"K11530",0.999598920863309,1,FALSE,FALSE,FALSE,FALSE
"K08321",0.064,0,0.291,0.153,0.145,0.0744,NA,"K08321,K10555,K10556,K10557,K10558,K11216",0.933399743754004,1,FALSE,FALSE,FALSE,FALSE
"K11531",0.0837,0,0.213,0.144,0.115,0.0877,NA,"K11531",0.860073387096774,1,FALSE,FALSE,FALSE,FALSE
"K26607",0.0394,0,0.987,0.00224,0.142,0.00112,NA,"K26607",0.999598920863309,1,FALSE,FALSE,FALSE,FALSE
"K26604",0.0542,0,0.973,0.00347,0.102,0.0024,NA,"K26604",0.999598920863309,1,FALSE,FALSE,FALSE,FALSE
"K00932",0.0493,0,0.903,-0.0207,0.17,0.0086,NA,"K00932,K03838",0.999598920863309,1,FALSE,FALSE,FALSE,FALSE
"K01630",0.133,0,0.206,-0.0989,0.0779,0.0892,NA,"K01630",0.841993469387755,1,FALSE,FALSE,FALSE,FALSE
"K01708",0.36,0,0.0231,0.169,0.0739,0.159,NA,"K01708",0.37921868852459,1,FALSE,FALSE,FALSE,FALSE
"K07724",0.0837,0,0.347,0.149,0.158,0.0664,NA,"K07724",0.962031561461794,1,FALSE,FALSE,FALSE,FALSE
"K03814",0.596,0,0.15,0.431,0.298,0.102,NA,"K03814",0.730593385214008,1,FALSE,FALSE,FALSE,FALSE
"K12957",0.128,0,0.843,-0.0167,0.0839,0.014,NA,"K12957",0.999598920863309,1,FALSE,FALSE,FALSE,FALSE
"K28825",0.153,0,0.978,0.00615,0.225,0.00193,NA,"K28825",0.999598920863309,1,FALSE,FALSE,FALSE,FALSE
"K03290",0.0443,0,0.607,0.0586,0.114,0.0363,NA,"K03290",0.999598920863309,1,FALSE,FALSE,FALSE,FALSE
"K04691",0.335,0,0.542,0.213,0.348,0.043,NA,"K04691",0.999598920863309,1,FALSE,FALSE,FALSE,FALSE
"K03623",0.207,0,0.86,0.0145,0.0818,0.0125,NA,"K03623",0.999598920863309,1,FALSE,FALSE,FALSE,FALSE
"K21695",0.369,0,0.846,-0.0277,0.142,0.0137,NA,"K21695",0.999598920863309,1,FALSE,FALSE,FALSE,FALSE
"K08996",0.0591,0,0.59,-0.114,0.212,0.0381,NA,"K08996",0.999598920863309,1,FALSE,FALSE,FALSE,FALSE
"K14392",0.128,0,0.0227,-0.778,0.339,0.16,NA,"K14392",0.376353973509934,1,FALSE,FALSE,FALSE,FALSE
"K13928",0.207,0,0.0631,0.202,0.108,0.131,NA,"K13928",0.563005997001499,1,FALSE,FALSE,FALSE,FALSE
"K13935",0.217,0,0.309,0.0929,0.0911,0.0718,NA,"K13935",0.949179754601227,1,FALSE,FALSE,FALSE,FALSE
"K13934",0.236,0,0.417,0.0731,0.0899,0.0573,NA,"K13929,K13930,K13931,K13932,K13933,K13934",0.998526542324247,1,FALSE,FALSE,FALSE,FALSE
"K12516",0.0394,0,0.954,0.00715,0.123,0.0041,NA,"K12516",0.999598920863309,1,FALSE,FALSE,FALSE,FALSE
"K07490",0.0788,0,0.664,0.106,0.244,0.0307,NA,"K07490",0.999598920863309,1,FALSE,FALSE,FALSE,FALSE
"K06155",0.0936,0,0.932,0.0104,0.122,0.00605,NA,"K06155",0.999598920863309,1,FALSE,FALSE,FALSE,FALSE
"K02438",0.433,0,0.488,0.0631,0.0909,0.0489,NA,"K02438",0.999598920863309,1,FALSE,FALSE,FALSE,FALSE
"K06156",0.103,0,0.541,-0.0787,0.129,0.0431,NA,"K06156",0.999598920863309,1,FALSE,FALSE,FALSE,FALSE
"K05816",0.123,0,0.0157,-0.694,0.285,0.169,NA,"K05816",0.3144396,1,FALSE,FALSE,FALSE,FALSE
"K05815",0.404,0,0.206,-0.0896,0.0706,0.0892,NA,"K05815",0.841993469387755,1,FALSE,FALSE,FALSE,FALSE
"K00823",0.374,0,0.18,0.0925,0.0688,0.0944,NA,"K00823",0.796166077738516,1,FALSE,FALSE,FALSE,FALSE
"K27311",0.167,0,0.609,0.154,0.3,0.0361,NA,"K27311",0.999598920863309,1,FALSE,FALSE,FALSE,FALSE
"K12963",0.177,0,0.027,0.155,0.0695,0.155,NA,"K12963",0.40719578313253,1,FALSE,FALSE,FALSE,FALSE
"K12962",0.182,0,0.0329,0.148,0.0689,0.15,NA,"K12962",0.43944414893617,1,FALSE,FALSE,FALSE,FALSE
"K07264",0.172,0,0.0129,0.164,0.0652,0.174,NA,"K07264",0.283290789473684,1,FALSE,FALSE,FALSE,FALSE
"K13014",0.207,0,0.00803,0.173,0.0648,0.186,NA,"K10012,K13014",0.221164812834225,1,FALSE,FALSE,FALSE,FALSE
"K10011",0.172,0,0.0129,0.164,0.0652,0.174,NA,"K10011",0.283290789473684,1,FALSE,FALSE,FALSE,FALSE
"K07806",0.167,0,0.014,0.161,0.0651,0.172,NA,"K07806",0.295772151898734,1,FALSE,FALSE,FALSE,FALSE
"K05794",0.0591,0,0.392,-0.0823,0.0959,0.0604,NA,"K05794",0.98829003021148,1,FALSE,FALSE,FALSE,FALSE
"K13021",0.424,0,0.269,0.0868,0.0783,0.078,NA,"K13021",0.915624065261727,1,FALSE,FALSE,FALSE,FALSE
"K16322",0.281,0,0.82,-0.0841,0.37,0.016,NA,"K16322",0.999598920863309,1,FALSE,FALSE,FALSE,FALSE
"K07290",0.374,0,0.839,-0.0382,0.187,0.0144,NA,"K07290",0.999598920863309,1,FALSE,FALSE,FALSE,FALSE
"K11103",0.724,0,0.0871,0.279,0.162,0.12,NA,"K11103",0.599875790921596,1,FALSE,FALSE,FALSE,FALSE
"K21602",0.0739,0,0.918,0.013,0.126,0.00728,NA,"K21602",0.999598920863309,1,FALSE,FALSE,FALSE,FALSE
"K08092",0.103,0,0.921,0.0102,0.102,0.00701,NA,"K08092",0.999598920863309,1,FALSE,FALSE,FALSE,FALSE
"K18673",0.0837,0,0.753,0.0387,0.123,0.0222,NA,"K18673",0.999598920863309,1,FALSE,FALSE,FALSE,FALSE
"K03833",0.33,0,0.363,0.0523,0.0573,0.0642,NA,"K03833",0.975736785904965,1,FALSE,FALSE,FALSE,FALSE
"K00427",0.069,0,0.919,-0.0237,0.233,0.00717,NA,"K00427",0.999598920863309,1,FALSE,FALSE,FALSE,FALSE
"K14348",0.103,0,0.586,-0.122,0.224,0.0384,NA,"K14348",0.999598920863309,1,FALSE,FALSE,FALSE,FALSE
"K00005",0.163,0,0.262,0.0824,0.0733,0.0791,NA,"K00005",0.909732316227462,1,FALSE,FALSE,FALSE,FALSE
"K01521",0.103,0,0.178,0.321,0.237,0.095,NA,"K01521",0.791515097690941,1,FALSE,FALSE,FALSE,FALSE
"K23163",0.571,0,0.122,0.15,0.0963,0.109,NA,"K23163",0.680238307349666,1,FALSE,FALSE,FALSE,FALSE
"K02856",0.118,0,0.722,0.0459,0.129,0.0251,NA,"K02856",0.999598920863309,1,FALSE,FALSE,FALSE,FALSE
"K02855",0.0788,0,0.936,-0.0118,0.147,0.00568,NA,"K02855",0.999598920863309,1,FALSE,FALSE,FALSE,FALSE
"K00848",0.212,0,0.223,0.112,0.0914,0.0858,NA,"K00848",0.874362568519969,1,FALSE,FALSE,FALSE,FALSE
"K01813",0.108,0,0.147,0.155,0.106,0.102,NA,"K01813",0.722305201177625,1,FALSE,FALSE,FALSE,FALSE
"K01629",0.0837,0,0.851,-0.0266,0.141,0.0133,NA,"K01629",0.999598920863309,1,FALSE,FALSE,FALSE,FALSE
"K10559",0.256,0,0.0458,0.17,0.0844,0.14,NA,"K10559",0.509561946902655,1,FALSE,FALSE,FALSE,FALSE
"K10562",0.236,0,0.396,0.0819,0.0962,0.0599,NA,"K10562",0.991386,1,FALSE,FALSE,FALSE,FALSE
"K10560",0.246,0,0.37,0.0915,0.102,0.0632,NA,"K10560",0.97633889468196,1,FALSE,FALSE,FALSE,FALSE
"K10561",0.246,0,0.37,0.0915,0.102,0.0632,NA,"K10561",0.97633889468196,1,FALSE,FALSE,FALSE,FALSE
"K02380",0.276,0,0.0266,0.161,0.072,0.156,NA,"K02380",0.406055487804878,1,FALSE,FALSE,FALSE,FALSE
"K27243",0.0394,0,0.988,0.00153,0.102,0.00106,NA,"K27243",0.999598920863309,1,FALSE,FALSE,FALSE,FALSE
"K18478",0.0788,0,0.551,-0.0577,0.0965,0.0421,NA,"K18478",0.999598920863309,1,FALSE,FALSE,FALSE,FALSE
"K08318",0.0443,0,0.928,0.00902,0.1,0.00636,NA,"K08318",0.999598920863309,1,FALSE,FALSE,FALSE,FALSE
"K01671",0.0394,0,0.933,0.00977,0.116,0.00593,NA,"K01671",0.999598920863309,1,FALSE,FALSE,FALSE,FALSE
"K15922",0.0788,0,0.974,-0.00279,0.0845,0.00233,NA,"K15922",0.999598920863309,1,FALSE,FALSE,FALSE,FALSE
"K07714",0.0542,0,0.514,0.0593,0.0908,0.046,NA,"K07714",0.999598920863309,1,FALSE,FALSE,FALSE,FALSE
"K02481",0.133,0,0.538,-0.0397,0.0643,0.0435,NA,"K02481",0.999598920863309,1,FALSE,FALSE,FALSE,FALSE
"K03549",0.517,0,0.854,0.0267,0.145,0.013,NA,"K03549",0.999598920863309,1,FALSE,FALSE,FALSE,FALSE
"K15383",0.128,0,0.892,0.011,0.0811,0.00958,NA,"K15383",0.999598920863309,1,FALSE,FALSE,FALSE,FALSE
"K20940",0.064,0,0.0634,-0.156,0.0838,0.131,NA,"K20940",0.563005997001499,1,FALSE,FALSE,FALSE,FALSE
"K11475",0.113,0,0.159,-0.112,0.0791,0.0992,NA,"K11475",0.753894886363636,1,FALSE,FALSE,FALSE,FALSE
"K03862",0.158,0,0.529,-0.0372,0.059,0.0445,NA,"K03862",0.999598920863309,1,FALSE,FALSE,FALSE,FALSE
"K03863",0.148,0,0.073,-0.113,0.0628,0.126,NA,"K03863",0.563005997001499,1,FALSE,FALSE,FALSE,FALSE
"K01768",0.286,0,0.398,0.067,0.0791,0.0597,NA,"K01768",0.9929177877429,1,FALSE,FALSE,FALSE,FALSE
"K07010",0.601,0,0.589,-0.0505,0.0933,0.0381,NA,"K07010",0.999598920863309,1,FALSE,FALSE,FALSE,FALSE
"K07044",0.133,0,0.284,-0.104,0.0969,0.0755,NA,"K07044",0.9257734375,1,FALSE,FALSE,FALSE,FALSE
"K01104",0.281,0,0.819,-0.0164,0.0714,0.0162,NA,"K01104",0.999598920863309,1,FALSE,FALSE,FALSE,FALSE
"K07117",0.113,0,0.803,-0.19,0.761,0.0176,NA,"K07117",0.999598920863309,1,FALSE,FALSE,FALSE,FALSE
"K25901",0.384,0,0.0103,0.38,0.147,0.18,NA,"K25901",0.251571219512195,1,FALSE,FALSE,FALSE,FALSE
"K11711",0.0837,0,0.216,-0.245,0.198,0.0872,NA,"K11711",0.864374701670644,1,FALSE,FALSE,FALSE,FALSE
"K11712",0.0443,0,0.161,-0.276,0.196,0.0987,NA,"K11712",0.757638157894737,1,FALSE,FALSE,FALSE,FALSE
"K04090",0.167,0,0.229,0.248,0.206,0.0848,NA,"K04090",0.878622988505747,1,FALSE,FALSE,FALSE,FALSE
"K13794",0.0591,0,0.0305,-0.184,0.0844,0.152,NA,"K13794",0.435081196581197,1,FALSE,FALSE,FALSE,FALSE
"K13796",0.123,0,0.335,-0.0682,0.0705,0.068,NA,"K13796",0.958482857142857,1,FALSE,FALSE,FALSE,FALSE
"K13795",0.069,0,0.0233,-0.191,0.0837,0.159,NA,"K13795",0.381251960784314,1,FALSE,FALSE,FALSE,FALSE
"K01167",0.207,0,0.884,-0.016,0.109,0.0103,NA,"K01167",0.999598920863309,1,FALSE,FALSE,FALSE,FALSE
"K21019",0.187,0,0.693,-0.0664,0.168,0.0279,NA,"K21019",0.999598920863309,1,FALSE,FALSE,FALSE,FALSE
"K20034",0.271,0,0.295,0.069,0.0657,0.0739,NA,"K20034",0.934259962049336,1,FALSE,FALSE,FALSE,FALSE
"K06196",0.409,0,0.46,-0.0994,0.134,0.0522,NA,"K06196",0.999598920863309,1,FALSE,FALSE,FALSE,FALSE
"K00003",0.69,0,0.543,0.211,0.346,0.043,NA,"K00003",0.999598920863309,1,FALSE,FALSE,FALSE,FALSE
"K03932",0.202,0,0.369,-0.0734,0.0814,0.0634,NA,"K03932",0.97633889468196,1,FALSE,FALSE,FALSE,FALSE
"K07032",0.473,0,0.512,-0.0746,0.114,0.0463,NA,"K07032",0.999598920863309,1,FALSE,FALSE,FALSE,FALSE
"K22108",0.256,0,0.0489,-0.199,0.101,0.138,NA,"K22108",0.528696129032258,1,FALSE,FALSE,FALSE,FALSE
"K07213",0.394,0,0.131,0.109,0.072,0.106,NA,"K07213",0.70151550802139,1,FALSE,FALSE,FALSE,FALSE
"K07002",0.493,0,0.0351,-0.18,0.0849,0.148,NA,"K07002",0.452952835051546,1,FALSE,FALSE,FALSE,FALSE
"K09983",0.389,0,0.781,0.0509,0.183,0.0197,NA,"K09983",0.999598920863309,1,FALSE,FALSE,FALSE,FALSE
"K06953",0.276,0,0.0101,-0.209,0.0804,0.18,NA,"K06953",0.251571219512195,1,FALSE,FALSE,FALSE,FALSE
"K07577",0.35,0,0.943,-0.0052,0.0731,0.00502,NA,"K07577",0.999598920863309,1,FALSE,FALSE,FALSE,FALSE
"K00102",0.271,0,0.752,-0.0311,0.0981,0.0223,NA,"K00102",0.999598920863309,1,FALSE,FALSE,FALSE,FALSE
"K18118",0.517,0,0.571,0.0428,0.0754,0.04,NA,"K18118",0.999598920863309,1,FALSE,FALSE,FALSE,FALSE
"K01596",0.256,0,0.932,-0.00725,0.0852,0.006,NA,"K01596",0.999598920863309,1,FALSE,FALSE,FALSE,FALSE
"K04561",0.271,0,0.164,-0.107,0.0767,0.0981,NA,"K04561",0.764569832402235,1,FALSE,FALSE,FALSE,FALSE
"K00261",0.153,0,0.329,0.104,0.107,0.0688,NA,"K00261",0.958482857142857,1,FALSE,FALSE,FALSE,FALSE
"K01455",0.0542,0,0.0163,-0.192,0.0794,0.168,NA,"K01455",0.318805078125,1,FALSE,FALSE,FALSE,FALSE
"K15358",0.0887,0,0.594,0.0694,0.13,0.0377,NA,"K15358",0.999598920863309,1,FALSE,FALSE,FALSE,FALSE
"K20449",0.0837,0,0.324,-0.224,0.227,0.0695,NA,"K20449",0.957655253837072,1,FALSE,FALSE,FALSE,FALSE
"K09740",0.0837,0,0.324,-0.224,0.227,0.0695,NA,"K09740",0.957655253837072,1,FALSE,FALSE,FALSE,FALSE
"K18029",0.163,0,0.953,0.00414,0.0704,0.00414,NA,"K18029,K18030",0.999598920863309,1,FALSE,FALSE,FALSE,FALSE
"K00481",0.453,0,0.0853,0.22,0.127,0.121,NA,"K00481",0.594015438108484,1,FALSE,FALSE,FALSE,FALSE
"K20035",0.468,0,0.393,0.254,0.297,0.0602,NA,"K20035",0.989316742081448,1,FALSE,FALSE,FALSE,FALSE
"K08683",0.576,0,0.0108,0.474,0.184,0.178,NA,"K08683",0.256282464454976,1,FALSE,FALSE,FALSE,FALSE
"K12508",0.153,0,0.454,-0.0482,0.0643,0.0528,NA,"K12508",0.999598920863309,1,FALSE,FALSE,FALSE,FALSE
"K20036",0.0493,0,0.0191,-0.701,0.297,0.164,NA,"K20036",0.34705559566787,1,FALSE,FALSE,FALSE,FALSE
"K01026",0.167,0,0.559,0.0557,0.0951,0.0413,NA,"K01026",0.999598920863309,1,FALSE,FALSE,FALSE,FALSE
"K11472",0.365,0,0.592,0.0516,0.0961,0.0379,NA,"K11472",0.999598920863309,1,FALSE,FALSE,FALSE,FALSE
"K11473",0.443,0,0.0318,0.32,0.148,0.151,NA,"K11473",0.43944414893617,1,FALSE,FALSE,FALSE,FALSE
"K02434",0.69,0,0.346,0.484,0.512,0.0664,NA,"K02434,K02435",0.962031561461794,1,FALSE,FALSE,FALSE,FALSE
"K02433",0.714,0,0.786,0.0439,0.161,0.0192,NA,"K02433",0.999598920863309,1,FALSE,FALSE,FALSE,FALSE
"K28060",0.0788,0,0.968,-0.00574,0.144,0.00281,NA,"K28060",0.999598920863309,1,FALSE,FALSE,FALSE,FALSE
"K18480",0.389,0,0.138,0.213,0.143,0.104,NA,"K18480",0.717514018691589,1,FALSE,FALSE,FALSE,FALSE
"K07018",0.547,0,0.605,0.24,0.464,0.0365,NA,"K07018",0.999598920863309,1,FALSE,FALSE,FALSE,FALSE
"K00141",0.0985,0,0.115,-0.116,0.0733,0.111,NA,"K00141",0.663785142857143,1,FALSE,FALSE,FALSE,FALSE
"K07183",0.379,0,0.787,-0.039,0.144,0.0191,NA,"K07183",0.999598920863309,1,FALSE,FALSE,FALSE,FALSE
"K26139",0.443,0,0.862,-0.0148,0.0849,0.0123,NA,"K26139",0.999598920863309,1,FALSE,FALSE,FALSE,FALSE
"K26138",0.438,0,0.91,0.00921,0.0811,0.00801,NA,"K26138",0.999598920863309,1,FALSE,FALSE,FALSE,FALSE
"K07246",0.404,0,0.188,-0.0732,0.0554,0.0928,NA,"K07246",0.808690721649485,1,FALSE,FALSE,FALSE,FALSE
"K02533",0.463,0,0.652,0.0741,0.164,0.0318,NA,"K02533",0.999598920863309,1,FALSE,FALSE,FALSE,FALSE
"K07395",0.236,0,0.499,0.0503,0.0742,0.0477,NA,"K07395",0.999598920863309,1,FALSE,FALSE,FALSE,FALSE
"K00485",0.0985,0,0.915,0.00804,0.0749,0.00757,NA,"K00485",0.999598920863309,1,FALSE,FALSE,FALSE,FALSE
"K09386",0.246,0,0.949,0.00527,0.0823,0.00451,NA,"K09386",0.999598920863309,1,FALSE,FALSE,FALSE,FALSE
"K07161",0.187,0,0.594,0.0634,0.119,0.0377,NA,"K07161",0.999598920863309,1,FALSE,FALSE,FALSE,FALSE
"K03519",0.197,0,0.288,0.0878,0.0825,0.0749,NA,"K03519",0.93153488372093,1,FALSE,FALSE,FALSE,FALSE
"K03520",0.192,0,0.342,0.0917,0.0963,0.0671,NA,"K03520",0.962031561461794,1,FALSE,FALSE,FALSE,FALSE
"K03518",0.187,0,0.265,0.107,0.096,0.0787,NA,"K03518",0.91285949280329,1,FALSE,FALSE,FALSE,FALSE
"K06857",0.0542,0,0.331,0.207,0.213,0.0686,NA,"K06857",0.958482857142857,1,FALSE,FALSE,FALSE,FALSE
"K07219",0.153,0,0.932,0.00744,0.0869,0.00604,NA,"K07219",0.999598920863309,1,FALSE,FALSE,FALSE,FALSE
"K01041",0.438,0,0.582,0.102,0.186,0.0388,NA,"K01041",0.999598920863309,1,FALSE,FALSE,FALSE,FALSE
"K22186",0.148,0,0.317,-0.0634,0.0632,0.0706,NA,"K22186",0.950168352171327,1,FALSE,FALSE,FALSE,FALSE
"K00523",0.246,0,0.542,-0.267,0.437,0.043,NA,"K00523",0.999598920863309,1,FALSE,FALSE,FALSE,FALSE
"K28842",0.345,0,0.0774,0.333,0.187,0.124,NA,"K28842",0.57243988183161,1,FALSE,FALSE,FALSE,FALSE
"K05972",0.241,0,0.103,0.159,0.0968,0.115,NA,"K05972",0.635809523809524,1,FALSE,FALSE,FALSE,FALSE
"K15520",0.163,0,0.574,-0.0801,0.142,0.0396,NA,"K15520",0.999598920863309,1,FALSE,FALSE,FALSE,FALSE
"K00376",0.172,0,0.0844,-0.099,0.0571,0.121,NA,"K00376",0.59021061452514,1,FALSE,FALSE,FALSE,FALSE
"K07218",0.182,0,0.0692,-0.0996,0.0545,0.128,NA,"K07218",0.563005997001499,1,FALSE,FALSE,FALSE,FALSE
"K19340",0.167,0,0.0825,-0.101,0.0576,0.122,NA,"K19340",0.589635524475524,1,FALSE,FALSE,FALSE,FALSE
"K19341",0.182,0,0.0692,-0.0996,0.0545,0.128,NA,"K19341",0.563005997001499,1,FALSE,FALSE,FALSE,FALSE
"K19342",0.187,0,0.0576,-0.108,0.0564,0.133,NA,"K19342",0.563005997001499,1,FALSE,FALSE,FALSE,FALSE
"K19743",0.0739,0,0.196,0.142,0.11,0.0911,NA,"K19743",0.823298657718121,1,FALSE,FALSE,FALSE,FALSE
"K07273",0.345,0,0.334,0.151,0.156,0.0681,NA,"K07273",0.958482857142857,1,FALSE,FALSE,FALSE,FALSE
"K20269",0.0148,0,0.64,0.0751,0.161,0.033,NA,"K20269",0.999598920863309,1,FALSE,FALSE,FALSE,FALSE
"K00101",0.305,0,0.974,-0.00382,0.118,0.00228,NA,"K00101",0.999598920863309,1,FALSE,FALSE,FALSE,FALSE
"K22515",0.069,0,0.118,-0.492,0.313,0.11,NA,"K22515",0.669112117780294,1,FALSE,FALSE,FALSE,FALSE
"K03342",0.133,0,0.54,0.171,0.279,0.0432,NA,"K03342",0.999598920863309,1,FALSE,FALSE,FALSE,FALSE
"K26185",0.0788,0,0.0906,-0.155,0.0912,0.119,NA,"K26185",0.602157631578947,1,FALSE,FALSE,FALSE,FALSE
"K09703",0.227,0,0.677,0.0243,0.0583,0.0294,NA,"K09703",0.999598920863309,1,FALSE,FALSE,FALSE,FALSE
"K06923",0.394,0,0.555,0.285,0.483,0.0416,NA,"K06923",0.999598920863309,1,FALSE,FALSE,FALSE,FALSE
"K01523",0.552,0,0.686,0.0684,0.169,0.0285,NA,"K01523",0.999598920863309,1,FALSE,FALSE,FALSE,FALSE
"K01496",0.557,0,0.525,0.282,0.443,0.0449,NA,"K01496",0.999598920863309,1,FALSE,FALSE,FALSE,FALSE
"K07399",0.335,0,0.926,0.0717,0.766,0.0066,NA,"K07399",0.999598920863309,1,FALSE,FALSE,FALSE,FALSE
"K13522",0.0739,0,0.0978,-0.184,0.111,0.117,NA,"K13522",0.626996927016645,1,FALSE,FALSE,FALSE,FALSE
"K01464",0.473,0,0.0302,0.164,0.0753,0.152,NA,"K01464",0.434515517241379,1,FALSE,FALSE,FALSE,FALSE
"K17723",0.35,0,1.79e-05,0.539,0.123,0.296,NA,"K17722,K17723",0.00597502,0.0896253,TRUE,FALSE,TRUE,TRUE
"K13010",0.0739,0,0.0395,-0.123,0.0594,0.145,NA,"K13010",0.478877723970944,1,FALSE,FALSE,FALSE,FALSE
"K09966",0.103,0,0.475,-0.0723,0.101,0.0504,NA,"K09966",0.999598920863309,1,FALSE,FALSE,FALSE,FALSE
"K15052",0.32,0,0.826,0.0159,0.0723,0.0155,NA,"K15052",0.999598920863309,1,FALSE,FALSE,FALSE,FALSE
"K02431",0.241,0,0.867,0.016,0.0953,0.0118,NA,"K02431",0.999598920863309,1,FALSE,FALSE,FALSE,FALSE
"K06442",0.419,0,0.597,0.239,0.452,0.0373,NA,"K06442",0.999598920863309,1,FALSE,FALSE,FALSE,FALSE
"K18997",0.32,0,0.679,0.0295,0.0712,0.0292,NA,"K18997",0.999598920863309,1,FALSE,FALSE,FALSE,FALSE
"K05516",0.305,0,0.957,-0.00422,0.0773,0.00385,NA,"K05516",0.999598920863309,1,FALSE,FALSE,FALSE,FALSE
"K17218",0.246,0,0.746,0.0172,0.0531,0.0228,NA,"K17218",0.999598920863309,1,FALSE,FALSE,FALSE,FALSE
"K09959",0.34,0,0.472,0.103,0.143,0.0508,NA,"K09959",0.999598920863309,1,FALSE,FALSE,FALSE,FALSE
"K15511",0.069,0,0.453,0.209,0.278,0.0529,NA,"K04110,K15511,K15512,K15513,K15546",0.999598920863309,1,FALSE,FALSE,FALSE,FALSE
"K15514",0.0493,0,0.886,-0.0254,0.177,0.0101,NA,"K15514",0.999598920863309,1,FALSE,FALSE,FALSE,FALSE
"K18013",0.0296,0,0.247,-0.115,0.0992,0.0816,NA,"K18013",0.898785610465116,1,FALSE,FALSE,FALSE,FALSE
"K17735",0.241,0,0.106,0.388,0.239,0.114,NA,"K17735",0.640992753623188,1,FALSE,FALSE,FALSE,FALSE
"K03802",0.128,0,0.923,0.0132,0.136,0.00684,NA,"K03802",0.999598920863309,1,FALSE,FALSE,FALSE,FALSE
"K18199",0.207,0,0.643,-0.0302,0.065,0.0328,NA,"K18199",0.999598920863309,1,FALSE,FALSE,FALSE,FALSE
"K00612",0.276,0,0.396,0.0991,0.117,0.0598,NA,"K00612",0.991386,1,FALSE,FALSE,FALSE,FALSE
"K02667",0.251,0,0.537,-0.112,0.181,0.0436,NA,"K02667",0.999598920863309,1,FALSE,FALSE,FALSE,FALSE
"K02668",0.212,0,0.137,-0.157,0.105,0.105,NA,"K02668",0.715285714285714,1,FALSE,FALSE,FALSE,FALSE
"K07028",0.227,0,0.419,-0.0707,0.0874,0.057,NA,"K07028",0.998553765987684,1,FALSE,FALSE,FALSE,FALSE
"K02624",0.483,0,0.000337,0.493,0.135,0.249,NA,"K02624",0.0392409069767442,1,TRUE,FALSE,TRUE,FALSE
"K02657",0.261,0,0.763,-0.104,0.345,0.0213,NA,"K02657",0.999598920863309,1,FALSE,FALSE,FALSE,FALSE
"K02658",0.246,0,0.911,-0.0387,0.346,0.00789,NA,"K02658,K02659,K02660,K06596",0.999598920863309,1,FALSE,FALSE,FALSE,FALSE
"K03224",0.0985,0,0.62,-0.0341,0.0686,0.035,NA,"K03224",0.999598920863309,1,FALSE,FALSE,FALSE,FALSE
"K18981",0.281,0,0.543,-0.0474,0.0779,0.0429,NA,"K18981",0.999598920863309,1,FALSE,FALSE,FALSE,FALSE
"K02484",0.227,0,0.838,0.0733,0.357,0.0145,NA,"K02484",0.999598920863309,1,FALSE,FALSE,FALSE,FALSE
"K01031",0.222,0,0.6,-0.0558,0.106,0.037,NA,"K01031,K01032",0.999598920863309,1,FALSE,FALSE,FALSE,FALSE
"K10979",0.591,0,0.783,-0.0173,0.0627,0.0195,NA,"K10979",0.999598920863309,1,FALSE,FALSE,FALSE,FALSE
"K01971",0.552,0,0.391,-0.0501,0.0582,0.0606,NA,"K01971",0.987758324924319,1,FALSE,FALSE,FALSE,FALSE
"K02049",0.571,0,0.735,-0.0228,0.0671,0.0239,NA,"K02049",0.999598920863309,1,FALSE,FALSE,FALSE,FALSE
"K01470",0.409,0,0.363,-0.0528,0.0579,0.0642,NA,"K01470",0.975736785904965,1,FALSE,FALSE,FALSE,FALSE
"K24206",0.414,0,0.183,0.117,0.0873,0.0938,NA,"K24206",0.798154181184669,1,FALSE,FALSE,FALSE,FALSE
"K28556",0.172,0,0.267,-0.0906,0.0815,0.0782,NA,"K28556",0.91408446866485,1,FALSE,FALSE,FALSE,FALSE
"K04118",0.167,0,0.771,-0.0255,0.0873,0.0206,NA,"K04118",0.999598920863309,1,FALSE,FALSE,FALSE,FALSE
"K09922",0.266,0,0.137,-0.234,0.156,0.105,NA,"K09922",0.715285714285714,1,FALSE,FALSE,FALSE,FALSE
"K02204",0.419,0,0.662,0.0539,0.123,0.0308,NA,"K02204",0.999598920863309,1,FALSE,FALSE,FALSE,FALSE
"K16267",0.0443,0,0.115,-1.03,0.652,0.111,NA,"K16267",0.663785142857143,1,FALSE,FALSE,FALSE,FALSE
"K01551",0.0985,0,0.979,0.00191,0.0719,0.00187,NA,"K01551",0.999598920863309,1,FALSE,FALSE,FALSE,FALSE
"K02054",0.537,0,0.245,-0.0942,0.0808,0.082,NA,"K02054",0.897756559766764,1,FALSE,FALSE,FALSE,FALSE
"K02052",0.468,0,0.846,-0.0179,0.0918,0.0137,NA,"K02052",0.999598920863309,1,FALSE,FALSE,FALSE,FALSE
"K18166",0.113,0,0.534,0.0591,0.0949,0.0439,NA,"K18166",0.999598920863309,1,FALSE,FALSE,FALSE,FALSE
"K00472",0.167,0,0.00447,0.583,0.203,0.199,NA,"K00472",0.154325342465753,1,FALSE,FALSE,FALSE,FALSE
"K27597",0.158,0,0.457,-0.095,0.127,0.0525,NA,"K27597",0.999598920863309,1,FALSE,FALSE,FALSE,FALSE
"K16898",0.305,0,0.302,-0.364,0.351,0.0728,NA,"K16898",0.941328385899814,1,FALSE,FALSE,FALSE,FALSE
"K28280",0.158,0,0.846,0.00969,0.0498,0.0137,NA,"K28280",0.999598920863309,1,FALSE,FALSE,FALSE,FALSE
"K11477",0.261,0,0.178,-0.081,0.06,0.0949,NA,"K11477",0.791515097690941,1,FALSE,FALSE,FALSE,FALSE
"K16422",0.0394,0,0.788,-0.0514,0.191,0.019,NA,"K16422",0.999598920863309,1,FALSE,FALSE,FALSE,FALSE
"K07336",0.394,0,0.0185,0.239,0.101,0.165,NA,"K07336",0.345632462686567,1,FALSE,FALSE,FALSE,FALSE
"K16090",0.379,0,0.209,0.129,0.102,0.0886,NA,"K16090",0.850091795288383,1,FALSE,FALSE,FALSE,FALSE
"K06919",0.138,0,0.278,-0.0555,0.0509,0.0766,NA,"K06919",0.923041114058356,1,FALSE,FALSE,FALSE,FALSE
"K16319",0.0246,0,0.814,-0.0272,0.116,0.0166,NA,"K16319,K16320",0.999598920863309,1,FALSE,FALSE,FALSE,FALSE
"K06985",0.394,0,0.89,-0.0276,0.2,0.00976,NA,"K06985",0.999598920863309,1,FALSE,FALSE,FALSE,FALSE
"K01469",0.158,0,0.616,0.0776,0.155,0.0354,NA,"K01469",0.999598920863309,1,FALSE,FALSE,FALSE,FALSE
"K05570",0.369,0,0.726,-0.0287,0.082,0.0247,NA,"K05570",0.999598920863309,1,FALSE,FALSE,FALSE,FALSE
"K04518",0.621,0,0.154,-0.27,0.188,0.1,NA,"K04518",0.739998080614203,1,FALSE,FALSE,FALSE,FALSE
"K02051",0.586,0,0.962,0.00361,0.0761,0.00335,NA,"K02051",0.999598920863309,1,FALSE,FALSE,FALSE,FALSE
"K05603",0.438,0,0.0394,0.236,0.114,0.145,NA,"K05603",0.478824757281553,1,FALSE,FALSE,FALSE,FALSE
"K01458",0.419,0,0.00466,0.445,0.155,0.198,NA,"K01458",0.156594765100671,1,FALSE,FALSE,FALSE,FALSE
"K03769",0.374,0,0.422,-0.0513,0.0638,0.0567,NA,"K03769",0.998606694560669,1,FALSE,FALSE,FALSE,FALSE
"K07516",0.251,0,0.423,-0.0827,0.103,0.0565,NA,"K07516",0.998606694560669,1,FALSE,FALSE,FALSE,FALSE
"K00043",0.0837,0,0.664,-0.0396,0.091,0.0307,NA,"K00043",0.999598920863309,1,FALSE,FALSE,FALSE,FALSE
"K06373",0.355,0,0.41,0.29,0.352,0.0581,NA,"K06373",0.995165229885058,1,FALSE,FALSE,FALSE,FALSE
"K06374",0.355,0,0.41,0.29,0.352,0.0581,NA,"K06374",0.995165229885058,1,FALSE,FALSE,FALSE,FALSE
"K13926",0.212,0,0.767,-0.0163,0.0549,0.0209,NA,"K13926",0.999598920863309,1,FALSE,FALSE,FALSE,FALSE
"K22589",0.148,0,0.331,0.343,0.352,0.0686,NA,"K22589",0.958482857142857,1,FALSE,FALSE,FALSE,FALSE
"K12663",0.222,0,0.64,0.167,0.356,0.0331,NA,"K12663",0.999598920863309,1,FALSE,FALSE,FALSE,FALSE
"K01545",0.241,0,0.831,-0.0439,0.206,0.0151,NA,"K01545",0.999598920863309,1,FALSE,FALSE,FALSE,FALSE
"K08987",0.315,0,0.408,-0.0786,0.0948,0.0584,NA,"K08987",0.995165229885058,1,FALSE,FALSE,FALSE,FALSE
"K09694",0.138,0,0.871,-0.0277,0.17,0.0115,NA,"K09694,K09695",0.999598920863309,1,FALSE,FALSE,FALSE,FALSE
"K01725",0.187,0,0.515,-0.042,0.0643,0.046,NA,"K01725",0.999598920863309,1,FALSE,FALSE,FALSE,FALSE
"K02584",0.0197,0,0.751,0.0473,0.149,0.0224,NA,"K02584",0.999598920863309,1,FALSE,FALSE,FALSE,FALSE
"K14987",0.177,0,0.341,-0.0619,0.0648,0.0672,NA,"K14987",0.962031561461794,1,FALSE,FALSE,FALSE,FALSE
"K01337",0.0542,0,0.2,-0.265,0.206,0.0904,NA,"K01337",0.83103734439834,1,FALSE,FALSE,FALSE,FALSE
"K19967",0.0345,0,0.164,-0.583,0.417,0.098,NA,"K19967,K21679",0.764569832402235,1,FALSE,FALSE,FALSE,FALSE
"K03736",0.409,0,0.000869,0.217,0.064,0.232,NA,"K03736",0.0669397384615385,1,FALSE,FALSE,TRUE,FALSE
"K03735",0.468,0,0.0105,0.151,0.0583,0.179,NA,"K03735",0.252757211538462,1,FALSE,FALSE,FALSE,FALSE
"K05602",0.227,0,0.284,0.0815,0.0759,0.0756,NA,"K05602",0.9257734375,1,FALSE,FALSE,FALSE,FALSE
"K05597",0.133,0,6.7e-05,0.554,0.136,0.276,NA,"K05597",0.0120525642857143,0.335469,TRUE,FALSE,TRUE,FALSE
"K28138",0.069,0,0.849,-0.0271,0.143,0.0134,NA,"K28138",0.999598920863309,1,FALSE,FALSE,FALSE,FALSE
"K13774",0.172,0,0.0382,0.295,0.141,0.146,NA,"K13774",0.466505853658537,1,FALSE,FALSE,FALSE,FALSE
"K13778",0.182,0,0.34,-0.224,0.234,0.0673,NA,"K13778",0.962031561461794,1,FALSE,FALSE,FALSE,FALSE
"K11731",0.187,0,0.516,-0.149,0.228,0.0458,NA,"K11731",0.999598920863309,1,FALSE,FALSE,FALSE,FALSE
"K13779",0.167,0,0.101,0.266,0.161,0.115,NA,"K13779",0.63134456928839,1,FALSE,FALSE,FALSE,FALSE
"K13777",0.182,0,0.34,-0.224,0.234,0.0673,NA,"K13777",0.962031561461794,1,FALSE,FALSE,FALSE,FALSE
"K00255",0.246,0,0.433,0.119,0.151,0.0554,NA,"K00255",0.999598920863309,1,FALSE,FALSE,FALSE,FALSE
"K16904",0.0985,0,0.3,-0.0716,0.0689,0.0731,NA,"K16904",0.9388125,1,FALSE,FALSE,FALSE,FALSE
"K01974",0.113,0,0.92,0.0116,0.115,0.00711,NA,"K01974",0.999598920863309,1,FALSE,FALSE,FALSE,FALSE
"K14415",0.34,0,0.194,0.0994,0.0763,0.0915,NA,"K14415",0.818330244313395,1,FALSE,FALSE,FALSE,FALSE
"K14414",0.133,0,0.863,-0.0154,0.0887,0.0122,NA,"K14414",0.999598920863309,1,FALSE,FALSE,FALSE,FALSE
"K16639",0.281,0,0.0812,0.279,0.159,0.123,NA,"K16639",0.585833429394813,1,FALSE,FALSE,FALSE,FALSE
"K06134",0.34,0,0.336,0.141,0.146,0.0679,NA,"K06134",0.959698802053622,1,FALSE,FALSE,FALSE,FALSE
"K09667",0.207,0,0.515,0.0582,0.0891,0.046,NA,"K09667",0.999598920863309,1,FALSE,FALSE,FALSE,FALSE
"K01709",0.271,0,0.964,0.00271,0.0593,0.00322,NA,"K01709",0.999598920863309,1,FALSE,FALSE,FALSE,FALSE
"K00978",0.3,0,0.934,-0.00477,0.0573,0.00587,NA,"K00978",0.999598920863309,1,FALSE,FALSE,FALSE,FALSE
"K05712",0.271,0,0.665,0.0267,0.0615,0.0306,NA,"K05712",0.999598920863309,1,FALSE,FALSE,FALSE,FALSE
"K26183",0.0887,0,0.12,-0.134,0.0858,0.11,NA,"K26183",0.675101123595506,1,FALSE,FALSE,FALSE,FALSE
"K26182",0.177,0,0.531,-0.04,0.0637,0.0443,NA,"K26182",0.999598920863309,1,FALSE,FALSE,FALSE,FALSE
"K26180",0.0887,0,0.188,-0.0961,0.0727,0.0928,NA,"K26180",0.808690721649485,1,FALSE,FALSE,FALSE,FALSE
"K26179",0.0887,0,0.354,-0.0846,0.0911,0.0654,NA,"K26179",0.963406504065041,1,FALSE,FALSE,FALSE,FALSE
"K26181",0.0985,0,0.108,-0.124,0.0765,0.113,NA,"K26181",0.646837320574163,1,FALSE,FALSE,FALSE,FALSE
"K26184",0.103,0,0.602,-0.0402,0.0771,0.0368,NA,"K26184",0.999598920863309,1,FALSE,FALSE,FALSE,FALSE
"K01505",0.182,0,0.457,-0.0481,0.0646,0.0525,NA,"K01505",0.999598920863309,1,FALSE,FALSE,FALSE,FALSE
"K18587",0.064,0,0.999,-0.000139,0.173,5.67e-05,NA,"K18587",0.999598920863309,1,FALSE,FALSE,FALSE,FALSE
"K02471",0.296,0,0.345,0.0995,0.105,0.0666,NA,"K02471",0.962031561461794,1,FALSE,FALSE,FALSE,FALSE
"K07063",0.0837,0,0.783,0.105,0.381,0.0195,NA,"K07063",0.999598920863309,1,FALSE,FALSE,FALSE,FALSE
"K08983",0.261,0,0.699,-0.0524,0.135,0.0273,NA,"K08983",0.999598920863309,1,FALSE,FALSE,FALSE,FALSE
"K10819",0.064,0,0.366,-0.386,0.427,0.0637,NA,"K10819",0.976324986680874,1,FALSE,FALSE,FALSE,FALSE
"K12070",0.0493,0,0.0324,-0.143,0.0661,0.15,NA,"K12070,K12071",0.43944414893617,1,FALSE,FALSE,FALSE,FALSE
"K12069",0.0394,0,0.978,-0.00271,0.0981,0.00195,NA,"K12069",0.999598920863309,1,FALSE,FALSE,FALSE,FALSE
"K00217",0.143,0,0.185,0.079,0.0594,0.0934,NA,"K00217",0.802681975736568,1,FALSE,FALSE,FALSE,FALSE
"K04098",0.153,0,0.291,0.066,0.0623,0.0745,NA,"K04098",0.933399743754004,1,FALSE,FALSE,FALSE,FALSE
"K17749",0.0296,0,0.874,-0.0184,0.116,0.0112,NA,"K17749",0.999598920863309,1,FALSE,FALSE,FALSE,FALSE
"K01247",0.522,0,0.0823,0.17,0.0975,0.122,NA,"K01247",0.589522317596566,1,FALSE,FALSE,FALSE,FALSE
"K07518",0.108,0,0.783,-0.091,0.331,0.0194,NA,"K07518",0.999598920863309,1,FALSE,FALSE,FALSE,FALSE
"K18208",0.266,0,0.52,0.177,0.275,0.0454,NA,"K18208",0.999598920863309,1,FALSE,FALSE,FALSE,FALSE
"K06893",0.315,0,0.354,0.0439,0.0472,0.0654,NA,"K06893",0.963406504065041,1,FALSE,FALSE,FALSE,FALSE
"K18302",0.34,0,0.0779,0.517,0.292,0.124,NA,"K18302",0.575288053097345,1,FALSE,FALSE,FALSE,FALSE
"K18303",0.271,0,0.114,0.726,0.458,0.111,NA,"K18303",0.662947735191638,1,FALSE,FALSE,FALSE,FALSE
"K01578",0.118,0,0.584,0.101,0.183,0.0387,NA,"K01578",0.999598920863309,1,FALSE,FALSE,FALSE,FALSE
"K18661",0.123,0,0.886,0.0253,0.176,0.0101,NA,"K18661",0.999598920863309,1,FALSE,FALSE,FALSE,FALSE
"K25034",0.153,0,0.438,0.358,0.461,0.0547,NA,"K25034",0.999598920863309,1,FALSE,FALSE,FALSE,FALSE
"K07341",0.163,0,0.0116,0.134,0.0525,0.177,NA,"K07341",0.267497260273973,1,FALSE,FALSE,FALSE,FALSE
"K01857",0.409,0,0.151,0.166,0.115,0.101,NA,"K01857",0.733323957322987,1,FALSE,FALSE,FALSE,FALSE
"K11443",0.138,0,0.565,-0.1,0.174,0.0406,NA,"K11443",0.999598920863309,1,FALSE,FALSE,FALSE,FALSE
"K20628",0.0296,0,0.437,-0.0912,0.117,0.0549,NA,"K20628",0.999598920863309,1,FALSE,FALSE,FALSE,FALSE
"K01707",0.448,0,0.759,0.0187,0.0609,0.0217,NA,"K01707",0.999598920863309,1,FALSE,FALSE,FALSE,FALSE
"K21686",0.31,0,0.391,-0.173,0.201,0.0605,NA,"K21686",0.987758324924319,1,FALSE,FALSE,FALSE,FALSE
"K07110",0.177,0,0.631,-0.0907,0.188,0.0339,NA,"K07110",0.999598920863309,1,FALSE,FALSE,FALSE,FALSE
"K18453",0.296,0,0.511,0.374,0.568,0.0464,NA,"K18453",0.999598920863309,1,FALSE,FALSE,FALSE,FALSE
"K16165",0.315,0,0.835,-0.0155,0.0747,0.0147,NA,"K16165",0.999598920863309,1,FALSE,FALSE,FALSE,FALSE
"K22296",0.103,0,0.282,-0.0708,0.0656,0.0759,NA,"K22296",0.9257734375,1,FALSE,FALSE,FALSE,FALSE
"K14267",0.419,0,0.734,-0.0506,0.149,0.024,NA,"K14267",0.999598920863309,1,FALSE,FALSE,FALSE,FALSE
"K09691",0.281,0,0.917,0.00617,0.0593,0.00734,NA,"K09691",0.999598920863309,1,FALSE,FALSE,FALSE,FALSE
"K05973",0.246,0,0.0363,0.764,0.362,0.147,NA,"K05973",0.45742962962963,1,FALSE,FALSE,FALSE,FALSE
"K07816",0.31,0,0.141,0.0994,0.0673,0.104,NA,"K07816",0.718175757575757,1,FALSE,FALSE,FALSE,FALSE
"K00496",0.103,0,0.355,-0.0901,0.0971,0.0653,NA,"K00496",0.963406504065041,1,FALSE,FALSE,FALSE,FALSE
"K01849",0.0246,0,0.451,-0.158,0.209,0.0532,NA,"K01849",0.999598920863309,1,FALSE,FALSE,FALSE,FALSE
"K01965",0.177,0,0.863,-0.0258,0.149,0.0122,NA,"K01965",0.999598920863309,1,FALSE,FALSE,FALSE,FALSE
"K11811",0.429,0,0.245,-0.0647,0.0554,0.082,NA,"K11811",0.897756559766764,1,FALSE,FALSE,FALSE,FALSE
"K22348",0.172,0,0.138,0.402,0.27,0.104,NA,"K22348",0.717514018691589,1,FALSE,FALSE,FALSE,FALSE
"K01155",0.0443,0,0.935,0.0117,0.142,0.00578,NA,"K01155",0.999598920863309,1,FALSE,FALSE,FALSE,FALSE
"K18313",0.33,0,0.0892,0.123,0.0722,0.12,NA,"K18313",0.601512080536913,1,FALSE,FALSE,FALSE,FALSE
"K01584",0.305,0,0.241,0.122,0.103,0.0827,NA,"K01584",0.892519970414201,1,FALSE,FALSE,FALSE,FALSE
"K05913",0.0985,0,0.537,0.0398,0.0644,0.0435,NA,"K05913",0.999598920863309,1,FALSE,FALSE,FALSE,FALSE
"K25026",0.34,0,0.728,-0.0424,0.122,0.0246,NA,"K25026",0.999598920863309,1,FALSE,FALSE,FALSE,FALSE
"K01950",0.148,0,0.532,0.0908,0.145,0.0441,NA,"K01950",0.999598920863309,1,FALSE,FALSE,FALSE,FALSE
"K22522",0.567,0,0.734,0.0475,0.14,0.024,NA,"K22522",0.999598920863309,1,FALSE,FALSE,FALSE,FALSE
"K01537",0.158,0,0.801,0.0472,0.187,0.0178,NA,"K01537",0.999598920863309,1,FALSE,FALSE,FALSE,FALSE
"K10844",0.286,0,0.653,0.175,0.388,0.0318,NA,"K10844",0.999598920863309,1,FALSE,FALSE,FALSE,FALSE
"K13876",0.113,0,0.701,0.0402,0.105,0.0271,NA,"K13876",0.999598920863309,1,FALSE,FALSE,FALSE,FALSE
"K13875",0.276,0,0.711,0.0359,0.0969,0.0261,NA,"K13875",0.999598920863309,1,FALSE,FALSE,FALSE,FALSE
"K10547",0.276,0,0.183,-0.121,0.0904,0.0938,NA,"K10547",0.798154181184669,1,FALSE,FALSE,FALSE,FALSE
"K10548",0.281,0,0.108,-0.145,0.0895,0.113,NA,"K10548",0.646837320574163,1,FALSE,FALSE,FALSE,FALSE
"K10546",0.281,0,0.108,-0.145,0.0895,0.113,NA,"K10546",0.646837320574163,1,FALSE,FALSE,FALSE,FALSE
"K22185",0.148,0,0.792,0.032,0.121,0.0186,NA,"K22185",0.999598920863309,1,FALSE,FALSE,FALSE,FALSE
"K14274",0.0739,0,0.142,-0.239,0.162,0.104,NA,"K14274",0.718175757575757,1,FALSE,FALSE,FALSE,FALSE
"K09008",0.177,0,0.627,-0.0694,0.143,0.0343,NA,"K09008",0.999598920863309,1,FALSE,FALSE,FALSE,FALSE
"K00332",0.31,0,0.65,-0.111,0.245,0.032,NA,"K00332",0.999598920863309,1,FALSE,FALSE,FALSE,FALSE
"K00333",0.36,0,0.352,0.297,0.318,0.0656,NA,"K00333",0.963199455040872,1,FALSE,FALSE,FALSE,FALSE
"K18901",0.172,0,0.685,0.0487,0.12,0.0286,NA,"K18901,K18902",0.999598920863309,1,FALSE,FALSE,FALSE,FALSE
"K18903",0.0887,0,0.546,0.0701,0.116,0.0427,NA,"K18903",0.999598920863309,1,FALSE,FALSE,FALSE,FALSE
"K22209",0.118,0,0.347,-0.063,0.0669,0.0663,NA,"K22209",0.962031561461794,1,FALSE,FALSE,FALSE,FALSE
"K18242",0.0394,0,0.207,-0.503,0.398,0.0889,NA,"K14578,K18242,K18243",0.844013843648209,1,FALSE,FALSE,FALSE,FALSE
"K01801",0.0296,0,0.663,-0.0764,0.175,0.0307,NA,"K01801",0.999598920863309,1,FALSE,FALSE,FALSE,FALSE
"K18982",0.133,0,0.356,0.101,0.11,0.0651,NA,"K18982",0.964030286641428,1,FALSE,FALSE,FALSE,FALSE
"K22622",0.0837,0,0.867,0.0192,0.115,0.0118,NA,"K22622",0.999598920863309,1,FALSE,FALSE,FALSE,FALSE
"K17225",0.0837,0,0.867,0.0192,0.115,0.0118,NA,"K17225",0.999598920863309,1,FALSE,FALSE,FALSE,FALSE
"K19666",0.0443,0,0.511,0.0671,0.102,0.0464,NA,"K19666",0.999598920863309,1,FALSE,FALSE,FALSE,FALSE
"K13061",0.0985,0,0.473,0.0599,0.0832,0.0507,NA,"K13061",0.999598920863309,1,FALSE,FALSE,FALSE,FALSE
"K16216",0.187,0,0.748,-0.0527,0.164,0.0227,NA,"K16216",0.999598920863309,1,FALSE,FALSE,FALSE,FALSE
"K22476",0.291,0,0.827,-0.0362,0.165,0.0155,NA,"K22476",0.999598920863309,1,FALSE,FALSE,FALSE,FALSE
"K18640",0.123,0,0.0807,0.112,0.0636,0.123,NA,"K18640",0.583788744588745,1,FALSE,FALSE,FALSE,FALSE
"K00635",0.123,0,0.344,0.0703,0.074,0.0668,NA,"K00635",0.962031561461794,1,FALSE,FALSE,FALSE,FALSE
"K08678",0.163,0,0.297,0.0866,0.0829,0.0735,NA,"K08678",0.937829038340666,1,FALSE,FALSE,FALSE,FALSE
"K00104",0.591,0,0.0392,0.292,0.141,0.145,NA,"K00104",0.477553284671533,1,FALSE,FALSE,FALSE,FALSE
"K13598",0.222,0,0.7,0.255,0.662,0.0272,NA,"K13598",0.999598920863309,1,FALSE,FALSE,FALSE,FALSE
"K15778",0.34,0,0.736,-0.16,0.475,0.0238,NA,"K15778",0.999598920863309,1,FALSE,FALSE,FALSE,FALSE
"K09990",0.281,0,0.00712,0.21,0.0772,0.188,NA,"K09990",0.213472095808383,1,FALSE,FALSE,FALSE,FALSE
"K01559",0.0887,0,0.0892,-0.16,0.0934,0.12,NA,"K01559",0.601512080536913,1,FALSE,FALSE,FALSE,FALSE
"K23247",0.108,0,0.142,-0.103,0.0695,0.103,NA,"K23247",0.718175757575757,1,FALSE,FALSE,FALSE,FALSE
"K07250",0.286,0,0.309,0.0822,0.0805,0.0718,NA,"K07250",0.949179754601227,1,FALSE,FALSE,FALSE,FALSE
"K22549",0.236,0,0.231,0.0894,0.0744,0.0845,NA,"K22549",0.880896420411272,1,FALSE,FALSE,FALSE,FALSE
"K22550",0.251,0,0.197,0.0765,0.0591,0.0909,NA,"K22550",0.824731605351171,1,FALSE,FALSE,FALSE,FALSE
"K21061",0.246,0,0.317,0.0742,0.0739,0.0706,NA,"K21061",0.950168352171327,1,FALSE,FALSE,FALSE,FALSE
"K21062",0.404,0,0.0531,0.174,0.0892,0.136,NA,"K21062",0.542595306122449,1,FALSE,FALSE,FALSE,FALSE
"K19746",0.389,0,0.0857,0.307,0.178,0.121,NA,"K19746",0.595145492371706,1,FALSE,FALSE,FALSE,FALSE
"K00109",0.167,0,0.264,0.1,0.0894,0.0787,NA,"K00109",0.911619310344828,1,FALSE,FALSE,FALSE,FALSE
"K01576",0.0542,0,0.257,-0.0862,0.0757,0.08,NA,"K01576",0.906835095137421,1,FALSE,FALSE,FALSE,FALSE
"K07086",0.0985,0,0.855,-0.0178,0.0977,0.0129,NA,"K07086",0.999598920863309,1,FALSE,FALSE,FALSE,FALSE
"K02502",0.438,0,0.0588,0.757,0.398,0.133,NA,"K02502",0.563005997001499,1,FALSE,FALSE,FALSE,FALSE
"K08086",0.335,0,0.88,-0.025,0.165,0.0107,NA,"K08086",0.999598920863309,1,FALSE,FALSE,FALSE,FALSE
"K01817",0.65,0,0.924,0.0101,0.106,0.0067,NA,"K01817",0.999598920863309,1,FALSE,FALSE,FALSE,FALSE
"K16557",0.128,0,0.749,-0.0386,0.12,0.0226,NA,"K16557",0.999598920863309,1,FALSE,FALSE,FALSE,FALSE
"K05818",0.0542,0,0.151,0.104,0.0718,0.101,NA,"K05818",0.733323957322987,1,FALSE,FALSE,FALSE,FALSE
"K07045",0.286,0,0.968,-0.00179,0.045,0.00281,NA,"K07045",0.999598920863309,1,FALSE,FALSE,FALSE,FALSE
"K02793",0.202,0,0.0882,1.01,0.591,0.12,NA,"K02793",0.601512080536913,1,FALSE,FALSE,FALSE,FALSE
"K06023",0.251,0,0.516,-0.403,0.619,0.0459,NA,"K06023",0.999598920863309,1,FALSE,FALSE,FALSE,FALSE
"K01476",0.35,0,0.558,-0.1,0.17,0.0414,NA,"K01476",0.999598920863309,1,FALSE,FALSE,FALSE,FALSE
"K06446",0.133,0,0.797,-0.0203,0.0789,0.0181,NA,"K06446",0.999598920863309,1,FALSE,FALSE,FALSE,FALSE
"K17754",0.0246,0,0.988,-0.00291,0.19,0.00108,NA,"K17754",0.999598920863309,1,FALSE,FALSE,FALSE,FALSE
"K00038",0.182,0,0.016,0.127,0.0524,0.169,NA,"K00038",0.317372834645669,1,FALSE,FALSE,FALSE,FALSE
"K03379",0.0345,0,0.368,0.0748,0.0829,0.0635,NA,"K03379",0.97633889468196,1,FALSE,FALSE,FALSE,FALSE
"K14731",0.069,0,0.438,-0.0591,0.076,0.0548,NA,"K14731",0.999598920863309,1,FALSE,FALSE,FALSE,FALSE
"K21528",0.138,0,0.564,-0.0292,0.0504,0.0408,NA,"K21528",0.999598920863309,1,FALSE,FALSE,FALSE,FALSE
"K07075",0.0739,0,0.394,0.06,0.0702,0.0602,NA,"K07075",0.989843452082288,1,FALSE,FALSE,FALSE,FALSE
"K07062",0.182,0,0.419,-0.0457,0.0565,0.057,NA,"K07062",0.998553765987684,1,FALSE,FALSE,FALSE,FALSE
"K03205",0.177,0,0.638,0.0365,0.0775,0.0333,NA,"K03205",0.999598920863309,1,FALSE,FALSE,FALSE,FALSE
"K18320",0.0443,0,0.31,-0.0936,0.0919,0.0717,NA,"K18320",0.949920440636475,1,FALSE,FALSE,FALSE,FALSE
"K07344",0.103,0,0.672,0.0262,0.0618,0.0299,NA,"K07344,K20529,K20530,K20532,K20533",0.999598920863309,1,FALSE,FALSE,FALSE,FALSE
"K20266",0.123,0,0.542,0.036,0.0589,0.043,NA,"K20266",0.999598920863309,1,FALSE,FALSE,FALSE,FALSE
"K20267",0.064,0,0.347,0.0773,0.082,0.0664,NA,"K20267",0.962031561461794,1,FALSE,FALSE,FALSE,FALSE
"K20531",0.123,0,0.907,0.00677,0.0579,0.00824,NA,"K20531",0.999598920863309,1,FALSE,FALSE,FALSE,FALSE
"K20528",0.108,0,0.821,0.0143,0.0632,0.016,NA,"K20527,K20528",0.999598920863309,1,FALSE,FALSE,FALSE,FALSE
"K28279",0.103,0,0.959,-0.00284,0.0548,0.00365,NA,"K28279",0.999598920863309,1,FALSE,FALSE,FALSE,FALSE
"K01166",0.197,0,0.874,-0.0162,0.102,0.0112,NA,"K01166",0.999598920863309,1,FALSE,FALSE,FALSE,FALSE
"K06443",0.0837,0,0.551,0.103,0.172,0.0421,NA,"K06443",0.999598920863309,1,FALSE,FALSE,FALSE,FALSE
"K10027",0.133,0,0.923,0.0135,0.14,0.00682,NA,"K10027",0.999598920863309,1,FALSE,FALSE,FALSE,FALSE
"K00824",0.281,0,0.684,-0.0864,0.212,0.0288,NA,"K00824",0.999598920863309,1,FALSE,FALSE,FALSE,FALSE
"K04566",0.064,0,0.00138,-0.447,0.138,0.223,NA,"K04566",0.0914859259259259,1,FALSE,FALSE,TRUE,FALSE
"K11532",0.0345,0,0.046,0.682,0.34,0.14,NA,"K11532",0.509561946902655,1,FALSE,FALSE,FALSE,FALSE
"K07096",0.0542,0,0.571,0.0889,0.157,0.04,NA,"K07096",0.999598920863309,1,FALSE,FALSE,FALSE,FALSE
"K09981",0.207,0,0.972,-0.00289,0.0817,0.00249,NA,"K09981",0.999598920863309,1,FALSE,FALSE,FALSE,FALSE
"K22067",0.345,0,0.504,0.0951,0.142,0.0472,NA,"K22067",0.999598920863309,1,FALSE,FALSE,FALSE,FALSE
"K00126",0.276,0,0.00324,0.391,0.131,0.206,NA,"K00126",0.131824921875,1,FALSE,FALSE,FALSE,FALSE
"K06904",0.138,0,0.863,0.00904,0.0523,0.0122,NA,"K06904",0.999598920863309,1,FALSE,FALSE,FALSE,FALSE
"K21511",0.0197,0,0.936,0.00968,0.12,0.00568,NA,"K21511",0.999598920863309,1,FALSE,FALSE,FALSE,FALSE
"K26961",0.0246,0,0.431,-0.0886,0.112,0.0555,NA,"K26961",0.999598920863309,1,FALSE,FALSE,FALSE,FALSE
"K07266",0.158,0,0.756,0.021,0.0675,0.0219,NA,"K07266",0.999598920863309,1,FALSE,FALSE,FALSE,FALSE
"K08988",0.261,0,0.66,0.0416,0.0943,0.0311,NA,"K08988",0.999598920863309,1,FALSE,FALSE,FALSE,FALSE
"K03294",0.35,0,0.602,0.0475,0.091,0.0368,NA,"K03294",0.999598920863309,1,FALSE,FALSE,FALSE,FALSE
"K18829",0.153,0,0.692,0.0194,0.0489,0.028,NA,"K18829",0.999598920863309,1,FALSE,FALSE,FALSE,FALSE
"K18828",0.158,0,0.366,0.0443,0.0488,0.0638,NA,"K18828",0.976324986680874,1,FALSE,FALSE,FALSE,FALSE
"K00227",0.123,0,0.431,0.212,0.269,0.0555,NA,"K00227",0.999598920863309,1,FALSE,FALSE,FALSE,FALSE
"K14981",0.118,0,0.583,-0.323,0.587,0.0387,NA,"K14981",0.999598920863309,1,FALSE,FALSE,FALSE,FALSE
"K09991",0.108,0,0.677,0.359,0.861,0.0294,NA,"K09991,K13592,K17662,K25884",0.999598920863309,1,FALSE,FALSE,FALSE,FALSE
"K16560",0.108,0,0.00258,0.971,0.318,0.21,NA,"K16560",0.121868490566038,1,FALSE,FALSE,FALSE,FALSE
"K09956",0.227,0,0.835,0.0187,0.0894,0.0147,NA,"K09956",0.999598920863309,1,FALSE,FALSE,FALSE,FALSE
"K00955",0.305,0,0.701,0.0502,0.131,0.0271,NA,"K00955",0.999598920863309,1,FALSE,FALSE,FALSE,FALSE
"K12255",0.315,0,0.5,0.0695,0.103,0.0476,NA,"K12255",0.999598920863309,1,FALSE,FALSE,FALSE,FALSE
"K11740",0.128,0,0.987,0.00107,0.0654,0.00116,NA,"K11740",0.999598920863309,1,FALSE,FALSE,FALSE,FALSE
"K26273",0.0246,0,0.293,0.42,0.399,0.0741,NA,"K26273",0.933454660748256,1,FALSE,FALSE,FALSE,FALSE
"K01156",0.0936,0,0.278,0.0618,0.0568,0.0766,NA,"K01156",0.923041114058356,1,FALSE,FALSE,FALSE,FALSE
"K07316",0.103,0,0.304,0.056,0.0544,0.0724,NA,"K07316",0.941328385899814,1,FALSE,FALSE,FALSE,FALSE
"K04094",0.251,0,0.485,0.628,0.898,0.0492,NA,"K04094",0.999598920863309,1,FALSE,FALSE,FALSE,FALSE
"K22736",0.3,0,0.478,-0.0376,0.0529,0.0501,NA,"K22736",0.999598920863309,1,FALSE,FALSE,FALSE,FALSE
"K00570",0.232,0,0.521,0.0636,0.099,0.0453,NA,"K00570",0.999598920863309,1,FALSE,FALSE,FALSE,FALSE
"K09984",0.305,0,0.918,-0.00681,0.0657,0.00731,NA,"K09984",0.999598920863309,1,FALSE,FALSE,FALSE,FALSE
"K01581",0.379,0,0.662,0.0657,0.15,0.0309,NA,"K01581",0.999598920863309,1,FALSE,FALSE,FALSE,FALSE
"K13622",0.103,0,0.272,-0.404,0.367,0.0774,NA,"K13622",0.918343897505057,1,FALSE,FALSE,FALSE,FALSE
"K13623",0.103,0,0.272,-0.404,0.367,0.0774,NA,"K13623",0.918343897505057,1,FALSE,FALSE,FALSE,FALSE
"K00643",0.138,0,0.255,0.174,0.153,0.0802,NA,"K00643",0.906163946061036,1,FALSE,FALSE,FALSE,FALSE
"K23264",0.379,0,0.611,0.272,0.533,0.036,NA,"K23264,K23265,K23269",0.999598920863309,1,FALSE,FALSE,FALSE,FALSE
"K01623",0.217,0,0.0255,0.35,0.156,0.157,NA,"K01623",0.39528947368421,1,FALSE,FALSE,FALSE,FALSE
"K03879",0.103,0,0.0246,1.22,0.539,0.158,NA,"K03879",0.389258934169279,1,FALSE,FALSE,FALSE,FALSE
"K12574",0.424,0,0.914,0.0547,0.507,0.00762,NA,"K12574",0.999598920863309,1,FALSE,FALSE,FALSE,FALSE
"K28098",0.296,0,0.707,0.0989,0.263,0.0265,NA,"K28098",0.999598920863309,1,FALSE,FALSE,FALSE,FALSE
"K13599",0.133,0,0.533,0.455,0.728,0.0441,NA,"K13599",0.999598920863309,1,FALSE,FALSE,FALSE,FALSE
"K12506",0.163,0,0.623,0.34,0.69,0.0347,NA,"K12506",0.999598920863309,1,FALSE,FALSE,FALSE,FALSE
"K22438",0.0985,0,0.427,-0.14,0.176,0.056,NA,"K22438",0.998606694560669,1,FALSE,FALSE,FALSE,FALSE
"K22617",0.286,0,0.516,-0.26,0.399,0.0459,NA,"K22617",0.999598920863309,1,FALSE,FALSE,FALSE,FALSE
"K01006",0.138,0,0.551,0.256,0.429,0.0421,NA,"K01006",0.999598920863309,1,FALSE,FALSE,FALSE,FALSE
"K07482",0.276,0,0.0706,0.0813,0.0447,0.127,NA,"K07482",0.563005997001499,1,FALSE,FALSE,FALSE,FALSE
"K20997",0.153,0,0.913,0.00909,0.0834,0.00769,NA,"K20997",0.999598920863309,1,FALSE,FALSE,FALSE,FALSE
"K16079",0.133,0,0.0188,0.431,0.182,0.165,NA,"K16079",0.34705559566787,1,FALSE,FALSE,FALSE,FALSE
"K00015",0.236,0,0.826,-0.0202,0.0919,0.0155,NA,"K00015",0.999598920863309,1,FALSE,FALSE,FALSE,FALSE
"K01449",0.409,0,0.00441,0.368,0.128,0.199,NA,"K01449",0.153339375,1,FALSE,FALSE,FALSE,FALSE
"K01235",0.113,0,0.599,-0.157,0.299,0.0371,NA,"K01235",0.999598920863309,1,FALSE,FALSE,FALSE,FALSE
"K07742",0.271,0,0.986,0.00226,0.132,0.00121,NA,"K07742",0.999598920863309,1,FALSE,FALSE,FALSE,FALSE
"K19686",0.0739,0,0.335,-0.088,0.091,0.068,NA,"K19686",0.958482857142857,1,FALSE,FALSE,FALSE,FALSE
"K00035",0.153,0,0.0265,-0.214,0.0955,0.156,NA,"K00035",0.405766055045872,1,FALSE,FALSE,FALSE,FALSE
"K06871",0.153,0,0.0731,0.164,0.0912,0.126,NA,"K06871",0.563005997001499,1,FALSE,FALSE,FALSE,FALSE
"K08685",0.128,0,0.0668,0.172,0.0933,0.129,NA,"K08685",0.563005997001499,1,FALSE,FALSE,FALSE,FALSE
"K28561",0.0296,0,0.986,-0.0118,0.687,0.00121,NA,"K28561",0.999598920863309,1,FALSE,FALSE,FALSE,FALSE
"K04092",0.256,0,0.445,-0.32,0.418,0.0539,NA,"K04092",0.999598920863309,1,FALSE,FALSE,FALSE,FALSE
"K00283",0.158,0,0.9,-0.0287,0.229,0.00885,NA,"K00282,K00283",0.999598920863309,1,FALSE,FALSE,FALSE,FALSE
"K09965",0.069,0,0.48,0.195,0.275,0.0498,NA,"K09965",0.999598920863309,1,FALSE,FALSE,FALSE,FALSE
"K19336",0.0296,0,0.902,-0.0212,0.172,0.00869,NA,"K19336",0.999598920863309,1,FALSE,FALSE,FALSE,FALSE
"K19335",0.0148,0,0.87,0.0402,0.244,0.0116,NA,"K19335",0.999598920863309,1,FALSE,FALSE,FALSE,FALSE
"K17675",0.187,0,1.87e-06,1.99,0.405,0.327,NA,"K17675",0.00117038625,0.00936309,TRUE,TRUE,TRUE,TRUE
"K07736",0.3,0,0.141,-0.219,0.148,0.104,NA,"K07736",0.718175757575757,1,FALSE,FALSE,FALSE,FALSE
"K01181",0.192,0,0.498,0.0451,0.0665,0.0478,NA,"K01181",0.999598920863309,1,FALSE,FALSE,FALSE,FALSE
"K18162",0.113,0,0.0407,-0.85,0.413,0.144,NA,"K18162",0.484049643705463,1,FALSE,FALSE,FALSE,FALSE
"K13589",0.113,0,0.375,0.297,0.334,0.0626,NA,"K13589",0.976912070759625,1,FALSE,FALSE,FALSE,FALSE
"K01406",0.276,0,0.904,-0.0087,0.072,0.00852,NA,"K01406",0.999598920863309,1,FALSE,FALSE,FALSE,FALSE
"K01209",0.192,0,0.0866,-0.141,0.082,0.121,NA,"K01209",0.598903591160221,1,FALSE,FALSE,FALSE,FALSE
"K06113",0.0837,0,0.623,0.0754,0.153,0.0347,NA,"K06113",0.999598920863309,1,FALSE,FALSE,FALSE,FALSE
"K15229",0.118,0,0.668,-0.0351,0.0816,0.0303,NA,"K15228,K15229",0.999598920863309,1,FALSE,FALSE,FALSE,FALSE
"K08151",0.177,0,0.508,-0.0844,0.127,0.0467,NA,"K08151",0.999598920863309,1,FALSE,FALSE,FALSE,FALSE
"K11177",0.246,0,0.0736,-0.1,0.0556,0.126,NA,"K11177,K11178",0.563005997001499,1,FALSE,FALSE,FALSE,FALSE
"K13483",0.241,0,0.0753,-0.0965,0.054,0.125,NA,"K13483",0.563568161434978,1,FALSE,FALSE,FALSE,FALSE
"K16048",0.103,0,0.595,0.0424,0.0795,0.0376,NA,"K16048",0.999598920863309,1,FALSE,FALSE,FALSE,FALSE
"K01115",0.163,0,0.0179,0.163,0.0682,0.166,NA,"K01115",0.339489772727273,1,FALSE,FALSE,FALSE,FALSE
"K00476",0.0197,0,0.804,0.0732,0.295,0.0175,NA,"K00476",0.999598920863309,1,FALSE,FALSE,FALSE,FALSE
"K00782",0.369,0,0.607,0.0429,0.0833,0.0363,NA,"K00782,K18928,K18929",0.999598920863309,1,FALSE,FALSE,FALSE,FALSE
"K18337",0.0443,0,0.351,0.286,0.305,0.0658,NA,"K18337",0.963199455040872,1,FALSE,FALSE,FALSE,FALSE
"K12661",0.0985,0,0.782,-0.0182,0.0656,0.0195,NA,"K12661",0.999598920863309,1,FALSE,FALSE,FALSE,FALSE
"K21883",0.108,0,0.364,0.0949,0.104,0.064,NA,"K21883",0.975736785904965,1,FALSE,FALSE,FALSE,FALSE
"K03560",0.365,0,0.206,0.219,0.172,0.0891,NA,"K03560",0.841993469387755,1,FALSE,FALSE,FALSE,FALSE
"K03953",0.0985,0,0.805,0.0662,0.269,0.0174,NA,"K03953",0.999598920863309,1,FALSE,FALSE,FALSE,FALSE
"K28868",0.163,0,0.498,-0.0948,0.14,0.0478,NA,"K28868",0.999598920863309,1,FALSE,FALSE,FALSE,FALSE
"K27332",0.0443,0,0.555,-0.0538,0.0909,0.0417,NA,"K27332",0.999598920863309,1,FALSE,FALSE,FALSE,FALSE
"K06905",0.3,0,0.778,-0.012,0.0427,0.0199,NA,"K06905",0.999598920863309,1,FALSE,FALSE,FALSE,FALSE
"K06906",0.251,0,0.0901,-0.0793,0.0466,0.119,NA,"K06906",0.602157631578947,1,FALSE,FALSE,FALSE,FALSE
"K06908",0.246,0,0.0806,-0.0846,0.0482,0.123,NA,"K06908",0.583788744588745,1,FALSE,FALSE,FALSE,FALSE
"K06907",0.335,0,0.0414,-0.0796,0.0388,0.143,NA,"K06907",0.485456206088993,1,FALSE,FALSE,FALSE,FALSE
"K06903",0.305,0,0.062,-0.0729,0.0389,0.131,NA,"K06903",0.563005997001499,1,FALSE,FALSE,FALSE,FALSE
"K08640",0.0246,0,0.0688,0.561,0.307,0.128,NA,"K08640",0.563005997001499,1,FALSE,FALSE,FALSE,FALSE
"K03309",0.0443,0,0.879,0.0782,0.513,0.0108,NA,"K03309",0.999598920863309,1,FALSE,FALSE,FALSE,FALSE
"K00273",0.0246,0,0.529,-0.13,0.205,0.0445,NA,"K00273",0.999598920863309,1,FALSE,FALSE,FALSE,FALSE
"K09457",0.251,0,0.425,-0.201,0.251,0.0563,NA,"K09457",0.998606694560669,1,FALSE,FALSE,FALSE,FALSE
"K13525",0.0246,0,0.932,0.0835,0.984,0.00599,NA,"K13525,K24073,K24078",0.999598920863309,1,FALSE,FALSE,FALSE,FALSE
"K00856",0.148,0,0.38,-0.409,0.465,0.062,NA,"K00856",0.981258380608561,1,FALSE,FALSE,FALSE,FALSE
"K23677",0.163,0,0.0632,0.263,0.141,0.131,NA,"K23677",0.563005997001499,1,FALSE,FALSE,FALSE,FALSE
"K07092",0.177,0,0.33,0.0989,0.101,0.0687,NA,"K07092",0.958482857142857,1,FALSE,FALSE,FALSE,FALSE
"K28223",0.0246,0,0.48,0.134,0.189,0.0498,NA,"K28223",0.999598920863309,1,FALSE,FALSE,FALSE,FALSE
"K12062",0.0443,0,0.35,-0.107,0.114,0.066,NA,"K12062",0.963199455040872,1,FALSE,FALSE,FALSE,FALSE
"K21908",0.138,0,0.975,0.00458,0.144,0.00225,NA,"K21908",0.999598920863309,1,FALSE,FALSE,FALSE,FALSE
"K18369",0.0788,0,0.643,-0.0307,0.0662,0.0327,NA,"K18369",0.999598920863309,1,FALSE,FALSE,FALSE,FALSE
"K14986",0.0788,0,0.035,-0.147,0.0693,0.148,NA,"K14986",0.452952835051546,1,FALSE,FALSE,FALSE,FALSE
"K07746",0.232,0,0.157,0.0691,0.0487,0.0997,NA,"K07746",0.74795337773549,1,FALSE,FALSE,FALSE,FALSE
"K08995",0.379,0,0.532,0.0547,0.0873,0.0441,NA,"K08995",0.999598920863309,1,FALSE,FALSE,FALSE,FALSE
"K09803",0.182,0,0.0239,0.131,0.0574,0.158,NA,"K09803",0.38478231511254,1,FALSE,FALSE,FALSE,FALSE
"K10254",0.103,0,0.74,0.0321,0.0964,0.0234,NA,"K10254",0.999598920863309,1,FALSE,FALSE,FALSE,FALSE
"K01533",0.562,0,0.551,0.0537,0.0899,0.0421,NA,"K01533",0.999598920863309,1,FALSE,FALSE,FALSE,FALSE
"K07233",0.222,0,0.233,0.145,0.121,0.084,NA,"K07233",0.884481425322214,1,FALSE,FALSE,FALSE,FALSE
"K03194",0.133,0,0.533,0.0381,0.061,0.044,NA,"K03194",0.999598920863309,1,FALSE,FALSE,FALSE,FALSE
"K03197",0.138,0,0.891,0.00971,0.0709,0.00967,NA,"K03197",0.999598920863309,1,FALSE,FALSE,FALSE,FALSE
"K03198",0.133,0,0.474,0.0598,0.0832,0.0506,NA,"K03198",0.999598920863309,1,FALSE,FALSE,FALSE,FALSE
"K03199",0.138,0,0.602,0.0369,0.0707,0.0368,NA,"K03199",0.999598920863309,1,FALSE,FALSE,FALSE,FALSE
"K03200",0.128,0,0.943,0.00474,0.066,0.00507,NA,"K03200",0.999598920863309,1,FALSE,FALSE,FALSE,FALSE
"K03201",0.143,0,0.69,0.0282,0.0706,0.0282,NA,"K03201",0.999598920863309,1,FALSE,FALSE,FALSE,FALSE
"K03203",0.138,0,0.602,0.0369,0.0707,0.0368,NA,"K03203",0.999598920863309,1,FALSE,FALSE,FALSE,FALSE
"K03204",0.138,0,0.602,0.0369,0.0707,0.0368,NA,"K03204",0.999598920863309,1,FALSE,FALSE,FALSE,FALSE
"K03195",0.138,0,0.602,0.0369,0.0707,0.0368,NA,"K03195",0.999598920863309,1,FALSE,FALSE,FALSE,FALSE
"K03196",0.138,0,0.602,0.0369,0.0707,0.0368,NA,"K03196",0.999598920863309,1,FALSE,FALSE,FALSE,FALSE
"K22905",0.064,0,0.169,0.131,0.0952,0.0968,NA,"K22905",0.778457221711132,1,FALSE,FALSE,FALSE,FALSE
"K05337",0.192,0,0.923,0.0106,0.109,0.00683,NA,"K05337",0.999598920863309,1,FALSE,FALSE,FALSE,FALSE
"K05898",0.163,0,0.0826,0.11,0.0631,0.122,NA,"K05898",0.589635524475524,1,FALSE,FALSE,FALSE,FALSE
"K03300",0.443,0,0.372,0.116,0.13,0.063,NA,"K03300",0.97633889468196,1,FALSE,FALSE,FALSE,FALSE
"K22879",0.163,0,0.441,0.0829,0.107,0.0544,NA,"K22879",0.999598920863309,1,FALSE,FALSE,FALSE,FALSE
"K17760",0.069,0,0.567,-0.079,0.138,0.0404,NA,"K17760",0.999598920863309,1,FALSE,FALSE,FALSE,FALSE
"K27837",0.335,0,0.0344,0.399,0.187,0.149,NA,"K27837",0.452952835051546,1,FALSE,FALSE,FALSE,FALSE
"K07133",0.0985,0,0.652,0.0393,0.0872,0.0318,NA,"K07133",0.999598920863309,1,FALSE,FALSE,FALSE,FALSE
"K06601",0.123,0,0.322,0.487,0.49,0.0699,NA,"K06601,K06602",0.955126777251185,1,FALSE,FALSE,FALSE,FALSE
"K00064",0.458,0,0.919,-0.00487,0.0479,0.00717,NA,"K00064",0.999598920863309,1,FALSE,FALSE,FALSE,FALSE
"K26744",0.0788,0,0.573,-0.0496,0.088,0.0398,NA,"K26744",0.999598920863309,1,FALSE,FALSE,FALSE,FALSE
"K00692",0.148,0,0.787,-0.0225,0.0829,0.0191,NA,"K00692",0.999598920863309,1,FALSE,FALSE,FALSE,FALSE
"K07535",0.0542,0,0.601,0.0419,0.08,0.0369,NA,"K07535",0.999598920863309,1,FALSE,FALSE,FALSE,FALSE
"K16516",0.0887,0,0.766,-0.0226,0.0761,0.021,NA,"K16516",0.999598920863309,1,FALSE,FALSE,FALSE,FALSE
"K02229",0.335,0,7.87e-05,0.757,0.188,0.273,NA,"K02229",0.01313503,0.3940509,TRUE,FALSE,TRUE,FALSE
"K02228",0.3,0,0.00488,0.454,0.16,0.197,NA,"K02228",0.161815629139073,1,FALSE,FALSE,FALSE,FALSE
"K15063",0.0246,0,0.417,-0.394,0.485,0.0573,NA,"K15063",0.998526542324247,1,FALSE,FALSE,FALSE,FALSE
"K11163",0.0985,0,0.101,0.116,0.0704,0.115,NA,"K11163",0.63134456928839,1,FALSE,FALSE,FALSE,FALSE
"K23948",0.177,0,0.202,-0.101,0.0789,0.0899,NA,"K23948",0.8345,1,FALSE,FALSE,FALSE,FALSE
"K18197",0.0542,0,0.972,-0.00553,0.159,0.00245,NA,"K18197",0.999598920863309,1,FALSE,FALSE,FALSE,FALSE
"K24967",0.453,0,0.231,-0.0757,0.063,0.0845,NA,"K24967",0.880896420411272,1,FALSE,FALSE,FALSE,FALSE
"K07722",0.0394,0,0.574,0.094,0.167,0.0397,NA,"K07722",0.999598920863309,1,FALSE,FALSE,FALSE,FALSE
"K05886",0.069,0,0.0226,-0.849,0.369,0.16,NA,"K05886",0.376353973509934,1,FALSE,FALSE,FALSE,FALSE
"K13609",0.315,0,0.0382,0.283,0.135,0.146,NA,"K13609",0.466505853658537,1,FALSE,FALSE,FALSE,FALSE
"K18459",0.163,0,0.478,-0.0961,0.135,0.0501,NA,"K18459",0.999598920863309,1,FALSE,FALSE,FALSE,FALSE
"K10621",0.108,0,0.122,0.113,0.0729,0.109,NA,"K10621",0.680238307349666,1,FALSE,FALSE,FALSE,FALSE
"K22303",0.236,0,0.474,-0.0436,0.0607,0.0506,NA,"K22303",0.999598920863309,1,FALSE,FALSE,FALSE,FALSE
"K02277",0.34,0,0.00224,0.272,0.0879,0.213,NA,"K02277",0.113289696969697,1,FALSE,FALSE,FALSE,FALSE
"K05797",0.069,0,0.94,-0.0071,0.0936,0.00535,NA,"K05797",0.999598920863309,1,FALSE,FALSE,FALSE,FALSE
"K18383",0.128,0,0.104,-0.1,0.0613,0.114,NA,"K18383",0.635809523809524,1,FALSE,FALSE,FALSE,FALSE
"K15066",0.0246,0,0.517,0.0755,0.116,0.0457,NA,"K15066",0.999598920863309,1,FALSE,FALSE,FALSE,FALSE
"K24012",0.0788,0,0.0247,-0.239,0.106,0.158,NA,"K24012",0.389258934169279,1,FALSE,FALSE,FALSE,FALSE
"K15782",0.266,0,0.0895,0.117,0.0683,0.119,NA,"K15782",0.601512080536913,1,FALSE,FALSE,FALSE,FALSE
"K22737",0.108,0,0.00171,1.01,0.316,0.219,NA,"K22737",0.0995577906976744,1,FALSE,FALSE,TRUE,FALSE
"K01843",0.202,0,0.772,0.0504,0.174,0.0204,NA,"K01843",0.999598920863309,1,FALSE,FALSE,FALSE,FALSE
"K13582",0.0837,0,0.699,0.376,0.973,0.0273,NA,"K13582",0.999598920863309,1,FALSE,FALSE,FALSE,FALSE
"K12252",0.281,0,0.0186,0.349,0.147,0.165,NA,"K12252",0.346208921933085,1,FALSE,FALSE,FALSE,FALSE
"K09826",0.0985,0,0.921,-0.0369,0.373,0.00699,NA,"K09826",0.999598920863309,1,FALSE,FALSE,FALSE,FALSE
"K01854",0.236,0,0.14,0.0955,0.0644,0.104,NA,"K01854",0.718175757575757,1,FALSE,FALSE,FALSE,FALSE
"K10564",0.0837,0,0.699,0.376,0.973,0.0273,NA,"K10564",0.999598920863309,1,FALSE,FALSE,FALSE,FALSE
"K10565",0.0837,0,0.699,0.376,0.973,0.0273,NA,"K10565",0.999598920863309,1,FALSE,FALSE,FALSE,FALSE
"K21603",0.0837,0,0.699,0.376,0.973,0.0273,NA,"K21603",0.999598920863309,1,FALSE,FALSE,FALSE,FALSE
"K10235",0.103,0,0.223,0.529,0.433,0.0858,NA,"K10235",0.874362568519969,1,FALSE,FALSE,FALSE,FALSE
"K13772",0.0837,0,0.699,0.376,0.973,0.0273,NA,"K13772",0.999598920863309,1,FALSE,FALSE,FALSE,FALSE
"K22217",0.0837,0,0.699,0.376,0.973,0.0273,NA,"K22217",0.999598920863309,1,FALSE,FALSE,FALSE,FALSE
"K22215",0.0985,0,0.000717,-1.19,0.347,0.236,NA,"K22215",0.0579035322580645,1,FALSE,FALSE,TRUE,FALSE
"K18098",0.138,0,0.958,-0.015,0.287,0.00368,NA,"K18098",0.999598920863309,1,FALSE,FALSE,FALSE,FALSE
"K16783",0.128,0,0.132,0.17,0.112,0.106,NA,"K16783",0.704609808102345,1,FALSE,FALSE,FALSE,FALSE
"K16784",0.222,0,0.374,0.102,0.114,0.0628,NA,"K16784",0.97633889468196,1,FALSE,FALSE,FALSE,FALSE
"K21700",0.148,0,0.00877,0.593,0.224,0.184,NA,"K21700",0.227779585492228,1,FALSE,FALSE,FALSE,FALSE
"K01133",0.32,0,0.25,0.142,0.123,0.0811,NA,"K01133",0.899245689655172,1,FALSE,FALSE,FALSE,FALSE
"K18234",0.163,0,0.864,0.00957,0.0558,0.0121,NA,"K18234",0.999598920863309,1,FALSE,FALSE,FALSE,FALSE
"K18918",0.0739,0,0.578,0.0373,0.0669,0.0392,NA,"K18918",0.999598920863309,1,FALSE,FALSE,FALSE,FALSE
"K07104",0.335,0,0.319,0.216,0.216,0.0703,NA,"K07104",0.950168352171327,1,FALSE,FALSE,FALSE,FALSE
"K05568",0.389,0,0.191,0.295,0.225,0.0921,NA,"K05568",0.811831069609508,1,FALSE,FALSE,FALSE,FALSE
"K05569",0.394,0,0.468,0.141,0.193,0.0512,NA,"K05569",0.999598920863309,1,FALSE,FALSE,FALSE,FALSE
"K11357",0.0837,0,0.699,0.376,0.973,0.0273,NA,"K11357",0.999598920863309,1,FALSE,FALSE,FALSE,FALSE
"K07716",0.0837,0,0.699,0.376,0.973,0.0273,NA,"K07716",0.999598920863309,1,FALSE,FALSE,FALSE,FALSE
"K18305",0.069,0,0.572,-0.0464,0.0819,0.0399,NA,"K18305",0.999598920863309,1,FALSE,FALSE,FALSE,FALSE
"K12256",0.296,0,0.985,-0.00305,0.162,0.00133,NA,"K12256",0.999598920863309,1,FALSE,FALSE,FALSE,FALSE
"K06952",0.128,0,0.236,-0.105,0.0879,0.0836,NA,"K06952",0.887792637114951,1,FALSE,FALSE,FALSE,FALSE
"K08744",0.0936,0,0.707,-0.0364,0.0967,0.0265,NA,"K08744",0.999598920863309,1,FALSE,FALSE,FALSE,FALSE
"K04343",0.276,0,0.00422,0.249,0.086,0.2,NA,"K04343",0.15021,1,FALSE,FALSE,FALSE,FALSE
"K02488",0.177,0,0.0582,0.158,0.0832,0.133,NA,"K02488",0.563005997001499,1,FALSE,FALSE,FALSE,FALSE
"K25885",0.0837,0,0.699,0.376,0.973,0.0273,NA,"K25885",0.999598920863309,1,FALSE,FALSE,FALSE,FALSE
"K09949",0.103,0,0.421,0.756,0.936,0.0568,NA,"K09949,K12989,K18996",0.998553765987684,1,FALSE,FALSE,FALSE,FALSE
"K03937",0.0936,0,0.00461,0.51,0.178,0.198,NA,"K03937",0.156594765100671,1,FALSE,FALSE,FALSE,FALSE
"K01004",0.251,0,2.33e-05,0.716,0.165,0.292,NA,"K01004",0.00648128333333333,0.1166631,TRUE,FALSE,TRUE,FALSE
"K22684",0.148,0,0.0815,0.116,0.0661,0.123,NA,"K22684",0.587151798561151,1,FALSE,FALSE,FALSE,FALSE
"K00720",0.0345,0,0.979,-0.00399,0.15,0.00188,NA,"K00720",0.999598920863309,1,FALSE,FALSE,FALSE,FALSE
"K07504",0.148,0,0.12,-0.0783,0.0502,0.109,NA,"K07504",0.675101123595506,1,FALSE,FALSE,FALSE,FALSE
"K13786",0.0837,0,0.699,0.376,0.973,0.0273,NA,"K13786",0.999598920863309,1,FALSE,FALSE,FALSE,FALSE
"K27080",0.241,0,0.827,0.0155,0.0705,0.0155,NA,"K27080",0.999598920863309,1,FALSE,FALSE,FALSE,FALSE
"K21829",0.256,0,3.55e-05,0.784,0.185,0.286,NA,"K21829",0.008887425,0.1777485,TRUE,FALSE,TRUE,FALSE
"K14083",0.0985,0,0.176,0.451,0.332,0.0954,NA,"K14083",0.787517426273458,1,FALSE,FALSE,FALSE,FALSE
"K16568",0.276,0,0.246,0.0687,0.059,0.0818,NA,"K16568",0.897756559766764,1,FALSE,FALSE,FALSE,FALSE
"K20807",0.148,0,0.966,0.00344,0.0813,0.00299,NA,"K20807",0.999598920863309,1,FALSE,FALSE,FALSE,FALSE
"K01721",0.163,0,0.348,-0.0679,0.0723,0.0661,NA,"K01721",0.962248348017621,1,FALSE,FALSE,FALSE,FALSE
"K00895",0.0985,0,0.948,-0.0418,0.641,0.0046,NA,"K00895",0.999598920863309,1,FALSE,FALSE,FALSE,FALSE
"K27497",0.103,0,0.353,0.29,0.311,0.0655,NA,"K27497",0.963199455040872,1,FALSE,FALSE,FALSE,FALSE
"K08299",0.0985,0,0.000148,1.03,0.267,0.263,NA,"K08299",0.0211724571428571,0.741036,TRUE,FALSE,TRUE,FALSE
"K17509",0.113,0,0.453,0.114,0.152,0.0529,NA,"K17509",0.999598920863309,1,FALSE,FALSE,FALSE,FALSE
"K00314",0.0837,0,0.14,0.26,0.175,0.104,NA,"K00314",0.718175757575757,1,FALSE,FALSE,FALSE,FALSE
"K00315",0.133,0,0.379,0.445,0.505,0.0621,NA,"K00315",0.981206308169597,1,FALSE,FALSE,FALSE,FALSE
"K09702",0.202,0,0.281,-0.0858,0.0794,0.076,NA,"K09702",0.9257734375,1,FALSE,FALSE,FALSE,FALSE
"K13503",0.0837,0,0.699,0.376,0.973,0.0273,NA,"K13503",0.999598920863309,1,FALSE,FALSE,FALSE,FALSE
"K01938",0.236,0,0.707,0.0543,0.144,0.0265,NA,"K01938",0.999598920863309,1,FALSE,FALSE,FALSE,FALSE
"K06606",0.212,0,0.333,-0.0565,0.0582,0.0683,NA,"K06606",0.958482857142857,1,FALSE,FALSE,FALSE,FALSE
"K17213",0.167,0,0.756,0.0265,0.0853,0.0219,NA,"K17213",0.999598920863309,1,FALSE,FALSE,FALSE,FALSE
"K17215",0.158,0,0.708,0.0332,0.0884,0.0265,NA,"K17215",0.999598920863309,1,FALSE,FALSE,FALSE,FALSE
"K17214",0.163,0,0.748,0.0275,0.0856,0.0227,NA,"K17214",0.999598920863309,1,FALSE,FALSE,FALSE,FALSE
"K25027",0.212,0,0.305,0.118,0.115,0.0723,NA,"K25027",0.942675925925926,1,FALSE,FALSE,FALSE,FALSE
"K22086",0.0985,0,0.00302,0.772,0.257,0.207,NA,"K22086",0.131488173913043,1,FALSE,FALSE,FALSE,FALSE
"K22085",0.108,0,0.0715,0.582,0.321,0.127,NA,"K22084,K22085",0.563005997001499,1,FALSE,FALSE,FALSE,FALSE
"K21134",0.187,0,0.2,0.112,0.0868,0.0904,NA,"K21134",0.83103734439834,1,FALSE,FALSE,FALSE,FALSE
"K21137",0.177,0,0.271,0.102,0.0925,0.0776,NA,"K21137",0.918343897505057,1,FALSE,FALSE,FALSE,FALSE
"K21136",0.148,0,0.136,0.166,0.111,0.105,NA,"K21136",0.715285714285714,1,FALSE,FALSE,FALSE,FALSE
"K15975",0.241,0,0.828,0.0597,0.275,0.0153,NA,"K15975",0.999598920863309,1,FALSE,FALSE,FALSE,FALSE
"K16653",0.158,0,0.809,0.0191,0.0789,0.0171,NA,"K16653",0.999598920863309,1,FALSE,FALSE,FALSE,FALSE
"K14136",0.0936,0,0.495,0.0474,0.0693,0.0481,NA,"K14136",0.999598920863309,1,FALSE,FALSE,FALSE,FALSE
"K09769",0.227,0,0.603,0.393,0.755,0.0367,NA,"K09769",0.999598920863309,1,FALSE,FALSE,FALSE,FALSE
"K09957",0.217,0,0.11,-0.162,0.101,0.113,NA,"K09957",0.651798816568047,1,FALSE,FALSE,FALSE,FALSE
"K00808",0.118,0,0.0681,0.181,0.0985,0.128,NA,"K00808",0.563005997001499,1,FALSE,FALSE,FALSE,FALSE
"K09795",0.0837,0,0.699,0.376,0.973,0.0273,NA,"K09795",0.999598920863309,1,FALSE,FALSE,FALSE,FALSE
"K26399",0.236,0,0.0985,0.108,0.0649,0.116,NA,"K26399",0.629068239795918,1,FALSE,FALSE,FALSE,FALSE
"K19181",0.123,0,0.0226,0.202,0.088,0.16,NA,"K19181",0.376353973509934,1,FALSE,FALSE,FALSE,FALSE
"K02638",0.0739,0,0.0127,1.02,0.405,0.175,NA,"K02638,K16552,K16553,K16559,K16563,K16565",0.282617333333333,1,FALSE,FALSE,FALSE,FALSE
"K06867",0.197,0,0.623,-0.0517,0.105,0.0347,NA,"K06867",0.999598920863309,1,FALSE,FALSE,FALSE,FALSE
"K14977",0.325,0,0.0325,0.186,0.0865,0.15,NA,"K14977",0.43944414893617,1,FALSE,FALSE,FALSE,FALSE
"K01055",0.33,0,0.118,0.19,0.121,0.11,NA,"K01055",0.669112117780294,1,FALSE,FALSE,FALSE,FALSE
"K00448",0.414,0,0.648,0.06,0.131,0.0323,NA,"K00448",0.999598920863309,1,FALSE,FALSE,FALSE,FALSE
"K02133",0.108,0,0.00309,-0.894,0.299,0.207,NA,"K02133",0.131824921875,1,FALSE,FALSE,FALSE,FALSE
"K22843",0.266,0,0.646,-0.0628,0.136,0.0324,NA,"K22843",0.999598920863309,1,FALSE,FALSE,FALSE,FALSE
"K09799",0.133,0,0.624,-0.0635,0.129,0.0347,NA,"K09799",0.999598920863309,1,FALSE,FALSE,FALSE,FALSE
"K00949",0.276,0,0.961,-0.0196,0.398,0.00348,NA,"K00949",0.999598920863309,1,FALSE,FALSE,FALSE,FALSE
"K24819",0.0837,0,0.699,0.376,0.973,0.0273,NA,"K24819",0.999598920863309,1,FALSE,FALSE,FALSE,FALSE
"K26065",0.276,0,8.14e-05,1.04,0.257,0.273,NA,"K26065",0.0131474129032258,0.4075698,TRUE,FALSE,TRUE,FALSE
"K26064",0.187,0,0.083,0.218,0.125,0.122,NA,"K26064",0.589635524475524,1,FALSE,FALSE,FALSE,FALSE
"K03381",0.315,0,0.112,0.102,0.0638,0.112,NA,"K03381",0.656655737704918,1,FALSE,FALSE,FALSE,FALSE
"K10676",0.0591,0,0.841,0.0162,0.0805,0.0142,NA,"K10676",0.999598920863309,1,FALSE,FALSE,FALSE,FALSE
"K24258",0.103,0,0.662,-0.0333,0.0761,0.0308,NA,"K24258",0.999598920863309,1,FALSE,FALSE,FALSE,FALSE
"K00663",0.123,0,2.77e-05,-0.574,0.134,0.29,NA,"K00663",0.00729967894736842,0.1386939,TRUE,FALSE,TRUE,FALSE
"K19689",0.256,0,0.355,-0.0923,0.0995,0.0653,NA,"K19689",0.963406504065041,1,FALSE,FALSE,FALSE,FALSE
"K08688",0.113,0,0.503,0.0719,0.107,0.0473,NA,"K08688",0.999598920863309,1,FALSE,FALSE,FALSE,FALSE
"K23248",0.0788,0,0.879,0.0126,0.0825,0.0107,NA,"K23248",0.999598920863309,1,FALSE,FALSE,FALSE,FALSE
"K09684",0.33,0,0.914,0.0122,0.113,0.0076,NA,"K09684",0.999598920863309,1,FALSE,FALSE,FALSE,FALSE
"K23462",0.0788,0,0.669,0.0373,0.0871,0.0302,NA,"K23462",0.999598920863309,1,FALSE,FALSE,FALSE,FALSE
"K23463",0.232,0,0.0894,-0.0931,0.0546,0.12,NA,"K23463",0.601512080536913,1,FALSE,FALSE,FALSE,FALSE
"K23464",0.192,0,0.75,-0.0221,0.0694,0.0225,NA,"K23464",0.999598920863309,1,FALSE,FALSE,FALSE,FALSE
"K23465",0.202,0,0.487,-0.0441,0.0633,0.0491,NA,"K23465",0.999598920863309,1,FALSE,FALSE,FALSE,FALSE
"K21617",0.0148,0,0.639,0.1,0.213,0.0332,NA,"K21617",0.999598920863309,1,FALSE,FALSE,FALSE,FALSE
"K16873",0.0443,0,0.572,0.0632,0.112,0.0399,NA,"K16873",0.999598920863309,1,FALSE,FALSE,FALSE,FALSE
"K25873",0.0246,0,0.025,0.212,0.094,0.157,NA,"K25873",0.391171875,1,FALSE,FALSE,FALSE,FALSE
"K20249",0.0148,0,0.241,0.13,0.11,0.0827,NA,"K20249",0.892519970414201,1,FALSE,FALSE,FALSE,FALSE
"K01621",0.296,0,0.107,0.114,0.0701,0.114,NA,"K01621",0.645480722891566,1,FALSE,FALSE,FALSE,FALSE
"K20539",0.069,0,0.623,0.0572,0.116,0.0347,NA,"K20539",0.999598920863309,1,FALSE,FALSE,FALSE,FALSE
"K13028",0.0542,0,0.512,0.047,0.0714,0.0463,NA,"K13028",0.999598920863309,1,FALSE,FALSE,FALSE,FALSE
"K14166",0.113,0,0.706,0.0482,0.128,0.0266,NA,"K14166",0.999598920863309,1,FALSE,FALSE,FALSE,FALSE
"K04747",0.0936,0,0.509,0.0889,0.134,0.0466,NA,"K04747",0.999598920863309,1,FALSE,FALSE,FALSE,FALSE
"K02305",0.202,0,0.708,-0.0314,0.0838,0.0265,NA,"K02305",0.999598920863309,1,FALSE,FALSE,FALSE,FALSE
"K00368",0.246,0,0.345,-0.0862,0.091,0.0666,NA,"K00368",0.962031561461794,1,FALSE,FALSE,FALSE,FALSE
"K21564",0.123,0,0.435,0.205,0.262,0.0551,NA,"K21564",0.999598920863309,1,FALSE,FALSE,FALSE,FALSE
"K22025",0.123,0,0.922,-0.0102,0.104,0.00689,NA,"K22025",0.999598920863309,1,FALSE,FALSE,FALSE,FALSE
"K10709",0.0788,0,0.743,0.0264,0.0802,0.0232,NA,"K10709",0.999598920863309,1,FALSE,FALSE,FALSE,FALSE
"K07473",0.0739,0,0.346,-0.0638,0.0675,0.0665,NA,"K07473",0.962031561461794,1,FALSE,FALSE,FALSE,FALSE
"K01635",0.0296,0,0.36,-0.0773,0.0843,0.0646,NA,"K01635",0.971708894878706,1,FALSE,FALSE,FALSE,FALSE
"K01473",0.261,0,0.673,-0.0183,0.0432,0.0298,NA,"K01473",0.999598920863309,1,FALSE,FALSE,FALSE,FALSE
"K03202",0.0542,0,0.716,-0.0292,0.0801,0.0257,NA,"K03202",0.999598920863309,1,FALSE,FALSE,FALSE,FALSE
"K05373",0.069,0,0.438,-0.0747,0.0962,0.0547,NA,"K05373",0.999598920863309,1,FALSE,FALSE,FALSE,FALSE
"K05878",0.34,0,0.938,0.00763,0.0984,0.00546,NA,"K05878",0.999598920863309,1,FALSE,FALSE,FALSE,FALSE
"K05879",0.222,0,0.0491,0.23,0.116,0.138,NA,"K05879",0.528696129032258,1,FALSE,FALSE,FALSE,FALSE
"K00862",0.103,0,0.237,0.159,0.134,0.0834,NA,"K00862",0.888217814371257,1,FALSE,FALSE,FALSE,FALSE
"K01628",0.148,0,0.0458,0.182,0.0904,0.14,NA,"K01628",0.509561946902655,1,FALSE,FALSE,FALSE,FALSE
"K15783",0.187,0,0.739,0.0245,0.0734,0.0235,NA,"K15783",0.999598920863309,1,FALSE,FALSE,FALSE,FALSE
"K15784",0.182,0,0.793,0.0217,0.083,0.0185,NA,"K15784",0.999598920863309,1,FALSE,FALSE,FALSE,FALSE
"K03652",0.512,0,0.353,0.0779,0.0837,0.0655,NA,"K03652",0.963199455040872,1,FALSE,FALSE,FALSE,FALSE
"K00004",0.271,0,0.716,0.0216,0.0594,0.0257,NA,"K00004",0.999598920863309,1,FALSE,FALSE,FALSE,FALSE
"K23245",0.0985,0,0.943,0.00529,0.0741,0.00503,NA,"K23245",0.999598920863309,1,FALSE,FALSE,FALSE,FALSE
"K23244",0.064,0,0.532,0.0536,0.0855,0.0442,NA,"K23244",0.999598920863309,1,FALSE,FALSE,FALSE,FALSE
"K23246",0.064,0,0.976,-0.00237,0.0796,0.0021,NA,"K23246",0.999598920863309,1,FALSE,FALSE,FALSE,FALSE
"K24268",0.0197,0,0.758,-0.0322,0.104,0.0218,NA,"K24268",0.999598920863309,1,FALSE,FALSE,FALSE,FALSE
"K12978",0.0887,0,0.383,0.297,0.34,0.0616,NA,"K12978",0.981915514592934,1,FALSE,FALSE,FALSE,FALSE
"K15408",0.133,0,0.82,0.0202,0.0885,0.0161,NA,"K15408",0.999598920863309,1,FALSE,FALSE,FALSE,FALSE
"K02351",0.291,0,0.0465,0.267,0.133,0.14,NA,"K02351",0.512831497797357,1,FALSE,FALSE,FALSE,FALSE
"K20938",0.399,0,0.0423,0.208,0.102,0.143,NA,"K20938",0.488038620689655,1,FALSE,FALSE,FALSE,FALSE
"K09472",0.419,0,0.408,0.0784,0.0947,0.0583,NA,"K09472",0.995165229885058,1,FALSE,FALSE,FALSE,FALSE
"K06350",0.236,0,0.526,0.0563,0.0885,0.0448,NA,"K06350",0.999598920863309,1,FALSE,FALSE,FALSE,FALSE
"K11263",0.172,0,0.506,0.144,0.217,0.047,NA,"K11263",0.999598920863309,1,FALSE,FALSE,FALSE,FALSE
"K25029",0.0148,0,0.722,0.0435,0.122,0.0251,NA,"K25029",0.999598920863309,1,FALSE,FALSE,FALSE,FALSE
"K10710",0.138,0,0.672,-0.0287,0.0677,0.0299,NA,"K10710",0.999598920863309,1,FALSE,FALSE,FALSE,FALSE
"K19510",0.103,0,0.63,0.0347,0.0719,0.034,NA,"K19510",0.999598920863309,1,FALSE,FALSE,FALSE,FALSE
"K21911",0.0788,0,0.00255,0.994,0.325,0.211,NA,"K21910,K21911",0.121868490566038,1,FALSE,FALSE,FALSE,FALSE
"K21909",0.0887,0,0.0443,0.448,0.221,0.141,NA,"K21054,K21909",0.499572297297297,1,FALSE,FALSE,FALSE,FALSE
"K17204",0.103,0,0.802,-0.0206,0.0817,0.0177,NA,"K17202,K17203,K17204",0.999598920863309,1,FALSE,FALSE,FALSE,FALSE
"K18201",0.271,0,0.00989,0.299,0.115,0.181,NA,"K18201",0.24959895,1,FALSE,FALSE,FALSE,FALSE
"K22551",0.148,0,0.834,-0.0165,0.0787,0.0148,NA,"K22551",0.999598920863309,1,FALSE,FALSE,FALSE,FALSE
"K18334",0.266,0,0.248,0.0769,0.0664,0.0814,NA,"K18334",0.898877433309301,1,FALSE,FALSE,FALSE,FALSE
"K00096",0.0345,0,0.884,-0.0315,0.215,0.0103,NA,"K00096",0.999598920863309,1,FALSE,FALSE,FALSE,FALSE
"K06978",0.374,0,0.838,-0.0111,0.0544,0.0144,NA,"K06978",0.999598920863309,1,FALSE,FALSE,FALSE,FALSE
"K21252",0.0296,0,0.493,0.113,0.164,0.0484,NA,"K21252",0.999598920863309,1,FALSE,FALSE,FALSE,FALSE
"K05884",0.0837,0,0.0914,-0.146,0.086,0.119,NA,"K05884",0.602157631578947,1,FALSE,FALSE,FALSE,FALSE
"K05346",0.246,0,0.338,0.0726,0.0756,0.0676,NA,"K05346",0.962031561461794,1,FALSE,FALSE,FALSE,FALSE
"K00128",0.384,0,0.597,0.0388,0.0731,0.0374,NA,"K00128",0.999598920863309,1,FALSE,FALSE,FALSE,FALSE
"K01506",0.31,0,0.248,0.133,0.115,0.0815,NA,"K01506",0.898877433309301,1,FALSE,FALSE,FALSE,FALSE
"K19687",0.0788,0,0.943,-0.011,0.153,0.00507,NA,"K19687",0.999598920863309,1,FALSE,FALSE,FALSE,FALSE
"K07076",0.0887,0,0.298,-0.114,0.109,0.0733,NA,"K07076",0.937829038340666,1,FALSE,FALSE,FALSE,FALSE
"K16555",0.0837,0,0.198,0.165,0.127,0.0907,NA,"K16555",0.828225563909775,1,FALSE,FALSE,FALSE,FALSE
"K16556",0.0837,0,0.916,-0.0145,0.138,0.00746,NA,"K16556",0.999598920863309,1,FALSE,FALSE,FALSE,FALSE
"K16558",0.0837,0,0.931,-0.0158,0.181,0.00616,NA,"K16558",0.999598920863309,1,FALSE,FALSE,FALSE,FALSE
"K16562",0.0788,0,0.33,0.168,0.172,0.0687,NA,"K16562,K16564",0.958482857142857,1,FALSE,FALSE,FALSE,FALSE
"K16566",0.419,0,0.316,0.063,0.0627,0.0707,NA,"K16566",0.950168352171327,1,FALSE,FALSE,FALSE,FALSE
"K22935",0.0985,0,0.951,0.0132,0.216,0.0043,NA,"K22935",0.999598920863309,1,FALSE,FALSE,FALSE,FALSE
"K01820",0.241,0,0.567,0.0651,0.114,0.0404,NA,"K01820",0.999598920863309,1,FALSE,FALSE,FALSE,FALSE
"K12685",0.177,0,0.00178,-0.247,0.0781,0.218,NA,"K12685",0.100678387096774,1,FALSE,FALSE,FALSE,FALSE
"K17205",0.0197,0,0.000908,0.449,0.133,0.231,NA,"K17205,K17206,K17207",0.0678560597014925,1,FALSE,FALSE,TRUE,FALSE
"K00046",0.256,0,0.663,-0.0275,0.063,0.0308,NA,"K00046",0.999598920863309,1,FALSE,FALSE,FALSE,FALSE
"K15785",0.207,0,0.872,0.0138,0.0853,0.0114,NA,"K15785",0.999598920863309,1,FALSE,FALSE,FALSE,FALSE
"K15786",0.187,0,0.453,0.0694,0.0924,0.0529,NA,"K15786",0.999598920863309,1,FALSE,FALSE,FALSE,FALSE
"K14205",0.527,0,0.39,-0.0913,0.106,0.0606,NA,"K14205",0.987758324924319,1,FALSE,FALSE,FALSE,FALSE
"K26731",0.0739,0,0.0263,-0.261,0.117,0.156,NA,"K26731",0.405181846153846,1,FALSE,FALSE,FALSE,FALSE
"K11537",0.0296,0,0.939,-0.0193,0.251,0.00542,NA,"K11537",0.999598920863309,1,FALSE,FALSE,FALSE,FALSE
"K01417",0.0493,0,0.899,-0.0103,0.0806,0.00899,NA,"K01417",0.999598920863309,1,FALSE,FALSE,FALSE,FALSE
"K26730",0.0591,0,0.798,0.0389,0.152,0.0181,NA,"K26730",0.999598920863309,1,FALSE,FALSE,FALSE,FALSE
"K01195",0.0542,0,0.31,-0.0988,0.0971,0.0716,NA,"K01195",0.949920440636475,1,FALSE,FALSE,FALSE,FALSE
"K15923",0.108,0,0.418,-0.124,0.153,0.0572,NA,"K15923",0.998553765987684,1,FALSE,FALSE,FALSE,FALSE
"K15924",0.0591,0,0.101,-0.563,0.342,0.115,NA,"K15924",0.63134456928839,1,FALSE,FALSE,FALSE,FALSE
"K01569",0.069,0,0.363,0.0932,0.102,0.0642,NA,"K01569",0.975736785904965,1,FALSE,FALSE,FALSE,FALSE
"K09932",0.34,0,0.0447,0.13,0.0643,0.141,NA,"K09932",0.50182264573991,1,FALSE,FALSE,FALSE,FALSE
"K09003",0.118,0,0.0127,-0.706,0.281,0.175,NA,"K09003",0.282617333333333,1,FALSE,FALSE,FALSE,FALSE
"K09166",0.123,0,0.785,0.0384,0.141,0.0192,NA,"K09166",0.999598920863309,1,FALSE,FALSE,FALSE,FALSE
"K01201",0.0887,0,0.637,-0.147,0.312,0.0333,NA,"K01201",0.999598920863309,1,FALSE,FALSE,FALSE,FALSE
"K03332",0.246,0,0.16,0.0854,0.0605,0.0991,NA,"K03332",0.755061262959472,1,FALSE,FALSE,FALSE,FALSE
"K11383",0.192,0,0.345,0.508,0.537,0.0666,NA,"K11383",0.962031561461794,1,FALSE,FALSE,FALSE,FALSE
"K08982",0.103,0,0.543,-0.0718,0.118,0.0429,NA,"K08982",0.999598920863309,1,FALSE,FALSE,FALSE,FALSE
"K20999",0.0591,0,0.868,-0.0283,0.171,0.0117,NA,"K20999",0.999598920863309,1,FALSE,FALSE,FALSE,FALSE
"K07074",0.236,0,0.647,0.0275,0.0599,0.0323,NA,"K07074",0.999598920863309,1,FALSE,FALSE,FALSE,FALSE
"K01728",0.108,0,0.779,0.0262,0.0931,0.0198,NA,"K01728",0.999598920863309,1,FALSE,FALSE,FALSE,FALSE
"K07480",0.0246,0,0.757,0.103,0.331,0.0218,NA,"K07480",0.999598920863309,1,FALSE,FALSE,FALSE,FALSE
"K09805",0.0148,0,0.919,-0.0255,0.249,0.00722,NA,"K09805",0.999598920863309,1,FALSE,FALSE,FALSE,FALSE
"K07339",0.0394,0,0.075,-0.145,0.0811,0.125,NA,"K07339",0.563005997001499,1,FALSE,FALSE,FALSE,FALSE
"K21574",0.0345,0,0.903,-0.063,0.515,0.00864,NA,"K21574",0.999598920863309,1,FALSE,FALSE,FALSE,FALSE
"K03918",0.0443,0,0.762,0.161,0.531,0.0214,NA,"K03918",0.999598920863309,1,FALSE,FALSE,FALSE,FALSE
"K19997",0.0394,0,0.0417,-0.28,0.137,0.143,NA,"K19997",0.485562558139535,1,FALSE,FALSE,FALSE,FALSE
"K17947",0.0739,0,0.545,0.0592,0.0977,0.0427,NA,"K17947",0.999598920863309,1,FALSE,FALSE,FALSE,FALSE
"K19005",0.369,0,0.63,0.0401,0.0832,0.034,NA,"K19005",0.999598920863309,1,FALSE,FALSE,FALSE,FALSE
"K01641",0.0246,0,0.935,-0.044,0.536,0.00579,NA,"K01641",0.999598920863309,1,FALSE,FALSE,FALSE,FALSE
"K13236",0.0493,0,0.944,-0.0301,0.425,0.005,NA,"K13236",0.999598920863309,1,FALSE,FALSE,FALSE,FALSE
"K08715",0.0591,0,0.217,0.628,0.507,0.0871,NA,"K08715",0.864374701670644,1,FALSE,FALSE,FALSE,FALSE
"K07559",0.064,0,0.65,-0.0487,0.107,0.032,NA,"K07559",0.999598920863309,1,FALSE,FALSE,FALSE,FALSE
"K02839",0.069,0,0.087,0.163,0.0947,0.12,NA,"K02839",0.599875790921596,1,FALSE,FALSE,FALSE,FALSE
"K01798",0.0296,0,0.823,-0.182,0.816,0.0158,NA,"K01798",0.999598920863309,1,FALSE,FALSE,FALSE,FALSE
"K00034",0.197,0,0.188,-0.153,0.116,0.0928,NA,"K00034",0.808690721649485,1,FALSE,FALSE,FALSE,FALSE
"K20483",0.0345,0,0.594,-0.0663,0.124,0.0377,NA,"K20483",0.999598920863309,1,FALSE,FALSE,FALSE,FALSE
"K20274",0.064,0,0.438,-0.0983,0.127,0.0547,NA,"K20274",0.999598920863309,1,FALSE,FALSE,FALSE,FALSE
"K17362",0.0591,0,0.0889,0.162,0.095,0.12,NA,"K17362",0.601512080536913,1,FALSE,FALSE,FALSE,FALSE
"K12454",0.0246,0,0.427,0.233,0.293,0.056,NA,"K12454",0.998606694560669,1,FALSE,FALSE,FALSE,FALSE
"K08646",0.0394,0,0.852,-0.0305,0.163,0.0132,NA,"K08646",0.999598920863309,1,FALSE,FALSE,FALSE,FALSE
"K15773",0.236,0,0.347,-0.0469,0.0499,0.0663,NA,"K15773",0.962031561461794,1,FALSE,FALSE,FALSE,FALSE
"K13485",0.241,0,0.836,0.0179,0.0863,0.0146,NA,"K13485",0.999598920863309,1,FALSE,FALSE,FALSE,FALSE
"K25649",0.0788,0,0.103,-0.111,0.0676,0.115,NA,"K25649",0.635809523809524,1,FALSE,FALSE,FALSE,FALSE
"K17319",0.202,0,0.37,-0.135,0.15,0.0633,NA,"K17318,K17319,K17320",0.97633889468196,1,FALSE,FALSE,FALSE,FALSE
"K24003",0.0296,0,0.0207,0.406,0.174,0.162,NA,"K24003",0.362876655052265,1,FALSE,FALSE,FALSE,FALSE
"K24004",0.0246,0,0.482,0.372,0.529,0.0496,NA,"K24004",0.999598920863309,1,FALSE,FALSE,FALSE,FALSE
"K28691",0.0246,0,0.0804,-0.414,0.236,0.123,NA,"K28691",0.583788744588745,1,FALSE,FALSE,FALSE,FALSE
"K23359",0.0493,0,0.143,-0.286,0.194,0.103,NA,"K23359",0.719598994974874,1,FALSE,FALSE,FALSE,FALSE
"K28761",0.0296,0,0.238,-0.217,0.183,0.0832,NA,"K28761",0.889302985074627,1,FALSE,FALSE,FALSE,FALSE
"K22548",0.207,0,0.155,0.118,0.083,0.1,NA,"K22548",0.744089165867689,1,FALSE,FALSE,FALSE,FALSE
"K01846",0.0345,0,0.816,-0.0258,0.111,0.0164,NA,"K01846,K19268",0.999598920863309,1,FALSE,FALSE,FALSE,FALSE
"K06151",0.197,0,0.856,-0.0118,0.065,0.0128,NA,"K06151",0.999598920863309,1,FALSE,FALSE,FALSE,FALSE
"K06152",0.202,0,0.961,0.00297,0.0615,0.00341,NA,"K06152",0.999598920863309,1,FALSE,FALSE,FALSE,FALSE
"K13995",0.0837,0,0.454,-0.0482,0.0643,0.0528,NA,"K13995",0.999598920863309,1,FALSE,FALSE,FALSE,FALSE
"K17243",0.0542,0,0.967,-0.00347,0.0849,0.00288,NA,"K17241,K17242,K17243",0.999598920863309,1,FALSE,FALSE,FALSE,FALSE
"K05341",0.0591,0,0.927,-0.0118,0.129,0.00646,NA,"K05341",0.999598920863309,1,FALSE,FALSE,FALSE,FALSE
"K28637",0.0345,0,0.951,-0.0418,0.677,0.00435,NA,"K00290,K28637",0.999598920863309,1,FALSE,FALSE,FALSE,FALSE
"K26058",0.0246,0,0.333,0.406,0.418,0.0683,NA,"K26058",0.958482857142857,1,FALSE,FALSE,FALSE,FALSE
"K11603",0.0788,0,0.975,0.00265,0.0855,0.00219,NA,"K11603",0.999598920863309,1,FALSE,FALSE,FALSE,FALSE
"K13775",0.281,0,0.0944,0.236,0.14,0.118,NA,"K13775",0.614495454545455,1,FALSE,FALSE,FALSE,FALSE
"K03851",0.153,0,0.227,0.284,0.234,0.0852,NA,"K03851",0.877674903474903,1,FALSE,FALSE,FALSE,FALSE
"K04102",0.069,0,0.716,0.0251,0.0688,0.0257,NA,"K04102",0.999598920863309,1,FALSE,FALSE,FALSE,FALSE
"K21801",0.0887,0,0.183,0.117,0.0877,0.0938,NA,"K21801",0.798154181184669,1,FALSE,FALSE,FALSE,FALSE
"K25044",0.0936,0,0.642,-0.0538,0.116,0.0328,NA,"K25044",0.999598920863309,1,FALSE,FALSE,FALSE,FALSE
"K01796",0.276,0,0.994,0.000534,0.0768,0.00049,NA,"K01796",0.999598920863309,1,FALSE,FALSE,FALSE,FALSE
"K01474",0.192,0,0.599,-0.0231,0.0437,0.0372,NA,"K01474",0.999598920863309,1,FALSE,FALSE,FALSE,FALSE
"K22297",0.143,0,0.855,-0.0898,0.491,0.0129,NA,"K22297",0.999598920863309,1,FALSE,FALSE,FALSE,FALSE
"K15270",0.148,0,0.346,0.052,0.0551,0.0664,NA,"K15270",0.962031561461794,1,FALSE,FALSE,FALSE,FALSE
"K07048",0.158,0,0.238,-0.0754,0.0637,0.0831,NA,"K07048",0.889302985074627,1,FALSE,FALSE,FALSE,FALSE
"K00696",0.0296,0,0.664,0.193,0.443,0.0307,NA,"K00696",0.999598920863309,1,FALSE,FALSE,FALSE,FALSE
"K22314",0.246,0,0.0884,-0.488,0.285,0.12,NA,"K22314",0.601512080536913,1,FALSE,FALSE,FALSE,FALSE
"K08482",0.222,0,0.354,-0.0566,0.061,0.0653,NA,"K08482",0.963406504065041,1,FALSE,FALSE,FALSE,FALSE
"K13924",0.246,0,0.3,0.0531,0.0511,0.0731,NA,"K13924",0.9388125,1,FALSE,FALSE,FALSE,FALSE
"K06898",0.069,0,0.971,-0.0029,0.0808,0.00253,NA,"K06898,K09121",0.999598920863309,1,FALSE,FALSE,FALSE,FALSE
"K06864",0.113,0,0.939,-0.00619,0.0802,0.00545,NA,"K06864",0.999598920863309,1,FALSE,FALSE,FALSE,FALSE
"K24157",0.118,0,0.304,0.193,0.187,0.0724,NA,"K24157",0.941328385899814,1,FALSE,FALSE,FALSE,FALSE
"K28073",0.0345,0,0.461,0.0647,0.0875,0.0521,NA,"K28073",0.999598920863309,1,FALSE,FALSE,FALSE,FALSE
"K28519",0.103,0,0.0192,0.172,0.0728,0.164,NA,"K28519",0.34705559566787,1,FALSE,FALSE,FALSE,FALSE
"K21309",0.0246,0,0.539,0.137,0.222,0.0434,NA,"K21307,K21308,K21309",0.999598920863309,1,FALSE,FALSE,FALSE,FALSE
"K11414",0.3,0,0.689,-0.0411,0.102,0.0283,NA,"K11414",0.999598920863309,1,FALSE,FALSE,FALSE,FALSE
"K19702",0.0887,0,0.771,0.0316,0.109,0.0205,NA,"K19702",0.999598920863309,1,FALSE,FALSE,FALSE,FALSE
"K16922",0.256,0,0.798,0.0162,0.0631,0.0181,NA,"K16922",0.999598920863309,1,FALSE,FALSE,FALSE,FALSE
"K06986",0.133,0,0.28,0.181,0.168,0.0761,NA,"K06986",0.925386138613861,1,FALSE,FALSE,FALSE,FALSE
"K23470",0.0591,0,0.169,-0.105,0.0757,0.097,NA,"K23470",0.778457221711132,1,FALSE,FALSE,FALSE,FALSE
"K07051",0.0591,0,0.159,-0.154,0.109,0.0992,NA,"K07051",0.753894886363636,1,FALSE,FALSE,FALSE,FALSE
"K16255",0.0197,0,0.454,-0.345,0.46,0.0528,NA,"K16255",0.999598920863309,1,FALSE,FALSE,FALSE,FALSE
"K28188",0.0345,0,0.399,-0.0859,0.102,0.0595,NA,"K28188",0.993926865671642,1,FALSE,FALSE,FALSE,FALSE
"K15856",0.118,0,0.0556,-0.098,0.0509,0.135,NA,"K15856",0.555448508946322,1,FALSE,FALSE,FALSE,FALSE
"K22252",0.0985,0,0.679,0.0249,0.0601,0.0292,NA,"K22252",0.999598920863309,1,FALSE,FALSE,FALSE,FALSE
"K00016",0.167,0,0.409,0.0746,0.0902,0.0583,NA,"K00016",0.995165229885058,1,FALSE,FALSE,FALSE,FALSE
"K03738",0.0197,0,0.103,-0.449,0.274,0.115,NA,"K03738",0.635809523809524,1,FALSE,FALSE,FALSE,FALSE
"K21498",0.236,0,0.82,0.00982,0.0431,0.0161,NA,"K21498",0.999598920863309,1,FALSE,FALSE,FALSE,FALSE
"K07334",0.138,0,0.579,0.0286,0.0514,0.0392,NA,"K07334",0.999598920863309,1,FALSE,FALSE,FALSE,FALSE
"K23127",0.143,0,0.175,-0.138,0.101,0.0956,NA,"K23127",0.786557450628366,1,FALSE,FALSE,FALSE,FALSE
"K18372",0.123,0,0.568,0.042,0.0735,0.0403,NA,"K18372",0.999598920863309,1,FALSE,FALSE,FALSE,FALSE
"K01904",0.108,0,0.766,0.027,0.0905,0.021,NA,"K01904",0.999598920863309,1,FALSE,FALSE,FALSE,FALSE
"K01482",0.217,0,0.446,0.0835,0.109,0.0538,NA,"K01482",0.999598920863309,1,FALSE,FALSE,FALSE,FALSE
"K00528",0.163,0,0.502,-0.104,0.154,0.0474,NA,"K00528",0.999598920863309,1,FALSE,FALSE,FALSE,FALSE
"K03319",0.148,0,0.486,0.0629,0.0903,0.0491,NA,"K03319",0.999598920863309,1,FALSE,FALSE,FALSE,FALSE
"K21900",0.286,0,0.307,-0.0755,0.0737,0.0721,NA,"K21900",0.946520320197044,1,FALSE,FALSE,FALSE,FALSE
"K00098",0.227,0,0.596,-0.0395,0.0744,0.0375,NA,"K00098",0.999598920863309,1,FALSE,FALSE,FALSE,FALSE
"K01574",0.064,0,0.542,0.0879,0.144,0.043,NA,"K01574",0.999598920863309,1,FALSE,FALSE,FALSE,FALSE
"K17223",0.0296,0,0.172,-0.612,0.446,0.0963,NA,"K17223",0.785053783044667,1,FALSE,FALSE,FALSE,FALSE
"K17226",0.197,0,0.272,0.111,0.1,0.0775,NA,"K17226",0.918343897505057,1,FALSE,FALSE,FALSE,FALSE
"K17227",0.0345,0,0.452,-0.247,0.328,0.0531,NA,"K17227",0.999598920863309,1,FALSE,FALSE,FALSE,FALSE
"K17222",0.0296,0,0.172,-0.612,0.446,0.0963,NA,"K17222",0.785053783044667,1,FALSE,FALSE,FALSE,FALSE
"K17224",0.0296,0,0.172,-0.612,0.446,0.0963,NA,"K17224",0.785053783044667,1,FALSE,FALSE,FALSE,FALSE
"K22082",0.0788,0,0.923,0.00868,0.0894,0.00684,NA,"K22081,K22082",0.999598920863309,1,FALSE,FALSE,FALSE,FALSE
"K16871",0.172,0,0.343,-0.0618,0.0651,0.0668,NA,"K16871",0.962031561461794,1,FALSE,FALSE,FALSE,FALSE
"K07123",0.0739,0,0.0873,-0.128,0.0742,0.12,NA,"K07123",0.600154109589041,1,FALSE,FALSE,FALSE,FALSE
"K27838",0.113,0,0.869,-0.0117,0.0707,0.0117,NA,"K27838",0.999598920863309,1,FALSE,FALSE,FALSE,FALSE
"K15024",0.0493,0,0.785,-0.038,0.139,0.0193,NA,"K15024",0.999598920863309,1,FALSE,FALSE,FALSE,FALSE
"K03365",0.108,0,0.992,-0.0013,0.131,0.000698,NA,"K03365",0.999598920863309,1,FALSE,FALSE,FALSE,FALSE
"K28692",0.276,0,0.0783,0.106,0.0599,0.124,NA,"K28692,K28693",0.576318914956012,1,FALSE,FALSE,FALSE,FALSE
"K01941",0.276,0,0.115,0.0936,0.0591,0.111,NA,"K01941",0.663785142857143,1,FALSE,FALSE,FALSE,FALSE
"K01457",0.3,0,0.262,0.0624,0.0555,0.0791,NA,"K01457",0.909732316227462,1,FALSE,FALSE,FALSE,FALSE
"K06972",0.0493,0,0.909,-0.0424,0.372,0.00804,NA,"K06972",0.999598920863309,1,FALSE,FALSE,FALSE,FALSE
"K05303",0.0985,0,0.502,-0.0435,0.0647,0.0474,NA,"K05303",0.999598920863309,1,FALSE,FALSE,FALSE,FALSE
"K00468",0.227,0,0.211,0.164,0.131,0.0882,NA,"K00468",0.855446963562753,1,FALSE,FALSE,FALSE,FALSE
"K17239",0.0197,0,0.0567,-0.217,0.113,0.134,NA,"K17237,K17238,K17239",0.558737917485265,1,FALSE,FALSE,FALSE,FALSE
"K09968",0.0197,0,0.668,0.0608,0.141,0.0303,NA,"K09968",0.999598920863309,1,FALSE,FALSE,FALSE,FALSE
"K17486",0.0197,0,0.0135,0.968,0.388,0.173,NA,"K17486",0.287636170212766,1,FALSE,FALSE,FALSE,FALSE
"K00988",0.0246,0,0.733,0.0652,0.191,0.0241,NA,"K00988",0.999598920863309,1,FALSE,FALSE,FALSE,FALSE
"K08355",0.0739,0,0.738,-0.0414,0.124,0.0236,NA,"K08355",0.999598920863309,1,FALSE,FALSE,FALSE,FALSE
"K19696",0.187,0,0.106,0.236,0.146,0.114,NA,"K19696",0.640992753623188,1,FALSE,FALSE,FALSE,FALSE
"K03328",0.158,0,0.0403,0.191,0.0924,0.144,NA,"K03328",0.481580190930788,1,FALSE,FALSE,FALSE,FALSE
"K22579",0.217,0,0.595,-0.129,0.242,0.0375,NA,"K22579",0.999598920863309,1,FALSE,FALSE,FALSE,FALSE
"K16259",0.0493,0,0.29,0.215,0.203,0.0746,NA,"K16256,K16257,K16258,K16259",0.933181233933162,1,FALSE,FALSE,FALSE,FALSE
"K23995",0.0542,0,0.0883,0.355,0.207,0.12,NA,"K23995",0.601512080536913,1,FALSE,FALSE,FALSE,FALSE
"K16254",0.0148,0,0.545,-0.101,0.167,0.0428,NA,"K16254",0.999598920863309,1,FALSE,FALSE,FALSE,FALSE
"K06400",0.0394,0,0.00203,-0.355,0.113,0.215,NA,"K06400",0.106991684210526,1,FALSE,FALSE,FALSE,FALSE
"K16844",0.0394,0,0.017,-0.302,0.126,0.167,NA,"K16844",0.329918604651163,1,FALSE,FALSE,FALSE,FALSE
"K04486",0.128,0,0.827,-0.0722,0.33,0.0154,NA,"K04486",0.999598920863309,1,FALSE,FALSE,FALSE,FALSE
"K05791",0.133,0,0.871,-0.0152,0.0932,0.0115,NA,"K05791",0.999598920863309,1,FALSE,FALSE,FALSE,FALSE
"K05793",0.0591,0,0.745,0.0256,0.0786,0.023,NA,"K05793",0.999598920863309,1,FALSE,FALSE,FALSE,FALSE
"K05795",0.148,0,0.495,-0.0618,0.0905,0.0482,NA,"K05795",0.999598920863309,1,FALSE,FALSE,FALSE,FALSE
"K05792",0.0493,0,0.908,0.015,0.13,0.00812,NA,"K05792",0.999598920863309,1,FALSE,FALSE,FALSE,FALSE
"K01191",0.158,0,0.873,0.0238,0.148,0.0113,NA,"K01191",0.999598920863309,1,FALSE,FALSE,FALSE,FALSE
"K07077",0.187,0,0.942,0.00736,0.101,0.00514,NA,"K07077",0.999598920863309,1,FALSE,FALSE,FALSE,FALSE
"K10118",0.241,0,0.596,-0.0501,0.0942,0.0375,NA,"K10118",0.999598920863309,1,FALSE,FALSE,FALSE,FALSE
"K04045",0.133,0,0.31,-0.0582,0.0572,0.0716,NA,"K04045",0.949920440636475,1,FALSE,FALSE,FALSE,FALSE
"K13580",0.187,0,0.117,0.18,0.115,0.11,NA,"K13580",0.666460750853242,1,FALSE,FALSE,FALSE,FALSE
"K28476",0.0296,0,0.946,0.0107,0.16,0.00475,NA,"K28476",0.999598920863309,1,FALSE,FALSE,FALSE,FALSE
"K03780",0.0296,0,0.145,0.121,0.0826,0.103,NA,"K03780",0.721640671273445,1,FALSE,FALSE,FALSE,FALSE
"K03779",0.0345,0,0.191,0.108,0.0822,0.0921,NA,"K03779",0.811831069609508,1,FALSE,FALSE,FALSE,FALSE
"K17285",0.108,0,0.262,0.269,0.24,0.079,NA,"K17285",0.909732316227462,1,FALSE,FALSE,FALSE,FALSE
"K28179",0.0148,0,0.196,0.321,0.247,0.0912,NA,"K18425,K28178,K28179,K28180",0.823298657718121,1,FALSE,FALSE,FALSE,FALSE
"K11735",0.36,0,0.294,0.098,0.0932,0.0739,NA,"K11735",0.933454660748256,1,FALSE,FALSE,FALSE,FALSE
"K27848",0.0246,0,0.677,-0.0587,0.141,0.0294,NA,"K27848",0.999598920863309,1,FALSE,FALSE,FALSE,FALSE
"K15054",0.0246,0,0.834,-0.0212,0.101,0.0148,NA,"K15054",0.999598920863309,1,FALSE,FALSE,FALSE,FALSE
"K07807",0.0936,0,0.524,0.0628,0.0985,0.0449,NA,"K07807",0.999598920863309,1,FALSE,FALSE,FALSE,FALSE
"K00055",0.0443,0,0.62,-0.0449,0.0904,0.035,NA,"K00055",0.999598920863309,1,FALSE,FALSE,FALSE,FALSE
"K20329",0.103,0,0.483,0.116,0.165,0.0496,NA,"K20329",0.999598920863309,1,FALSE,FALSE,FALSE,FALSE
"K09709",0.143,0,0.228,0.0772,0.0639,0.0849,NA,"K09709",0.878150769230769,1,FALSE,FALSE,FALSE,FALSE
"K14470",0.0148,0,0.573,-0.117,0.207,0.0398,NA,"K14470",0.999598920863309,1,FALSE,FALSE,FALSE,FALSE
"K14448",0.0246,0,0.992,-0.0034,0.326,0.000736,NA,"K14448",0.999598920863309,1,FALSE,FALSE,FALSE,FALSE
"K13247",0.0296,0,0.683,-0.0506,0.124,0.0288,NA,"K13247",0.999598920863309,1,FALSE,FALSE,FALSE,FALSE
"K28615",0.0591,0,0.174,-0.143,0.105,0.0958,NA,"K28615",0.786557450628366,1,FALSE,FALSE,FALSE,FALSE
"K21622",0.0936,0,0.895,-0.017,0.129,0.00929,NA,"K21622",0.999598920863309,1,FALSE,FALSE,FALSE,FALSE
"K01342",0.0345,0,0.0424,-0.557,0.273,0.143,NA,"K01342",0.488038620689655,1,FALSE,FALSE,FALSE,FALSE
"K09138",0.0148,0,0.375,-0.24,0.27,0.0626,NA,"K09138",0.976912070759625,1,FALSE,FALSE,FALSE,FALSE
"K21310",0.0296,0,0.581,0.0642,0.116,0.0389,NA,"K21310",0.999598920863309,1,FALSE,FALSE,FALSE,FALSE
"K22112",0.0739,0,0.393,0.102,0.12,0.0603,NA,"K22112",0.989316742081448,1,FALSE,FALSE,FALSE,FALSE
"K16652",0.0197,0,0.658,-0.0533,0.12,0.0312,NA,"K16652",0.999598920863309,1,FALSE,FALSE,FALSE,FALSE
"K26005",0.0148,0,0.323,-0.195,0.196,0.0697,NA,"K15515,K26005",0.956959171597633,1,FALSE,FALSE,FALSE,FALSE
"K10255",0.207,0,0.746,-0.0431,0.133,0.0228,NA,"K10255",0.999598920863309,1,FALSE,FALSE,FALSE,FALSE
"K17865",0.222,0,0.733,0.075,0.219,0.0241,NA,"K17865",0.999598920863309,1,FALSE,FALSE,FALSE,FALSE
"K09252",0.0148,0,0.343,-0.152,0.16,0.0669,NA,"K09252",0.962031561461794,1,FALSE,FALSE,FALSE,FALSE
"K22087",0.0493,0,0.422,0.0662,0.0822,0.0567,NA,"K22087",0.998606694560669,1,FALSE,FALSE,FALSE,FALSE
"K07979",0.138,0,0.645,0.094,0.204,0.0325,NA,"K07979",0.999598920863309,1,FALSE,FALSE,FALSE,FALSE
"K19156",0.0591,0,0.161,0.0949,0.0674,0.0988,NA,"K19156",0.757638157894737,1,FALSE,FALSE,FALSE,FALSE
"K00881",0.0296,0,0.912,-0.0143,0.129,0.00783,NA,"K00881",0.999598920863309,1,FALSE,FALSE,FALSE,FALSE
"K01186",0.0394,0,0.698,0.0487,0.126,0.0274,NA,"K01186",0.999598920863309,1,FALSE,FALSE,FALSE,FALSE
"K17838",0.0887,0,0.368,0.125,0.138,0.0636,NA,"K17838",0.97633889468196,1,FALSE,FALSE,FALSE,FALSE
"K07755",0.0296,0,0.577,-0.0641,0.115,0.0394,NA,"K07755",0.999598920863309,1,FALSE,FALSE,FALSE,FALSE
"K06882",0.0148,0,0.926,0.024,0.259,0.00655,NA,"K06882",0.999598920863309,1,FALSE,FALSE,FALSE,FALSE
"K09835",0.0197,0,0.262,-0.159,0.141,0.0791,NA,"K09835",0.909732316227462,1,FALSE,FALSE,FALSE,FALSE
"K16167",0.128,0,0.225,0.278,0.228,0.0855,NA,"K16167",0.87534965034965,1,FALSE,FALSE,FALSE,FALSE
"K05937",0.148,0,0.587,0.0627,0.115,0.0384,NA,"K05937",0.999598920863309,1,FALSE,FALSE,FALSE,FALSE
"K21949",0.0394,0,0.229,-0.181,0.15,0.0849,NA,"K21949",0.878622988505747,1,FALSE,FALSE,FALSE,FALSE
"K25010",0.0493,0,0.989,0.00277,0.202,0.000967,NA,"K25010",0.999598920863309,1,FALSE,FALSE,FALSE,FALSE
"K01134",0.0197,0,0.921,-0.0354,0.358,0.00699,NA,"K01134",0.999598920863309,1,FALSE,FALSE,FALSE,FALSE
"K16238",0.394,0,0.278,0.0692,0.0637,0.0764,NA,"K16238",0.923041114058356,1,FALSE,FALSE,FALSE,FALSE
"K19670",0.108,0,0.246,0.154,0.132,0.0818,NA,"K19670",0.897756559766764,1,FALSE,FALSE,FALSE,FALSE
"K00206",0.0837,0,0.527,0.0733,0.116,0.0447,NA,"K00206",0.999598920863309,1,FALSE,FALSE,FALSE,FALSE
"K23424",0.0148,0,0.927,-0.0161,0.176,0.00647,NA,"K23424",0.999598920863309,1,FALSE,FALSE,FALSE,FALSE
"K00232",0.138,0,0.729,-0.0437,0.126,0.0245,NA,"K00232",0.999598920863309,1,FALSE,FALSE,FALSE,FALSE
"K06937",0.069,0,0.936,-0.0108,0.134,0.00568,NA,"K06937",0.999598920863309,1,FALSE,FALSE,FALSE,FALSE
"K01205",0.0296,0,0.86,-0.0302,0.17,0.0125,NA,"K01205",0.999598920863309,1,FALSE,FALSE,FALSE,FALSE
"K19053",0.0197,0,0.989,-0.00574,0.41,0.000988,NA,"K19053",0.999598920863309,1,FALSE,FALSE,FALSE,FALSE
"K03301",0.103,0,0.00155,-0.259,0.0806,0.221,NA,"K03301",0.0923910714285714,1,FALSE,FALSE,TRUE,FALSE
"K18785",0.0345,0,0.0119,0.314,0.124,0.176,NA,"K18785",0.269607692307692,1,FALSE,FALSE,FALSE,FALSE
"K07454",0.207,0,0.888,0.00538,0.0382,0.00994,NA,"K07454",0.999598920863309,1,FALSE,FALSE,FALSE,FALSE
"K05989",0.148,0,0.542,-0.0531,0.0869,0.0431,NA,"K05989",0.999598920863309,1,FALSE,FALSE,FALSE,FALSE
"K01114",0.202,0,0.251,0.069,0.0599,0.0809,NA,"K01114",0.900901075268817,1,FALSE,FALSE,FALSE,FALSE
"K15915",0.0246,0,0.774,-0.0305,0.106,0.0203,NA,"K15915",0.999598920863309,1,FALSE,FALSE,FALSE,FALSE
"K19068",0.0542,0,0.295,-0.0864,0.0823,0.0738,NA,"K19068",0.934259962049336,1,FALSE,FALSE,FALSE,FALSE
"K22205",0.0887,0,0.231,-0.321,0.267,0.0844,NA,"K22205",0.880896420411272,1,FALSE,FALSE,FALSE,FALSE
"K03768",0.0197,0,0.402,-0.199,0.237,0.0591,NA,"K03768",0.994473320158103,1,FALSE,FALSE,FALSE,FALSE
"K14259",0.0443,0,0.268,-0.137,0.123,0.0781,NA,"K14259",0.91408446866485,1,FALSE,FALSE,FALSE,FALSE
"K10860",0.0542,0,0.218,-0.176,0.143,0.0868,NA,"K10860",0.866290476190476,1,FALSE,FALSE,FALSE,FALSE
"K25196",0.0443,0,0.914,0.0173,0.16,0.00759,NA,"K25196",0.999598920863309,1,FALSE,FALSE,FALSE,FALSE
"K23257",0.128,0,0.917,-0.0416,0.4,0.00733,NA,"K23257",0.999598920863309,1,FALSE,FALSE,FALSE,FALSE
"K07100",0.31,0,0.00113,0.294,0.0889,0.227,NA,"K07100",0.0808272857142857,1,FALSE,FALSE,TRUE,FALSE
"K01818",0.0345,0,0.852,-0.0377,0.202,0.0131,NA,"K01818",0.999598920863309,1,FALSE,FALSE,FALSE,FALSE
"K00078",0.182,0,0.801,-0.0247,0.0977,0.0178,NA,"K00078",0.999598920863309,1,FALSE,FALSE,FALSE,FALSE
"K08093",0.158,0,0.571,-0.0467,0.0824,0.04,NA,"K08093",0.999598920863309,1,FALSE,FALSE,FALSE,FALSE
"K13665",0.0246,0,0.676,-0.0902,0.216,0.0295,NA,"K13665",0.999598920863309,1,FALSE,FALSE,FALSE,FALSE
"K01517",0.0542,0,0.739,-0.0264,0.0791,0.0235,NA,"K01517",0.999598920863309,1,FALSE,FALSE,FALSE,FALSE
"K01060",0.158,0,0.794,-0.0234,0.0892,0.0185,NA,"K01060",0.999598920863309,1,FALSE,FALSE,FALSE,FALSE
"K07720",0.138,0,0.386,0.117,0.134,0.0612,NA,"K07720",0.986575803981623,1,FALSE,FALSE,FALSE,FALSE
"K07488",0.0246,0,0.249,0.139,0.12,0.0812,NA,"K07488",0.898877433309301,1,FALSE,FALSE,FALSE,FALSE
"K27877",0.192,0,0.636,0.0396,0.0835,0.0334,NA,"K27877",0.999598920863309,1,FALSE,FALSE,FALSE,FALSE
"K15045",0.0296,0,0.237,0.103,0.087,0.0834,NA,"K15045",0.888217814371257,1,FALSE,FALSE,FALSE,FALSE
"K07317",0.0591,0,0.143,0.108,0.0733,0.103,NA,"K07317",0.719598994974874,1,FALSE,FALSE,FALSE,FALSE
"K01739",0.473,0,0.0268,0.247,0.111,0.155,NA,"K01739",0.406629090909091,1,FALSE,FALSE,FALSE,FALSE
"K07741",0.0788,0,0.726,-0.0188,0.0534,0.0248,NA,"K07741",0.999598920863309,1,FALSE,FALSE,FALSE,FALSE
"K01400",0.0936,0,0.321,0.286,0.287,0.07,NA,"K01400",0.952724955542383,1,FALSE,FALSE,FALSE,FALSE
"K18346",0.138,0,0.242,0.0991,0.0845,0.0825,NA,"K18346",0.894899556868538,1,FALSE,FALSE,FALSE,FALSE
"K09704",0.0788,0,0.535,-0.186,0.299,0.0438,NA,"K09704",0.999598920863309,1,FALSE,FALSE,FALSE,FALSE
"K11687",0.0197,0,0.389,-0.169,0.195,0.0608,NA,"K11687",0.987689148073022,1,FALSE,FALSE,FALSE,FALSE
"K24915",0.182,0,0.708,0.0308,0.0824,0.0264,NA,"K24915",0.999598920863309,1,FALSE,FALSE,FALSE,FALSE
"K13018",0.143,0,0.0908,-0.0966,0.0568,0.119,NA,"K13018",0.602157631578947,1,FALSE,FALSE,FALSE,FALSE
"K18574",0.0148,0,0.988,0.00713,0.457,0.0011,NA,"K18574",0.999598920863309,1,FALSE,FALSE,FALSE,FALSE
"K09776",0.0985,0,0.686,-0.121,0.299,0.0285,NA,"K09776",0.999598920863309,1,FALSE,FALSE,FALSE,FALSE
"K11089",0.0591,0,0.874,-0.0141,0.0883,0.0112,NA,"K11089",0.999598920863309,1,FALSE,FALSE,FALSE,FALSE
"K13049",0.0985,0,0.938,0.00711,0.0918,0.00546,NA,"K13049",0.999598920863309,1,FALSE,FALSE,FALSE,FALSE
"K24700",0.192,0,0.589,-0.0395,0.0729,0.0382,NA,"K24700",0.999598920863309,1,FALSE,FALSE,FALSE,FALSE
"K09474",0.0591,0,0.268,0.0965,0.0869,0.078,NA,"K09474",0.91408446866485,1,FALSE,FALSE,FALSE,FALSE
"K07502",0.123,0,0.215,0.608,0.489,0.0874,NA,"K07502",0.863968699839486,1,FALSE,FALSE,FALSE,FALSE
"K06877",0.271,0,0.228,-0.0855,0.0708,0.0849,NA,"K06877",0.878150769230769,1,FALSE,FALSE,FALSE,FALSE
"K09765",0.0345,0,0.682,-0.1,0.245,0.0289,NA,"K09765",0.999598920863309,1,FALSE,FALSE,FALSE,FALSE
"K07276",0.0345,0,0.619,-0.478,0.959,0.0351,NA,"K06977,K07276,K09065,K12526,K22478,K22881,K23169,K23170",0.999598920863309,1,FALSE,FALSE,FALSE,FALSE
"K06983",0.0246,0,0.849,-0.0672,0.353,0.0134,NA,"K06983",0.999598920863309,1,FALSE,FALSE,FALSE,FALSE
"K25578",0.0936,0,0.546,-0.159,0.264,0.0426,NA,"K25578",0.999598920863309,1,FALSE,FALSE,FALSE,FALSE
"K13238",0.0394,0,0.688,-0.267,0.663,0.0284,NA,"K13238",0.999598920863309,1,FALSE,FALSE,FALSE,FALSE
"K22770",0.232,0,0.4,-0.111,0.132,0.0594,NA,"K22770",0.994456166419019,1,FALSE,FALSE,FALSE,FALSE
"K22769",0.241,0,0.353,-0.142,0.153,0.0655,NA,"K22769",0.963199455040872,1,FALSE,FALSE,FALSE,FALSE
"K12254",0.251,0,0.162,0.18,0.128,0.0984,NA,"K12254",0.759488764044944,1,FALSE,FALSE,FALSE,FALSE
"K11004",0.0591,0,0.253,-0.0799,0.0697,0.0807,NA,"K11004",0.902258547008547,1,FALSE,FALSE,FALSE,FALSE
"K13874",0.064,0,0.453,0.242,0.323,0.0529,NA,"K13874",0.999598920863309,1,FALSE,FALSE,FALSE,FALSE
"K00235",0.0394,0,0.000462,-1.37,0.384,0.244,NA,"K00235",0.0472088571428571,1,TRUE,FALSE,TRUE,FALSE
"K18300",0.202,0,0.595,-0.162,0.304,0.0375,NA,"K18300",0.999598920863309,1,FALSE,FALSE,FALSE,FALSE
"K21025",0.108,0,0.325,-0.306,0.311,0.0694,NA,"K21025",0.958348056537103,1,FALSE,FALSE,FALSE,FALSE
"K03785",0.069,0,0.707,0.0374,0.0992,0.0266,NA,"K03785",0.999598920863309,1,FALSE,FALSE,FALSE,FALSE
"K13007",0.177,0,0.764,0.0447,0.149,0.0212,NA,"K13007",0.999598920863309,1,FALSE,FALSE,FALSE,FALSE
"K21147",0.177,0,0.758,-0.0275,0.089,0.0218,NA,"K21147",0.999598920863309,1,FALSE,FALSE,FALSE,FALSE
"K19300",0.0887,0,0.223,-0.14,0.115,0.086,NA,"K19300",0.874362568519969,1,FALSE,FALSE,FALSE,FALSE
"K18844",0.0345,0,0.9,0.0238,0.189,0.00886,NA,"K18844",0.999598920863309,1,FALSE,FALSE,FALSE,FALSE
"K18145",0.0246,0,0.71,-0.0411,0.11,0.0262,NA,"K18145",0.999598920863309,1,FALSE,FALSE,FALSE,FALSE
"K13815",0.0493,0,0.634,-0.112,0.235,0.0336,NA,"K13815",0.999598920863309,1,FALSE,FALSE,FALSE,FALSE
"K10715",0.0394,0,0.317,0.279,0.277,0.0706,NA,"K10715",0.950168352171327,1,FALSE,FALSE,FALSE,FALSE
"K23722",0.0985,0,0.699,-0.0685,0.177,0.0273,NA,"K23722",0.999598920863309,1,FALSE,FALSE,FALSE,FALSE
"K27862",0.0197,0,0.0893,0.214,0.125,0.12,NA,"K27862",0.601512080536913,1,FALSE,FALSE,FALSE,FALSE
"K23274",0.113,0,0.101,-0.152,0.0925,0.115,NA,"K23274",0.63134456928839,1,FALSE,FALSE,FALSE,FALSE
"K23275",0.103,0,0.132,-0.141,0.0932,0.106,NA,"K23275",0.704609808102345,1,FALSE,FALSE,FALSE,FALSE
"K07512",0.0936,0,0.266,-0.0927,0.083,0.0785,NA,"K07512",0.91285949280329,1,FALSE,FALSE,FALSE,FALSE
"K27079",0.167,0,0.382,0.0806,0.0919,0.0617,NA,"K27079",0.981915514592934,1,FALSE,FALSE,FALSE,FALSE
"K03759",0.0788,0,0.308,-0.089,0.0872,0.0719,NA,"K03759",0.948435424354244,1,FALSE,FALSE,FALSE,FALSE
"K27042",0.207,0,0.986,-0.00959,0.531,0.00127,NA,"K27042",0.999598920863309,1,FALSE,FALSE,FALSE,FALSE
"K06992",0.192,0,0.247,0.172,0.148,0.0816,NA,"K06992",0.898785610465116,1,FALSE,FALSE,FALSE,FALSE
"K02688",0.103,0,0.382,-0.0804,0.0917,0.0617,NA,"K02688",0.981915514592934,1,FALSE,FALSE,FALSE,FALSE
"K06598",0.197,0,0.373,0.525,0.589,0.0628,NA,"K06598",0.97633889468196,1,FALSE,FALSE,FALSE,FALSE
"K06597",0.103,0,0.32,-0.237,0.238,0.0701,NA,"K06597",0.950884272997033,1,FALSE,FALSE,FALSE,FALSE
"K12990",0.113,0,0.41,0.0473,0.0572,0.0582,NA,"K12990",0.995165229885058,1,FALSE,FALSE,FALSE,FALSE
"K03692",0.0197,0,0.221,0.224,0.183,0.0862,NA,"K03692",0.872671135646688,1,FALSE,FALSE,FALSE,FALSE
"K18073",0.0394,0,0.598,0.0487,0.0921,0.0372,NA,"K18073",0.999598920863309,1,FALSE,FALSE,FALSE,FALSE
"K12686",0.207,0,0.488,-0.0579,0.0833,0.0489,NA,"K12686",0.999598920863309,1,FALSE,FALSE,FALSE,FALSE
"K21071",0.177,0,0.949,0.0195,0.307,0.00448,NA,"K21071",0.999598920863309,1,FALSE,FALSE,FALSE,FALSE
"K05020",0.118,0,0.467,-0.0662,0.0907,0.0514,NA,"K05020",0.999598920863309,1,FALSE,FALSE,FALSE,FALSE
"K25232",0.296,0,0.584,0.135,0.246,0.0387,NA,"K25232",0.999598920863309,1,FALSE,FALSE,FALSE,FALSE
"K03793",0.0542,0,0.39,-0.371,0.431,0.0606,NA,"K03793",0.987758324924319,1,FALSE,FALSE,FALSE,FALSE
"K09167",0.335,0,0.249,-0.119,0.103,0.0813,NA,"K09167",0.898877433309301,1,FALSE,FALSE,FALSE,FALSE
"K08081",0.0443,0,0.0914,-0.636,0.375,0.119,NA,"K08081",0.602157631578947,1,FALSE,FALSE,FALSE,FALSE
"K19594",0.0542,0,0.986,0.00237,0.138,0.00121,NA,"K19594,K19595",0.999598920863309,1,FALSE,FALSE,FALSE,FALSE
"K07131",0.113,0,0.0279,0.437,0.197,0.154,NA,"K07131",0.417000895522388,1,FALSE,FALSE,FALSE,FALSE
"K06945",0.108,0,0.0598,0.299,0.158,0.132,NA,"K06945",0.563005997001499,1,FALSE,FALSE,FALSE,FALSE
"K12979",0.182,0,0.202,0.14,0.109,0.0899,NA,"K12979",0.8345,1,FALSE,FALSE,FALSE,FALSE
"K09925",0.0443,0,0.57,-0.0434,0.0762,0.0401,NA,"K09925",0.999598920863309,1,FALSE,FALSE,FALSE,FALSE
"K18240",0.0493,0,0.425,-0.223,0.279,0.0563,NA,"K18240",0.998606694560669,1,FALSE,FALSE,FALSE,FALSE
"K05841",0.0591,0,0.615,-0.0471,0.0933,0.0355,NA,"K05841",0.999598920863309,1,FALSE,FALSE,FALSE,FALSE
"K20523",0.0739,0,0.334,0.171,0.176,0.0682,NA,"K20523",0.958482857142857,1,FALSE,FALSE,FALSE,FALSE
"K15983",0.0493,0,0.457,0.0683,0.0915,0.0525,NA,"K15983",0.999598920863309,1,FALSE,FALSE,FALSE,FALSE
"K08094",0.158,0,0.604,-0.0392,0.0756,0.0366,NA,"K08094",0.999598920863309,1,FALSE,FALSE,FALSE,FALSE
"K00153",0.0837,0,0.567,0.395,0.689,0.0404,NA,"K00153",0.999598920863309,1,FALSE,FALSE,FALSE,FALSE
"K13280",0.123,0,0.341,-0.097,0.102,0.0672,NA,"K13280",0.962031561461794,1,FALSE,FALSE,FALSE,FALSE
"K26249",0.113,0,0.901,0.0585,0.469,0.00879,NA,"K26249",0.999598920863309,1,FALSE,FALSE,FALSE,FALSE
"K16164",0.138,0,0.511,-0.0566,0.086,0.0464,NA,"K16164",0.999598920863309,1,FALSE,FALSE,FALSE,FALSE
"K05548",0.345,0,0.0855,0.111,0.0641,0.121,NA,"K05548",0.59458125,1,FALSE,FALSE,FALSE,FALSE
"K22553",0.0394,0,0.938,0.00756,0.0969,0.0055,NA,"K22553",0.999598920863309,1,FALSE,FALSE,FALSE,FALSE
"K06610",0.0493,0,0.552,-0.0693,0.116,0.042,NA,"K06610",0.999598920863309,1,FALSE,FALSE,FALSE,FALSE
"K20023",0.103,0,0.12,-0.158,0.101,0.11,NA,"K20023",0.675101123595506,1,FALSE,FALSE,FALSE,FALSE
"K02164",0.172,0,0.941,-0.00519,0.0706,0.00518,NA,"K02164",0.999598920863309,1,FALSE,FALSE,FALSE,FALSE
"K16047",0.0542,0,0.443,0.0722,0.0939,0.0542,NA,"K16047",0.999598920863309,1,FALSE,FALSE,FALSE,FALSE
"K02554",0.0739,0,0.141,0.088,0.0595,0.104,NA,"K02554",0.718175757575757,1,FALSE,FALSE,FALSE,FALSE
"K04073",0.0739,0,0.136,0.0905,0.0605,0.105,NA,"K04073",0.715285714285714,1,FALSE,FALSE,FALSE,FALSE
"K01666",0.182,0,0.368,0.0415,0.0459,0.0636,NA,"K01666",0.97633889468196,1,FALSE,FALSE,FALSE,FALSE
"K00446",0.172,0,0.574,0.0488,0.0866,0.0397,NA,"K00446",0.999598920863309,1,FALSE,FALSE,FALSE,FALSE
"K18833",0.0788,0,0.838,0.0221,0.108,0.0145,NA,"K18833",0.999598920863309,1,FALSE,FALSE,FALSE,FALSE
"K25676",0.163,0,0.644,-0.047,0.101,0.0326,NA,"K25676",0.999598920863309,1,FALSE,FALSE,FALSE,FALSE
"K25677",0.163,0,0.644,-0.047,0.101,0.0326,NA,"K25677",0.999598920863309,1,FALSE,FALSE,FALSE,FALSE
"K25678",0.163,0,0.644,-0.047,0.101,0.0326,NA,"K25678",0.999598920863309,1,FALSE,FALSE,FALSE,FALSE
"K09814",0.163,0,0.867,-0.0173,0.103,0.0118,NA,"K09813,K09814",0.999598920863309,1,FALSE,FALSE,FALSE,FALSE
"K03392",0.103,0,0.579,-0.0337,0.0606,0.0392,NA,"K03392",0.999598920863309,1,FALSE,FALSE,FALSE,FALSE
"K14337",0.0837,0,0.567,0.395,0.689,0.0404,NA,"K14337",0.999598920863309,1,FALSE,FALSE,FALSE,FALSE
"K00309",0.0739,0,0.316,0.195,0.194,0.0708,NA,"K00309",0.950168352171327,1,FALSE,FALSE,FALSE,FALSE
"K18926",0.241,0,0.812,-0.0381,0.16,0.0168,NA,"K18926",0.999598920863309,1,FALSE,FALSE,FALSE,FALSE
"K00619",0.167,0,0.0989,-0.872,0.526,0.116,NA,"K00619",0.630604534005038,1,FALSE,FALSE,FALSE,FALSE
"K05881",0.384,0,0.314,0.173,0.171,0.071,NA,"K05881",0.950168352171327,1,FALSE,FALSE,FALSE,FALSE
"K07067",0.217,0,0.102,0.805,0.489,0.115,NA,"K07067",0.634427329192547,1,FALSE,FALSE,FALSE,FALSE
"K10242",0.0788,0,0.857,-0.0316,0.175,0.0127,NA,"K10242",0.999598920863309,1,FALSE,FALSE,FALSE,FALSE
"K18198",0.0345,0,0.931,-0.0131,0.15,0.00615,NA,"K18198",0.999598920863309,1,FALSE,FALSE,FALSE,FALSE
"K13315",0.0788,0,0.777,0.0522,0.184,0.02,NA,"K13315",0.999598920863309,1,FALSE,FALSE,FALSE,FALSE
"K18215",0.0591,0,0.898,0.0179,0.139,0.0091,NA,"K18215",0.999598920863309,1,FALSE,FALSE,FALSE,FALSE
"K03090",0.172,0,0.789,0.0408,0.152,0.0189,NA,"K03090",0.999598920863309,1,FALSE,FALSE,FALSE,FALSE
"K15521",0.138,0,0.437,0.205,0.264,0.0549,NA,"K15521",0.999598920863309,1,FALSE,FALSE,FALSE,FALSE
"K21345",0.108,0,0.899,0.0151,0.12,0.00892,NA,"K21345",0.999598920863309,1,FALSE,FALSE,FALSE,FALSE
"K02476",0.153,0,0.00106,0.274,0.0823,0.228,NA,"K02476",0.0769191304347826,1,FALSE,FALSE,TRUE,FALSE
"K04477",0.108,0,0.714,0.173,0.47,0.0259,NA,"K04477",0.999598920863309,1,FALSE,FALSE,FALSE,FALSE
"K16139",0.0345,0,0.967,-0.0059,0.143,0.00291,NA,"K16139",0.999598920863309,1,FALSE,FALSE,FALSE,FALSE
"K17228",0.236,0,0.984,0.00132,0.0659,0.00141,NA,"K17228",0.999598920863309,1,FALSE,FALSE,FALSE,FALSE
"K09764",0.197,0,0.83,0.0383,0.178,0.0151,NA,"K09764",0.999598920863309,1,FALSE,FALSE,FALSE,FALSE
"K01421",0.236,0,0.672,0.0814,0.192,0.0299,NA,"K01421",0.999598920863309,1,FALSE,FALSE,FALSE,FALSE
"K24116",0.315,0,0.318,-0.0506,0.0505,0.0705,NA,"K24116",0.950168352171327,1,FALSE,FALSE,FALSE,FALSE
"K16147",0.345,0,0.921,0.0136,0.137,0.00698,NA,"K16147",0.999598920863309,1,FALSE,FALSE,FALSE,FALSE
"K16146",0.113,0,0.866,0.0595,0.353,0.0119,NA,"K16146",0.999598920863309,1,FALSE,FALSE,FALSE,FALSE
"K05549",0.271,0,0.0424,0.153,0.0751,0.143,NA,"K05549,K05550,K05784",0.488038620689655,1,FALSE,FALSE,FALSE,FALSE
"K05783",0.286,0,0.0409,0.146,0.0709,0.144,NA,"K05783",0.485275592417062,1,FALSE,FALSE,FALSE,FALSE
"K03464",0.315,0,0.465,0.0582,0.0794,0.0516,NA,"K03464",0.999598920863309,1,FALSE,FALSE,FALSE,FALSE
"K16163",0.108,0,0.532,-0.0894,0.143,0.0441,NA,"K16163",0.999598920863309,1,FALSE,FALSE,FALSE,FALSE
"K12554",0.0296,0,0.988,-0.00309,0.204,0.00107,NA,"K12554",0.999598920863309,1,FALSE,FALSE,FALSE,FALSE
"K14956",0.256,0,0.319,0.272,0.273,0.0703,NA,"K14956",0.950168352171327,1,FALSE,FALSE,FALSE,FALSE
"K10843",0.158,0,0.651,-0.352,0.778,0.0319,NA,"K10843",0.999598920863309,1,FALSE,FALSE,FALSE,FALSE
"K06605",0.163,0,0.766,-0.0186,0.0624,0.021,NA,"K06605",0.999598920863309,1,FALSE,FALSE,FALSE,FALSE
"K06609",0.167,0,0.412,-0.0557,0.0678,0.0579,NA,"K06609",0.995165229885058,1,FALSE,FALSE,FALSE,FALSE
"K25365",0.108,0,0.842,0.0756,0.379,0.0141,NA,"K25365",0.999598920863309,1,FALSE,FALSE,FALSE,FALSE
"K18887",0.251,0,0.991,0.00509,0.45,0.000797,NA,"K18887",0.999598920863309,1,FALSE,FALSE,FALSE,FALSE
"K18888",0.251,0,0.991,0.00509,0.45,0.000797,NA,"K18888",0.999598920863309,1,FALSE,FALSE,FALSE,FALSE
"K21687",0.0788,0,0.835,0.0381,0.182,0.0147,NA,"K21687",0.999598920863309,1,FALSE,FALSE,FALSE,FALSE
"K14520",0.0148,0,0.928,-0.0149,0.165,0.00637,NA,"K14520",0.999598920863309,1,FALSE,FALSE,FALSE,FALSE
"K08368",0.158,0,0.714,0.0228,0.0622,0.0259,NA,"K08368",0.999598920863309,1,FALSE,FALSE,FALSE,FALSE
"K22894",0.103,0,0.0807,0.154,0.0876,0.123,NA,"K22894",0.583788744588745,1,FALSE,FALSE,FALSE,FALSE
"K12583",0.0837,0,0.977,0.0044,0.155,0.002,NA,"K12583",0.999598920863309,1,FALSE,FALSE,FALSE,FALSE
"K28762",0.365,0,0.619,0.0518,0.104,0.0351,NA,"K28762",0.999598920863309,1,FALSE,FALSE,FALSE,FALSE
"K09009",0.158,0,0.995,-0.00356,0.597,0.00042,NA,"K09009",0.999598920863309,1,FALSE,FALSE,FALSE,FALSE
"K20469",0.192,0,7.86e-06,1.91,0.416,0.308,NA,"K20469",0.00302730923076923,0.03935502,TRUE,TRUE,TRUE,TRUE
"K18455",0.103,0,0.898,0.0652,0.507,0.00908,NA,"K18455",0.999598920863309,1,FALSE,FALSE,FALSE,FALSE
"K21688",0.167,0,0.555,0.223,0.377,0.0417,NA,"K21688",0.999598920863309,1,FALSE,FALSE,FALSE,FALSE
"K23842",0.128,0,0.917,0.0603,0.579,0.00735,NA,"K10005,K10008,K23842",0.999598920863309,1,FALSE,FALSE,FALSE,FALSE
"K27095",0.123,0,0.908,0.0579,0.498,0.0082,NA,"K27095",0.999598920863309,1,FALSE,FALSE,FALSE,FALSE
"K02478",0.0985,0,0.762,0.108,0.356,0.0214,NA,"K02478",0.999598920863309,1,FALSE,FALSE,FALSE,FALSE
"K11410",0.158,0,0.852,-0.0639,0.343,0.0131,NA,"K11410",0.999598920863309,1,FALSE,FALSE,FALSE,FALSE
"K18290",0.153,0,0.44,-0.137,0.178,0.0545,NA,"K18290",0.999598920863309,1,FALSE,FALSE,FALSE,FALSE
"K23555",0.113,0,0.897,0.062,0.478,0.00914,NA,"K23555",0.999598920863309,1,FALSE,FALSE,FALSE,FALSE
"K06976",0.148,0,0.931,-0.0267,0.307,0.00613,NA,"K06976",0.999598920863309,1,FALSE,FALSE,FALSE,FALSE
"K06117",0.148,0,0.215,-0.477,0.383,0.0874,NA,"K06117",0.863968699839486,1,FALSE,FALSE,FALSE,FALSE
"K04074",0.261,0,0.893,-0.101,0.75,0.00951,NA,"K04074",0.999598920863309,1,FALSE,FALSE,FALSE,FALSE
"K16014",0.0788,0,0.934,-0.0253,0.305,0.00584,NA,"K16014",0.999598920863309,1,FALSE,FALSE,FALSE,FALSE
"K07586",0.177,0,0.89,-0.0271,0.195,0.00978,NA,"K07586",0.999598920863309,1,FALSE,FALSE,FALSE,FALSE
"K01239",0.0887,0,0.67,-0.124,0.291,0.0301,NA,"K01239",0.999598920863309,1,FALSE,FALSE,FALSE,FALSE
"K17883",0.0197,0,0.8,0.0483,0.19,0.0179,NA,"K17883",0.999598920863309,1,FALSE,FALSE,FALSE,FALSE
"K22010",0.187,0,4.62e-05,0.477,0.114,0.282,NA,"K22010",0.0105147,0.2313234,TRUE,FALSE,TRUE,FALSE
"K22213",0.064,0,0.425,0.0745,0.0932,0.0563,NA,"K22213",0.998606694560669,1,FALSE,FALSE,FALSE,FALSE
"K04104",0.0788,0,0.724,0.117,0.332,0.0249,NA,"K04104",0.999598920863309,1,FALSE,FALSE,FALSE,FALSE
"K28614",0.0788,0,0.527,-0.0654,0.103,0.0446,NA,"K28614",0.999598920863309,1,FALSE,FALSE,FALSE,FALSE
"K18701",0.0345,0,0.838,-0.0316,0.154,0.0144,NA,"K18701",0.999598920863309,1,FALSE,FALSE,FALSE,FALSE
"K03429",0.133,0,0.429,-0.103,0.13,0.0558,NA,"K03429",0.998606694560669,1,FALSE,FALSE,FALSE,FALSE
"K28682",0.128,0,0.792,-0.0183,0.0691,0.0186,NA,"K28682",0.999598920863309,1,FALSE,FALSE,FALSE,FALSE
"K27501",0.227,0,0.944,0.00469,0.0672,0.00492,NA,"K27501",0.999598920863309,1,FALSE,FALSE,FALSE,FALSE
"K28683",0.0739,0,0.911,-0.0119,0.106,0.00791,NA,"K28683",0.999598920863309,1,FALSE,FALSE,FALSE,FALSE
"K28684",0.0591,0,0.925,-0.0123,0.13,0.00666,NA,"K28684",0.999598920863309,1,FALSE,FALSE,FALSE,FALSE
"K01466",0.261,0,0.471,-0.0764,0.106,0.0509,NA,"K01466",0.999598920863309,1,FALSE,FALSE,FALSE,FALSE
"K00365",0.113,0,0.901,0.0266,0.213,0.00879,NA,"K00365",0.999598920863309,1,FALSE,FALSE,FALSE,FALSE
"K12528",0.123,0,0.775,0.0335,0.117,0.0202,NA,"K12528",0.999598920863309,1,FALSE,FALSE,FALSE,FALSE
"K19190",0.069,0,0.768,0.0511,0.173,0.0208,NA,"K19190",0.999598920863309,1,FALSE,FALSE,FALSE,FALSE
"K06413",0.236,0,0.371,-0.0671,0.0749,0.0631,NA,"K06413",0.97633889468196,1,FALSE,FALSE,FALSE,FALSE
"K07155",0.069,0,0.724,-0.0426,0.121,0.0249,NA,"K07155",0.999598920863309,1,FALSE,FALSE,FALSE,FALSE
"K20902",0.158,0,0.664,0.0685,0.157,0.0307,NA,"K20902",0.999598920863309,1,FALSE,FALSE,FALSE,FALSE
"K06324",0.0443,0,0.113,0.148,0.093,0.112,NA,"K06324",0.658662398137369,1,FALSE,FALSE,FALSE,FALSE
"K26749",0.0542,0,0.852,-0.0217,0.116,0.0132,NA,"K26749",0.999598920863309,1,FALSE,FALSE,FALSE,FALSE
"K22270",0.143,0,0.742,0.0254,0.0772,0.0232,NA,"K22270",0.999598920863309,1,FALSE,FALSE,FALSE,FALSE
"K16148",0.128,0,0.64,-0.0698,0.149,0.033,NA,"K16148",0.999598920863309,1,FALSE,FALSE,FALSE,FALSE
"K15526",0.0985,0,0.904,0.0269,0.222,0.00853,NA,"K15526",0.999598920863309,1,FALSE,FALSE,FALSE,FALSE
"K07442",0.128,0,0.924,0.0231,0.243,0.0067,NA,"K03727,K07442,K13572,K13573",0.999598920863309,1,FALSE,FALSE,FALSE,FALSE
"K13527",0.0936,0,0.884,0.0343,0.235,0.0103,NA,"K03432,K03433,K13527,K13570,K13571,K20814",0.999598920863309,1,FALSE,FALSE,FALSE,FALSE
"K24033",0.0739,0,0.979,-0.00619,0.236,0.00185,NA,"K24033",0.999598920863309,1,FALSE,FALSE,FALSE,FALSE
"K25144",0.064,0,0.77,0.0374,0.128,0.0206,NA,"K25142,K25144",0.999598920863309,1,FALSE,FALSE,FALSE,FALSE
"K07695",0.0837,0,0.647,-0.0748,0.163,0.0323,NA,"K07695",0.999598920863309,1,FALSE,FALSE,FALSE,FALSE
"K07682",0.103,0,0.675,-0.065,0.155,0.0296,NA,"K07682",0.999598920863309,1,FALSE,FALSE,FALSE,FALSE
"K12952",0.0394,0,0.894,0.0153,0.114,0.00945,NA,"K12952",0.999598920863309,1,FALSE,FALSE,FALSE,FALSE
"K24131",0.261,0,0.841,0.0276,0.138,0.0142,NA,"K24131",0.999598920863309,1,FALSE,FALSE,FALSE,FALSE
"K23393",0.113,0,0.765,-0.0532,0.178,0.0211,NA,"K07009,K23393",0.999598920863309,1,FALSE,FALSE,FALSE,FALSE
"K27681",0.103,0,0.887,0.0826,0.581,0.01,NA,"K27681",0.999598920863309,1,FALSE,FALSE,FALSE,FALSE
"K18917",0.227,0,0.277,-0.104,0.0952,0.0767,NA,"K18917",0.923041114058356,1,FALSE,FALSE,FALSE,FALSE
"K11358",0.0394,0,0.921,-0.0139,0.14,0.00697,NA,"K11358",0.999598920863309,1,FALSE,FALSE,FALSE,FALSE
"K24120",0.123,0,0.958,0.0315,0.595,0.00373,NA,"K24120",0.999598920863309,1,FALSE,FALSE,FALSE,FALSE
"K07030",0.222,0,0.91,0.0778,0.69,0.00796,NA,"K01926,K07030",0.999598920863309,1,FALSE,FALSE,FALSE,FALSE
"K03296",0.251,0,0.28,-0.896,0.827,0.0762,NA,"K03296",0.925386138613861,1,FALSE,FALSE,FALSE,FALSE
"K16649",0.128,0,0.00522,0.772,0.273,0.195,NA,"K16649",0.170368051948052,1,FALSE,FALSE,FALSE,FALSE
"K02074",0.158,0,0.519,-0.0656,0.102,0.0455,NA,"K02074",0.999598920863309,1,FALSE,FALSE,FALSE,FALSE
"K23987",0.0739,0,0.961,0.00558,0.115,0.00341,NA,"K23987",0.999598920863309,1,FALSE,FALSE,FALSE,FALSE
"K16650",0.103,0,0.943,0.0144,0.2,0.00508,NA,"K16650",0.999598920863309,1,FALSE,FALSE,FALSE,FALSE
"K08372",0.123,0,0.955,0.024,0.425,0.00398,NA,"K08372",0.999598920863309,1,FALSE,FALSE,FALSE,FALSE
"K09118",0.138,0,0.28,-0.369,0.341,0.0761,NA,"K09118",0.925386138613861,1,FALSE,FALSE,FALSE,FALSE
"K06979",0.187,0,0.948,-0.00722,0.11,0.00464,NA,"K06979",0.999598920863309,1,FALSE,FALSE,FALSE,FALSE
"K00231",0.251,0,0.106,0.265,0.163,0.114,NA,"K00231",0.640992753623188,1,FALSE,FALSE,FALSE,FALSE
"K07319",0.113,0,0.513,0.094,0.143,0.0462,NA,"K07319",0.999598920863309,1,FALSE,FALSE,FALSE,FALSE
"K10006",0.138,0,0.0799,-0.318,0.18,0.123,NA,"K10006",0.582937063953488,1,FALSE,FALSE,FALSE,FALSE
"K10007",0.138,0,0.145,-0.263,0.18,0.103,NA,"K10007",0.721640671273445,1,FALSE,FALSE,FALSE,FALSE
"K01858",0.148,0,0.845,0.0294,0.15,0.0138,NA,"K01858",0.999598920863309,1,FALSE,FALSE,FALSE,FALSE
"K00392",0.113,0,0.852,0.0429,0.229,0.0132,NA,"K00392",0.999598920863309,1,FALSE,FALSE,FALSE,FALSE
"K21401",0.0985,0,0.804,0.185,0.745,0.0175,NA,"K21401",0.999598920863309,1,FALSE,FALSE,FALSE,FALSE
"K25149",0.103,0,0.074,-0.135,0.0751,0.126,NA,"K25149",0.563005997001499,1,FALSE,FALSE,FALSE,FALSE
"K25150",0.103,0,0.074,-0.135,0.0751,0.126,NA,"K25150",0.563005997001499,1,FALSE,FALSE,FALSE,FALSE
"K25588",0.0936,0,0.853,0.0282,0.153,0.013,NA,"K25588",0.999598920863309,1,FALSE,FALSE,FALSE,FALSE
"K01005",0.236,0,0.996,0.000939,0.168,0.000395,NA,"K01005",0.999598920863309,1,FALSE,FALSE,FALSE,FALSE
"K18230",0.0788,0,0.74,-0.0534,0.161,0.0234,NA,"K18230",0.999598920863309,1,FALSE,FALSE,FALSE,FALSE
"K11602",0.0443,0,0.985,0.00196,0.104,0.00132,NA,"K11602",0.999598920863309,1,FALSE,FALSE,FALSE,FALSE
"K11601",0.0443,0,0.985,0.00196,0.104,0.00132,NA,"K11601",0.999598920863309,1,FALSE,FALSE,FALSE,FALSE
"K02497",0.236,0,0.974,0.0151,0.455,0.00233,NA,"K02497",0.999598920863309,1,FALSE,FALSE,FALSE,FALSE
"K14519",0.103,0,0.94,0.0112,0.148,0.00534,NA,"K14519",0.999598920863309,1,FALSE,FALSE,FALSE,FALSE
"K04768",0.197,0,0.622,0.289,0.584,0.0348,NA,"K04768",0.999598920863309,1,FALSE,FALSE,FALSE,FALSE
"K00008",0.0739,0,0.497,0.0577,0.0847,0.048,NA,"K00008",0.999598920863309,1,FALSE,FALSE,FALSE,FALSE
"K25064",0.0493,0,0.806,-0.0395,0.161,0.0173,NA,"K25062,K25063,K25064",0.999598920863309,1,FALSE,FALSE,FALSE,FALSE
"K00594",0.108,0,0.841,0.0273,0.136,0.0142,NA,"K00594",0.999598920863309,1,FALSE,FALSE,FALSE,FALSE
"K17755",0.0345,0,0.857,0.0257,0.143,0.0127,NA,"K17755",0.999598920863309,1,FALSE,FALSE,FALSE,FALSE
"K28029",0.232,0,0.507,0.0518,0.0778,0.0469,NA,"K28029",0.999598920863309,1,FALSE,FALSE,FALSE,FALSE
"K16927",0.069,0,0.532,-0.115,0.183,0.0441,NA,"K16927",0.999598920863309,1,FALSE,FALSE,FALSE,FALSE
"K22336",0.064,0,0.974,-0.0041,0.128,0.00226,NA,"K22336",0.999598920863309,1,FALSE,FALSE,FALSE,FALSE
"K19311",0.0394,0,0.692,-0.0572,0.144,0.028,NA,"K19311",0.999598920863309,1,FALSE,FALSE,FALSE,FALSE
"K13950",0.0887,0,0.695,0.079,0.201,0.0277,NA,"K13950",0.999598920863309,1,FALSE,FALSE,FALSE,FALSE
"K01218",0.0394,0,0.633,0.0497,0.104,0.0337,NA,"K01218",0.999598920863309,1,FALSE,FALSE,FALSE,FALSE
"K16925",0.222,0,0.438,-0.178,0.229,0.0547,NA,"K16925",0.999598920863309,1,FALSE,FALSE,FALSE,FALSE
"K07228",0.227,0,0.146,0.589,0.404,0.102,NA,"K07228",0.721640671273445,1,FALSE,FALSE,FALSE,FALSE
"K26732",0.227,0,0.146,0.589,0.404,0.102,NA,"K26732",0.721640671273445,1,FALSE,FALSE,FALSE,FALSE
"K25286",0.232,0,0.825,0.0167,0.0757,0.0156,NA,"K25286",0.999598920863309,1,FALSE,FALSE,FALSE,FALSE
"K22107",0.0887,0,0.919,0.0178,0.175,0.00716,NA,"K22107",0.999598920863309,1,FALSE,FALSE,FALSE,FALSE
"K02798",0.192,0,0.315,-0.127,0.126,0.0709,NA,"K02798",0.950168352171327,1,FALSE,FALSE,FALSE,FALSE
"K13892",0.103,0,0.909,0.0185,0.162,0.00807,NA,"K13892",0.999598920863309,1,FALSE,FALSE,FALSE,FALSE
"K16515",0.0542,0,0.422,-0.0557,0.0692,0.0567,NA,"K16515",0.998606694560669,1,FALSE,FALSE,FALSE,FALSE
"K11947",0.069,0,0.044,0.247,0.122,0.142,NA,"K11947",0.497309255079007,1,FALSE,FALSE,FALSE,FALSE
"K26740",0.0296,0,0.958,-0.0068,0.128,0.00375,NA,"K26740",0.999598920863309,1,FALSE,FALSE,FALSE,FALSE
"K21600",0.261,0,0.0274,0.336,0.151,0.155,NA,"K21600",0.410753892215569,1,FALSE,FALSE,FALSE,FALSE
"K22844",0.069,0,0.946,-0.00741,0.109,0.00479,NA,"K22844",0.999598920863309,1,FALSE,FALSE,FALSE,FALSE
"K05880",0.0493,0,0.882,-0.0331,0.223,0.0105,NA,"K05880",0.999598920863309,1,FALSE,FALSE,FALSE,FALSE
"K07495",0.0345,0,0.594,-0.0382,0.0714,0.0377,NA,"K07495",0.999598920863309,1,FALSE,FALSE,FALSE,FALSE
"K21344",0.232,0,0.696,0.0411,0.105,0.0276,NA,"K21344",0.999598920863309,1,FALSE,FALSE,FALSE,FALSE
"K11021",0.0887,0,0.845,0.0131,0.067,0.0138,NA,"K11021",0.999598920863309,1,FALSE,FALSE,FALSE,FALSE
"K15852",0.0443,0,0.755,-0.188,0.602,0.0221,NA,"K15852,K18927,K19213,K20801",0.999598920863309,1,FALSE,FALSE,FALSE,FALSE
"K11023",0.0296,0,0.616,0.0724,0.144,0.0354,NA,"K11023",0.999598920863309,1,FALSE,FALSE,FALSE,FALSE
"K12531",0.0148,0,0.771,0.0307,0.105,0.0206,NA,"K12531",0.999598920863309,1,FALSE,FALSE,FALSE,FALSE
"K16872",0.241,0,0.505,-0.24,0.36,0.047,NA,"K16872",0.999598920863309,1,FALSE,FALSE,FALSE,FALSE
"K14056",0.0837,0,0.697,-0.068,0.174,0.0275,NA,"K14056",0.999598920863309,1,FALSE,FALSE,FALSE,FALSE
"K00316",0.069,0,0.665,0.042,0.0969,0.0306,NA,"K00316",0.999598920863309,1,FALSE,FALSE,FALSE,FALSE
"K28380",0.0148,0,0.987,-0.00321,0.202,0.00112,NA,"K28380",0.999598920863309,1,FALSE,FALSE,FALSE,FALSE
"K06282",0.069,0,0.892,-0.0178,0.13,0.00963,NA,"K03605,K06282",0.999598920863309,1,FALSE,FALSE,FALSE,FALSE
"K06281",0.0542,0,0.761,-0.0502,0.165,0.0215,NA,"K06281",0.999598920863309,1,FALSE,FALSE,FALSE,FALSE
"K12143",0.0296,0,0.993,-0.00111,0.13,0.000602,NA,"K12143",0.999598920863309,1,FALSE,FALSE,FALSE,FALSE
"K12138",0.0345,0,0.981,-0.00429,0.177,0.00171,NA,"K12136,K12138",0.999598920863309,1,FALSE,FALSE,FALSE,FALSE
"K12137",0.064,0,0.696,-0.0402,0.103,0.0276,NA,"K12137",0.999598920863309,1,FALSE,FALSE,FALSE,FALSE
"K19659",0.0296,0,0.895,-0.0253,0.191,0.00932,NA,"K19659,K22954",0.999598920863309,1,FALSE,FALSE,FALSE,FALSE
"K19113",0.138,0,0.544,0.0787,0.13,0.0428,NA,"K19113",0.999598920863309,1,FALSE,FALSE,FALSE,FALSE
"K12678",0.0542,0,0.858,0.0204,0.114,0.0126,NA,"K12678",0.999598920863309,1,FALSE,FALSE,FALSE,FALSE
"K12527",0.0246,0,0.992,-0.0014,0.136,0.000726,NA,"K12527",0.999598920863309,1,FALSE,FALSE,FALSE,FALSE
"K12529",0.0197,0,0.99,0.002,0.165,0.000855,NA,"K12529",0.999598920863309,1,FALSE,FALSE,FALSE,FALSE
"K00087",0.0739,0,0.692,0.0441,0.111,0.028,NA,"K00087",0.999598920863309,1,FALSE,FALSE,FALSE,FALSE
"K13479",0.0788,0,0.763,0.0328,0.109,0.0213,NA,"K13479",0.999598920863309,1,FALSE,FALSE,FALSE,FALSE
"K10952",0.0296,0,0.95,0.0065,0.103,0.00443,NA,"K10952",0.999598920863309,1,FALSE,FALSE,FALSE,FALSE
"K04018",0.0394,0,0.993,-0.00158,0.191,0.000583,NA,"K04018",0.999598920863309,1,FALSE,FALSE,FALSE,FALSE
"K20755",0.0394,0,0.95,-0.0115,0.185,0.0044,NA,"K20755",0.999598920863309,1,FALSE,FALSE,FALSE,FALSE
"K07078",0.177,0,0.694,0.0653,0.166,0.0278,NA,"K07078",0.999598920863309,1,FALSE,FALSE,FALSE,FALSE
"K06926",0.064,0,0.788,-0.0156,0.0581,0.0189,NA,"K06926",0.999598920863309,1,FALSE,FALSE,FALSE,FALSE
"K18367",0.0985,0,0.769,-0.0457,0.155,0.0208,NA,"K18367",0.999598920863309,1,FALSE,FALSE,FALSE,FALSE
"K02598",0.103,0,0.864,0.0251,0.146,0.0121,NA,"K02598",0.999598920863309,1,FALSE,FALSE,FALSE,FALSE
"K02464",0.0296,0,0.626,-0.0466,0.0955,0.0344,NA,"K02464",0.999598920863309,1,FALSE,FALSE,FALSE,FALSE
"K08659",0.0345,0,0.312,-0.0916,0.0904,0.0713,NA,"K08659",0.950168352171327,1,FALSE,FALSE,FALSE,FALSE
"K03757",0.0345,0,0.98,-0.00336,0.134,0.00177,NA,"K03757",0.999598920863309,1,FALSE,FALSE,FALSE,FALSE
"K00385",0.0148,0,0.974,0.00632,0.192,0.00233,NA,"K00385,K16346,K16950,K16951",0.999598920863309,1,FALSE,FALSE,FALSE,FALSE
"K11921",0.291,0,0.259,-0.0848,0.0749,0.0796,NA,"K11921",0.907496850944717,1,FALSE,FALSE,FALSE,FALSE
"K13480",0.0197,0,0.912,-0.0198,0.179,0.00779,NA,"K13480",0.999598920863309,1,FALSE,FALSE,FALSE,FALSE
"K10906",0.0148,0,0.943,0.00884,0.124,0.00504,NA,"K10906",0.999598920863309,1,FALSE,FALSE,FALSE,FALSE
"K06900",0.0246,0,0.936,0.00759,0.0943,0.00567,NA,"K06900,K25555",0.999598920863309,1,FALSE,FALSE,FALSE,FALSE
"K03223",0.0887,0,0.583,-0.0407,0.0741,0.0387,NA,"K03223",0.999598920863309,1,FALSE,FALSE,FALSE,FALSE
"K04054",0.0493,0,0.298,-0.0823,0.0788,0.0734,NA,"K04054",0.937829038340666,1,FALSE,FALSE,FALSE,FALSE
"K04052",0.0197,0,0.989,0.00177,0.133,0.000943,NA,"K04049,K04050,K04051,K04052,K04057,K23476",0.999598920863309,1,FALSE,FALSE,FALSE,FALSE
"K03221",0.0493,0,0.115,-0.121,0.0764,0.111,NA,"K03221",0.663785142857143,1,FALSE,FALSE,FALSE,FALSE
"K04060",0.0394,0,0.227,-0.102,0.0842,0.0852,NA,"K04060",0.877674903474903,1,FALSE,FALSE,FALSE,FALSE
"K04059",0.0246,0,0.833,-0.0276,0.131,0.0149,NA,"K04059",0.999598920863309,1,FALSE,FALSE,FALSE,FALSE
"K04056",0.0542,0,0.292,-0.0794,0.0751,0.0744,NA,"K04056",0.933454660748256,1,FALSE,FALSE,FALSE,FALSE
"K03225",0.113,0,0.171,-0.0829,0.0603,0.0965,NA,"K03225",0.784063186813187,1,FALSE,FALSE,FALSE,FALSE
"K02769",0.0345,0,0.973,-0.00544,0.158,0.00243,NA,"K02769",0.999598920863309,1,FALSE,FALSE,FALSE,FALSE
"K21965",0.118,0,0.967,-0.00313,0.0762,0.0029,NA,"K21965",0.999598920863309,1,FALSE,FALSE,FALSE,FALSE
"K09945",0.276,0,0.495,0.0635,0.0928,0.0482,NA,"K09945",0.999598920863309,1,FALSE,FALSE,FALSE,FALSE
"K07812",0.0591,0,0.899,-0.0177,0.139,0.00897,NA,"K07812",0.999598920863309,1,FALSE,FALSE,FALSE,FALSE
"K16636",0.0148,0,0.943,0.00884,0.124,0.00504,NA,"K16636",0.999598920863309,1,FALSE,FALSE,FALSE,FALSE
"K28187",0.0788,0,0.607,0.0348,0.0675,0.0363,NA,"K28187",0.999598920863309,1,FALSE,FALSE,FALSE,FALSE
"K07505",0.0296,0,0.526,0.057,0.0897,0.0448,NA,"K07505",0.999598920863309,1,FALSE,FALSE,FALSE,FALSE
"K05873",0.0837,0,0.909,0.0127,0.111,0.00806,NA,"K05873",0.999598920863309,1,FALSE,FALSE,FALSE,FALSE
"K16923",0.103,0,0.965,-0.00529,0.119,0.00313,NA,"K16923",0.999598920863309,1,FALSE,FALSE,FALSE,FALSE
"K16638",0.0246,0,0.0222,-0.214,0.0927,0.16,NA,"K16638",0.376353973509934,1,FALSE,FALSE,FALSE,FALSE
"K23876",0.0148,0,0.927,0.0138,0.151,0.00645,NA,"K23876",0.999598920863309,1,FALSE,FALSE,FALSE,FALSE
"K20431",0.0148,0,0.189,0.139,0.105,0.0926,NA,"K20431",0.80951497005988,1,FALSE,FALSE,FALSE,FALSE
"K09137",0.0936,0,0.634,0.0383,0.0804,0.0336,NA,"K09137",0.999598920863309,1,FALSE,FALSE,FALSE,FALSE
"K24285",0.0148,0,0.668,-0.0428,0.0998,0.0303,NA,"K24285",0.999598920863309,1,FALSE,FALSE,FALSE,FALSE
"K03410",0.158,0,0.666,-0.0309,0.0714,0.0305,NA,"K03410",0.999598920863309,1,FALSE,FALSE,FALSE,FALSE
"K18365",0.0443,0,0.556,0.0512,0.0867,0.0416,NA,"K18365",0.999598920863309,1,FALSE,FALSE,FALSE,FALSE
"K18366",0.0443,0,0.556,0.0512,0.0867,0.0416,NA,"K18366",0.999598920863309,1,FALSE,FALSE,FALSE,FALSE
"K01617",0.069,0,0.123,0.0965,0.0623,0.109,NA,"K01617",0.682016611295681,1,FALSE,FALSE,FALSE,FALSE
"K18364",0.0542,0,0.461,0.0588,0.0796,0.052,NA,"K18364",0.999598920863309,1,FALSE,FALSE,FALSE,FALSE
"K10217",0.0591,0,0.992,0.00066,0.0638,0.00073,NA,"K10217",0.999598920863309,1,FALSE,FALSE,FALSE,FALSE
"K16242",0.0148,0,0.773,0.0448,0.155,0.0203,NA,"K16242",0.999598920863309,1,FALSE,FALSE,FALSE,FALSE
"K05713",0.0296,0,0.135,0.125,0.0834,0.105,NA,"K05713",0.713775079197466,1,FALSE,FALSE,FALSE,FALSE
"K05714",0.0246,0,0.264,0.102,0.0907,0.0788,NA,"K05714",0.911619310344828,1,FALSE,FALSE,FALSE,FALSE
"K22450",0.0394,0,0.793,0.0357,0.136,0.0186,NA,"K22450",0.999598920863309,1,FALSE,FALSE,FALSE,FALSE
"K03465",0.0296,0,0.0997,-0.194,0.117,0.116,NA,"K03465",0.630604534005038,1,FALSE,FALSE,FALSE,FALSE
"K07536",0.0246,0,0.586,0.0634,0.116,0.0385,NA,"K07536",0.999598920863309,1,FALSE,FALSE,FALSE,FALSE
"K04117",0.0296,0,0.728,-0.0359,0.103,0.0245,NA,"K04117",0.999598920863309,1,FALSE,FALSE,FALSE,FALSE
"K04116",0.0345,0,0.98,-0.00241,0.0953,0.00178,NA,"K04116",0.999598920863309,1,FALSE,FALSE,FALSE,FALSE
"K20454",0.0148,0,0.752,0.041,0.13,0.0223,NA,"K20454",0.999598920863309,1,FALSE,FALSE,FALSE,FALSE
"K16880",0.0296,0,0.0817,0.181,0.103,0.122,NA,"K16876,K16877,K16880",0.587746982758621,1,FALSE,FALSE,FALSE,FALSE
"K16879",0.0197,0,0.26,0.143,0.127,0.0794,NA,"K16879",0.90909217877095,1,FALSE,FALSE,FALSE,FALSE
"K18067",0.0197,0,0.355,0.0944,0.102,0.0653,NA,"K18067",0.963406504065041,1,FALSE,FALSE,FALSE,FALSE
"K18069",0.0148,0,0.76,0.0374,0.122,0.0216,NA,"K18069",0.999598920863309,1,FALSE,FALSE,FALSE,FALSE
"K18068",0.0394,0,0.905,-0.0086,0.0719,0.00843,NA,"K18068",0.999598920863309,1,FALSE,FALSE,FALSE,FALSE
"K01086",0.0443,0,0.313,0.156,0.155,0.0711,NA,"K01086",0.950168352171327,1,FALSE,FALSE,FALSE,FALSE
"K19640",0.0493,0,0.317,-0.101,0.101,0.0706,NA,"K19640",0.950168352171327,1,FALSE,FALSE,FALSE,FALSE
"K03620",0.0148,0,0.412,-0.136,0.166,0.0578,NA,"K03620",0.995165229885058,1,FALSE,FALSE,FALSE,FALSE
"K00150",0.118,0,0.562,0.0955,0.165,0.0409,NA,"K00150",0.999598920863309,1,FALSE,FALSE,FALSE,FALSE
"K13002",0.0345,0,0.54,0.0724,0.118,0.0432,NA,"K13002",0.999598920863309,1,FALSE,FALSE,FALSE,FALSE
"K01787",0.0197,0,0.775,0.0434,0.152,0.0202,NA,"K01787",0.999598920863309,1,FALSE,FALSE,FALSE,FALSE
"K02347",0.118,0,0.942,-0.011,0.151,0.00514,NA,"K02347",0.999598920863309,1,FALSE,FALSE,FALSE,FALSE
"K03333",0.197,0,0.466,0.0421,0.0577,0.0514,NA,"K03333",0.999598920863309,1,FALSE,FALSE,FALSE,FALSE
"K21196",0.103,0,0.642,0.0594,0.127,0.0329,NA,"K21196",0.999598920863309,1,FALSE,FALSE,FALSE,FALSE
"K17069",0.0197,0,0.00187,-0.445,0.141,0.217,NA,"K17069",0.100678387096774,1,FALSE,FALSE,FALSE,FALSE
"K18285",0.0296,0,0.627,-0.308,0.632,0.0343,NA,"K18285",0.999598920863309,1,FALSE,FALSE,FALSE,FALSE
"K08166",0.0936,0,0.848,0.0208,0.108,0.0135,NA,"K08166",0.999598920863309,1,FALSE,FALSE,FALSE,FALSE
"K19225",0.0887,0,0.0105,1.06,0.41,0.179,NA,"K19225",0.252757211538462,1,FALSE,FALSE,FALSE,FALSE
"K19166",0.153,0,0.772,-0.016,0.055,0.0205,NA,"K19166",0.999598920863309,1,FALSE,FALSE,FALSE,FALSE
"K27493",0.0197,0,0.895,-0.0477,0.363,0.00928,NA,"K27493",0.999598920863309,1,FALSE,FALSE,FALSE,FALSE
"K21003",0.0197,0,0.691,0.0719,0.181,0.028,NA,"K21003",0.999598920863309,1,FALSE,FALSE,FALSE,FALSE
"K21739",0.0296,0,0.056,0.201,0.105,0.134,NA,"K21739",0.556223168316832,1,FALSE,FALSE,FALSE,FALSE
"K11784",0.0296,0,0.627,-0.308,0.632,0.0343,NA,"K11784",0.999598920863309,1,FALSE,FALSE,FALSE,FALSE
"K11622",0.128,0,0.851,-0.136,0.728,0.0132,NA,"K00887,K11622",0.999598920863309,1,FALSE,FALSE,FALSE,FALSE
"K01771",0.0837,0,0.636,0.0343,0.0723,0.0335,NA,"K01771",0.999598920863309,1,FALSE,FALSE,FALSE,FALSE
"K06888",0.143,0,0.679,-0.0576,0.139,0.0293,NA,"K06888",0.999598920863309,1,FALSE,FALSE,FALSE,FALSE
"K16213",0.0197,0,0.852,-0.0371,0.199,0.0132,NA,"K16212,K16213",0.999598920863309,1,FALSE,FALSE,FALSE,FALSE
"K26997",0.0148,0,0.981,0.00622,0.266,0.00165,NA,"K26997",0.999598920863309,1,FALSE,FALSE,FALSE,FALSE
"K05593",0.0394,0,0.596,-0.128,0.242,0.0374,NA,"K05593",0.999598920863309,1,FALSE,FALSE,FALSE,FALSE
"K09384",0.0591,0,0.828,-0.0143,0.066,0.0153,NA,"K09384",0.999598920863309,1,FALSE,FALSE,FALSE,FALSE
"K25767",0.0197,0,0.00778,-0.304,0.113,0.186,NA,"K25767",0.221164812834225,1,FALSE,FALSE,FALSE,FALSE
"K05979",0.163,0,0.718,-0.0351,0.0971,0.0255,NA,"K05979",0.999598920863309,1,FALSE,FALSE,FALSE,FALSE
"K06921",0.0296,0,0.16,-0.135,0.0956,0.0989,NA,"K06921",0.755061262959472,1,FALSE,FALSE,FALSE,FALSE
"K24126",0.0542,0,0.668,0.119,0.277,0.0303,NA,"K24126",0.999598920863309,1,FALSE,FALSE,FALSE,FALSE
"K04756",0.0493,0,0.696,0.229,0.584,0.0276,NA,"K04756",0.999598920863309,1,FALSE,FALSE,FALSE,FALSE
"K08097",0.0443,0,0.0399,-0.187,0.0903,0.144,NA,"K08097",0.479087050359712,1,FALSE,FALSE,FALSE,FALSE
"K11785",0.0296,0,0.627,-0.308,0.632,0.0343,NA,"K11785",0.999598920863309,1,FALSE,FALSE,FALSE,FALSE
"K11783",0.0296,0,0.627,-0.308,0.632,0.0343,NA,"K11783",0.999598920863309,1,FALSE,FALSE,FALSE,FALSE
"K12452",0.0246,0,0.615,-0.0735,0.146,0.0355,NA,"K12452",0.999598920863309,1,FALSE,FALSE,FALSE,FALSE
"K07031",0.0246,0,0.491,-0.0869,0.126,0.0486,NA,"K07031",0.999598920863309,1,FALSE,FALSE,FALSE,FALSE
"K19422",0.0443,0,0.102,-0.243,0.148,0.115,NA,"K19422",0.634427329192547,1,FALSE,FALSE,FALSE,FALSE
"K20810",0.0246,0,0.909,-0.0508,0.443,0.00808,NA,"K20810",0.999598920863309,1,FALSE,FALSE,FALSE,FALSE
"K18815",0.0985,0,0.17,0.207,0.151,0.0966,NA,"K18815",0.780908256880734,1,FALSE,FALSE,FALSE,FALSE
"K08222",0.123,0,0.142,0.743,0.504,0.103,NA,"K08222",0.718175757575757,1,FALSE,FALSE,FALSE,FALSE
"K00274",0.069,0,0.389,0.0881,0.102,0.0608,NA,"K00274",0.987689148073022,1,FALSE,FALSE,FALSE,FALSE
"K27087",0.0197,0,0.435,0.131,0.167,0.0551,NA,"K27086,K27087",0.999598920863309,1,FALSE,FALSE,FALSE,FALSE
"K20798",0.0148,0,0.973,-0.0168,0.5,0.00238,NA,"K20798",0.999598920863309,1,FALSE,FALSE,FALSE,FALSE
"K23825",0.0345,0,0.787,0.0971,0.359,0.0191,NA,"K23825",0.999598920863309,1,FALSE,FALSE,FALSE,FALSE
"K00712",0.108,0,0.0581,-0.125,0.0658,0.133,NA,"K00712",0.563005997001499,1,FALSE,FALSE,FALSE,FALSE
"K21159",0.251,0,0.28,-0.0744,0.0688,0.0761,NA,"K21159",0.925386138613861,1,FALSE,FALSE,FALSE,FALSE
"K00540",0.0394,0,0.825,0.0748,0.339,0.0156,NA,"K00540,K15510",0.999598920863309,1,FALSE,FALSE,FALSE,FALSE
"K19003",0.0493,0,0.413,-0.175,0.213,0.0578,NA,"K19003",0.995165229885058,1,FALSE,FALSE,FALSE,FALSE
"K26110",0.0985,0,0.941,0.0153,0.207,0.0052,NA,"K26110",0.999598920863309,1,FALSE,FALSE,FALSE,FALSE
"K27853",0.0394,0,0.692,-0.0532,0.134,0.0279,NA,"K27853",0.999598920863309,1,FALSE,FALSE,FALSE,FALSE
"K13015",0.202,0,0.36,-0.0599,0.0653,0.0646,NA,"K13015",0.971708894878706,1,FALSE,FALSE,FALSE,FALSE
"K25028",0.148,0,0.283,-0.0753,0.0699,0.0757,NA,"K25028",0.9257734375,1,FALSE,FALSE,FALSE,FALSE
"K14952",0.0148,0,0.482,0.398,0.565,0.0497,NA,"K14952",0.999598920863309,1,FALSE,FALSE,FALSE,FALSE
"K22733",0.0148,0,0.317,-0.342,0.341,0.0706,NA,"K22733",0.950168352171327,1,FALSE,FALSE,FALSE,FALSE
"K17640",0.0296,0,0.958,-0.0087,0.164,0.00375,NA,"K17640",0.999598920863309,1,FALSE,FALSE,FALSE,FALSE
"K08221",0.222,0,0.627,0.0589,0.121,0.0343,NA,"K08221",0.999598920863309,1,FALSE,FALSE,FALSE,FALSE
"K23155",0.064,0,0.829,-0.0365,0.169,0.0153,NA,"K23155",0.999598920863309,1,FALSE,FALSE,FALSE,FALSE
"K21685",0.0246,0,0.797,0.0727,0.283,0.0181,NA,"K21685",0.999598920863309,1,FALSE,FALSE,FALSE,FALSE
"K13658",0.0443,0,0.824,-0.0251,0.112,0.0157,NA,"K13658",0.999598920863309,1,FALSE,FALSE,FALSE,FALSE
"K18457",0.0345,0,0.467,-0.0787,0.108,0.0514,NA,"K18457",0.999598920863309,1,FALSE,FALSE,FALSE,FALSE
"K03343",0.103,0,0.871,0.0347,0.213,0.0115,NA,"K03343",0.999598920863309,1,FALSE,FALSE,FALSE,FALSE
"K26365",0.0394,0,0.0445,-0.173,0.0856,0.141,NA,"K26365",0.5007,1,FALSE,FALSE,FALSE,FALSE
"K06336",0.108,0,0.369,-0.0932,0.103,0.0634,NA,"K06336",0.97633889468196,1,FALSE,FALSE,FALSE,FALSE
"K27545",0.0493,0,0.777,0.139,0.488,0.02,NA,"K27545",0.999598920863309,1,FALSE,FALSE,FALSE,FALSE
"K18546",0.0197,0,0.874,-0.0725,0.458,0.0112,NA,"K18546",0.999598920863309,1,FALSE,FALSE,FALSE,FALSE
"K12234",0.0591,0,0.787,0.072,0.267,0.019,NA,"K12234",0.999598920863309,1,FALSE,FALSE,FALSE,FALSE
"K11779",0.0296,0,0.576,0.179,0.32,0.0395,NA,"K11779",0.999598920863309,1,FALSE,FALSE,FALSE,FALSE
"K14941",0.0542,0,0.758,0.085,0.276,0.0217,NA,"K11212,K14941",0.999598920863309,1,FALSE,FALSE,FALSE,FALSE
"K00803",0.148,0,0.52,0.0459,0.0711,0.0455,NA,"K00803",0.999598920863309,1,FALSE,FALSE,FALSE,FALSE
"K10713",0.0985,0,0.37,0.103,0.115,0.0633,NA,"K10713",0.97633889468196,1,FALSE,FALSE,FALSE,FALSE
"K15629",0.0246,0,0.00278,-0.365,0.121,0.209,NA,"K15629",0.125400540540541,1,FALSE,FALSE,FALSE,FALSE
"K15372",0.0788,0,0.443,-0.0828,0.108,0.0541,NA,"K15372",0.999598920863309,1,FALSE,FALSE,FALSE,FALSE
"K08717",0.128,0,0.261,0.123,0.109,0.0793,NA,"K08717",0.909732316227462,1,FALSE,FALSE,FALSE,FALSE
"K20484",0.0197,0,0.819,0.0269,0.118,0.0161,NA,"K20484",0.999598920863309,1,FALSE,FALSE,FALSE,FALSE
"K22580",0.0148,0,0.529,-0.179,0.284,0.0444,NA,"K22580",0.999598920863309,1,FALSE,FALSE,FALSE,FALSE
"K20275",0.0788,0,0.949,0.00615,0.0969,0.00447,NA,"K20275",0.999598920863309,1,FALSE,FALSE,FALSE,FALSE
"K21492",0.0197,0,0.145,0.402,0.275,0.103,NA,"K21492",0.721640671273445,1,FALSE,FALSE,FALSE,FALSE
"K19200",0.143,0,0.631,-0.028,0.0582,0.0339,NA,"K19200",0.999598920863309,1,FALSE,FALSE,FALSE,FALSE
"K16138",0.153,0,0.906,-0.0111,0.0937,0.00833,NA,"K16138",0.999598920863309,1,FALSE,FALSE,FALSE,FALSE
"K12991",0.0394,0,0.654,0.038,0.0846,0.0316,NA,"K12991",0.999598920863309,1,FALSE,FALSE,FALSE,FALSE
"K18289",0.163,0,0.0714,0.102,0.0565,0.127,NA,"K18289",0.563005997001499,1,FALSE,FALSE,FALSE,FALSE
"K15733",0.0197,0,0.891,-0.0501,0.364,0.00969,NA,"K15733",0.999598920863309,1,FALSE,FALSE,FALSE,FALSE
"K28275",0.0443,0,0.804,0.0266,0.107,0.0176,NA,"K28275,K28276",0.999598920863309,1,FALSE,FALSE,FALSE,FALSE
"K18351",0.0394,0,0.767,-0.113,0.38,0.0209,NA,"K18351,K18352",0.999598920863309,1,FALSE,FALSE,FALSE,FALSE
"K14194",0.0148,0,0.971,-0.0111,0.303,0.0026,NA,"K14194",0.999598920863309,1,FALSE,FALSE,FALSE,FALSE
"K22298",0.0197,0,0.888,0.0268,0.19,0.00995,NA,"K22298",0.999598920863309,1,FALSE,FALSE,FALSE,FALSE
"K10037",0.0394,0,0.966,0.00861,0.204,0.00298,NA,"K10036,K10037",0.999598920863309,1,FALSE,FALSE,FALSE,FALSE
"K17624",0.0197,0,0.934,-0.0342,0.41,0.00589,NA,"K17624",0.999598920863309,1,FALSE,FALSE,FALSE,FALSE
"K00561",0.0345,0,0.959,-0.016,0.309,0.00365,NA,"K00561",0.999598920863309,1,FALSE,FALSE,FALSE,FALSE
"K26989",0.0148,0,0.858,0.0432,0.241,0.0127,NA,"K26989",0.999598920863309,1,FALSE,FALSE,FALSE,FALSE
"K00441",0.0197,0,0.822,-0.0271,0.121,0.0159,NA,"K00441",0.999598920863309,1,FALSE,FALSE,FALSE,FALSE
"K28189",0.0197,0,0.836,0.0551,0.266,0.0146,NA,"K28189",0.999598920863309,1,FALSE,FALSE,FALSE,FALSE
"K21885",0.118,0,0.969,0.00842,0.214,0.00278,NA,"K21885",0.999598920863309,1,FALSE,FALSE,FALSE,FALSE
"K17329",0.0443,0,0.788,-0.0714,0.265,0.019,NA,"K17329,K17330,K17331",0.999598920863309,1,FALSE,FALSE,FALSE,FALSE
"K05888",0.0739,0,0.585,-0.15,0.274,0.0386,NA,"K05888",0.999598920863309,1,FALSE,FALSE,FALSE,FALSE
"K09809",0.118,0,0.857,0.0153,0.0849,0.0127,NA,"K09809",0.999598920863309,1,FALSE,FALSE,FALSE,FALSE
"K22907",0.0197,0,0.92,-0.0169,0.168,0.00713,NA,"K09153,K22907",0.999598920863309,1,FALSE,FALSE,FALSE,FALSE
"K15637",0.0296,0,0.778,-0.103,0.365,0.0199,NA,"K15637",0.999598920863309,1,FALSE,FALSE,FALSE,FALSE
"K14340",0.143,0,0.113,0.121,0.0762,0.112,NA,"K14340",0.658662398137369,1,FALSE,FALSE,FALSE,FALSE
"K19978",0.0345,0,0.795,-0.0671,0.258,0.0183,NA,"K19978",0.999598920863309,1,FALSE,FALSE,FALSE,FALSE
"K01233",0.0148,0,0.0134,-0.275,0.11,0.173,NA,"K01233",0.287636170212766,1,FALSE,FALSE,FALSE,FALSE
"K01654",0.0345,0,0.9,-0.0193,0.154,0.00886,NA,"K01654",0.999598920863309,1,FALSE,FALSE,FALSE,FALSE
"K21749",0.0394,0,0.217,0.113,0.0914,0.087,NA,"K21749",0.864374701670644,1,FALSE,FALSE,FALSE,FALSE
"K00897",0.0197,0,0.767,-0.138,0.463,0.0209,NA,"K00897",0.999598920863309,1,FALSE,FALSE,FALSE,FALSE
"K17246",0.0296,0,0.874,-0.0219,0.138,0.0112,NA,"K17244,K17246",0.999598920863309,1,FALSE,FALSE,FALSE,FALSE
"K17245",0.0394,0,0.914,-0.0125,0.116,0.00758,NA,"K17245",0.999598920863309,1,FALSE,FALSE,FALSE,FALSE
"K27494",0.0591,0,0.901,-0.0167,0.134,0.00878,NA,"K27494",0.999598920863309,1,FALSE,FALSE,FALSE,FALSE
"K27495",0.0197,0,0.721,0.133,0.372,0.0252,NA,"K27495",0.999598920863309,1,FALSE,FALSE,FALSE,FALSE
"K21480",0.0197,0,0.714,0.127,0.347,0.0259,NA,"K21480",0.999598920863309,1,FALSE,FALSE,FALSE,FALSE
"K11384",0.163,0,0.148,1.03,0.709,0.102,NA,"K06123,K07713,K11384,K14268,K18298,K20972,K20973,K22345",0.725084148727984,1,FALSE,FALSE,FALSE,FALSE
"K22474",0.138,0,0.0499,-0.135,0.0683,0.138,NA,"K22474",0.531269052631579,1,FALSE,FALSE,FALSE,FALSE
"K12549",0.0197,0,0.724,-0.0342,0.0967,0.025,NA,"K12549",0.999598920863309,1,FALSE,FALSE,FALSE,FALSE
"K13472",0.0837,0,0.919,-0.00783,0.0767,0.0072,NA,"K13472",0.999598920863309,1,FALSE,FALSE,FALSE,FALSE
"K22747",0.167,0,0.141,0.114,0.0773,0.104,NA,"K22747",0.718175757575757,1,FALSE,FALSE,FALSE,FALSE
"K19157",0.0148,0,0.653,-0.0579,0.128,0.0318,NA,"K19157",0.999598920863309,1,FALSE,FALSE,FALSE,FALSE
"K23057",0.192,0,0.0891,0.939,0.55,0.12,NA,"K23057",0.601512080536913,1,FALSE,FALSE,FALSE,FALSE
"K23056",0.192,0,0.0891,0.939,0.55,0.12,NA,"K23056",0.601512080536913,1,FALSE,FALSE,FALSE,FALSE
"K23055",0.192,0,0.0891,0.939,0.55,0.12,NA,"K23055",0.601512080536913,1,FALSE,FALSE,FALSE,FALSE
"K23058",0.177,0,0.318,0.613,0.611,0.0705,NA,"K23058",0.950168352171327,1,FALSE,FALSE,FALSE,FALSE
"K22250",0.163,0,0.087,0.387,0.225,0.12,NA,"K22250",0.599875790921596,1,FALSE,FALSE,FALSE,FALSE
"K02848",0.167,0,0.637,0.118,0.25,0.0333,NA,"K02848",0.999598920863309,1,FALSE,FALSE,FALSE,FALSE
"K13541",0.197,0,0.0191,1.18,0.498,0.164,NA,"K13541",0.34705559566787,1,FALSE,FALSE,FALSE,FALSE
"K27076",0.103,0,0.233,0.0956,0.0799,0.0841,NA,"K27076",0.884481425322214,1,FALSE,FALSE,FALSE,FALSE
"K27077",0.103,0,0.421,0.0664,0.0823,0.0568,NA,"K27077",0.998553765987684,1,FALSE,FALSE,FALSE,FALSE
"K23993",0.207,0,0.0345,0.578,0.271,0.148,NA,"K23993",0.452952835051546,1,FALSE,FALSE,FALSE,FALSE
"K08195",0.222,0,0.349,0.0927,0.0988,0.0661,NA,"K08195",0.962248348017621,1,FALSE,FALSE,FALSE,FALSE
"K19296",0.153,0,0.875,-0.0527,0.334,0.0111,NA,"K00066,K01795,K16081,K19290,K19291,K19292,K19293,K19295,K19296",0.999598920863309,1,FALSE,FALSE,FALSE,FALSE
"K19744",0.212,0,0.488,0.0592,0.0853,0.0489,NA,"K19744",0.999598920863309,1,FALSE,FALSE,FALSE,FALSE
"K13655",0.0739,0,0.105,-0.109,0.0671,0.114,NA,"K13655",0.640359317904994,1,FALSE,FALSE,FALSE,FALSE
"K13651",0.064,0,0.116,-0.119,0.0752,0.111,NA,"K13651",0.663785142857143,1,FALSE,FALSE,FALSE,FALSE
"K17879",0.0887,0,0.08,-0.136,0.0774,0.123,NA,"K17879",0.582937063953488,1,FALSE,FALSE,FALSE,FALSE
"K13487",0.172,0,0.512,0.137,0.208,0.0463,NA,"K11444,K13487,K13488,K13489,K13490,K13491",0.999598920863309,1,FALSE,FALSE,FALSE,FALSE
"K13486",0.167,0,0.697,-0.123,0.317,0.0275,NA,"K13486,K18100",0.999598920863309,1,FALSE,FALSE,FALSE,FALSE
"K01039",0.246,0,0.147,0.187,0.128,0.102,NA,"K01039",0.722305201177625,1,FALSE,FALSE,FALSE,FALSE
"K01040",0.246,0,0.147,0.187,0.128,0.102,NA,"K01040",0.722305201177625,1,FALSE,FALSE,FALSE,FALSE
"K02625",0.153,0,0.145,0.178,0.121,0.103,NA,"K02625",0.721640671273445,1,FALSE,FALSE,FALSE,FALSE
"K04061",0.31,0,0.538,-0.0823,0.133,0.0435,NA,"K04061",0.999598920863309,1,FALSE,FALSE,FALSE,FALSE
"K18843",0.197,0,0.713,-0.0194,0.0526,0.0259,NA,"K18843",0.999598920863309,1,FALSE,FALSE,FALSE,FALSE
"K01267",0.187,0,0.203,0.844,0.66,0.0897,NA,"K01267,K01960,K21711",0.837249588138386,1,FALSE,FALSE,FALSE,FALSE
"K13776",0.148,0,0.465,-0.203,0.277,0.0516,NA,"K13776",0.999598920863309,1,FALSE,FALSE,FALSE,FALSE
"K17623",0.0985,0,0.461,0.259,0.35,0.0521,NA,"K17623",0.999598920863309,1,FALSE,FALSE,FALSE,FALSE
"K02203",0.153,0,0.722,-0.0778,0.218,0.0251,NA,"K02203",0.999598920863309,1,FALSE,FALSE,FALSE,FALSE
"K06160",0.182,0,0.507,0.0563,0.0847,0.0468,NA,"K06160",0.999598920863309,1,FALSE,FALSE,FALSE,FALSE
"K07690",0.172,0,0.237,0.167,0.141,0.0833,NA,"K07690",0.888217814371257,1,FALSE,FALSE,FALSE,FALSE
"K22349",0.0493,0,0.8,-0.021,0.0828,0.0179,NA,"K22349",0.999598920863309,1,FALSE,FALSE,FALSE,FALSE
"K22350",0.064,0,0.65,0.0549,0.121,0.0321,NA,"K22350",0.999598920863309,1,FALSE,FALSE,FALSE,FALSE
"K01003",0.177,0,0.0367,1.25,0.594,0.147,NA,"K01003",0.45742962962963,1,FALSE,FALSE,FALSE,FALSE
"K11919",0.064,0,0.518,0.0548,0.0847,0.0456,NA,"K11919",0.999598920863309,1,FALSE,FALSE,FALSE,FALSE
"K11918",0.064,0,0.518,0.0548,0.0847,0.0456,NA,"K11918",0.999598920863309,1,FALSE,FALSE,FALSE,FALSE
"K18072",0.0345,0,0.602,0.0495,0.0947,0.0368,NA,"K18072",0.999598920863309,1,FALSE,FALSE,FALSE,FALSE
"K23467",0.182,0,0.214,0.0876,0.0703,0.0876,NA,"K23467",0.862719806763285,1,FALSE,FALSE,FALSE,FALSE
"K07326",0.143,0,0.879,-0.00884,0.0582,0.0107,NA,"K07326",0.999598920863309,1,FALSE,FALSE,FALSE,FALSE
"K23466",0.148,0,0.345,0.0597,0.0631,0.0666,NA,"K23466",0.962031561461794,1,FALSE,FALSE,FALSE,FALSE
"K00394",0.153,0,0.58,-0.0524,0.0946,0.0391,NA,"K00394",0.999598920863309,1,FALSE,FALSE,FALSE,FALSE
"K21407",0.148,0,0.0757,0.251,0.141,0.125,NA,"K21407",0.565716268656716,1,FALSE,FALSE,FALSE,FALSE
"K18923",0.163,0,0.489,0.0334,0.0481,0.0489,NA,"K18923",0.999598920863309,1,FALSE,FALSE,FALSE,FALSE
"K00032",0.108,0,0.304,0.165,0.16,0.0725,NA,"K00032",0.941328385899814,1,FALSE,FALSE,FALSE,FALSE
"K11441",0.113,0,0.503,0.0878,0.131,0.0473,NA,"K11441",0.999598920863309,1,FALSE,FALSE,FALSE,FALSE
"K18299",0.241,0,0.995,0.00152,0.231,0.000466,NA,"K18299",0.999598920863309,1,FALSE,FALSE,FALSE,FALSE
"K12538",0.118,0,0.0177,0.356,0.149,0.166,NA,"K12538",0.336973003802281,1,FALSE,FALSE,FALSE,FALSE
"K19353",0.158,0,0.11,-0.156,0.0975,0.112,NA,"K19353",0.651798816568047,1,FALSE,FALSE,FALSE,FALSE
"K04099",0.0296,0,0.333,-0.0835,0.0861,0.0683,NA,"K04099",0.958482857142857,1,FALSE,FALSE,FALSE,FALSE
"K07023",0.0542,0,0.234,-0.123,0.103,0.0839,NA,"K07023",0.886261724659607,1,FALSE,FALSE,FALSE,FALSE
"K01856",0.315,0,0.133,0.112,0.0739,0.106,NA,"K01856",0.707684378320935,1,FALSE,FALSE,FALSE,FALSE
"K20330",0.0197,0,0.00236,-0.405,0.131,0.212,NA,"K20330",0.116995247524752,1,FALSE,FALSE,FALSE,FALSE
"K16124",0.0246,0,0.00997,-0.308,0.118,0.18,NA,"K16124",0.24959895,1,FALSE,FALSE,FALSE,FALSE
"K00505",0.0591,0,0.298,0.0774,0.0741,0.0735,NA,"K00505",0.937829038340666,1,FALSE,FALSE,FALSE,FALSE
"K10816",0.0197,0,0.24,-0.131,0.111,0.0828,NA,"K10814,K10815,K10816",0.891454005934718,1,FALSE,FALSE,FALSE,FALSE
"K19231",0.0345,0,0.52,-0.0531,0.0823,0.0455,NA,"K19231",0.999598920863309,1,FALSE,FALSE,FALSE,FALSE
"K13299",0.167,0,0.134,0.31,0.206,0.106,NA,"K13299",0.710739406779661,1,FALSE,FALSE,FALSE,FALSE
"K16291",0.212,0,0.871,0.0215,0.132,0.0114,NA,"K16291",0.999598920863309,1,FALSE,FALSE,FALSE,FALSE
"K24018",0.202,0,0.345,0.586,0.62,0.0666,NA,"K24018",0.962031561461794,1,FALSE,FALSE,FALSE,FALSE
"K13974",0.0936,0,0.675,-0.0311,0.074,0.0296,NA,"K13974",0.999598920863309,1,FALSE,FALSE,FALSE,FALSE
"K21825",0.202,0,0.637,0.0798,0.169,0.0333,NA,"K21825",0.999598920863309,1,FALSE,FALSE,FALSE,FALSE
"K08369",0.0936,0,0.258,-0.0953,0.084,0.0798,NA,"K08369",0.907496850944717,1,FALSE,FALSE,FALSE,FALSE
"K14335",0.128,0,0.589,0.102,0.189,0.0382,NA,"K14335",0.999598920863309,1,FALSE,FALSE,FALSE,FALSE
"K00466",0.0542,0,0.74,-0.0258,0.0776,0.0234,NA,"K00466",0.999598920863309,1,FALSE,FALSE,FALSE,FALSE
"K17060",0.172,0,0.179,0.193,0.143,0.0946,NA,"K17060,K17061",0.794550531914894,1,FALSE,FALSE,FALSE,FALSE
"K18540",0.128,0,0.336,0.0932,0.0966,0.0679,NA,"K18540",0.959698802053622,1,FALSE,FALSE,FALSE,FALSE
"K14475",0.197,0,0.263,0.103,0.0915,0.079,NA,"K14475",0.910049067035245,1,FALSE,FALSE,FALSE,FALSE
"K03486",0.187,0,0.00337,0.249,0.0838,0.205,NA,"K03486",0.131824921875,1,FALSE,FALSE,FALSE,FALSE
"K21135",0.133,0,0.58,0.0798,0.144,0.039,NA,"K21133,K21135",0.999598920863309,1,FALSE,FALSE,FALSE,FALSE
"K08085",0.123,0,0.868,0.0212,0.128,0.0117,NA,"K08085",0.999598920863309,1,FALSE,FALSE,FALSE,FALSE
"K09934",0.167,0,0.713,0.0371,0.101,0.026,NA,"K09934",0.999598920863309,1,FALSE,FALSE,FALSE,FALSE
"K13789",0.315,0,0.486,-0.0898,0.129,0.0492,NA,"K13789",0.999598920863309,1,FALSE,FALSE,FALSE,FALSE
"K19954",0.172,0,0.768,-0.0412,0.14,0.0208,NA,"K19954",0.999598920863309,1,FALSE,FALSE,FALSE,FALSE
"K17736",0.202,0,0.000562,1.03,0.293,0.24,NA,"K17736",0.0527052631578947,1,FALSE,FALSE,TRUE,FALSE
"K27492",0.207,0,0.0236,0.624,0.273,0.159,NA,"K27492",0.382411650485437,1,FALSE,FALSE,FALSE,FALSE
"K00471",0.167,0,0.88,-0.0224,0.148,0.0106,NA,"K00471",0.999598920863309,1,FALSE,FALSE,FALSE,FALSE
"K21830",0.148,0,0.0213,0.678,0.292,0.162,NA,"K21830",0.36649175257732,1,FALSE,FALSE,FALSE,FALSE
"K03816",0.281,0,6e-04,1.14,0.327,0.239,NA,"K03816",0.0527052631578947,1,FALSE,FALSE,TRUE,FALSE
"K11916",0.0591,0,0.866,-0.0171,0.101,0.012,NA,"K11916",0.999598920863309,1,FALSE,FALSE,FALSE,FALSE
"K01959",0.197,0,0.222,0.21,0.172,0.086,NA,"K01959",0.874362568519969,1,FALSE,FALSE,FALSE,FALSE
"K24655",0.0739,0,0.705,-0.0272,0.0719,0.0267,NA,"K24655",0.999598920863309,1,FALSE,FALSE,FALSE,FALSE
"K14188",0.0345,0,0.0023,-1.46,0.474,0.213,NA,"K03739,K03740,K05739,K06343,K14188,K19419,K23978,K25114,K25115,K25118",0.115161,1,FALSE,FALSE,FALSE,FALSE
"K10681",0.0197,0,0.525,-0.104,0.163,0.0448,NA,"K10681",0.999598920863309,1,FALSE,FALSE,FALSE,FALSE
"K18345",0.0345,0,0.0797,-0.952,0.54,0.123,NA,"K18345",0.582566277372263,1,FALSE,FALSE,FALSE,FALSE
"K02491",0.0936,0,0.0422,1.12,0.547,0.143,NA,"K02248,K02249,K02254,K02491,K03794,K05340,K06299,K06300,K06302,K06306,K06327,K06347,K06348,K06422,K06431,K06432,K06714,K11620,K11637,K11638,K11686,K18115,K19449,K21465,K21935",0.488038620689655,1,FALSE,FALSE,FALSE,FALSE
"K05967",0.0936,0,0.873,0.0316,0.198,0.0113,NA,"K05967",0.999598920863309,1,FALSE,FALSE,FALSE,FALSE
"K25575",0.0739,0,0.34,-0.469,0.491,0.0673,NA,"K16188,K25575",0.962031561461794,1,FALSE,FALSE,FALSE,FALSE
"K06308",0.113,0,0.134,0.594,0.394,0.106,NA,"K02826,K02828,K02829,K06301,K06303,K06308,K25109",0.710739406779661,1,FALSE,FALSE,FALSE,FALSE
"K06295",0.118,0,0.073,1.07,0.595,0.126,NA,"K06295",0.563005997001499,1,FALSE,FALSE,FALSE,FALSE
"K11615",0.0887,0,0.031,0.266,0.123,0.151,NA,"K11614,K11615",0.436002808988764,1,FALSE,FALSE,FALSE,FALSE
"K06296",0.0936,0,0.00335,1.27,0.426,0.205,NA,"K06296",0.131824921875,1,FALSE,FALSE,FALSE,FALSE
"K06297",0.0936,0,0.00335,1.27,0.426,0.205,NA,"K06297",0.131824921875,1,FALSE,FALSE,FALSE,FALSE
"K06307",0.064,0,0.000642,0.383,0.11,0.238,NA,"K06307",0.0535749,1,FALSE,FALSE,TRUE,FALSE
"K20391",0.069,0,0.00121,1.39,0.424,0.226,NA,"K03206,K09683,K09963,K16323,K20391",0.0853305633802817,1,FALSE,FALSE,TRUE,FALSE
"K11625",0.0246,0,0.801,-0.0252,0.1,0.0178,NA,"K11625",0.999598920863309,1,FALSE,FALSE,FALSE,FALSE
"K11635",0.0443,0,0.745,0.0401,0.123,0.023,NA,"K11635",0.999598920863309,1,FALSE,FALSE,FALSE,FALSE
"K11636",0.0493,0,0.951,-0.00756,0.122,0.00437,NA,"K11636",0.999598920863309,1,FALSE,FALSE,FALSE,FALSE
"K28830",0.0197,0,0.605,0.0985,0.19,0.0366,NA,"K22222,K28830",0.999598920863309,1,FALSE,FALSE,FALSE,FALSE
"K07282",0.0887,0,0.449,0.145,0.191,0.0535,NA,"K07282",0.999598920863309,1,FALSE,FALSE,FALSE,FALSE
"K21488",0.0591,0,0.00293,-0.251,0.0832,0.208,NA,"K21488",0.128688684210526,1,FALSE,FALSE,FALSE,FALSE
"K20109",0.0493,0,0.61,0.097,0.19,0.036,NA,"K20109",0.999598920863309,1,FALSE,FALSE,FALSE,FALSE
"K06418",0.118,0,0.073,1.07,0.595,0.126,NA,"K06418",0.563005997001499,1,FALSE,FALSE,FALSE,FALSE
"K19081",0.0197,0,0.975,-0.00408,0.133,0.00217,NA,"K19081",0.999598920863309,1,FALSE,FALSE,FALSE,FALSE
"K18349",0.069,0,0.316,-0.107,0.107,0.0707,NA,"K18349",0.950168352171327,1,FALSE,FALSE,FALSE,FALSE
"K11632",0.118,0,0.073,1.07,0.595,0.126,NA,"K11632",0.563005997001499,1,FALSE,FALSE,FALSE,FALSE
"K11631",0.118,0,0.073,1.07,0.595,0.126,NA,"K11631",0.563005997001499,1,FALSE,FALSE,FALSE,FALSE
"K24948",0.0493,0,0.549,-0.286,0.477,0.0423,NA,"K24948",0.999598920863309,1,FALSE,FALSE,FALSE,FALSE
"K24949",0.0493,0,0.549,-0.286,0.477,0.0423,NA,"K24949",0.999598920863309,1,FALSE,FALSE,FALSE,FALSE
"K24950",0.0493,0,0.549,-0.286,0.477,0.0423,NA,"K24950",0.999598920863309,1,FALSE,FALSE,FALSE,FALSE
"K03700",0.0985,0,0.663,0.372,0.851,0.0308,NA,"K00260,K00841,K02244,K02245,K02246,K02250,K02859,K03093,K03471,K03700,K03706,K05822,K05823,K06286,K07105,K07570,K07658,K08724,K09682,K11619,K12263,K13275,K13300,K13767,K16509,K16787,K17217,K18692,K23675,K23734",0.999598920863309,1,FALSE,FALSE,FALSE,FALSE
"K11476",0.0936,0,0.142,0.204,0.138,0.103,NA,"K11476",0.718175757575757,1,FALSE,FALSE,FALSE,FALSE
"K25031",0.133,0,0.345,-0.239,0.252,0.0666,NA,"K25031",0.962031561461794,1,FALSE,FALSE,FALSE,FALSE
"K06314",0.118,0,0.073,1.07,0.595,0.126,NA,"K06314",0.563005997001499,1,FALSE,FALSE,FALSE,FALSE
"K01447",0.0394,0,0.0107,-0.917,0.356,0.179,NA,"K01447,K08600",0.256282464454976,1,FALSE,FALSE,FALSE,FALSE
"K06317",0.118,0,0.073,1.07,0.595,0.126,NA,"K06317",0.563005997001499,1,FALSE,FALSE,FALSE,FALSE
"K06436",0.118,0,0.073,1.07,0.595,0.126,NA,"K06436",0.563005997001499,1,FALSE,FALSE,FALSE,FALSE
"K06423",0.118,0,0.073,1.07,0.595,0.126,NA,"K06423",0.563005997001499,1,FALSE,FALSE,FALSE,FALSE
"K04769",0.118,0,0.073,1.07,0.595,0.126,NA,"K04769",0.563005997001499,1,FALSE,FALSE,FALSE,FALSE
"K06409",0.118,0,0.073,1.07,0.595,0.126,NA,"K06409",0.563005997001499,1,FALSE,FALSE,FALSE,FALSE
"K06382",0.118,0,0.073,1.07,0.595,0.126,NA,"K06382",0.563005997001499,1,FALSE,FALSE,FALSE,FALSE
"K07590",0.118,0,0.073,1.07,0.595,0.126,NA,"K07590",0.563005997001499,1,FALSE,FALSE,FALSE,FALSE
"K16786",0.118,0,0.768,0.141,0.477,0.0208,NA,"K16786",0.999598920863309,1,FALSE,FALSE,FALSE,FALSE
"K06294",0.118,0,0.073,1.07,0.595,0.126,NA,"K06294",0.563005997001499,1,FALSE,FALSE,FALSE,FALSE
"K16937",0.118,0,0.419,0.0675,0.0834,0.057,NA,"K16937",0.998553765987684,1,FALSE,FALSE,FALSE,FALSE
"K21959",0.118,0,0.271,0.109,0.0984,0.0776,NA,"K21959",0.918343897505057,1,FALSE,FALSE,FALSE,FALSE
"K08152",0.0837,0,0.536,-0.0623,0.101,0.0436,NA,"K08152",0.999598920863309,1,FALSE,FALSE,FALSE,FALSE
"K13281",0.163,0,0.66,0.0763,0.173,0.0311,NA,"K13281",0.999598920863309,1,FALSE,FALSE,FALSE,FALSE
"K14665",0.108,0,0.201,-0.354,0.276,0.0901,NA,"K14665",0.833118377483444,1,FALSE,FALSE,FALSE,FALSE
"K25308",0.113,0,0.228,-0.207,0.171,0.085,NA,"K25290,K25308",0.878150769230769,1,FALSE,FALSE,FALSE,FALSE
"K21567",0.133,0,0.568,0.168,0.294,0.0403,NA,"K21567",0.999598920863309,1,FALSE,FALSE,FALSE,FALSE
"K06325",0.064,0,0.0828,0.204,0.117,0.122,NA,"K06325",0.589635524475524,1,FALSE,FALSE,FALSE,FALSE
"K21828",0.0148,0,0.19,-0.518,0.393,0.0925,NA,"K21828",0.811831069609508,1,FALSE,FALSE,FALSE,FALSE
"K01182",0.138,0,0.868,0.0179,0.107,0.0118,NA,"K01182",0.999598920863309,1,FALSE,FALSE,FALSE,FALSE
"K20108",0.0246,0,0.278,0.484,0.445,0.0765,NA,"K20108,K20895",0.923041114058356,1,FALSE,FALSE,FALSE,FALSE
"K06896",0.0296,0,0.573,0.194,0.343,0.0398,NA,"K06896,K21453",0.999598920863309,1,FALSE,FALSE,FALSE,FALSE
"K01567",0.118,0,0.073,1.07,0.595,0.126,NA,"K01567",0.563005997001499,1,FALSE,FALSE,FALSE,FALSE
"K02205",0.167,0,0.0177,0.251,0.105,0.166,NA,"K02205",0.336973003802281,1,FALSE,FALSE,FALSE,FALSE
"K06428",0.0493,0,0.549,-0.286,0.477,0.0423,NA,"K06428",0.999598920863309,1,FALSE,FALSE,FALSE,FALSE
"K24708",0.118,0,0.768,0.141,0.477,0.0208,NA,"K24708",0.999598920863309,1,FALSE,FALSE,FALSE,FALSE
"K25156",0.0985,0,0.463,0.168,0.228,0.0518,NA,"K25154,K25155,K25156",0.999598920863309,1,FALSE,FALSE,FALSE,FALSE
"K08713",0.0985,0,0.31,0.149,0.146,0.0716,NA,"K08713",0.949920440636475,1,FALSE,FALSE,FALSE,FALSE
"K13730",0.0197,0,0.304,-0.326,0.316,0.0726,NA,"K13730",0.941328385899814,1,FALSE,FALSE,FALSE,FALSE
"K02443",0.163,0,0.606,0.0573,0.111,0.0365,NA,"K02443",0.999598920863309,1,FALSE,FALSE,FALSE,FALSE
"K14983",0.0739,0,0.0247,0.76,0.336,0.158,NA,"K14983",0.389258934169279,1,FALSE,FALSE,FALSE,FALSE
"K14982",0.0788,0,0.206,0.468,0.369,0.0891,NA,"K14982,K28635",0.841993469387755,1,FALSE,FALSE,FALSE,FALSE
"K21903",0.0985,0,0.073,0.909,0.504,0.126,NA,"K21903",0.563005997001499,1,FALSE,FALSE,FALSE,FALSE
"K20480",0.064,0,0.545,0.0666,0.11,0.0427,NA,"K20480",0.999598920863309,1,FALSE,FALSE,FALSE,FALSE
"K06425",0.0936,0,0.00335,1.27,0.426,0.205,NA,"K06425",0.131824921875,1,FALSE,FALSE,FALSE,FALSE
"K25110",0.153,0,0.669,0.0396,0.0925,0.0302,NA,"K25110,K25111,K25130",0.999598920863309,1,FALSE,FALSE,FALSE,FALSE
"K14647",0.103,0,0.914,0.0269,0.25,0.0076,NA,"K14647",0.999598920863309,1,FALSE,FALSE,FALSE,FALSE
"K23983",0.103,0,0.388,-0.378,0.436,0.061,NA,"K23786,K23983",0.987689148073022,1,FALSE,FALSE,FALSE,FALSE
"K10041",0.118,0,0.073,1.07,0.595,0.126,NA,"K10041",0.563005997001499,1,FALSE,FALSE,FALSE,FALSE
"K10039",0.118,0,0.073,1.07,0.595,0.126,NA,"K10039",0.563005997001499,1,FALSE,FALSE,FALSE,FALSE
"K10040",0.118,0,0.073,1.07,0.595,0.126,NA,"K10040",0.563005997001499,1,FALSE,FALSE,FALSE,FALSE
"K20487",0.0788,0,0.32,-0.12,0.12,0.0702,NA,"K20487",0.950884272997033,1,FALSE,FALSE,FALSE,FALSE
"K15973",0.217,0,0.484,-0.0628,0.0895,0.0495,NA,"K15973",0.999598920863309,1,FALSE,FALSE,FALSE,FALSE
"K03484",0.0887,0,0.0152,-0.343,0.14,0.17,NA,"K03484",0.30688064516129,1,FALSE,FALSE,FALSE,FALSE
"K01117",0.0148,0,0.591,-0.147,0.273,0.038,NA,"K01117",0.999598920863309,1,FALSE,FALSE,FALSE,FALSE
"K02827",0.118,0,0.073,1.07,0.595,0.126,NA,"K02827",0.563005997001499,1,FALSE,FALSE,FALSE,FALSE
"K06311",0.0936,0,0.00335,1.27,0.426,0.205,NA,"K06311",0.131824921875,1,FALSE,FALSE,FALSE,FALSE
"K06312",0.0936,0,0.00335,1.27,0.426,0.205,NA,"K06312",0.131824921875,1,FALSE,FALSE,FALSE,FALSE
"K10810",0.0985,0,0.256,0.448,0.394,0.0801,NA,"K00686,K06345,K06433,K07717,K07719,K10810,K16919,K16921",0.906835095137421,1,FALSE,FALSE,FALSE,FALSE
"K03491",0.064,0,0.805,0.0298,0.12,0.0174,NA,"K03491",0.999598920863309,1,FALSE,FALSE,FALSE,FALSE
"K06334",0.103,0,0.000366,1.29,0.356,0.248,NA,"K06334",0.0416491363636364,1,TRUE,FALSE,TRUE,FALSE
"K06333",0.0936,0,0.00335,1.27,0.426,0.205,NA,"K06333",0.131824921875,1,FALSE,FALSE,FALSE,FALSE
"K06332",0.0936,0,0.00335,1.27,0.426,0.205,NA,"K06332",0.131824921875,1,FALSE,FALSE,FALSE,FALSE
"K18924",0.113,0,0.347,-0.166,0.176,0.0664,NA,"K18924",0.962031561461794,1,FALSE,FALSE,FALSE,FALSE
"K18925",0.123,0,0.0523,-0.54,0.277,0.136,NA,"K18925",0.539688934426229,1,FALSE,FALSE,FALSE,FALSE
"K19575",0.0739,0,0.12,0.168,0.108,0.109,NA,"K19575",0.675101123595506,1,FALSE,FALSE,FALSE,FALSE
"K07446",0.0246,0,0.000585,-0.485,0.139,0.239,NA,"K07446",0.0527052631578947,1,FALSE,FALSE,TRUE,FALSE
"K15737",0.0739,0,0.277,0.0978,0.0898,0.0766,NA,"K15737",0.923041114058356,1,FALSE,FALSE,FALSE,FALSE
"K01777",0.0591,0,0.768,0.0287,0.0973,0.0208,NA,"K01777",0.999598920863309,1,FALSE,FALSE,FALSE,FALSE
"K21494",0.0296,0,0.502,0.0578,0.0859,0.0474,NA,"K21494",0.999598920863309,1,FALSE,FALSE,FALSE,FALSE
"K09124",0.0493,0,0.756,0.0222,0.0713,0.022,NA,"K09124",0.999598920863309,1,FALSE,FALSE,FALSE,FALSE
"K02086",0.143,0,0.122,-0.172,0.111,0.109,NA,"K02086",0.680238307349666,1,FALSE,FALSE,FALSE,FALSE
"K03698",0.118,0,0.768,0.141,0.477,0.0208,NA,"K03698",0.999598920863309,1,FALSE,FALSE,FALSE,FALSE
"K25159",0.113,0,0.737,-0.0547,0.162,0.0238,NA,"K25159",0.999598920863309,1,FALSE,FALSE,FALSE,FALSE
"K12555",0.118,0,0.073,1.07,0.595,0.126,NA,"K12555",0.563005997001499,1,FALSE,FALSE,FALSE,FALSE
"K06304",0.0493,0,0.549,-0.286,0.477,0.0423,NA,"K06304",0.999598920863309,1,FALSE,FALSE,FALSE,FALSE
"K28810",0.108,0,0.000695,0.479,0.139,0.236,NA,"K28810",0.0570469672131148,1,FALSE,FALSE,TRUE,FALSE
"K06198",0.123,0,0.757,0.0283,0.0913,0.0219,NA,"K06198",0.999598920863309,1,FALSE,FALSE,FALSE,FALSE
"K06372",0.064,0,0.602,-0.0634,0.121,0.0368,NA,"K06372",0.999598920863309,1,FALSE,FALSE,FALSE,FALSE
"K02236",0.0739,0,0.0347,1.05,0.495,0.148,NA,"K02236,K18244",0.452952835051546,1,FALSE,FALSE,FALSE,FALSE
"K00958",0.167,0,0.965,-0.00665,0.15,0.00312,NA,"K00958",0.999598920863309,1,FALSE,FALSE,FALSE,FALSE
"K00366",0.0542,0,0.299,0.451,0.433,0.0733,NA,"K00366,K03334",0.938028195488722,1,FALSE,FALSE,FALSE,FALSE
"K09145",0.0394,0,0.00379,-1.29,0.441,0.202,NA,"K09145",0.141615895522388,1,FALSE,FALSE,FALSE,FALSE
"K06398",0.118,0,0.073,1.07,0.595,0.126,NA,"K06398",0.563005997001499,1,FALSE,FALSE,FALSE,FALSE
"K27959",0.0394,0,0.832,-0.032,0.15,0.015,NA,"K27959",0.999598920863309,1,FALSE,FALSE,FALSE,FALSE
"K07444",0.143,0,0.823,0.171,0.764,0.0158,NA,"K07444",0.999598920863309,1,FALSE,FALSE,FALSE,FALSE
"K23356",0.123,0,0.074,0.508,0.283,0.126,NA,"K23356",0.563005997001499,1,FALSE,FALSE,FALSE,FALSE
"K25143",0.0591,0,0.717,0.0537,0.148,0.0256,NA,"K25143",0.999598920863309,1,FALSE,FALSE,FALSE,FALSE
"K22552",0.0394,0,0.774,-0.0244,0.085,0.0203,NA,"K22552",0.999598920863309,1,FALSE,FALSE,FALSE,FALSE
"K21755",0.0887,0,0.988,0.00268,0.172,0.0011,NA,"K06371,K21755",0.999598920863309,1,FALSE,FALSE,FALSE,FALSE
"K18104",0.0887,0,0.368,0.106,0.117,0.0636,NA,"K18104",0.97633889468196,1,FALSE,FALSE,FALSE,FALSE
"K18907",0.0936,0,0.00335,1.27,0.426,0.205,NA,"K18907",0.131824921875,1,FALSE,FALSE,FALSE,FALSE
"K06607",0.103,0,0.896,-0.0618,0.473,0.00921,NA,"K06607",0.999598920863309,1,FALSE,FALSE,FALSE,FALSE
"K26057",0.064,0,0.0669,0.374,0.203,0.129,NA,"K26057",0.563005997001499,1,FALSE,FALSE,FALSE,FALSE
"K11210",0.0985,0,0.603,-0.0592,0.114,0.0367,NA,"K11210",0.999598920863309,1,FALSE,FALSE,FALSE,FALSE
"K08986",0.0985,0,0.48,0.0895,0.126,0.0499,NA,"K08986",0.999598920863309,1,FALSE,FALSE,FALSE,FALSE
"K21497",0.0197,0,0.0212,-0.279,0.12,0.162,NA,"K21497",0.366028965517241,1,FALSE,FALSE,FALSE,FALSE
"K13542",0.0837,0,0.244,0.461,0.395,0.0822,NA,"K13542",0.897756559766764,1,FALSE,FALSE,FALSE,FALSE
"K06416",0.118,0,0.073,1.07,0.595,0.126,NA,"K06416",0.563005997001499,1,FALSE,FALSE,FALSE,FALSE
"K04780",0.0542,0,0.0264,-0.799,0.357,0.156,NA,"K04780",0.405474846625767,1,FALSE,FALSE,FALSE,FALSE
"K08651",0.0936,0,0.375,0.118,0.133,0.0626,NA,"K08651",0.976912070759625,1,FALSE,FALSE,FALSE,FALSE
"K00158",0.0542,0,0.0359,-0.99,0.469,0.147,NA,"K00158,K00929",0.45742962962963,1,FALSE,FALSE,FALSE,FALSE
"K16326",0.0887,0,0.176,-0.15,0.11,0.0953,NA,"K16326",0.787517426273458,1,FALSE,FALSE,FALSE,FALSE
"K27601",0.0197,0,0.649,0.0789,0.173,0.0321,NA,"K27601",0.999598920863309,1,FALSE,FALSE,FALSE,FALSE
"K11626",0.113,0,5.43e-05,0.607,0.147,0.279,NA,"K11626",0.01121568,0.2718801,TRUE,FALSE,TRUE,FALSE
"K06310",0.0936,0,0.00335,1.27,0.426,0.205,NA,"K06310",0.131824921875,1,FALSE,FALSE,FALSE,FALSE
"K21960",0.0345,0,0.148,0.172,0.119,0.102,NA,"K21960",0.725084148727984,1,FALSE,FALSE,FALSE,FALSE
"K11634",0.0887,0,0.778,-0.0485,0.172,0.0199,NA,"K11633,K11634",0.999598920863309,1,FALSE,FALSE,FALSE,FALSE
"K18231",0.113,0,0.00221,-0.444,0.143,0.214,NA,"K18231",0.112912959183673,1,FALSE,FALSE,FALSE,FALSE
"K21113",0.0887,0,0.92,0.0162,0.162,0.00707,NA,"K21113",0.999598920863309,1,FALSE,FALSE,FALSE,FALSE
"K18941",0.118,0,0.98,0.00497,0.199,0.00177,NA,"K18941",0.999598920863309,1,FALSE,FALSE,FALSE,FALSE
"K18940",0.113,0,0.53,0.121,0.192,0.0444,NA,"K18940",0.999598920863309,1,FALSE,FALSE,FALSE,FALSE
"K13955",0.064,0,0.918,-0.0374,0.364,0.00725,NA,"K13955",0.999598920863309,1,FALSE,FALSE,FALSE,FALSE
"K06313",0.118,0,0.073,1.07,0.595,0.126,NA,"K06313",0.563005997001499,1,FALSE,FALSE,FALSE,FALSE
"K21713",0.0197,0,0.000892,-0.47,0.139,0.231,NA,"K21713",0.0676703636363636,1,FALSE,FALSE,TRUE,FALSE
"K13853",0.118,0,0.768,0.141,0.477,0.0208,NA,"K13853",0.999598920863309,1,FALSE,FALSE,FALSE,FALSE
"K07145",0.103,0,0.116,-0.566,0.359,0.111,NA,"K07145",0.663785142857143,1,FALSE,FALSE,FALSE,FALSE
"K15976",0.128,0,0.979,-0.00565,0.218,0.00183,NA,"K15976",0.999598920863309,1,FALSE,FALSE,FALSE,FALSE
"K18220",0.128,0,0.551,0.0767,0.128,0.0421,NA,"K18220",0.999598920863309,1,FALSE,FALSE,FALSE,FALSE
"K19273",0.0443,0,0.945,-0.0111,0.163,0.00483,NA,"K19273",0.999598920863309,1,FALSE,FALSE,FALSE,FALSE
"K26141",0.113,0,0.946,0.0071,0.105,0.00476,NA,"K26141",0.999598920863309,1,FALSE,FALSE,FALSE,FALSE
"K14338",0.138,0,0.915,0.0119,0.111,0.00756,NA,"K14338",0.999598920863309,1,FALSE,FALSE,FALSE,FALSE
"K09779",0.118,0,0.278,0.328,0.301,0.0764,NA,"K09779",0.923041114058356,1,FALSE,FALSE,FALSE,FALSE
"K11923",0.118,0,0.073,1.07,0.595,0.126,NA,"K11923",0.563005997001499,1,FALSE,FALSE,FALSE,FALSE
"K14672",0.0296,0,3.2e-07,0.779,0.147,0.35,NA,"K14672",0.000320448,0.00160224,TRUE,TRUE,TRUE,TRUE
"K09775",0.113,0,0.467,0.0757,0.104,0.0513,NA,"K09775",0.999598920863309,1,FALSE,FALSE,FALSE,FALSE
"K25147",0.0394,0,0.0536,0.207,0.106,0.136,NA,"K25147,K25148",0.545296761133603,1,FALSE,FALSE,FALSE,FALSE
"K09951",0.128,0,0.935,-0.0212,0.26,0.00575,NA,"K09951",0.999598920863309,1,FALSE,FALSE,FALSE,FALSE
"K06335",0.0788,0,0.577,-0.241,0.431,0.0394,NA,"K06335",0.999598920863309,1,FALSE,FALSE,FALSE,FALSE
"K01446",0.0296,0,0.395,-0.403,0.473,0.06,NA,"K01446",0.991360902255639,1,FALSE,FALSE,FALSE,FALSE
"K19430",0.0591,0,0.809,0.0252,0.104,0.0171,NA,"K19430",0.999598920863309,1,FALSE,FALSE,FALSE,FALSE
"K19424",0.0591,0,0.0356,-0.179,0.0844,0.148,NA,"K19424",0.457049230769231,1,FALSE,FALSE,FALSE,FALSE
"K19420",0.118,0,0.175,-0.223,0.164,0.0956,NA,"K19420",0.786557450628366,1,FALSE,FALSE,FALSE,FALSE
"K07017",0.0985,0,0.542,-0.0579,0.0949,0.043,NA,"K07017",0.999598920863309,1,FALSE,FALSE,FALSE,FALSE
"K13530",0.0837,0,0.529,-0.276,0.437,0.0445,NA,"K13530",0.999598920863309,1,FALSE,FALSE,FALSE,FALSE
"K13531",0.0788,0,0.823,-0.077,0.343,0.0158,NA,"K13531",0.999598920863309,1,FALSE,FALSE,FALSE,FALSE
"K24311",0.0591,0,0.399,0.0884,0.104,0.0596,NA,"K24311,K28372",0.993926865671642,1,FALSE,FALSE,FALSE,FALSE
"K06328",0.118,0,0.073,1.07,0.595,0.126,NA,"K06328",0.563005997001499,1,FALSE,FALSE,FALSE,FALSE
"K00175",0.0985,0,0.0152,0.664,0.271,0.17,NA,"K00174,K00175",0.30688064516129,1,FALSE,FALSE,FALSE,FALSE
"K06411",0.118,0,0.073,1.07,0.595,0.126,NA,"K06411",0.563005997001499,1,FALSE,FALSE,FALSE,FALSE
"K06410",0.118,0,0.073,1.07,0.595,0.126,NA,"K06410",0.563005997001499,1,FALSE,FALSE,FALSE,FALSE
"K06414",0.113,0,0.0323,0.344,0.16,0.15,NA,"K06414",0.43944414893617,1,FALSE,FALSE,FALSE,FALSE
"K17828",0.123,0,0.344,0.213,0.225,0.0668,NA,"K17828",0.962031561461794,1,FALSE,FALSE,FALSE,FALSE
"K02823",0.123,0,0.344,0.213,0.225,0.0668,NA,"K02823",0.962031561461794,1,FALSE,FALSE,FALSE,FALSE
"K03091",0.118,0,0.073,1.07,0.595,0.126,NA,"K03091",0.563005997001499,1,FALSE,FALSE,FALSE,FALSE
"K06383",0.118,0,0.073,1.07,0.595,0.126,NA,"K06383",0.563005997001499,1,FALSE,FALSE,FALSE,FALSE
"K08384",0.118,0,0.073,1.07,0.595,0.126,NA,"K08384",0.563005997001499,1,FALSE,FALSE,FALSE,FALSE
"K15640",0.128,0,0.488,-0.0921,0.133,0.0489,NA,"K15640",0.999598920863309,1,FALSE,FALSE,FALSE,FALSE
"K13237",0.0296,0,0.109,0.376,0.233,0.113,NA,"K13237",0.650492252681764,1,FALSE,FALSE,FALSE,FALSE
"K01208",0.0837,0,0.801,0.0417,0.165,0.0178,NA,"K01208",0.999598920863309,1,FALSE,FALSE,FALSE,FALSE
"K13566",0.0739,0,0.00814,-0.592,0.222,0.185,NA,"K13566",0.221164812834225,1,FALSE,FALSE,FALSE,FALSE
"K08966",0.143,0,0.406,0.102,0.123,0.0586,NA,"K08966",0.995165229885058,1,FALSE,FALSE,FALSE,FALSE
"K20118",0.118,0,0.073,1.07,0.595,0.126,NA,"K20118",0.563005997001499,1,FALSE,FALSE,FALSE,FALSE
"K03480",0.108,0,5.69e-06,0.549,0.118,0.312,NA,"K03480",0.002848983,0.02848983,TRUE,TRUE,TRUE,TRUE
"K09763",0.143,0,0.942,0.0107,0.147,0.00511,NA,"K09763",0.999598920863309,1,FALSE,FALSE,FALSE,FALSE
"K06408",0.118,0,0.073,1.07,0.595,0.126,NA,"K06408",0.563005997001499,1,FALSE,FALSE,FALSE,FALSE
"K06407",0.118,0,0.073,1.07,0.595,0.126,NA,"K06407",0.563005997001499,1,FALSE,FALSE,FALSE,FALSE
"K06406",0.118,0,0.073,1.07,0.595,0.126,NA,"K06406",0.563005997001499,1,FALSE,FALSE,FALSE,FALSE
"K06405",0.118,0,0.073,1.07,0.595,0.126,NA,"K06405",0.563005997001499,1,FALSE,FALSE,FALSE,FALSE
"K06404",0.118,0,0.073,1.07,0.595,0.126,NA,"K06404",0.563005997001499,1,FALSE,FALSE,FALSE,FALSE
"K06403",0.118,0,0.073,1.07,0.595,0.126,NA,"K06403",0.563005997001499,1,FALSE,FALSE,FALSE,FALSE
"K06379",0.118,0,0.073,1.07,0.595,0.126,NA,"K06379",0.563005997001499,1,FALSE,FALSE,FALSE,FALSE
"K06378",0.118,0,0.073,1.07,0.595,0.126,NA,"K06378",0.563005997001499,1,FALSE,FALSE,FALSE,FALSE
"K23060",0.118,0,0.996,0.00083,0.18,0.000326,NA,"K23060",0.999598920863309,1,FALSE,FALSE,FALSE,FALSE
"K00634",0.0837,0,0.219,-0.104,0.0843,0.0867,NA,"K00634",0.867510284810127,1,FALSE,FALSE,FALSE,FALSE
"K07699",0.118,0,0.000307,0.557,0.152,0.251,NA,"K07699",0.0365987857142857,1,TRUE,FALSE,TRUE,FALSE
"K06399",0.113,0,0.634,-0.0825,0.173,0.0336,NA,"K06399",0.999598920863309,1,FALSE,FALSE,FALSE,FALSE
"K06397",0.118,0,0.073,1.07,0.595,0.126,NA,"K06397",0.563005997001499,1,FALSE,FALSE,FALSE,FALSE
"K06396",0.118,0,0.073,1.07,0.595,0.126,NA,"K06396",0.563005997001499,1,FALSE,FALSE,FALSE,FALSE
"K06395",0.118,0,0.073,1.07,0.595,0.126,NA,"K06395",0.563005997001499,1,FALSE,FALSE,FALSE,FALSE
"K06394",0.118,0,0.073,1.07,0.595,0.126,NA,"K06394",0.563005997001499,1,FALSE,FALSE,FALSE,FALSE
"K06393",0.118,0,0.073,1.07,0.595,0.126,NA,"K06393",0.563005997001499,1,FALSE,FALSE,FALSE,FALSE
"K06392",0.118,0,0.073,1.07,0.595,0.126,NA,"K06392",0.563005997001499,1,FALSE,FALSE,FALSE,FALSE
"K06391",0.118,0,0.073,1.07,0.595,0.126,NA,"K06391",0.563005997001499,1,FALSE,FALSE,FALSE,FALSE
"K06390",0.118,0,0.073,1.07,0.595,0.126,NA,"K06390",0.563005997001499,1,FALSE,FALSE,FALSE,FALSE
"K03716",0.118,0,0.073,1.07,0.595,0.126,NA,"K03716",0.563005997001499,1,FALSE,FALSE,FALSE,FALSE
"K25564",0.0345,0,0.531,0.109,0.173,0.0442,NA,"K25564",0.999598920863309,1,FALSE,FALSE,FALSE,FALSE
"K02247",0.0837,0,0.89,-0.0182,0.132,0.00973,NA,"K02247",0.999598920863309,1,FALSE,FALSE,FALSE,FALSE
"K02243",0.0887,0,2.15e-05,0.52,0.12,0.293,NA,"K02243",0.00648128333333333,0.1076505,TRUE,FALSE,TRUE,FALSE
"K16881",0.0197,0,0.572,-0.0969,0.171,0.0399,NA,"K16881",0.999598920863309,1,FALSE,FALSE,FALSE,FALSE
"K23774",0.118,0,0.768,0.141,0.477,0.0208,NA,"K23774",0.999598920863309,1,FALSE,FALSE,FALSE,FALSE
"K06438",0.118,0,0.073,1.07,0.595,0.126,NA,"K06438",0.563005997001499,1,FALSE,FALSE,FALSE,FALSE
"K06012",0.118,0,0.073,1.07,0.595,0.126,NA,"K06012",0.563005997001499,1,FALSE,FALSE,FALSE,FALSE
"K02239",0.118,0,0.073,1.07,0.595,0.126,NA,"K02239",0.563005997001499,1,FALSE,FALSE,FALSE,FALSE
"K17216",0.103,0,0.896,-0.0618,0.473,0.00921,NA,"K17216",0.999598920863309,1,FALSE,FALSE,FALSE,FALSE
"K17462",0.103,0,0.896,-0.0618,0.473,0.00921,NA,"K17462",0.999598920863309,1,FALSE,FALSE,FALSE,FALSE
"K21468",0.118,0,0.073,1.07,0.595,0.126,NA,"K21468",0.563005997001499,1,FALSE,FALSE,FALSE,FALSE
"K06318",0.118,0,0.073,1.07,0.595,0.126,NA,"K06318",0.563005997001499,1,FALSE,FALSE,FALSE,FALSE
"K06370",0.118,0,0.073,1.07,0.595,0.126,NA,"K06370",0.563005997001499,1,FALSE,FALSE,FALSE,FALSE
"K06375",0.118,0,0.000307,0.557,0.152,0.251,NA,"K06375",0.0365987857142857,1,TRUE,FALSE,TRUE,FALSE
"K06401",0.118,0,0.073,1.07,0.595,0.126,NA,"K06401",0.563005997001499,1,FALSE,FALSE,FALSE,FALSE
"K06380",0.118,0,0.073,1.07,0.595,0.126,NA,"K06380",0.563005997001499,1,FALSE,FALSE,FALSE,FALSE
"K06417",0.118,0,0.073,1.07,0.595,0.126,NA,"K06417",0.563005997001499,1,FALSE,FALSE,FALSE,FALSE
"K04076",0.118,0,0.073,1.07,0.595,0.126,NA,"K04076",0.563005997001499,1,FALSE,FALSE,FALSE,FALSE
"K06298",0.118,0,0.073,1.07,0.595,0.126,NA,"K06298",0.563005997001499,1,FALSE,FALSE,FALSE,FALSE
"K01994",0.108,0,0.747,-0.0532,0.165,0.0228,NA,"K01994",0.999598920863309,1,FALSE,FALSE,FALSE,FALSE
"K13770",0.158,0,0.143,0.884,0.601,0.103,NA,"K13770",0.719598994974874,1,FALSE,FALSE,FALSE,FALSE
"K25113",0.0394,0,0.027,-0.788,0.354,0.155,NA,"K25113",0.40719578313253,1,FALSE,FALSE,FALSE,FALSE
"K06426",0.118,0,0.073,1.07,0.595,0.126,NA,"K06426",0.563005997001499,1,FALSE,FALSE,FALSE,FALSE
"K20608",0.103,0,0.00423,1.1,0.381,0.2,NA,"K20608",0.15021,1,FALSE,FALSE,FALSE,FALSE
"K06288",0.0837,0,0.0115,0.308,0.121,0.177,NA,"K06288",0.267497260273973,1,FALSE,FALSE,FALSE,FALSE
"K16789",0.069,0,0.137,0.244,0.164,0.105,NA,"K16789",0.715285714285714,1,FALSE,FALSE,FALSE,FALSE
"K26993",0.0887,0,0.668,-0.046,0.107,0.0303,NA,"K26993",0.999598920863309,1,FALSE,FALSE,FALSE,FALSE
"K10907",0.118,0,0.073,1.07,0.595,0.126,NA,"K10907",0.563005997001499,1,FALSE,FALSE,FALSE,FALSE
"K07035",0.0985,0,0.569,-0.173,0.303,0.0402,NA,"K07035",0.999598920863309,1,FALSE,FALSE,FALSE,FALSE
"K18567",0.143,0,0.765,-0.025,0.0835,0.0211,NA,"K18567",0.999598920863309,1,FALSE,FALSE,FALSE,FALSE
"K24951",0.064,0,0.715,-0.0407,0.111,0.0258,NA,"K24951",0.999598920863309,1,FALSE,FALSE,FALSE,FALSE
"K00903",0.148,0,0.403,-0.0852,0.102,0.0591,NA,"K00903",0.994490389354362,1,FALSE,FALSE,FALSE,FALSE
"K06283",0.118,0,0.073,1.07,0.595,0.126,NA,"K06283",0.563005997001499,1,FALSE,FALSE,FALSE,FALSE
"K06386",0.118,0,0.073,1.07,0.595,0.126,NA,"K06386",0.563005997001499,1,FALSE,FALSE,FALSE,FALSE
"K06381",0.138,0,0.067,0.897,0.487,0.129,NA,"K06381",0.563005997001499,1,FALSE,FALSE,FALSE,FALSE
"K20201",0.128,0,0.247,-0.391,0.337,0.0817,NA,"K20201",0.898785610465116,1,FALSE,FALSE,FALSE,FALSE
"K06387",0.118,0,0.073,1.07,0.595,0.126,NA,"K06387",0.563005997001499,1,FALSE,FALSE,FALSE,FALSE
"K19701",0.103,0,0.176,0.223,0.164,0.0954,NA,"K19701",0.787517426273458,1,FALSE,FALSE,FALSE,FALSE
"K21902",0.0542,0,0.459,-0.268,0.361,0.0522,NA,"K21902",0.999598920863309,1,FALSE,FALSE,FALSE,FALSE
"K21464",0.118,0,0.073,1.07,0.595,0.126,NA,"K21464",0.563005997001499,1,FALSE,FALSE,FALSE,FALSE
"K00435",0.172,0,0.661,0.0553,0.126,0.031,NA,"K00435",0.999598920863309,1,FALSE,FALSE,FALSE,FALSE
"K06305",0.118,0,0.073,1.07,0.595,0.126,NA,"K06305",0.563005997001499,1,FALSE,FALSE,FALSE,FALSE
"K18967",0.064,0,7.51e-06,-1.9,0.414,0.309,NA,"K18967",0.00302730923076923,0.03760257,TRUE,TRUE,TRUE,TRUE
"K06595",0.0887,0,0.257,-0.191,0.168,0.0799,NA,"K06595",0.906835095137421,1,FALSE,FALSE,FALSE,FALSE
"K05339",0.0493,0,0.549,-0.286,0.477,0.0423,NA,"K05339",0.999598920863309,1,FALSE,FALSE,FALSE,FALSE
"K05338",0.0493,0,0.549,-0.286,0.477,0.0423,NA,"K05338",0.999598920863309,1,FALSE,FALSE,FALSE,FALSE
"K00491",0.123,0,0.0227,1.22,0.53,0.16,NA,"K00491",0.376353973509934,1,FALSE,FALSE,FALSE,FALSE
"K16234",0.138,0,0.0317,0.151,0.07,0.151,NA,"K16234",0.43944414893617,1,FALSE,FALSE,FALSE,FALSE
"K12988",0.0739,0,0.511,0.0468,0.0711,0.0464,NA,"K12988",0.999598920863309,1,FALSE,FALSE,FALSE,FALSE
"K11311",0.0493,0,0.167,0.112,0.0811,0.0973,NA,"K05599,K05600,K11311",0.774230555555556,1,FALSE,FALSE,FALSE,FALSE
"K26062",0.103,0,0.0148,0.379,0.154,0.171,NA,"K26062",0.30688064516129,1,FALSE,FALSE,FALSE,FALSE
"K21904",0.0985,0,0.06,0.149,0.0788,0.132,NA,"K21904",0.563005997001499,1,FALSE,FALSE,FALSE,FALSE
"K28221",0.0443,0,0.415,0.0802,0.0982,0.0575,NA,"K28221",0.995165229885058,1,FALSE,FALSE,FALSE,FALSE
"K28222",0.0443,0,0.415,0.0802,0.0982,0.0575,NA,"K28222",0.995165229885058,1,FALSE,FALSE,FALSE,FALSE
"K28220",0.0443,0,0.415,0.0802,0.0982,0.0575,NA,"K28220",0.995165229885058,1,FALSE,FALSE,FALSE,FALSE
"K01822",0.0443,0,0.401,0.0812,0.0965,0.0592,NA,"K01822",0.994456166419019,1,FALSE,FALSE,FALSE,FALSE
"K16050",0.0394,0,0.319,0.0852,0.0853,0.0703,NA,"K16050",0.950168352171327,1,FALSE,FALSE,FALSE,FALSE
"K15982",0.0443,0,0.415,0.0802,0.0982,0.0575,NA,"K15982",0.995165229885058,1,FALSE,FALSE,FALSE,FALSE
"K05296",0.0493,0,0.331,0.095,0.0976,0.0685,NA,"K05296",0.958482857142857,1,FALSE,FALSE,FALSE,FALSE
"K18687",0.0443,0,0.415,0.0802,0.0982,0.0575,NA,"K18687",0.995165229885058,1,FALSE,FALSE,FALSE,FALSE
"K16049",0.0443,0,0.415,0.0802,0.0982,0.0575,NA,"K16049",0.995165229885058,1,FALSE,FALSE,FALSE,FALSE
"K28228",0.0443,0,0.415,0.0802,0.0982,0.0575,NA,"K28228",0.995165229885058,1,FALSE,FALSE,FALSE,FALSE
"K28229",0.0443,0,0.415,0.0802,0.0982,0.0575,NA,"K28229",0.995165229885058,1,FALSE,FALSE,FALSE,FALSE
"K28232",0.0443,0,0.415,0.0802,0.0982,0.0575,NA,"K28232",0.995165229885058,1,FALSE,FALSE,FALSE,FALSE
"K28226",0.0443,0,0.415,0.0802,0.0982,0.0575,NA,"K28226",0.995165229885058,1,FALSE,FALSE,FALSE,FALSE
"K28227",0.0443,0,0.415,0.0802,0.0982,0.0575,NA,"K28227",0.995165229885058,1,FALSE,FALSE,FALSE,FALSE
"K28230",0.0443,0,0.415,0.0802,0.0982,0.0575,NA,"K28230",0.995165229885058,1,FALSE,FALSE,FALSE,FALSE
"K28231",0.0443,0,0.415,0.0802,0.0982,0.0575,NA,"K28231",0.995165229885058,1,FALSE,FALSE,FALSE,FALSE
"K28225",0.0493,0,0.522,0.0625,0.0975,0.0452,NA,"K28225",0.999598920863309,1,FALSE,FALSE,FALSE,FALSE
"K17989",0.167,0,0.0176,0.199,0.0829,0.167,NA,"K17989",0.336973003802281,1,FALSE,FALSE,FALSE,FALSE
"K28678",0.0591,0,0.0184,0.2,0.084,0.165,NA,"K28678",0.345051685393258,1,FALSE,FALSE,FALSE,FALSE
"K18991",0.182,0,0.764,0.0232,0.0771,0.0212,NA,"K18991",0.999598920863309,1,FALSE,FALSE,FALSE,FALSE
"K22027",0.158,0,0.707,0.0229,0.0609,0.0265,NA,"K22027",0.999598920863309,1,FALSE,FALSE,FALSE,FALSE
"K05301",0.0443,0,0.41,0.0919,0.111,0.0581,NA,"K05301",0.995165229885058,1,FALSE,FALSE,FALSE,FALSE
"K00386",0.0443,0,0.41,0.0919,0.111,0.0581,NA,"K00386",0.995165229885058,1,FALSE,FALSE,FALSE,FALSE
"K09122",0.108,0,0.00287,0.255,0.0845,0.208,NA,"K09122",0.127168938053097,1,FALSE,FALSE,FALSE,FALSE
"K19691",0.0345,0,0.0908,0.199,0.117,0.119,NA,"K19691",0.602157631578947,1,FALSE,FALSE,FALSE,FALSE
"K26580",0.153,0,0.952,0.00364,0.0607,0.00422,NA,"K26580",0.999598920863309,1,FALSE,FALSE,FALSE,FALSE
"K11264",0.0197,0,0.717,0.0378,0.104,0.0256,NA,"K11264",0.999598920863309,1,FALSE,FALSE,FALSE,FALSE
"K18292",0.108,0,0.349,0.0727,0.0774,0.0661,NA,"K18292",0.962248348017621,1,FALSE,FALSE,FALSE,FALSE
"K18291",0.0887,0,0.0982,0.145,0.0871,0.116,NA,"K18291",0.628592720306513,1,FALSE,FALSE,FALSE,FALSE
"K09123",0.207,0,0.113,0.132,0.0827,0.112,NA,"K09123",0.658662398137369,1,FALSE,FALSE,FALSE,FALSE
"K10622",0.0296,0,0.409,0.0664,0.0803,0.0582,NA,"K10622",0.995165229885058,1,FALSE,FALSE,FALSE,FALSE
"K03396",0.138,0,0.0043,0.223,0.0773,0.2,NA,"K03396",0.15126041958042,1,FALSE,FALSE,FALSE,FALSE
"K27108",0.187,0,0.97,0.00373,0.0976,0.00269,NA,"K27108",0.999598920863309,1,FALSE,FALSE,FALSE,FALSE
"K09129",0.0985,0,0.0225,0.161,0.0701,0.16,NA,"K09129",0.376353973509934,1,FALSE,FALSE,FALSE,FALSE
"K12253",0.0887,0,0.822,0.0234,0.104,0.0159,NA,"K12253",0.999598920863309,1,FALSE,FALSE,FALSE,FALSE
"K15234",0.0148,0,0.324,0.121,0.122,0.0695,NA,"K15234",0.957655253837072,1,FALSE,FALSE,FALSE,FALSE
"K22505",0.0246,0,0.0568,-0.19,0.099,0.134,NA,"K13285,K22505",0.558737917485265,1,FALSE,FALSE,FALSE,FALSE
"K22487",0.0197,0,0.0414,-0.219,0.107,0.143,NA,"K13286,K13287,K22487,K22488,K22506,K22507,K22508,K22509,K22510",0.485456206088993,1,FALSE,FALSE,FALSE,FALSE
"K22486",0.0148,0,0.0769,-0.199,0.112,0.124,NA,"K22486,K22513",0.569583284023669,1,FALSE,FALSE,FALSE,FALSE
"K22511",0.0246,0,0.103,-0.152,0.0927,0.115,NA,"K22504,K22511",0.635809523809524,1,FALSE,FALSE,FALSE,FALSE
"K00669",0.0345,0,0.868,0.0136,0.0816,0.0117,NA,"K00669",0.999598920863309,1,FALSE,FALSE,FALSE,FALSE
"K10677",0.0148,0,0.921,-0.0143,0.145,0.00696,NA,"K10677",0.999598920863309,1,FALSE,FALSE,FALSE,FALSE
"K25596",0.0443,0,0.874,0.0143,0.0904,0.0112,NA,"K25596",0.999598920863309,1,FALSE,FALSE,FALSE,FALSE
"K01160",0.0837,0,0.414,-0.0459,0.0561,0.0576,NA,"K01160",0.995165229885058,1,FALSE,FALSE,FALSE,FALSE
"K23138",0.158,0,0.0417,0.187,0.0912,0.143,NA,"K23138",0.485562558139535,1,FALSE,FALSE,FALSE,FALSE
"K05363",0.0542,0,0.981,0.00428,0.177,0.0017,NA,"K05363",0.999598920863309,1,FALSE,FALSE,FALSE,FALSE
"K02803",0.0493,0,0.952,-0.00696,0.116,0.00424,NA,"K02803",0.999598920863309,1,FALSE,FALSE,FALSE,FALSE
"K08884",0.0788,0,0.813,-0.0291,0.123,0.0167,NA,"K08884",0.999598920863309,1,FALSE,FALSE,FALSE,FALSE
"K27097",0.0591,0,0.853,-0.0203,0.11,0.0131,NA,"K27097",0.999598920863309,1,FALSE,FALSE,FALSE,FALSE
"K27088",0.0148,0,0.916,0.0171,0.162,0.00744,NA,"K27088",0.999598920863309,1,FALSE,FALSE,FALSE,FALSE
"K01500",0.0394,0,0.941,0.0111,0.149,0.00526,NA,"K01500",0.999598920863309,1,FALSE,FALSE,FALSE,FALSE
"K23980",0.0443,0,0.963,0.00907,0.196,0.00327,NA,"K23980",0.999598920863309,1,FALSE,FALSE,FALSE,FALSE
"K25230",0.0296,0,0.79,0.0322,0.121,0.0188,NA,"K25230",0.999598920863309,1,FALSE,FALSE,FALSE,FALSE
"K21302",0.0345,0,0.965,0.00645,0.147,0.00309,NA,"K21302",0.999598920863309,1,FALSE,FALSE,FALSE,FALSE
"K01212",0.103,0,0.326,0.12,0.122,0.0693,NA,"K01212",0.958482857142857,1,FALSE,FALSE,FALSE,FALSE
"K09692",0.128,0,0.328,0.0839,0.0856,0.069,NA,"K09692",0.958482857142857,1,FALSE,FALSE,FALSE,FALSE
"K04618",0.0296,0,0.972,-0.00468,0.135,0.00244,NA,"K04618",0.999598920863309,1,FALSE,FALSE,FALSE,FALSE
"K13671",0.0591,0,0.884,0.0318,0.217,0.0103,NA,"K13671",0.999598920863309,1,FALSE,FALSE,FALSE,FALSE
"K25952",0.0837,0,0.824,-0.0204,0.0913,0.0157,NA,"K25952",0.999598920863309,1,FALSE,FALSE,FALSE,FALSE
"K24694",0.0246,0,0.856,-0.0247,0.136,0.0128,NA,"K24694",0.999598920863309,1,FALSE,FALSE,FALSE,FALSE
"K24695",0.0197,0,0.884,-0.0201,0.138,0.0103,NA,"K24695",0.999598920863309,1,FALSE,FALSE,FALSE,FALSE
"K24696",0.0246,0,0.856,-0.0247,0.136,0.0128,NA,"K24696",0.999598920863309,1,FALSE,FALSE,FALSE,FALSE
"K24693",0.0246,0,0.856,-0.0247,0.136,0.0128,NA,"K24693",0.999598920863309,1,FALSE,FALSE,FALSE,FALSE
"K24697",0.0246,0,0.856,-0.0247,0.136,0.0128,NA,"K24697",0.999598920863309,1,FALSE,FALSE,FALSE,FALSE
"K24698",0.0246,0,0.856,-0.0247,0.136,0.0128,NA,"K24698",0.999598920863309,1,FALSE,FALSE,FALSE,FALSE
"K16237",0.0197,0,0.577,0.424,0.759,0.0393,NA,"K06860,K07465,K08256,K11611,K15525,K16237,K18958,K21514,K22306,K22311",0.999598920863309,1,FALSE,FALSE,FALSE,FALSE
"K18232",0.0148,0,0.672,-0.359,0.848,0.0299,NA,"K18232",0.999598920863309,1,FALSE,FALSE,FALSE,FALSE
"K16168",0.118,0,0.121,0.437,0.281,0.109,NA,"K16168",0.677681208053691,1,FALSE,FALSE,FALSE,FALSE
"K11355",0.0197,0,0.885,-0.0575,0.396,0.0103,NA,"K11355",0.999598920863309,1,FALSE,FALSE,FALSE,FALSE
"K25140",0.0591,0,0.666,-0.0875,0.203,0.0304,NA,"K25140,K25141",0.999598920863309,1,FALSE,FALSE,FALSE,FALSE
"K10200",0.0443,0,0.891,-0.0337,0.247,0.00964,NA,"K10200",0.999598920863309,1,FALSE,FALSE,FALSE,FALSE
"K10201",0.0246,0,0.851,-0.0533,0.284,0.0132,NA,"K10201,K10202",0.999598920863309,1,FALSE,FALSE,FALSE,FALSE
"K02352",0.0296,0,0.00239,-0.385,0.125,0.212,NA,"K02352",0.117320882352941,1,FALSE,FALSE,FALSE,FALSE
"K17810",0.0443,0,0.197,-0.385,0.297,0.0909,NA,"K17810",0.824731605351171,1,FALSE,FALSE,FALSE,FALSE
"K15878",0.0197,0,0.873,-0.0346,0.216,0.0113,NA,"K15878",0.999598920863309,1,FALSE,FALSE,FALSE,FALSE
"K02626",0.0148,0,0.672,-0.359,0.848,0.0299,NA,"K02626",0.999598920863309,1,FALSE,FALSE,FALSE,FALSE
"K23262",0.0345,0,0.0126,1.08,0.429,0.175,NA,"K23262",0.282617333333333,1,FALSE,FALSE,FALSE,FALSE
"K25672",0.0542,0,0.856,-0.0228,0.126,0.0128,NA,"K25672",0.999598920863309,1,FALSE,FALSE,FALSE,FALSE
"K01634",0.0296,0,0.894,-0.0306,0.229,0.00942,NA,"K01634",0.999598920863309,1,FALSE,FALSE,FALSE,FALSE
"K18909",0.0394,0,0.776,-0.0681,0.24,0.0201,NA,"K18909",0.999598920863309,1,FALSE,FALSE,FALSE,FALSE
"K18908",0.0296,0,0.0148,0.305,0.124,0.171,NA,"K18908",0.30688064516129,1,FALSE,FALSE,FALSE,FALSE
"K01727",0.0394,0,0.872,-0.0364,0.225,0.0114,NA,"K01727",0.999598920863309,1,FALSE,FALSE,FALSE,FALSE
"K05342",0.064,0,0.828,-0.058,0.266,0.0154,NA,"K05342",0.999598920863309,1,FALSE,FALSE,FALSE,FALSE
"K00360",0.0148,0,0.672,-0.359,0.848,0.0299,NA,"K00360",0.999598920863309,1,FALSE,FALSE,FALSE,FALSE
"K09693",0.0837,0,0.776,0.11,0.387,0.0201,NA,"K09693",0.999598920863309,1,FALSE,FALSE,FALSE,FALSE
"K25675",0.064,0,0.0365,-0.891,0.423,0.147,NA,"K25674,K25675",0.45742962962963,1,FALSE,FALSE,FALSE,FALSE
"K21471",0.0345,0,0.761,0.138,0.453,0.0215,NA,"K21471",0.999598920863309,1,FALSE,FALSE,FALSE,FALSE
"K22247",0.064,0,0.284,-0.0762,0.071,0.0755,NA,"K22247",0.9257734375,1,FALSE,FALSE,FALSE,FALSE
"K13940",0.0148,0,0.672,-0.359,0.848,0.0299,NA,"K13940",0.999598920863309,1,FALSE,FALSE,FALSE,FALSE
"K01180",0.0197,0,0.782,-0.0596,0.215,0.0195,NA,"K01180",0.999598920863309,1,FALSE,FALSE,FALSE,FALSE
"K02062",0.0148,0,0.396,-0.154,0.181,0.0599,NA,"K02062",0.991386,1,FALSE,FALSE,FALSE,FALSE
"K28149",0.0148,0,0.991,0.00199,0.168,0.000832,NA,"K28149",0.999598920863309,1,FALSE,FALSE,FALSE,FALSE
"K18195",0.0197,0,0.577,-0.243,0.434,0.0394,NA,"K18195",0.999598920863309,1,FALSE,FALSE,FALSE,FALSE
"K02103",0.103,0,0.813,-0.0334,0.141,0.0167,NA,"K02103",0.999598920863309,1,FALSE,FALSE,FALSE,FALSE
"K03882",0.0148,0,1.26e-05,-1.32,0.295,0.301,NA,"K03882",0.0045063,0.0630882,TRUE,FALSE,TRUE,TRUE
"K01054",0.0493,0,0.527,-0.222,0.35,0.0446,NA,"K01054",0.999598920863309,1,FALSE,FALSE,FALSE,FALSE
"K09706",0.0197,0,0.508,-0.141,0.212,0.0468,NA,"K09706",0.999598920863309,1,FALSE,FALSE,FALSE,FALSE
"K13058",0.0197,0,0.043,-0.713,0.35,0.142,NA,"K13058",0.493809633027523,1,FALSE,FALSE,FALSE,FALSE
"K18335",0.123,0,0.0768,-0.537,0.302,0.125,NA,"K18335",0.569583284023669,1,FALSE,FALSE,FALSE,FALSE
"K23545",0.0887,0,0.551,-0.106,0.178,0.0421,NA,"K23545",0.999598920863309,1,FALSE,FALSE,FALSE,FALSE
"K23547",0.0887,0,0.551,-0.106,0.178,0.0421,NA,"K23547",0.999598920863309,1,FALSE,FALSE,FALSE,FALSE
"K23546",0.0887,0,0.551,-0.106,0.178,0.0421,NA,"K23546",0.999598920863309,1,FALSE,FALSE,FALSE,FALSE
"K28465",0.0788,0,0.243,-0.445,0.38,0.0823,NA,"K18905,K28465",0.897272123893805,1,FALSE,FALSE,FALSE,FALSE
"K19813",0.113,0,0.0545,-0.169,0.0874,0.135,NA,"K19813",0.549057344064386,1,FALSE,FALSE,FALSE,FALSE
"K19620",0.0837,0,0.818,0.0392,0.17,0.0162,NA,"K19620",0.999598920863309,1,FALSE,FALSE,FALSE,FALSE
"K28747",0.0542,0,0.885,-0.0168,0.115,0.0102,NA,"K28747",0.999598920863309,1,FALSE,FALSE,FALSE,FALSE
"K18009",0.0739,0,0.668,0.0281,0.0654,0.0303,NA,"K18009",0.999598920863309,1,FALSE,FALSE,FALSE,FALSE
"K12953",0.0148,0,0.225,-0.31,0.254,0.0855,NA,"K12953",0.87534965034965,1,FALSE,FALSE,FALSE,FALSE
"K10020",0.153,0,0.0283,-0.244,0.111,0.154,NA,"K10018,K10020",0.417988495575221,1,FALSE,FALSE,FALSE,FALSE
"K10019",0.143,0,0.175,-0.132,0.0971,0.0955,NA,"K10019",0.786557450628366,1,FALSE,FALSE,FALSE,FALSE
"K05991",0.0148,0,0.924,-0.0426,0.448,0.0067,NA,"K05991",0.999598920863309,1,FALSE,FALSE,FALSE,FALSE
"K00467",0.0345,0,0.0226,0.28,0.122,0.16,NA,"K00467",0.376353973509934,1,FALSE,FALSE,FALSE,FALSE
"K15067",0.0296,0,0.476,0.0936,0.131,0.0503,NA,"K15067",0.999598920863309,1,FALSE,FALSE,FALSE,FALSE
"K04127",0.0197,0,0.742,-0.0627,0.19,0.0233,NA,"K04127",0.999598920863309,1,FALSE,FALSE,FALSE,FALSE
"K14727",0.0197,0,0.576,0.268,0.478,0.0395,NA,"K14727",0.999598920863309,1,FALSE,FALSE,FALSE,FALSE
"K10190",0.103,0,0.426,0.184,0.23,0.0561,NA,"K10188,K10189,K10190",0.998606694560669,1,FALSE,FALSE,FALSE,FALSE
"K20486",0.0739,0,0.374,0.12,0.135,0.0628,NA,"K20486",0.97633889468196,1,FALSE,FALSE,FALSE,FALSE
"K00320",0.0197,0,0.679,0.171,0.414,0.0292,NA,"K00320",0.999598920863309,1,FALSE,FALSE,FALSE,FALSE
"K01431",0.0296,0,0.431,-0.242,0.306,0.0556,NA,"K01431",0.999598920863309,1,FALSE,FALSE,FALSE,FALSE
"K24648",0.0936,0,0.821,0.093,0.41,0.016,NA,"K24648",0.999598920863309,1,FALSE,FALSE,FALSE,FALSE
"K09681",0.108,0,0.0119,1.13,0.446,0.176,NA,"K01308,K09681,K11629,K11630,K13533",0.269607692307692,1,FALSE,FALSE,FALSE,FALSE
"K17910",0.118,0,0.041,-0.171,0.0832,0.144,NA,"K17910",0.485312056737589,1,FALSE,FALSE,FALSE,FALSE
"K04720",0.0985,0,0.229,0.249,0.207,0.0848,NA,"K04720",0.878622988505747,1,FALSE,FALSE,FALSE,FALSE
"K09388",0.0887,0,0.0827,0.985,0.565,0.122,NA,"K07315,K09388,K19224",0.589635524475524,1,FALSE,FALSE,FALSE,FALSE
"K01361",0.0443,0,0.00722,1.44,0.532,0.188,NA,"K00306,K01177,K01361,K07079,K11944,K22445,K24966,K24987",0.215181785714286,1,FALSE,FALSE,FALSE,FALSE
"K21285",0.069,0,0.593,0.232,0.433,0.0378,NA,"K06388,K06389,K07698,K11814,K21285,K23989",0.999598920863309,1,FALSE,FALSE,FALSE,FALSE
"K07692",0.113,0,0.191,0.724,0.552,0.0922,NA,"K06209,K06285,K07692,K07718,K25528,K28166",0.811831069609508,1,FALSE,FALSE,FALSE,FALSE
"K13626",0.143,0,0.516,-0.0613,0.0942,0.0459,NA,"K13626",0.999598920863309,1,FALSE,FALSE,FALSE,FALSE
"K09766",0.0394,0,0.0434,-0.243,0.119,0.142,NA,"K09766",0.493872272727273,1,FALSE,FALSE,FALSE,FALSE
"K18770",0.0345,0,0.0146,-0.295,0.12,0.171,NA,"K18770",0.305866945606695,1,FALSE,FALSE,FALSE,FALSE
"K26990",0.0837,0,0.00352,1.35,0.457,0.204,NA,"K03489,K03697,K06315,K11691,K11692,K23253,K23598,K26990",0.136344461538462,1,FALSE,FALSE,FALSE,FALSE
"K26992",0.0887,0,6.42e-09,0.882,0.145,0.393,NA,"K26992",1.607247e-05,3.214494e-05,TRUE,TRUE,TRUE,TRUE
"K08693",0.0739,0,0.914,-0.0177,0.165,0.0076,NA,"K08693,K26745",0.999598920863309,1,FALSE,FALSE,FALSE,FALSE
"K14940",0.0542,0,0.000822,1.4,0.412,0.233,NA,"K14940",0.06430865625,1,FALSE,FALSE,TRUE,FALSE
"K24989",0.0591,0,0.664,-0.0727,0.167,0.0307,NA,"K24989",0.999598920863309,1,FALSE,FALSE,FALSE,FALSE
"K03693",0.0739,0,0.608,0.242,0.471,0.0362,NA,"K03693",0.999598920863309,1,FALSE,FALSE,FALSE,FALSE
"K20859",0.0296,0,0.154,-0.238,0.166,0.1,NA,"K20859",0.739998080614203,1,FALSE,FALSE,FALSE,FALSE
"K22981",0.0591,0,3.28e-06,2.08,0.435,0.32,NA,"K16044,K21479,K22981",0.00182477333333333,0.01642296,TRUE,TRUE,TRUE,TRUE
"K21114",0.0394,0,0.85,-0.0317,0.167,0.0134,NA,"K21114",0.999598920863309,1,FALSE,FALSE,FALSE,FALSE
"K03483",0.0936,0,0.333,-0.127,0.131,0.0682,NA,"K03483",0.958482857142857,1,FALSE,FALSE,FALSE,FALSE
"K18654",0.0837,0,0.391,-0.141,0.164,0.0605,NA,"K18654",0.987758324924319,1,FALSE,FALSE,FALSE,FALSE
"K00076",0.0985,0,0.459,-0.0685,0.0924,0.0522,NA,"K00076",0.999598920863309,1,FALSE,FALSE,FALSE,FALSE
"K02385",0.138,0,0.174,-0.123,0.0903,0.0959,NA,"K02385",0.786557450628366,1,FALSE,FALSE,FALSE,FALSE
"K25086",0.0887,0,0.00402,1.34,0.462,0.201,NA,"K25086,K25087,K25088",0.145856086956522,1,FALSE,FALSE,FALSE,FALSE
"K28891",0.0788,0,0.000523,1.17,0.332,0.241,NA,"K28891",0.0503588653846154,1,FALSE,FALSE,TRUE,FALSE
"K02241",0.064,0,0.286,-0.166,0.155,0.0752,NA,"K02241",0.92746243523316,1,FALSE,FALSE,FALSE,FALSE
"K28526",0.0542,0,0.986,-0.00186,0.103,0.00127,NA,"K28526",0.999598920863309,1,FALSE,FALSE,FALSE,FALSE
"K00680",0.0345,0,0.644,-0.0491,0.106,0.0326,NA,"K00680",0.999598920863309,1,FALSE,FALSE,FALSE,FALSE
"K24117",0.0936,0,0.29,-0.108,0.102,0.0746,NA,"K24117",0.933181233933162,1,FALSE,FALSE,FALSE,FALSE
"K16957",0.113,0,0.866,-0.0202,0.12,0.0119,NA,"K16957",0.999598920863309,1,FALSE,FALSE,FALSE,FALSE
"K16958",0.0985,0,0.827,-0.0359,0.164,0.0155,NA,"K16958,K16959",0.999598920863309,1,FALSE,FALSE,FALSE,FALSE
"K16960",0.0788,0,0.475,0.0852,0.119,0.0504,NA,"K16960",0.999598920863309,1,FALSE,FALSE,FALSE,FALSE
"K10780",0.0936,0,0.0304,1.09,0.498,0.152,NA,"K10780",0.434893714285714,1,FALSE,FALSE,FALSE,FALSE
"K16849",0.0296,0,0.283,-0.145,0.134,0.0758,NA,"K16849",0.9257734375,1,FALSE,FALSE,FALSE,FALSE
"K21140",0.0394,0,0.121,-0.18,0.116,0.109,NA,"K21140",0.677681208053691,1,FALSE,FALSE,FALSE,FALSE
"K00710",0.0296,0,0.154,-0.238,0.166,0.1,NA,"K00710",0.739998080614203,1,FALSE,FALSE,FALSE,FALSE
"K06322",0.0296,0,3.74e-05,-0.615,0.146,0.285,NA,"K06322",0.00891722857142857,0.1872618,TRUE,FALSE,TRUE,FALSE
"K13006",0.0148,0,0.00463,-0.346,0.121,0.198,NA,"K13006",0.156594765100671,1,FALSE,FALSE,FALSE,FALSE
"K06439",0.0591,0,0.762,0.0363,0.12,0.0214,NA,"K06439,K06440",0.999598920863309,1,FALSE,FALSE,FALSE,FALSE
"K16236",0.0542,0,0.566,0.0997,0.174,0.0405,NA,"K16236",0.999598920863309,1,FALSE,FALSE,FALSE,FALSE
"K06342",0.0887,0,0.259,0.216,0.191,0.0796,NA,"K06341,K06342",0.907496850944717,1,FALSE,FALSE,FALSE,FALSE
"K07696",0.069,0,0.338,-0.167,0.174,0.0676,NA,"K07683,K07696,K10851",0.962031561461794,1,FALSE,FALSE,FALSE,FALSE
"K02006",0.0493,0,0.00278,1.43,0.471,0.209,NA,"K02006,K02009",0.125400540540541,1,FALSE,FALSE,FALSE,FALSE
"K05934",0.138,0,0.294,0.0824,0.0783,0.0741,NA,"K05934",0.933454660748256,1,FALSE,FALSE,FALSE,FALSE
"K16901",0.0296,0,0.648,-0.0436,0.0952,0.0323,NA,"K16901",0.999598920863309,1,FALSE,FALSE,FALSE,FALSE
"K06434",0.108,0,0.277,0.196,0.18,0.0766,NA,"K06434",0.923041114058356,1,FALSE,FALSE,FALSE,FALSE
"K28880",0.118,0,0.985,-0.00335,0.183,0.00129,NA,"K28880",0.999598920863309,1,FALSE,FALSE,FALSE,FALSE
"K00801",0.118,0,0.00206,0.987,0.316,0.215,NA,"K00801",0.107441875,1,FALSE,FALSE,FALSE,FALSE
"K06208",0.0985,0,0.26,-0.488,0.432,0.0794,NA,"K06208",0.90909217877095,1,FALSE,FALSE,FALSE,FALSE
"K22443",0.0443,0,0.912,-0.0149,0.134,0.00782,NA,"K22443",0.999598920863309,1,FALSE,FALSE,FALSE,FALSE
"K01743",0.0296,0,0.0111,-0.283,0.11,0.178,NA,"K01743",0.262158962264151,1,FALSE,FALSE,FALSE,FALSE
"K18939",0.0887,0,0.0561,0.67,0.349,0.134,NA,"K18939",0.556223168316832,1,FALSE,FALSE,FALSE,FALSE
"K10938",0.0788,0,0.00689,0.289,0.106,0.189,NA,"K10938",0.207820662650602,1,FALSE,FALSE,FALSE,FALSE
"K10133",0.0296,0,0.283,-0.145,0.134,0.0758,NA,"K10133",0.9257734375,1,FALSE,FALSE,FALSE,FALSE
"K23398",0.0591,0,0.0397,-0.131,0.0635,0.144,NA,"K23398",0.478982891566265,1,FALSE,FALSE,FALSE,FALSE
"K04019",0.064,0,1.07e-10,0.969,0.142,0.433,NA,"K04019",5.35749e-07,5.35749e-07,TRUE,TRUE,TRUE,TRUE
"K04023",0.0788,0,0.47,0.0508,0.0703,0.051,NA,"K04023",0.999598920863309,1,FALSE,FALSE,FALSE,FALSE
"K06329",0.0542,0,0.113,-0.186,0.117,0.112,NA,"K06329",0.658662398137369,1,FALSE,FALSE,FALSE,FALSE
"K23183",0.0591,0,0.286,0.165,0.154,0.0752,NA,"K23183",0.92746243523316,1,FALSE,FALSE,FALSE,FALSE
"K23184",0.0345,0,0.137,-0.206,0.138,0.105,NA,"K23184",0.715285714285714,1,FALSE,FALSE,FALSE,FALSE
"K06429",0.069,0,0.116,0.233,0.147,0.111,NA,"K06429",0.663785142857143,1,FALSE,FALSE,FALSE,FALSE
"K23776",0.0936,0,0.000129,0.531,0.136,0.266,NA,"K23776",0.0189971470588235,0.645903,TRUE,FALSE,TRUE,FALSE
"K22342",0.108,0,0.939,0.00483,0.0636,0.00536,NA,"K22342,K22344",0.999598920863309,1,FALSE,FALSE,FALSE,FALSE
"K22343",0.0936,0,0.841,0.0134,0.0666,0.0142,NA,"K22343",0.999598920863309,1,FALSE,FALSE,FALSE,FALSE
"K00917",0.0148,0,0.0789,-0.185,0.105,0.124,NA,"K00917",0.577561842105263,1,FALSE,FALSE,FALSE,FALSE
"K11815",0.064,0,0.378,0.132,0.149,0.0622,NA,"K11815",0.980137752459865,1,FALSE,FALSE,FALSE,FALSE
"K10711",0.0739,0,0.25,0.199,0.173,0.0811,NA,"K10711",0.899245689655172,1,FALSE,FALSE,FALSE,FALSE
"K19540",0.0591,0,0.805,0.0386,0.156,0.0174,NA,"K19540",0.999598920863309,1,FALSE,FALSE,FALSE,FALSE
"K07069",0.108,0,0.328,0.0971,0.0991,0.069,NA,"K07069",0.958482857142857,1,FALSE,FALSE,FALSE,FALSE
"K16173",0.0493,0,0.344,0.506,0.534,0.0668,NA,"K16173",0.962031561461794,1,FALSE,FALSE,FALSE,FALSE
"K18702",0.0788,0,0.488,0.0629,0.0904,0.049,NA,"K18702",0.999598920863309,1,FALSE,FALSE,FALSE,FALSE
"K16838",0.0394,0,0.662,-0.0704,0.161,0.0308,NA,"K16838",0.999598920863309,1,FALSE,FALSE,FALSE,FALSE
"K06338",0.0345,0,0.276,-0.135,0.124,0.0768,NA,"K06338",0.923041114058356,1,FALSE,FALSE,FALSE,FALSE
"K18235",0.118,0,0.856,-0.0117,0.0649,0.0128,NA,"K18235",0.999598920863309,1,FALSE,FALSE,FALSE,FALSE
"K15584",0.103,0,0.0115,-0.199,0.0779,0.177,NA,"K10824,K15584",0.267497260273973,1,FALSE,FALSE,FALSE,FALSE
"K15585",0.108,0,0.0587,-0.167,0.0876,0.133,NA,"K15585,K15586",0.563005997001499,1,FALSE,FALSE,FALSE,FALSE
"K15587",0.0985,0,0.0377,-0.204,0.0974,0.146,NA,"K15587",0.462656617647059,1,FALSE,FALSE,FALSE,FALSE
"K23684",0.0197,0,0.402,0.389,0.463,0.0592,NA,"K07449,K10212,K23684",0.994473320158103,1,FALSE,FALSE,FALSE,FALSE
"K08174",0.0542,0,0.249,0.181,0.157,0.0813,NA,"K08174",0.898877433309301,1,FALSE,FALSE,FALSE,FALSE
"K24995",0.0246,0,0.528,0.0796,0.126,0.0445,NA,"K24995",0.999598920863309,1,FALSE,FALSE,FALSE,FALSE
"K19286",0.0394,0,0.168,0.395,0.286,0.0971,NA,"K19286",0.775992619926199,1,FALSE,FALSE,FALSE,FALSE
"K14597",0.0394,0,0.959,-0.00682,0.132,0.00365,NA,"K10210,K14597",0.999598920863309,1,FALSE,FALSE,FALSE,FALSE
"K21463",0.0148,0,0.00826,1.39,0.519,0.185,NA,"K21463",0.221164812834225,1,FALSE,FALSE,FALSE,FALSE
"K22369",0.0443,0,0.412,-0.358,0.435,0.0578,NA,"K22369",0.995165229885058,1,FALSE,FALSE,FALSE,FALSE
"K05519",0.0394,0,0.562,0.265,0.456,0.041,NA,"K05519,K06608,K07650,K11440,K16199,K16200,K16202,K16331,K26739,K26932",0.999598920863309,1,FALSE,FALSE,FALSE,FALSE
"K16902",0.0148,0,0.955,0.00674,0.119,0.00401,NA,"K16902",0.999598920863309,1,FALSE,FALSE,FALSE,FALSE
"K10211",0.0148,0,0.00826,1.39,0.519,0.185,NA,"K10211",0.221164812834225,1,FALSE,FALSE,FALSE,FALSE
"K10120",0.0345,0,0.0526,0.183,0.0937,0.136,NA,"K10120,K10121,K10122",0.539688934426229,1,FALSE,FALSE,FALSE,FALSE
"K02538",0.0296,0,0.352,0.153,0.164,0.0656,NA,"K02538",0.963199455040872,1,FALSE,FALSE,FALSE,FALSE
"K07680",0.0591,0,0.893,0.0232,0.172,0.00952,NA,"K07680",0.999598920863309,1,FALSE,FALSE,FALSE,FALSE
"K06046",0.0197,0,0.496,0.0874,0.128,0.0481,NA,"K06046",0.999598920863309,1,FALSE,FALSE,FALSE,FALSE
"K06290",0.0739,0,0.00478,0.34,0.119,0.197,NA,"K06290",0.1595564,1,FALSE,FALSE,FALSE,FALSE
"K06289",0.069,0,0.362,0.101,0.111,0.0643,NA,"K06289",0.975529601722282,1,FALSE,FALSE,FALSE,FALSE
"K07770",0.0591,0,0.635,0.163,0.344,0.0335,NA,"K07770,K22043",0.999598920863309,1,FALSE,FALSE,FALSE,FALSE
"K19082",0.0148,0,0.727,0.0611,0.175,0.0247,NA,"K19082",0.999598920863309,1,FALSE,FALSE,FALSE,FALSE
"K20989",0.0148,0,0.00826,1.39,0.519,0.185,NA,"K20989",0.221164812834225,1,FALSE,FALSE,FALSE,FALSE
"K03339",0.0345,0,0.955,0.00514,0.0915,0.00396,NA,"K03339",0.999598920863309,1,FALSE,FALSE,FALSE,FALSE
"K22103",0.0443,0,0.0908,0.276,0.162,0.119,NA,"K22103",0.602157631578947,1,FALSE,FALSE,FALSE,FALSE
"K04041",0.0443,0,0.632,0.204,0.425,0.0338,NA,"K04041",0.999598920863309,1,FALSE,FALSE,FALSE,FALSE
"K20485",0.0148,0,0.838,0.0259,0.126,0.0145,NA,"K20485",0.999598920863309,1,FALSE,FALSE,FALSE,FALSE
"K10708",0.069,0,0.435,0.0728,0.093,0.0551,NA,"K10708",0.999598920863309,1,FALSE,FALSE,FALSE,FALSE
"K16170",0.0394,0,0.0138,0.252,0.102,0.173,NA,"K16170",0.29278220338983,1,FALSE,FALSE,FALSE,FALSE
"K25519",0.0443,0,0.000416,0.386,0.108,0.245,NA,"K25519",0.0445303404255319,1,TRUE,FALSE,TRUE,FALSE
"K16956",0.0148,0,0.00826,1.39,0.519,0.185,NA,"K16956",0.221164812834225,1,FALSE,FALSE,FALSE,FALSE
"K01568",0.0148,0,0.515,0.0873,0.134,0.0459,NA,"K01568",0.999598920863309,1,FALSE,FALSE,FALSE,FALSE
"K11640",0.0493,0,0.181,0.22,0.164,0.0942,NA,"K11640,K11641",0.796368189806678,1,FALSE,FALSE,FALSE,FALSE
"K24620",0.0443,0,0.156,0.412,0.29,0.0999,NA,"K24620",0.746741873804971,1,FALSE,FALSE,FALSE,FALSE
"K10208",0.0493,0,0.368,-0.304,0.337,0.0635,NA,"K10208",0.97633889468196,1,FALSE,FALSE,FALSE,FALSE
"K10209",0.0345,0,0.715,0.0485,0.132,0.0258,NA,"K10209",0.999598920863309,1,FALSE,FALSE,FALSE,FALSE
"K14387",0.0148,0,0.00826,1.39,0.519,0.185,NA,"K14387",0.221164812834225,1,FALSE,FALSE,FALSE,FALSE
"K22109",0.064,0,0.798,0.111,0.434,0.0181,NA,"K22109",0.999598920863309,1,FALSE,FALSE,FALSE,FALSE
"K19350",0.0394,0,0.906,0.0148,0.125,0.00832,NA,"K19350",0.999598920863309,1,FALSE,FALSE,FALSE,FALSE
"K00617",0.0148,0,0.00826,1.39,0.519,0.185,NA,"K00617",0.221164812834225,1,FALSE,FALSE,FALSE,FALSE
"K19242",0.0296,0,0.152,0.236,0.164,0.101,NA,"K19242",0.736751210067764,1,FALSE,FALSE,FALSE,FALSE
"K16203",0.192,0,0.328,0.182,0.185,0.0689,NA,"K16203",0.958482857142857,1,FALSE,FALSE,FALSE,FALSE
"K16201",0.0345,0,0.799,0.0441,0.173,0.0179,NA,"K16201",0.999598920863309,1,FALSE,FALSE,FALSE,FALSE
"K06971",0.0985,0,0.476,0.069,0.0966,0.0503,NA,"K06971",0.999598920863309,1,FALSE,FALSE,FALSE,FALSE
"K11194",0.0148,0,0.00826,1.39,0.519,0.185,NA,"K11194",0.221164812834225,1,FALSE,FALSE,FALSE,FALSE
"K11195",0.0148,0,0.00826,1.39,0.519,0.185,NA,"K11195",0.221164812834225,1,FALSE,FALSE,FALSE,FALSE
"K11196",0.0148,0,0.00826,1.39,0.519,0.185,NA,"K11196",0.221164812834225,1,FALSE,FALSE,FALSE,FALSE
"K02771",0.0148,0,0.00826,1.39,0.519,0.185,NA,"K02771",0.221164812834225,1,FALSE,FALSE,FALSE,FALSE
"K02775",0.069,0,0.454,0.0657,0.0876,0.0528,NA,"K02774,K02775",0.999598920863309,1,FALSE,FALSE,FALSE,FALSE
"K02773",0.0591,0,0.374,0.0904,0.101,0.0628,NA,"K02773",0.97633889468196,1,FALSE,FALSE,FALSE,FALSE
"K21131",0.0197,0,0.578,-0.0836,0.15,0.0392,NA,"K21131",0.999598920863309,1,FALSE,FALSE,FALSE,FALSE
"K18294",0.0739,0,0.571,-0.0701,0.123,0.04,NA,"K18294",0.999598920863309,1,FALSE,FALSE,FALSE,FALSE
"K17236",0.0345,0,0.878,-0.0254,0.166,0.0108,NA,"K17234,K17235,K17236",0.999598920863309,1,FALSE,FALSE,FALSE,FALSE
"K07691",0.0591,0,0.144,-0.272,0.186,0.103,NA,"K07691",0.721640671273445,1,FALSE,FALSE,FALSE,FALSE
"K18980",0.0197,0,0.513,0.077,0.118,0.0462,NA,"K18980",0.999598920863309,1,FALSE,FALSE,FALSE,FALSE
"K01780",0.0197,0,0.0103,-0.302,0.117,0.18,NA,"K01780",0.251571219512195,1,FALSE,FALSE,FALSE,FALSE
"K19973",0.0542,0,0.0108,0.239,0.0929,0.179,NA,"K19973",0.256282464454976,1,FALSE,FALSE,FALSE,FALSE
"K19976",0.0296,0,0.445,-0.147,0.192,0.0539,NA,"K19975,K19976",0.999598920863309,1,FALSE,FALSE,FALSE,FALSE
"K02251",0.0296,0,0.467,-0.124,0.171,0.0514,NA,"K02251",0.999598920863309,1,FALSE,FALSE,FALSE,FALSE
"K17869",0.0345,0,0.801,-0.0437,0.173,0.0178,NA,"K17869",0.999598920863309,1,FALSE,FALSE,FALSE,FALSE
"K26609",0.0394,0,0.79,0.0337,0.126,0.0188,NA,"K26609",0.999598920863309,1,FALSE,FALSE,FALSE,FALSE
"K00132",0.0148,0,0.00187,0.334,0.106,0.217,NA,"K00132",0.100678387096774,1,FALSE,FALSE,FALSE,FALSE
"K04027",0.0148,0,0.00187,0.334,0.106,0.217,NA,"K04027",0.100678387096774,1,FALSE,FALSE,FALSE,FALSE
"K21000",0.0887,0,0.0939,0.178,0.106,0.118,NA,"K21000",0.612982138200782,1,FALSE,FALSE,FALSE,FALSE
"K09459",0.0493,0,0.759,0.0353,0.115,0.0217,NA,"K09459",0.999598920863309,1,FALSE,FALSE,FALSE,FALSE
"K01841",0.0542,0,0.743,0.0346,0.105,0.0231,NA,"K01841",0.999598920863309,1,FALSE,FALSE,FALSE,FALSE
"K20488",0.0542,0,0.403,-0.141,0.169,0.059,NA,"K20488",0.994490389354362,1,FALSE,FALSE,FALSE,FALSE
"K01678",0.0148,0,0.602,0.0626,0.12,0.0368,NA,"K01678",0.999598920863309,1,FALSE,FALSE,FALSE,FALSE
"K01677",0.0197,0,0.756,0.0369,0.118,0.022,NA,"K01677",0.999598920863309,1,FALSE,FALSE,FALSE,FALSE
"K24411",0.0296,0,0.467,0.115,0.157,0.0513,NA,"K24411",0.999598920863309,1,FALSE,FALSE,FALSE,FALSE
"K20268",0.0148,0,0.168,0.295,0.213,0.0972,NA,"K20268",0.775992619926199,1,FALSE,FALSE,FALSE,FALSE
"K14333",0.0197,0,0.838,-0.0417,0.203,0.0144,NA,"K14333",0.999598920863309,1,FALSE,FALSE,FALSE,FALSE
"K24954",0.0443,0,0.225,-0.0951,0.0781,0.0855,NA,"K24954",0.87534965034965,1,FALSE,FALSE,FALSE,FALSE
"K24955",0.0443,0,0.131,-0.131,0.0862,0.106,NA,"K24955",0.70151550802139,1,FALSE,FALSE,FALSE,FALSE
"K19163",0.0493,0,0.99,0.00096,0.0778,0.000871,NA,"K19163",0.999598920863309,1,FALSE,FALSE,FALSE,FALSE
"K02182",0.064,0,0.0684,0.208,0.113,0.128,NA,"K02182",0.563005997001499,1,FALSE,FALSE,FALSE,FALSE
"K08282",0.0443,0,0.946,-0.0118,0.175,0.00475,NA,"K08282",0.999598920863309,1,FALSE,FALSE,FALSE,FALSE
"K04940",0.143,0,0.953,0.00373,0.0633,0.00416,NA,"K04940",0.999598920863309,1,FALSE,FALSE,FALSE,FALSE
"K13574",0.069,0,0.52,-0.101,0.157,0.0454,NA,"K13574",0.999598920863309,1,FALSE,FALSE,FALSE,FALSE
"K25184",0.0443,0,0.389,0.253,0.293,0.0608,NA,"K25184,K25187,K25188,K25189,K25190",0.987689148073022,1,FALSE,FALSE,FALSE,FALSE
"K17939",0.0197,0,0.141,-0.205,0.139,0.104,NA,"K17939",0.718175757575757,1,FALSE,FALSE,FALSE,FALSE
"K06984",0.0394,0,0.0524,0.553,0.283,0.136,NA,"K00200,K00201,K00202,K00672,K01499,K06913,K06914,K06984,K07072,K07144,K07749,K09154,K09733,K10714,K15740,K18853",0.539688934426229,1,FALSE,FALSE,FALSE,FALSE
"K17830",0.0197,0,0.708,0.049,0.131,0.0264,NA,"K17830",0.999598920863309,1,FALSE,FALSE,FALSE,FALSE
"K09128",0.0148,0,0.463,-0.161,0.219,0.0518,NA,"K09128",0.999598920863309,1,FALSE,FALSE,FALSE,FALSE
"K25517",0.0394,0,0.549,-0.0494,0.0824,0.0423,NA,"K25517",0.999598920863309,1,FALSE,FALSE,FALSE,FALSE
"K01577",0.0296,0,0.431,0.14,0.178,0.0556,NA,"K01577",0.999598920863309,1,FALSE,FALSE,FALSE,FALSE
"K18578",0.0296,0,0.577,0.105,0.188,0.0394,NA,"K18578",0.999598920863309,1,FALSE,FALSE,FALSE,FALSE
"K15223",0.0148,0,0.679,-0.235,0.567,0.0292,NA,"K15223",0.999598920863309,1,FALSE,FALSE,FALSE,FALSE
"K00772",0.0493,0,0.769,-0.0578,0.197,0.0207,NA,"K00772",0.999598920863309,1,FALSE,FALSE,FALSE,FALSE
"K26601",0.0296,0,0.947,0.00863,0.13,0.00469,NA,"K26601",0.999598920863309,1,FALSE,FALSE,FALSE,FALSE
"K22616",0.0197,0,0.268,-0.501,0.451,0.0781,NA,"K22616",0.91408446866485,1,FALSE,FALSE,FALSE,FALSE
"K09960",0.0345,0,0.932,-0.00677,0.0792,0.00603,NA,"K09960",0.999598920863309,1,FALSE,FALSE,FALSE,FALSE
"K19731",0.0296,0,0.638,-0.0643,0.136,0.0332,NA,"K19731",0.999598920863309,1,FALSE,FALSE,FALSE,FALSE
"K17725",0.0591,0,0.311,0.0971,0.0956,0.0714,NA,"K17725",0.950168352171327,1,FALSE,FALSE,FALSE,FALSE
"K21678",0.0345,0,0.067,1.29,0.699,0.129,NA,"K00091,K06045,K07492,K13543,K18373,K18374,K18379,K18380,K18381,K21678,K22895",0.563005997001499,1,FALSE,FALSE,FALSE,FALSE
"K21393",0.0936,0,0.634,0.0382,0.0801,0.0336,NA,"K21393",0.999598920863309,1,FALSE,FALSE,FALSE,FALSE
"K05819",0.123,0,0.185,-0.078,0.0586,0.0934,NA,"K05819",0.802681975736568,1,FALSE,FALSE,FALSE,FALSE
"K21802",0.108,0,0.756,-0.0189,0.0609,0.0219,NA,"K21802",0.999598920863309,1,FALSE,FALSE,FALSE,FALSE
"K13060",0.0345,0,0.076,-0.34,0.191,0.125,NA,"K13060,K18304",0.566267857142857,1,FALSE,FALSE,FALSE,FALSE
"K03285",0.0394,0,0.519,0.48,0.742,0.0456,NA,"K03285",0.999598920863309,1,FALSE,FALSE,FALSE,FALSE
"K20250",0.0148,0,0.702,-0.0538,0.14,0.027,NA,"K20250",0.999598920863309,1,FALSE,FALSE,FALSE,FALSE
"K22704",0.0197,0,0.505,0.127,0.19,0.0471,NA,"K14658,K14659,K14666,K22704",0.999598920863309,1,FALSE,FALSE,FALSE,FALSE
"K23016",0.064,0,0.65,0.0907,0.2,0.0321,NA,"K23016",0.999598920863309,1,FALSE,FALSE,FALSE,FALSE
"K08677",0.0493,0,0.843,0.0365,0.184,0.014,NA,"K08677",0.999598920863309,1,FALSE,FALSE,FALSE,FALSE
"K11192",0.0493,0,0.654,0.063,0.14,0.0316,NA,"K11192",0.999598920863309,1,FALSE,FALSE,FALSE,FALSE
"K19622",0.0296,0,0.0433,0.693,0.341,0.142,NA,"K19622",0.493872272727273,1,FALSE,FALSE,FALSE,FALSE
"K20277",0.0246,0,0.963,0.00895,0.191,0.0033,NA,"K20277",0.999598920863309,1,FALSE,FALSE,FALSE,FALSE
"K16856",0.0739,0,0.812,-0.0217,0.0913,0.0168,NA,"K16856",0.999598920863309,1,FALSE,FALSE,FALSE,FALSE
"K07230",0.133,0,0.388,0.0697,0.0806,0.0609,NA,"K07230",0.987689148073022,1,FALSE,FALSE,FALSE,FALSE
"K12141",0.0296,0,0.643,-0.0586,0.126,0.0327,NA,"K12140,K12141",0.999598920863309,1,FALSE,FALSE,FALSE,FALSE
"K11474",0.0837,0,0.658,0.0508,0.115,0.0313,NA,"K11474",0.999598920863309,1,FALSE,FALSE,FALSE,FALSE
"K19164",0.0591,0,0.774,0.0225,0.0784,0.0203,NA,"K19164",0.999598920863309,1,FALSE,FALSE,FALSE,FALSE
"K08178",0.0493,0,0.472,0.103,0.142,0.0507,NA,"K08178",0.999598920863309,1,FALSE,FALSE,FALSE,FALSE
"K24707",0.0443,0,0.14,0.621,0.419,0.104,NA,"K24707",0.718175757575757,1,FALSE,FALSE,FALSE,FALSE
"K23271",0.0542,0,0.463,0.159,0.216,0.0518,NA,"K23271",0.999598920863309,1,FALSE,FALSE,FALSE,FALSE
"K20429",0.0443,0,0.461,0.169,0.229,0.052,NA,"K20429",0.999598920863309,1,FALSE,FALSE,FALSE,FALSE
"K24087",0.0246,0,0.937,-0.0138,0.175,0.00556,NA,"K24087,K28274",0.999598920863309,1,FALSE,FALSE,FALSE,FALSE
"K23015",0.0246,0,0.955,-0.0192,0.342,0.00396,NA,"K16696,K16700,K16708,K16709,K18819,K23015,K25957,K25958",0.999598920863309,1,FALSE,FALSE,FALSE,FALSE
"K12291",0.0296,0,0.948,-0.0136,0.208,0.00461,NA,"K00048,K12291",0.999598920863309,1,FALSE,FALSE,FALSE,FALSE
"K09473",0.0345,0,0.853,-0.0301,0.162,0.0131,NA,"K09473",0.999598920863309,1,FALSE,FALSE,FALSE,FALSE
"K00737",0.0148,0,0.964,-0.0128,0.286,0.00316,NA,"K00737,K19155",0.999598920863309,1,FALSE,FALSE,FALSE,FALSE
"K23238",0.0394,0,0.777,-0.0527,0.186,0.02,NA,"K23238",0.999598920863309,1,FALSE,FALSE,FALSE,FALSE
"K28214",0.0443,0,0.933,-0.00936,0.11,0.00597,NA,"K28214",0.999598920863309,1,FALSE,FALSE,FALSE,FALSE
"K01093",0.0246,0,0.992,0.00143,0.148,0.000682,NA,"K01093",0.999598920863309,1,FALSE,FALSE,FALSE,FALSE
"K19734",0.0148,0,0.0283,-0.315,0.142,0.154,NA,"K19734,K22956",0.417988495575221,1,FALSE,FALSE,FALSE,FALSE
"K12944",0.0739,0,0.943,-0.00614,0.0865,0.00501,NA,"K12944",0.999598920863309,1,FALSE,FALSE,FALSE,FALSE
"K14596",0.0443,0,0.854,-0.0319,0.173,0.013,NA,"K14596",0.999598920863309,1,FALSE,FALSE,FALSE,FALSE
"K23721",0.0296,0,0.431,-0.104,0.132,0.0556,NA,"K23721",0.999598920863309,1,FALSE,FALSE,FALSE,FALSE
"K11082",0.0246,0,0.98,0.00368,0.146,0.00177,NA,"K11081,K11082,K11084",0.999598920863309,1,FALSE,FALSE,FALSE,FALSE
"K11083",0.0197,0,0.875,-0.0232,0.148,0.0111,NA,"K11083",0.999598920863309,1,FALSE,FALSE,FALSE,FALSE
"K15547",0.0542,0,0.65,0.0339,0.0748,0.032,NA,"K15547",0.999598920863309,1,FALSE,FALSE,FALSE,FALSE
"K15549",0.0591,0,0.224,0.0953,0.0782,0.0857,NA,"K15549",0.87534965034965,1,FALSE,FALSE,FALSE,FALSE
"K28520",0.0148,0,0.427,0.116,0.145,0.0561,NA,"K28520",0.998606694560669,1,FALSE,FALSE,FALSE,FALSE
"K08196",0.0443,0,0.428,0.112,0.141,0.056,NA,"K08196",0.998606694560669,1,FALSE,FALSE,FALSE,FALSE
"K05817",0.0443,0,0.938,-0.00921,0.118,0.00549,NA,"K05817",0.999598920863309,1,FALSE,FALSE,FALSE,FALSE
"K16878",0.0148,0,0.104,0.289,0.177,0.115,NA,"K16878",0.635809523809524,1,FALSE,FALSE,FALSE,FALSE
"K16874",0.0246,0,0.229,0.145,0.12,0.0849,NA,"K16874",0.878622988505747,1,FALSE,FALSE,FALSE,FALSE
"K16707",0.0197,0,0.984,-0.00323,0.164,0.00139,NA,"K16707",0.999598920863309,1,FALSE,FALSE,FALSE,FALSE
"K13277",0.0296,0,0.00148,-1.44,0.448,0.222,NA,"K13277",0.0914859259259259,1,FALSE,FALSE,TRUE,FALSE
"K01216",0.0394,0,0.0223,0.322,0.14,0.16,NA,"K01216",0.376353973509934,1,FALSE,FALSE,FALSE,FALSE
"K08164",0.064,0,0.146,0.232,0.159,0.102,NA,"K08164",0.721640671273445,1,FALSE,FALSE,FALSE,FALSE
"K23984",0.0148,0,0.502,-0.103,0.153,0.0474,NA,"K23984",0.999598920863309,1,FALSE,FALSE,FALSE,FALSE
"K03481",0.0296,0,0.611,0.0894,0.176,0.0359,NA,"K03481",0.999598920863309,1,FALSE,FALSE,FALSE,FALSE
"K25617",0.0296,0,0.00148,-1.44,0.448,0.222,NA,"K25617",0.0914859259259259,1,FALSE,FALSE,TRUE,FALSE
"K25619",0.0296,0,0.00148,-1.44,0.448,0.222,NA,"K25619",0.0914859259259259,1,FALSE,FALSE,TRUE,FALSE
"K13276",0.0443,0,0.793,0.0316,0.12,0.0185,NA,"K13276",0.999598920863309,1,FALSE,FALSE,FALSE,FALSE
"K19355",0.0345,0,0.153,-0.281,0.196,0.101,NA,"K19355",0.738026011560694,1,FALSE,FALSE,FALSE,FALSE
"K17734",0.0296,0,0.00148,-1.44,0.448,0.222,NA,"K17734",0.0914859259259259,1,FALSE,FALSE,TRUE,FALSE
"K17195",0.0493,0,0.586,-0.0733,0.134,0.0385,NA,"K17195",0.999598920863309,1,FALSE,FALSE,FALSE,FALSE
"K25673",0.0443,0,0.179,-0.502,0.373,0.0946,NA,"K22301,K25673",0.794550531914894,1,FALSE,FALSE,FALSE,FALSE
"K16918",0.0296,0,0.00148,-1.44,0.448,0.222,NA,"K16918",0.0914859259259259,1,FALSE,FALSE,TRUE,FALSE
"K16920",0.0296,0,0.00148,-1.44,0.448,0.222,NA,"K16920",0.0914859259259259,1,FALSE,FALSE,TRUE,FALSE
"K24072",0.0296,0,0.0905,-0.637,0.375,0.119,NA,"K24072",0.602157631578947,1,FALSE,FALSE,FALSE,FALSE
"K22299",0.0542,0,0.317,0.167,0.166,0.0706,NA,"K22299",0.950168352171327,1,FALSE,FALSE,FALSE,FALSE
"K19429",0.0345,0,0.964,-0.00779,0.173,0.00318,NA,"K19429",0.999598920863309,1,FALSE,FALSE,FALSE,FALSE
"K21493",0.0394,0,0.266,0.115,0.103,0.0784,NA,"K21493",0.91285949280329,1,FALSE,FALSE,FALSE,FALSE
"K21701",0.0493,0,0.0313,-1.05,0.485,0.151,NA,"K21701",0.436543454038997,1,FALSE,FALSE,FALSE,FALSE
"K16423",0.0148,0,0.0169,-0.303,0.126,0.168,NA,"K16423",0.329254085603113,1,FALSE,FALSE,FALSE,FALSE
"K25271",0.0345,0,0.55,-0.0491,0.082,0.0422,NA,"K25271",0.999598920863309,1,FALSE,FALSE,FALSE,FALSE
"K25272",0.0394,0,0.548,-0.048,0.0798,0.0424,NA,"K25272",0.999598920863309,1,FALSE,FALSE,FALSE,FALSE
"K12055",0.0246,0,0.00496,-0.28,0.0985,0.196,NA,"K12055",0.163386315789474,1,FALSE,FALSE,FALSE,FALSE
"K25904",0.0345,0,0.285,0.0843,0.0786,0.0754,NA,"K25904",0.92746243523316,1,FALSE,FALSE,FALSE,FALSE
"K25903",0.0246,0,0.455,0.0671,0.0898,0.0527,NA,"K25903",0.999598920863309,1,FALSE,FALSE,FALSE,FALSE
"K11912",0.0936,0,0.938,0.00632,0.0806,0.00553,NA,"K11912",0.999598920863309,1,FALSE,FALSE,FALSE,FALSE
"K24867",0.069,0,0.421,-0.0794,0.0985,0.0568,NA,"K15864,K19344,K19345,K22225,K24867,K24868",0.998553765987684,1,FALSE,FALSE,FALSE,FALSE
"K18295",0.069,0,0.266,-0.118,0.106,0.0784,NA,"K18295",0.91285949280329,1,FALSE,FALSE,FALSE,FALSE
"K21495",0.108,0,0.257,0.0635,0.0558,0.08,NA,"K21495",0.906835095137421,1,FALSE,FALSE,FALSE,FALSE
"K11623",0.0197,0,0.974,-0.00374,0.115,0.0023,NA,"K11623,K11624",0.999598920863309,1,FALSE,FALSE,FALSE,FALSE
"K25599",0.0246,0,0.556,-0.509,0.863,0.0415,NA,"K00701,K01062,K01227,K03340,K03856,K08260,K17077,K21142,K23059,K25599",0.999598920863309,1,FALSE,FALSE,FALSE,FALSE
"K20435",0.0148,0,0.319,0.164,0.164,0.0702,NA,"K20435",0.950168352171327,1,FALSE,FALSE,FALSE,FALSE
"K26741",0.0345,0,0.293,0.179,0.17,0.0741,NA,"K20460,K26741",0.933454660748256,1,FALSE,FALSE,FALSE,FALSE
"K08168",0.0345,0,0.578,-0.0703,0.126,0.0393,NA,"K08168",0.999598920863309,1,FALSE,FALSE,FALSE,FALSE
"K20922",0.0296,0,0.985,0.00155,0.0808,0.00136,NA,"K20922",0.999598920863309,1,FALSE,FALSE,FALSE,FALSE
"K07669",0.0296,0,0.707,0.257,0.682,0.0266,NA,"K07669",0.999598920863309,1,FALSE,FALSE,FALSE,FALSE
"K20199",0.0345,0,0.966,-0.00676,0.158,0.00302,NA,"K20199",0.999598920863309,1,FALSE,FALSE,FALSE,FALSE
"K25671",0.0148,0,0.00362,0.421,0.143,0.203,NA,"K25670,K25671",0.138361374045802,1,FALSE,FALSE,FALSE,FALSE
"K21298",0.0296,0,0.084,-0.257,0.148,0.122,NA,"K21298",0.589635524475524,1,FALSE,FALSE,FALSE,FALSE
"K08869",0.0394,0,0.035,0.346,0.163,0.148,NA,"K08869",0.452952835051546,1,FALSE,FALSE,FALSE,FALSE
"K23374",0.0197,0,0.94,0.0113,0.15,0.0053,NA,"K23374,K23375",0.999598920863309,1,FALSE,FALSE,FALSE,FALSE
"K20461",0.0443,0,0.339,0.148,0.154,0.0674,NA,"K20459,K20461",0.962031561461794,1,FALSE,FALSE,FALSE,FALSE
"K17880",0.0345,0,0.834,-0.0351,0.167,0.0148,NA,"K17880",0.999598920863309,1,FALSE,FALSE,FALSE,FALSE
"K18786",0.0148,0,0.566,0.167,0.29,0.0405,NA,"K18786",0.999598920863309,1,FALSE,FALSE,FALSE,FALSE
"K17803",0.0148,0,1.22e-06,-0.769,0.154,0.333,NA,"K06928,K17803",0.000872648571428571,0.00610854,TRUE,TRUE,TRUE,TRUE
"K25814",0.0246,0,0.988,-0.00257,0.171,0.00106,NA,"K25814",0.999598920863309,1,FALSE,FALSE,FALSE,FALSE
"K07813",0.0345,0,0.0309,0.341,0.157,0.152,NA,"K07813",0.435820563380282,1,FALSE,FALSE,FALSE,FALSE
"K10674",0.0394,0,0.507,-0.229,0.344,0.0468,NA,"K10674",0.999598920863309,1,FALSE,FALSE,FALSE,FALSE
"K28794",0.0148,0,0.000166,0.477,0.124,0.261,NA,"K28794",0.0230878333333333,0.831162,TRUE,FALSE,TRUE,FALSE
"K18814",0.0246,0,0.266,0.147,0.132,0.0784,NA,"K18814",0.91285949280329,1,FALSE,FALSE,FALSE,FALSE
"K07008",0.0197,0,0.512,-0.101,0.154,0.0463,NA,"K07008",0.999598920863309,1,FALSE,FALSE,FALSE,FALSE
"K21164",0.0246,0,2.26e-05,0.502,0.116,0.293,NA,"K21164",0.00648128333333333,0.1131582,TRUE,FALSE,TRUE,FALSE
"K15654",0.0197,0,0.794,-0.0433,0.166,0.0184,NA,"K15654",0.999598920863309,1,FALSE,FALSE,FALSE,FALSE
"K26858",0.0148,0,0.0217,-0.313,0.135,0.161,NA,"K26858",0.370825597269625,1,FALSE,FALSE,FALSE,FALSE
"K24288",0.0148,0,0.544,0.101,0.165,0.0429,NA,"K24288",0.999598920863309,1,FALSE,FALSE,FALSE,FALSE
"K22618",0.118,0,0.0308,0.242,0.112,0.152,NA,"K22618",0.435820563380282,1,FALSE,FALSE,FALSE,FALSE
"K18650",0.0148,0,0.652,0.0924,0.204,0.0319,NA,"K18650",0.999598920863309,1,FALSE,FALSE,FALSE,FALSE
"K18277",0.0493,0,0.878,-0.0164,0.106,0.0109,NA,"K18277",0.999598920863309,1,FALSE,FALSE,FALSE,FALSE
"K00480",0.0296,0,0.17,0.116,0.0842,0.0967,NA,"K00480",0.780908256880734,1,FALSE,FALSE,FALSE,FALSE
"K24084",0.0197,0,0.1,0.163,0.0986,0.116,NA,"K24084",0.630604534005038,1,FALSE,FALSE,FALSE,FALSE
"K27873",0.0148,0,0.5,-0.0875,0.129,0.0476,NA,"K27873",0.999598920863309,1,FALSE,FALSE,FALSE,FALSE
"K25099",0.069,0,0.331,0.369,0.378,0.0686,NA,"K01266,K04708,K16327,K19733,K20816,K22968,K25096,K25097,K25098,K25099,K25883",0.958482857142857,1,FALSE,FALSE,FALSE,FALSE
"K01593",0.0788,0,0.00892,0.586,0.222,0.183,NA,"K01593",0.230218762886598,1,FALSE,FALSE,FALSE,FALSE
"K18552",0.0739,0,0.858,-0.0464,0.259,0.0126,NA,"K18552",0.999598920863309,1,FALSE,FALSE,FALSE,FALSE
"K06118",0.0739,0,0.643,0.145,0.311,0.0328,NA,"K06118",0.999598920863309,1,FALSE,FALSE,FALSE,FALSE
"K22216",0.0887,0,0.261,-0.301,0.267,0.0793,NA,"K22216",0.909732316227462,1,FALSE,FALSE,FALSE,FALSE
"K19732",0.064,0,0.807,0.0353,0.144,0.0173,NA,"K19732",0.999598920863309,1,FALSE,FALSE,FALSE,FALSE
"K22955",0.0542,0,0.286,0.103,0.0961,0.0753,NA,"K22955",0.92746243523316,1,FALSE,FALSE,FALSE,FALSE
"K07766",0.0148,0,0.883,-0.0232,0.158,0.0104,NA,"K07766",0.999598920863309,1,FALSE,FALSE,FALSE,FALSE
"K11725",0.0197,0,0.994,-0.00105,0.141,0.000524,NA,"K00539,K11725,K28789",0.999598920863309,1,FALSE,FALSE,FALSE,FALSE
"K11816",0.0542,0,0.33,0.105,0.107,0.0687,NA,"K11816",0.958482857142857,1,FALSE,FALSE,FALSE,FALSE
"K00317",0.0246,0,0.983,0.00281,0.128,0.00155,NA,"K00317",0.999598920863309,1,FALSE,FALSE,FALSE,FALSE
"K00596",0.0296,0,0.968,0.00444,0.111,0.00283,NA,"K00596",0.999598920863309,1,FALSE,FALSE,FALSE,FALSE
"K08691",0.0246,0,0.453,-0.449,0.597,0.053,NA,"K08691",0.999598920863309,1,FALSE,FALSE,FALSE,FALSE
"K24846",0.0246,0,0.852,-0.0236,0.126,0.0132,NA,"K24846",0.999598920863309,1,FALSE,FALSE,FALSE,FALSE
"K14447",0.0197,0,0.647,0.456,0.993,0.0324,NA,"K14447,K14449,K14451,K14660",0.999598920863309,1,FALSE,FALSE,FALSE,FALSE
"K14446",0.0246,0,0.221,0.884,0.72,0.0863,NA,"K14446",0.872671135646688,1,FALSE,FALSE,FALSE,FALSE
"K16843",0.0148,0,0.608,-0.118,0.231,0.0362,NA,"K16843",0.999598920863309,1,FALSE,FALSE,FALSE,FALSE
"K25775",0.0246,0,0.016,-0.375,0.154,0.169,NA,"K25775",0.317372834645669,1,FALSE,FALSE,FALSE,FALSE
"K11739",0.0739,0,0.998,-0.000218,0.0825,0.000186,NA,"K11739",0.999598920863309,1,FALSE,FALSE,FALSE,FALSE
"K26976",0.069,0,0.682,-0.0229,0.0559,0.0289,NA,"K26976",0.999598920863309,1,FALSE,FALSE,FALSE,FALSE
"K20273",0.0148,0,0.411,-0.209,0.254,0.058,NA,"K20273",0.995165229885058,1,FALSE,FALSE,FALSE,FALSE
"K21022",0.0788,0,0.302,-0.0971,0.0938,0.0728,NA,"K21022",0.941328385899814,1,FALSE,FALSE,FALSE,FALSE
"K18028",0.0345,0,0.579,-0.0489,0.088,0.0392,NA,"K15357,K18028",0.999598920863309,1,FALSE,FALSE,FALSE,FALSE
"K17229",0.0148,0,0.00255,-0.58,0.19,0.211,NA,"K17229",0.121868490566038,1,FALSE,FALSE,FALSE,FALSE
"K21607",0.0197,0,0.952,-0.0152,0.249,0.0043,NA,"K21607",0.999598920863309,1,FALSE,FALSE,FALSE,FALSE
"K21014",0.0197,0,0.0678,-0.303,0.165,0.128,NA,"K21014",0.563005997001499,1,FALSE,FALSE,FALSE,FALSE
"K10215",0.0837,0,0.052,-0.329,0.168,0.137,NA,"K10215",0.539688934426229,1,FALSE,FALSE,FALSE,FALSE
"K14974",0.0246,0,0.916,-0.00991,0.0935,0.00748,NA,"K14974",0.999598920863309,1,FALSE,FALSE,FALSE,FALSE
"K01459",0.0148,0,0.953,-0.00875,0.148,0.00416,NA,"K01459",0.999598920863309,1,FALSE,FALSE,FALSE,FALSE
"K10300",0.0394,0,0.033,-0.155,0.0722,0.15,NA,"K10300",0.43944414893617,1,FALSE,FALSE,FALSE,FALSE
"K13670",0.0345,0,0.414,-0.0698,0.0853,0.0576,NA,"K13670",0.995165229885058,1,FALSE,FALSE,FALSE,FALSE
"K18700",0.0591,0,0.827,-0.0171,0.0781,0.0155,NA,"K18700",0.999598920863309,1,FALSE,FALSE,FALSE,FALSE
"K07546",0.064,0,0.37,0.0603,0.0671,0.0632,NA,"K07546",0.97633889468196,1,FALSE,FALSE,FALSE,FALSE
"K27041",0.0591,0,0.451,-0.253,0.335,0.0531,NA,"K18135,K27041",0.999598920863309,1,FALSE,FALSE,FALSE,FALSE
"K06600",0.0591,0,0.656,-0.0627,0.141,0.0315,NA,"K06600",0.999598920863309,1,FALSE,FALSE,FALSE,FALSE
"K16051",0.0296,0,0.996,-0.00049,0.0891,0.000388,NA,"K16051",0.999598920863309,1,FALSE,FALSE,FALSE,FALSE
"K19711",0.0493,0,0.108,-0.543,0.336,0.113,NA,"K19711",0.646837320574163,1,FALSE,FALSE,FALSE,FALSE
"K20949",0.0197,0,0.435,-0.0844,0.108,0.0551,NA,"K20949",0.999598920863309,1,FALSE,FALSE,FALSE,FALSE
"K20948",0.0394,0,0.621,0.0332,0.0671,0.0349,NA,"K20948",0.999598920863309,1,FALSE,FALSE,FALSE,FALSE
"K02661",0.069,0,0.373,-0.217,0.243,0.0628,NA,"K02661",0.97633889468196,1,FALSE,FALSE,FALSE,FALSE
"K21758",0.0837,0,0.96,-0.004,0.08,0.00353,NA,"K21758",0.999598920863309,1,FALSE,FALSE,FALSE,FALSE
"K11917",0.069,0,0.783,-0.0289,0.104,0.0195,NA,"K11917",0.999598920863309,1,FALSE,FALSE,FALSE,FALSE
"K22347",0.0148,0,0.809,-0.0379,0.156,0.0171,NA,"K22347",0.999598920863309,1,FALSE,FALSE,FALSE,FALSE
"K25035",0.0542,0,0.599,0.0792,0.15,0.0371,NA,"K25035",0.999598920863309,1,FALSE,FALSE,FALSE,FALSE
"K04034",0.0345,0,0.349,-0.075,0.0798,0.0661,NA,"K04034",0.962248348017621,1,FALSE,FALSE,FALSE,FALSE
"K08481",0.0148,0,0.219,-0.212,0.172,0.0867,NA,"K08481",0.867510284810127,1,FALSE,FALSE,FALSE,FALSE
"K14623",0.0197,0,0.898,-0.016,0.125,0.00905,NA,"K14623",0.999598920863309,1,FALSE,FALSE,FALSE,FALSE
"K08721",0.0443,0,0.429,0.188,0.237,0.0558,NA,"K08721",0.998606694560669,1,FALSE,FALSE,FALSE,FALSE
"K18296",0.064,0,0.537,-0.0861,0.139,0.0436,NA,"K18296",0.999598920863309,1,FALSE,FALSE,FALSE,FALSE
"K07544",0.0197,0,0.576,-0.0923,0.165,0.0395,NA,"K07544",0.999598920863309,1,FALSE,FALSE,FALSE,FALSE
"K18148",0.0591,0,0.479,0.0683,0.0963,0.05,NA,"K18148",0.999598920863309,1,FALSE,FALSE,FALSE,FALSE
"K21020",0.0493,0,0.257,0.372,0.327,0.0799,NA,"K21020",0.906835095137421,1,FALSE,FALSE,FALSE,FALSE
"K26973",0.0591,0,0.76,-0.0174,0.0569,0.0216,NA,"K26973",0.999598920863309,1,FALSE,FALSE,FALSE,FALSE
"K26974",0.064,0,0.41,-0.0491,0.0594,0.0582,NA,"K26974",0.995165229885058,1,FALSE,FALSE,FALSE,FALSE
"K26975",0.064,0,0.41,-0.0491,0.0594,0.0582,NA,"K26975",0.995165229885058,1,FALSE,FALSE,FALSE,FALSE
"K26977",0.0591,0,0.392,-0.0515,0.06,0.0604,NA,"K26977",0.98829003021148,1,FALSE,FALSE,FALSE,FALSE
"K07318",0.0246,0,0.38,-0.0904,0.103,0.0619,NA,"K07318",0.981258380608561,1,FALSE,FALSE,FALSE,FALSE
"K13016",0.0246,0,0.0152,-0.275,0.113,0.17,NA,"K13016",0.30688064516129,1,FALSE,FALSE,FALSE,FALSE
"K01535",0.0394,0,0.901,0.0124,0.0994,0.00883,NA,"K01535",0.999598920863309,1,FALSE,FALSE,FALSE,FALSE
"K20947",0.0197,0,0.912,0.0102,0.092,0.00783,NA,"K20947",0.999598920863309,1,FALSE,FALSE,FALSE,FALSE
"K27195",0.0296,0,0.983,-0.00179,0.0839,0.00151,NA,"K27195",0.999598920863309,1,FALSE,FALSE,FALSE,FALSE
"K00518",0.0345,0,0.116,0.27,0.171,0.111,NA,"K00518",0.663785142857143,1,FALSE,FALSE,FALSE,FALSE
"K07821",0.0197,0,0.932,-0.015,0.175,0.00605,NA,"K07821,K08356",0.999598920863309,1,FALSE,FALSE,FALSE,FALSE
"K25886",0.0148,0,0.994,0.000714,0.0982,0.000512,NA,"K25886",0.999598920863309,1,FALSE,FALSE,FALSE,FALSE
"K21364",0.0148,0,0.959,0.00636,0.125,0.0036,NA,"K21364",0.999598920863309,1,FALSE,FALSE,FALSE,FALSE
"K28158",0.0788,0,0.948,0.00411,0.0633,0.00458,NA,"K28158",0.999598920863309,1,FALSE,FALSE,FALSE,FALSE
"K00590",0.0148,0,0.681,0.047,0.114,0.029,NA,"K00590",0.999598920863309,1,FALSE,FALSE,FALSE,FALSE
"K21379",0.0148,0,0.585,0.0553,0.101,0.0385,NA,"K21379",0.999598920863309,1,FALSE,FALSE,FALSE,FALSE
"K15876",0.0296,0,0.945,-0.01,0.146,0.00484,NA,"K15876",0.999598920863309,1,FALSE,FALSE,FALSE,FALSE
"K00469",0.0148,0,0.983,0.00832,0.385,0.00152,NA,"K00469",0.999598920863309,1,FALSE,FALSE,FALSE,FALSE
"K12954",0.0197,0,0.897,0.0222,0.171,0.00918,NA,"K12954",0.999598920863309,1,FALSE,FALSE,FALSE,FALSE
"K20327",0.0197,0,0.137,0.313,0.209,0.105,NA,"K20327",0.715285714285714,1,FALSE,FALSE,FALSE,FALSE
"K25589",0.0542,0,0.941,-0.00983,0.133,0.0052,NA,"K25589",0.999598920863309,1,FALSE,FALSE,FALSE,FALSE
"K07190",0.0148,0,0.29,0.781,0.736,0.0746,NA,"K01138,K01240,K07190,K25877",0.933181233933162,1,FALSE,FALSE,FALSE,FALSE
"K15359",0.0296,0,0.644,0.0377,0.0813,0.0326,NA,"K15359",0.999598920863309,1,FALSE,FALSE,FALSE,FALSE
"K00298",0.0197,0,0.271,0.112,0.101,0.0776,NA,"K00298",0.918343897505057,1,FALSE,FALSE,FALSE,FALSE
"K02479",0.0197,0,0.297,-0.298,0.285,0.0736,NA,"K02479",0.937829038340666,1,FALSE,FALSE,FALSE,FALSE
"K21681",0.0246,0,0.942,-0.00753,0.103,0.00516,NA,"K21681",0.999598920863309,1,FALSE,FALSE,FALSE,FALSE
"K28297",0.0197,0,0.927,0.0138,0.15,0.00647,NA,"K28297",0.999598920863309,1,FALSE,FALSE,FALSE,FALSE
"K20158",0.0148,0,0.833,0.0544,0.257,0.0149,NA,"K20158",0.999598920863309,1,FALSE,FALSE,FALSE,FALSE
"K27500",0.0148,0,0.935,-0.0123,0.151,0.00578,NA,"K27500",0.999598920863309,1,FALSE,FALSE,FALSE,FALSE
"K27674",0.0197,0,0.918,0.0154,0.149,0.00727,NA,"K27674",0.999598920863309,1,FALSE,FALSE,FALSE,FALSE
"K24101",0.0148,0,0.723,0.103,0.289,0.025,NA,"K24101",0.999598920863309,1,FALSE,FALSE,FALSE,FALSE
"K25623",0.0148,0,0.468,-0.127,0.175,0.0512,NA,"K25623",0.999598920863309,1,FALSE,FALSE,FALSE,FALSE
"K25621",0.0197,0,0.505,-0.081,0.121,0.047,NA,"K25621",0.999598920863309,1,FALSE,FALSE,FALSE,FALSE
"K22463",0.0148,0,0.0837,-0.262,0.151,0.122,NA,"K22463",0.589635524475524,1,FALSE,FALSE,FALSE,FALSE
"K20762",0.0197,0,0.16,-0.161,0.114,0.0989,NA,"K20762",0.755061262959472,1,FALSE,FALSE,FALSE,FALSE
"K23086",0.0197,0,0.542,0.124,0.203,0.0431,NA,"K23086",0.999598920863309,1,FALSE,FALSE,FALSE,FALSE
"K21961",0.0148,0,0.858,-0.0273,0.153,0.0126,NA,"K21961",0.999598920863309,1,FALSE,FALSE,FALSE,FALSE
"K00122",0.0148,0,0.38,-0.249,0.283,0.0619,NA,"K00122",0.981258380608561,1,FALSE,FALSE,FALSE,FALSE
"K18382",0.0345,0,0.967,0.0034,0.0828,0.0029,NA,"K18382",0.999598920863309,1,FALSE,FALSE,FALSE,FALSE
"K14358",0.0394,0,0.924,0.0174,0.182,0.00673,NA,"K14358",0.999598920863309,1,FALSE,FALSE,FALSE,FALSE
"K19126",0.0197,0,0.95,-0.00996,0.157,0.00447,NA,"K19046,K19123,K19124,K19125,K19126",0.999598920863309,1,FALSE,FALSE,FALSE,FALSE
"K03395",0.0148,0,0.954,-0.0209,0.363,0.00406,NA,"K03395",0.999598920863309,1,FALSE,FALSE,FALSE,FALSE
"K19165",0.0148,0,0.701,0.0581,0.151,0.0271,NA,"K19165",0.999598920863309,1,FALSE,FALSE,FALSE,FALSE
"K00984",0.0345,0,0.166,-0.189,0.136,0.0975,NA,"K00984",0.773173953488372,1,FALSE,FALSE,FALSE,FALSE
"K12987",0.0394,0,0.176,-0.143,0.105,0.0954,NA,"K12987",0.787517426273458,1,FALSE,FALSE,FALSE,FALSE
"K18131",0.0345,0,0.462,0.268,0.363,0.0519,NA,"K18131",0.999598920863309,1,FALSE,FALSE,FALSE,FALSE
"K06599",0.0443,0,0.162,-0.347,0.247,0.0985,NA,"K06599",0.759488764044944,1,FALSE,FALSE,FALSE,FALSE
"K19882",0.0148,0,0.954,0.0136,0.234,0.00409,NA,"K19882",0.999598920863309,1,FALSE,FALSE,FALSE,FALSE
"K26972",0.0296,0,0.673,-0.037,0.0877,0.0298,NA,"K26972",0.999598920863309,1,FALSE,FALSE,FALSE,FALSE
"K15373",0.0148,0,0.64,0.0935,0.199,0.0331,NA,"K15373",0.999598920863309,1,FALSE,FALSE,FALSE,FALSE
"K26980",0.0148,0,0.96,-0.00688,0.138,0.00351,NA,"K26980",0.999598920863309,1,FALSE,FALSE,FALSE,FALSE
"K28300",0.0148,0,0.718,0.0421,0.117,0.0255,NA,"K28300",0.999598920863309,1,FALSE,FALSE,FALSE,FALSE
"K16712",0.0148,0,0.705,-0.0404,0.107,0.0268,NA,"K16712",0.999598920863309,1,FALSE,FALSE,FALSE,FALSE
"K21512",0.0197,0,0.784,-0.0246,0.0897,0.0193,NA,"K21512",0.999598920863309,1,FALSE,FALSE,FALSE,FALSE
"K28267",0.0197,0,0.338,0.1,0.105,0.0676,NA,"K28267",0.962031561461794,1,FALSE,FALSE,FALSE,FALSE
"K20272",0.0197,0,0.459,0.0672,0.0905,0.0523,NA,"K20272",0.999598920863309,1,FALSE,FALSE,FALSE,FALSE
"K01009",0.0148,0,0.352,0.132,0.142,0.0657,NA,"K01009,K22424,K23148,K23150",0.963199455040872,1,FALSE,FALSE,FALSE,FALSE
"K06887",0.0148,0,0.411,0.0964,0.117,0.058,NA,"K06887",0.995165229885058,1,FALSE,FALSE,FALSE,FALSE
"K11077",0.0197,0,0.736,-0.0317,0.0938,0.0238,NA,"K11077,K11078,K11079,K11080",0.999598920863309,1,FALSE,FALSE,FALSE,FALSE
"K10673",0.0148,0,0.251,0.123,0.107,0.0809,NA,"K10673",0.900901075268817,1,FALSE,FALSE,FALSE,FALSE
