"variant","af","filter.pvalue","lrt.pvalue","beta","beta.std.err","variant_h2","notes","cluster_variants","p_adj_BH","p_adj_bonferroni","rejected_BH_005","rejected_bonferroni_005","rejected_BH_010","rejected_bonferroni_010"
"K03721",0.478,0,0.606,-0.0884,0.171,0.0364,NA,"K03721",0.957012260295505,1,FALSE,FALSE,FALSE,FALSE
"K03790",0.547,0,0.0421,0.214,0.105,0.143,NA,"K03790",0.443778315789474,1,FALSE,FALSE,FALSE,FALSE
"K20959",0.0296,0,0.411,-0.315,0.382,0.058,NA,"K06604,K10909,K10915,K10918,K10921,K10922,K11018,K12277,K12512,K12514,K12515,K20919,K20955,K20959,K20962,K20965,K28162",0.893563612679114,1,FALSE,FALSE,FALSE,FALSE
"K07274",0.507,0,0.969,0.00408,0.106,0.00271,NA,"K07274",0.994829403321714,1,FALSE,FALSE,FALSE,FALSE
"K03578",0.695,0,0.00886,-0.634,0.24,0.183,NA,"K03578,K13288",0.218532118226601,1,FALSE,FALSE,FALSE,FALSE
"K07003",0.399,0,0.491,-0.0877,0.127,0.0487,NA,"K07003",0.922836711711712,1,FALSE,FALSE,FALSE,FALSE
"K07216",0.177,0,0.0963,-0.192,0.115,0.117,NA,"K07216",0.657635820895522,1,FALSE,FALSE,FALSE,FALSE
"K07001",0.911,0,0.291,0.129,0.122,0.0744,NA,"K07001",0.831651877133106,1,FALSE,FALSE,FALSE,FALSE
"K13938",0.374,0,0.438,0.15,0.193,0.0548,NA,"K13938",0.906600248036379,1,FALSE,FALSE,FALSE,FALSE
"K01495",0.961,0,0.0185,-0.524,0.221,0.165,NA,"K01495",0.286778637770898,1,FALSE,FALSE,FALSE,FALSE
"K07589",0.32,0,0.636,0.0704,0.148,0.0334,NA,"K07589",0.964400969109631,1,FALSE,FALSE,FALSE,FALSE
"K01560",0.527,0,0.699,0.0306,0.079,0.0273,NA,"K01560",0.971062753583987,1,FALSE,FALSE,FALSE,FALSE
"K02073",0.803,0,0.275,0.114,0.104,0.0769,NA,"K02071,K02072,K02073",0.818253097345133,1,FALSE,FALSE,FALSE,FALSE
"K01061",0.823,0,0.766,0.0334,0.112,0.0211,NA,"K01061",0.976419045334613,1,FALSE,FALSE,FALSE,FALSE
"K08310",0.296,0,0.248,-0.121,0.105,0.0815,NA,"K08310",0.807895901106051,1,FALSE,FALSE,FALSE,FALSE
"K03651",0.798,0,0.986,-0.00175,0.0976,0.00126,NA,"K03651",0.99758246388443,1,FALSE,FALSE,FALSE,FALSE
"K01273",0.69,0,0.233,0.113,0.0944,0.0841,NA,"K01273",0.8009859437751,1,FALSE,FALSE,FALSE,FALSE
"K05952",0.271,0,0.473,-0.123,0.171,0.0507,NA,"K05952",0.921838808250573,1,FALSE,FALSE,FALSE,FALSE
"K06933",0.0443,0,0.364,-0.178,0.195,0.064,NA,"K06933",0.877913294797688,1,FALSE,FALSE,FALSE,FALSE
"K02030",0.897,0,0.837,0.0413,0.201,0.0145,NA,"K02030",0.983538840647735,1,FALSE,FALSE,FALSE,FALSE
"K03811",0.562,0,0.448,-0.0693,0.0911,0.0535,NA,"K03811",0.909625304136253,1,FALSE,FALSE,FALSE,FALSE
"K09824",0.291,0,0.0711,0.205,0.113,0.127,NA,"K09824",0.56959632,1,FALSE,FALSE,FALSE,FALSE
"K09964",0.493,0,0.394,-0.0725,0.0849,0.0601,NA,"K09964",0.889784691136974,1,FALSE,FALSE,FALSE,FALSE
"K10916",0.0591,0,0.533,0.176,0.282,0.044,NA,"K10916",0.945181052631579,1,FALSE,FALSE,FALSE,FALSE
"K15268",0.468,0,0.226,-0.101,0.0829,0.0853,NA,"K15268",0.797606315789474,1,FALSE,FALSE,FALSE,FALSE
"K09823",0.645,0,0.821,0.0474,0.209,0.016,NA,"K09823",0.979915852205006,1,FALSE,FALSE,FALSE,FALSE
"K04764",0.69,0,0.131,0.469,0.309,0.106,NA,"K02427,K03071,K03089,K03562,K03643,K03694,K04764,K05527,K06179,K06916,K07390,K07657,K07708,K08305,K08311",0.687801152737752,1,FALSE,FALSE,FALSE,FALSE
"K00569",0.325,0,0.94,-0.0107,0.141,0.00536,NA,"K00569",0.994829403321714,1,FALSE,FALSE,FALSE,FALSE
"K08289",0.522,0,0.0193,0.379,0.161,0.164,NA,"K08289",0.292833636363636,1,FALSE,FALSE,FALSE,FALSE
"K01489",0.719,0,0.0189,0.393,0.166,0.165,NA,"K01489",0.290283128834356,1,FALSE,FALSE,FALSE,FALSE
"K06518",0.611,0,0.969,-0.00444,0.115,0.00272,NA,"K06518",0.994829403321714,1,FALSE,FALSE,FALSE,FALSE
"K01141",0.507,0,0.203,-0.28,0.22,0.0896,NA,"K01141",0.771184370257967,1,FALSE,FALSE,FALSE,FALSE
"K15537",0.409,0,0.257,-0.0965,0.0849,0.0799,NA,"K15537",0.809307547169811,1,FALSE,FALSE,FALSE,FALSE
"K09912",0.429,0,0.971,0.007,0.192,0.00258,NA,"K09912",0.995256441717791,1,FALSE,FALSE,FALSE,FALSE
"K06956",0.571,0,0.743,-0.0408,0.124,0.0232,NA,"K06956",0.975729793356003,1,FALSE,FALSE,FALSE,FALSE
"K17290",0.64,0,0.574,0.0525,0.0932,0.0397,NA,"K17290",0.950486959392539,1,FALSE,FALSE,FALSE,FALSE
"K00768",0.562,0,0.000194,0.439,0.116,0.259,NA,"K00768",0.0255620526315789,0.971358,TRUE,FALSE,TRUE,FALSE
"K02233",0.567,0,0.00092,0.388,0.115,0.231,NA,"K02233",0.0648852328767123,1,FALSE,FALSE,TRUE,FALSE
"K02231",0.557,0,0.00019,0.484,0.127,0.259,NA,"K02231",0.0255620526315789,0.95133,TRUE,FALSE,TRUE,FALSE
"K08602",0.315,0,0.829,0.0392,0.181,0.0152,NA,"K08602",0.98039985862394,1,FALSE,FALSE,FALSE,FALSE
"K05526",0.438,0,0.421,0.171,0.212,0.0568,NA,"K05526",0.900062766865927,1,FALSE,FALSE,FALSE,FALSE
"K06073",0.143,0,0.121,-0.509,0.327,0.109,NA,"K03632,K03633,K03804,K06073,K06074,K08154,K08722,K09907",0.687801152737752,1,FALSE,FALSE,FALSE,FALSE
"K00344",0.906,0,0.264,0.146,0.13,0.0787,NA,"K00344",0.814447319778189,1,FALSE,FALSE,FALSE,FALSE
"K21712",0.143,0,0.705,0.0509,0.134,0.0267,NA,"K21712",0.971062753583987,1,FALSE,FALSE,FALSE,FALSE
"K00425",0.975,0,0.409,-0.149,0.18,0.0582,NA,"K00425",0.893563612679114,1,FALSE,FALSE,FALSE,FALSE
"K00426",0.98,0,0.327,-0.206,0.21,0.0691,NA,"K00426",0.852310775637689,1,FALSE,FALSE,FALSE,FALSE
"K00424",0.365,0,0.161,-0.209,0.148,0.0987,NA,"K00424",0.715285714285714,1,FALSE,FALSE,FALSE,FALSE
"K03825",0.453,0,0.166,0.109,0.0781,0.0975,NA,"K03825",0.725905676855895,1,FALSE,FALSE,FALSE,FALSE
"K09941",0.271,0,0.0297,-0.416,0.19,0.153,NA,"K09941",0.376475696202532,1,FALSE,FALSE,FALSE,FALSE
"K08224",0.823,0,0.553,-0.0435,0.0733,0.0419,NA,"K08224",0.949517436067752,1,FALSE,FALSE,FALSE,FALSE
"K07043",0.527,0,0.828,-0.036,0.165,0.0153,NA,"K07043",0.98039985862394,1,FALSE,FALSE,FALSE,FALSE
"K06970",0.502,0,0.815,0.0373,0.159,0.0165,NA,"K06970",0.977414371257485,1,FALSE,FALSE,FALSE,FALSE
"K02656",0.458,0,0.038,-0.381,0.183,0.146,NA,"K02656",0.43062460496614,1,FALSE,FALSE,FALSE,FALSE
"K00651",0.478,0,0.00767,0.482,0.179,0.187,NA,"K00651",0.209532065217391,1,FALSE,FALSE,FALSE,FALSE
"K01258",0.433,0,0.475,-0.114,0.159,0.0505,NA,"K01258",0.921838808250573,1,FALSE,FALSE,FALSE,FALSE
"K07733",0.429,0,0.848,-0.00998,0.0519,0.0136,NA,"K07733",0.987475550405562,1,FALSE,FALSE,FALSE,FALSE
"K03630",0.872,0,0.389,0.237,0.274,0.0608,NA,"K03630",0.889784691136974,1,FALSE,FALSE,FALSE,FALSE
"K07451",0.355,0,0.394,-0.0424,0.0497,0.0602,NA,"K07451",0.889784691136974,1,FALSE,FALSE,FALSE,FALSE
"K07448",0.355,0,0.863,-0.00817,0.0472,0.0122,NA,"K07448",0.989755813953488,1,FALSE,FALSE,FALSE,FALSE
"K01153",0.502,0,0.371,-0.0412,0.046,0.0631,NA,"K01153",0.879989661654135,1,FALSE,FALSE,FALSE,FALSE
"K01154",0.527,0,0.815,-0.0112,0.0479,0.0165,NA,"K01154",0.977414371257485,1,FALSE,FALSE,FALSE,FALSE
"K03427",0.547,0,0.639,-0.0222,0.0473,0.0331,NA,"K03427",0.966608157099698,1,FALSE,FALSE,FALSE,FALSE
"K02651",0.542,0,0.79,-0.0233,0.0874,0.0188,NA,"K02651",0.976419045334613,1,FALSE,FALSE,FALSE,FALSE
"K02278",0.32,0,0.56,0.0659,0.113,0.0412,NA,"K02278",0.949517436067752,1,FALSE,FALSE,FALSE,FALSE
"K02279",0.527,0,0.702,-0.0338,0.0883,0.027,NA,"K02279",0.971062753583987,1,FALSE,FALSE,FALSE,FALSE
"K02280",0.458,0,0.3,0.104,0.0997,0.0731,NA,"K02280",0.839146436525612,1,FALSE,FALSE,FALSE,FALSE
"K02283",0.621,0,0.787,0.0263,0.0972,0.0191,NA,"K02283",0.976419045334613,1,FALSE,FALSE,FALSE,FALSE
"K12510",0.581,0,0.763,0.0264,0.0875,0.0213,NA,"K12510",0.976419045334613,1,FALSE,FALSE,FALSE,FALSE
"K12511",0.502,0,0.976,0.00243,0.0805,0.00213,NA,"K12511",0.995687041564792,1,FALSE,FALSE,FALSE,FALSE
"K12513",0.493,0,0.609,0.058,0.113,0.0361,NA,"K12513",0.957081920903955,1,FALSE,FALSE,FALSE,FALSE
"K03442",0.547,0,0.371,-0.116,0.13,0.0631,NA,"K03442",0.879989661654135,1,FALSE,FALSE,FALSE,FALSE
"K20534",0.542,0,0.632,-0.0389,0.0811,0.0338,NA,"K20534",0.962708853057499,1,FALSE,FALSE,FALSE,FALSE
"K16089",0.31,0,0.639,-0.0349,0.0743,0.0331,NA,"K16089",0.966608157099698,1,FALSE,FALSE,FALSE,FALSE
"K02014",0.744,0,0.36,0.308,0.336,0.0646,NA,"K02014,K02523,K03474,K03559,K03561,K03634,K04744,K05807,K06215,K06346,K06960,K06994,K07177,K07277,K08681,K09762,K09772",0.874585152838428,1,FALSE,FALSE,FALSE,FALSE
"K21088",0.128,0,0.362,-0.101,0.111,0.0643,NA,"K21088",0.877315585672798,1,FALSE,FALSE,FALSE,FALSE
"K03829",0.542,0,0.382,0.0807,0.0921,0.0617,NA,"K03829",0.887140074211503,1,FALSE,FALSE,FALSE,FALSE
"K13274",0.163,0,0.241,0.24,0.204,0.0826,NA,"K13274",0.802852295409182,1,FALSE,FALSE,FALSE,FALSE
"K06895",0.788,0,0.84,-0.0203,0.101,0.0143,NA,"K06895",0.984522471910112,1,FALSE,FALSE,FALSE,FALSE
"K00799",0.695,0,0.031,0.622,0.286,0.151,NA,"K00799,K11209",0.384200495049505,1,FALSE,FALSE,FALSE,FALSE
"K03547",0.803,0,0.653,-0.0509,0.113,0.0317,NA,"K03547",0.969623665480427,1,FALSE,FALSE,FALSE,FALSE
"K03546",0.675,0,0.705,0.049,0.129,0.0267,NA,"K03546",0.971062753583987,1,FALSE,FALSE,FALSE,FALSE
"K07178",0.502,0,0.873,0.0204,0.127,0.0113,NA,"K07178",0.991417761667422,1,FALSE,FALSE,FALSE,FALSE
"K06876",0.305,0,0.85,0.0139,0.0735,0.0134,NA,"K06876",0.987475550405562,1,FALSE,FALSE,FALSE,FALSE
"K25656",0.217,0,0.0768,-0.235,0.132,0.124,NA,"K25656",0.587447416413374,1,FALSE,FALSE,FALSE,FALSE
"K02362",0.35,0,0.0414,0.214,0.104,0.143,NA,"K02362",0.441042127659575,1,FALSE,FALSE,FALSE,FALSE
"K10829",0.291,0,0.552,0.0678,0.114,0.042,NA,"K10829",0.949517436067752,1,FALSE,FALSE,FALSE,FALSE
"K23227",0.355,0,0.934,0.00847,0.102,0.00587,NA,"K23227",0.994829403321714,1,FALSE,FALSE,FALSE,FALSE
"K23228",0.35,0,0.784,0.0272,0.0995,0.0193,NA,"K23228",0.976419045334613,1,FALSE,FALSE,FALSE,FALSE
"K06159",0.172,0,0.976,0.00348,0.116,0.00211,NA,"K06159",0.995687041564792,1,FALSE,FALSE,FALSE,FALSE
"K05375",0.369,0,0.321,0.0902,0.0906,0.0701,NA,"K05375",0.849047543581616,1,FALSE,FALSE,FALSE,FALSE
"K03896",0.207,0,0.257,0.131,0.115,0.0799,NA,"K03896",0.809307547169811,1,FALSE,FALSE,FALSE,FALSE
"K10531",0.187,0,0.205,0.133,0.105,0.0893,NA,"K10531",0.774316728624535,1,FALSE,FALSE,FALSE,FALSE
"K02445",0.296,0,0.466,-0.0852,0.117,0.0515,NA,"K02445",0.921509478672986,1,FALSE,FALSE,FALSE,FALSE
"K01126",0.847,0,0.153,-0.164,0.114,0.101,NA,"K01126",0.701789757412399,1,FALSE,FALSE,FALSE,FALSE
"K06940",0.64,0,0.997,-0.000469,0.129,0.000256,NA,"K06940",0.998797921247252,1,FALSE,FALSE,FALSE,FALSE
"K00633",0.0591,0,0.339,-0.121,0.127,0.0674,NA,"K00633",0.858559939301973,1,FALSE,FALSE,FALSE,FALSE
"K00661",0.591,0,0.966,0.00303,0.0708,0.00301,NA,"K00661",0.994829403321714,1,FALSE,FALSE,FALSE,FALSE
"K16317",0.0246,0,0.867,-0.0635,0.379,0.0118,NA,"K00702,K07457,K13062,K15850,K16317,K17108,K20956",0.989755813953488,1,FALSE,FALSE,FALSE,FALSE
"K07089",0.369,0,0.673,-0.0342,0.0809,0.0298,NA,"K07089",0.971062753583987,1,FALSE,FALSE,FALSE,FALSE
"K01096",0.138,0,0.353,-0.288,0.309,0.0655,NA,"K01096,K05775,K09998,K09999,K10000",0.868536117936118,1,FALSE,FALSE,FALSE,FALSE
"K07118",0.626,0,0.948,0.00444,0.0675,0.00464,NA,"K07118",0.994829403321714,1,FALSE,FALSE,FALSE,FALSE
"K07275",0.655,0,0.412,-0.118,0.144,0.0579,NA,"K07275",0.893797227036395,1,FALSE,FALSE,FALSE,FALSE
"K00975",0.665,0,0.0273,0.245,0.11,0.155,NA,"K00975",0.36198364116095,1,FALSE,FALSE,FALSE,FALSE
"K02042",0.532,0,0.916,0.00915,0.0868,0.00744,NA,"K02042",0.993374918778428,1,FALSE,FALSE,FALSE,FALSE
"K02041",0.517,0,0.872,-0.0138,0.0852,0.0114,NA,"K02041",0.990720217835262,1,FALSE,FALSE,FALSE,FALSE
"K02044",0.567,0,0.516,0.0512,0.0786,0.0458,NA,"K02044",0.933723165883629,1,FALSE,FALSE,FALSE,FALSE
"K10126",0.438,0,0.0345,0.28,0.132,0.148,NA,"K10126",0.40549647887324,1,FALSE,FALSE,FALSE,FALSE
"K19802",0.414,0,0.112,-0.146,0.0913,0.112,NA,"K19802",0.687801152737752,1,FALSE,FALSE,FALSE,FALSE
"K26272",0.133,0,0.124,-0.149,0.0967,0.108,NA,"K26272",0.687801152737752,1,FALSE,FALSE,FALSE,FALSE
"K03315",0.325,0,0.213,-0.154,0.123,0.0877,NA,"K03315",0.780168983174835,1,FALSE,FALSE,FALSE,FALSE
"K14155",0.502,0,0.755,0.0373,0.119,0.022,NA,"K14155",0.976419045334613,1,FALSE,FALSE,FALSE,FALSE
"K16924",0.069,0,0.947,-0.0136,0.205,0.00468,NA,"K16924",0.994829403321714,1,FALSE,FALSE,FALSE,FALSE
"K01552",0.261,0,0.85,0.0275,0.146,0.0133,NA,"K01552",0.987475550405562,1,FALSE,FALSE,FALSE,FALSE
"K16785",0.271,0,0.634,0.0854,0.179,0.0336,NA,"K16785",0.963995748557546,1,FALSE,FALSE,FALSE,FALSE
"K00700",0.857,0,0.173,0.132,0.0965,0.096,NA,"K00700",0.734699745547074,1,FALSE,FALSE,FALSE,FALSE
"K00705",0.576,0,0.411,0.0876,0.106,0.058,NA,"K00705",0.893563612679114,1,FALSE,FALSE,FALSE,FALSE
"K00688",0.778,0,0.0468,0.221,0.111,0.14,NA,"K00688",0.467719760479042,1,FALSE,FALSE,FALSE,FALSE
"K03556",0.369,0,0.813,0.0214,0.0904,0.0167,NA,"K03556",0.976419045334613,1,FALSE,FALSE,FALSE,FALSE
"K08974",0.158,0,0.0546,-0.269,0.139,0.135,NA,"K08974",0.49797386569873,1,FALSE,FALSE,FALSE,FALSE
"K07152",0.768,0,0.283,0.232,0.215,0.0757,NA,"K07152",0.82239175856065,1,FALSE,FALSE,FALSE,FALSE
"K09796",0.616,0,0.105,0.283,0.173,0.114,NA,"K09796",0.681003886010363,1,FALSE,FALSE,FALSE,FALSE
"K06949",0.916,0,0.516,0.101,0.155,0.0458,NA,"K06949",0.933723165883629,1,FALSE,FALSE,FALSE,FALSE
"K07862",0.394,0,0.577,0.0848,0.152,0.0394,NA,"K07862",0.95096741277156,1,FALSE,FALSE,FALSE,FALSE
"K07126",0.635,0,0.848,0.0184,0.0961,0.0135,NA,"K07126",0.987475550405562,1,FALSE,FALSE,FALSE,FALSE
"K13041",0.0493,0,0.857,-0.0443,0.245,0.0128,NA,"K08357,K08358,K08359,K13040,K13041",0.988709447004608,1,FALSE,FALSE,FALSE,FALSE
"K19713",0.064,0,0.484,0.093,0.133,0.0494,NA,"K19713",0.922141552511415,1,FALSE,FALSE,FALSE,FALSE
"K11249",0.537,0,0.968,0.00459,0.115,0.00282,NA,"K11249",0.994829403321714,1,FALSE,FALSE,FALSE,FALSE
"K01200",0.217,0,0.649,0.0539,0.118,0.0321,NA,"K01200",0.969434069212411,1,FALSE,FALSE,FALSE,FALSE
"K02024",0.251,0,0.237,0.146,0.123,0.0833,NA,"K02024",0.8009859437751,1,FALSE,FALSE,FALSE,FALSE
"K06967",0.35,0,0.0423,0.339,0.166,0.143,NA,"K06967",0.444016981132075,1,FALSE,FALSE,FALSE,FALSE
"K03778",0.493,0,0.313,0.128,0.127,0.0712,NA,"K03778",0.841670784103115,1,FALSE,FALSE,FALSE,FALSE
"K03781",0.951,0,0.562,-0.0802,0.138,0.041,NA,"K03781",0.949517436067752,1,FALSE,FALSE,FALSE,FALSE
"K00865",0.729,0,0.76,0.0382,0.125,0.0215,NA,"K00865",0.976419045334613,1,FALSE,FALSE,FALSE,FALSE
"K03299",0.759,0,0.233,0.091,0.0761,0.084,NA,"K03299",0.8009859437751,1,FALSE,FALSE,FALSE,FALSE
"K22131",0.202,0,0.336,0.0883,0.0916,0.0679,NA,"K22131",0.855723296032553,1,FALSE,FALSE,FALSE,FALSE
"K01816",0.606,0,0.443,0.0785,0.102,0.0541,NA,"K01816",0.908503473641193,1,FALSE,FALSE,FALSE,FALSE
"K22130",0.251,0,0.149,0.1,0.0691,0.102,NA,"K21948,K22130",0.697236448598131,1,FALSE,FALSE,FALSE,FALSE
"K08319",0.197,0,0.116,0.139,0.0882,0.111,NA,"K08319",0.687801152737752,1,FALSE,FALSE,FALSE,FALSE
"K13652",0.296,0,0.0746,-0.158,0.0884,0.125,NA,"K13652",0.580905443234837,1,FALSE,FALSE,FALSE,FALSE
"K09927",0.68,0,0.694,-0.0403,0.102,0.0278,NA,"K09927",0.971062753583987,1,FALSE,FALSE,FALSE,FALSE
"K07168",0.635,0,0.013,0.207,0.0825,0.174,NA,"K07168",0.257116216216216,1,FALSE,FALSE,FALSE,FALSE
"K03325",0.512,0,0.181,-0.0949,0.0708,0.0942,NA,"K03325",0.745898765432099,1,FALSE,FALSE,FALSE,FALSE
"K07793",0.719,0,0.321,0.0788,0.0791,0.0701,NA,"K07793",0.849047543581616,1,FALSE,FALSE,FALSE,FALSE
"K07795",0.768,0,0.711,0.0299,0.0805,0.0262,NA,"K07795",0.971062753583987,1,FALSE,FALSE,FALSE,FALSE
"K16514",0.325,0,0.547,-0.0373,0.0618,0.0425,NA,"K16514",0.949517436067752,1,FALSE,FALSE,FALSE,FALSE
"K07774",0.453,0,0.401,0.0716,0.085,0.0593,NA,"K07774",0.891962239004887,1,FALSE,FALSE,FALSE,FALSE
"K02440",0.542,0,0.129,0.163,0.107,0.107,NA,"K02440",0.687801152737752,1,FALSE,FALSE,FALSE,FALSE
"K00864",0.936,0,0.68,0.0547,0.133,0.0291,NA,"K00864",0.971062753583987,1,FALSE,FALSE,FALSE,FALSE
"K02444",0.532,0,0.151,0.248,0.172,0.101,NA,"K02444",0.700052777777778,1,FALSE,FALSE,FALSE,FALSE
"K07485",0.182,0,0.769,-0.0192,0.0653,0.0207,NA,"K07485",0.976419045334613,1,FALSE,FALSE,FALSE,FALSE
"K00111",0.951,0,0.491,0.104,0.151,0.0486,NA,"K00111",0.922836711711712,1,FALSE,FALSE,FALSE,FALSE
"K09794",0.581,0,0.0274,0.311,0.14,0.155,NA,"K09794",0.36198364116095,1,FALSE,FALSE,FALSE,FALSE
"K25316",0.502,0,0.738,0.0318,0.0949,0.0236,NA,"K25316",0.975729793356003,1,FALSE,FALSE,FALSE,FALSE
"K01779",0.719,0,0.735,0.0212,0.0626,0.0239,NA,"K01779",0.974356632247816,1,FALSE,FALSE,FALSE,FALSE
"K09021",0.217,0,0.0561,-0.256,0.133,0.134,NA,"K09021",0.507026534296029,1,FALSE,FALSE,FALSE,FALSE
"K13252",0.0197,0,0.944,0.016,0.228,0.00494,NA,"K13252",0.994829403321714,1,FALSE,FALSE,FALSE,FALSE
"K10536",0.527,0,0.765,-0.0248,0.0829,0.0211,NA,"K10536",0.976419045334613,1,FALSE,FALSE,FALSE,FALSE
"K20265",0.148,0,0.604,0.0771,0.148,0.0366,NA,"K20265",0.957012260295505,1,FALSE,FALSE,FALSE,FALSE
"K01130",0.389,0,0.975,-0.0021,0.0676,0.0022,NA,"K01130",0.995681215582296,1,FALSE,FALSE,FALSE,FALSE
"K24118",0.0887,0,0.769,0.0349,0.119,0.0208,NA,"K24118",0.976419045334613,1,FALSE,FALSE,FALSE,FALSE
"K06076",0.665,0,0.263,0.238,0.212,0.0789,NA,"K06076",0.814447319778189,1,FALSE,FALSE,FALSE,FALSE
"K19285",0.236,0,0.727,0.047,0.135,0.0246,NA,"K19285",0.973435372340426,1,FALSE,FALSE,FALSE,FALSE
"K06132",0.591,0,0.0577,0.221,0.116,0.133,NA,"K06132",0.51864623655914,1,FALSE,FALSE,FALSE,FALSE
"K19577",0.877,0,0.56,-0.0456,0.078,0.0412,NA,"K19577",0.949517436067752,1,FALSE,FALSE,FALSE,FALSE
"K03487",0.113,0,0.493,-0.139,0.203,0.0483,NA,"K03487",0.923821482035928,1,FALSE,FALSE,FALSE,FALSE
"K01223",0.261,0,0.33,0.149,0.153,0.0687,NA,"K01223",0.854348500517063,1,FALSE,FALSE,FALSE,FALSE
"K28433",0.266,0,0.247,-0.156,0.135,0.0816,NA,"K28433",0.805162109375,1,FALSE,FALSE,FALSE,FALSE
"K25227",0.365,0,0.481,0.0492,0.0697,0.0498,NA,"K25227",0.921838808250573,1,FALSE,FALSE,FALSE,FALSE
"K16869",0.429,0,0.676,-0.0572,0.137,0.0295,NA,"K16869",0.971062753583987,1,FALSE,FALSE,FALSE,FALSE
"K07261",0.266,0,0.714,0.0548,0.15,0.0258,NA,"K07261",0.971062753583987,1,FALSE,FALSE,FALSE,FALSE
"K08303",0.557,0,0.174,0.208,0.153,0.0958,NA,"K08303",0.737071065989848,1,FALSE,FALSE,FALSE,FALSE
"K03554",0.532,0,0.905,-0.0292,0.245,0.0084,NA,"K03554",0.992842900964067,1,FALSE,FALSE,FALSE,FALSE
"K07636",0.803,0,0.262,-0.15,0.133,0.0791,NA,"K07636",0.814297951582868,1,FALSE,FALSE,FALSE,FALSE
"K02040",0.975,0,0.825,0.0745,0.337,0.0156,NA,"K02040,K19714,K19715",0.98039985862394,1,FALSE,FALSE,FALSE,FALSE
"K01524",0.906,0,0.396,-0.206,0.242,0.0599,NA,"K01524",0.889784691136974,1,FALSE,FALSE,FALSE,FALSE
"K00937",0.862,0,0.76,-0.0378,0.124,0.0215,NA,"K00937",0.976419045334613,1,FALSE,FALSE,FALSE,FALSE
"K02037",0.946,0,0.445,0.275,0.359,0.0539,NA,"K00943,K00995,K02036,K02037,K02038,K03086,K03431,K03789,K04042,K04516,K07738,K13043,K15862,K16363",0.908692903752039,1,FALSE,FALSE,FALSE,FALSE
"K02039",0.921,0,0.0803,0.51,0.29,0.123,NA,"K02039",0.598306696428571,1,FALSE,FALSE,FALSE,FALSE
"K06201",0.517,0,0.939,-0.0069,0.0904,0.00538,NA,"K06201",0.994829403321714,1,FALSE,FALSE,FALSE,FALSE
"K03386",0.458,0,0.789,0.0304,0.113,0.0189,NA,"K03386",0.976419045334613,1,FALSE,FALSE,FALSE,FALSE
"K04767",0.182,0,0.606,-0.113,0.219,0.0364,NA,"K04767",0.957012260295505,1,FALSE,FALSE,FALSE,FALSE
"K07568",0.872,0,0.0796,0.572,0.324,0.123,NA,"K07568",0.595608805970149,1,FALSE,FALSE,FALSE,FALSE
"K00773",0.951,0,0.899,0.0355,0.278,0.00899,NA,"K00773",0.992180622533976,1,FALSE,FALSE,FALSE,FALSE
"K03072",0.788,0,0.344,0.246,0.259,0.0668,NA,"K03072",0.863189835575486,1,FALSE,FALSE,FALSE,FALSE
"K03074",0.764,0,0.106,0.214,0.132,0.114,NA,"K03074",0.684828387096774,1,FALSE,FALSE,FALSE,FALSE
"K01092",0.956,0,0.78,0.0839,0.3,0.0197,NA,"K00099,K00147,K00919,K00931,K01092,K03526,K03527",0.976419045334613,1,FALSE,FALSE,FALSE,FALSE
"K15396",0.448,0,0.463,0.153,0.208,0.0518,NA,"K15396",0.920302104009528,1,FALSE,FALSE,FALSE,FALSE
"K13643",0.547,0,0.552,0.144,0.241,0.042,NA,"K13643",0.949517436067752,1,FALSE,FALSE,FALSE,FALSE
"K04487",0.966,0,0.553,0.223,0.375,0.0419,NA,"K04487",0.949517436067752,1,FALSE,FALSE,FALSE,FALSE
"K04488",0.709,0,0.167,-0.194,0.14,0.0974,NA,"K04488",0.72710347826087,1,FALSE,FALSE,FALSE,FALSE
"K13628",0.586,0,0.399,-0.125,0.148,0.0595,NA,"K13628",0.891076271186441,1,FALSE,FALSE,FALSE,FALSE
"K04082",0.473,0,0.0975,-0.252,0.152,0.117,NA,"K04044,K04082",0.659706081081081,1,FALSE,FALSE,FALSE,FALSE
"K04755",0.606,0,0.772,0.0319,0.11,0.0205,NA,"K04755",0.976419045334613,1,FALSE,FALSE,FALSE,FALSE
"K07751",0.232,0,0.385,-0.24,0.276,0.0612,NA,"K03645,K03840,K05368,K05803,K07479,K07648,K07751,K07773,K09894,K09899,K13498,K14187,K15723,K18657,K19229,K19230",0.889784691136974,1,FALSE,FALSE,FALSE,FALSE
"K06941",0.926,0,0.582,0.0795,0.144,0.0388,NA,"K06941",0.953558246073298,1,FALSE,FALSE,FALSE,FALSE
"K15539",0.714,0,0.0785,0.392,0.222,0.124,NA,"K15539",0.595529545454545,1,FALSE,FALSE,FALSE,FALSE
"K17713",0.606,0,0.381,0.226,0.257,0.0618,NA,"K17713",0.886874476987448,1,FALSE,FALSE,FALSE,FALSE
"K11959",0.562,0,0.931,-0.0105,0.121,0.00609,NA,"K11959,K11960,K11961,K11962",0.994829403321714,1,FALSE,FALSE,FALSE,FALSE
"K01997",0.778,0,0.161,0.233,0.166,0.0989,NA,"K01997",0.715285714285714,1,FALSE,FALSE,FALSE,FALSE
"K11963",0.547,0,0.992,-0.00119,0.124,0.00068,NA,"K11963",0.99758246388443,1,FALSE,FALSE,FALSE,FALSE
"K03190",0.616,0,0.154,0.135,0.0942,0.101,NA,"K01428,K03188,K03189,K03190",0.701789757412399,1,FALSE,FALSE,FALSE,FALSE
"K01430",0.601,0,0.134,0.143,0.0948,0.106,NA,"K01430",0.687801152737752,1,FALSE,FALSE,FALSE,FALSE
"K01429",0.591,0,0.509,0.0628,0.0949,0.0466,NA,"K01429",0.927424672489083,1,FALSE,FALSE,FALSE,FALSE
"K03187",0.586,0,0.153,0.138,0.0963,0.101,NA,"K03187",0.701789757412399,1,FALSE,FALSE,FALSE,FALSE
"K03192",0.399,0,0.623,0.0656,0.133,0.0347,NA,"K03192",0.958754595588235,1,FALSE,FALSE,FALSE,FALSE
"K03601",0.951,0,0.495,0.206,0.302,0.0481,NA,"K03601,K03602",0.924455427079448,1,FALSE,FALSE,FALSE,FALSE
"K18218",0.232,0,0.205,-0.183,0.143,0.0894,NA,"K18218",0.774316728624535,1,FALSE,FALSE,FALSE,FALSE
"K07034",0.227,0,0.223,-0.181,0.148,0.0859,NA,"K07034",0.796405848787446,1,FALSE,FALSE,FALSE,FALSE
"K03310",0.724,0,0.305,0.108,0.105,0.0723,NA,"K03310",0.841396694214876,1,FALSE,FALSE,FALSE,FALSE
"K07576",0.33,0,0.472,0.0448,0.0621,0.0507,NA,"K07576",0.921838808250573,1,FALSE,FALSE,FALSE,FALSE
"K07112",0.66,0,0.55,0.0481,0.0803,0.0422,NA,"K07112",0.949517436067752,1,FALSE,FALSE,FALSE,FALSE
"K00287",0.985,0,0.526,-0.195,0.307,0.0448,NA,"K00287,K00560",0.940600714285714,1,FALSE,FALSE,FALSE,FALSE
"K18588",0.675,0,0.0351,0.561,0.265,0.148,NA,"K06189,K18588",0.407762645011601,1,FALSE,FALSE,FALSE,FALSE
"K09801",0.552,0,0.193,-0.231,0.177,0.0917,NA,"K09801",0.760307631785995,1,FALSE,FALSE,FALSE,FALSE
"K06186",0.562,0,0.0345,-0.563,0.264,0.149,NA,"K01414,K01525,K02494,K03599,K03600,K03656,K03690,K05589,K06186",0.40549647887324,1,FALSE,FALSE,FALSE,FALSE
"K02655",0.448,0,0.261,-0.171,0.152,0.0793,NA,"K02655",0.813209085252022,1,FALSE,FALSE,FALSE,FALSE
"K08084",0.458,0,0.346,-0.144,0.152,0.0665,NA,"K08084",0.863189835575486,1,FALSE,FALSE,FALSE,FALSE
"K02671",0.409,0,0.175,-0.165,0.121,0.0957,NA,"K02671",0.738806913996627,1,FALSE,FALSE,FALSE,FALSE
"K12942",0.281,0,0.827,0.0164,0.075,0.0154,NA,"K12942",0.98039985862394,1,FALSE,FALSE,FALSE,FALSE
"K18691",0.483,0,0.296,0.118,0.113,0.0737,NA,"K18691",0.836848058525605,1,FALSE,FALSE,FALSE,FALSE
"K01952",0.616,0,0.0112,-0.635,0.248,0.178,NA,"K01952",0.24067982832618,1,FALSE,FALSE,FALSE,FALSE
"K00674",0.877,0,0.979,-0.0122,0.471,0.00182,NA,"K00674,K00756,K00805,K01094,K01261,K01269,K01436,K02076,K02240,K02490,K02499,K02862,K03048,K03095,K03346,K03708,K03713,K03763,K03886,K03887,K03888,K04766,K05311,K05985,K06019,K06284,K06349,K06385,K06412,K06948,K06962,K07094,K07476,K07533,K07571,K07584,K07651,K07652,K07668,K07697,K07723,K07775,K07777,K08153,K08965,K08969,K09685,K09770,K09777,K09787,K09825,K09976,K10823,K11144,K11145,K11184,K11617,K11618,K16169,K16511,K17472,K19405,K19411,K19955,K21467,K22135,K22927,K24042,K24872,K24873,K25157,K25158,K25288,K25289,K27000,K27245,K27343",0.996316751269036,1,FALSE,FALSE,FALSE,FALSE
"K05595",0.798,0,0.281,0.143,0.132,0.0759,NA,"K05595",0.82091511627907,1,FALSE,FALSE,FALSE,FALSE
"K09918",0.409,0,0.0174,0.578,0.241,0.167,NA,"K05590,K07186,K09918,K18765",0.285645245901639,1,FALSE,FALSE,FALSE,FALSE
"K11041",0.148,0,0.657,0.0619,0.139,0.0313,NA,"K11041",0.971062753583987,1,FALSE,FALSE,FALSE,FALSE
"K03583",0.532,0,0.233,0.217,0.182,0.084,NA,"K03582,K03583",0.8009859437751,1,FALSE,FALSE,FALSE,FALSE
"K03581",0.64,0,0.0411,0.238,0.116,0.144,NA,"K03581",0.441042127659575,1,FALSE,FALSE,FALSE,FALSE
"K14682",0.453,0,0.408,-0.178,0.214,0.0584,NA,"K14682",0.893563612679114,1,FALSE,FALSE,FALSE,FALSE
"K08304",0.502,0,0.24,0.171,0.145,0.0828,NA,"K08304",0.802725450901804,1,FALSE,FALSE,FALSE,FALSE
"K22132",0.704,0,0.166,-0.232,0.167,0.0977,NA,"K22132",0.725905676855895,1,FALSE,FALSE,FALSE,FALSE
"K02426",0.773,0,0.0776,0.346,0.195,0.124,NA,"K02426",0.589595144157815,1,FALSE,FALSE,FALSE,FALSE
"K11717",0.773,0,0.6,0.0707,0.135,0.037,NA,"K11717",0.955838370983137,1,FALSE,FALSE,FALSE,FALSE
"K01766",0.291,0,0.432,0.12,0.153,0.0554,NA,"K01766",0.904652446675031,1,FALSE,FALSE,FALSE,FALSE
"K00077",0.833,0,0.785,-0.0206,0.0756,0.0192,NA,"K00077",0.976419045334613,1,FALSE,FALSE,FALSE,FALSE
"K05517",0.212,0,0.658,0.0662,0.149,0.0313,NA,"K05517",0.971062753583987,1,FALSE,FALSE,FALSE,FALSE
"K08218",0.596,0,0.442,-0.116,0.151,0.0543,NA,"K08218",0.908495073891626,1,FALSE,FALSE,FALSE,FALSE
"K07286",0.419,0,0.227,0.315,0.26,0.0851,NA,"K03472,K07286",0.797606315789474,1,FALSE,FALSE,FALSE,FALSE
"K11391",0.409,0,0.755,0.0693,0.222,0.022,NA,"K11391",0.976419045334613,1,FALSE,FALSE,FALSE,FALSE
"K00564",0.842,0,0.475,0.163,0.228,0.0504,NA,"K00564",0.921838808250573,1,FALSE,FALSE,FALSE,FALSE
"K00346",0.296,0,0.439,-0.123,0.159,0.0546,NA,"K00346,K00347,K00348,K00349,K00350",0.907170037144036,1,FALSE,FALSE,FALSE,FALSE
"K00351",0.31,0,0.411,-0.115,0.14,0.058,NA,"K00351",0.893563612679114,1,FALSE,FALSE,FALSE,FALSE
"K03734",0.818,0,0.479,-0.0782,0.11,0.05,NA,"K03734",0.921838808250573,1,FALSE,FALSE,FALSE,FALSE
"K03308",0.419,0,0.628,0.0552,0.114,0.0342,NA,"K03308",0.959827838827839,1,FALSE,FALSE,FALSE,FALSE
"K03644",0.98,0,0.673,0.078,0.184,0.0298,NA,"K03644",0.971062753583987,1,FALSE,FALSE,FALSE,FALSE
"K03801",0.833,0,0.641,0.06,0.128,0.033,NA,"K03801",0.967295660036166,1,FALSE,FALSE,FALSE,FALSE
"K09158",0.606,0,0.0478,-0.441,0.222,0.139,NA,"K09158",0.472993280632411,1,FALSE,FALSE,FALSE,FALSE
"K07258",0.818,0,0.039,0.565,0.272,0.145,NA,"K07258",0.432977827050998,1,FALSE,FALSE,FALSE,FALSE
"K03642",0.709,0,0.222,-0.264,0.216,0.0861,NA,"K03642",0.794534667619728,1,FALSE,FALSE,FALSE,FALSE
"K05837",0.724,0,0.112,0.21,0.132,0.112,NA,"K05837",0.687801152737752,1,FALSE,FALSE,FALSE,FALSE
"K05515",0.65,0,0.0532,0.45,0.231,0.136,NA,"K05515",0.493282222222222,1,FALSE,FALSE,FALSE,FALSE
"K00783",0.862,0,0.241,0.334,0.285,0.0826,NA,"K00783",0.802852295409182,1,FALSE,FALSE,FALSE,FALSE
"K03820",0.739,0,0.156,0.241,0.169,0.0999,NA,"K03820",0.701789757412399,1,FALSE,FALSE,FALSE,FALSE
"K03184",0.271,0,0.277,-0.159,0.146,0.0767,NA,"K03184",0.818253097345133,1,FALSE,FALSE,FALSE,FALSE
"K07404",0.611,0,0.611,0.0422,0.0827,0.0359,NA,"K07404",0.957197699720236,1,FALSE,FALSE,FALSE,FALSE
"K02521",0.286,0,0.493,-0.135,0.197,0.0483,NA,"K02521",0.923821482035928,1,FALSE,FALSE,FALSE,FALSE
"K09806",0.616,0,0.257,0.198,0.174,0.0799,NA,"K09806",0.809307547169811,1,FALSE,FALSE,FALSE,FALSE
"K18138",0.744,0,0.077,-0.441,0.248,0.124,NA,"K18138",0.587447416413374,1,FALSE,FALSE,FALSE,FALSE
"K03585",0.739,0,0.292,-0.279,0.264,0.0743,NA,"K03585",0.831651877133106,1,FALSE,FALSE,FALSE,FALSE
"K18136",0.0739,0,0.575,-0.191,0.34,0.0396,NA,"K18136",0.950486959392539,1,FALSE,FALSE,FALSE,FALSE
"K02031",0.837,0,0.592,0.0928,0.173,0.0378,NA,"K02031",0.955838370983137,1,FALSE,FALSE,FALSE,FALSE
"K02032",0.798,0,0.212,0.151,0.12,0.0879,NA,"K02032",0.780168983174835,1,FALSE,FALSE,FALSE,FALSE
"K02035",0.906,0,0.901,0.0206,0.165,0.00879,NA,"K02035",0.992180622533976,1,FALSE,FALSE,FALSE,FALSE
"K02033",0.911,0,0.902,0.0229,0.186,0.00867,NA,"K02033",0.992180622533976,1,FALSE,FALSE,FALSE,FALSE
"K02034",0.901,0,0.9,0.025,0.198,0.00891,NA,"K02034",0.992180622533976,1,FALSE,FALSE,FALSE,FALSE
"K00383",0.631,0,0.791,0.0404,0.152,0.0187,NA,"K00383",0.976419045334613,1,FALSE,FALSE,FALSE,FALSE
"K07115",0.68,0,0.0742,0.432,0.241,0.126,NA,"K07115",0.580905443234837,1,FALSE,FALSE,FALSE,FALSE
"K03718",0.34,0,0.0745,-0.255,0.142,0.125,NA,"K03718",0.580905443234837,1,FALSE,FALSE,FALSE,FALSE
"K15984",0.591,0,0.391,0.158,0.184,0.0605,NA,"K15984",0.889784691136974,1,FALSE,FALSE,FALSE,FALSE
"K06149",0.335,0,0.126,0.29,0.188,0.108,NA,"K06149",0.687801152737752,1,FALSE,FALSE,FALSE,FALSE
"K02217",0.251,0,0.0481,-0.315,0.159,0.139,NA,"K02217",0.474087992125984,1,FALSE,FALSE,FALSE,FALSE
"K06144",0.0985,0,0.0987,-0.521,0.314,0.116,NA,"K03604,K06144,K09911,K09917,K12961,K14762,K15545",0.665359731543624,1,FALSE,FALSE,FALSE,FALSE
"K09760",0.842,0,0.0538,0.426,0.22,0.136,NA,"K09760",0.495177573529412,1,FALSE,FALSE,FALSE,FALSE
"K03688",0.867,0,0.396,0.099,0.116,0.0599,NA,"K03688",0.889784691136974,1,FALSE,FALSE,FALSE,FALSE
"K03117",0.808,0,0.914,-0.0191,0.176,0.00766,NA,"K03117",0.992926448253417,1,FALSE,FALSE,FALSE,FALSE
"K03978",0.867,0,0.322,0.354,0.356,0.0699,NA,"K00658,K00728,K01338,K01554,K01616,K02372,K02970,K03495,K03555,K03590,K03650,K03797,K03889,K03890,K03891,K03978,K05364,K07462,K07503,K07654,K07670,K07768,K07776,K12503,K12573,K13640,K13787,K18955,K19710,K23258,K24017,K26252,K27043,K27094,K27109",0.850344936708861,1,FALSE,FALSE,FALSE,FALSE
"K02495",0.966,0,0.552,0.112,0.188,0.042,NA,"K02495",0.949517436067752,1,FALSE,FALSE,FALSE,FALSE
"K07712",0.67,0,0.327,-0.245,0.249,0.0692,NA,"K07712",0.852310775637689,1,FALSE,FALSE,FALSE,FALSE
"K07058",0.98,0,0.691,0.192,0.482,0.0281,NA,"K00169,K00172,K07058,K15632,K16905,K17882,K18817,K18896,K21515,K21721,K22113,K22408,K23149,K25543,K27948",0.971062753583987,1,FALSE,FALSE,FALSE,FALSE
"K07560",0.842,0,0.415,0.115,0.141,0.0575,NA,"K07560",0.896034928848642,1,FALSE,FALSE,FALSE,FALSE
"K01610",0.709,0,0.00937,0.478,0.182,0.182,NA,"K01610",0.220966197183099,1,FALSE,FALSE,FALSE,FALSE
"K04083",0.813,0,0.153,0.416,0.29,0.101,NA,"K02621,K03666,K04083,K07164",0.701789757412399,1,FALSE,FALSE,FALSE,FALSE
"K04762",0.877,0,0.239,0.146,0.123,0.083,NA,"K04762",0.8009859437751,1,FALSE,FALSE,FALSE,FALSE
"K02452",0.379,0,0.257,-0.0961,0.0845,0.0799,NA,"K02452",0.809307547169811,1,FALSE,FALSE,FALSE,FALSE
"K02453",0.468,0,0.515,-0.0609,0.0935,0.0459,NA,"K02453,K02456",0.93292510853835,1,FALSE,FALSE,FALSE,FALSE
"K02454",0.527,0,0.111,-0.203,0.127,0.112,NA,"K02454",0.687801152737752,1,FALSE,FALSE,FALSE,FALSE
"K02455",0.399,0,0.346,-0.084,0.0888,0.0665,NA,"K02455",0.863189835575486,1,FALSE,FALSE,FALSE,FALSE
"K02457",0.433,0,0.377,-0.0775,0.0876,0.0623,NA,"K02457",0.88248667601683,1,FALSE,FALSE,FALSE,FALSE
"K02458",0.438,0,0.15,-0.163,0.113,0.101,NA,"K02458",0.698651162790698,1,FALSE,FALSE,FALSE,FALSE
"K02459",0.458,0,0.518,-0.0587,0.0905,0.0456,NA,"K02459",0.935314100252434,1,FALSE,FALSE,FALSE,FALSE
"K02460",0.458,0,0.518,-0.0587,0.0905,0.0456,NA,"K02460",0.935314100252434,1,FALSE,FALSE,FALSE,FALSE
"K02461",0.438,0,0.123,-0.163,0.105,0.109,NA,"K02461",0.687801152737752,1,FALSE,FALSE,FALSE,FALSE
"K02462",0.429,0,0.154,-0.155,0.108,0.1,NA,"K02462",0.701789757412399,1,FALSE,FALSE,FALSE,FALSE
"K02463",0.305,0,0.151,-0.162,0.112,0.101,NA,"K02463",0.700052777777778,1,FALSE,FALSE,FALSE,FALSE
"K01082",0.601,0,0.102,0.287,0.175,0.115,NA,"K01082",0.670228346456693,1,FALSE,FALSE,FALSE,FALSE
"K08312",0.438,0,0.851,-0.0428,0.228,0.0132,NA,"K08312",0.987475550405562,1,FALSE,FALSE,FALSE,FALSE
"K07400",0.468,0,0.992,0.00248,0.25,7e-04,NA,"K07400",0.99758246388443,1,FALSE,FALSE,FALSE,FALSE
"K02242",0.97,0,0.661,0.0827,0.188,0.031,NA,"K02242",0.971062753583987,1,FALSE,FALSE,FALSE,FALSE
"K02170",0.517,0,0.186,0.221,0.166,0.0933,NA,"K02170",0.752871463217462,1,FALSE,FALSE,FALSE,FALSE
"K06959",0.916,0,0.71,-0.0761,0.205,0.0262,NA,"K06959",0.971062753583987,1,FALSE,FALSE,FALSE,FALSE
"K04760",0.557,0,0.0719,-0.305,0.169,0.127,NA,"K04760",0.572342289348172,1,FALSE,FALSE,FALSE,FALSE
"K07659",0.488,0,0.351,-0.139,0.149,0.0657,NA,"K07659",0.867023680315738,1,FALSE,FALSE,FALSE,FALSE
"K07638",0.68,0,0.0131,0.614,0.245,0.174,NA,"K07638",0.257116216216216,1,FALSE,FALSE,FALSE,FALSE
"K01139",0.941,0,0.329,0.242,0.248,0.0688,NA,"K01139",0.853082858622475,1,FALSE,FALSE,FALSE,FALSE
"K03060",0.97,0,0.877,0.046,0.296,0.0109,NA,"K03060",0.991675474254743,1,FALSE,FALSE,FALSE,FALSE
"K06901",0.887,0,0.304,0.135,0.131,0.0725,NA,"K06901",0.841396694214876,1,FALSE,FALSE,FALSE,FALSE
"K13256",0.345,0,0.468,-0.11,0.151,0.0513,NA,"K13256",0.921838808250573,1,FALSE,FALSE,FALSE,FALSE
"K17893",0.0443,0,0.993,-0.00124,0.149,0.000588,NA,"K17893",0.99758246388443,1,FALSE,FALSE,FALSE,FALSE
"K03704",0.961,0,0.148,0.474,0.327,0.102,NA,"K03704",0.697236448598131,1,FALSE,FALSE,FALSE,FALSE
"K00989",0.892,0,0.77,-0.0539,0.185,0.0206,NA,"K00989",0.976419045334613,1,FALSE,FALSE,FALSE,FALSE
"K00762",0.98,0,0.119,0.397,0.253,0.11,NA,"K00762",0.687801152737752,1,FALSE,FALSE,FALSE,FALSE
"K02517",0.695,0,0.692,0.0874,0.22,0.028,NA,"K02517",0.971062753583987,1,FALSE,FALSE,FALSE,FALSE
"K05501",0.345,0,0.125,-0.299,0.194,0.108,NA,"K05501",0.687801152737752,1,FALSE,FALSE,FALSE,FALSE
"K10563",0.941,0,0.539,0.156,0.254,0.0434,NA,"K10563",0.945610721793973,1,FALSE,FALSE,FALSE,FALSE
"K08679",0.591,0,0.168,0.0926,0.0668,0.0972,NA,"K08679",0.727660899653979,1,FALSE,FALSE,FALSE,FALSE
"K12982",0.227,0,0.331,-0.199,0.204,0.0686,NA,"K12982",0.855168730650155,1,FALSE,FALSE,FALSE,FALSE
"K11211",0.241,0,0.0471,-0.41,0.205,0.14,NA,"K11211",0.469780278884462,1,FALSE,FALSE,FALSE,FALSE
"K02527",0.719,0,0.957,0.0142,0.266,0.00377,NA,"K02527",0.994829403321714,1,FALSE,FALSE,FALSE,FALSE
"K02847",0.305,0,0.913,0.00764,0.0695,0.00776,NA,"K02847",0.992926448253417,1,FALSE,FALSE,FALSE,FALSE
"K15894",0.271,0,0.964,0.00335,0.0732,0.00323,NA,"K15894",0.994829403321714,1,FALSE,FALSE,FALSE,FALSE
"K15899",0.153,0,0.647,0.0383,0.0833,0.0324,NA,"K15899",0.968469058295964,1,FALSE,FALSE,FALSE,FALSE
"K15898",0.187,0,0.688,0.0311,0.0776,0.0283,NA,"K15898",0.971062753583987,1,FALSE,FALSE,FALSE,FALSE
"K02560",0.172,0,0.407,0.218,0.262,0.0585,NA,"K02560,K06212",0.892618922470434,1,FALSE,FALSE,FALSE,FALSE
"K03274",0.261,0,0.139,-0.224,0.151,0.104,NA,"K03274",0.687801152737752,1,FALSE,FALSE,FALSE,FALSE
"K00012",0.956,0,0.868,-0.0231,0.139,0.0117,NA,"K00012",0.990445761166818,1,FALSE,FALSE,FALSE,FALSE
"K22719",0.768,0,0.773,-0.0455,0.157,0.0204,NA,"K22719",0.976419045334613,1,FALSE,FALSE,FALSE,FALSE
"K00640",0.966,0,0.968,-0.00801,0.199,0.00284,NA,"K00640",0.994829403321714,1,FALSE,FALSE,FALSE,FALSE
"K01991",0.695,0,0.864,-0.0215,0.125,0.0121,NA,"K01991",0.989755813953488,1,FALSE,FALSE,FALSE,FALSE
"K25307",0.847,0,0.259,-0.148,0.13,0.0797,NA,"K25307",0.810508125,1,FALSE,FALSE,FALSE,FALSE
"K16692",0.369,0,0.527,-0.0499,0.0786,0.0447,NA,"K16692",0.941380306814128,1,FALSE,FALSE,FALSE,FALSE
"K16011",0.567,0,0.323,0.0975,0.0984,0.0697,NA,"K16011",0.850742240925829,1,FALSE,FALSE,FALSE,FALSE
"K00971",0.818,0,0.741,0.0311,0.0941,0.0233,NA,"K00971",0.975729793356003,1,FALSE,FALSE,FALSE,FALSE
"K01791",0.581,0,0.508,-0.0388,0.0586,0.0467,NA,"K01791",0.927424672489083,1,FALSE,FALSE,FALSE,FALSE
"K02851",0.473,0,0.673,-0.0325,0.077,0.0298,NA,"K02851",0.971062753583987,1,FALSE,FALSE,FALSE,FALSE
"K15633",0.65,0,0.123,0.187,0.121,0.109,NA,"K15633",0.687801152737752,1,FALSE,FALSE,FALSE,FALSE
"K00567",0.828,0,0.991,-0.00144,0.123,0.000827,NA,"K00567",0.99758246388443,1,FALSE,FALSE,FALSE,FALSE
"K26937",0.852,0,0.128,0.122,0.0794,0.107,NA,"K26937",0.687801152737752,1,FALSE,FALSE,FALSE,FALSE
"K05789",0.0985,0,0.577,-0.0727,0.13,0.0394,NA,"K05789",0.95096741277156,1,FALSE,FALSE,FALSE,FALSE
"K07507",0.813,0,0.338,0.0781,0.0812,0.0676,NA,"K07507",0.857762797769894,1,FALSE,FALSE,FALSE,FALSE
"K10924",0.148,0,0.116,-0.247,0.156,0.111,NA,"K10924,K10926,K10927,K12276,K12278,K12279,K12280,K12281,K12283,K12284,K12285,K12287",0.687801152737752,1,FALSE,FALSE,FALSE,FALSE
"K19810",0.261,0,0.053,-0.395,0.203,0.136,NA,"K19810",0.492339517625232,1,FALSE,FALSE,FALSE,FALSE
"K00247",0.133,0,0.0343,-0.428,0.201,0.149,NA,"K00247",0.40549647887324,1,FALSE,FALSE,FALSE,FALSE
"K00246",0.138,0,0.0142,-0.469,0.189,0.172,NA,"K00246",0.261394852941176,1,FALSE,FALSE,FALSE,FALSE
"K00245",0.133,0,0.0218,-0.484,0.209,0.161,NA,"K00245",0.313656896551724,1,FALSE,FALSE,FALSE,FALSE
"K00244",0.133,0,0.0218,-0.484,0.209,0.161,NA,"K00244",0.313656896551724,1,FALSE,FALSE,FALSE,FALSE
"K04568",0.365,0,0.0423,-0.355,0.174,0.143,NA,"K04568",0.444016981132075,1,FALSE,FALSE,FALSE,FALSE
"K14445",0.241,0,0.0132,-0.247,0.0987,0.174,NA,"K14445",0.257116216216216,1,FALSE,FALSE,FALSE,FALSE
"K01613",0.852,0,0.926,-0.0155,0.168,0.00653,NA,"K01613",0.994829403321714,1,FALSE,FALSE,FALSE,FALSE
"K07486",0.616,0,0.193,0.0747,0.0572,0.0917,NA,"K07486",0.760307631785995,1,FALSE,FALSE,FALSE,FALSE
"K07397",0.788,0,0.831,0.0286,0.134,0.0151,NA,"K07397",0.98039985862394,1,FALSE,FALSE,FALSE,FALSE
"K07006",0.67,0,0.293,-0.0847,0.0803,0.0742,NA,"K07006",0.832605561861521,1,FALSE,FALSE,FALSE,FALSE
"K22477",0.207,0,0.0959,-0.185,0.111,0.117,NA,"K22477",0.655971721311475,1,FALSE,FALSE,FALSE,FALSE
"K06998",0.783,0,0.464,0.0592,0.0807,0.0517,NA,"K06998",0.920462757527734,1,FALSE,FALSE,FALSE,FALSE
"K00549",0.882,0,0.00261,-0.305,0.1,0.21,NA,"K00549",0.127848640776699,1,FALSE,FALSE,FALSE,FALSE
"K00638",0.172,0,0.282,-0.136,0.126,0.0759,NA,"K00638",0.82091511627907,1,FALSE,FALSE,FALSE,FALSE
"K19000",0.335,0,0.5,-0.0696,0.103,0.0476,NA,"K19000",0.927153817779417,1,FALSE,FALSE,FALSE,FALSE
"K03312",0.261,0,0.0793,-0.151,0.0856,0.123,NA,"K03312",0.595608805970149,1,FALSE,FALSE,FALSE,FALSE
"K06147",0.739,0,0.741,0.0234,0.0706,0.0234,NA,"K06147",0.975729793356003,1,FALSE,FALSE,FALSE,FALSE
"K02029",0.813,0,0.555,0.108,0.182,0.0417,NA,"K02029",0.949517436067752,1,FALSE,FALSE,FALSE,FALSE
"K10218",0.621,0,0.4,0.0697,0.0826,0.0594,NA,"K10218",0.891718610863758,1,FALSE,FALSE,FALSE,FALSE
"K09962",0.35,0,0.139,-0.133,0.0893,0.104,NA,"K09962",0.687801152737752,1,FALSE,FALSE,FALSE,FALSE
"K25590",0.153,0,0.794,0.0312,0.119,0.0185,NA,"K25590",0.976419045334613,1,FALSE,FALSE,FALSE,FALSE
"K10912",0.158,0,0.401,0.178,0.212,0.0592,NA,"K10912",0.891962239004887,1,FALSE,FALSE,FALSE,FALSE
"K02000",0.704,0,0.199,0.144,0.112,0.0906,NA,"K02000,K02001",0.770010046367852,1,FALSE,FALSE,FALSE,FALSE
"K02002",0.709,0,0.254,0.122,0.106,0.0804,NA,"K02002",0.809307547169811,1,FALSE,FALSE,FALSE,FALSE
"K26441",0.187,0,0.766,-0.0484,0.162,0.021,NA,"K26441",0.976419045334613,1,FALSE,FALSE,FALSE,FALSE
"K26939",0.862,0,0.0104,0.719,0.278,0.18,NA,"K26939",0.230410619469027,1,FALSE,FALSE,FALSE,FALSE
"K15523",0.182,0,0.0993,-0.239,0.144,0.116,NA,"K15523",0.666481367292225,1,FALSE,FALSE,FALSE,FALSE
"K26606",0.877,0,0.165,0.21,0.151,0.0978,NA,"K26605,K26606",0.724697368421053,1,FALSE,FALSE,FALSE,FALSE
"K05812",0.478,0,0.659,-0.0771,0.174,0.0312,NA,"K05812",0.971062753583987,1,FALSE,FALSE,FALSE,FALSE
"K28207",0.148,0,0.282,-0.181,0.168,0.0759,NA,"K28207",0.82091511627907,1,FALSE,FALSE,FALSE,FALSE
"K03750",0.966,0,0.944,-0.00991,0.142,0.00492,NA,"K03750",0.994829403321714,1,FALSE,FALSE,FALSE,FALSE
"K03753",0.414,0,0.0111,-0.376,0.147,0.178,NA,"K03753",0.239559051724138,1,FALSE,FALSE,FALSE,FALSE
"K03752",0.941,0,0.742,-0.0454,0.137,0.0233,NA,"K03752",0.975729793356003,1,FALSE,FALSE,FALSE,FALSE
"K05773",0.123,0,0.00257,-0.504,0.165,0.211,NA,"K05773",0.127848640776699,1,FALSE,FALSE,FALSE,FALSE
"K05772",0.123,0,0.00257,-0.504,0.165,0.211,NA,"K05772",0.127848640776699,1,FALSE,FALSE,FALSE,FALSE
"K02482",0.438,0,0.978,0.0023,0.0836,0.00194,NA,"K02482",0.996316751269036,1,FALSE,FALSE,FALSE,FALSE
"K15977",0.926,0,0.612,-0.0732,0.144,0.0358,NA,"K15977",0.957197699720236,1,FALSE,FALSE,FALSE,FALSE
"K09929",0.276,0,0.914,0.0117,0.109,0.00762,NA,"K09929",0.992926448253417,1,FALSE,FALSE,FALSE,FALSE
"K09930",0.537,0,0.838,0.0205,0.1,0.0144,NA,"K09930",0.983559774964838,1,FALSE,FALSE,FALSE,FALSE
"K23349",0.172,0,0.0087,-0.427,0.161,0.184,NA,"K23349",0.218532118226601,1,FALSE,FALSE,FALSE,FALSE
"K00123",0.473,0,0.139,0.178,0.12,0.104,NA,"K00123",0.687801152737752,1,FALSE,FALSE,FALSE,FALSE
"K00124",0.438,0,0.797,-0.0233,0.0906,0.0181,NA,"K00124",0.976419045334613,1,FALSE,FALSE,FALSE,FALSE
"K00127",0.394,0,0.797,0.0282,0.11,0.0182,NA,"K00127",0.976419045334613,1,FALSE,FALSE,FALSE,FALSE
"K12410",0.586,0,0.437,-0.0633,0.0813,0.0548,NA,"K12410",0.906028571428571,1,FALSE,FALSE,FALSE,FALSE
"K11069",0.261,0,0.197,-0.129,0.0997,0.0909,NA,"K11069",0.766417249417249,1,FALSE,FALSE,FALSE,FALSE
"K02055",0.68,0,0.256,-0.113,0.099,0.0801,NA,"K02055",0.809307547169811,1,FALSE,FALSE,FALSE,FALSE
"K11070",0.655,0,0.444,0.106,0.139,0.054,NA,"K11070",0.908503473641193,1,FALSE,FALSE,FALSE,FALSE
"K11071",0.665,0,0.488,0.0954,0.137,0.049,NA,"K11071",0.922836711711712,1,FALSE,FALSE,FALSE,FALSE
"K11072",0.458,0,0.904,-0.0122,0.101,0.00854,NA,"K11072",0.992180622533976,1,FALSE,FALSE,FALSE,FALSE
"K03796",0.187,0,0.494,-0.15,0.219,0.0483,NA,"K03796",0.924311659192825,1,FALSE,FALSE,FALSE,FALSE
"K14058",0.665,0,0.522,0.177,0.275,0.0452,NA,"K00568,K02535,K05539,K14058",0.937465566714491,1,FALSE,FALSE,FALSE,FALSE
"K14055",0.394,0,0.169,0.324,0.235,0.0968,NA,"K14055",0.729468103448276,1,FALSE,FALSE,FALSE,FALSE
"K01420",0.665,0,0.95,0.0138,0.218,0.00446,NA,"K01420",0.994829403321714,1,FALSE,FALSE,FALSE,FALSE
"K09792",0.488,0,0.0179,-0.343,0.144,0.166,NA,"K09792",0.286778637770898,1,FALSE,FALSE,FALSE,FALSE
"K09926",0.419,0,0.0141,-0.384,0.155,0.172,NA,"K09926",0.261394852941176,1,FALSE,FALSE,FALSE,FALSE
"K00406",0.591,0,0.191,-0.178,0.136,0.0922,NA,"K00406",0.758395717684378,1,FALSE,FALSE,FALSE,FALSE
"K00407",0.581,0,0.28,-0.155,0.143,0.0761,NA,"K00407",0.820339379754242,1,FALSE,FALSE,FALSE,FALSE
"K00405",0.532,0,0.432,-0.117,0.149,0.0555,NA,"K00404,K00405",0.904652446675031,1,FALSE,FALSE,FALSE,FALSE
"K10954",0.118,0,0.802,-0.0186,0.0741,0.0177,NA,"K10954",0.976419045334613,1,FALSE,FALSE,FALSE,FALSE
"K04770",0.448,0,0.568,0.115,0.201,0.0403,NA,"K04770",0.949517436067752,1,FALSE,FALSE,FALSE,FALSE
"K01716",0.601,0,0.3,0.217,0.209,0.0731,NA,"K01716",0.839146436525612,1,FALSE,FALSE,FALSE,FALSE
"K03812",0.246,0,0.96,0.00627,0.123,0.00358,NA,"K03812",0.994829403321714,1,FALSE,FALSE,FALSE,FALSE
"K12297",0.483,0,0.291,-0.256,0.242,0.0745,NA,"K03528,K03683,K06176,K09895,K09902,K12297",0.831651877133106,1,FALSE,FALSE,FALSE,FALSE
"K00254",0.906,0,0.543,0.154,0.252,0.0429,NA,"K00254",0.948639567341242,1,FALSE,FALSE,FALSE,FALSE
"K15371",0.64,0,0.545,0.104,0.172,0.0427,NA,"K15371",0.948823018080668,1,FALSE,FALSE,FALSE,FALSE
"K01256",0.808,0,0.577,0.105,0.187,0.0394,NA,"K01256",0.95096741277156,1,FALSE,FALSE,FALSE,FALSE
"K03607",0.394,0,0.992,-0.00143,0.148,0.000683,NA,"K03607",0.99758246388443,1,FALSE,FALSE,FALSE,FALSE
"K08968",0.788,0,0.0306,0.355,0.163,0.152,NA,"K08968",0.38208029925187,1,FALSE,FALSE,FALSE,FALSE
"K03808",0.507,0,0.0176,0.453,0.189,0.167,NA,"K03808",0.286778637770898,1,FALSE,FALSE,FALSE,FALSE
"K06192",0.502,0,0.0516,0.402,0.205,0.137,NA,"K06192",0.487473962264151,1,FALSE,FALSE,FALSE,FALSE
"K11392",0.256,0,0.228,-0.298,0.246,0.085,NA,"K11392",0.798877536738978,1,FALSE,FALSE,FALSE,FALSE
"K00243",0.537,0,0.403,0.163,0.195,0.059,NA,"K00243",0.892618922470434,1,FALSE,FALSE,FALSE,FALSE
"K01626",0.823,0,0.509,0.211,0.319,0.0466,NA,"K01626",0.927424672489083,1,FALSE,FALSE,FALSE,FALSE
"K09767",0.803,0,0.384,-0.172,0.198,0.0614,NA,"K09767",0.88972142526608,1,FALSE,FALSE,FALSE,FALSE
"K24866",0.867,0,0.00369,-0.69,0.235,0.203,NA,"K24866",0.156574830508475,1,FALSE,FALSE,FALSE,FALSE
"K09969",0.468,0,0.376,0.119,0.134,0.0625,NA,"K09969",0.882208059981256,1,FALSE,FALSE,FALSE,FALSE
"K09970",0.453,0,0.0823,0.274,0.157,0.122,NA,"K09970,K09971",0.606886745213549,1,FALSE,FALSE,FALSE,FALSE
"K09972",0.463,0,0.191,0.184,0.14,0.0921,NA,"K09972",0.758395717684378,1,FALSE,FALSE,FALSE,FALSE
"K02028",0.818,0,0.506,0.133,0.199,0.0469,NA,"K02028",0.927424672489083,1,FALSE,FALSE,FALSE,FALSE
"K19416",0.512,0,0.427,-0.191,0.24,0.0561,NA,"K19416",0.902105063291139,1,FALSE,FALSE,FALSE,FALSE
"K11179",0.448,0,0.499,-0.164,0.243,0.0477,NA,"K04774,K11179",0.926397107897664,1,FALSE,FALSE,FALSE,FALSE
"K01512",0.552,0,0.000183,-0.277,0.0726,0.26,NA,"K01512",0.0255620526315789,0.916281,TRUE,FALSE,TRUE,FALSE
"K06969",0.793,0,0.00849,0.43,0.162,0.184,NA,"K06969",0.218532118226601,1,FALSE,FALSE,FALSE,FALSE
"K05835",0.67,0,0.104,0.175,0.107,0.114,NA,"K05835",0.677149544863459,1,FALSE,FALSE,FALSE,FALSE
"K05786",0.916,0,0.0635,0.298,0.16,0.131,NA,"K05786",0.548548464163822,1,FALSE,FALSE,FALSE,FALSE
"K09125",0.724,0,0.522,0.0662,0.103,0.0452,NA,"K09125",0.937465566714491,1,FALSE,FALSE,FALSE,FALSE
"K07484",0.281,0,0.717,0.024,0.0661,0.0256,NA,"K07484",0.971062753583987,1,FALSE,FALSE,FALSE,FALSE
"K07493",0.202,0,0.988,-0.00105,0.068,0.00108,NA,"K07493",0.99758246388443,1,FALSE,FALSE,FALSE,FALSE
"K07497",0.857,0,0.501,0.0412,0.061,0.0475,NA,"K07497",0.927153817779417,1,FALSE,FALSE,FALSE,FALSE
"K03220",0.108,0,0.866,-0.0216,0.128,0.0119,NA,"K03220",0.989755813953488,1,FALSE,FALSE,FALSE,FALSE
"K03226",0.113,0,0.698,-0.0458,0.118,0.0274,NA,"K03226,K03228",0.971062753583987,1,FALSE,FALSE,FALSE,FALSE
"K03227",0.103,0,0.62,-0.0603,0.121,0.035,NA,"K03227",0.958196302003082,1,FALSE,FALSE,FALSE,FALSE
"K03229",0.108,0,0.825,0.0251,0.114,0.0156,NA,"K03229",0.98039985862394,1,FALSE,FALSE,FALSE,FALSE
"K03088",0.985,0,0.271,0.405,0.366,0.0777,NA,"K00873,K03088,K03743,K16191,K21431,K21747,K28140",0.816424187725632,1,FALSE,FALSE,FALSE,FALSE
"K04058",0.0443,0,0.916,0.0171,0.162,0.00744,NA,"K04058",0.993374918778428,1,FALSE,FALSE,FALSE,FALSE
"K03230",0.128,0,0.468,-0.0805,0.111,0.0513,NA,"K03230",0.921838808250573,1,FALSE,FALSE,FALSE,FALSE
"K03219",0.0985,0,0.848,0.0253,0.132,0.0136,NA,"K03219",0.987475550405562,1,FALSE,FALSE,FALSE,FALSE
"K07494",0.0985,0,0.129,0.133,0.087,0.107,NA,"K07494",0.687801152737752,1,FALSE,FALSE,FALSE,FALSE
"K03695",0.946,0,0.129,0.419,0.275,0.107,NA,"K03695",0.687801152737752,1,FALSE,FALSE,FALSE,FALSE
"K05810",0.916,0,0.892,0.0298,0.219,0.00961,NA,"K05810",0.992088775736108,1,FALSE,FALSE,FALSE,FALSE
"K05809",0.158,0,0.84,-0.058,0.288,0.0142,NA,"K02344,K05809,K06866,K09802,K09896,K11183,K11926",0.984522471910112,1,FALSE,FALSE,FALSE,FALSE
"K14170",0.552,0,0.00897,-0.509,0.193,0.183,NA,"K14170",0.219296971153846,1,FALSE,FALSE,FALSE,FALSE
"K20966",0.103,0,0.42,0.214,0.265,0.0569,NA,"K20966",0.900062766865927,1,FALSE,FALSE,FALSE,FALSE
"K01529",0.261,0,0.73,0.065,0.188,0.0244,NA,"K01529",0.973435372340426,1,FALSE,FALSE,FALSE,FALSE
"K03720",0.128,0,0.339,-0.21,0.219,0.0674,NA,"K03720",0.858559939301973,1,FALSE,FALSE,FALSE,FALSE
"K08309",0.773,0,0.0134,0.359,0.144,0.173,NA,"K08309",0.258053076923077,1,FALSE,FALSE,FALSE,FALSE
"K06020",0.857,0,0.949,0.0183,0.288,0.00448,NA,"K06020",0.994829403321714,1,FALSE,FALSE,FALSE,FALSE
"K21472",0.3,0,0.337,-0.101,0.105,0.0678,NA,"K21472",0.856962417470797,1,FALSE,FALSE,FALSE,FALSE
"K01207",0.882,0,0.84,0.0233,0.116,0.0142,NA,"K01207",0.984522471910112,1,FALSE,FALSE,FALSE,FALSE
"K09001",0.833,0,0.85,0.0284,0.15,0.0134,NA,"K09001",0.987475550405562,1,FALSE,FALSE,FALSE,FALSE
"K07106",0.463,0,0.801,0.0268,0.106,0.0178,NA,"K07106",0.976419045334613,1,FALSE,FALSE,FALSE,FALSE
"K27882",0.148,0,0.239,0.285,0.241,0.0831,NA,"K27882",0.8009859437751,1,FALSE,FALSE,FALSE,FALSE
"K27883",0.148,0,0.239,0.285,0.241,0.0831,NA,"K27883",0.8009859437751,1,FALSE,FALSE,FALSE,FALSE
"K02477",0.872,0,0.903,0.018,0.148,0.00861,NA,"K02477",0.992180622533976,1,FALSE,FALSE,FALSE,FALSE
"K03774",0.527,0,0.455,0.135,0.181,0.0527,NA,"K03774",0.913832731648616,1,FALSE,FALSE,FALSE,FALSE
"K03980",0.892,0,0.0256,0.461,0.205,0.157,NA,"K03980",0.351175890410959,1,FALSE,FALSE,FALSE,FALSE
"K02968",0.985,0,0.303,0.307,0.297,0.0727,NA,"K02968,K06146,K12660",0.841396694214876,1,FALSE,FALSE,FALSE,FALSE
"K22042",0.527,0,0.71,-0.0318,0.0855,0.0263,NA,"K22042",0.971062753583987,1,FALSE,FALSE,FALSE,FALSE
"K03717",0.345,0,0.367,0.124,0.137,0.0636,NA,"K03717",0.879989661654135,1,FALSE,FALSE,FALSE,FALSE
"K14683",0.108,0,0.58,-0.114,0.205,0.0391,NA,"K14683",0.952775590551181,1,FALSE,FALSE,FALSE,FALSE
"K08484",0.547,0,0.000209,0.768,0.203,0.257,NA,"K08484",0.0259665348837209,1,TRUE,FALSE,TRUE,FALSE
"K03573",0.246,0,0.191,0.199,0.152,0.0921,NA,"K03573",0.758395717684378,1,FALSE,FALSE,FALSE,FALSE
"K04567",0.956,0,0.00111,-0.921,0.278,0.227,NA,"K04567",0.073128552631579,1,FALSE,FALSE,TRUE,FALSE
"K02836",0.951,0,0.833,0.0208,0.0987,0.0149,NA,"K02836",0.980910395108184,1,FALSE,FALSE,FALSE,FALSE
"K03981",0.547,0,0.178,-0.253,0.187,0.095,NA,"K03981",0.742705,1,FALSE,FALSE,FALSE,FALSE
"K04763",0.926,0,0.0303,-0.387,0.177,0.152,NA,"K04763",0.380532,1,FALSE,FALSE,FALSE,FALSE
"K03839",0.355,0,0.38,0.185,0.21,0.062,NA,"K03839",0.886194690265487,1,FALSE,FALSE,FALSE,FALSE
"K03311",0.438,0,0.943,-0.0107,0.149,0.00505,NA,"K03311",0.994829403321714,1,FALSE,FALSE,FALSE,FALSE
"K15460",0.404,0,0.464,-0.142,0.193,0.0517,NA,"K15460",0.920462757527734,1,FALSE,FALSE,FALSE,FALSE
"K09861",0.739,0,0.674,-0.0736,0.175,0.0297,NA,"K09861",0.971062753583987,1,FALSE,FALSE,FALSE,FALSE
"K01151",0.3,0,0.778,0.0618,0.219,0.0199,NA,"K01151",0.976419045334613,1,FALSE,FALSE,FALSE,FALSE
"K01733",0.931,0,0.65,0.116,0.255,0.0321,NA,"K01733",0.969623665480427,1,FALSE,FALSE,FALSE,FALSE
"K00872",0.576,0,0.0294,-0.491,0.224,0.153,NA,"K00872",0.373618781725888,1,FALSE,FALSE,FALSE,FALSE
"K12524",0.32,0,0.126,-0.34,0.221,0.108,NA,"K01089,K12524",0.687801152737752,1,FALSE,FALSE,FALSE,FALSE
"K00928",0.975,0,0.177,0.474,0.35,0.0951,NA,"K00928,K14581",0.742243718592965,1,FALSE,FALSE,FALSE,FALSE
"K07139",0.251,0,0.373,-0.187,0.21,0.0629,NA,"K07139",0.879989661654135,1,FALSE,FALSE,FALSE,FALSE
"K00265",0.975,0,0.253,0.298,0.261,0.0805,NA,"K00265",0.809307547169811,1,FALSE,FALSE,FALSE,FALSE
"K00266",0.951,0,0.179,0.297,0.22,0.0947,NA,"K00266",0.744396179401993,1,FALSE,FALSE,FALSE,FALSE
"K01243",0.586,0,0.628,0.0571,0.118,0.0342,NA,"K01243",0.959827838827839,1,FALSE,FALSE,FALSE,FALSE
"K02227",0.67,0,7.26e-05,0.571,0.141,0.275,NA,"K02227",0.0139810846153846,0.3635082,TRUE,FALSE,TRUE,FALSE
"K06858",0.3,0,0.457,-0.0988,0.132,0.0525,NA,"K06858",0.9152796,1,FALSE,FALSE,FALSE,FALSE
"K03809",0.719,0,0.297,-0.132,0.126,0.0736,NA,"K03809",0.836848058525605,1,FALSE,FALSE,FALSE,FALSE
"K01955",0.961,0,0.614,0.119,0.235,0.0356,NA,"K01955",0.957197699720236,1,FALSE,FALSE,FALSE,FALSE
"K03588",0.818,0,0.13,-0.263,0.173,0.107,NA,"K03588",0.687801152737752,1,FALSE,FALSE,FALSE,FALSE
"K01925",0.975,0,0.726,0.0896,0.255,0.0247,NA,"K01925",0.973248192771084,1,FALSE,FALSE,FALSE,FALSE
"K03587",0.985,0,0.599,-0.118,0.224,0.0371,NA,"K03587",0.955838370983137,1,FALSE,FALSE,FALSE,FALSE
"K03586",0.842,0,0.619,0.0869,0.175,0.0351,NA,"K03586",0.958062751159196,1,FALSE,FALSE,FALSE,FALSE
"K03438",0.946,0,0.407,0.179,0.216,0.0585,NA,"K03438",0.892618922470434,1,FALSE,FALSE,FALSE,FALSE
"K07121",0.468,0,0.746,-0.0771,0.238,0.0228,NA,"K07121,K07153",0.975763322884013,1,FALSE,FALSE,FALSE,FALSE
"K07460",0.892,0,0.0734,-0.448,0.249,0.126,NA,"K07460",0.57967476340694,1,FALSE,FALSE,FALSE,FALSE
"K03271",0.601,0,0.969,0.0043,0.112,0.00272,NA,"K03271",0.994829403321714,1,FALSE,FALSE,FALSE,FALSE
"K28369",0.493,0,0.28,-0.206,0.19,0.0763,NA,"K28369",0.820339379754242,1,FALSE,FALSE,FALSE,FALSE
"K00413",0.616,0,0.75,-0.0654,0.205,0.0225,NA,"K00411,K00412,K00413",0.976419045334613,1,FALSE,FALSE,FALSE,FALSE
"K09908",0.414,0,0.184,0.292,0.219,0.0937,NA,"K09908",0.750234527687296,1,FALSE,FALSE,FALSE,FALSE
"K04772",0.36,0,0.0759,-0.317,0.178,0.125,NA,"K04772",0.585433846153846,1,FALSE,FALSE,FALSE,FALSE
"K04771",0.7,0,0.348,0.241,0.256,0.0661,NA,"K04771",0.864732506203474,1,FALSE,FALSE,FALSE,FALSE
"K02622",0.764,0,0.539,0.0877,0.143,0.0433,NA,"K02622",0.945610721793973,1,FALSE,FALSE,FALSE,FALSE
"K07000",0.512,0,0.638,-0.116,0.247,0.0332,NA,"K07000",0.966263157894737,1,FALSE,FALSE,FALSE,FALSE
"K09920",0.453,0,0.276,-0.221,0.202,0.0768,NA,"K09920",0.818253097345133,1,FALSE,FALSE,FALSE,FALSE
"K01515",0.803,0,0.125,0.153,0.0992,0.108,NA,"K01515",0.687801152737752,1,FALSE,FALSE,FALSE,FALSE
"K03272",0.498,0,0.995,0.000926,0.138,0.000473,NA,"K03272",0.998189741534763,1,FALSE,FALSE,FALSE,FALSE
"K00982",0.823,0,0.509,0.211,0.319,0.0466,NA,"K00982",0.927424672489083,1,FALSE,FALSE,FALSE,FALSE
"K18446",0.537,0,0.00324,0.388,0.13,0.206,NA,"K18446",0.144845357142857,1,FALSE,FALSE,FALSE,FALSE
"K07220",0.665,0,0.811,0.0324,0.135,0.0169,NA,"K07220",0.976419045334613,1,FALSE,FALSE,FALSE,FALSE
"K03306",0.833,0,0.164,-0.129,0.0927,0.098,NA,"K03306",0.723478414096916,1,FALSE,FALSE,FALSE,FALSE
"K07184",0.32,0,0.793,-0.0511,0.195,0.0185,NA,"K07184",0.976419045334613,1,FALSE,FALSE,FALSE,FALSE
"K02451",0.192,0,0.246,-0.239,0.206,0.0818,NA,"K02451",0.804521227955585,1,FALSE,FALSE,FALSE,FALSE
"K02450",0.187,0,0.383,-0.194,0.222,0.0615,NA,"K02450",0.888638090824838,1,FALSE,FALSE,FALSE,FALSE
"K00974",0.828,0,0.811,-0.0279,0.117,0.0169,NA,"K00974",0.976419045334613,1,FALSE,FALSE,FALSE,FALSE
"K01633",0.97,0,0.41,-0.257,0.311,0.0582,NA,"K01633",0.893563612679114,1,FALSE,FALSE,FALSE,FALSE
"K08591",0.768,0,0.485,0.116,0.166,0.0493,NA,"K08591",0.922836711711712,1,FALSE,FALSE,FALSE,FALSE
"K09117",0.695,0,0.596,0.0787,0.148,0.0375,NA,"K09117",0.955838370983137,1,FALSE,FALSE,FALSE,FALSE
"K01740",0.7,0,0.571,-0.0419,0.0739,0.04,NA,"K01740",0.949517436067752,1,FALSE,FALSE,FALSE,FALSE
"K15735",0.217,0,0.144,-0.138,0.0943,0.103,NA,"K15735",0.689300191204589,1,FALSE,FALSE,FALSE,FALSE
"K01653",0.966,0,0.553,0.223,0.375,0.0419,NA,"K01653",0.949517436067752,1,FALSE,FALSE,FALSE,FALSE
"K01897",0.916,0,0.0214,0.509,0.219,0.161,NA,"K01897",0.311481976744186,1,FALSE,FALSE,FALSE,FALSE
"K05798",0.0936,0,0.555,-0.123,0.208,0.0417,NA,"K05798",0.949517436067752,1,FALSE,FALSE,FALSE,FALSE
"K19302",0.522,0,0.218,-0.153,0.124,0.0868,NA,"K19302",0.786968997837058,1,FALSE,FALSE,FALSE,FALSE
"K00052",0.985,0,0.0772,-0.298,0.168,0.124,NA,"K00052",0.587447416413374,1,FALSE,FALSE,FALSE,FALSE
"K05801",0.552,0,0.0059,0.503,0.181,0.193,NA,"K05801",0.200921923076923,1,FALSE,FALSE,FALSE,FALSE
"K03771",0.66,0,0.728,0.0946,0.272,0.0245,NA,"K03771",0.973435372340426,1,FALSE,FALSE,FALSE,FALSE
"K00097",0.69,0,0.23,0.147,0.122,0.0847,NA,"K00097",0.800841446453407,1,FALSE,FALSE,FALSE,FALSE
"K06195",0.68,0,0.284,-0.177,0.165,0.0755,NA,"K06195",0.823386218876665,1,FALSE,FALSE,FALSE,FALSE
"K07080",0.424,0,0.208,0.118,0.0933,0.0888,NA,"K07080",0.774316728624535,1,FALSE,FALSE,FALSE,FALSE
"K14061",0.113,0,0.209,-0.294,0.233,0.0886,NA,"K14061",0.775157777777778,1,FALSE,FALSE,FALSE,FALSE
"K00018",0.419,0,0.805,0.0303,0.122,0.0174,NA,"K00018",0.976419045334613,1,FALSE,FALSE,FALSE,FALSE
"K06177",0.635,0,0.993,0.00115,0.14,0.000578,NA,"K06177",0.99758246388443,1,FALSE,FALSE,FALSE,FALSE
"K03580",0.626,0,0.0738,0.18,0.1,0.126,NA,"K03580",0.580905443234837,1,FALSE,FALSE,FALSE,FALSE
"K07175",0.719,0,0.576,0.102,0.182,0.0394,NA,"K07175",0.95096741277156,1,FALSE,FALSE,FALSE,FALSE
"K03568",0.66,0,0.115,0.284,0.179,0.111,NA,"K03568",0.687801152737752,1,FALSE,FALSE,FALSE,FALSE
"K11206",0.552,0,0.000191,0.673,0.177,0.259,NA,"K11206",0.0255620526315789,0.956337,TRUE,FALSE,TRUE,FALSE
"K08301",0.567,0,0.0915,-0.373,0.22,0.119,NA,"K08301",0.643455758426966,1,FALSE,FALSE,FALSE,FALSE
"K06287",0.966,0,0.713,0.0657,0.179,0.026,NA,"K06287",0.971062753583987,1,FALSE,FALSE,FALSE,FALSE
"K03571",0.729,0,0.172,0.253,0.184,0.0961,NA,"K03571",0.734699745547074,1,FALSE,FALSE,FALSE,FALSE
"K03570",0.768,0,0.154,0.354,0.247,0.1,NA,"K03570",0.701789757412399,1,FALSE,FALSE,FALSE,FALSE
"K03569",0.773,0,0.0459,0.476,0.237,0.14,NA,"K03569",0.464285454545455,1,FALSE,FALSE,FALSE,FALSE
"K12286",0.143,0,0.411,-0.136,0.165,0.0581,NA,"K12286",0.893563612679114,1,FALSE,FALSE,FALSE,FALSE
"K10925",0.143,0,0.166,-0.224,0.161,0.0976,NA,"K10925",0.725905676855895,1,FALSE,FALSE,FALSE,FALSE
"K12282",0.163,0,0.0284,-0.331,0.15,0.154,NA,"K12282",0.367438759689923,1,FALSE,FALSE,FALSE,FALSE
"K00963",0.325,0,0.962,0.00478,0.1,0.00337,NA,"K00963",0.994829403321714,1,FALSE,FALSE,FALSE,FALSE
"K00830",0.158,0,0.429,0.118,0.149,0.0558,NA,"K00830",0.903281328847771,1,FALSE,FALSE,FALSE,FALSE
"K00548",0.941,0,0.381,-0.147,0.167,0.0618,NA,"K00548",0.886874476987448,1,FALSE,FALSE,FALSE,FALSE
"K03316",0.315,0,0.391,0.0799,0.093,0.0605,NA,"K03316",0.889784691136974,1,FALSE,FALSE,FALSE,FALSE
"K01726",0.966,0,0.566,0.0981,0.171,0.0405,NA,"K01726",0.949517436067752,1,FALSE,FALSE,FALSE,FALSE
"K00014",0.916,0,0.446,0.125,0.163,0.0537,NA,"K00014",0.909251628664495,1,FALSE,FALSE,FALSE,FALSE
"K00228",0.724,0,0.435,0.204,0.26,0.0551,NA,"K00228",0.906028571428571,1,FALSE,FALSE,FALSE,FALSE
"K01589",0.985,0,0.967,0.00966,0.23,0.00296,NA,"K01589,K15896,K26290",0.994829403321714,1,FALSE,FALSE,FALSE,FALSE
"K03747",0.281,0,0.12,-0.32,0.205,0.109,NA,"K03747",0.687801152737752,1,FALSE,FALSE,FALSE,FALSE
"K03499",0.862,0,0.719,-0.0635,0.176,0.0254,NA,"K03499",0.971931155507559,1,FALSE,FALSE,FALSE,FALSE
"K03498",0.857,0,0.427,-0.137,0.172,0.0561,NA,"K03498",0.902105063291139,1,FALSE,FALSE,FALSE,FALSE
"K11068",0.906,0,0.135,-0.206,0.137,0.105,NA,"K11068",0.687801152737752,1,FALSE,FALSE,FALSE,FALSE
"K06377",0.227,0,0.301,-0.236,0.227,0.0729,NA,"K06377",0.839146436525612,1,FALSE,FALSE,FALSE,FALSE
"K03673",0.621,0,0.292,-0.151,0.143,0.0743,NA,"K03673",0.831651877133106,1,FALSE,FALSE,FALSE,FALSE
"K07391",0.897,0,0.127,-0.532,0.347,0.107,NA,"K07391",0.687801152737752,1,FALSE,FALSE,FALSE,FALSE
"K11258",0.266,0,0.242,-0.29,0.247,0.0825,NA,"K11258",0.803510610079576,1,FALSE,FALSE,FALSE,FALSE
"K01687",0.985,0,0.0317,1.04,0.481,0.151,NA,"K01687,K06034,K09539,K11168,K11173,K13039,K15303,K16651,K18371,K22373,K22686,K24263,K27187,K27188",0.389024264705882,1,FALSE,FALSE,FALSE,FALSE
"K28371",0.113,0,0.45,-0.148,0.196,0.0533,NA,"K28371",0.91109987868985,1,FALSE,FALSE,FALSE,FALSE
"K02114",0.842,0,0.43,0.124,0.157,0.0557,NA,"K02114",0.904070800167574,1,FALSE,FALSE,FALSE,FALSE
"K02110",0.768,0,0.646,0.0644,0.14,0.0324,NA,"K02110",0.968469058295964,1,FALSE,FALSE,FALSE,FALSE
"K03497",0.951,0,0.625,0.101,0.206,0.0345,NA,"K03497",0.958754595588235,1,FALSE,FALSE,FALSE,FALSE
"K03496",0.941,0,0.718,0.0626,0.173,0.0255,NA,"K03496",0.971103727714749,1,FALSE,FALSE,FALSE,FALSE
"K06205",0.241,0,0.0356,-0.535,0.253,0.148,NA,"K06205",0.409768275862069,1,FALSE,FALSE,FALSE,FALSE
"K03536",0.892,0,0.867,-0.0184,0.11,0.0118,NA,"K03536",0.989755813953488,1,FALSE,FALSE,FALSE,FALSE
"K02914",0.611,0,0.108,0.135,0.0836,0.113,NA,"K02914",0.687801152737752,1,FALSE,FALSE,FALSE,FALSE
"K16963",0.232,0,0.173,-0.191,0.14,0.0959,NA,"K16963",0.734699745547074,1,FALSE,FALSE,FALSE,FALSE
"K16962",0.177,0,0.195,-0.16,0.123,0.0914,NA,"K16961,K16962",0.763381548084441,1,FALSE,FALSE,FALSE,FALSE
"K03629",0.921,0,0.254,0.37,0.323,0.0805,NA,"K03629,K21677",0.809307547169811,1,FALSE,FALSE,FALSE,FALSE
"K04080",0.532,0,0.00529,0.491,0.174,0.195,NA,"K04080",0.195125735294118,1,FALSE,FALSE,FALSE,FALSE
"K00835",0.256,0,0.886,-0.0262,0.183,0.0101,NA,"K00835",0.991805481283422,1,FALSE,FALSE,FALSE,FALSE
"K01176",0.345,0,0.356,0.0824,0.0891,0.0651,NA,"K01176",0.869932650073206,1,FALSE,FALSE,FALSE,FALSE
"K01879",0.768,0,0.496,0.144,0.212,0.048,NA,"K01879",0.924598659717051,1,FALSE,FALSE,FALSE,FALSE
"K01878",0.768,0,0.496,0.144,0.212,0.048,NA,"K01878",0.924598659717051,1,FALSE,FALSE,FALSE,FALSE
"K23541",0.438,0,0.101,0.209,0.127,0.115,NA,"K23541",0.668924603174603,1,FALSE,FALSE,FALSE,FALSE
"K04085",0.749,0,0.263,0.176,0.157,0.0789,NA,"K04085",0.814447319778189,1,FALSE,FALSE,FALSE,FALSE
"K19745",0.645,0,0.247,0.116,0.0996,0.0817,NA,"K19745",0.805162109375,1,FALSE,FALSE,FALSE,FALSE
"K00632",0.897,0,0.319,-0.151,0.152,0.0702,NA,"K00632",0.849047543581616,1,FALSE,FALSE,FALSE,FALSE
"K01825",0.429,0,0.185,-0.243,0.183,0.0933,NA,"K01825",0.750644246353322,1,FALSE,FALSE,FALSE,FALSE
"K00230",0.207,0,0.989,0.00176,0.132,0.000941,NA,"K00230",0.99758246388443,1,FALSE,FALSE,FALSE,FALSE
"K12262",0.665,0,0.977,0.00392,0.138,0.00201,NA,"K12262",0.995692855688988,1,FALSE,FALSE,FALSE,FALSE
"K07459",0.424,0,0.0199,-0.12,0.0512,0.163,NA,"K07459",0.29832125748503,1,FALSE,FALSE,FALSE,FALSE
"K11927",0.754,0,0.329,0.239,0.244,0.0688,NA,"K11927",0.853082858622475,1,FALSE,FALSE,FALSE,FALSE
"K06193",0.887,0,0.678,0.0458,0.11,0.0293,NA,"K06193",0.971062753583987,1,FALSE,FALSE,FALSE,FALSE
"K23010",0.507,0,0.0734,-0.362,0.201,0.126,NA,"K23010",0.57967476340694,1,FALSE,FALSE,FALSE,FALSE
"K01423",0.591,0,0.125,-0.351,0.228,0.108,NA,"K01423",0.687801152737752,1,FALSE,FALSE,FALSE,FALSE
"K19222",0.744,0,0.822,0.03,0.133,0.0158,NA,"K19222",0.980174803524649,1,FALSE,FALSE,FALSE,FALSE
"K11925",0.182,0,0.00135,-0.754,0.232,0.223,NA,"K11925",0.0866596153846154,1,FALSE,FALSE,TRUE,FALSE
"K08984",0.286,0,0.894,0.0109,0.0816,0.0094,NA,"K08984",0.992088775736108,1,FALSE,FALSE,FALSE,FALSE
"K10804",0.695,0,0.808,0.0275,0.113,0.0172,NA,"K10804",0.976419045334613,1,FALSE,FALSE,FALSE,FALSE
"K02003",0.98,0,0.576,-0.0929,0.166,0.0395,NA,"K02003",0.95096741277156,1,FALSE,FALSE,FALSE,FALSE
"K23124",0.512,0,0.373,-0.0641,0.0718,0.0629,NA,"K23124",0.879989661654135,1,FALSE,FALSE,FALSE,FALSE
"K07160",0.842,0,0.87,0.017,0.104,0.0116,NA,"K07160",0.990708087233076,1,FALSE,FALSE,FALSE,FALSE
"K01784",0.961,0,0.195,0.212,0.163,0.0914,NA,"K01784",0.763381548084441,1,FALSE,FALSE,FALSE,FALSE
"K16087",0.542,0,0.415,-0.0734,0.09,0.0575,NA,"K16087",0.896034928848642,1,FALSE,FALSE,FALSE,FALSE
"K09181",0.335,0,0.00394,-0.536,0.184,0.202,NA,"K09181",0.163037851239669,1,FALSE,FALSE,FALSE,FALSE
"K03113",0.498,0,0.846,-0.0324,0.167,0.0137,NA,"K03113",0.987475550405562,1,FALSE,FALSE,FALSE,FALSE
"K00325",0.67,0,0.865,0.015,0.0877,0.012,NA,"K00325",0.989755813953488,1,FALSE,FALSE,FALSE,FALSE
"K00324",0.719,0,0.898,-0.0121,0.0942,0.00904,NA,"K00324",0.992180622533976,1,FALSE,FALSE,FALSE,FALSE
"K02017",0.542,0,0.218,0.152,0.123,0.0869,NA,"K02017",0.786968997837058,1,FALSE,FALSE,FALSE,FALSE
"K02018",0.906,0,0.299,0.116,0.112,0.0732,NA,"K02018",0.839146436525612,1,FALSE,FALSE,FALSE,FALSE
"K02020",0.946,0,0.862,0.0257,0.147,0.0123,NA,"K02020",0.989755813953488,1,FALSE,FALSE,FALSE,FALSE
"K02232",0.631,0,0.00029,0.496,0.134,0.252,NA,"K02232",0.0322673333333333,1,TRUE,FALSE,TRUE,FALSE
"K04068",0.227,0,0.335,-0.0926,0.0957,0.0681,NA,"K04068",0.855351861295258,1,FALSE,FALSE,FALSE,FALSE
"K21636",0.315,0,0.724,-0.0414,0.117,0.025,NA,"K21636",0.972688906752412,1,FALSE,FALSE,FALSE,FALSE
"K00648",0.901,0,0.745,0.0649,0.2,0.0229,NA,"K00648",0.975729793356003,1,FALSE,FALSE,FALSE,FALSE
"K03672",0.512,0,0.393,-0.0946,0.11,0.0603,NA,"K03672",0.889784691136974,1,FALSE,FALSE,FALSE,FALSE
"K08219",0.177,0,0.173,-0.163,0.119,0.0959,NA,"K08219",0.734699745547074,1,FALSE,FALSE,FALSE,FALSE
"K10094",0.325,0,0.932,-0.0072,0.0846,0.00601,NA,"K10094",0.994829403321714,1,FALSE,FALSE,FALSE,FALSE
"K09939",0.256,0,0.444,0.126,0.164,0.054,NA,"K09939",0.908503473641193,1,FALSE,FALSE,FALSE,FALSE
"K03832",0.734,0,0.233,-0.295,0.246,0.0842,NA,"K03832",0.8009859437751,1,FALSE,FALSE,FALSE,FALSE
"K02303",0.956,0,0.531,0.0931,0.148,0.0442,NA,"K02303",0.944482060390764,1,FALSE,FALSE,FALSE,FALSE
"K00363",0.507,0,0.989,-0.00125,0.0921,0.000955,NA,"K00363",0.99758246388443,1,FALSE,FALSE,FALSE,FALSE
"K00362",0.537,0,0.974,-0.00316,0.0955,0.00233,NA,"K00362",0.995681215582296,1,FALSE,FALSE,FALSE,FALSE
"K01620",0.867,0,0.712,-0.0431,0.116,0.0261,NA,"K01620",0.971062753583987,1,FALSE,FALSE,FALSE,FALSE
"K02441",0.414,0,0.388,0.193,0.223,0.0609,NA,"K02441",0.889784691136974,1,FALSE,FALSE,FALSE,FALSE
"K02415",0.764,0,0.653,0.0645,0.143,0.0318,NA,"K02415",0.969623665480427,1,FALSE,FALSE,FALSE,FALSE
"K03181",0.473,0,0.57,0.129,0.228,0.0401,NA,"K03181",0.949517436067752,1,FALSE,FALSE,FALSE,FALSE
"K03179",0.719,0,0.436,0.187,0.24,0.0549,NA,"K03179",0.906028571428571,1,FALSE,FALSE,FALSE,FALSE
"K00631",0.468,0,0.782,-0.0475,0.172,0.0195,NA,"K00631",0.976419045334613,1,FALSE,FALSE,FALSE,FALSE
"K01356",0.946,0,0.464,0.147,0.2,0.0517,NA,"K01356",0.920462757527734,1,FALSE,FALSE,FALSE,FALSE
"K00322",0.468,0,0.706,0.0666,0.176,0.0266,NA,"K00322",0.971062753583987,1,FALSE,FALSE,FALSE,FALSE
"K22105",0.463,0,0.469,0.127,0.174,0.0511,NA,"K22105",0.921838808250573,1,FALSE,FALSE,FALSE,FALSE
"K08993",0.31,0,0.0436,0.382,0.188,0.142,NA,"K08993",0.451977639751553,1,FALSE,FALSE,FALSE,FALSE
"K11065",0.591,0,0.119,0.25,0.16,0.11,NA,"K11065",0.687801152737752,1,FALSE,FALSE,FALSE,FALSE
"K06199",0.961,0,0.763,0.0718,0.238,0.0213,NA,"K06199",0.976419045334613,1,FALSE,FALSE,FALSE,FALSE
"K03147",0.877,0,0.376,0.0925,0.104,0.0624,NA,"K03147",0.882208059981256,1,FALSE,FALSE,FALSE,FALSE
"K00788",0.975,0,0.657,0.0966,0.217,0.0313,NA,"K00788",0.971062753583987,1,FALSE,FALSE,FALSE,FALSE
"K03154",0.916,0,0.274,0.144,0.132,0.0771,NA,"K03154",0.818078711985689,1,FALSE,FALSE,FALSE,FALSE
"K03149",0.916,0,0.274,0.144,0.132,0.0771,NA,"K03149",0.818078711985689,1,FALSE,FALSE,FALSE,FALSE
"K11914",0.069,0,0.803,0.0343,0.138,0.0176,NA,"K11914",0.976419045334613,1,FALSE,FALSE,FALSE,FALSE
"K11907",0.414,0,0.852,0.0154,0.0827,0.0132,NA,"K11891,K11892,K11893,K11895,K11896,K11900,K11901,K11907",0.987491666666667,1,FALSE,FALSE,FALSE,FALSE
"K11903",0.414,0,0.934,0.00684,0.0819,0.00589,NA,"K11903",0.994829403321714,1,FALSE,FALSE,FALSE,FALSE
"K11904",0.498,0,0.799,-0.019,0.0745,0.018,NA,"K11904",0.976419045334613,1,FALSE,FALSE,FALSE,FALSE
"K11910",0.222,0,0.594,0.0474,0.0887,0.0376,NA,"K11910",0.955838370983137,1,FALSE,FALSE,FALSE,FALSE
"K11905",0.232,0,0.716,0.0311,0.0854,0.0257,NA,"K11905",0.971062753583987,1,FALSE,FALSE,FALSE,FALSE
"K11911",0.167,0,0.394,0.0843,0.0988,0.0601,NA,"K11911",0.889784691136974,1,FALSE,FALSE,FALSE,FALSE
"K11906",0.389,0,0.885,0.0114,0.0786,0.0102,NA,"K11906",0.991805481283422,1,FALSE,FALSE,FALSE,FALSE
"K25223",0.227,0,0.486,0.0872,0.125,0.0492,NA,"K25223",0.922836711711712,1,FALSE,FALSE,FALSE,FALSE
"K03892",0.862,0,0.352,-0.0981,0.105,0.0656,NA,"K03892",0.867781388478582,1,FALSE,FALSE,FALSE,FALSE
"K07181",0.276,0,0.744,-0.0488,0.149,0.0231,NA,"K07181",0.975729793356003,1,FALSE,FALSE,FALSE,FALSE
"K05834",0.877,0,0.408,0.106,0.128,0.0584,NA,"K05834",0.893563612679114,1,FALSE,FALSE,FALSE,FALSE
"K01048",0.438,0,0.0791,0.315,0.178,0.124,NA,"K01048",0.595608805970149,1,FALSE,FALSE,FALSE,FALSE
"K08306",0.187,0,0.591,-0.058,0.108,0.0379,NA,"K08306",0.95548498546981,1,FALSE,FALSE,FALSE,FALSE
"K03439",0.98,0,0.904,0.0285,0.236,0.00853,NA,"K03439",0.992180622533976,1,FALSE,FALSE,FALSE,FALSE
"K01425",0.729,0,0.567,0.05,0.0871,0.0404,NA,"K01425",0.949517436067752,1,FALSE,FALSE,FALSE,FALSE
"K09131",0.374,0,0.177,0.154,0.113,0.0952,NA,"K09131",0.742243718592965,1,FALSE,FALSE,FALSE,FALSE
"K02221",0.911,0,0.302,0.287,0.278,0.0728,NA,"K02221",0.840530294608116,1,FALSE,FALSE,FALSE,FALSE
"K02669",0.463,0,0.0274,-0.288,0.13,0.155,NA,"K02669",0.36198364116095,1,FALSE,FALSE,FALSE,FALSE
"K02670",0.389,0,0.0209,-0.352,0.151,0.162,NA,"K02670",0.306551020408163,1,FALSE,FALSE,FALSE,FALSE
"K07735",0.749,0,0.101,0.505,0.307,0.115,NA,"K07735",0.668924603174603,1,FALSE,FALSE,FALSE,FALSE
"K01920",0.704,0,0.0848,0.392,0.226,0.121,NA,"K01920",0.615187120115774,1,FALSE,FALSE,FALSE,FALSE
"K01150",0.453,0,0.000145,0.762,0.197,0.264,NA,"K01150",0.02268796875,0.726015,TRUE,FALSE,TRUE,FALSE
"K02742",0.394,0,0.332,0.151,0.155,0.0684,NA,"K02742",0.855351861295258,1,FALSE,FALSE,FALSE,FALSE
"K01624",0.926,0,0.817,-0.0411,0.177,0.0164,NA,"K01624",0.978640909090909,1,FALSE,FALSE,FALSE,FALSE
"K05596",0.626,0,0.775,0.027,0.0944,0.0202,NA,"K05596",0.976419045334613,1,FALSE,FALSE,FALSE,FALSE
"K09807",0.67,0,0.602,0.0638,0.122,0.0368,NA,"K09807",0.956963866877971,1,FALSE,FALSE,FALSE,FALSE
"K00058",0.98,0,0.176,0.39,0.287,0.0954,NA,"K00058",0.739909319899244,1,FALSE,FALSE,FALSE,FALSE
"K01807",0.734,0,0.544,0.104,0.171,0.0428,NA,"K01807",0.948823018080668,1,FALSE,FALSE,FALSE,FALSE
"K09888",0.837,0,0.127,0.398,0.26,0.107,NA,"K09888",0.687801152737752,1,FALSE,FALSE,FALSE,FALSE
"K03185",0.616,0,0.0839,0.284,0.164,0.122,NA,"K03185",0.613102040816327,1,FALSE,FALSE,FALSE,FALSE
"K18800",0.493,0,0.665,0.0787,0.182,0.0305,NA,"K18800",0.971062753583987,1,FALSE,FALSE,FALSE,FALSE
"K06980",0.788,0,0.73,0.0695,0.201,0.0244,NA,"K06980",0.973435372340426,1,FALSE,FALSE,FALSE,FALSE
"K09159",0.635,0,0.00587,0.411,0.148,0.193,NA,"K09159",0.200921923076923,1,FALSE,FALSE,FALSE,FALSE
"K00278",0.921,0,0.005,0.402,0.142,0.196,NA,"K00278,K03517",0.188233082706767,1,FALSE,FALSE,FALSE,FALSE
"K03597",0.542,0,0.361,-0.19,0.208,0.0645,NA,"K03597",0.876589233753637,1,FALSE,FALSE,FALSE,FALSE
"K03598",0.498,0,0.708,0.0777,0.207,0.0264,NA,"K03598",0.971062753583987,1,FALSE,FALSE,FALSE,FALSE
"K03803",0.305,0,0.123,-0.319,0.206,0.109,NA,"K03613,K03617,K03803",0.687801152737752,1,FALSE,FALSE,FALSE,FALSE
"K00997",0.606,0,0.304,-0.187,0.182,0.0724,NA,"K00997",0.841396694214876,1,FALSE,FALSE,FALSE,FALSE
"K07678",0.433,0,0.68,0.105,0.255,0.0292,NA,"K07678,K09916",0.971062753583987,1,FALSE,FALSE,FALSE,FALSE
"K03215",0.882,0,0.134,-0.226,0.15,0.105,NA,"K03215",0.687801152737752,1,FALSE,FALSE,FALSE,FALSE
"K04765",0.783,0,0.236,0.234,0.197,0.0836,NA,"K04765",0.8009859437751,1,FALSE,FALSE,FALSE,FALSE
"K00991",0.734,0,0.737,0.036,0.107,0.0237,NA,"K00991",0.975200581395349,1,FALSE,FALSE,FALSE,FALSE
"K01770",0.635,0,0.45,-0.0993,0.131,0.0533,NA,"K01770",0.91109987868985,1,FALSE,FALSE,FALSE,FALSE
"K03787",0.744,0,0.0708,0.355,0.195,0.127,NA,"K03787",0.56959632,1,FALSE,FALSE,FALSE,FALSE
"K00573",0.734,0,0.96,-0.00832,0.164,0.00357,NA,"K00573",0.994829403321714,1,FALSE,FALSE,FALSE,FALSE
"K06194",0.695,0,0.685,0.0844,0.208,0.0286,NA,"K06194",0.971062753583987,1,FALSE,FALSE,FALSE,FALSE
"K03087",0.438,0,0.512,0.154,0.235,0.0463,NA,"K03087",0.930182873730043,1,FALSE,FALSE,FALSE,FALSE
"K03563",0.626,0,0.468,-0.083,0.114,0.0512,NA,"K03563",0.921838808250573,1,FALSE,FALSE,FALSE,FALSE
"K01573",0.128,0,0.185,-0.311,0.234,0.0933,NA,"K01571,K01573,K20509",0.750644246353322,1,FALSE,FALSE,FALSE,FALSE
"K07263",0.842,0,0.806,-0.0413,0.168,0.0173,NA,"K07263",0.976419045334613,1,FALSE,FALSE,FALSE,FALSE
"K01919",0.7,0,0.129,0.343,0.225,0.107,NA,"K01919",0.687801152737752,1,FALSE,FALSE,FALSE,FALSE
"K07173",0.286,0,0.992,-0.00201,0.192,0.00074,NA,"K07173",0.99758246388443,1,FALSE,FALSE,FALSE,FALSE
"K09862",0.562,0,0.00158,0.316,0.0985,0.22,NA,"K09862",0.0964763414634146,1,FALSE,FALSE,TRUE,FALSE
"K18778",0.236,0,0.351,-0.206,0.22,0.0658,NA,"K18778",0.867023680315738,1,FALSE,FALSE,FALSE,FALSE
"K02654",0.69,0,0.0351,-0.35,0.165,0.148,NA,"K02654",0.407762645011601,1,FALSE,FALSE,FALSE,FALSE
"K02653",0.448,0,0.0526,-0.281,0.144,0.136,NA,"K02653",0.491358582089552,1,FALSE,FALSE,FALSE,FALSE
"K02650",0.502,0,0.765,0.0443,0.148,0.0212,NA,"K02650",0.976419045334613,1,FALSE,FALSE,FALSE,FALSE
"K00767",0.961,0,0.00013,0.777,0.199,0.265,NA,"K00767",0.021697,0.65091,TRUE,FALSE,TRUE,FALSE
"K03806",0.498,0,0.208,-0.275,0.218,0.0888,NA,"K03806",0.774316728624535,1,FALSE,FALSE,FALSE,FALSE
"K05799",0.621,0,0.0445,0.287,0.142,0.141,NA,"K05799",0.455647239263804,1,FALSE,FALSE,FALSE,FALSE
"K00163",0.759,0,0.529,0.08,0.127,0.0445,NA,"K00163",0.943606341289633,1,FALSE,FALSE,FALSE,FALSE
"K00627",0.975,0,0.463,0.188,0.256,0.0518,NA,"K00627",0.920302104009528,1,FALSE,FALSE,FALSE,FALSE
"K10913",0.0739,0,0.575,-0.191,0.34,0.0396,NA,"K10913",0.950486959392539,1,FALSE,FALSE,FALSE,FALSE
"K00760",0.818,0,0.735,-0.0575,0.17,0.0239,NA,"K00760",0.974356632247816,1,FALSE,FALSE,FALSE,FALSE
"K03321",0.956,0,0.143,0.242,0.165,0.103,NA,"K03321",0.687801152737752,1,FALSE,FALSE,FALSE,FALSE
"K01918",0.98,0,0.477,-0.167,0.234,0.0502,NA,"K00606,K01918",0.921838808250573,1,FALSE,FALSE,FALSE,FALSE
"K00970",0.68,0,0.0109,0.585,0.228,0.178,NA,"K00970",0.237288260869565,1,FALSE,FALSE,FALSE,FALSE
"K01894",0.729,0,0.552,0.0711,0.119,0.042,NA,"K01894",0.949517436067752,1,FALSE,FALSE,FALSE,FALSE
"K06206",0.512,0,0.235,0.242,0.203,0.0837,NA,"K06206",0.8009859437751,1,FALSE,FALSE,FALSE,FALSE
"K03579",0.709,0,0.145,0.225,0.154,0.103,NA,"K03579",0.692102001906578,1,FALSE,FALSE,FALSE,FALSE
"K05365",0.458,0,0.251,0.258,0.225,0.0809,NA,"K05365",0.809307547169811,1,FALSE,FALSE,FALSE,FALSE
"K01682",0.601,0,0.0683,-0.244,0.133,0.128,NA,"K01682",0.562362561576355,1,FALSE,FALSE,FALSE,FALSE
"K09910",0.246,0,0.846,0.0524,0.27,0.0137,NA,"K01146,K09910",0.987475550405562,1,FALSE,FALSE,FALSE,FALSE
"K04752",0.685,0,0.00263,0.801,0.263,0.21,NA,"K04752",0.127848640776699,1,FALSE,FALSE,FALSE,FALSE
"K04751",0.901,0,0.182,0.26,0.194,0.0939,NA,"K04751",0.746334152334152,1,FALSE,FALSE,FALSE,FALSE
"K02012",0.823,0,0.916,-0.0132,0.126,0.00744,NA,"K02012",0.993374918778428,1,FALSE,FALSE,FALSE,FALSE
"K02011",0.823,0,0.81,-0.0335,0.139,0.017,NA,"K02011",0.976419045334613,1,FALSE,FALSE,FALSE,FALSE
"K18675",0.0345,0,0.3,-0.301,0.289,0.0731,NA,"K18675",0.839146436525612,1,FALSE,FALSE,FALSE,FALSE
"K12373",0.404,0,0.314,-0.0886,0.0878,0.071,NA,"K12373",0.843906602254428,1,FALSE,FALSE,FALSE,FALSE
"K18676",0.281,0,0.259,0.176,0.155,0.0797,NA,"K18676",0.810508125,1,FALSE,FALSE,FALSE,FALSE
"K01179",0.197,0,0.206,-0.128,0.101,0.0891,NA,"K01179",0.774316728624535,1,FALSE,FALSE,FALSE,FALSE
"K19694",0.118,0,0.0873,-0.252,0.146,0.12,NA,"K19694",0.625337768240343,1,FALSE,FALSE,FALSE,FALSE
"K01845",0.911,0,0.444,-0.0846,0.11,0.054,NA,"K01845",0.908503473641193,1,FALSE,FALSE,FALSE,FALSE
"K15724",0.714,0,0.0617,-0.321,0.171,0.131,NA,"K15724",0.543894190140845,1,FALSE,FALSE,FALSE,FALSE
"K18990",0.108,0,0.748,0.0567,0.176,0.0227,NA,"K18990",0.975830119854091,1,FALSE,FALSE,FALSE,FALSE
"K18989",0.108,0,0.748,0.0567,0.176,0.0227,NA,"K18989",0.975830119854091,1,FALSE,FALSE,FALSE,FALSE
"K19304",0.695,0,0.838,0.0381,0.186,0.0144,NA,"K19304",0.983559774964838,1,FALSE,FALSE,FALSE,FALSE
"K07259",0.7,0,0.569,-0.0735,0.129,0.0402,NA,"K07259",0.949517436067752,1,FALSE,FALSE,FALSE,FALSE
"K07574",0.685,0,0.0522,-0.478,0.245,0.136,NA,"K07574",0.489448314606742,1,FALSE,FALSE,FALSE,FALSE
"K03075",0.847,0,0.0966,-0.325,0.195,0.117,NA,"K03075",0.657635820895522,1,FALSE,FALSE,FALSE,FALSE
"K09748",0.966,0,0.962,-0.0129,0.27,0.00336,NA,"K09748,K10773",0.994829403321714,1,FALSE,FALSE,FALSE,FALSE
"K24845",0.374,0,0.942,0.00905,0.124,0.00514,NA,"K24843,K24844,K24845",0.994829403321714,1,FALSE,FALSE,FALSE,FALSE
"K03824",0.493,0,0.112,-0.146,0.0912,0.112,NA,"K03824",0.687801152737752,1,FALSE,FALSE,FALSE,FALSE
"K02837",0.911,0,0.0594,0.357,0.188,0.133,NA,"K02837",0.527332978723404,1,FALSE,FALSE,FALSE,FALSE
"K03317",0.3,0,0.0182,-0.331,0.139,0.166,NA,"K03317",0.286778637770898,1,FALSE,FALSE,FALSE,FALSE
"K01619",0.729,0,0.478,0.0884,0.124,0.0501,NA,"K01619",0.921838808250573,1,FALSE,FALSE,FALSE,FALSE
"K01839",0.458,0,0.108,0.268,0.166,0.113,NA,"K01839",0.687801152737752,1,FALSE,FALSE,FALSE,FALSE
"K03784",0.399,0,0.771,-0.0425,0.146,0.0205,NA,"K03784",0.976419045334613,1,FALSE,FALSE,FALSE,FALSE
"K01079",0.773,0,0.346,0.134,0.142,0.0665,NA,"K01079",0.863189835575486,1,FALSE,FALSE,FALSE,FALSE
"K03566",0.68,0,0.109,0.259,0.161,0.113,NA,"K03566",0.687801152737752,1,FALSE,FALSE,FALSE,FALSE
"K02282",0.453,0,0.5,0.0719,0.106,0.0476,NA,"K02282",0.927153817779417,1,FALSE,FALSE,FALSE,FALSE
"K07240",0.709,0,0.535,0.0776,0.125,0.0438,NA,"K07240",0.945181052631579,1,FALSE,FALSE,FALSE,FALSE
"K27069",0.113,0,0.45,-0.155,0.205,0.0533,NA,"K27069",0.91109987868985,1,FALSE,FALSE,FALSE,FALSE
"K07407",0.453,0,0.675,-0.0378,0.09,0.0296,NA,"K07407",0.971062753583987,1,FALSE,FALSE,FALSE,FALSE
"K03307",0.788,0,0.335,-0.112,0.116,0.068,NA,"K03307",0.855351861295258,1,FALSE,FALSE,FALSE,FALSE
"K10111",0.512,0,0.603,0.0515,0.0987,0.0367,NA,"K10111",0.956963866877971,1,FALSE,FALSE,FALSE,FALSE
"K10191",0.0936,0,0.635,0.127,0.266,0.0336,NA,"K10191",0.96405245603396,1,FALSE,FALSE,FALSE,FALSE
"K10112",0.744,0,0.674,0.0553,0.131,0.0297,NA,"K10112",0.971062753583987,1,FALSE,FALSE,FALSE,FALSE
"K02025",0.65,0,0.0521,-0.21,0.108,0.137,NA,"K02025",0.489427204502814,1,FALSE,FALSE,FALSE,FALSE
"K02026",0.567,0,0.704,-0.0392,0.103,0.0268,NA,"K02026",0.971062753583987,1,FALSE,FALSE,FALSE,FALSE
"K10117",0.468,0,0.309,0.121,0.119,0.0717,NA,"K10117",0.841670784103115,1,FALSE,FALSE,FALSE,FALSE
"K01190",0.458,0,0.851,0.0183,0.0971,0.0133,NA,"K01190",0.987475550405562,1,FALSE,FALSE,FALSE,FALSE
"K03931",0.0739,0,0.939,-0.012,0.157,0.00539,NA,"K03931",0.994829403321714,1,FALSE,FALSE,FALSE,FALSE
"K12112",0.069,0,0.985,0.00615,0.324,0.00134,NA,"K12112,K12113",0.99758246388443,1,FALSE,FALSE,FALSE,FALSE
"K12111",0.0837,0,0.904,0.0281,0.232,0.00854,NA,"K12111",0.992180622533976,1,FALSE,FALSE,FALSE,FALSE
"K00965",0.458,0,0.0272,-0.298,0.134,0.155,NA,"K00965",0.36198364116095,1,FALSE,FALSE,FALSE,FALSE
"K00849",0.507,0,0.000471,-0.452,0.127,0.243,NA,"K00849",0.0413736315789474,1,TRUE,FALSE,TRUE,FALSE
"K01785",0.877,0,0.697,-0.0451,0.115,0.0275,NA,"K01785",0.971062753583987,1,FALSE,FALSE,FALSE,FALSE
"K07234",0.488,0,0.362,-0.0946,0.104,0.0643,NA,"K07234",0.877315585672798,1,FALSE,FALSE,FALSE,FALSE
"K21053",0.502,0,0.264,0.138,0.123,0.0788,NA,"K21053",0.814447319778189,1,FALSE,FALSE,FALSE,FALSE
"K06987",0.522,0,0.285,0.119,0.111,0.0754,NA,"K06987",0.82532967032967,1,FALSE,FALSE,FALSE,FALSE
"K01270",0.34,0,0.77,-0.0413,0.141,0.0206,NA,"K01270",0.976419045334613,1,FALSE,FALSE,FALSE,FALSE
"K00769",0.271,0,0.377,0.181,0.205,0.0623,NA,"K00769",0.88248667601683,1,FALSE,FALSE,FALSE,FALSE
"K11750",0.167,0,0.965,0.00789,0.181,0.00307,NA,"K11750",0.994829403321714,1,FALSE,FALSE,FALSE,FALSE
"K14652",0.773,0,0.862,0.032,0.184,0.0123,NA,"K14652",0.989755813953488,1,FALSE,FALSE,FALSE,FALSE
"K00946",0.783,0,0.0156,-0.595,0.244,0.17,NA,"K00946",0.268957094594595,1,FALSE,FALSE,FALSE,FALSE
"K01095",0.502,0,0.876,0.0243,0.155,0.0111,NA,"K01095",0.991440325497288,1,FALSE,FALSE,FALSE,FALSE
"K01662",0.98,0,0.924,0.0333,0.348,0.00675,NA,"K01591,K01662,K13421,K21556",0.994297872340426,1,FALSE,FALSE,FALSE,FALSE
"K00795",0.655,0,0.83,-0.0502,0.233,0.0152,NA,"K00795",0.98039985862394,1,FALSE,FALSE,FALSE,FALSE
"K02556",0.823,0,0.715,0.0399,0.109,0.0258,NA,"K02556",0.971062753583987,1,FALSE,FALSE,FALSE,FALSE
"K02557",0.823,0,0.742,0.0432,0.131,0.0233,NA,"K02557",0.975729793356003,1,FALSE,FALSE,FALSE,FALSE
"K03151",0.532,0,0.0287,0.487,0.221,0.154,NA,"K03151",0.368463846153846,1,FALSE,FALSE,FALSE,FALSE
"K07020",0.547,0,0.0725,0.299,0.166,0.126,NA,"K07020",0.575289223454834,1,FALSE,FALSE,FALSE,FALSE
"K06968",0.478,0,0.772,0.0647,0.222,0.0205,NA,"K06968",0.976419045334613,1,FALSE,FALSE,FALSE,FALSE
"K06966",0.453,0,0.458,0.182,0.244,0.0524,NA,"K06966",0.916182980423492,1,FALSE,FALSE,FALSE,FALSE
"K06879",0.552,0,0.188,-0.27,0.205,0.0927,NA,"K06879",0.757293644408689,1,FALSE,FALSE,FALSE,FALSE
"K03273",0.635,0,0.208,-0.112,0.089,0.0888,NA,"K03273",0.774316728624535,1,FALSE,FALSE,FALSE,FALSE
"K03485",0.118,0,0.358,-0.281,0.305,0.0648,NA,"K03485",0.871841439688716,1,FALSE,FALSE,FALSE,FALSE
"K02819",0.305,0,0.0122,0.357,0.141,0.176,NA,"K01226,K02819",0.248314634146342,1,FALSE,FALSE,FALSE,FALSE
"K22900",0.448,0,0.486,-0.129,0.184,0.0492,NA,"K22900",0.922836711711712,1,FALSE,FALSE,FALSE,FALSE
"K09768",0.744,0,0.643,0.0765,0.165,0.0327,NA,"K09768",0.967398137019231,1,FALSE,FALSE,FALSE,FALSE
"K06175",0.374,0,0.00441,-0.475,0.165,0.199,NA,"K06175",0.171169534883721,1,FALSE,FALSE,FALSE,FALSE
"K00990",0.709,0,0.0876,0.428,0.249,0.12,NA,"K00990",0.626590285714286,1,FALSE,FALSE,FALSE,FALSE
"K06142",0.621,0,0.583,-0.0913,0.166,0.0387,NA,"K06142",0.953948039215686,1,FALSE,FALSE,FALSE,FALSE
"K02536",0.719,0,0.957,0.0142,0.266,0.00377,NA,"K02536",0.994829403321714,1,FALSE,FALSE,FALSE,FALSE
"K00677",0.724,0,0.491,0.171,0.248,0.0486,NA,"K00677",0.922836711711712,1,FALSE,FALSE,FALSE,FALSE
"K00748",0.719,0,0.957,0.0142,0.266,0.00377,NA,"K00748",0.994829403321714,1,FALSE,FALSE,FALSE,FALSE
"K01962",0.852,0,0.763,-0.074,0.245,0.0213,NA,"K01962",0.976419045334613,1,FALSE,FALSE,FALSE,FALSE
"K08307",0.611,0,0.0355,-0.425,0.201,0.148,NA,"K08307",0.409558755760369,1,FALSE,FALSE,FALSE,FALSE
"K01069",0.897,0,0.926,0.0129,0.138,0.0066,NA,"K01069",0.994829403321714,1,FALSE,FALSE,FALSE,FALSE
"K03469",0.862,0,0.708,0.0404,0.108,0.0265,NA,"K03469",0.971062753583987,1,FALSE,FALSE,FALSE,FALSE
"K00761",0.921,0,0.907,-0.0345,0.296,0.00822,NA,"K00761",0.992926448253417,1,FALSE,FALSE,FALSE,FALSE
"K02824",0.542,0,0.266,0.265,0.237,0.0785,NA,"K02824",0.814882459312839,1,FALSE,FALSE,FALSE,FALSE
"K09938",0.458,0,0.0924,0.314,0.186,0.118,NA,"K09938",0.646154748603352,1,FALSE,FALSE,FALSE,FALSE
"K00537",0.793,0,0.348,0.114,0.121,0.0662,NA,"K00537",0.864732506203474,1,FALSE,FALSE,FALSE,FALSE
"K03548",0.394,0,0.64,0.0903,0.193,0.033,NA,"K03548",0.966660633484163,1,FALSE,FALSE,FALSE,FALSE
"K03564",0.985,0,0.1,-0.342,0.207,0.116,NA,"K03564",0.6676,1,FALSE,FALSE,FALSE,FALSE
"K03567",0.424,0,0.924,0.0166,0.174,0.0067,NA,"K03567",0.994297872340426,1,FALSE,FALSE,FALSE,FALSE
"K07287",0.537,0,0.089,-0.326,0.191,0.12,NA,"K07287",0.633887624466572,1,FALSE,FALSE,FALSE,FALSE
"K07260",0.488,0,0.0182,-0.258,0.108,0.166,NA,"K07260",0.286778637770898,1,FALSE,FALSE,FALSE,FALSE
"K01439",0.877,0,0.127,0.382,0.249,0.107,NA,"K01439",0.687801152737752,1,FALSE,FALSE,FALSE,FALSE
"K07223",0.419,0,0.505,0.0719,0.108,0.047,NA,"K07223",0.927424672489083,1,FALSE,FALSE,FALSE,FALSE
"K02406",0.813,0,0.869,-0.0184,0.111,0.0117,NA,"K02406",0.990458229000683,1,FALSE,FALSE,FALSE,FALSE
"K02777",0.251,0,0.313,0.244,0.242,0.0711,NA,"K02777",0.841670784103115,1,FALSE,FALSE,FALSE,FALSE
"K08483",0.64,0,0.768,-0.0304,0.103,0.0208,NA,"K08483",0.976419045334613,1,FALSE,FALSE,FALSE,FALSE
"K01738",0.862,0,0.552,-0.097,0.163,0.0419,NA,"K01738",0.949517436067752,1,FALSE,FALSE,FALSE,FALSE
"K06203",0.601,0,0.614,0.0774,0.153,0.0356,NA,"K06203",0.957197699720236,1,FALSE,FALSE,FALSE,FALSE
"K07340",0.468,0,0.0131,-0.244,0.0975,0.174,NA,"K07340",0.257116216216216,1,FALSE,FALSE,FALSE,FALSE
"K26392",0.581,0,0.49,-0.0544,0.0788,0.0487,NA,"K26392",0.922836711711712,1,FALSE,FALSE,FALSE,FALSE
"K05838",0.788,0,0.466,0.152,0.208,0.0515,NA,"K05838",0.921509478672986,1,FALSE,FALSE,FALSE,FALSE
"K07071",0.798,0,0.193,-0.22,0.169,0.0918,NA,"K07071",0.760307631785995,1,FALSE,FALSE,FALSE,FALSE
"K07095",0.527,0,0.858,0.0169,0.0942,0.0126,NA,"K07095",0.988951657458564,1,FALSE,FALSE,FALSE,FALSE
"K07401",0.414,0,0.244,0.172,0.147,0.0821,NA,"K07401",0.803876146788991,1,FALSE,FALSE,FALSE,FALSE
"K04079",0.764,0,0.115,-0.194,0.123,0.111,NA,"K04079",0.687801152737752,1,FALSE,FALSE,FALSE,FALSE
"K00939",0.956,0,0.888,0.0256,0.182,0.00996,NA,"K00939",0.991805481283422,1,FALSE,FALSE,FALSE,FALSE
"K01772",0.985,0,0.982,0.00359,0.155,0.00163,NA,"K01772",0.996528982569923,1,FALSE,FALSE,FALSE,FALSE
"K03305",0.547,0,0.0989,-0.185,0.112,0.116,NA,"K03305",0.665359731543624,1,FALSE,FALSE,FALSE,FALSE
"K05785",0.296,0,0.513,-0.0509,0.0777,0.0462,NA,"K05785",0.930986226893802,1,FALSE,FALSE,FALSE,FALSE
"K01953",0.788,0,0.178,0.125,0.0925,0.095,NA,"K01953",0.742705,1,FALSE,FALSE,FALSE,FALSE
"K02565",0.148,0,0.0119,-0.562,0.221,0.176,NA,"K02565",0.245198765432099,1,FALSE,FALSE,FALSE,FALSE
"K01443",0.724,0,0.793,0.023,0.0875,0.0185,NA,"K01443",0.976419045334613,1,FALSE,FALSE,FALSE,FALSE
"K02804",0.394,0,0.914,0.00962,0.0886,0.00766,NA,"K02804",0.992926448253417,1,FALSE,FALSE,FALSE,FALSE
"K01886",0.685,0,0.397,-0.183,0.215,0.0598,NA,"K01886",0.889784691136974,1,FALSE,FALSE,FALSE,FALSE
"K03711",0.946,0,0.287,0.217,0.203,0.0751,NA,"K03711",0.829681870669746,1,FALSE,FALSE,FALSE,FALSE
"K01175",0.33,0,0.952,-0.0102,0.167,0.00428,NA,"K01175",0.994829403321714,1,FALSE,FALSE,FALSE,FALSE
"K01835",0.803,0,0.0465,0.305,0.152,0.14,NA,"K01835",0.467719760479042,1,FALSE,FALSE,FALSE,FALSE
"K09977",0.291,0,0.373,0.155,0.173,0.0629,NA,"K09977",0.879989661654135,1,FALSE,FALSE,FALSE,FALSE
"K01647",0.901,0,0.0387,-0.343,0.165,0.145,NA,"K01647",0.432524330357143,1,FALSE,FALSE,FALSE,FALSE
"K00241",0.803,0,0.27,-0.101,0.0916,0.0778,NA,"K00241",0.814882459312839,1,FALSE,FALSE,FALSE,FALSE
"K00242",0.823,0,0.509,0.211,0.319,0.0466,NA,"K00242",0.927424672489083,1,FALSE,FALSE,FALSE,FALSE
"K00164",0.709,0,0.488,0.139,0.201,0.0489,NA,"K00164",0.922836711711712,1,FALSE,FALSE,FALSE,FALSE
"K09816",0.596,0,0.462,0.131,0.178,0.0519,NA,"K09816",0.919409379968203,1,FALSE,FALSE,FALSE,FALSE
"K09817",0.611,0,0.108,0.247,0.153,0.113,NA,"K09817",0.687801152737752,1,FALSE,FALSE,FALSE,FALSE
"K09815",0.586,0,0.0327,0.268,0.124,0.15,NA,"K09815",0.398367153284671,1,FALSE,FALSE,FALSE,FALSE
"K19693",0.0837,0,0.686,-0.0548,0.135,0.0286,NA,"K19693",0.971062753583987,1,FALSE,FALSE,FALSE,FALSE
"K04758",0.384,0,0.481,-0.0748,0.106,0.0497,NA,"K04758",0.921838808250573,1,FALSE,FALSE,FALSE,FALSE
"K04759",0.384,0,0.481,-0.0748,0.106,0.0497,NA,"K04759",0.921838808250573,1,FALSE,FALSE,FALSE,FALSE
"K10123",0.0739,0,0.575,-0.191,0.34,0.0396,NA,"K10123",0.950486959392539,1,FALSE,FALSE,FALSE,FALSE
"K01433",0.966,0,0.00425,0.587,0.203,0.2,NA,"K01433",0.167812734375,1,FALSE,FALSE,FALSE,FALSE
"K03722",0.793,0,0.327,-0.182,0.186,0.0691,NA,"K03722",0.852310775637689,1,FALSE,FALSE,FALSE,FALSE
"K07285",0.192,0,0.0148,-0.549,0.223,0.171,NA,"K07285",0.267277580071174,1,FALSE,FALSE,FALSE,FALSE
"K03684",0.744,0,0.197,0.297,0.23,0.0909,NA,"K03684",0.766417249417249,1,FALSE,FALSE,FALSE,FALSE
"K03608",0.645,0,0.168,0.301,0.217,0.0972,NA,"K03608",0.727660899653979,1,FALSE,FALSE,FALSE,FALSE
"K03609",0.768,0,0.18,0.281,0.209,0.0945,NA,"K03609",0.74545905707196,1,FALSE,FALSE,FALSE,FALSE
"K03610",0.768,0,0.18,0.281,0.209,0.0945,NA,"K03610",0.74545905707196,1,FALSE,FALSE,FALSE,FALSE
"K09906",0.227,0,0.0869,-0.372,0.217,0.12,NA,"K09906",0.624258680057389,1,FALSE,FALSE,FALSE,FALSE
"K15461",0.631,0,0.317,0.256,0.255,0.0706,NA,"K15461",0.846968516542156,1,FALSE,FALSE,FALSE,FALSE
"K00647",0.64,0,0.666,-0.0539,0.125,0.0305,NA,"K00647",0.971062753583987,1,FALSE,FALSE,FALSE,FALSE
"K03473",0.429,0,0.796,0.0559,0.216,0.0183,NA,"K03473",0.976419045334613,1,FALSE,FALSE,FALSE,FALSE
"K06173",0.975,0,0.0116,0.568,0.223,0.177,NA,"K06173",0.243017573221757,1,FALSE,FALSE,FALSE,FALSE
"K01963",0.837,0,0.9,-0.0238,0.19,0.00885,NA,"K01963",0.992180622533976,1,FALSE,FALSE,FALSE,FALSE
"K03749",0.547,0,0.225,-0.301,0.247,0.0855,NA,"K03749,K05591,K25422",0.797606315789474,1,FALSE,FALSE,FALSE,FALSE
"K03558",0.931,0,0.812,0.0458,0.192,0.0168,NA,"K03558",0.976419045334613,1,FALSE,FALSE,FALSE,FALSE
"K09790",0.67,0,0.433,0.119,0.151,0.0553,NA,"K09790",0.905988717091517,1,FALSE,FALSE,FALSE,FALSE
"K00759",0.936,0,0.587,0.0749,0.138,0.0383,NA,"K00759",0.954876218323587,1,FALSE,FALSE,FALSE,FALSE
"K09747",0.852,0,0.158,0.353,0.249,0.0994,NA,"K09747",0.704457702582369,1,FALSE,FALSE,FALSE,FALSE
"K06188",0.581,0,0.62,-0.0408,0.0821,0.035,NA,"K06188",0.958196302003082,1,FALSE,FALSE,FALSE,FALSE
"K09160",0.576,0,0.0236,0.51,0.224,0.159,NA,"K09160",0.332859718309859,1,FALSE,FALSE,FALSE,FALSE
"K01077",0.473,0,0.046,-0.207,0.103,0.14,NA,"K01077",0.464358870967742,1,FALSE,FALSE,FALSE,FALSE
"K03451",0.182,0,0.887,0.0246,0.173,0.01,NA,"K03451",0.991805481283422,1,FALSE,FALSE,FALSE,FALSE
"K00563",0.552,0,0.97,0.00518,0.14,0.00262,NA,"K00563",0.994836132732487,1,FALSE,FALSE,FALSE,FALSE
"K01792",0.473,0,0.972,0.00703,0.201,0.00246,NA,"K01792",0.995256441717791,1,FALSE,FALSE,FALSE,FALSE
"K00134",0.97,0,0.136,0.354,0.237,0.105,NA,"K00134",0.687801152737752,1,FALSE,FALSE,FALSE,FALSE
"K01424",0.828,0,0.578,-0.0592,0.106,0.0393,NA,"K01424",0.95136291913215,1,FALSE,FALSE,FALSE,FALSE
"K04773",0.828,0,0.0071,0.511,0.188,0.188,NA,"K04773",0.206786271186441,1,FALSE,FALSE,FALSE,FALSE
"K00219",0.547,0,0.569,-0.0792,0.139,0.0402,NA,"K00219",0.949517436067752,1,FALSE,FALSE,FALSE,FALSE
"K03169",0.635,0,0.00639,0.223,0.0809,0.191,NA,"K03169",0.20249829113924,1,FALSE,FALSE,FALSE,FALSE
"K07014",0.251,0,0.927,0.0199,0.216,0.0065,NA,"K07014",0.994829403321714,1,FALSE,FALSE,FALSE,FALSE
"K09904",0.222,0,0.756,-0.0701,0.225,0.022,NA,"K09904",0.976419045334613,1,FALSE,FALSE,FALSE,FALSE
"K06899",0.433,0,0.812,0.0309,0.13,0.0168,NA,"K06899",0.976419045334613,1,FALSE,FALSE,FALSE,FALSE
"K10716",0.379,0,0.255,-0.128,0.112,0.0802,NA,"K10716",0.809307547169811,1,FALSE,FALSE,FALSE,FALSE
"K04072",0.192,0,0.132,-0.363,0.24,0.106,NA,"K04072",0.687801152737752,1,FALSE,FALSE,FALSE,FALSE
"K07396",0.591,0,0.661,-0.0389,0.0886,0.031,NA,"K07396",0.971062753583987,1,FALSE,FALSE,FALSE,FALSE
"K07084",0.419,0,0.789,-0.0538,0.201,0.0189,NA,"K07084",0.976419045334613,1,FALSE,FALSE,FALSE,FALSE
"K21218",0.34,0,0.00276,0.69,0.228,0.209,NA,"K10942,K10943,K21218",0.131612571428571,1,FALSE,FALSE,FALSE,FALSE
"K01759",0.818,0,0.217,0.246,0.199,0.087,NA,"K01759",0.785624728850325,1,FALSE,FALSE,FALSE,FALSE
"K03612",0.419,0,0.18,-0.259,0.193,0.0945,NA,"K03612,K03614",0.74545905707196,1,FALSE,FALSE,FALSE,FALSE
"K03615",0.315,0,0.654,-0.0588,0.131,0.0317,NA,"K03615",0.970532898636633,1,FALSE,FALSE,FALSE,FALSE
"K03616",0.557,0,0.0651,-0.407,0.22,0.13,NA,"K03616",0.55010016722408,1,FALSE,FALSE,FALSE,FALSE
"K10911",0.103,0,0.498,-0.102,0.15,0.0478,NA,"K10911",0.925570155902005,1,FALSE,FALSE,FALSE,FALSE
"K03639",0.97,0,0.992,-0.00161,0.152,0.000743,NA,"K03635,K03637,K03639",0.99758246388443,1,FALSE,FALSE,FALSE,FALSE
"K03638",0.714,0,0.829,-0.032,0.148,0.0152,NA,"K03638",0.98039985862394,1,FALSE,FALSE,FALSE,FALSE
"K03636",0.956,0,0.574,-0.0804,0.143,0.0396,NA,"K03636",0.950486959392539,1,FALSE,FALSE,FALSE,FALSE
"K15580",0.562,0,0.622,0.0705,0.143,0.0348,NA,"K15580",0.958754595588235,1,FALSE,FALSE,FALSE,FALSE
"K15581",0.557,0,0.667,0.0586,0.136,0.0304,NA,"K15581",0.971062753583987,1,FALSE,FALSE,FALSE,FALSE
"K15582",0.547,0,0.608,0.0685,0.133,0.0363,NA,"K15582",0.957012260295505,1,FALSE,FALSE,FALSE,FALSE
"K07393",0.576,0,0.37,0.0963,0.107,0.0633,NA,"K07393",0.879989661654135,1,FALSE,FALSE,FALSE,FALSE
"K13788",0.571,0,0.493,0.103,0.15,0.0484,NA,"K13788",0.923821482035928,1,FALSE,FALSE,FALSE,FALSE
"K00925",0.783,0,0.185,0.159,0.12,0.0934,NA,"K00925",0.750644246353322,1,FALSE,FALSE,FALSE,FALSE
"K01989",0.256,0,0.225,0.165,0.136,0.0856,NA,"K01989",0.797606315789474,1,FALSE,FALSE,FALSE,FALSE
"K05541",0.478,0,0.138,-0.329,0.221,0.105,NA,"K05541",0.687801152737752,1,FALSE,FALSE,FALSE,FALSE
"K07039",0.365,0,0.369,0.112,0.124,0.0634,NA,"K07039",0.879989661654135,1,FALSE,FALSE,FALSE,FALSE
"K03611",0.586,0,0.376,0.204,0.23,0.0624,NA,"K03611",0.882208059981256,1,FALSE,FALSE,FALSE,FALSE
"K03314",0.251,0,0.686,-0.0541,0.134,0.0286,NA,"K03314",0.971062753583987,1,FALSE,FALSE,FALSE,FALSE
"K03603",0.241,0,0.088,-0.418,0.244,0.12,NA,"K03603",0.62765811965812,1,FALSE,FALSE,FALSE,FALSE
"K00876",0.424,0,0.76,-0.0694,0.226,0.0216,NA,"K00876",0.976419045334613,1,FALSE,FALSE,FALSE,FALSE
"K07289",0.512,0,0.786,-0.0468,0.172,0.0192,NA,"K07289",0.976419045334613,1,FALSE,FALSE,FALSE,FALSE
"K19221",0.665,0,1.88e-05,0.68,0.155,0.295,NA,"K19221",0.0049542947368421,0.0941316,TRUE,FALSE,TRUE,TRUE
"K08300",0.798,0,0.956,0.00529,0.0963,0.00387,NA,"K08300",0.994829403321714,1,FALSE,FALSE,FALSE,FALSE
"K07040",0.906,0,0.59,0.0856,0.158,0.0381,NA,"K07040",0.955410737386805,1,FALSE,FALSE,FALSE,FALSE
"K03621",0.773,0,0.0797,0.369,0.209,0.123,NA,"K03621",0.595608805970149,1,FALSE,FALSE,FALSE,FALSE
"K00645",0.961,0,0.81,0.0324,0.134,0.017,NA,"K00645",0.976419045334613,1,FALSE,FALSE,FALSE,FALSE
"K02619",0.616,0,0.533,-0.0632,0.101,0.044,NA,"K02619",0.945181052631579,1,FALSE,FALSE,FALSE,FALSE
"K03415",0.586,0,0.0117,0.414,0.163,0.177,NA,"K03415",0.243078423236515,1,FALSE,FALSE,FALSE,FALSE
"K14162",0.591,0,0.272,0.199,0.181,0.0774,NA,"K14162",0.81697900419916,1,FALSE,FALSE,FALSE,FALSE
"K14161",0.512,0,0.0758,0.286,0.16,0.125,NA,"K14161",0.585433846153846,1,FALSE,FALSE,FALSE,FALSE
"K14160",0.453,0,0.201,0.198,0.155,0.09,NA,"K14160",0.770013006885998,1,FALSE,FALSE,FALSE,FALSE
"K06415",0.69,0,0.764,-0.0482,0.161,0.0212,NA,"K06415,K07180,K09786",0.976419045334613,1,FALSE,FALSE,FALSE,FALSE
"K09161",0.158,0,0.0878,-0.276,0.161,0.12,NA,"K09161",0.627124964336662,1,FALSE,FALSE,FALSE,FALSE
"K04069",0.325,0,0.629,-0.0592,0.122,0.0341,NA,"K04069",0.960476669716377,1,FALSE,FALSE,FALSE,FALSE
"K09953",0.113,0,0.0697,-0.256,0.14,0.128,NA,"K09953",0.567351623376623,1,FALSE,FALSE,FALSE,FALSE
"K00656",0.207,0,0.137,-0.321,0.215,0.105,NA,"K00656",0.687801152737752,1,FALSE,FALSE,FALSE,FALSE
"K10025",0.192,0,0.0845,0.436,0.251,0.121,NA,"K10025",0.615187120115774,1,FALSE,FALSE,FALSE,FALSE
"K10022",0.256,0,0.00696,0.51,0.187,0.189,NA,"K10022",0.206786271186441,1,FALSE,FALSE,FALSE,FALSE
"K10024",0.261,0,0.178,0.29,0.214,0.095,NA,"K10024",0.742705,1,FALSE,FALSE,FALSE,FALSE
"K10023",0.266,0,0.526,0.103,0.162,0.0448,NA,"K10023",0.940600714285714,1,FALSE,FALSE,FALSE,FALSE
"K01142",0.975,0,0.0614,0.905,0.481,0.132,NA,"K01142,K01318,K02253,K06293,K06319,K06321,K06340,K06359,K06362,K06366,K06368,K06369,K06427,K06430,K06437,K13037,K15655,K15656,K15657,K16694,K16697,K16698,K16699,K16705,K16706,K18652,K18653,K18938,K19220,K19349,K19417,K19418,K19421,K19423,K19425,K19426,K19432,K19433,K19546,K19547,K19548,K19549,K19550,K20332,K20333,K21466,K25602,K26248,K26991",0.542204232804233,1,FALSE,FALSE,FALSE,FALSE
"K01354",0.744,0,0.271,-0.193,0.174,0.0777,NA,"K01354",0.816424187725632,1,FALSE,FALSE,FALSE,FALSE
"K18850",0.576,0,0.104,-0.293,0.179,0.115,NA,"K18850",0.677149544863459,1,FALSE,FALSE,FALSE,FALSE
"K04067",0.187,0,0.384,-0.208,0.239,0.0614,NA,"K04067",0.88972142526608,1,FALSE,FALSE,FALSE,FALSE
"K06181",0.611,0,0.563,-0.0936,0.162,0.0408,NA,"K06181",0.949517436067752,1,FALSE,FALSE,FALSE,FALSE
"K06891",0.872,0,0.838,0.0621,0.303,0.0145,NA,"K06891",0.983559774964838,1,FALSE,FALSE,FALSE,FALSE
"K21420",0.586,0,0.239,0.229,0.194,0.0831,NA,"K21420",0.8009859437751,1,FALSE,FALSE,FALSE,FALSE
"K00684",0.739,0,0.651,0.118,0.261,0.032,NA,"K00684",0.969623665480427,1,FALSE,FALSE,FALSE,FALSE
"K06077",0.562,0,0.0314,-0.289,0.134,0.151,NA,"K06077",0.386289434889435,1,FALSE,FALSE,FALSE,FALSE
"K03168",0.921,0,0.908,0.0239,0.207,0.00813,NA,"K03168",0.992926448253417,1,FALSE,FALSE,FALSE,FALSE
"K00703",0.734,0,0.0147,0.221,0.0897,0.171,NA,"K00703",0.266677173913043,1,FALSE,FALSE,FALSE,FALSE
"K03533",0.0739,0,0.575,-0.191,0.34,0.0396,NA,"K03533",0.950486959392539,1,FALSE,FALSE,FALSE,FALSE
"K07772",0.128,0,0.596,0.0745,0.14,0.0374,NA,"K07772",0.955838370983137,1,FALSE,FALSE,FALSE,FALSE
"K06219",0.345,0,0.967,0.00872,0.209,0.00295,NA,"K06219",0.994829403321714,1,FALSE,FALSE,FALSE,FALSE
"K15257",0.443,0,0.693,0.075,0.189,0.0279,NA,"K15257",0.971062753583987,1,FALSE,FALSE,FALSE,FALSE
"K15256",0.64,0,0.0498,-0.212,0.107,0.138,NA,"K15256",0.480440462427746,1,FALSE,FALSE,FALSE,FALSE
"K01876",0.97,0,0.982,0.00538,0.235,0.00161,NA,"K01876",0.996528982569923,1,FALSE,FALSE,FALSE,FALSE
"K01159",0.906,0,0.395,-0.17,0.2,0.0601,NA,"K01159",0.889784691136974,1,FALSE,FALSE,FALSE,FALSE
"K03646",0.557,0,0.213,-0.215,0.172,0.0879,NA,"K03646",0.780168983174835,1,FALSE,FALSE,FALSE,FALSE
"K03641",0.704,0,0.245,0.21,0.18,0.082,NA,"K03641",0.803876146788991,1,FALSE,FALSE,FALSE,FALSE
"K03640",0.709,0,0.334,0.192,0.198,0.0682,NA,"K03640",0.855351861295258,1,FALSE,FALSE,FALSE,FALSE
"K28156",0.103,0,0.827,0.0322,0.147,0.0155,NA,"K28156",0.98039985862394,1,FALSE,FALSE,FALSE,FALSE
"K00694",0.36,0,0.207,0.104,0.0824,0.0889,NA,"K00694",0.774316728624535,1,FALSE,FALSE,FALSE,FALSE
"K20541",0.281,0,0.655,0.0404,0.0902,0.0316,NA,"K20541,K20543",0.971062753583987,1,FALSE,FALSE,FALSE,FALSE
"K20542",0.365,0,0.496,0.0559,0.082,0.0481,NA,"K20542",0.924598659717051,1,FALSE,FALSE,FALSE,FALSE
"K11688",0.665,0,0.946,-0.00501,0.0734,0.00481,NA,"K11688",0.994829403321714,1,FALSE,FALSE,FALSE,FALSE
"K11689",0.591,0,0.56,-0.0427,0.0731,0.0412,NA,"K11689",0.949517436067752,1,FALSE,FALSE,FALSE,FALSE
"K11690",0.552,0,0.444,-0.0558,0.0728,0.054,NA,"K11690",0.908503473641193,1,FALSE,FALSE,FALSE,FALSE
"K00285",0.611,0,0.874,-0.0219,0.138,0.0112,NA,"K00285",0.991417761667422,1,FALSE,FALSE,FALSE,FALSE
"K03576",0.512,0,0.698,0.0527,0.136,0.0274,NA,"K03576",0.971062753583987,1,FALSE,FALSE,FALSE,FALSE
"K09780",0.828,0,0.856,0.0182,0.1,0.0128,NA,"K09780",0.988694809688581,1,FALSE,FALSE,FALSE,FALSE
"K10806",0.828,0,0.911,0.0212,0.19,0.00789,NA,"K10806",0.992926448253417,1,FALSE,FALSE,FALSE,FALSE
"K06190",0.635,0,0.084,0.334,0.192,0.122,NA,"K06190",0.613102040816327,1,FALSE,FALSE,FALSE,FALSE
"K07403",0.261,0,0.122,0.173,0.112,0.109,NA,"K07403",0.687801152737752,1,FALSE,FALSE,FALSE,FALSE
"K01657",0.906,0,0.666,-0.106,0.244,0.0305,NA,"K01657",0.971062753583987,1,FALSE,FALSE,FALSE,FALSE
"K07053",0.7,0,0.108,-0.268,0.166,0.113,NA,"K07053",0.687801152737752,1,FALSE,FALSE,FALSE,FALSE
"K06178",0.98,0,0.717,0.106,0.292,0.0256,NA,"K06178,K15579",0.971062753583987,1,FALSE,FALSE,FALSE,FALSE
"K09901",0.217,0,0.0661,-0.47,0.254,0.129,NA,"K09897,K09901,K15536,K19226,K19227,K19228",0.5516045,1,FALSE,FALSE,FALSE,FALSE
"K02336",0.483,0,0.946,0.013,0.192,0.00478,NA,"K02336",0.994829403321714,1,FALSE,FALSE,FALSE,FALSE
"K07689",0.562,0,0.479,-0.167,0.236,0.05,NA,"K07689",0.921838808250573,1,FALSE,FALSE,FALSE,FALSE
"K13745",0.192,0,0.113,0.32,0.201,0.112,NA,"K13745",0.687801152737752,1,FALSE,FALSE,FALSE,FALSE
"K00836",0.424,0,0.0176,0.222,0.0928,0.167,NA,"K00836",0.286778637770898,1,FALSE,FALSE,FALSE,FALSE
"K13746",0.0443,0,0.592,0.155,0.288,0.0378,NA,"K13746",0.955838370983137,1,FALSE,FALSE,FALSE,FALSE
"K13747",0.163,0,0.00719,0.305,0.112,0.188,NA,"K13747",0.206786271186441,1,FALSE,FALSE,FALSE,FALSE
"K07308",0.069,0,0.598,-0.155,0.293,0.0372,NA,"K07308",0.955838370983137,1,FALSE,FALSE,FALSE,FALSE
"K07307",0.069,0,0.598,-0.155,0.293,0.0372,NA,"K07307",0.955838370983137,1,FALSE,FALSE,FALSE,FALSE
"K07306",0.069,0,0.598,-0.155,0.293,0.0372,NA,"K07306",0.955838370983137,1,FALSE,FALSE,FALSE,FALSE
"K11107",0.256,0,0.863,-0.0348,0.202,0.0122,NA,"K11107",0.989755813953488,1,FALSE,FALSE,FALSE,FALSE
"K00526",0.842,0,0.0388,-0.357,0.172,0.145,NA,"K00526",0.432676169265033,1,FALSE,FALSE,FALSE,FALSE
"K03972",0.315,0,0.574,-0.0532,0.0945,0.0396,NA,"K03972",0.950486959392539,1,FALSE,FALSE,FALSE,FALSE
"K03385",0.0739,0,0.779,-0.0546,0.194,0.0198,NA,"K03385",0.976419045334613,1,FALSE,FALSE,FALSE,FALSE
"K04013",0.064,0,0.851,-0.0462,0.246,0.0132,NA,"K04013,K04014,K04015",0.987475550405562,1,FALSE,FALSE,FALSE,FALSE
"K02198",0.591,0,0.424,0.143,0.179,0.0564,NA,"K02194,K02195,K02197,K02198",0.902105063291139,1,FALSE,FALSE,FALSE,FALSE
"K02199",0.709,0,0.394,0.16,0.188,0.0602,NA,"K02199",0.889784691136974,1,FALSE,FALSE,FALSE,FALSE
"K02200",0.581,0,0.265,0.22,0.196,0.0786,NA,"K02200",0.814521178637201,1,FALSE,FALSE,FALSE,FALSE
"K01497",0.813,0,0.301,0.134,0.129,0.073,NA,"K01497",0.839146436525612,1,FALSE,FALSE,FALSE,FALSE
"K07231",0.399,0,0.369,0.122,0.135,0.0634,NA,"K07231",0.879989661654135,1,FALSE,FALSE,FALSE,FALSE
"K07338",0.365,0,0.904,-0.0153,0.126,0.00856,NA,"K07338",0.992180622533976,1,FALSE,FALSE,FALSE,FALSE
"K09947",0.355,0,0.906,-0.0179,0.151,0.00833,NA,"K09947",0.992926448253417,1,FALSE,FALSE,FALSE,FALSE
"K21470",0.493,0,0.12,0.181,0.116,0.11,NA,"K21470",0.687801152737752,1,FALSE,FALSE,FALSE,FALSE
"K02480",0.202,0,0.427,0.11,0.138,0.0561,NA,"K02480",0.902105063291139,1,FALSE,FALSE,FALSE,FALSE
"K16012",0.429,0,0.00178,-0.41,0.13,0.218,NA,"K16012",0.102442068965517,1,FALSE,FALSE,FALSE,FALSE
"K16013",0.443,0,0.00821,-0.354,0.133,0.185,NA,"K16013",0.218532118226601,1,FALSE,FALSE,FALSE,FALSE
"K03724",0.616,0,0.323,0.0892,0.09,0.0697,NA,"K03724",0.850742240925829,1,FALSE,FALSE,FALSE,FALSE
"K02442",0.163,0,0.665,-0.0485,0.112,0.0306,NA,"K02442",0.971062753583987,1,FALSE,FALSE,FALSE,FALSE
"K03748",0.227,0,0.0398,-0.268,0.129,0.144,NA,"K03748",0.435532971800434,1,FALSE,FALSE,FALSE,FALSE
"K00027",0.478,0,0.182,-0.156,0.116,0.094,NA,"K00027",0.746334152334152,1,FALSE,FALSE,FALSE,FALSE
"K26063",0.36,0,0.735,-0.0312,0.0921,0.0239,NA,"K26063",0.974356632247816,1,FALSE,FALSE,FALSE,FALSE
"K28164",0.0197,0,0.599,-0.0988,0.188,0.0371,NA,"K28164",0.955838370983137,1,FALSE,FALSE,FALSE,FALSE
"K01745",0.897,0,0.323,0.123,0.124,0.0698,NA,"K01745",0.850742240925829,1,FALSE,FALSE,FALSE,FALSE
"K01712",0.867,0,0.0678,0.181,0.0985,0.128,NA,"K01712",0.560091103789127,1,FALSE,FALSE,FALSE,FALSE
"K01479",0.394,0,0.963,-0.00523,0.112,0.00331,NA,"K01479",0.994829403321714,1,FALSE,FALSE,FALSE,FALSE
"K01468",0.877,0,0.0272,0.25,0.112,0.155,NA,"K01468",0.36198364116095,1,FALSE,FALSE,FALSE,FALSE
"K05836",0.64,0,0.00361,0.396,0.134,0.203,NA,"K05836",0.155345384615385,1,FALSE,FALSE,FALSE,FALSE
"K09900",0.0837,0,0.407,0.182,0.219,0.0586,NA,"K09900",0.892618922470434,1,FALSE,FALSE,FALSE,FALSE
"K00154",0.512,0,0.32,-0.122,0.123,0.0702,NA,"K00154",0.849047543581616,1,FALSE,FALSE,FALSE,FALSE
"K01585",0.35,0,0.358,-0.104,0.113,0.0648,NA,"K01585",0.871841439688716,1,FALSE,FALSE,FALSE,FALSE
"K01480",0.759,0,0.968,0.00486,0.121,0.00284,NA,"K01480",0.994829403321714,1,FALSE,FALSE,FALSE,FALSE
"K01713",0.325,0,0.787,-0.0268,0.0989,0.0191,NA,"K01713",0.976419045334613,1,FALSE,FALSE,FALSE,FALSE
"K01625",0.936,0,0.604,-0.0706,0.136,0.0366,NA,"K01625",0.957012260295505,1,FALSE,FALSE,FALSE,FALSE
"K00874",0.719,0,0.765,-0.0225,0.0754,0.0211,NA,"K00874",0.976419045334613,1,FALSE,FALSE,FALSE,FALSE
"K26933",0.369,0,0.0155,-0.249,0.102,0.17,NA,"K26933",0.268957094594595,1,FALSE,FALSE,FALSE,FALSE
"K20525",0.207,0,0.0153,-0.314,0.128,0.17,NA,"K20525",0.268957094594595,1,FALSE,FALSE,FALSE,FALSE
"K22110",0.153,0,0.82,-0.0318,0.139,0.0161,NA,"K22110",0.979422709923664,1,FALSE,FALSE,FALSE,FALSE
"K01729",0.355,0,0.146,-0.154,0.106,0.102,NA,"K01729",0.693569259962049,1,FALSE,FALSE,FALSE,FALSE
"K06946",0.128,0,0.958,0.0114,0.215,0.00374,NA,"K06946",0.994829403321714,1,FALSE,FALSE,FALSE,FALSE
"K01667",0.0887,0,0.554,-0.0995,0.168,0.0417,NA,"K01667",0.949517436067752,1,FALSE,FALSE,FALSE,FALSE
"K08604",0.0985,0,0.866,-0.0205,0.122,0.0119,NA,"K08604",0.989755813953488,1,FALSE,FALSE,FALSE,FALSE
"K01129",0.867,0,0.955,-0.0154,0.274,0.00395,NA,"K01129",0.994829403321714,1,FALSE,FALSE,FALSE,FALSE
"K17837",0.153,0,0.951,0.00604,0.0978,0.00436,NA,"K17837",0.994829403321714,1,FALSE,FALSE,FALSE,FALSE
"K06897",0.064,0,0.906,0.0128,0.108,0.00835,NA,"K06897",0.992926448253417,1,FALSE,FALSE,FALSE,FALSE
"K19270",0.394,0,0.456,-0.0669,0.0896,0.0526,NA,"K19270",0.914008006405124,1,FALSE,FALSE,FALSE,FALSE
"K07038",0.768,0,0.575,-0.0534,0.0951,0.0396,NA,"K07038",0.950486959392539,1,FALSE,FALSE,FALSE,FALSE
"K09771",0.759,0,0.94,0.00594,0.0788,0.00531,NA,"K09771",0.994829403321714,1,FALSE,FALSE,FALSE,FALSE
"K01299",0.325,0,0.0847,0.328,0.19,0.121,NA,"K01299",0.615187120115774,1,FALSE,FALSE,FALSE,FALSE
"K01993",0.335,0,0.943,-0.00581,0.0808,0.00507,NA,"K01993",0.994829403321714,1,FALSE,FALSE,FALSE,FALSE
"K02475",0.123,0,0.448,0.102,0.134,0.0536,NA,"K02475",0.909625304136253,1,FALSE,FALSE,FALSE,FALSE
"K00036",0.897,0,0.406,0.128,0.154,0.0586,NA,"K00036",0.892618922470434,1,FALSE,FALSE,FALSE,FALSE
"K01057",0.665,0,0.813,0.0319,0.135,0.0167,NA,"K01057",0.976419045334613,1,FALSE,FALSE,FALSE,FALSE
"K00033",0.803,0,0.956,0.00762,0.139,0.00387,NA,"K00033",0.994829403321714,1,FALSE,FALSE,FALSE,FALSE
"K07794",0.67,0,0.537,0.0529,0.0856,0.0436,NA,"K07794",0.945181052631579,1,FALSE,FALSE,FALSE,FALSE
"K11527",0.458,0,0.617,0.04,0.0798,0.0353,NA,"K11527",0.957334676169817,1,FALSE,FALSE,FALSE,FALSE
"K11902",0.31,0,0.832,0.0161,0.0758,0.015,NA,"K11902",0.980424570487173,1,FALSE,FALSE,FALSE,FALSE
"K03417",0.562,0,0.0261,-0.299,0.133,0.156,NA,"K03417",0.354153658536585,1,FALSE,FALSE,FALSE,FALSE
"K01659",0.709,0,0.0857,-0.227,0.132,0.121,NA,"K01659",0.618299567723343,1,FALSE,FALSE,FALSE,FALSE
"K20455",0.414,0,0.274,-0.174,0.159,0.0772,NA,"K20455",0.818078711985689,1,FALSE,FALSE,FALSE,FALSE
"K09788",0.419,0,0.165,-0.219,0.157,0.0979,NA,"K09788",0.724697368421053,1,FALSE,FALSE,FALSE,FALSE
"K01908",0.463,0,0.421,-0.0729,0.0904,0.0568,NA,"K01908",0.900062766865927,1,FALSE,FALSE,FALSE,FALSE
"K04062",0.463,0,0.636,-0.0562,0.119,0.0334,NA,"K04062",0.964400969109631,1,FALSE,FALSE,FALSE,FALSE
"K10026",0.833,0,0.179,0.215,0.159,0.0947,NA,"K10026",0.744396179401993,1,FALSE,FALSE,FALSE,FALSE
"K06920",0.798,0,0.171,0.215,0.157,0.0964,NA,"K06920",0.7336735218509,1,FALSE,FALSE,FALSE,FALSE
"K20862",0.512,0,0.138,-0.317,0.213,0.105,NA,"K20862",0.687801152737752,1,FALSE,FALSE,FALSE,FALSE
"K03733",0.685,0,0.173,-0.18,0.131,0.0961,NA,"K03733",0.734699745547074,1,FALSE,FALSE,FALSE,FALSE
"K09921",0.552,0,0.981,-0.00477,0.196,0.00171,NA,"K09921",0.996528982569923,1,FALSE,FALSE,FALSE,FALSE
"K06202",0.443,0,0.334,-0.17,0.176,0.0681,NA,"K06202",0.855351861295258,1,FALSE,FALSE,FALSE,FALSE
"K05851",0.32,0,0.0546,0.445,0.23,0.135,NA,"K05851",0.49797386569873,1,FALSE,FALSE,FALSE,FALSE
"K01776",0.961,0,0.225,0.379,0.311,0.0856,NA,"K01776",0.797606315789474,1,FALSE,FALSE,FALSE,FALSE
"K08985",0.207,0,0.0168,0.522,0.217,0.168,NA,"K08985",0.280392,1,FALSE,FALSE,FALSE,FALSE
"K20964",0.118,0,0.864,-0.0406,0.236,0.0121,NA,"K20964",0.989755813953488,1,FALSE,FALSE,FALSE,FALSE
"K02439",0.433,0,0.956,0.0137,0.25,0.00388,NA,"K02439",0.994829403321714,1,FALSE,FALSE,FALSE,FALSE
"K09811",0.911,0,0.297,0.258,0.247,0.0736,NA,"K09811",0.836848058525605,1,FALSE,FALSE,FALSE,FALSE
"K09812",0.897,0,0.0222,-0.451,0.195,0.161,NA,"K09812",0.315782386363636,1,FALSE,FALSE,FALSE,FALSE
"K02492",0.872,0,0.000108,-1.14,0.288,0.268,NA,"K00220,K02492,K07556,K09985,K09987,K11352,K13581,K13583,K13584,K13588,K18164",0.0193127142857143,0.540756,TRUE,FALSE,TRUE,FALSE
"K03791",0.271,0,0.945,-0.00462,0.0663,0.00492,NA,"K03791",0.994829403321714,1,FALSE,FALSE,FALSE,FALSE
"K14540",0.379,0,0.0132,-0.467,0.187,0.174,NA,"K14540",0.257116216216216,1,FALSE,FALSE,FALSE,FALSE
"K00507",0.498,0,0.427,-0.0818,0.103,0.0561,NA,"K00507",0.902105063291139,1,FALSE,FALSE,FALSE,FALSE
"K01809",0.419,0,0.31,-0.108,0.106,0.0716,NA,"K01809",0.841670784103115,1,FALSE,FALSE,FALSE,FALSE
"K15524",0.113,0,0.568,-0.0928,0.162,0.0403,NA,"K15524",0.949517436067752,1,FALSE,FALSE,FALSE,FALSE
"K11200",0.0837,0,0.879,0.0329,0.217,0.0107,NA,"K11200",0.991805481283422,1,FALSE,FALSE,FALSE,FALSE
"K02768",0.212,0,0.95,-0.0128,0.206,0.00439,NA,"K02768",0.994829403321714,1,FALSE,FALSE,FALSE,FALSE
"K11922",0.0985,0,0.886,0.0274,0.19,0.0102,NA,"K11922",0.991805481283422,1,FALSE,FALSE,FALSE,FALSE
"K03710",0.862,0,0.606,0.0473,0.0915,0.0364,NA,"K03710",0.957012260295505,1,FALSE,FALSE,FALSE,FALSE
"K07283",0.433,0,0.807,0.031,0.127,0.0172,NA,"K07283",0.976419045334613,1,FALSE,FALSE,FALSE,FALSE
"K03326",0.113,0,0.71,-0.107,0.287,0.0263,NA,"K03326,K07792",0.971062753583987,1,FALSE,FALSE,FALSE,FALSE
"K07685",0.103,0,0.261,-0.264,0.234,0.0792,NA,"K07685",0.813209085252022,1,FALSE,FALSE,FALSE,FALSE
"K07674",0.133,0,0.509,-0.164,0.249,0.0466,NA,"K07674",0.927424672489083,1,FALSE,FALSE,FALSE,FALSE
"K02572",0.197,0,0.219,-0.147,0.119,0.0867,NA,"K02572",0.78944060475162,1,FALSE,FALSE,FALSE,FALSE
"K02570",0.286,0,0.715,-0.035,0.0958,0.0257,NA,"K02569,K02570",0.971062753583987,1,FALSE,FALSE,FALSE,FALSE
"K02567",0.291,0,0.741,-0.0305,0.0921,0.0233,NA,"K02567,K02568",0.975729793356003,1,FALSE,FALSE,FALSE,FALSE
"K03821",0.527,0,0.0091,0.338,0.128,0.183,NA,"K03821",0.219296971153846,1,FALSE,FALSE,FALSE,FALSE
"K00626",0.798,0,0.126,0.241,0.157,0.108,NA,"K00626",0.687801152737752,1,FALSE,FALSE,FALSE,FALSE
"K00023",0.345,0,0.401,0.0857,0.102,0.0593,NA,"K00023",0.891962239004887,1,FALSE,FALSE,FALSE,FALSE
"K09923",0.315,0,0.634,0.0846,0.177,0.0336,NA,"K09923",0.963995748557546,1,FALSE,FALSE,FALSE,FALSE
"K07093",0.768,0,0.664,0.033,0.0759,0.0307,NA,"K07093",0.971062753583987,1,FALSE,FALSE,FALSE,FALSE
"K03281",0.507,0,0.373,0.0828,0.0927,0.0629,NA,"K03281",0.879989661654135,1,FALSE,FALSE,FALSE,FALSE
"K05916",0.823,0,0.507,0.0679,0.102,0.0469,NA,"K05916",0.927424672489083,1,FALSE,FALSE,FALSE,FALSE
"K12266",0.409,0,0.463,-0.0884,0.12,0.0518,NA,"K12266",0.920302104009528,1,FALSE,FALSE,FALSE,FALSE
"K16137",0.754,0,0.626,0.0394,0.0808,0.0344,NA,"K16137",0.959113219094247,1,FALSE,FALSE,FALSE,FALSE
"K23256",0.507,0,0.59,-0.0501,0.0928,0.038,NA,"K23256",0.955410737386805,1,FALSE,FALSE,FALSE,FALSE
"K21606",0.0739,0,0.891,-0.0316,0.23,0.00968,NA,"K21606",0.991826811916407,1,FALSE,FALSE,FALSE,FALSE
"K01183",0.232,0,0.0184,-0.266,0.112,0.165,NA,"K01183",0.286778637770898,1,FALSE,FALSE,FALSE,FALSE
"K21741",0.251,0,0.223,-0.0993,0.0813,0.0858,NA,"K21741",0.796405848787446,1,FALSE,FALSE,FALSE,FALSE
"K08325",0.325,0,0.189,-0.195,0.148,0.0925,NA,"K08325",0.758271634615385,1,FALSE,FALSE,FALSE,FALSE
"K03826",0.256,0,0.321,0.118,0.118,0.07,NA,"K03826",0.849047543581616,1,FALSE,FALSE,FALSE,FALSE
"K07787",0.35,0,0.39,-0.0711,0.0825,0.0607,NA,"K07787",0.889784691136974,1,FALSE,FALSE,FALSE,FALSE
"K07798",0.355,0,0.399,-0.0694,0.082,0.0596,NA,"K07798",0.891076271186441,1,FALSE,FALSE,FALSE,FALSE
"K07796",0.222,0,0.703,-0.0355,0.093,0.0269,NA,"K07796",0.971062753583987,1,FALSE,FALSE,FALSE,FALSE
"K12542",0.557,0,0.712,-0.0338,0.0913,0.0261,NA,"K12542",0.971062753583987,1,FALSE,FALSE,FALSE,FALSE
"K09758",0.103,0,0.537,-0.0771,0.125,0.0436,NA,"K09758",0.945181052631579,1,FALSE,FALSE,FALSE,FALSE
"K13653",0.345,0,0.241,0.114,0.0973,0.0826,NA,"K13653",0.802852295409182,1,FALSE,FALSE,FALSE,FALSE
"K21430",0.818,0,0.712,-0.047,0.127,0.026,NA,"K21430",0.971062753583987,1,FALSE,FALSE,FALSE,FALSE
"K01185",0.256,0,0.611,0.0339,0.0665,0.0359,NA,"K01185",0.957197699720236,1,FALSE,FALSE,FALSE,FALSE
"K21029",0.473,0,0.911,-0.015,0.134,0.0079,NA,"K21029",0.992926448253417,1,FALSE,FALSE,FALSE,FALSE
"K01011",0.906,0,0.28,0.179,0.165,0.0761,NA,"K01011",0.820339379754242,1,FALSE,FALSE,FALSE,FALSE
"K00616",0.975,0,0.904,0.0358,0.298,0.00847,NA,"K00616",0.992180622533976,1,FALSE,FALSE,FALSE,FALSE
"K03776",0.458,0,0.0637,0.214,0.115,0.13,NA,"K03776",0.548548464163822,1,FALSE,FALSE,FALSE,FALSE
"K09607",0.197,0,0.552,-0.0524,0.088,0.042,NA,"K09607",0.949517436067752,1,FALSE,FALSE,FALSE,FALSE
"K07679",0.325,0,0.639,0.0561,0.12,0.0331,NA,"K07679",0.966608157099698,1,FALSE,FALSE,FALSE,FALSE
"K25285",0.31,0,0.674,-0.0498,0.118,0.0297,NA,"K25284,K25285",0.971062753583987,1,FALSE,FALSE,FALSE,FALSE
"K25283",0.404,0,0.889,0.013,0.0934,0.00984,NA,"K25283",0.991805481283422,1,FALSE,FALSE,FALSE,FALSE
"K25282",0.325,0,0.882,-0.0138,0.0933,0.0104,NA,"K25282",0.991805481283422,1,FALSE,FALSE,FALSE,FALSE
"K07267",0.305,0,0.0995,0.244,0.147,0.116,NA,"K07267",0.666929718875502,1,FALSE,FALSE,FALSE,FALSE
"K00878",0.325,0,0.387,-0.105,0.121,0.061,NA,"K00878",0.889784691136974,1,FALSE,FALSE,FALSE,FALSE
"K03707",0.35,0,0.924,-0.00996,0.105,0.00671,NA,"K03707",0.994297872340426,1,FALSE,FALSE,FALSE,FALSE
"K15598",0.172,0,0.2,-0.186,0.145,0.0902,NA,"K15598",0.770013006885998,1,FALSE,FALSE,FALSE,FALSE
"K15599",0.167,0,0.0252,-0.32,0.142,0.157,NA,"K15599",0.349519113573407,1,FALSE,FALSE,FALSE,FALSE
"K02050",0.847,0,0.397,0.109,0.128,0.0598,NA,"K02050",0.889784691136974,1,FALSE,FALSE,FALSE,FALSE
"K15600",0.148,0,0.0192,-0.385,0.163,0.164,NA,"K15600",0.292833636363636,1,FALSE,FALSE,FALSE,FALSE
"K00941",0.665,0,0.597,-0.0727,0.137,0.0373,NA,"K00941",0.955838370983137,1,FALSE,FALSE,FALSE,FALSE
"K03298",0.281,0,0.774,-0.0256,0.089,0.0203,NA,"K03298",0.976419045334613,1,FALSE,FALSE,FALSE,FALSE
"K03765",0.0542,0,0.894,-0.02,0.149,0.00941,NA,"K03765",0.992088775736108,1,FALSE,FALSE,FALSE,FALSE
"K01507",0.739,0,0.274,-0.155,0.141,0.0772,NA,"K01507",0.818078711985689,1,FALSE,FALSE,FALSE,FALSE
"K00364",0.236,0,0.881,-0.0227,0.152,0.0105,NA,"K00364",0.991805481283422,1,FALSE,FALSE,FALSE,FALSE
"K10680",0.828,0,0.999,-9.18e-05,0.0709,9.13e-05,NA,"K10680",0.999199560527367,1,FALSE,FALSE,FALSE,FALSE
"K05782",0.7,0,0.04,0.173,0.0836,0.144,NA,"K05782",0.435532971800434,1,FALSE,FALSE,FALSE,FALSE
"K23779",0.596,0,0.374,0.067,0.0751,0.0627,NA,"K23779",0.879989661654135,1,FALSE,FALSE,FALSE,FALSE
"K05592",0.901,0,0.187,0.283,0.213,0.0931,NA,"K05592",0.753871980676328,1,FALSE,FALSE,FALSE,FALSE
"K01147",0.241,0,0.352,-0.165,0.177,0.0656,NA,"K01147",0.867781388478582,1,FALSE,FALSE,FALSE,FALSE
"K28224",0.512,0,0.952,0.00584,0.0961,0.00429,NA,"K28224",0.994829403321714,1,FALSE,FALSE,FALSE,FALSE
"K01493",0.232,0,0.924,0.0119,0.124,0.00678,NA,"K01493",0.994297872340426,1,FALSE,FALSE,FALSE,FALSE
"K03437",0.631,0,0.237,-0.16,0.135,0.0833,NA,"K03437",0.8009859437751,1,FALSE,FALSE,FALSE,FALSE
"K05524",0.655,0,0.889,0.0183,0.131,0.00982,NA,"K05524",0.991805481283422,1,FALSE,FALSE,FALSE,FALSE
"K07137",0.429,0,0.119,0.178,0.114,0.11,NA,"K07137",0.687801152737752,1,FALSE,FALSE,FALSE,FALSE
"K04719",0.453,0,1.85e-17,1.14,0.122,0.55,NA,"K04719",4.631475e-14,9.26295e-14,TRUE,TRUE,TRUE,TRUE
"K06934",0.118,0,0.881,0.0148,0.0985,0.0106,NA,"K06934",0.991805481283422,1,FALSE,FALSE,FALSE,FALSE
"K12541",0.547,0,0.886,-0.0132,0.0921,0.0101,NA,"K12541",0.991805481283422,1,FALSE,FALSE,FALSE,FALSE
"K03565",0.975,0,0.000863,-0.923,0.273,0.232,NA,"K03565",0.0626237826086957,1,FALSE,FALSE,TRUE,FALSE
"K08344",0.232,0,0.669,-0.0532,0.124,0.0302,NA,"K08344",0.971062753583987,1,FALSE,FALSE,FALSE,FALSE
"K06911",0.921,0,0.00384,0.429,0.147,0.202,NA,"K06911",0.160224,1,FALSE,FALSE,FALSE,FALSE
"K00798",0.695,0,0.121,0.251,0.161,0.109,NA,"K00798",0.687801152737752,1,FALSE,FALSE,FALSE,FALSE
"K07226",0.443,0,0.692,0.041,0.103,0.028,NA,"K07226",0.971062753583987,1,FALSE,FALSE,FALSE,FALSE
"K07227",0.0837,0,0.162,-0.361,0.258,0.0984,NA,"K07227",0.717817699115044,1,FALSE,FALSE,FALSE,FALSE
"K21936",0.0887,0,0.685,-0.064,0.158,0.0286,NA,"K21936",0.971062753583987,1,FALSE,FALSE,FALSE,FALSE
"K25132",0.507,0,0.206,-0.0909,0.0717,0.0891,NA,"K25132",0.774316728624535,1,FALSE,FALSE,FALSE,FALSE
"K25133",0.567,0,0.357,-0.0708,0.0766,0.065,NA,"K25133",0.870676570871895,1,FALSE,FALSE,FALSE,FALSE
"K02015",0.719,0,0.779,0.0265,0.0942,0.0198,NA,"K02015",0.976419045334613,1,FALSE,FALSE,FALSE,FALSE
"K10834",0.488,0,0.538,-0.0511,0.0827,0.0435,NA,"K10834",0.945181052631579,1,FALSE,FALSE,FALSE,FALSE
"K01916",0.709,0,0.157,0.18,0.127,0.0998,NA,"K01916",0.70312969588551,1,FALSE,FALSE,FALSE,FALSE
"K07140",0.517,0,0.893,-0.0177,0.132,0.00948,NA,"K07140",0.992088775736108,1,FALSE,FALSE,FALSE,FALSE
"K09781",0.68,0,0.662,0.0405,0.0925,0.0309,NA,"K09781",0.971062753583987,1,FALSE,FALSE,FALSE,FALSE
"K07256",0.133,0,0.27,-0.181,0.163,0.0778,NA,"K07256",0.814882459312839,1,FALSE,FALSE,FALSE,FALSE
"K07255",0.128,0,0.233,-0.218,0.182,0.084,NA,"K07255",0.8009859437751,1,FALSE,FALSE,FALSE,FALSE
"K03852",0.182,0,0.763,0.0454,0.151,0.0213,NA,"K03852",0.976419045334613,1,FALSE,FALSE,FALSE,FALSE
"K09882",0.217,0,0.23,0.192,0.16,0.0846,NA,"K09882",0.800841446453407,1,FALSE,FALSE,FALSE,FALSE
"K09883",0.217,0,0.23,0.192,0.16,0.0846,NA,"K09883",0.800841446453407,1,FALSE,FALSE,FALSE,FALSE
"K00625",0.266,0,0.22,0.158,0.129,0.0864,NA,"K00625",0.791905104241553,1,FALSE,FALSE,FALSE,FALSE
"K00135",0.936,0,0.939,0.00865,0.113,0.0054,NA,"K00135",0.994829403321714,1,FALSE,FALSE,FALSE,FALSE
"K01638",0.901,0,0.685,-0.0662,0.163,0.0287,NA,"K01638",0.971062753583987,1,FALSE,FALSE,FALSE,FALSE
"K01637",0.887,0,0.118,-0.234,0.149,0.11,NA,"K01637",0.687801152737752,1,FALSE,FALSE,FALSE,FALSE
"K01387",0.0985,0,0.259,-0.213,0.188,0.0796,NA,"K01387",0.810508125,1,FALSE,FALSE,FALSE,FALSE
"K00065",0.537,0,0.749,0.0239,0.0745,0.0226,NA,"K00065",0.975863387978142,1,FALSE,FALSE,FALSE,FALSE
"K10110",0.148,0,0.0949,-0.453,0.27,0.118,NA,"K10108,K10109,K10110",0.653176543209877,1,FALSE,FALSE,FALSE,FALSE
"K07114",0.631,0,0.917,-0.0136,0.131,0.00733,NA,"K07114",0.993607003891051,1,FALSE,FALSE,FALSE,FALSE
"K01046",0.409,0,0.606,-0.0402,0.078,0.0364,NA,"K01046",0.957012260295505,1,FALSE,FALSE,FALSE,FALSE
"K06078",0.172,0,0.623,0.088,0.179,0.0347,NA,"K06078",0.958754595588235,1,FALSE,FALSE,FALSE,FALSE
"K19236",0.128,0,0.532,-0.118,0.189,0.0441,NA,"K19236",0.945181052631579,1,FALSE,FALSE,FALSE,FALSE
"K08163",0.0936,0,0.891,-0.0247,0.179,0.00971,NA,"K08163",0.991826811916407,1,FALSE,FALSE,FALSE,FALSE
"K23775",0.867,0,0.0169,0.306,0.127,0.168,NA,"K23775",0.281123920265781,1,FALSE,FALSE,FALSE,FALSE
"K04063",0.946,0,0.662,0.0962,0.22,0.0309,NA,"K04063",0.971062753583987,1,FALSE,FALSE,FALSE,FALSE
"K11203",0.0739,0,0.876,-0.0347,0.222,0.011,NA,"K11203",0.991440325497288,1,FALSE,FALSE,FALSE,FALSE
"K02770",0.567,0,0.338,0.134,0.14,0.0676,NA,"K02770",0.857762797769894,1,FALSE,FALSE,FALSE,FALSE
"K10195",0.128,0,0.217,-0.158,0.128,0.087,NA,"K10195",0.785624728850325,1,FALSE,FALSE,FALSE,FALSE
"K14054",0.0936,0,0.277,-0.337,0.309,0.0766,NA,"K14054",0.818253097345133,1,FALSE,FALSE,FALSE,FALSE
"K03297",0.64,0,0.258,0.0947,0.0835,0.0797,NA,"K03297",0.810417816813049,1,FALSE,FALSE,FALSE,FALSE
"K00121",0.68,0,0.635,0.089,0.187,0.0335,NA,"K00121",0.96405245603396,1,FALSE,FALSE,FALSE,FALSE
"K01070",0.685,0,0.355,0.212,0.229,0.0652,NA,"K01070",0.869932650073206,1,FALSE,FALSE,FALSE,FALSE
"K00138",0.778,0,0.34,-0.0809,0.0846,0.0673,NA,"K00138",0.859353861686017,1,FALSE,FALSE,FALSE,FALSE
"K21405",0.557,0,0.819,-0.0239,0.104,0.0162,NA,"K21405",0.979396465249582,1,FALSE,FALSE,FALSE,FALSE
"K07727",0.384,0,0.77,0.0228,0.0779,0.0206,NA,"K07727",0.976419045334613,1,FALSE,FALSE,FALSE,FALSE
"K06950",0.522,0,0.189,0.148,0.112,0.0926,NA,"K06950",0.758271634615385,1,FALSE,FALSE,FALSE,FALSE
"K01246",0.857,0,0.319,0.227,0.228,0.0703,NA,"K01246",0.849047543581616,1,FALSE,FALSE,FALSE,FALSE
"K13481",0.537,0,0.18,0.178,0.132,0.0945,NA,"K13481,K13482",0.74545905707196,1,FALSE,FALSE,FALSE,FALSE
"K07402",0.847,0,0.155,0.141,0.0985,0.1,NA,"K07402",0.701789757412399,1,FALSE,FALSE,FALSE,FALSE
"K01487",0.621,0,0.0439,0.251,0.124,0.142,NA,"K01487",0.453210927835052,1,FALSE,FALSE,FALSE,FALSE
"K01607",0.833,0,0.3,0.105,0.101,0.0731,NA,"K01607",0.839146436525612,1,FALSE,FALSE,FALSE,FALSE
"K21745",0.172,0,0.0468,0.225,0.113,0.14,NA,"K21745",0.467719760479042,1,FALSE,FALSE,FALSE,FALSE
"K01483",0.409,0,0.0997,0.215,0.13,0.116,NA,"K01483",0.667376871657754,1,FALSE,FALSE,FALSE,FALSE
"K01477",0.256,0,0.064,0.238,0.128,0.13,NA,"K01477",0.548548464163822,1,FALSE,FALSE,FALSE,FALSE
"K16842",0.586,0,0.276,0.121,0.111,0.0768,NA,"K16842",0.818253097345133,1,FALSE,FALSE,FALSE,FALSE
"K07127",0.764,0,0.0547,0.189,0.0981,0.135,NA,"K07127",0.49797386569873,1,FALSE,FALSE,FALSE,FALSE
"K18456",0.31,0,0.228,0.129,0.106,0.0849,NA,"K18456",0.798877536738978,1,FALSE,FALSE,FALSE,FALSE
"K12960",0.325,0,0.00316,0.43,0.144,0.206,NA,"K12960",0.142541621621622,1,FALSE,FALSE,FALSE,FALSE
"K09017",0.606,0,0.431,0.097,0.123,0.0556,NA,"K09017",0.904070800167574,1,FALSE,FALSE,FALSE,FALSE
"K11529",0.355,0,0.366,0.0939,0.104,0.0638,NA,"K11529",0.878926618705036,1,FALSE,FALSE,FALSE,FALSE
"K00042",0.557,0,0.183,0.124,0.0928,0.0938,NA,"K00042",0.747984489795918,1,FALSE,FALSE,FALSE,FALSE
"K01608",0.384,0,0.18,0.149,0.11,0.0946,NA,"K01608",0.74545905707196,1,FALSE,FALSE,FALSE,FALSE
"K15269",0.32,0,0.253,-0.0901,0.0785,0.0807,NA,"K15269",0.809307547169811,1,FALSE,FALSE,FALSE,FALSE
"K07790",0.0936,0,0.251,0.114,0.0988,0.081,NA,"K07790",0.809307547169811,1,FALSE,FALSE,FALSE,FALSE
"K02281",0.163,0,0.59,0.0723,0.134,0.0381,NA,"K02281",0.955410737386805,1,FALSE,FALSE,FALSE,FALSE
"K06975",0.744,0,0.945,-0.00895,0.129,0.00491,NA,"K06975",0.994829403321714,1,FALSE,FALSE,FALSE,FALSE
"K05350",0.172,0,0.276,-0.12,0.11,0.0768,NA,"K05350",0.818253097345133,1,FALSE,FALSE,FALSE,FALSE
"K10241",0.108,0,0.458,-0.123,0.166,0.0524,NA,"K10241",0.916182980423492,1,FALSE,FALSE,FALSE,FALSE
"K10240",0.108,0,0.458,-0.123,0.166,0.0524,NA,"K10240",0.916182980423492,1,FALSE,FALSE,FALSE,FALSE
"K02027",0.783,0,0.952,0.0056,0.092,0.00429,NA,"K02027",0.994829403321714,1,FALSE,FALSE,FALSE,FALSE
"K01322",0.399,0,0.267,-0.129,0.116,0.0783,NA,"K01322",0.814882459312839,1,FALSE,FALSE,FALSE,FALSE
"K03303",0.527,0,0.0689,0.16,0.0876,0.128,NA,"K03303",0.564514705882353,1,FALSE,FALSE,FALSE,FALSE
"K18930",0.261,0,0.932,0.00905,0.107,0.00599,NA,"K18930",0.994829403321714,1,FALSE,FALSE,FALSE,FALSE
"K05825",0.695,0,0.474,-0.0743,0.104,0.0505,NA,"K05825",0.921838808250573,1,FALSE,FALSE,FALSE,FALSE
"K07146",0.931,0,0.983,0.00436,0.208,0.00148,NA,"K07146",0.996533913747722,1,FALSE,FALSE,FALSE,FALSE
"K07783",0.177,0,0.0345,-0.448,0.211,0.148,NA,"K07783",0.40549647887324,1,FALSE,FALSE,FALSE,FALSE
"K07686",0.133,0,0.481,-0.187,0.265,0.0497,NA,"K07686,K07784",0.921838808250573,1,FALSE,FALSE,FALSE,FALSE
"K09913",0.557,0,0.862,-0.0284,0.163,0.0123,NA,"K09913",0.989755813953488,1,FALSE,FALSE,FALSE,FALSE
"K13936",0.739,0,0.0324,0.261,0.121,0.15,NA,"K13936",0.39567512195122,1,FALSE,FALSE,FALSE,FALSE
"K24180",0.502,0,0.349,0.099,0.106,0.066,NA,"K24180",0.866787202380952,1,FALSE,FALSE,FALSE,FALSE
"K01737",0.906,0,0.653,-0.0663,0.147,0.0318,NA,"K01737",0.969623665480427,1,FALSE,FALSE,FALSE,FALSE
"K07136",0.246,0,0.825,-0.0305,0.138,0.0157,NA,"K07136",0.98039985862394,1,FALSE,FALSE,FALSE,FALSE
"K13529",0.374,0,0.00425,-0.44,0.152,0.2,NA,"K13529",0.167812734375,1,FALSE,FALSE,FALSE,FALSE
"K23773",0.512,0,0.054,0.262,0.135,0.135,NA,"K23773",0.495197802197802,1,FALSE,FALSE,FALSE,FALSE
"K02564",0.517,0,0.839,-0.0198,0.0971,0.0144,NA,"K02564",0.984272024367385,1,FALSE,FALSE,FALSE,FALSE
"K02562",0.153,0,0.792,0.0693,0.263,0.0186,NA,"K02562",0.976419045334613,1,FALSE,FALSE,FALSE,FALSE
"K00009",0.34,0,0.178,-0.178,0.132,0.0949,NA,"K00009",0.742705,1,FALSE,FALSE,FALSE,FALSE
"K02800",0.35,0,0.123,-0.203,0.131,0.109,NA,"K02800",0.687801152737752,1,FALSE,FALSE,FALSE,FALSE
"K10679",0.232,0,0.409,-0.0769,0.0929,0.0583,NA,"K10679",0.893563612679114,1,FALSE,FALSE,FALSE,FALSE
"K12264",0.108,0,0.29,-0.171,0.162,0.0746,NA,"K12264,K12265",0.831651877133106,1,FALSE,FALSE,FALSE,FALSE
"K07167",0.266,0,0.975,0.00458,0.146,0.00221,NA,"K07167",0.995681215582296,1,FALSE,FALSE,FALSE,FALSE
"K01669",0.862,0,0.155,-0.14,0.0978,0.1,NA,"K01669",0.701789757412399,1,FALSE,FALSE,FALSE,FALSE
"K06954",0.517,0,0.882,0.0128,0.0856,0.0105,NA,"K06954,K09701",0.991805481283422,1,FALSE,FALSE,FALSE,FALSE
"K00574",0.773,0,0.851,-0.0299,0.159,0.0132,NA,"K00574",0.987475550405562,1,FALSE,FALSE,FALSE,FALSE
"K22745",0.0197,0,0.419,0.149,0.184,0.057,NA,"K22745",0.900062766865927,1,FALSE,FALSE,FALSE,FALSE
"K01724",0.764,0,0.308,-0.132,0.129,0.0719,NA,"K01724",0.841670784103115,1,FALSE,FALSE,FALSE,FALSE
"K00500",0.576,0,0.443,-0.0965,0.126,0.0542,NA,"K00500",0.908503473641193,1,FALSE,FALSE,FALSE,FALSE
"K01907",0.433,0,0.00199,0.422,0.135,0.216,NA,"K01907",0.109493736263736,1,FALSE,FALSE,FALSE,FALSE
"K01800",0.567,0,0.216,0.194,0.156,0.0871,NA,"K01800",0.784272661348803,1,FALSE,FALSE,FALSE,FALSE
"K16171",0.33,0,0.264,-0.148,0.132,0.0788,NA,"K16171",0.814447319778189,1,FALSE,FALSE,FALSE,FALSE
"K00451",0.616,0,0.83,0.0256,0.119,0.0151,NA,"K00451",0.98039985862394,1,FALSE,FALSE,FALSE,FALSE
"K00457",0.66,0,0.421,0.103,0.128,0.0568,NA,"K00457",0.900062766865927,1,FALSE,FALSE,FALSE,FALSE
"K09935",0.0296,0,0.927,-0.0269,0.294,0.00646,NA,"K09935",0.994829403321714,1,FALSE,FALSE,FALSE,FALSE
"K06957",0.271,0,0.0261,-0.561,0.25,0.156,NA,"K06957",0.354153658536585,1,FALSE,FALSE,FALSE,FALSE
"K09749",0.192,0,0.359,-0.205,0.223,0.0648,NA,"K09749",0.87300291403594,1,FALSE,FALSE,FALSE,FALSE
"K10125",0.498,0,0.00626,0.417,0.151,0.191,NA,"K10125",0.200921923076923,1,FALSE,FALSE,FALSE,FALSE
"K00275",0.842,0,0.76,-0.0394,0.129,0.0216,NA,"K00275",0.976419045334613,1,FALSE,FALSE,FALSE,FALSE
"K07506",0.576,0,0.123,-0.138,0.0889,0.109,NA,"K07506",0.687801152737752,1,FALSE,FALSE,FALSE,FALSE
"K13821",0.813,0,0.718,-0.0877,0.243,0.0255,NA,"K13821",0.971103727714749,1,FALSE,FALSE,FALSE,FALSE
"K00318",0.232,0,0.425,0.131,0.164,0.0563,NA,"K00318",0.902105063291139,1,FALSE,FALSE,FALSE,FALSE
"K11928",0.552,0,0.591,0.085,0.158,0.038,NA,"K11928",0.95548498546981,1,FALSE,FALSE,FALSE,FALSE
"K18954",0.498,0,0.113,0.129,0.081,0.112,NA,"K18954",0.687801152737752,1,FALSE,FALSE,FALSE,FALSE
"K18893",0.532,0,0.291,0.18,0.17,0.0745,NA,"K18893",0.831651877133106,1,FALSE,FALSE,FALSE,FALSE
"K23475",0.0296,0,0.759,-0.0591,0.192,0.0217,NA,"K23475",0.976419045334613,1,FALSE,FALSE,FALSE,FALSE
"K03760",0.552,0,0.0392,-0.231,0.111,0.145,NA,"K03760",0.433276821192053,1,FALSE,FALSE,FALSE,FALSE
"K06015",0.355,0,0.185,-0.102,0.0768,0.0935,NA,"K06015",0.750644246353322,1,FALSE,FALSE,FALSE,FALSE
"K15736",0.167,0,0.258,0.103,0.0907,0.0798,NA,"K15736",0.810417816813049,1,FALSE,FALSE,FALSE,FALSE
"K05994",0.0936,0,0.848,-0.0221,0.116,0.0135,NA,"K05994",0.987475550405562,1,FALSE,FALSE,FALSE,FALSE
"K07661",0.409,0,0.183,-0.257,0.193,0.0939,NA,"K07661",0.747984489795918,1,FALSE,FALSE,FALSE,FALSE
"K01751",0.158,0,0.646,0.0464,0.101,0.0325,NA,"K01751",0.968469058295964,1,FALSE,FALSE,FALSE,FALSE
"K01799",0.217,0,0.473,0.0584,0.0812,0.0507,NA,"K01799",0.921838808250573,1,FALSE,FALSE,FALSE,FALSE
"K02167",0.527,0,0.0125,0.338,0.134,0.175,NA,"K02167",0.251355421686747,1,FALSE,FALSE,FALSE,FALSE
"K00130",0.675,0,0.658,0.0491,0.111,0.0312,NA,"K00130",0.971062753583987,1,FALSE,FALSE,FALSE,FALSE
"K00108",0.586,0,0.407,0.0887,0.107,0.0585,NA,"K00108",0.892618922470434,1,FALSE,FALSE,FALSE,FALSE
"K18555",0.108,0,0.8,-0.0675,0.266,0.0179,NA,"K18555",0.976419045334613,1,FALSE,FALSE,FALSE,FALSE
"K11104",0.0246,0,0.858,0.0306,0.171,0.0126,NA,"K11104",0.988951657458564,1,FALSE,FALSE,FALSE,FALSE
"K03292",0.384,0,0.413,-0.0595,0.0726,0.0577,NA,"K03292",0.894416522491349,1,FALSE,FALSE,FALSE,FALSE
"K07406",0.182,0,0.826,-0.031,0.141,0.0155,NA,"K07406",0.98039985862394,1,FALSE,FALSE,FALSE,FALSE
"K23237",0.064,0,0.721,0.0455,0.127,0.0252,NA,"K23237",0.972573042776433,1,FALSE,FALSE,FALSE,FALSE
"K01451",0.369,0,0.981,0.00226,0.0962,0.00166,NA,"K01451",0.996528982569923,1,FALSE,FALSE,FALSE,FALSE
"K08323",0.345,0,0.883,-0.0131,0.0884,0.0104,NA,"K08323",0.991805481283422,1,FALSE,FALSE,FALSE,FALSE
"K01488",0.36,0,0.317,-0.19,0.19,0.0705,NA,"K01488",0.846968516542156,1,FALSE,FALSE,FALSE,FALSE
"K01812",0.369,0,0.829,0.019,0.0882,0.0152,NA,"K01812",0.98039985862394,1,FALSE,FALSE,FALSE,FALSE
"K00040",0.232,0,0.546,0.057,0.0944,0.0426,NA,"K00040",0.949517436067752,1,FALSE,FALSE,FALSE,FALSE
"K13637",0.0985,0,0.144,0.22,0.15,0.103,NA,"K13637",0.689300191204589,1,FALSE,FALSE,FALSE,FALSE
"K01686",0.389,0,0.227,-0.112,0.0923,0.0851,NA,"K01686",0.797606315789474,1,FALSE,FALSE,FALSE,FALSE
"K00986",0.522,0,0.796,0.0108,0.0417,0.0182,NA,"K00986",0.976419045334613,1,FALSE,FALSE,FALSE,FALSE
"K21966",0.167,0,0.806,-0.0232,0.0942,0.0174,NA,"K21966",0.976419045334613,1,FALSE,FALSE,FALSE,FALSE
"K07483",0.65,0,0.673,0.022,0.0519,0.0298,NA,"K07483",0.971062753583987,1,FALSE,FALSE,FALSE,FALSE
"K19092",0.345,0,0.711,-0.0227,0.0612,0.0262,NA,"K19092",0.971062753583987,1,FALSE,FALSE,FALSE,FALSE
"K07496",0.108,0,0.334,-0.0952,0.0983,0.0682,NA,"K07496",0.855351861295258,1,FALSE,FALSE,FALSE,FALSE
"K23122",0.0345,0,0.421,-0.118,0.146,0.0567,NA,"K23122",0.900062766865927,1,FALSE,FALSE,FALSE,FALSE
"K25562",0.0936,0,0.201,-0.234,0.182,0.0901,NA,"K25562",0.770013006885998,1,FALSE,FALSE,FALSE,FALSE
"K23120",0.0296,0,0.284,-0.187,0.174,0.0756,NA,"K23120",0.823386218876665,1,FALSE,FALSE,FALSE,FALSE
"K02016",0.645,0,0.233,0.113,0.0943,0.084,NA,"K02016",0.8009859437751,1,FALSE,FALSE,FALSE,FALSE
"K12068",0.0542,0,0.587,0.0747,0.137,0.0383,NA,"K12068",0.954876218323587,1,FALSE,FALSE,FALSE,FALSE
"K12067",0.0591,0,0.426,0.108,0.136,0.0562,NA,"K12056,K12057,K12060,K12064,K12065,K12066,K12067,K12072",0.902105063291139,1,FALSE,FALSE,FALSE,FALSE
"K12063",0.0887,0,0.575,0.0717,0.128,0.0396,NA,"K12063",0.950486959392539,1,FALSE,FALSE,FALSE,FALSE
"K12061",0.0542,0,0.75,-0.0442,0.139,0.0225,NA,"K12061",0.976419045334613,1,FALSE,FALSE,FALSE,FALSE
"K12059",0.0345,0,0.881,0.0274,0.182,0.0106,NA,"K12059",0.991805481283422,1,FALSE,FALSE,FALSE,FALSE
"K12058",0.0591,0,0.209,0.149,0.118,0.0886,NA,"K12058",0.775157777777778,1,FALSE,FALSE,FALSE,FALSE
"K00520",0.0443,0,0.268,0.16,0.144,0.0781,NA,"K00520",0.814882459312839,1,FALSE,FALSE,FALSE,FALSE
"K19058",0.0197,0,0.888,0.0235,0.167,0.00996,NA,"K19058",0.991805481283422,1,FALSE,FALSE,FALSE,FALSE
"K08364",0.0443,0,0.569,-0.0794,0.139,0.0402,NA,"K08364",0.949517436067752,1,FALSE,FALSE,FALSE,FALSE
"K08363",0.0493,0,0.498,0.0975,0.144,0.0478,NA,"K08363",0.925570155902005,1,FALSE,FALSE,FALSE,FALSE
"K08365",0.0837,0,0.883,-0.0131,0.089,0.0104,NA,"K08365",0.991805481283422,1,FALSE,FALSE,FALSE,FALSE
"K07498",0.187,0,0.555,0.0506,0.0856,0.0416,NA,"K07498",0.949517436067752,1,FALSE,FALSE,FALSE,FALSE
"K04053",0.0394,0,0.733,-0.0581,0.17,0.024,NA,"K04053",0.974284842049376,1,FALSE,FALSE,FALSE,FALSE
"K03222",0.118,0,0.677,-0.0477,0.114,0.0294,NA,"K03222",0.971062753583987,1,FALSE,FALSE,FALSE,FALSE
"K02493",0.975,0,0.551,0.163,0.273,0.0421,NA,"K02493",0.949517436067752,1,FALSE,FALSE,FALSE,FALSE
"K01627",0.739,0,0.0146,0.658,0.267,0.171,NA,"K00979,K01627",0.266677173913043,1,FALSE,FALSE,FALSE,FALSE
"K11751",0.315,0,0.912,-0.0175,0.159,0.00777,NA,"K11751",0.992926448253417,1,FALSE,FALSE,FALSE,FALSE
"K03976",0.867,0,0.38,0.14,0.159,0.0619,NA,"K03976",0.886194690265487,1,FALSE,FALSE,FALSE,FALSE
"K06182",0.7,0,0.643,-0.0885,0.19,0.0328,NA,"K06182",0.967398137019231,1,FALSE,FALSE,FALSE,FALSE
"K20918",0.0542,0,0.15,-0.216,0.149,0.102,NA,"K20918",0.698651162790698,1,FALSE,FALSE,FALSE,FALSE
"K04335",0.118,0,0.448,-0.0911,0.12,0.0536,NA,"K04335",0.909625304136253,1,FALSE,FALSE,FALSE,FALSE
"K04337",0.143,0,0.806,-0.0221,0.0899,0.0173,NA,"K04337",0.976419045334613,1,FALSE,FALSE,FALSE,FALSE
"K04338",0.158,0,0.773,-0.0252,0.0873,0.0203,NA,"K04338,K06214",0.976419045334613,1,FALSE,FALSE,FALSE,FALSE
"K09973",0.468,0,0.29,0.142,0.134,0.0747,NA,"K09973",0.831651877133106,1,FALSE,FALSE,FALSE,FALSE
"K17686",0.985,0,0.769,0.0436,0.149,0.0207,NA,"K17686",0.976419045334613,1,FALSE,FALSE,FALSE,FALSE
"K24343",0.163,0,0.983,-0.00602,0.274,0.00155,NA,"K21217,K24343,K24344",0.996533913747722,1,FALSE,FALSE,FALSE,FALSE
"K09860",0.177,0,0.323,0.259,0.261,0.0698,NA,"K09860",0.850742240925829,1,FALSE,FALSE,FALSE,FALSE
"K02399",0.655,0,0.757,-0.0345,0.112,0.0218,NA,"K02399",0.976419045334613,1,FALSE,FALSE,FALSE,FALSE
"K02398",0.675,0,0.754,0.0561,0.179,0.0221,NA,"K02398",0.976419045334613,1,FALSE,FALSE,FALSE,FALSE
"K02386",0.665,0,0.0864,0.361,0.209,0.121,NA,"K02386,K02392,K02393,K02394",0.622452949640288,1,FALSE,FALSE,FALSE,FALSE
"K00575",0.709,0,0.663,0.0371,0.0852,0.0307,NA,"K00575",0.971062753583987,1,FALSE,FALSE,FALSE,FALSE
"K02387",0.813,0,0.838,-0.0253,0.123,0.0145,NA,"K02387,K02388,K02389,K02408,K02409,K02410,K02416",0.983559774964838,1,FALSE,FALSE,FALSE,FALSE
"K02390",0.783,0,0.531,0.0749,0.119,0.0443,NA,"K02390",0.944482060390764,1,FALSE,FALSE,FALSE,FALSE
"K02391",0.576,0,0.175,0.117,0.0862,0.0956,NA,"K02391",0.738806913996627,1,FALSE,FALSE,FALSE,FALSE
"K02395",0.759,0,0.393,0.0795,0.0928,0.0603,NA,"K02395",0.889784691136974,1,FALSE,FALSE,FALSE,FALSE
"K02396",0.818,0,0.781,0.0332,0.119,0.0196,NA,"K02396",0.976419045334613,1,FALSE,FALSE,FALSE,FALSE
"K02397",0.734,0,0.0936,-0.176,0.104,0.118,NA,"K02397",0.649106925207756,1,FALSE,FALSE,FALSE,FALSE
"K06603",0.433,0,0.662,-0.0529,0.121,0.0308,NA,"K06603",0.971062753583987,1,FALSE,FALSE,FALSE,FALSE
"K02407",0.714,0,0.362,-0.106,0.116,0.0644,NA,"K02407",0.877315585672798,1,FALSE,FALSE,FALSE,FALSE
"K02422",0.719,0,0.202,-0.157,0.123,0.09,NA,"K02422",0.770894817073171,1,FALSE,FALSE,FALSE,FALSE
"K10941",0.374,0,0.541,0.13,0.212,0.0432,NA,"K10941",0.947459601259182,1,FALSE,FALSE,FALSE,FALSE
"K02411",0.709,0,0.738,-0.0336,0.1,0.0236,NA,"K02411",0.975729793356003,1,FALSE,FALSE,FALSE,FALSE
"K02412",0.685,0,0.0716,-0.21,0.116,0.127,NA,"K02412",0.57086178343949,1,FALSE,FALSE,FALSE,FALSE
"K02413",0.675,0,0.156,-0.162,0.114,0.0999,NA,"K02413",0.701789757412399,1,FALSE,FALSE,FALSE,FALSE
"K02414",0.68,0,0.669,-0.0418,0.0976,0.0302,NA,"K02414",0.971062753583987,1,FALSE,FALSE,FALSE,FALSE
"K02417",0.803,0,0.204,-0.151,0.118,0.0895,NA,"K02417",0.774316728624535,1,FALSE,FALSE,FALSE,FALSE
"K02418",0.773,0,0.741,-0.0352,0.106,0.0234,NA,"K02418",0.975729793356003,1,FALSE,FALSE,FALSE,FALSE
"K02419",0.803,0,0.797,0.0312,0.121,0.0182,NA,"K02419",0.976419045334613,1,FALSE,FALSE,FALSE,FALSE
"K02420",0.783,0,0.721,-0.0326,0.0909,0.0252,NA,"K02420",0.972573042776433,1,FALSE,FALSE,FALSE,FALSE
"K02421",0.798,0,0.748,-0.0296,0.0918,0.0227,NA,"K02421",0.975830119854091,1,FALSE,FALSE,FALSE,FALSE
"K02401",0.808,0,0.762,-0.0365,0.12,0.0214,NA,"K02401",0.976419045334613,1,FALSE,FALSE,FALSE,FALSE
"K02400",0.793,0,0.42,-0.0945,0.117,0.0569,NA,"K02400",0.900062766865927,1,FALSE,FALSE,FALSE,FALSE
"K02404",0.571,0,0.334,-0.134,0.138,0.0682,NA,"K02404",0.855351861295258,1,FALSE,FALSE,FALSE,FALSE
"K04562",0.532,0,0.832,-0.0278,0.131,0.015,NA,"K04562",0.980424570487173,1,FALSE,FALSE,FALSE,FALSE
"K02405",0.709,0,0.429,-0.0954,0.12,0.0558,NA,"K02405",0.903281328847771,1,FALSE,FALSE,FALSE,FALSE
"K03413",0.744,0,0.71,-0.0432,0.116,0.0263,NA,"K03413",0.971062753583987,1,FALSE,FALSE,FALSE,FALSE
"K03414",0.517,0,0.673,0.0614,0.145,0.0298,NA,"K03414",0.971062753583987,1,FALSE,FALSE,FALSE,FALSE
"K03407",0.739,0,0.822,-0.0246,0.109,0.0159,NA,"K03407",0.980174803524649,1,FALSE,FALSE,FALSE,FALSE
"K03412",0.739,0,0.816,0.0271,0.116,0.0165,NA,"K03412",0.977910962182863,1,FALSE,FALSE,FALSE,FALSE
"K03408",0.719,0,0.569,0.0653,0.114,0.0402,NA,"K03408",0.949517436067752,1,FALSE,FALSE,FALSE,FALSE
"K02193",0.571,0,0.31,0.183,0.18,0.0716,NA,"K02193",0.841670784103115,1,FALSE,FALSE,FALSE,FALSE
"K02196",0.557,0,0.547,0.116,0.192,0.0425,NA,"K02196",0.949517436067752,1,FALSE,FALSE,FALSE,FALSE
"K04754",0.581,0,0.236,0.236,0.199,0.0835,NA,"K04754",0.8009859437751,1,FALSE,FALSE,FALSE,FALSE
"K01782",0.562,0,0.913,0.0128,0.116,0.00775,NA,"K01782",0.992926448253417,1,FALSE,FALSE,FALSE,FALSE
"K08296",0.847,0,0.594,0.0969,0.182,0.0376,NA,"K08296",0.955838370983137,1,FALSE,FALSE,FALSE,FALSE
"K07320",0.567,0,0.258,-0.259,0.229,0.0797,NA,"K07320",0.810417816813049,1,FALSE,FALSE,FALSE,FALSE
"K08997",0.916,0,0.306,0.173,0.169,0.0721,NA,"K08997",0.841670784103115,1,FALSE,FALSE,FALSE,FALSE
"K17315",0.498,0,0.00307,0.339,0.113,0.207,NA,"K17315",0.141022844036697,1,FALSE,FALSE,FALSE,FALSE
"K17316",0.438,0,0.0136,0.289,0.116,0.173,NA,"K17316,K17317",0.258852452830189,1,FALSE,FALSE,FALSE,FALSE
"K15329",0.0493,0,0.212,-0.228,0.182,0.088,NA,"K15329",0.780168983174835,1,FALSE,FALSE,FALSE,FALSE
"K06133",0.547,0,0.561,-0.0412,0.0708,0.041,NA,"K06133",0.949517436067752,1,FALSE,FALSE,FALSE,FALSE
"K03770",0.754,0,0.917,-0.0229,0.219,0.00739,NA,"K03770",0.993607003891051,1,FALSE,FALSE,FALSE,FALSE
"K02237",0.808,0,0.117,-0.293,0.186,0.11,NA,"K02237",0.687801152737752,1,FALSE,FALSE,FALSE,FALSE
"K28165",0.182,0,0.348,-0.194,0.206,0.0663,NA,"K28165",0.864732506203474,1,FALSE,FALSE,FALSE,FALSE
"K14260",0.655,0,0.395,-0.141,0.166,0.0601,NA,"K14260",0.889784691136974,1,FALSE,FALSE,FALSE,FALSE
"K02552",0.34,0,0.328,-0.197,0.201,0.069,NA,"K02552",0.852697819314642,1,FALSE,FALSE,FALSE,FALSE
"K02551",0.414,0,0.68,-0.0762,0.184,0.0292,NA,"K01661,K02551",0.971062753583987,1,FALSE,FALSE,FALSE,FALSE
"K08680",0.232,0,0.528,0.143,0.227,0.0446,NA,"K08680",0.94215823235923,1,FALSE,FALSE,FALSE,FALSE
"K02549",0.404,0,0.922,-0.0144,0.147,0.00694,NA,"K02549",0.994297872340426,1,FALSE,FALSE,FALSE,FALSE
"K13636",0.133,0,0.953,-0.0093,0.157,0.00419,NA,"K13636",0.994829403321714,1,FALSE,FALSE,FALSE,FALSE
"K05939",0.522,0,0.376,-0.0854,0.0962,0.0625,NA,"K05939",0.882208059981256,1,FALSE,FALSE,FALSE,FALSE
"K09948",0.404,0,0.427,0.123,0.154,0.056,NA,"K09948",0.902105063291139,1,FALSE,FALSE,FALSE,FALSE
"K05800",0.473,0,0.0684,0.251,0.137,0.128,NA,"K05800",0.562362561576355,1,FALSE,FALSE,FALSE,FALSE
"K10805",0.714,0,0.578,0.0787,0.141,0.0393,NA,"K10805",0.95136291913215,1,FALSE,FALSE,FALSE,FALSE
"K09914",0.369,0,0.0855,-0.17,0.0983,0.121,NA,"K09914",0.618299567723343,1,FALSE,FALSE,FALSE,FALSE
"K07443",0.601,0,0.021,0.354,0.152,0.162,NA,"K07443",0.306551020408163,1,FALSE,FALSE,FALSE,FALSE
"K01580",0.113,0,0.406,-0.0833,0.1,0.0586,NA,"K01580",0.892618922470434,1,FALSE,FALSE,FALSE,FALSE
"K09924",0.473,0,0.227,0.115,0.0948,0.0852,NA,"K09924",0.797606315789474,1,FALSE,FALSE,FALSE,FALSE
"K00432",0.818,0,0.76,-0.0365,0.119,0.0216,NA,"K00432",0.976419045334613,1,FALSE,FALSE,FALSE,FALSE
"K22083",0.197,0,0.0413,-0.183,0.0891,0.143,NA,"K22083",0.441042127659575,1,FALSE,FALSE,FALSE,FALSE
"K00675",0.394,0,0.0489,0.202,0.102,0.138,NA,"K00675",0.476394174757282,1,FALSE,FALSE,FALSE,FALSE
"K13639",0.547,0,0.339,-0.0782,0.0815,0.0675,NA,"K13639",0.858559939301973,1,FALSE,FALSE,FALSE,FALSE
"K03478",0.286,0,0.315,-0.0864,0.0859,0.0708,NA,"K03478",0.846140021459228,1,FALSE,FALSE,FALSE,FALSE
"K01222",0.315,0,0.878,-0.0161,0.105,0.0108,NA,"K01222",0.991805481283422,1,FALSE,FALSE,FALSE,FALSE
"K03387",0.576,0,0.854,0.0256,0.139,0.013,NA,"K03387",0.988208458516293,1,FALSE,FALSE,FALSE,FALSE
"K24119",0.616,0,0.0483,0.334,0.168,0.139,NA,"K24119",0.474192352941177,1,FALSE,FALSE,FALSE,FALSE
"K15986",0.32,0,0.369,0.186,0.206,0.0634,NA,"K15986",0.879989661654135,1,FALSE,FALSE,FALSE,FALSE
"K03098",0.552,0,0.295,-0.137,0.131,0.0738,NA,"K03098",0.834971735443753,1,FALSE,FALSE,FALSE,FALSE
"K18301",0.394,0,0.444,-0.077,0.1,0.054,NA,"K18301",0.908503473641193,1,FALSE,FALSE,FALSE,FALSE
"K02297",0.635,0,0.388,0.093,0.107,0.0609,NA,"K02297",0.889784691136974,1,FALSE,FALSE,FALSE,FALSE
"K02298",0.601,0,0.289,0.127,0.119,0.0747,NA,"K02298",0.831651877133106,1,FALSE,FALSE,FALSE,FALSE
"K02299",0.64,0,0.172,0.157,0.115,0.0962,NA,"K02299,K02300",0.734699745547074,1,FALSE,FALSE,FALSE,FALSE
"K02257",0.951,0,0.545,0.107,0.176,0.0427,NA,"K02257",0.948823018080668,1,FALSE,FALSE,FALSE,FALSE
"K06075",0.616,0,0.311,0.108,0.107,0.0715,NA,"K06075",0.841670784103115,1,FALSE,FALSE,FALSE,FALSE
"K19736",0.207,0,0.452,-0.0874,0.116,0.0531,NA,"K19736",0.91219830713422,1,FALSE,FALSE,FALSE,FALSE
"K01534",0.68,0,0.00728,0.326,0.12,0.188,NA,"K01534",0.206786271186441,1,FALSE,FALSE,FALSE,FALSE
"K00757",0.256,0,0.448,-0.131,0.173,0.0536,NA,"K00757",0.909625304136253,1,FALSE,FALSE,FALSE,FALSE
"K02503",0.926,0,0.783,0.0436,0.158,0.0194,NA,"K02503",0.976419045334613,1,FALSE,FALSE,FALSE,FALSE
"K09859",0.281,0,0.913,-0.0157,0.144,0.00772,NA,"K09859",0.992926448253417,1,FALSE,FALSE,FALSE,FALSE
"K07337",0.35,0,0.579,-0.0809,0.145,0.0392,NA,"K07337",0.951445027896291,1,FALSE,FALSE,FALSE,FALSE
"K07251",0.232,0,0.44,-0.182,0.235,0.0545,NA,"K07251,K08723",0.907557336621455,1,FALSE,FALSE,FALSE,FALSE
"K03885",0.956,0,0.192,-0.294,0.224,0.092,NA,"K03885",0.760307631785995,1,FALSE,FALSE,FALSE,FALSE
"K09808",0.739,0,0.566,0.144,0.25,0.0405,NA,"K09808,K09810",0.949517436067752,1,FALSE,FALSE,FALSE,FALSE
"K09928",0.601,0,0.686,0.0577,0.142,0.0285,NA,"K09928",0.971062753583987,1,FALSE,FALSE,FALSE,FALSE
"K11085",0.734,0,0.149,-0.134,0.0928,0.102,NA,"K11085",0.697236448598131,1,FALSE,FALSE,FALSE,FALSE
"K00912",0.719,0,0.957,0.0142,0.266,0.00377,NA,"K00912",0.994829403321714,1,FALSE,FALSE,FALSE,FALSE
"K09791",0.759,0,0.652,0.0851,0.188,0.0318,NA,"K09791",0.969623665480427,1,FALSE,FALSE,FALSE,FALSE
"K05788",0.685,0,0.599,0.126,0.24,0.0372,NA,"K05788",0.955838370983137,1,FALSE,FALSE,FALSE,FALSE
"K08992",0.793,0,0.606,-0.0509,0.0987,0.0364,NA,"K08992",0.957012260295505,1,FALSE,FALSE,FALSE,FALSE
"K19804",0.419,0,0.0185,-0.438,0.184,0.165,NA,"K19804",0.286778637770898,1,FALSE,FALSE,FALSE,FALSE
"K06169",0.483,0,0.975,-0.00646,0.204,0.00223,NA,"K06169",0.995681215582296,1,FALSE,FALSE,FALSE,FALSE
"K13634",0.463,0,0.88,-0.0259,0.172,0.0107,NA,"K13634",0.991805481283422,1,FALSE,FALSE,FALSE,FALSE
"K00259",0.65,0,0.609,0.0664,0.129,0.0362,NA,"K00259",0.957081920903955,1,FALSE,FALSE,FALSE,FALSE
"K00833",0.778,0,0.0434,0.241,0.119,0.142,NA,"K00833,K01935",0.4508377593361,1,FALSE,FALSE,FALSE,FALSE
"K01012",0.857,0,0.587,0.0645,0.119,0.0383,NA,"K01012",0.954876218323587,1,FALSE,FALSE,FALSE,FALSE
"K00652",0.596,0,0.0828,0.213,0.122,0.122,NA,"K00652",0.608780616740088,1,FALSE,FALSE,FALSE,FALSE
"K02169",0.626,0,0.354,0.118,0.128,0.0654,NA,"K02169",0.869714425907753,1,FALSE,FALSE,FALSE,FALSE
"K03799",0.808,0,0.122,0.176,0.113,0.109,NA,"K03799",0.687801152737752,1,FALSE,FALSE,FALSE,FALSE
"K00892",0.236,0,0.295,-0.233,0.222,0.0739,NA,"K00892",0.834971735443753,1,FALSE,FALSE,FALSE,FALSE
"K03746",0.507,0,0.888,-0.0141,0.1,0.00994,NA,"K03746",0.991805481283422,1,FALSE,FALSE,FALSE,FALSE
"K01693",0.749,0,0.52,0.0795,0.123,0.0454,NA,"K01693",0.936898164807485,1,FALSE,FALSE,FALSE,FALSE
"K01814",0.847,0,0.634,0.0511,0.107,0.0336,NA,"K01814",0.963995748557546,1,FALSE,FALSE,FALSE,FALSE
"K11755",0.448,0,0.238,-0.232,0.196,0.0832,NA,"K11755",0.8009859437751,1,FALSE,FALSE,FALSE,FALSE
"K09858",0.69,0,0.0652,-0.282,0.152,0.13,NA,"K09858",0.55010016722408,1,FALSE,FALSE,FALSE,FALSE
"K03269",0.729,0,0.167,-0.281,0.203,0.0973,NA,"K03269",0.72710347826087,1,FALSE,FALSE,FALSE,FALSE
"K00857",0.734,0,0.844,-0.0351,0.178,0.0139,NA,"K00857",0.986439775910364,1,FALSE,FALSE,FALSE,FALSE
"K02069",0.3,0,0.783,0.0263,0.0951,0.0195,NA,"K02069",0.976419045334613,1,FALSE,FALSE,FALSE,FALSE
"K02571",0.212,0,0.818,0.0235,0.102,0.0162,NA,"K02571",0.978902007648183,1,FALSE,FALSE,FALSE,FALSE
"K03532",0.069,0,0.926,-0.0241,0.259,0.00656,NA,"K03532",0.994829403321714,1,FALSE,FALSE,FALSE,FALSE
"K07811",0.0493,0,0.854,-0.0342,0.185,0.013,NA,"K07647,K07811",0.988208458516293,1,FALSE,FALSE,FALSE,FALSE
"K03974",0.241,0,0.303,-0.229,0.222,0.0726,NA,"K03974",0.841396694214876,1,FALSE,FALSE,FALSE,FALSE
"K03969",0.532,0,0.103,-0.231,0.141,0.115,NA,"K03969",0.674145098039216,1,FALSE,FALSE,FALSE,FALSE
"K03970",0.232,0,0.00487,-0.583,0.205,0.197,NA,"K03970",0.184727954545455,1,FALSE,FALSE,FALSE,FALSE
"K03973",0.251,0,0.324,-0.172,0.174,0.0696,NA,"K03973",0.851137460650577,1,FALSE,FALSE,FALSE,FALSE
"K01760",0.749,0,0.869,-0.019,0.115,0.0117,NA,"K01760",0.990458229000683,1,FALSE,FALSE,FALSE,FALSE
"K06131",0.897,0,0.762,0.0624,0.206,0.0213,NA,"K06131",0.976419045334613,1,FALSE,FALSE,FALSE,FALSE
"K05779",0.246,0,0.352,0.132,0.142,0.0656,NA,"K05779",0.867781388478582,1,FALSE,FALSE,FALSE,FALSE
"K05778",0.256,0,0.829,0.0313,0.145,0.0152,NA,"K05777,K05778",0.98039985862394,1,FALSE,FALSE,FALSE,FALSE
"K03668",0.591,0,0.785,-0.0376,0.138,0.0192,NA,"K03668",0.976419045334613,1,FALSE,FALSE,FALSE,FALSE
"K06938",0.645,0,0.0796,0.255,0.145,0.123,NA,"K06938",0.595608805970149,1,FALSE,FALSE,FALSE,FALSE
"K03286",0.749,0,0.438,0.202,0.259,0.0548,NA,"K03286",0.906600248036379,1,FALSE,FALSE,FALSE,FALSE
"K18979",0.862,0,0.122,0.468,0.302,0.109,NA,"K18979",0.687801152737752,1,FALSE,FALSE,FALSE,FALSE
"K01448",0.857,0,0.0307,0.554,0.255,0.152,NA,"K01448",0.382375373134328,1,FALSE,FALSE,FALSE,FALSE
"K03572",0.852,0,0.116,0.426,0.27,0.111,NA,"K03572",0.687801152737752,1,FALSE,FALSE,FALSE,FALSE
"K04088",0.719,0,0.000223,0.844,0.225,0.256,NA,"K04088",0.0259665348837209,1,TRUE,FALSE,TRUE,FALSE
"K04087",0.719,0,0.000223,0.844,0.225,0.256,NA,"K04087",0.0259665348837209,1,TRUE,FALSE,TRUE,FALSE
"K09937",0.369,0,0.371,0.106,0.118,0.0631,NA,"K09937",0.879989661654135,1,FALSE,FALSE,FALSE,FALSE
"K02963",0.931,0,0.991,0.00341,0.289,0.000832,NA,"K02963",0.99758246388443,1,FALSE,FALSE,FALSE,FALSE
"K01810",0.897,0,0.347,0.169,0.18,0.0664,NA,"K01810",0.864392537313433,1,FALSE,FALSE,FALSE,FALSE
"K03409",0.207,0,0.00194,-0.506,0.161,0.216,NA,"K03409",0.109141348314607,1,FALSE,FALSE,FALSE,FALSE
"K00380",0.611,0,0.035,0.235,0.111,0.148,NA,"K00380",0.407762645011601,1,FALSE,FALSE,FALSE,FALSE
"K00381",0.714,0,0.491,0.0933,0.135,0.0486,NA,"K00381",0.922836711711712,1,FALSE,FALSE,FALSE,FALSE
"K00390",0.852,0,0.00746,0.325,0.12,0.187,NA,"K00390",0.209532065217391,1,FALSE,FALSE,FALSE,FALSE
"K14060",0.438,0,0.482,0.0327,0.0465,0.0496,NA,"K14060",0.921838808250573,1,FALSE,FALSE,FALSE,FALSE
"K00868",0.502,0,0.502,0.0662,0.0986,0.0473,NA,"K00868",0.927153817779417,1,FALSE,FALSE,FALSE,FALSE
"K01058",0.365,0,0.1,-0.212,0.128,0.116,NA,"K01058",0.6676,1,FALSE,FALSE,FALSE,FALSE
"K01007",0.655,0,0.239,-0.113,0.0959,0.083,NA,"K01007",0.8009859437751,1,FALSE,FALSE,FALSE,FALSE
"K03675",0.0739,0,0.939,-0.0172,0.224,0.00539,NA,"K03675",0.994829403321714,1,FALSE,FALSE,FALSE,FALSE
"K22230",0.384,0,0.647,0.0513,0.112,0.0324,NA,"K22230",0.968469058295964,1,FALSE,FALSE,FALSE,FALSE
"K07394",0.369,0,0.62,-0.0681,0.137,0.0351,NA,"K07394",0.958196302003082,1,FALSE,FALSE,FALSE,FALSE
"K07222",0.483,0,0.816,-0.0183,0.0784,0.0164,NA,"K07222",0.977910962182863,1,FALSE,FALSE,FALSE,FALSE
"K05844",0.532,0,0.563,-0.0876,0.151,0.0408,NA,"K05844",0.949517436067752,1,FALSE,FALSE,FALSE,FALSE
"K13985",0.675,0,0.851,-0.015,0.0795,0.0133,NA,"K13985",0.987475550405562,1,FALSE,FALSE,FALSE,FALSE
"K14051",0.118,0,0.697,0.0715,0.183,0.0275,NA,"K14051",0.971062753583987,1,FALSE,FALSE,FALSE,FALSE
"K03817",0.31,0,0.655,0.0571,0.128,0.0316,NA,"K03817",0.971062753583987,1,FALSE,FALSE,FALSE,FALSE
"K02821",0.261,0,0.695,0.0471,0.12,0.0277,NA,"K02821",0.971062753583987,1,FALSE,FALSE,FALSE,FALSE
"K03475",0.241,0,0.727,0.0454,0.13,0.0247,NA,"K03475",0.973435372340426,1,FALSE,FALSE,FALSE,FALSE
"K02822",0.261,0,0.695,0.0471,0.12,0.0277,NA,"K02822",0.971062753583987,1,FALSE,FALSE,FALSE,FALSE
"K13590",0.512,0,0.856,0.0273,0.15,0.0128,NA,"K13590",0.988694809688581,1,FALSE,FALSE,FALSE,FALSE
"K01485",0.645,0,0.0476,0.176,0.0881,0.139,NA,"K01485",0.471946930693069,1,FALSE,FALSE,FALSE,FALSE
"K10974",0.266,0,0.402,-0.0623,0.0741,0.0592,NA,"K10974",0.892204787234043,1,FALSE,FALSE,FALSE,FALSE
"K07005",0.315,0,0.45,-0.0951,0.126,0.0533,NA,"K07005",0.91109987868985,1,FALSE,FALSE,FALSE,FALSE
"K00375",0.793,0,0.92,0.00775,0.0772,0.00708,NA,"K00375",0.994297872340426,1,FALSE,FALSE,FALSE,FALSE
"K16263",0.197,0,0.745,0.0421,0.129,0.023,NA,"K16263",0.975729793356003,1,FALSE,FALSE,FALSE,FALSE
"K05601",0.158,0,0.16,-0.29,0.205,0.099,NA,"K05601",0.712740213523132,1,FALSE,FALSE,FALSE,FALSE
"K11933",0.0936,0,0.976,0.00544,0.177,0.00216,NA,"K11933",0.995687041564792,1,FALSE,FALSE,FALSE,FALSE
"K09915",0.601,0,0.459,-0.118,0.16,0.0523,NA,"K09915",0.916352870813397,1,FALSE,FALSE,FALSE,FALSE
"K07461",0.65,0,0.65,-0.0524,0.115,0.032,NA,"K07461",0.969623665480427,1,FALSE,FALSE,FALSE,FALSE
"K10910",0.0591,0,0.482,-0.184,0.262,0.0496,NA,"K10910",0.921838808250573,1,FALSE,FALSE,FALSE,FALSE
"K04046",0.64,0,0.0208,0.36,0.154,0.162,NA,"K04046",0.306310588235294,1,FALSE,FALSE,FALSE,FALSE
"K01840",0.256,0,0.796,-0.0323,0.125,0.0182,NA,"K01840",0.976419045334613,1,FALSE,FALSE,FALSE,FALSE
"K02275",0.837,0,0.608,-0.0682,0.133,0.0362,NA,"K02275",0.957012260295505,1,FALSE,FALSE,FALSE,FALSE
"K02274",0.798,0,0.316,-0.128,0.128,0.0707,NA,"K02274",0.846968516542156,1,FALSE,FALSE,FALSE,FALSE
"K02258",0.532,0,0.846,-0.0255,0.131,0.0137,NA,"K02258",0.987475550405562,1,FALSE,FALSE,FALSE,FALSE
"K02276",0.704,0,0.288,-0.134,0.126,0.0749,NA,"K02276",0.831612456747405,1,FALSE,FALSE,FALSE,FALSE
"K14998",0.67,0,0.391,-0.112,0.13,0.0605,NA,"K14998",0.889784691136974,1,FALSE,FALSE,FALSE,FALSE
"K02259",0.828,0,0.283,-0.138,0.128,0.0757,NA,"K02259",0.82239175856065,1,FALSE,FALSE,FALSE,FALSE
"K09954",0.557,0,0.539,-0.0961,0.156,0.0434,NA,"K09954",0.945610721793973,1,FALSE,FALSE,FALSE,FALSE
"K16052",0.276,0,0.447,0.0779,0.102,0.0537,NA,"K16052",0.909438845997562,1,FALSE,FALSE,FALSE,FALSE
"K12267",0.232,0,0.489,-0.113,0.162,0.0488,NA,"K12267",0.922836711711712,1,FALSE,FALSE,FALSE,FALSE
"K05306",0.31,0,0.115,0.181,0.114,0.111,NA,"K05306",0.687801152737752,1,FALSE,FALSE,FALSE,FALSE
"K26913",0.0739,0,0.789,0.0379,0.142,0.0189,NA,"K26913",0.976419045334613,1,FALSE,FALSE,FALSE,FALSE
"K03430",0.384,0,0.0656,0.192,0.104,0.129,NA,"K03430",0.55010016722408,1,FALSE,FALSE,FALSE,FALSE
"K02010",0.596,0,0.238,0.0913,0.0772,0.0831,NA,"K02010",0.8009859437751,1,FALSE,FALSE,FALSE,FALSE
"K00851",0.685,0,0.213,0.136,0.109,0.0877,NA,"K00851",0.780168983174835,1,FALSE,FALSE,FALSE,FALSE
"K06145",0.507,0,0.282,0.147,0.136,0.0759,NA,"K06145",0.82091511627907,1,FALSE,FALSE,FALSE,FALSE
"K09712",0.123,0,0.0369,-0.37,0.176,0.147,NA,"K09712",0.421822602739726,1,FALSE,FALSE,FALSE,FALSE
"K08234",0.493,0,0.328,-0.107,0.11,0.069,NA,"K08234",0.852697819314642,1,FALSE,FALSE,FALSE,FALSE
"K00456",0.0296,0,0.812,0.0442,0.185,0.0168,NA,"K00456",0.976419045334613,1,FALSE,FALSE,FALSE,FALSE
"K00639",0.714,0,0.0459,-0.187,0.0929,0.14,NA,"K00639",0.464285454545455,1,FALSE,FALSE,FALSE,FALSE
"K00060",0.601,0,0.169,-0.119,0.0865,0.0969,NA,"K00060",0.729468103448276,1,FALSE,FALSE,FALSE,FALSE
"K13954",0.197,0,0.678,0.0519,0.125,0.0293,NA,"K13954",0.971062753583987,1,FALSE,FALSE,FALSE,FALSE
"K07025",0.793,0,0.502,-0.0717,0.107,0.0474,NA,"K07025",0.927153817779417,1,FALSE,FALSE,FALSE,FALSE
"K03658",0.241,0,0.259,-0.107,0.0943,0.0796,NA,"K03658",0.810508125,1,FALSE,FALSE,FALSE,FALSE
"K01734",0.635,0,0.238,0.138,0.117,0.0832,NA,"K01734",0.8009859437751,1,FALSE,FALSE,FALSE,FALSE
"K11930",0.064,0,0.502,-0.106,0.158,0.0474,NA,"K11930",0.927153817779417,1,FALSE,FALSE,FALSE,FALSE
"K15363",0.0887,0,0.872,-0.025,0.155,0.0114,NA,"K15363",0.990720217835262,1,FALSE,FALSE,FALSE,FALSE
"K08177",0.527,0,0.139,0.125,0.0842,0.104,NA,"K08177",0.687801152737752,1,FALSE,FALSE,FALSE,FALSE
"K00882",0.571,0,0.389,0.107,0.124,0.0607,NA,"K00882",0.889784691136974,1,FALSE,FALSE,FALSE,FALSE
"K03435",0.419,0,0.0537,0.308,0.159,0.136,NA,"K03435",0.495167403314917,1,FALSE,FALSE,FALSE,FALSE
"K20074",0.729,0,0.571,-0.0557,0.0981,0.04,NA,"K20074",0.949517436067752,1,FALSE,FALSE,FALSE,FALSE
"K02575",0.764,0,0.81,-0.0201,0.0835,0.0169,NA,"K02575",0.976419045334613,1,FALSE,FALSE,FALSE,FALSE
"K00372",0.768,0,0.00659,-0.205,0.0746,0.19,NA,"K00372",0.2062258125,1,FALSE,FALSE,FALSE,FALSE
"K00852",0.788,0,0.98,-0.00303,0.123,0.00173,NA,"K00852",0.996316751269036,1,FALSE,FALSE,FALSE,FALSE
"K10439",0.734,0,0.918,0.0112,0.109,0.00725,NA,"K10439",0.993607003891051,1,FALSE,FALSE,FALSE,FALSE
"K10440",0.65,0,0.763,-0.0274,0.091,0.0213,NA,"K10440",0.976419045334613,1,FALSE,FALSE,FALSE,FALSE
"K23509",0.384,0,0.66,-0.0419,0.0952,0.031,NA,"K23509",0.971062753583987,1,FALSE,FALSE,FALSE,FALSE
"K02057",0.232,0,0.112,0.131,0.082,0.112,NA,"K02057",0.687801152737752,1,FALSE,FALSE,FALSE,FALSE
"K10441",0.601,0,0.874,-0.0146,0.092,0.0112,NA,"K10441",0.991417761667422,1,FALSE,FALSE,FALSE,FALSE
"K06726",0.458,0,0.768,0.0319,0.108,0.0208,NA,"K06726",0.976419045334613,1,FALSE,FALSE,FALSE,FALSE
"K17836",0.463,0,0.992,0.000793,0.0825,0.000678,NA,"K17836",0.99758246388443,1,FALSE,FALSE,FALSE,FALSE
"K13893",0.468,0,0.192,0.226,0.172,0.092,NA,"K13893",0.760307631785995,1,FALSE,FALSE,FALSE,FALSE
"K13894",0.537,0,0.347,0.184,0.196,0.0663,NA,"K13894,K13895",0.864392537313433,1,FALSE,FALSE,FALSE,FALSE
"K13896",0.384,0,0.244,0.219,0.187,0.0822,NA,"K13896",0.803876146788991,1,FALSE,FALSE,FALSE,FALSE
"K14761",0.562,0,0.2,-0.179,0.139,0.0903,NA,"K14761",0.770013006885998,1,FALSE,FALSE,FALSE,FALSE
"K02510",0.547,0,0.128,-0.106,0.0694,0.107,NA,"K02510",0.687801152737752,1,FALSE,FALSE,FALSE,FALSE
"K15509",0.217,0,0.673,0.0253,0.06,0.0298,NA,"K15509",0.971062753583987,1,FALSE,FALSE,FALSE,FALSE
"K22187",0.488,0,0.439,0.0566,0.073,0.0546,NA,"K22187",0.907170037144036,1,FALSE,FALSE,FALSE,FALSE
"K11312",0.123,0,0.277,-0.148,0.136,0.0767,NA,"K11312",0.818253097345133,1,FALSE,FALSE,FALSE,FALSE
"K03830",0.325,0,0.431,0.0592,0.0751,0.0555,NA,"K03830",0.904070800167574,1,FALSE,FALSE,FALSE,FALSE
"K09909",0.256,0,0.903,-0.0259,0.212,0.00861,NA,"K09909",0.992180622533976,1,FALSE,FALSE,FALSE,FALSE
"K00428",0.404,0,0.89,-0.00953,0.0687,0.00978,NA,"K00428",0.991826811916407,1,FALSE,FALSE,FALSE,FALSE
"K20276",0.31,0,0.441,0.0524,0.0678,0.0544,NA,"K20276",0.907557336621455,1,FALSE,FALSE,FALSE,FALSE
"K03446",0.729,0,0.367,0.14,0.155,0.0637,NA,"K03446",0.879989661654135,1,FALSE,FALSE,FALSE,FALSE
"K03543",0.621,0,0.165,0.207,0.149,0.0979,NA,"K03543",0.724697368421053,1,FALSE,FALSE,FALSE,FALSE
"K03449",0.823,0,0.696,-0.0526,0.134,0.0276,NA,"K03449",0.971062753583987,1,FALSE,FALSE,FALSE,FALSE
"K01753",0.281,0,0.431,0.0815,0.103,0.0555,NA,"K01753",0.904070800167574,1,FALSE,FALSE,FALSE,FALSE
"K00281",0.852,0,0.431,-0.241,0.306,0.0556,NA,"K00281",0.904070800167574,1,FALSE,FALSE,FALSE,FALSE
"K15034",0.852,0,0.851,-0.0289,0.154,0.0133,NA,"K15034",0.987475550405562,1,FALSE,FALSE,FALSE,FALSE
"K05805",0.596,0,0.279,0.219,0.202,0.0763,NA,"K05805",0.820339379754242,1,FALSE,FALSE,FALSE,FALSE
"K03834",0.192,0,0.187,-0.319,0.241,0.0929,NA,"K03834",0.753871980676328,1,FALSE,FALSE,FALSE,FALSE
"K08682",0.488,0,0.71,-0.0657,0.176,0.0263,NA,"K08682",0.971062753583987,1,FALSE,FALSE,FALSE,FALSE
"K23988",0.064,0,0.203,0.156,0.122,0.0898,NA,"K23988",0.771184370257967,1,FALSE,FALSE,FALSE,FALSE
"K03741",0.567,0,0.474,0.0624,0.087,0.0505,NA,"K03741",0.921838808250573,1,FALSE,FALSE,FALSE,FALSE
"K25224",0.222,0,0.451,0.0869,0.115,0.0532,NA,"K25224",0.911649979814292,1,FALSE,FALSE,FALSE,FALSE
"K14645",0.236,0,0.568,-0.0671,0.117,0.0403,NA,"K14645",0.949517436067752,1,FALSE,FALSE,FALSE,FALSE
"K24138",0.399,0,0.967,0.00599,0.146,0.0029,NA,"K24138",0.994829403321714,1,FALSE,FALSE,FALSE,FALSE
"K07386",0.365,0,0.234,-0.239,0.201,0.0838,NA,"K07386",0.8009859437751,1,FALSE,FALSE,FALSE,FALSE
"K04065",0.261,0,0.508,0.0776,0.117,0.0467,NA,"K04065",0.927424672489083,1,FALSE,FALSE,FALSE,FALSE
"K09986",0.419,0,0.0393,0.396,0.191,0.145,NA,"K09986",0.433425330396476,1,FALSE,FALSE,FALSE,FALSE
"K27835",0.335,0,0.909,-0.0168,0.147,0.00807,NA,"K27835",0.992926448253417,1,FALSE,FALSE,FALSE,FALSE
"K03926",0.296,0,0.47,-0.0981,0.135,0.051,NA,"K03926",0.921838808250573,1,FALSE,FALSE,FALSE,FALSE
"K11354",0.241,0,0.717,-0.0385,0.106,0.0256,NA,"K11354",0.971062753583987,1,FALSE,FALSE,FALSE,FALSE
"K23997",0.818,0,0.709,-0.048,0.129,0.0263,NA,"K23997",0.971062753583987,1,FALSE,FALSE,FALSE,FALSE
"K17758",0.635,0,0.237,-0.145,0.122,0.0833,NA,"K17758",0.8009859437751,1,FALSE,FALSE,FALSE,FALSE
"K01611",0.527,0,0.152,-0.13,0.0901,0.101,NA,"K01611",0.701789757412399,1,FALSE,FALSE,FALSE,FALSE
"K01259",0.463,0,0.31,0.0975,0.0958,0.0716,NA,"K01259",0.841670784103115,1,FALSE,FALSE,FALSE,FALSE
"K20977",0.256,0,0.0655,0.389,0.21,0.13,NA,"K20977",0.55010016722408,1,FALSE,FALSE,FALSE,FALSE
"K20978",0.256,0,0.0655,0.389,0.21,0.13,NA,"K20978",0.55010016722408,1,FALSE,FALSE,FALSE,FALSE
"K13282",0.197,0,0.95,-0.00612,0.0966,0.00447,NA,"K13282",0.994829403321714,1,FALSE,FALSE,FALSE,FALSE
"K07729",0.355,0,0.697,-0.0236,0.0604,0.0275,NA,"K07729",0.971062753583987,1,FALSE,FALSE,FALSE,FALSE
"K14379",0.064,0,0.756,0.0285,0.0916,0.0219,NA,"K14379",0.976419045334613,1,FALSE,FALSE,FALSE,FALSE
"K01083",0.222,0,0.698,-0.0278,0.0716,0.0274,NA,"K01083",0.971062753583987,1,FALSE,FALSE,FALSE,FALSE
"K01303",0.35,0,0.889,-0.0127,0.0908,0.00987,NA,"K01303",0.991805481283422,1,FALSE,FALSE,FALSE,FALSE
"K00980",0.232,0,0.694,-0.0246,0.0624,0.0278,NA,"K00980",0.971062753583987,1,FALSE,FALSE,FALSE,FALSE
"K00973",0.852,0,0.209,-0.0842,0.0668,0.0886,NA,"K00973",0.775157777777778,1,FALSE,FALSE,FALSE,FALSE
"K01710",0.857,0,0.154,-0.0962,0.0673,0.1,NA,"K01710",0.701789757412399,1,FALSE,FALSE,FALSE,FALSE
"K02429",0.335,0,0.561,0.0504,0.0865,0.0411,NA,"K02429",0.949517436067752,1,FALSE,FALSE,FALSE,FALSE
"K15727",0.236,0,0.473,-0.0564,0.0785,0.0507,NA,"K15727",0.921838808250573,1,FALSE,FALSE,FALSE,FALSE
"K06079",0.143,0,0.113,-0.217,0.136,0.112,NA,"K06079",0.687801152737752,1,FALSE,FALSE,FALSE,FALSE
"K01684",0.596,0,0.792,-0.0223,0.0844,0.0186,NA,"K01684",0.976419045334613,1,FALSE,FALSE,FALSE,FALSE
"K18622",0.222,0,0.69,-0.0349,0.0876,0.0281,NA,"K18622",0.971062753583987,1,FALSE,FALSE,FALSE,FALSE
"K19055",0.419,0,0.598,-0.0551,0.104,0.0372,NA,"K19055",0.955838370983137,1,FALSE,FALSE,FALSE,FALSE
"K03529",0.818,0,0.912,-0.023,0.208,0.00781,NA,"K03529,K05896",0.992926448253417,1,FALSE,FALSE,FALSE,FALSE
"K18159",0.0936,0,0.553,-0.0949,0.16,0.0418,NA,"K18159",0.949517436067752,1,FALSE,FALSE,FALSE,FALSE
"K00969",0.941,0,0.136,0.367,0.245,0.105,NA,"K00969",0.687801152737752,1,FALSE,FALSE,FALSE,FALSE
"K01761",0.236,0,0.0467,0.212,0.106,0.14,NA,"K01761",0.467719760479042,1,FALSE,FALSE,FALSE,FALSE
"K19707",0.118,0,0.462,0.0662,0.0898,0.0519,NA,"K19707",0.919409379968203,1,FALSE,FALSE,FALSE,FALSE
"K20974",0.3,0,0.942,-0.00803,0.11,0.00515,NA,"K20974",0.994829403321714,1,FALSE,FALSE,FALSE,FALSE
"K11939",0.601,0,0.535,-0.055,0.0884,0.0438,NA,"K11939",0.945181052631579,1,FALSE,FALSE,FALSE,FALSE
"K00262",0.581,0,0.76,-0.0201,0.0656,0.0216,NA,"K00262",0.976419045334613,1,FALSE,FALSE,FALSE,FALSE
"K00666",0.512,0,0.452,-0.0718,0.0953,0.0531,NA,"K00666",0.91219830713422,1,FALSE,FALSE,FALSE,FALSE
"K07705",0.163,0,0.576,-0.0614,0.11,0.0395,NA,"K07705",0.95096741277156,1,FALSE,FALSE,FALSE,FALSE
"K00311",0.581,0,0.393,0.168,0.196,0.0602,NA,"K00311",0.889784691136974,1,FALSE,FALSE,FALSE,FALSE
"K03521",0.872,0,0.866,-0.0246,0.146,0.0119,NA,"K03521",0.989755813953488,1,FALSE,FALSE,FALSE,FALSE
"K03522",0.862,0,0.81,0.0338,0.14,0.017,NA,"K03522",0.976419045334613,1,FALSE,FALSE,FALSE,FALSE
"K00681",0.921,0,0.291,0.14,0.132,0.0745,NA,"K00681",0.831651877133106,1,FALSE,FALSE,FALSE,FALSE
"K22452",0.527,0,0.013,-0.348,0.139,0.174,NA,"K22452",0.257116216216216,1,FALSE,FALSE,FALSE,FALSE
"K00020",0.601,0,0.537,0.0771,0.125,0.0435,NA,"K00020",0.945181052631579,1,FALSE,FALSE,FALSE,FALSE
"K05605",0.66,0,0.894,-0.0168,0.126,0.00939,NA,"K05605",0.992088775736108,1,FALSE,FALSE,FALSE,FALSE
"K11538",0.394,0,0.625,-0.0528,0.108,0.0345,NA,"K11538",0.958754595588235,1,FALSE,FALSE,FALSE,FALSE
"K00249",0.724,0,0.479,0.0774,0.109,0.05,NA,"K00249",0.921838808250573,1,FALSE,FALSE,FALSE,FALSE
"K00140",0.901,0,0.277,0.147,0.135,0.0767,NA,"K00140",0.818253097345133,1,FALSE,FALSE,FALSE,FALSE
"K00253",0.547,0,0.581,0.103,0.185,0.039,NA,"K00253",0.95316743119266,1,FALSE,FALSE,FALSE,FALSE
"K01969",0.729,0,0.724,-0.0621,0.176,0.025,NA,"K01969",0.972688906752412,1,FALSE,FALSE,FALSE,FALSE
"K13766",0.522,0,0.935,0.0147,0.179,0.00579,NA,"K13766",0.994829403321714,1,FALSE,FALSE,FALSE,FALSE
"K01968",0.591,0,0.932,0.0138,0.162,0.00598,NA,"K01968",0.994829403321714,1,FALSE,FALSE,FALSE,FALSE
"K01640",0.739,0,0.412,0.085,0.103,0.0578,NA,"K01640",0.893797227036395,1,FALSE,FALSE,FALSE,FALSE
"K01028",0.724,0,0.059,0.193,0.102,0.133,NA,"K01028",0.52564590747331,1,FALSE,FALSE,FALSE,FALSE
"K01029",0.724,0,0.059,0.193,0.102,0.133,NA,"K01029",0.52564590747331,1,FALSE,FALSE,FALSE,FALSE
"K09696",0.177,0,0.876,-0.0249,0.16,0.011,NA,"K09696,K09697",0.991440325497288,1,FALSE,FALSE,FALSE,FALSE
"K01992",0.892,0,0.726,0.0389,0.111,0.0247,NA,"K01992",0.973248192771084,1,FALSE,FALSE,FALSE,FALSE
"K18473",0.158,0,0.84,-0.038,0.188,0.0142,NA,"K18473",0.984522471910112,1,FALSE,FALSE,FALSE,FALSE
"K06880",0.261,0,0.308,0.0795,0.0777,0.072,NA,"K06880",0.841670784103115,1,FALSE,FALSE,FALSE,FALSE
"K07491",0.512,0,0.557,0.0428,0.0728,0.0414,NA,"K07491",0.949517436067752,1,FALSE,FALSE,FALSE,FALSE
"K00031",0.754,0,0.836,-0.0209,0.101,0.0146,NA,"K00031",0.983286821705426,1,FALSE,FALSE,FALSE,FALSE
"K22278",0.68,0,0.883,-0.0106,0.0724,0.0103,NA,"K22278",0.991805481283422,1,FALSE,FALSE,FALSE,FALSE
"K02676",0.296,0,0.00991,-0.379,0.145,0.181,NA,"K02676",0.226572465753425,1,FALSE,FALSE,FALSE,FALSE
"K00906",0.463,0,0.0437,-0.377,0.186,0.142,NA,"K00906",0.452078305785124,1,FALSE,FALSE,FALSE,FALSE
"K14657",0.374,0,0.322,-0.0688,0.0693,0.0699,NA,"K14657",0.850344936708861,1,FALSE,FALSE,FALSE,FALSE
"K07165",0.488,0,0.673,0.0504,0.119,0.0298,NA,"K07165",0.971062753583987,1,FALSE,FALSE,FALSE,FALSE
"K12251",0.438,0,0.785,0.0218,0.0798,0.0193,NA,"K12251",0.976419045334613,1,FALSE,FALSE,FALSE,FALSE
"K13979",0.635,0,0.795,0.0221,0.0848,0.0184,NA,"K13979",0.976419045334613,1,FALSE,FALSE,FALSE,FALSE
"K24821",0.276,0,0.724,-0.0453,0.128,0.025,NA,"K24821",0.972688906752412,1,FALSE,FALSE,FALSE,FALSE
"K01690",0.606,0,0.607,0.0577,0.112,0.0363,NA,"K01690",0.957012260295505,1,FALSE,FALSE,FALSE,FALSE
"K00845",0.64,0,0.00591,0.376,0.135,0.193,NA,"K00845",0.200921923076923,1,FALSE,FALSE,FALSE,FALSE
"K20950",0.0296,0,0.388,0.119,0.137,0.0608,NA,"K20950",0.889784691136974,1,FALSE,FALSE,FALSE,FALSE
"K01178",0.0837,0,0.741,-0.0487,0.147,0.0233,NA,"K01178",0.975729793356003,1,FALSE,FALSE,FALSE,FALSE
"K16211",0.192,0,0.488,-0.104,0.149,0.049,NA,"K16211",0.922836711711712,1,FALSE,FALSE,FALSE,FALSE
"K21575",0.108,0,0.405,-0.13,0.155,0.0588,NA,"K21575",0.892618922470434,1,FALSE,FALSE,FALSE,FALSE
"K14266",0.108,0,0.0383,-0.4,0.192,0.146,NA,"K14266",0.43109596412556,1,FALSE,FALSE,FALSE,FALSE
"K01187",0.429,0,0.935,-0.00975,0.119,0.00576,NA,"K01187",0.994829403321714,1,FALSE,FALSE,FALSE,FALSE
"K01286",0.414,0,0.109,-0.105,0.065,0.113,NA,"K01286",0.687801152737752,1,FALSE,FALSE,FALSE,FALSE
"K01556",0.547,0,0.19,0.116,0.0883,0.0923,NA,"K01556",0.758395717684378,1,FALSE,FALSE,FALSE,FALSE
"K16091",0.261,0,0.865,-0.0201,0.119,0.012,NA,"K16091",0.989755813953488,1,FALSE,FALSE,FALSE,FALSE
"K11418",0.143,0,0.171,-0.169,0.123,0.0964,NA,"K11418",0.7336735218509,1,FALSE,FALSE,FALSE,FALSE
"K22479",0.818,0,0.373,-0.0659,0.0738,0.0629,NA,"K22479",0.879989661654135,1,FALSE,FALSE,FALSE,FALSE
"K07734",0.69,0,0.918,0.00796,0.0768,0.00731,NA,"K07734",0.993607003891051,1,FALSE,FALSE,FALSE,FALSE
"K07052",0.773,0,0.105,-0.201,0.124,0.114,NA,"K07052",0.681003886010363,1,FALSE,FALSE,FALSE,FALSE
"K18988",0.202,0,0.401,-0.0823,0.0978,0.0593,NA,"K18988",0.891962239004887,1,FALSE,FALSE,FALSE,FALSE
"K12976",0.419,0,0.551,0.0647,0.108,0.0421,NA,"K12976",0.949517436067752,1,FALSE,FALSE,FALSE,FALSE
"K09933",0.547,0,0.831,-0.0331,0.154,0.0151,NA,"K09933",0.98039985862394,1,FALSE,FALSE,FALSE,FALSE
"K19271",0.296,0,0.0792,-0.227,0.129,0.123,NA,"K19271",0.595608805970149,1,FALSE,FALSE,FALSE,FALSE
"K00263",0.433,0,0.0898,0.197,0.116,0.119,NA,"K00263",0.637771063829787,1,FALSE,FALSE,FALSE,FALSE
"K19784",0.788,0,0.369,0.0763,0.0848,0.0634,NA,"K19784",0.879989661654135,1,FALSE,FALSE,FALSE,FALSE
"K03411",0.478,0,0.983,-0.00215,0.0986,0.00154,NA,"K03411",0.996533913747722,1,FALSE,FALSE,FALSE,FALSE
"K21478",0.0887,0,0.542,0.165,0.27,0.0431,NA,"K21478",0.948639567341242,1,FALSE,FALSE,FALSE,FALSE
"K02106",0.36,0,0.769,-0.0233,0.0792,0.0207,NA,"K02106",0.976419045334613,1,FALSE,FALSE,FALSE,FALSE
"K00797",0.562,0,0.418,-0.0792,0.0976,0.0571,NA,"K00797",0.899796216680997,1,FALSE,FALSE,FALSE,FALSE
"K16053",0.438,0,0.382,0.106,0.121,0.0617,NA,"K16053",0.887140074211503,1,FALSE,FALSE,FALSE,FALSE
"K01113",0.567,0,0.0334,0.167,0.0778,0.149,NA,"K01113",0.399126014319809,1,FALSE,FALSE,FALSE,FALSE
"K17231",0.153,0,0.101,-0.328,0.199,0.115,NA,"K17231",0.668924603174603,1,FALSE,FALSE,FALSE,FALSE
"K02302",0.626,0,0.242,-0.142,0.121,0.0824,NA,"K02302",0.803510610079576,1,FALSE,FALSE,FALSE,FALSE
"K07663",0.31,0,0.659,-0.0488,0.11,0.0312,NA,"K07663",0.971062753583987,1,FALSE,FALSE,FALSE,FALSE
"K07641",0.31,0,0.659,-0.0488,0.11,0.0312,NA,"K07641",0.971062753583987,1,FALSE,FALSE,FALSE,FALSE
"K06143",0.335,0,0.862,-0.018,0.103,0.0123,NA,"K06143",0.989755813953488,1,FALSE,FALSE,FALSE,FALSE
"K11621",0.172,0,0.471,-0.0837,0.116,0.0509,NA,"K11621",0.921838808250573,1,FALSE,FALSE,FALSE,FALSE
"K07215",0.236,0,0.679,0.041,0.0989,0.0292,NA,"K07215",0.971062753583987,1,FALSE,FALSE,FALSE,FALSE
"K08981",0.369,0,0.00851,-0.526,0.198,0.184,NA,"K08981",0.218532118226601,1,FALSE,FALSE,FALSE,FALSE
"K04047",0.901,0,0.205,-0.198,0.155,0.0894,NA,"K04047",0.774316728624535,1,FALSE,FALSE,FALSE,FALSE
"K07445",0.0394,0,0.233,0.166,0.139,0.0841,NA,"K07445",0.8009859437751,1,FALSE,FALSE,FALSE,FALSE
"K00641",0.591,0,0.0233,-0.282,0.123,0.159,NA,"K00641",0.330490368271955,1,FALSE,FALSE,FALSE,FALSE
"K00019",0.67,0,0.85,0.0189,0.1,0.0134,NA,"K00019",0.987475550405562,1,FALSE,FALSE,FALSE,FALSE
"K07221",0.187,0,0.68,0.0342,0.0829,0.0291,NA,"K07221",0.971062753583987,1,FALSE,FALSE,FALSE,FALSE
"K02081",0.167,0,0.445,-0.0694,0.0907,0.0539,NA,"K02081",0.908692903752039,1,FALSE,FALSE,FALSE,FALSE
"K16371",0.158,0,0.676,-0.057,0.136,0.0295,NA,"K16371",0.971062753583987,1,FALSE,FALSE,FALSE,FALSE
"K02082",0.123,0,0.844,-0.0221,0.112,0.0139,NA,"K02082",0.986439775910364,1,FALSE,FALSE,FALSE,FALSE
"K02079",0.0493,0,0.69,-0.0691,0.173,0.0282,NA,"K02079",0.971062753583987,1,FALSE,FALSE,FALSE,FALSE
"K00899",0.335,0,0.782,-0.0306,0.11,0.0195,NA,"K00899",0.976419045334613,1,FALSE,FALSE,FALSE,FALSE
"K08963",0.537,0,0.885,-0.0152,0.105,0.0102,NA,"K08963",0.991805481283422,1,FALSE,FALSE,FALSE,FALSE
"K08967",0.458,0,0.144,-0.162,0.11,0.103,NA,"K08967",0.689300191204589,1,FALSE,FALSE,FALSE,FALSE
"K09880",0.31,0,0.104,-0.17,0.104,0.114,NA,"K09880",0.677149544863459,1,FALSE,FALSE,FALSE,FALSE
"K08964",0.433,0,0.113,-0.162,0.102,0.112,NA,"K08964",0.687801152737752,1,FALSE,FALSE,FALSE,FALSE
"K14287",0.473,0,0.828,0.0244,0.112,0.0153,NA,"K14287",0.98039985862394,1,FALSE,FALSE,FALSE,FALSE
"K07029",0.675,0,0.199,-0.141,0.109,0.0906,NA,"K07029",0.770010046367852,1,FALSE,FALSE,FALSE,FALSE
"K09940",0.478,0,0.764,-0.0392,0.131,0.0212,NA,"K09940",0.976419045334613,1,FALSE,FALSE,FALSE,FALSE
"K01434",0.483,0,0.706,0.0313,0.0828,0.0267,NA,"K01434",0.971062753583987,1,FALSE,FALSE,FALSE,FALSE
"K11741",0.729,0,0.0642,0.22,0.118,0.13,NA,"K11741",0.548548464163822,1,FALSE,FALSE,FALSE,FALSE
"K02172",0.414,0,0.615,-0.0854,0.17,0.0355,NA,"K02172",0.957197699720236,1,FALSE,FALSE,FALSE,FALSE
"K02171",0.419,0,0.291,-0.185,0.174,0.0745,NA,"K02171",0.831651877133106,1,FALSE,FALSE,FALSE,FALSE
"K06999",0.897,0,0.702,0.067,0.175,0.027,NA,"K06999",0.971062753583987,1,FALSE,FALSE,FALSE,FALSE
"K02496",0.527,0,0.929,0.0167,0.188,0.00627,NA,"K02496",0.994829403321714,1,FALSE,FALSE,FALSE,FALSE
"K03182",0.606,0,0.514,-0.0769,0.118,0.0461,NA,"K03182",0.932125316914162,1,FALSE,FALSE,FALSE,FALSE
"K01302",0.187,0,0.395,-0.2,0.234,0.06,NA,"K01302",0.889784691136974,1,FALSE,FALSE,FALSE,FALSE
"K03732",0.468,0,0.773,0.0504,0.175,0.0203,NA,"K03732",0.976419045334613,1,FALSE,FALSE,FALSE,FALSE
"K01305",0.0887,0,0.164,0.197,0.141,0.098,NA,"K01305",0.723478414096916,1,FALSE,FALSE,FALSE,FALSE
"K05986",0.167,0,0.884,-0.0241,0.165,0.0103,NA,"K05986",0.991805481283422,1,FALSE,FALSE,FALSE,FALSE
"K01407",0.158,0,0.724,-0.0837,0.237,0.025,NA,"K01407",0.972688906752412,1,FALSE,FALSE,FALSE,FALSE
"K09974",0.158,0,0.536,-0.0544,0.0878,0.0437,NA,"K09974",0.945181052631579,1,FALSE,FALSE,FALSE,FALSE
"K09136",0.606,0,0.339,0.0827,0.0863,0.0674,NA,"K09136",0.858559939301973,1,FALSE,FALSE,FALSE,FALSE
"K02226",0.266,0,0.951,-0.0052,0.0843,0.00435,NA,"K02226",0.994829403321714,1,FALSE,FALSE,FALSE,FALSE
"K08973",0.591,0,0.522,0.133,0.208,0.0452,NA,"K08973",0.937465566714491,1,FALSE,FALSE,FALSE,FALSE
"K07284",0.409,0,0.774,0.0407,0.142,0.0202,NA,"K07284",0.976419045334613,1,FALSE,FALSE,FALSE,FALSE
"K14980",0.202,0,0.115,0.265,0.168,0.111,NA,"K14980",0.687801152737752,1,FALSE,FALSE,FALSE,FALSE
"K07715",0.182,0,0.00767,-0.47,0.175,0.187,NA,"K07715",0.209532065217391,1,FALSE,FALSE,FALSE,FALSE
"K07711",0.227,0,0.0118,-0.434,0.171,0.176,NA,"K07711",0.244142975206612,1,FALSE,FALSE,FALSE,FALSE
"K07101",0.227,0,0.345,-0.146,0.155,0.0666,NA,"K07101",0.863189835575486,1,FALSE,FALSE,FALSE,FALSE
"K07116",0.202,0,0.78,-0.035,0.125,0.0197,NA,"K07116",0.976419045334613,1,FALSE,FALSE,FALSE,FALSE
"K16088",0.419,0,0.53,-0.057,0.0906,0.0443,NA,"K16088",0.944482060390764,1,FALSE,FALSE,FALSE,FALSE
"K09989",0.507,0,0.117,0.251,0.16,0.11,NA,"K09989",0.687801152737752,1,FALSE,FALSE,FALSE,FALSE
"K16092",0.512,0,0.121,-0.149,0.0961,0.109,NA,"K16092",0.687801152737752,1,FALSE,FALSE,FALSE,FALSE
"K04095",0.532,0,0.796,-0.0144,0.0557,0.0183,NA,"K04095",0.976419045334613,1,FALSE,FALSE,FALSE,FALSE
"K03925",0.916,0,0.0486,0.364,0.183,0.139,NA,"K03925",0.476203913894325,1,FALSE,FALSE,FALSE,FALSE
"K07778",0.305,0,0.483,-0.0771,0.11,0.0495,NA,"K07778",0.921990468928708,1,FALSE,FALSE,FALSE,FALSE
"K07693",0.291,0,0.532,-0.0846,0.135,0.0441,NA,"K07693",0.945181052631579,1,FALSE,FALSE,FALSE,FALSE
"K02686",0.202,0,0.195,-0.176,0.135,0.0913,NA,"K02686",0.763381548084441,1,FALSE,FALSE,FALSE,FALSE
"K16074",0.586,0,0.574,-0.0737,0.131,0.0397,NA,"K16074",0.950486959392539,1,FALSE,FALSE,FALSE,FALSE
"K03654",0.847,0,0.0772,0.262,0.148,0.124,NA,"K03654",0.587447416413374,1,FALSE,FALSE,FALSE,FALSE
"K01073",0.217,0,0.0197,-0.425,0.181,0.164,NA,"K01073",0.29620990990991,1,FALSE,FALSE,FALSE,FALSE
"K00556",0.251,0,0.493,-0.13,0.189,0.0484,NA,"K00556",0.923821482035928,1,FALSE,FALSE,FALSE,FALSE
"K01914",0.222,0,0.319,-0.134,0.134,0.0703,NA,"K01914",0.849047543581616,1,FALSE,FALSE,FALSE,FALSE
"K20976",0.325,0,0.79,0.0297,0.112,0.0188,NA,"K20976",0.976419045334613,1,FALSE,FALSE,FALSE,FALSE
"K19294",0.261,0,0.233,-0.127,0.106,0.0842,NA,"K19294",0.8009859437751,1,FALSE,FALSE,FALSE,FALSE
"K19609",0.207,0,0.321,0.0942,0.0947,0.07,NA,"K19609",0.849047543581616,1,FALSE,FALSE,FALSE,FALSE
"K09007",0.379,0,0.00176,0.376,0.119,0.218,NA,"K09007",0.102442068965517,1,FALSE,FALSE,FALSE,FALSE
"K07688",0.0936,0,0.689,0.0534,0.133,0.0283,NA,"K07688",0.971062753583987,1,FALSE,FALSE,FALSE,FALSE
"K03455",0.286,0,0.131,-0.181,0.119,0.106,NA,"K03455",0.687801152737752,1,FALSE,FALSE,FALSE,FALSE
"K02168",0.409,0,0.346,-0.0781,0.0827,0.0664,NA,"K02168",0.863189835575486,1,FALSE,FALSE,FALSE,FALSE
"K05564",0.453,0,0.596,0.0907,0.171,0.0374,NA,"K05559,K05560,K05561,K05562,K05563,K05564",0.955838370983137,1,FALSE,FALSE,FALSE,FALSE
"K05565",0.709,0,0.149,0.219,0.151,0.102,NA,"K05565",0.697236448598131,1,FALSE,FALSE,FALSE,FALSE
"K05566",0.704,0,0.216,0.186,0.15,0.0871,NA,"K05566",0.784272661348803,1,FALSE,FALSE,FALSE,FALSE
"K09857",0.463,0,0.00612,0.436,0.157,0.192,NA,"K09857",0.200921923076923,1,FALSE,FALSE,FALSE,FALSE
"K15012",0.488,0,0.071,0.357,0.197,0.127,NA,"K15011,K15012",0.56959632,1,FALSE,FALSE,FALSE,FALSE
"K00657",0.606,0,0.586,0.0548,0.1,0.0384,NA,"K00657",0.954876218323587,1,FALSE,FALSE,FALSE,FALSE
"K15726",0.315,0,0.635,-0.0448,0.0941,0.0336,NA,"K15726",0.96405245603396,1,FALSE,FALSE,FALSE,FALSE
"K03594",0.67,0,0.387,0.15,0.173,0.061,NA,"K03594",0.889784691136974,1,FALSE,FALSE,FALSE,FALSE
"K02192",0.463,0,0.203,-0.123,0.0959,0.0897,NA,"K02192",0.771184370257967,1,FALSE,FALSE,FALSE,FALSE
"K09978",0.227,0,0.595,-0.0754,0.142,0.0375,NA,"K09978",0.955838370983137,1,FALSE,FALSE,FALSE,FALSE
"K01118",0.744,0,0.113,0.153,0.0962,0.111,NA,"K01118",0.687801152737752,1,FALSE,FALSE,FALSE,FALSE
"K21469",0.148,0,0.725,0.0752,0.214,0.0248,NA,"K21469",0.972688906752412,1,FALSE,FALSE,FALSE,FALSE
"K11066",0.502,0,0.439,0.115,0.149,0.0546,NA,"K11066",0.907170037144036,1,FALSE,FALSE,FALSE,FALSE
"K08989",0.389,0,0.813,-0.0224,0.0948,0.0167,NA,"K08989",0.976419045334613,1,FALSE,FALSE,FALSE,FALSE
"K09980",0.182,0,0.214,0.151,0.121,0.0876,NA,"K09980",0.781544857768052,1,FALSE,FALSE,FALSE,FALSE
"K09919",0.576,0,0.0258,0.396,0.176,0.156,NA,"K09919",0.352952459016393,1,FALSE,FALSE,FALSE,FALSE
"K01254",0.118,0,0.336,-0.197,0.204,0.0678,NA,"K01254",0.855723296032553,1,FALSE,FALSE,FALSE,FALSE
"K03525",0.631,0,0.351,0.189,0.202,0.0658,NA,"K03525",0.867023680315738,1,FALSE,FALSE,FALSE,FALSE
"K07257",0.0887,0,0.848,-0.0199,0.104,0.0135,NA,"K07257",0.987475550405562,1,FALSE,FALSE,FALSE,FALSE
"K00662",0.187,0,0.407,-0.0801,0.0965,0.0585,NA,"K00662",0.892618922470434,1,FALSE,FALSE,FALSE,FALSE
"K03676",0.611,0,0.0474,0.397,0.199,0.139,NA,"K03676",0.470896428571429,1,FALSE,FALSE,FALSE,FALSE
"K02472",0.36,0,0.924,0.00646,0.0675,0.00675,NA,"K02472",0.994297872340426,1,FALSE,FALSE,FALSE,FALSE
"K24336",0.0493,0,0.232,-0.155,0.13,0.0843,NA,"K24280,K24336",0.8009859437751,1,FALSE,FALSE,FALSE,FALSE
"K24282",0.0345,0,0.591,-0.0715,0.133,0.038,NA,"K24282",0.95548498546981,1,FALSE,FALSE,FALSE,FALSE
"K24284",0.0493,0,0.392,-0.118,0.137,0.0604,NA,"K24284",0.889784691136974,1,FALSE,FALSE,FALSE,FALSE
"K24281",0.0394,0,0.589,-0.0786,0.145,0.0382,NA,"K24281",0.955336248785228,1,FALSE,FALSE,FALSE,FALSE
"K24283",0.0443,0,0.459,-0.101,0.136,0.0523,NA,"K24283",0.916352870813397,1,FALSE,FALSE,FALSE,FALSE
"K24310",0.261,0,0.975,0.00225,0.0717,0.00222,NA,"K24310",0.995681215582296,1,FALSE,FALSE,FALSE,FALSE
"K13012",0.138,0,0.236,-0.0838,0.0705,0.0835,NA,"K13012",0.8009859437751,1,FALSE,FALSE,FALSE,FALSE
"K24300",0.369,0,0.284,-0.0721,0.0672,0.0755,NA,"K24300",0.823386218876665,1,FALSE,FALSE,FALSE,FALSE
"K00690",0.197,0,0.364,0.119,0.131,0.0641,NA,"K00690",0.877913294797688,1,FALSE,FALSE,FALSE,FALSE
"K13693",0.153,0,0.677,-0.0485,0.116,0.0294,NA,"K13693",0.971062753583987,1,FALSE,FALSE,FALSE,FALSE
"K15918",0.148,0,0.615,0.108,0.214,0.0355,NA,"K15918",0.957197699720236,1,FALSE,FALSE,FALSE,FALSE
"K07026",0.172,0,0.533,-0.075,0.12,0.044,NA,"K07026",0.945181052631579,1,FALSE,FALSE,FALSE,FALSE
"K03153",0.645,0,0.171,0.173,0.126,0.0965,NA,"K03153",0.7336735218509,1,FALSE,FALSE,FALSE,FALSE
"K14153",0.138,0,0.629,0.1,0.207,0.0341,NA,"K14153",0.960476669716377,1,FALSE,FALSE,FALSE,FALSE
"K02116",0.66,0,0.593,0.0364,0.068,0.0377,NA,"K02116",0.955838370983137,1,FALSE,FALSE,FALSE,FALSE
"K08998",0.571,0,0.00904,-0.274,0.104,0.183,NA,"K08998",0.219296971153846,1,FALSE,FALSE,FALSE,FALSE
"K01271",0.246,0,0.126,-0.301,0.196,0.108,NA,"K01271",0.687801152737752,1,FALSE,FALSE,FALSE,FALSE
"K06886",0.695,0,0.246,-0.133,0.114,0.0817,NA,"K06886",0.804521227955585,1,FALSE,FALSE,FALSE,FALSE
"K02674",0.34,0,0.133,-0.17,0.113,0.106,NA,"K02674",0.687801152737752,1,FALSE,FALSE,FALSE,FALSE
"K02672",0.448,0,0.715,-0.0429,0.117,0.0258,NA,"K02672",0.971062753583987,1,FALSE,FALSE,FALSE,FALSE
"K00557",0.414,0,0.279,0.21,0.194,0.0764,NA,"K00557",0.820339379754242,1,FALSE,FALSE,FALSE,FALSE
"K13877",0.458,0,0.0527,0.191,0.0982,0.136,NA,"K13877",0.491375977653631,1,FALSE,FALSE,FALSE,FALSE
"K12658",0.374,0,0.00407,0.298,0.103,0.201,NA,"K12658",0.167036803278689,1,FALSE,FALSE,FALSE,FALSE
"K21060",0.0443,0,0.918,-0.0141,0.137,0.00727,NA,"K21060",0.993607003891051,1,FALSE,FALSE,FALSE,FALSE
"K00847",0.739,0,0.867,0.0123,0.0735,0.0118,NA,"K00847",0.989755813953488,1,FALSE,FALSE,FALSE,FALSE
"K01194",0.202,0,0.364,-0.0809,0.0888,0.0641,NA,"K01194",0.877913294797688,1,FALSE,FALSE,FALSE,FALSE
"K09004",0.148,0,0.998,0.00032,0.116,0.000194,NA,"K09004",0.998797921247252,1,FALSE,FALSE,FALSE,FALSE
"K07059",0.246,0,0.89,0.0128,0.0929,0.00976,NA,"K07059",0.991826811916407,1,FALSE,FALSE,FALSE,FALSE
"K01484",0.433,0,0.117,0.29,0.184,0.111,NA,"K01484",0.687801152737752,1,FALSE,FALSE,FALSE,FALSE
"K05520",0.813,0,0.269,0.105,0.0951,0.078,NA,"K05520",0.814882459312839,1,FALSE,FALSE,FALSE,FALSE
"K03777",0.227,0,0.967,0.00415,0.0995,0.00294,NA,"K03777",0.994829403321714,1,FALSE,FALSE,FALSE,FALSE
"K19775",0.123,0,0.333,-0.144,0.148,0.0683,NA,"K19775",0.855351861295258,1,FALSE,FALSE,FALSE,FALSE
"K08191",0.473,0,0.495,0.0625,0.0914,0.0482,NA,"K08191",0.924455427079448,1,FALSE,FALSE,FALSE,FALSE
"K09822",0.0394,0,0.421,0.144,0.178,0.0568,NA,"K09822",0.900062766865927,1,FALSE,FALSE,FALSE,FALSE
"K11941",0.113,0,0.123,-0.16,0.104,0.108,NA,"K11941",0.687801152737752,1,FALSE,FALSE,FALSE,FALSE
"K07667",0.635,0,0.768,-0.0373,0.126,0.0208,NA,"K07667",0.976419045334613,1,FALSE,FALSE,FALSE,FALSE
"K05555",0.419,0,0.882,0.014,0.0939,0.0105,NA,"K05555",0.991805481283422,1,FALSE,FALSE,FALSE,FALSE
"K09890",0.369,0,0.23,0.216,0.18,0.0846,NA,"K09890",0.800841446453407,1,FALSE,FALSE,FALSE,FALSE
"K22210",0.286,0,0.558,0.0576,0.0982,0.0413,NA,"K22210",0.949517436067752,1,FALSE,FALSE,FALSE,FALSE
"K00355",0.64,0,0.727,-0.0315,0.09,0.0246,NA,"K00355",0.973435372340426,1,FALSE,FALSE,FALSE,FALSE
"K03782",0.665,0,0.878,0.013,0.0843,0.0109,NA,"K03782",0.991805481283422,1,FALSE,FALSE,FALSE,FALSE
"K01278",0.172,0,0.77,-0.0519,0.178,0.0206,NA,"K01278",0.976419045334613,1,FALSE,FALSE,FALSE,FALSE
"K10748",0.207,0,0.119,-0.197,0.126,0.11,NA,"K10748",0.687801152737752,1,FALSE,FALSE,FALSE,FALSE
"K09773",0.798,0,0.401,-0.109,0.13,0.0592,NA,"K09773",0.891962239004887,1,FALSE,FALSE,FALSE,FALSE
"K24160",0.365,0,0.42,-0.0553,0.0684,0.0569,NA,"K24160",0.900062766865927,1,FALSE,FALSE,FALSE,FALSE
"K01750",0.335,0,0.866,-0.0138,0.0818,0.0119,NA,"K01750",0.989755813953488,1,FALSE,FALSE,FALSE,FALSE
"K03503",0.335,0,0.856,-0.0144,0.0791,0.0128,NA,"K03503",0.988694809688581,1,FALSE,FALSE,FALSE,FALSE
"K03502",0.374,0,0.955,0.00417,0.0735,0.004,NA,"K03502",0.994829403321714,1,FALSE,FALSE,FALSE,FALSE
"K08714",0.143,0,0.0182,0.377,0.158,0.166,NA,"K08714",0.286778637770898,1,FALSE,FALSE,FALSE,FALSE
"K23753",0.212,0,0.598,0.0911,0.173,0.0372,NA,"K23753",0.955838370983137,1,FALSE,FALSE,FALSE,FALSE
"K13953",0.64,0,0.681,-0.0333,0.0809,0.029,NA,"K13953",0.971062753583987,1,FALSE,FALSE,FALSE,FALSE
"K01444",0.123,0,0.123,-0.21,0.136,0.109,NA,"K01444",0.687801152737752,1,FALSE,FALSE,FALSE,FALSE
"K26288",0.0542,0,0.358,0.155,0.169,0.0649,NA,"K26288",0.871841439688716,1,FALSE,FALSE,FALSE,FALSE
"K26059",0.0837,0,0.6,0.0641,0.122,0.0371,NA,"K26059",0.955838370983137,1,FALSE,FALSE,FALSE,FALSE
"K02761",0.227,0,0.478,0.0886,0.125,0.05,NA,"K02761",0.921838808250573,1,FALSE,FALSE,FALSE,FALSE
"K01053",0.517,0,0.31,0.0635,0.0625,0.0716,NA,"K01053",0.841670784103115,1,FALSE,FALSE,FALSE,FALSE
"K07270",0.138,0,0.581,0.0728,0.131,0.039,NA,"K07270",0.95316743119266,1,FALSE,FALSE,FALSE,FALSE
"K00030",0.153,0,0.407,-0.195,0.235,0.0585,NA,"K00030",0.892618922470434,1,FALSE,FALSE,FALSE,FALSE
"K07148",0.542,0,0.625,-0.0458,0.0935,0.0345,NA,"K07148",0.958754595588235,1,FALSE,FALSE,FALSE,FALSE
"K01214",0.552,0,0.277,0.104,0.0958,0.0767,NA,"K01214",0.818253097345133,1,FALSE,FALSE,FALSE,FALSE
"K01467",0.483,0,0.153,0.133,0.0926,0.101,NA,"K01467",0.701789757412399,1,FALSE,FALSE,FALSE,FALSE
"K21698",0.31,0,0.54,-0.0803,0.131,0.0432,NA,"K21698",0.946701680672269,1,FALSE,FALSE,FALSE,FALSE
"K01284",0.458,0,0.986,0.00267,0.157,0.0012,NA,"K01284",0.99758246388443,1,FALSE,FALSE,FALSE,FALSE
"K01555",0.433,0,0.0954,0.172,0.102,0.117,NA,"K01555",0.654339452054794,1,FALSE,FALSE,FALSE,FALSE
"K01932",0.0985,0,0.589,0.0923,0.171,0.0381,NA,"K01932,K22116",0.955336248785228,1,FALSE,FALSE,FALSE,FALSE
"K22310",0.527,0,0.0153,0.26,0.106,0.17,NA,"K22310",0.268957094594595,1,FALSE,FALSE,FALSE,FALSE
"K12972",0.67,0,0.987,0.00147,0.0923,0.00112,NA,"K12972",0.99758246388443,1,FALSE,FALSE,FALSE,FALSE
"K08082",0.202,0,0.298,-0.187,0.179,0.0735,NA,"K08082",0.837779898933184,1,FALSE,FALSE,FALSE,FALSE
"K08083",0.36,0,0.405,0.133,0.16,0.0587,NA,"K08083",0.892618922470434,1,FALSE,FALSE,FALSE,FALSE
"K09797",0.118,0,0.208,-0.21,0.167,0.0887,NA,"K09797",0.774316728624535,1,FALSE,FALSE,FALSE,FALSE
"K00992",0.562,0,0.31,0.171,0.168,0.0715,NA,"K00992",0.841670784103115,1,FALSE,FALSE,FALSE,FALSE
"K07102",0.567,0,0.251,0.209,0.181,0.081,NA,"K07102",0.809307547169811,1,FALSE,FALSE,FALSE,FALSE
"K03807",0.34,0,0.692,0.0841,0.212,0.028,NA,"K03807",0.971062753583987,1,FALSE,FALSE,FALSE,FALSE
"K02652",0.369,0,0.0627,-0.211,0.113,0.131,NA,"K02652",0.548548464163822,1,FALSE,FALSE,FALSE,FALSE
"K09798",0.443,0,0.0337,0.31,0.145,0.149,NA,"K09798",0.400797862232779,1,FALSE,FALSE,FALSE,FALSE
"K07265",0.276,0,0.438,0.0592,0.0761,0.0548,NA,"K07265",0.906600248036379,1,FALSE,FALSE,FALSE,FALSE
"K09699",0.596,0,0.903,-0.0167,0.137,0.00858,NA,"K09699",0.992180622533976,1,FALSE,FALSE,FALSE,FALSE
"K00167",0.616,0,0.571,-0.0714,0.126,0.04,NA,"K00167",0.949517436067752,1,FALSE,FALSE,FALSE,FALSE
"K00166",0.557,0,0.615,0.0667,0.132,0.0355,NA,"K00166",0.957197699720236,1,FALSE,FALSE,FALSE,FALSE
"K22292",0.414,0,0.247,-0.192,0.165,0.0817,NA,"K22292",0.805162109375,1,FALSE,FALSE,FALSE,FALSE
"K16264",0.532,0,0.31,-0.0982,0.0966,0.0716,NA,"K16264",0.841670784103115,1,FALSE,FALSE,FALSE,FALSE
"K15725",0.251,0,0.956,-0.00532,0.0973,0.00386,NA,"K15725",0.994829403321714,1,FALSE,FALSE,FALSE,FALSE
"K12146",0.0887,0,0.31,0.17,0.167,0.0716,NA,"K12146",0.841670784103115,1,FALSE,FALSE,FALSE,FALSE
"K15836",0.128,0,0.874,0.014,0.0881,0.0112,NA,"K15836",0.991417761667422,1,FALSE,FALSE,FALSE,FALSE
"K06024",0.813,0,0.929,-0.017,0.189,0.00633,NA,"K06024",0.994829403321714,1,FALSE,FALSE,FALSE,FALSE
"K09707",0.158,0,0.775,-0.0516,0.18,0.0202,NA,"K09707",0.976419045334613,1,FALSE,FALSE,FALSE,FALSE
"K25494",0.158,0,0.96,-0.00726,0.145,0.00352,NA,"K25494",0.994829403321714,1,FALSE,FALSE,FALSE,FALSE
"K00459",0.847,0,0.708,0.0403,0.107,0.0264,NA,"K00459",0.971062753583987,1,FALSE,FALSE,FALSE,FALSE
"K05349",0.611,0,0.663,-0.0344,0.0788,0.0308,NA,"K05349",0.971062753583987,1,FALSE,FALSE,FALSE,FALSE
"K06200",0.567,0,0.73,0.0381,0.11,0.0244,NA,"K06200",0.973435372340426,1,FALSE,FALSE,FALSE,FALSE
"K27802",0.847,0,0.14,-0.267,0.18,0.104,NA,"K27802",0.687801152737752,1,FALSE,FALSE,FALSE,FALSE
"K20881",0.365,0,0.631,-0.0917,0.19,0.0339,NA,"K20881",0.962063641900122,1,FALSE,FALSE,FALSE,FALSE
"K01494",0.803,0,0.155,0.203,0.142,0.1,NA,"K01494",0.701789757412399,1,FALSE,FALSE,FALSE,FALSE
"K20971",0.212,0,0.879,0.0216,0.142,0.0108,NA,"K20971",0.991805481283422,1,FALSE,FALSE,FALSE,FALSE
"K01609",0.837,0,0.688,0.0538,0.134,0.0283,NA,"K01609",0.971062753583987,1,FALSE,FALSE,FALSE,FALSE
"K07660",0.399,0,0.863,-0.0279,0.161,0.0122,NA,"K07660",0.989755813953488,1,FALSE,FALSE,FALSE,FALSE
"K11744",0.424,0,0.235,-0.104,0.0872,0.0837,NA,"K11744",0.8009859437751,1,FALSE,FALSE,FALSE,FALSE
"K05297",0.172,0,0.106,0.315,0.194,0.114,NA,"K05297",0.684828387096774,1,FALSE,FALSE,FALSE,FALSE
"K17382",0.0493,0,0.375,-0.0904,0.102,0.0626,NA,"K17382",0.881514084507042,1,FALSE,FALSE,FALSE,FALSE
"K01297",0.695,0,0.933,0.008,0.0946,0.00596,NA,"K01297",0.994829403321714,1,FALSE,FALSE,FALSE,FALSE
"K03894",0.0394,0,0.992,0.00228,0.241,0.000667,NA,"K03894,K03897",0.99758246388443,1,FALSE,FALSE,FALSE,FALSE
"K03705",0.581,0,0.801,-0.044,0.174,0.0178,NA,"K03705",0.976419045334613,1,FALSE,FALSE,FALSE,FALSE
"K01283",0.113,0,0.761,-0.0381,0.125,0.0215,NA,"K01283",0.976419045334613,1,FALSE,FALSE,FALSE,FALSE
"K10763",0.517,0,0.0473,-0.407,0.204,0.139,NA,"K10763",0.47083717693837,1,FALSE,FALSE,FALSE,FALSE
"K13695",0.172,0,0.0648,-0.343,0.185,0.13,NA,"K13695",0.549921355932203,1,FALSE,FALSE,FALSE,FALSE
"K13694",0.227,0,0.391,-0.136,0.158,0.0605,NA,"K13694",0.889784691136974,1,FALSE,FALSE,FALSE,FALSE
"K02099",0.276,0,0.264,-0.109,0.0968,0.0788,NA,"K02099",0.814447319778189,1,FALSE,FALSE,FALSE,FALSE
"K21703",0.227,0,0.979,0.00388,0.146,0.00188,NA,"K21703",0.996316751269036,1,FALSE,FALSE,FALSE,FALSE
"K00558",0.507,0,0.262,0.0475,0.0422,0.0791,NA,"K00558",0.814297951582868,1,FALSE,FALSE,FALSE,FALSE
"K03284",0.857,0,0.00848,0.445,0.167,0.184,NA,"K03284",0.218532118226601,1,FALSE,FALSE,FALSE,FALSE
"K11897",0.256,0,0.835,-0.0175,0.0838,0.0147,NA,"K11897",0.982572267920094,1,FALSE,FALSE,FALSE,FALSE
"K11899",0.0493,0,0.523,0.0758,0.119,0.0451,NA,"K11899",0.93825188104622,1,FALSE,FALSE,FALSE,FALSE
"K11890",0.271,0,0.813,-0.0203,0.0854,0.0167,NA,"K11890",0.976419045334613,1,FALSE,FALSE,FALSE,FALSE
"K11915",0.153,0,0.617,0.049,0.0979,0.0353,NA,"K11915",0.957334676169817,1,FALSE,FALSE,FALSE,FALSE
"K03744",0.626,0,0.3,0.112,0.108,0.0731,NA,"K03744",0.839146436525612,1,FALSE,FALSE,FALSE,FALSE
"K23061",0.207,0,0.0276,0.28,0.126,0.155,NA,"K23061,K23062,K23063,K23064",0.363666315789474,1,FALSE,FALSE,FALSE,FALSE
"K06894",0.552,0,0.356,-0.1,0.108,0.0651,NA,"K06894",0.869932650073206,1,FALSE,FALSE,FALSE,FALSE
"K05367",0.384,0,0.307,-0.0919,0.0898,0.072,NA,"K05367",0.841670784103115,1,FALSE,FALSE,FALSE,FALSE
"K09157",0.0296,0,0.46,0.122,0.165,0.0521,NA,"K09157",0.916886942675159,1,FALSE,FALSE,FALSE,FALSE
"K07124",0.739,0,0.438,0.0736,0.0947,0.0548,NA,"K07124",0.906600248036379,1,FALSE,FALSE,FALSE,FALSE
"K24217",0.502,0,0.303,0.0943,0.0913,0.0727,NA,"K24217",0.841396694214876,1,FALSE,FALSE,FALSE,FALSE
"K09011",0.0443,0,0.641,0.107,0.23,0.0329,NA,"K09011",0.967295660036166,1,FALSE,FALSE,FALSE,FALSE
"K19173",0.0296,0,0.483,-0.0896,0.128,0.0495,NA,"K19173,K19174",0.921990468928708,1,FALSE,FALSE,FALSE,FALSE
"K19175",0.0542,0,0.432,-0.0774,0.0985,0.0554,NA,"K19175",0.904652446675031,1,FALSE,FALSE,FALSE,FALSE
"K19172",0.0739,0,0.412,-0.0818,0.0996,0.0579,NA,"K19172",0.893797227036395,1,FALSE,FALSE,FALSE,FALSE
"K19171",0.0788,0,0.882,-0.0145,0.0975,0.0105,NA,"K19171",0.991805481283422,1,FALSE,FALSE,FALSE,FALSE
"K19170",0.103,0,0.713,-0.0306,0.0832,0.026,NA,"K19170",0.971062753583987,1,FALSE,FALSE,FALSE,FALSE
"K19169",0.113,0,0.667,0.034,0.0789,0.0304,NA,"K19169",0.971062753583987,1,FALSE,FALSE,FALSE,FALSE
"K00620",0.68,0,0.123,0.279,0.18,0.109,NA,"K00620",0.687801152737752,1,FALSE,FALSE,FALSE,FALSE
"K22320",0.148,0,0.35,-0.112,0.119,0.066,NA,"K22320",0.867023680315738,1,FALSE,FALSE,FALSE,FALSE
"K22319",0.0936,0,0.937,-0.011,0.139,0.00557,NA,"K22319",0.994829403321714,1,FALSE,FALSE,FALSE,FALSE
"K22318",0.0542,0,0.965,0.00881,0.2,0.0031,NA,"K22318",0.994829403321714,1,FALSE,FALSE,FALSE,FALSE
"K22317",0.143,0,0.4,-0.102,0.121,0.0593,NA,"K22317",0.891718610863758,1,FALSE,FALSE,FALSE,FALSE
"K22302",0.118,0,0.731,-0.0258,0.0751,0.0242,NA,"K22302",0.973435372340426,1,FALSE,FALSE,FALSE,FALSE
"K02574",0.0591,0,0.589,-0.123,0.228,0.0382,NA,"K02574",0.955336248785228,1,FALSE,FALSE,FALSE,FALSE
"K02573",0.0591,0,0.589,-0.123,0.228,0.0382,NA,"K02573",0.955336248785228,1,FALSE,FALSE,FALSE,FALSE
"K01520",0.778,0,0.691,-0.0442,0.111,0.0281,NA,"K01520",0.971062753583987,1,FALSE,FALSE,FALSE,FALSE
"K05895",0.429,0,7.28e-18,1.13,0.12,0.556,NA,"K05895",3.645096e-14,3.645096e-14,TRUE,TRUE,TRUE,TRUE
"K14347",0.576,0,0.00684,0.292,0.107,0.189,NA,"K14347",0.206786271186441,1,FALSE,FALSE,FALSE,FALSE
"K00784",0.562,0,0.363,-0.0685,0.0752,0.0641,NA,"K00784",0.877615161757605,1,FALSE,FALSE,FALSE,FALSE
"K23743",0.123,0,0.766,-0.0356,0.119,0.0211,NA,"K23743",0.976419045334613,1,FALSE,FALSE,FALSE,FALSE
"K28317",0.0493,0,0.579,-0.104,0.188,0.0392,NA,"K28317",0.951445027896291,1,FALSE,FALSE,FALSE,FALSE
"K06402",0.232,0,0.921,-0.0109,0.109,0.007,NA,"K06402",0.994297872340426,1,FALSE,FALSE,FALSE,FALSE
"K05567",0.379,0,0.191,0.187,0.142,0.0922,NA,"K05567",0.758395717684378,1,FALSE,FALSE,FALSE,FALSE
"K05571",0.414,0,0.0641,0.259,0.139,0.13,NA,"K05571",0.548548464163822,1,FALSE,FALSE,FALSE,FALSE
"K18353",0.108,0,0.515,-0.0761,0.117,0.0459,NA,"K18353",0.93292510853835,1,FALSE,FALSE,FALSE,FALSE
"K04749",0.261,0,0.829,0.0233,0.107,0.0153,NA,"K04749",0.98039985862394,1,FALSE,FALSE,FALSE,FALSE
"K09689",0.212,0,0.436,0.0811,0.104,0.055,NA,"K09689,K10107",0.906028571428571,1,FALSE,FALSE,FALSE,FALSE
"K06320",0.197,0,0.447,-0.0591,0.0776,0.0537,NA,"K06320",0.909438845997562,1,FALSE,FALSE,FALSE,FALSE
"K09688",0.207,0,0.707,0.0368,0.0977,0.0266,NA,"K09688",0.971062753583987,1,FALSE,FALSE,FALSE,FALSE
"K28186",0.143,0,0.851,0.0191,0.102,0.0133,NA,"K28186",0.987475550405562,1,FALSE,FALSE,FALSE,FALSE
"K00116",0.562,0,0.556,0.0698,0.118,0.0415,NA,"K00116",0.949517436067752,1,FALSE,FALSE,FALSE,FALSE
"K21429",0.0296,0,0.871,-0.0215,0.133,0.0114,NA,"K21429",0.990708087233076,1,FALSE,FALSE,FALSE,FALSE
"K13683",0.0739,0,0.69,0.0516,0.129,0.0281,NA,"K13683",0.971062753583987,1,FALSE,FALSE,FALSE,FALSE
"K02377",0.241,0,0.852,0.0122,0.0653,0.0132,NA,"K02377",0.987491666666667,1,FALSE,FALSE,FALSE,FALSE
"K01711",0.438,0,0.396,-0.0442,0.052,0.0599,NA,"K01711",0.889784691136974,1,FALSE,FALSE,FALSE,FALSE
"K03207",0.0985,0,0.672,0.0512,0.121,0.0299,NA,"K03207",0.971062753583987,1,FALSE,FALSE,FALSE,FALSE
"K07248",0.34,0,0.594,-0.0358,0.067,0.0377,NA,"K07248",0.955838370983137,1,FALSE,FALSE,FALSE,FALSE
"K01174",0.355,0,0.331,0.0837,0.086,0.0685,NA,"K01174",0.855168730650155,1,FALSE,FALSE,FALSE,FALSE
"K03291",0.251,0,0.0511,0.232,0.118,0.137,NA,"K03291",0.487348,1,FALSE,FALSE,FALSE,FALSE
"K04517",0.739,0,0.0242,0.398,0.175,0.158,NA,"K04517",0.340363483146067,1,FALSE,FALSE,FALSE,FALSE
"K01192",0.217,0,0.186,-0.126,0.0953,0.0931,NA,"K01192",0.752871463217462,1,FALSE,FALSE,FALSE,FALSE
"K02498",0.557,0,0.0318,0.348,0.161,0.151,NA,"K02498",0.389297310513447,1,FALSE,FALSE,FALSE,FALSE
"K10778",0.576,0,0.773,0.0272,0.0943,0.0203,NA,"K10778",0.976419045334613,1,FALSE,FALSE,FALSE,FALSE
"K03810",0.158,0,0.0957,-0.249,0.149,0.117,NA,"K03810",0.655499179206566,1,FALSE,FALSE,FALSE,FALSE
"K05946",0.232,0,0.985,0.00173,0.092,0.00132,NA,"K05946",0.99758246388443,1,FALSE,FALSE,FALSE,FALSE
"K19333",0.286,0,0.259,-0.142,0.126,0.0797,NA,"K19333",0.810508125,1,FALSE,FALSE,FALSE,FALSE
"K18581",0.207,0,0.637,-0.0449,0.095,0.0333,NA,"K18581",0.965624886466848,1,FALSE,FALSE,FALSE,FALSE
"K15652",0.118,0,0.689,0.0667,0.167,0.0283,NA,"K15652",0.971062753583987,1,FALSE,FALSE,FALSE,FALSE
"K24112",0.0887,0,0.284,0.222,0.206,0.0755,NA,"K24112",0.823386218876665,1,FALSE,FALSE,FALSE,FALSE
"K24110",0.0837,0,0.066,-0.285,0.154,0.129,NA,"K24110",0.5516045,1,FALSE,FALSE,FALSE,FALSE
"K24109",0.0837,0,0.487,-0.162,0.232,0.0491,NA,"K24109",0.922836711711712,1,FALSE,FALSE,FALSE,FALSE
"K24108",0.167,0,0.216,0.27,0.217,0.0873,NA,"K24108",0.784272661348803,1,FALSE,FALSE,FALSE,FALSE
"K27502",0.069,0,0.98,-0.0051,0.198,0.00181,NA,"K27502",0.996316751269036,1,FALSE,FALSE,FALSE,FALSE
"K27684",0.069,0,0.98,-0.0051,0.198,0.00181,NA,"K27684",0.996316751269036,1,FALSE,FALSE,FALSE,FALSE
"K02007",0.064,0,0.000417,0.842,0.235,0.245,NA,"K02007,K02008",0.0390360555555556,1,TRUE,FALSE,TRUE,FALSE
"K16915",0.0345,0,0.887,0.0217,0.152,0.0101,NA,"K16915",0.991805481283422,1,FALSE,FALSE,FALSE,FALSE
"K03404",0.0296,0,0.411,0.184,0.223,0.058,NA,"K03404",0.893563612679114,1,FALSE,FALSE,FALSE,FALSE
"K03405",0.384,0,0.0789,0.225,0.128,0.124,NA,"K03405",0.595608805970149,1,FALSE,FALSE,FALSE,FALSE
"K02224",0.488,0,2.25e-10,0.86,0.129,0.426,NA,"K02224",1.96942e-07,1.126575e-06,TRUE,TRUE,TRUE,TRUE
"K02188",0.281,0,0.000421,0.49,0.137,0.245,NA,"K02188",0.0390360555555556,1,TRUE,FALSE,TRUE,FALSE
"K06042",0.443,0,5.93e-17,1.21,0.132,0.543,NA,"K00595,K02189,K03394,K05936,K06042",9.89717e-14,2.969151e-13,TRUE,TRUE,TRUE,TRUE
"K02234",0.438,0,0.00197,0.345,0.11,0.216,NA,"K02234",0.109493736263736,1,FALSE,FALSE,FALSE,FALSE
"K02230",0.389,0,1.5e-08,0.801,0.136,0.384,NA,"K02230",1.07292857142857e-05,7.5105e-05,TRUE,TRUE,TRUE,TRUE
"K03795",0.236,0,0.803,0.028,0.112,0.0176,NA,"K03795",0.976419045334613,1,FALSE,FALSE,FALSE,FALSE
"K02225",0.369,0,1.17e-06,0.732,0.146,0.333,NA,"K02225",0.00045063,0.00585819,TRUE,TRUE,TRUE,TRUE
"K03148",0.241,0,0.692,0.0646,0.163,0.028,NA,"K03148",0.971062753583987,1,FALSE,FALSE,FALSE,FALSE
"K03150",0.187,0,0.691,0.0564,0.142,0.0281,NA,"K03150",0.971062753583987,1,FALSE,FALSE,FALSE,FALSE
"K00067",0.685,0,0.498,-0.0409,0.0603,0.0478,NA,"K00067",0.925570155902005,1,FALSE,FALSE,FALSE,FALSE
"K01790",0.675,0,0.692,-0.0252,0.0636,0.028,NA,"K01790",0.971062753583987,1,FALSE,FALSE,FALSE,FALSE
"K01021",0.108,0,0.244,-0.138,0.118,0.0821,NA,"K01021",0.803876146788991,1,FALSE,FALSE,FALSE,FALSE
"K23164",0.379,0,0.069,-0.116,0.0636,0.128,NA,"K23164",0.564514705882353,1,FALSE,FALSE,FALSE,FALSE
"K19159",0.202,0,0.652,0.0317,0.0702,0.0319,NA,"K19159",0.969623665480427,1,FALSE,FALSE,FALSE,FALSE
"K19158",0.177,0,0.521,0.048,0.0746,0.0453,NA,"K19158",0.937465566714491,1,FALSE,FALSE,FALSE,FALSE
"K06080",0.128,0,0.712,0.0945,0.256,0.0261,NA,"K06080",0.971062753583987,1,FALSE,FALSE,FALSE,FALSE
"K02673",0.399,0,0.745,-0.036,0.111,0.0229,NA,"K02673",0.975729793356003,1,FALSE,FALSE,FALSE,FALSE
"K28854",0.187,0,0.52,0.12,0.187,0.0454,NA,"K28854",0.936898164807485,1,FALSE,FALSE,FALSE,FALSE
"K02843",0.35,0,0.513,0.0934,0.143,0.0461,NA,"K02843",0.930986226893802,1,FALSE,FALSE,FALSE,FALSE
"K02849",0.0788,0,0.156,-0.355,0.249,0.1,NA,"K02849",0.701789757412399,1,FALSE,FALSE,FALSE,FALSE
"K01579",0.709,0,0.382,-0.0888,0.101,0.0616,NA,"K01579",0.887140074211503,1,FALSE,FALSE,FALSE,FALSE
"K02647",0.369,0,0.146,0.204,0.14,0.102,NA,"K02647",0.693569259962049,1,FALSE,FALSE,FALSE,FALSE
"K17247",0.552,0,0.00753,0.316,0.117,0.187,NA,"K17247",0.209532065217391,1,FALSE,FALSE,FALSE,FALSE
"K07147",0.557,0,0.00548,0.458,0.163,0.194,NA,"K07147",0.198828695652174,1,FALSE,FALSE,FALSE,FALSE
"K03606",0.172,0,0.946,0.00637,0.0932,0.00482,NA,"K03606",0.994829403321714,1,FALSE,FALSE,FALSE,FALSE
"K18554",0.118,0,0.233,-0.18,0.15,0.0841,NA,"K18554",0.8009859437751,1,FALSE,FALSE,FALSE,FALSE
"K22441",0.414,0,0.876,-0.0156,0.0993,0.0111,NA,"K22441",0.991440325497288,1,FALSE,FALSE,FALSE,FALSE
"K16135",0.458,0,0.129,-0.131,0.0861,0.107,NA,"K16135",0.687801152737752,1,FALSE,FALSE,FALSE,FALSE
"K03928",0.261,0,0.41,0.099,0.12,0.0581,NA,"K03928",0.893563612679114,1,FALSE,FALSE,FALSE,FALSE
"K07192",0.35,0,0.717,-0.0348,0.096,0.0256,NA,"K07192",0.971062753583987,1,FALSE,FALSE,FALSE,FALSE
"K21005",0.0197,0,0.993,-0.00174,0.189,0.000647,NA,"K21005",0.99758246388443,1,FALSE,FALSE,FALSE,FALSE
"K18479",0.3,0,0.323,0.0728,0.0735,0.0696,NA,"K18479",0.850742240925829,1,FALSE,FALSE,FALSE,FALSE
"K02056",0.433,0,0.373,-0.076,0.0852,0.0629,NA,"K02056",0.879989661654135,1,FALSE,FALSE,FALSE,FALSE
"K01304",0.241,0,0.173,-0.0971,0.0711,0.096,NA,"K01304",0.734699745547074,1,FALSE,FALSE,FALSE,FALSE
"K01815",0.429,0,0.731,0.0265,0.0769,0.0243,NA,"K01815",0.973435372340426,1,FALSE,FALSE,FALSE,FALSE
"K03119",0.3,0,0.392,0.0899,0.105,0.0604,NA,"K03119",0.889784691136974,1,FALSE,FALSE,FALSE,FALSE
"K23188",0.384,0,0.103,0.145,0.0884,0.115,NA,"K23188",0.674145098039216,1,FALSE,FALSE,FALSE,FALSE
"K23187",0.261,0,0.368,0.0834,0.0924,0.0636,NA,"K23187",0.879989661654135,1,FALSE,FALSE,FALSE,FALSE
"K23186",0.271,0,0.283,0.0952,0.0884,0.0757,NA,"K23186",0.82239175856065,1,FALSE,FALSE,FALSE,FALSE
"K23185",0.108,0,0.213,0.199,0.16,0.0878,NA,"K23185",0.780168983174835,1,FALSE,FALSE,FALSE,FALSE
"K00216",0.202,0,0.954,0.00689,0.12,0.00404,NA,"K00216",0.994829403321714,1,FALSE,FALSE,FALSE,FALSE
"K02361",0.197,0,0.805,-0.0331,0.134,0.0174,NA,"K02361",0.976419045334613,1,FALSE,FALSE,FALSE,FALSE
"K02363",0.192,0,0.099,-0.24,0.145,0.116,NA,"K02363",0.665359731543624,1,FALSE,FALSE,FALSE,FALSE
"K01252",0.187,0,0.739,-0.0463,0.139,0.0235,NA,"K01252",0.975729793356003,1,FALSE,FALSE,FALSE,FALSE
"K04782",0.271,0,0.341,0.0993,0.104,0.0672,NA,"K04782",0.861012102874433,1,FALSE,FALSE,FALSE,FALSE
"K01788",0.236,0,0.261,0.113,0.0997,0.0793,NA,"K01788",0.813209085252022,1,FALSE,FALSE,FALSE,FALSE
"K07154",0.512,0,0.8,0.0127,0.05,0.0179,NA,"K07154",0.976419045334613,1,FALSE,FALSE,FALSE,FALSE
"K12243",0.0739,0,0.138,-0.24,0.161,0.104,NA,"K12243",0.687801152737752,1,FALSE,FALSE,FALSE,FALSE
"K14698",0.0246,0,0.969,-0.00848,0.216,0.00277,NA,"K14698",0.994829403321714,1,FALSE,FALSE,FALSE,FALSE
"K14699",0.0197,0,0.0698,0.384,0.211,0.128,NA,"K14699",0.567351623376623,1,FALSE,FALSE,FALSE,FALSE
"K07120",0.468,0,0.221,0.177,0.144,0.0863,NA,"K07120",0.792088045812455,1,FALSE,FALSE,FALSE,FALSE
"K01034",0.0985,0,0.316,0.319,0.317,0.0708,NA,"K01034",0.846968516542156,1,FALSE,FALSE,FALSE,FALSE
"K01035",0.0591,0,0.501,0.197,0.292,0.0475,NA,"K01035",0.927153817779417,1,FALSE,FALSE,FALSE,FALSE
"K15532",0.286,0,0.0136,-0.232,0.093,0.173,NA,"K15532",0.258852452830189,1,FALSE,FALSE,FALSE,FALSE
"K13633",0.591,0,0.163,-0.159,0.113,0.0983,NA,"K13633",0.72033627537511,1,FALSE,FALSE,FALSE,FALSE
"K01821",0.591,0,0.865,-0.0139,0.0819,0.012,NA,"K01821",0.989755813953488,1,FALSE,FALSE,FALSE,FALSE
"K11909",0.0493,0,0.7,-0.123,0.32,0.0272,NA,"K11908,K11909",0.971062753583987,1,FALSE,FALSE,FALSE,FALSE
"K11894",0.103,0,0.591,-0.0677,0.126,0.0379,NA,"K11894",0.95548498546981,1,FALSE,FALSE,FALSE,FALSE
"K13700",0.128,0,0.334,0.159,0.165,0.0682,NA,"K13700",0.855351861295258,1,FALSE,FALSE,FALSE,FALSE
"K06991",0.419,0,0.162,0.111,0.0789,0.0984,NA,"K06991",0.717817699115044,1,FALSE,FALSE,FALSE,FALSE
"K03453",0.626,0,0.144,0.105,0.0715,0.103,NA,"K03453",0.689300191204589,1,FALSE,FALSE,FALSE,FALSE
"K05813",0.389,0,0.332,-0.102,0.104,0.0685,NA,"K05813",0.855351861295258,1,FALSE,FALSE,FALSE,FALSE
"K05814",0.409,0,0.285,-0.0999,0.0933,0.0753,NA,"K05814",0.82532967032967,1,FALSE,FALSE,FALSE,FALSE
"K00449",0.429,0,0.879,0.0185,0.121,0.0108,NA,"K00449",0.991805481283422,1,FALSE,FALSE,FALSE,FALSE
"K03331",0.133,0,0.701,-0.0334,0.087,0.0271,NA,"K03331",0.971062753583987,1,FALSE,FALSE,FALSE,FALSE
"K05982",0.158,0,0.016,-0.259,0.106,0.169,NA,"K05982",0.269737373737374,1,FALSE,FALSE,FALSE,FALSE
"K23492",0.0542,0,0.647,-0.0618,0.134,0.0324,NA,"K23492",0.968469058295964,1,FALSE,FALSE,FALSE,FALSE
"K00484",0.158,0,0.784,0.0377,0.137,0.0194,NA,"K00484",0.976419045334613,1,FALSE,FALSE,FALSE,FALSE
"K02509",0.35,0,0.459,-0.073,0.0983,0.0523,NA,"K02509",0.916352870813397,1,FALSE,FALSE,FALSE,FALSE
"K05921",0.227,0,0.972,0.0033,0.0949,0.00245,NA,"K05921",0.995256441717791,1,FALSE,FALSE,FALSE,FALSE
"K00151",0.379,0,0.948,-0.00672,0.103,0.00459,NA,"K00151",0.994829403321714,1,FALSE,FALSE,FALSE,FALSE
"K00455",0.163,0,0.274,-0.117,0.107,0.0772,NA,"K00455",0.818078711985689,1,FALSE,FALSE,FALSE,FALSE
"K09471",0.527,0,0.712,-0.0403,0.109,0.0261,NA,"K09471",0.971062753583987,1,FALSE,FALSE,FALSE,FALSE
"K06995",0.448,0,0.728,0.0316,0.0909,0.0245,NA,"K06995",0.973435372340426,1,FALSE,FALSE,FALSE,FALSE
"K02508",0.0936,0,0.569,-0.0734,0.129,0.0402,NA,"K02508",0.949517436067752,1,FALSE,FALSE,FALSE,FALSE
"K12984",0.128,0,0.68,-0.0556,0.135,0.0291,NA,"K12984",0.971062753583987,1,FALSE,FALSE,FALSE,FALSE
"K03324",0.552,0,0.286,0.149,0.14,0.0752,NA,"K03324",0.82726863084922,1,FALSE,FALSE,FALSE,FALSE
"K20498",0.0739,0,0.722,-0.0629,0.177,0.0251,NA,"K20498",0.972573042776433,1,FALSE,FALSE,FALSE,FALSE
"K17324",0.33,0,0.73,0.0488,0.142,0.0243,NA,"K17321,K17322,K17323,K17324,K17325",0.973435372340426,1,FALSE,FALSE,FALSE,FALSE
"K07389",0.069,0,0.987,-0.00156,0.0943,0.00117,NA,"K07389",0.99758246388443,1,FALSE,FALSE,FALSE,FALSE
"K22491",0.369,0,0.15,0.186,0.129,0.101,NA,"K22491",0.698651162790698,1,FALSE,FALSE,FALSE,FALSE
"K00875",0.118,0,0.325,0.197,0.199,0.0695,NA,"K00875",0.852310775637689,1,FALSE,FALSE,FALSE,FALSE
"K00039",0.069,0,0.234,-0.222,0.186,0.0839,NA,"K00039",0.8009859437751,1,FALSE,FALSE,FALSE,FALSE
"K10544",0.291,0,0.246,-0.113,0.0974,0.0818,NA,"K10544",0.804521227955585,1,FALSE,FALSE,FALSE,FALSE
"K10545",0.33,0,0.697,-0.0347,0.0889,0.0275,NA,"K10545",0.971062753583987,1,FALSE,FALSE,FALSE,FALSE
"K10543",0.3,0,0.141,-0.136,0.092,0.104,NA,"K10543",0.687801152737752,1,FALSE,FALSE,FALSE,FALSE
"K08970",0.271,0,0.000367,0.397,0.11,0.248,NA,"K08970",0.0360307647058824,1,TRUE,FALSE,TRUE,FALSE
"K06859",0.0739,0,0.488,0.0825,0.119,0.049,NA,"K06859",0.922836711711712,1,FALSE,FALSE,FALSE,FALSE
"K13408",0.0887,0,0.776,-0.0273,0.0958,0.0201,NA,"K13408",0.976419045334613,1,FALSE,FALSE,FALSE,FALSE
"K13409",0.0739,0,0.465,-0.0783,0.107,0.0515,NA,"K13409",0.920622775800712,1,FALSE,FALSE,FALSE,FALSE
"K06351",0.158,0,0.906,-0.0163,0.137,0.00838,NA,"K06351",0.992926448253417,1,FALSE,FALSE,FALSE,FALSE
"K17950",0.0542,0,0.907,0.0156,0.132,0.00828,NA,"K17950",0.992926448253417,1,FALSE,FALSE,FALSE,FALSE
"K21645",0.424,0,0.453,0.068,0.0905,0.0529,NA,"K21645",0.912744869215292,1,FALSE,FALSE,FALSE,FALSE
"K15578",0.251,0,0.221,-0.129,0.105,0.0862,NA,"K15578",0.792088045812455,1,FALSE,FALSE,FALSE,FALSE
"K15577",0.271,0,0.2,-0.128,0.0997,0.0904,NA,"K15576,K15577",0.770013006885998,1,FALSE,FALSE,FALSE,FALSE
"K01563",0.113,0,0.0421,-0.218,0.107,0.143,NA,"K01563",0.443778315789474,1,FALSE,FALSE,FALSE,FALSE
"K11606",0.202,0,0.709,-0.0645,0.173,0.0263,NA,"K11606",0.971062753583987,1,FALSE,FALSE,FALSE,FALSE
"K11605",0.202,0,0.709,-0.0645,0.173,0.0263,NA,"K11605",0.971062753583987,1,FALSE,FALSE,FALSE,FALSE
"K11607",0.202,0,0.709,-0.0645,0.173,0.0263,NA,"K11607",0.971062753583987,1,FALSE,FALSE,FALSE,FALSE
"K11604",0.202,0,0.709,-0.0645,0.173,0.0263,NA,"K11604",0.971062753583987,1,FALSE,FALSE,FALSE,FALSE
"K03366",0.177,0,0.972,-0.00345,0.0968,0.00252,NA,"K03366",0.995256441717791,1,FALSE,FALSE,FALSE,FALSE
"K13063",0.0296,0,0.964,-0.00586,0.132,0.00315,NA,"K13063",0.994829403321714,1,FALSE,FALSE,FALSE,FALSE
"K09979",0.0739,0,0.0901,-0.6,0.352,0.119,NA,"K05997,K09979",0.638216197183099,1,FALSE,FALSE,FALSE,FALSE
"K03462",0.0985,0,0.631,0.0433,0.0902,0.0339,NA,"K03462",0.962063641900122,1,FALSE,FALSE,FALSE,FALSE
"K02058",0.33,0,0.952,-0.00579,0.0955,0.00427,NA,"K02058",0.994829403321714,1,FALSE,FALSE,FALSE,FALSE
"K18910",0.167,0,0.19,-0.142,0.108,0.0923,NA,"K18910",0.758395717684378,1,FALSE,FALSE,FALSE,FALSE
"K04033",0.36,0,0.951,0.00495,0.0804,0.00434,NA,"K04033",0.994829403321714,1,FALSE,FALSE,FALSE,FALSE
"K09014",0.581,0,0.205,0.203,0.159,0.0892,NA,"K09013,K09014",0.774316728624535,1,FALSE,FALSE,FALSE,FALSE
"K09015",0.557,0,0.403,0.13,0.155,0.059,NA,"K09015",0.892618922470434,1,FALSE,FALSE,FALSE,FALSE
"K00880",0.182,0,0.312,0.139,0.137,0.0714,NA,"K00880",0.841670784103115,1,FALSE,FALSE,FALSE,FALSE
"K18471",0.143,0,0.238,-0.172,0.145,0.0832,NA,"K18471",0.8009859437751,1,FALSE,FALSE,FALSE,FALSE
"K28061",0.0246,0,0.812,-0.0359,0.15,0.0168,NA,"K28061",0.976419045334613,1,FALSE,FALSE,FALSE,FALSE
"K18802",0.192,0,0.442,0.103,0.133,0.0543,NA,"K18802",0.908495073891626,1,FALSE,FALSE,FALSE,FALSE
"K03337",0.438,0,0.663,0.0336,0.077,0.0307,NA,"K03335,K03336,K03337",0.971062753583987,1,FALSE,FALSE,FALSE,FALSE
"K00010",0.433,0,0.611,0.0407,0.0799,0.0359,NA,"K00010",0.957197699720236,1,FALSE,FALSE,FALSE,FALSE
"K03338",0.438,0,0.673,0.0322,0.0763,0.0298,NA,"K03338",0.971062753583987,1,FALSE,FALSE,FALSE,FALSE
"K25317",0.069,0,0.493,0.111,0.162,0.0484,NA,"K25317",0.923821482035928,1,FALSE,FALSE,FALSE,FALSE
"K07704",0.108,0,0.356,-0.211,0.228,0.0651,NA,"K07704",0.869932650073206,1,FALSE,FALSE,FALSE,FALSE
"K10119",0.33,0,0.439,0.101,0.13,0.0547,NA,"K10119",0.907170037144036,1,FALSE,FALSE,FALSE,FALSE
"K03835",0.0985,0,0.455,-0.164,0.219,0.0528,NA,"K03835",0.913832731648616,1,FALSE,FALSE,FALSE,FALSE
"K05776",0.246,0,0.642,-0.0616,0.132,0.0328,NA,"K05776",0.967398137019231,1,FALSE,FALSE,FALSE,FALSE
"K16328",0.0542,0,0.243,-0.318,0.272,0.0823,NA,"K16328",0.803633421400264,1,FALSE,FALSE,FALSE,FALSE
"K16329",0.182,0,0.625,0.073,0.149,0.0345,NA,"K16329",0.958754595588235,1,FALSE,FALSE,FALSE,FALSE
"K16862",0.0296,0,0.399,0.158,0.187,0.0595,NA,"K16862",0.891076271186441,1,FALSE,FALSE,FALSE,FALSE
"K21417",0.212,0,0.141,0.168,0.114,0.104,NA,"K21417",0.687801152737752,1,FALSE,FALSE,FALSE,FALSE
"K21416",0.187,0,0.172,0.181,0.132,0.0963,NA,"K21416",0.734699745547074,1,FALSE,FALSE,FALSE,FALSE
"K19615",0.0443,0,0.751,-0.0563,0.177,0.0224,NA,"K19615",0.976419045334613,1,FALSE,FALSE,FALSE,FALSE
"K19130",0.0542,0,0.449,0.0905,0.119,0.0534,NA,"K19130",0.91109987868985,1,FALSE,FALSE,FALSE,FALSE
"K07012",0.0739,0,0.0704,0.214,0.117,0.127,NA,"K07012",0.569455250403877,1,FALSE,FALSE,FALSE,FALSE
"K15342",0.103,0,0.238,0.114,0.0968,0.0831,NA,"K15342",0.8009859437751,1,FALSE,FALSE,FALSE,FALSE
"K00477",0.163,0,0.829,-0.0191,0.088,0.0153,NA,"K00477",0.98039985862394,1,FALSE,FALSE,FALSE,FALSE
"K13075",0.468,0,0.0444,0.127,0.0629,0.141,NA,"K13075",0.455647239263804,1,FALSE,FALSE,FALSE,FALSE
"K09943",0.118,0,0.735,-0.0511,0.151,0.0239,NA,"K09943",0.974356632247816,1,FALSE,FALSE,FALSE,FALSE
"K21563",0.128,0,0.652,-0.0636,0.141,0.0318,NA,"K21563",0.969623665480427,1,FALSE,FALSE,FALSE,FALSE
"K24699",0.103,0,0.509,-0.0789,0.119,0.0467,NA,"K24699",0.927424672489083,1,FALSE,FALSE,FALSE,FALSE
"K06720",0.153,0,0.0389,0.325,0.156,0.145,NA,"K06720",0.432827333333333,1,FALSE,FALSE,FALSE,FALSE
"K06718",0.0837,0,0.0652,0.314,0.169,0.13,NA,"K06718",0.55010016722408,1,FALSE,FALSE,FALSE,FALSE
"K01501",0.286,0,0.946,-0.00549,0.0806,0.00481,NA,"K01501",0.994829403321714,1,FALSE,FALSE,FALSE,FALSE
"K00450",0.197,0,0.256,-0.0993,0.0872,0.0801,NA,"K00450",0.809307547169811,1,FALSE,FALSE,FALSE,FALSE
"K09461",0.212,0,0.591,0.0638,0.118,0.038,NA,"K09461",0.95548498546981,1,FALSE,FALSE,FALSE,FALSE
"K01075",0.3,0,0.049,0.323,0.163,0.138,NA,"K01075",0.476394174757282,1,FALSE,FALSE,FALSE,FALSE
"K00180",0.0394,0,0.192,0.254,0.194,0.092,NA,"K00179,K00180",0.760307631785995,1,FALSE,FALSE,FALSE,FALSE
"K10236",0.241,0,0.295,-0.121,0.116,0.0739,NA,"K10236",0.834971735443753,1,FALSE,FALSE,FALSE,FALSE
"K10237",0.227,0,0.586,-0.064,0.117,0.0384,NA,"K10237,K10238",0.954876218323587,1,FALSE,FALSE,FALSE,FALSE
"K12532",0.0197,0,0.67,-0.0746,0.175,0.0301,NA,"K12530,K12532",0.971062753583987,1,FALSE,FALSE,FALSE,FALSE
"K11003",0.0788,0,0.108,-0.142,0.0878,0.113,NA,"K11003",0.687801152737752,1,FALSE,FALSE,FALSE,FALSE
"K22390",0.113,0,0.329,0.123,0.126,0.0689,NA,"K22390",0.853082858622475,1,FALSE,FALSE,FALSE,FALSE
"K02745",0.0591,0,0.216,-0.196,0.158,0.0872,NA,"K02745,K02746,K02747",0.784272661348803,1,FALSE,FALSE,FALSE,FALSE
"K02744",0.0542,0,0.807,-0.0433,0.177,0.0172,NA,"K02744",0.976419045334613,1,FALSE,FALSE,FALSE,FALSE
"K08302",0.0739,0,0.17,-0.19,0.138,0.0967,NA,"K08302",0.732521514629948,1,FALSE,FALSE,FALSE,FALSE
"K12537",0.266,0,0.0838,0.236,0.136,0.122,NA,"K12537",0.613102040816327,1,FALSE,FALSE,FALSE,FALSE
"K12536",0.281,0,0.0129,0.314,0.125,0.174,NA,"K12536",0.257116216216216,1,FALSE,FALSE,FALSE,FALSE
"K16567",0.202,0,0.32,-0.0905,0.0908,0.0701,NA,"K16567",0.849047543581616,1,FALSE,FALSE,FALSE,FALSE
"K16554",0.286,0,0.394,0.07,0.082,0.0601,NA,"K16554",0.889784691136974,1,FALSE,FALSE,FALSE,FALSE
"K20988",0.123,0,0.82,0.0214,0.094,0.0161,NA,"K20988",0.979422709923664,1,FALSE,FALSE,FALSE,FALSE
"K20920",0.148,0,0.651,0.0416,0.0917,0.032,NA,"K20920",0.969623665480427,1,FALSE,FALSE,FALSE,FALSE
"K07157",0.473,0,0.00728,0.446,0.165,0.188,NA,"K07157",0.206786271186441,1,FALSE,FALSE,FALSE,FALSE
"K03152",0.31,0,0.617,-0.0565,0.113,0.0353,NA,"K03152",0.957334676169817,1,FALSE,FALSE,FALSE,FALSE
"K00758",0.369,0,0.185,-0.148,0.111,0.0934,NA,"K00758",0.750644246353322,1,FALSE,FALSE,FALSE,FALSE
"K21024",0.192,0,0.02,0.505,0.215,0.163,NA,"K21024",0.298925373134328,1,FALSE,FALSE,FALSE,FALSE
"K08720",0.0788,0,0.0505,0.353,0.18,0.137,NA,"K08720",0.485323416506718,1,FALSE,FALSE,FALSE,FALSE
"K01692",0.483,0,0.551,0.0687,0.115,0.0421,NA,"K01692",0.949517436067752,1,FALSE,FALSE,FALSE,FALSE
"K17230",0.31,0,0.272,0.095,0.0863,0.0774,NA,"K17230",0.81697900419916,1,FALSE,FALSE,FALSE,FALSE
"K01173",0.34,0,0.647,-0.0287,0.0627,0.0323,NA,"K01173",0.968469058295964,1,FALSE,FALSE,FALSE,FALSE
"K02858",0.227,0,0.429,0.101,0.127,0.0559,NA,"K02858",0.903281328847771,1,FALSE,FALSE,FALSE,FALSE
"K13735",0.0837,0,0.451,-0.159,0.21,0.0532,NA,"K13735",0.911649979814292,1,FALSE,FALSE,FALSE,FALSE
"K01639",0.064,0,0.105,-0.266,0.163,0.114,NA,"K01639",0.681003886010363,1,FALSE,FALSE,FALSE,FALSE
"K00885",0.0443,0,0.49,-0.169,0.244,0.0487,NA,"K00885",0.922836711711712,1,FALSE,FALSE,FALSE,FALSE
"K25260",0.0936,0,0.811,-0.0304,0.127,0.0169,NA,"K25260",0.976419045334613,1,FALSE,FALSE,FALSE,FALSE
"K22104",0.113,0,0.889,0.0178,0.128,0.00982,NA,"K22104",0.991805481283422,1,FALSE,FALSE,FALSE,FALSE
"K05832",0.212,0,0.201,0.191,0.149,0.0901,NA,"K05832,K05833",0.770013006885998,1,FALSE,FALSE,FALSE,FALSE
"K05523",0.0197,0,0.868,0.0345,0.207,0.0118,NA,"K05523",0.990445761166818,1,FALSE,FALSE,FALSE,FALSE
"K26400",0.394,0,0.0519,0.295,0.151,0.137,NA,"K26400",0.48846484962406,1,FALSE,FALSE,FALSE,FALSE
"K10221",0.103,0,0.264,0.162,0.145,0.0787,NA,"K10221",0.814447319778189,1,FALSE,FALSE,FALSE,FALSE
"K10220",0.123,0,0.399,0.104,0.123,0.0594,NA,"K10220",0.891076271186441,1,FALSE,FALSE,FALSE,FALSE
"K04100",0.069,0,0.236,0.211,0.178,0.0836,NA,"K04100,K04101,K10219",0.8009859437751,1,FALSE,FALSE,FALSE,FALSE
"K05275",0.631,0,0.858,-0.0131,0.073,0.0127,NA,"K05275",0.988951657458564,1,FALSE,FALSE,FALSE,FALSE
"K16845",0.0197,0,0.578,0.14,0.251,0.0393,NA,"K16845,K16846",0.95136291913215,1,FALSE,FALSE,FALSE,FALSE
"K28643",0.0246,0,0.546,0.177,0.294,0.0426,NA,"K28643",0.949517436067752,1,FALSE,FALSE,FALSE,FALSE
"K28642",0.0246,0,0.546,0.177,0.294,0.0426,NA,"K28642",0.949517436067752,1,FALSE,FALSE,FALSE,FALSE
"K03078",0.0837,0,0.888,0.0233,0.165,0.00992,NA,"K03078",0.991805481283422,1,FALSE,FALSE,FALSE,FALSE
"K03079",0.138,0,0.397,-0.101,0.118,0.0598,NA,"K03079",0.889784691136974,1,FALSE,FALSE,FALSE,FALSE
"K03077",0.36,0,0.553,-0.0565,0.0951,0.0419,NA,"K03077",0.949517436067752,1,FALSE,FALSE,FALSE,FALSE
"K07452",0.246,0,0.498,-0.0384,0.0565,0.0479,NA,"K07452",0.925570155902005,1,FALSE,FALSE,FALSE,FALSE
"K19147",0.241,0,0.991,-0.00062,0.0574,0.000761,NA,"K19147",0.99758246388443,1,FALSE,FALSE,FALSE,FALSE
"K21898",0.0197,0,0.108,0.29,0.18,0.113,NA,"K21898",0.687801152737752,1,FALSE,FALSE,FALSE,FALSE
"K10227",0.458,0,0.175,0.132,0.0967,0.0955,NA,"K10227",0.738806913996627,1,FALSE,FALSE,FALSE,FALSE
"K10228",0.438,0,0.301,0.104,0.101,0.073,NA,"K10228,K10229",0.839146436525612,1,FALSE,FALSE,FALSE,FALSE
"K00007",0.113,0,0.626,-0.0829,0.17,0.0344,NA,"K00007",0.959113219094247,1,FALSE,FALSE,FALSE,FALSE
"K21620",0.167,0,0.134,0.226,0.15,0.105,NA,"K21620",0.687801152737752,1,FALSE,FALSE,FALSE,FALSE
"K00854",0.626,0,0.938,-0.00576,0.0744,0.00546,NA,"K00854",0.994829403321714,1,FALSE,FALSE,FALSE,FALSE
"K09690",0.404,0,0.434,-0.0607,0.0773,0.0553,NA,"K09690",0.906028571428571,1,FALSE,FALSE,FALSE,FALSE
"K00571",0.325,0,0.757,0.0283,0.0914,0.0218,NA,"K00571",0.976419045334613,1,FALSE,FALSE,FALSE,FALSE
"K22874",0.0148,0,0.447,-0.166,0.218,0.0537,NA,"K22874",0.909438845997562,1,FALSE,FALSE,FALSE,FALSE
"K03380",0.138,0,0.135,-0.236,0.157,0.105,NA,"K03380",0.687801152737752,1,FALSE,FALSE,FALSE,FALSE
"K22952",0.0345,0,0.918,-0.0194,0.188,0.00726,NA,"K22952",0.993607003891051,1,FALSE,FALSE,FALSE,FALSE
"K08475",0.0985,0,0.558,0.0732,0.125,0.0413,NA,"K08475",0.949517436067752,1,FALSE,FALSE,FALSE,FALSE
"K08478",0.0887,0,0.829,0.0279,0.129,0.0153,NA,"K08478",0.98039985862394,1,FALSE,FALSE,FALSE,FALSE
"K19610",0.172,0,0.126,0.228,0.148,0.108,NA,"K19610",0.687801152737752,1,FALSE,FALSE,FALSE,FALSE
"K21993",0.172,0,0.907,-0.0107,0.0917,0.00824,NA,"K21993",0.992926448253417,1,FALSE,FALSE,FALSE,FALSE
"K23182",0.064,0,0.0453,0.403,0.2,0.141,NA,"K23182",0.461949287169043,1,FALSE,FALSE,FALSE,FALSE
"K23181",0.0542,0,0.174,0.255,0.186,0.0959,NA,"K23181",0.737071065989848,1,FALSE,FALSE,FALSE,FALSE
"K02448",0.212,0,0.982,-0.00301,0.13,0.00164,NA,"K02448",0.996528982569923,1,FALSE,FALSE,FALSE,FALSE
"K04748",0.31,0,0.843,0.0245,0.124,0.014,NA,"K04748",0.986439775910364,1,FALSE,FALSE,FALSE,FALSE
"K01602",0.064,0,0.305,-0.155,0.151,0.0724,NA,"K01601,K01602",0.841396694214876,1,FALSE,FALSE,FALSE,FALSE
"K04651",0.118,0,0.701,-0.0643,0.167,0.0271,NA,"K04651,K04652,K04653",0.971062753583987,1,FALSE,FALSE,FALSE,FALSE
"K19641",0.0148,0,0.353,-0.254,0.273,0.0656,NA,"K19641,K23548,K23549",0.868536117936118,1,FALSE,FALSE,FALSE,FALSE
"K04654",0.108,0,0.723,-0.0749,0.211,0.025,NA,"K04654,K04655,K04656",0.972688906752412,1,FALSE,FALSE,FALSE,FALSE
"K01193",0.498,0,0.242,-0.0695,0.0593,0.0824,NA,"K01193",0.803510610079576,1,FALSE,FALSE,FALSE,FALSE
"K00883",0.547,0,0.407,0.0758,0.0911,0.0586,NA,"K00883",0.892618922470434,1,FALSE,FALSE,FALSE,FALSE
"K01631",0.478,0,0.566,0.0467,0.0812,0.0405,NA,"K01631",0.949517436067752,1,FALSE,FALSE,FALSE,FALSE
"K18983",0.148,0,0.657,-0.038,0.0854,0.0314,NA,"K18983",0.971062753583987,1,FALSE,FALSE,FALSE,FALSE
"K01674",0.143,0,0.699,-0.0323,0.0836,0.0273,NA,"K01674",0.971062753583987,1,FALSE,FALSE,FALSE,FALSE
"K21621",0.0936,0,0.198,0.227,0.176,0.0908,NA,"K21621",0.767920991479473,1,FALSE,FALSE,FALSE,FALSE
"K01720",0.379,0,0.213,-0.115,0.092,0.0878,NA,"K01720",0.780168983174835,1,FALSE,FALSE,FALSE,FALSE
"K12132",0.443,0,0.282,-0.106,0.0986,0.0758,NA,"K12132",0.82091511627907,1,FALSE,FALSE,FALSE,FALSE
"K24410",0.0148,0,0.366,-0.188,0.207,0.0638,NA,"K24410",0.878926618705036,1,FALSE,FALSE,FALSE,FALSE
"K09936",0.611,0,0.0741,-0.167,0.0928,0.126,NA,"K09936",0.580905443234837,1,FALSE,FALSE,FALSE,FALSE
"K01999",0.749,0,0.193,0.189,0.145,0.0917,NA,"K01999",0.760307631785995,1,FALSE,FALSE,FALSE,FALSE
"K14189",0.212,0,0.568,-0.0429,0.075,0.0403,NA,"K14189",0.949517436067752,1,FALSE,FALSE,FALSE,FALSE
"K21833",0.222,0,0.00282,0.615,0.203,0.209,NA,"K21833,K21834,K25960,K25961",0.133205094339623,1,FALSE,FALSE,FALSE,FALSE
"K08264",0.217,0,0.759,-0.0373,0.121,0.0217,NA,"K08264",0.976419045334613,1,FALSE,FALSE,FALSE,FALSE
"K21826",0.34,0,6.03e-05,0.774,0.189,0.278,NA,"K21826",0.0130390625,0.3019221,TRUE,FALSE,TRUE,FALSE
"K00479",0.374,0,0.249,0.161,0.139,0.0814,NA,"K00479",0.809048020765737,1,FALSE,FALSE,FALSE,FALSE
"K04757",0.232,0,0.852,0.02,0.107,0.0132,NA,"K04757",0.987491666666667,1,FALSE,FALSE,FALSE,FALSE
"K07280",0.0936,0,0.756,-0.0323,0.104,0.0219,NA,"K07280",0.976419045334613,1,FALSE,FALSE,FALSE,FALSE
"K23514",0.251,0,0.859,0.0185,0.104,0.0126,NA,"K23514",0.98964864242982,1,FALSE,FALSE,FALSE,FALSE
"K10021",0.153,0,0.565,-0.107,0.185,0.0406,NA,"K10021",0.949517436067752,1,FALSE,FALSE,FALSE,FALSE
"K09992",0.256,0,0.983,-0.00175,0.0799,0.00155,NA,"K09992",0.996533913747722,1,FALSE,FALSE,FALSE,FALSE
"K08476",0.0246,0,0.41,-0.125,0.151,0.0581,NA,"K08476",0.893563612679114,1,FALSE,FALSE,FALSE,FALSE
"K03523",0.36,0,0.268,0.145,0.13,0.0781,NA,"K03523",0.814882459312839,1,FALSE,FALSE,FALSE,FALSE
"K18816",0.182,0,0.588,0.0606,0.112,0.0382,NA,"K18816",0.955261518494484,1,FALSE,FALSE,FALSE,FALSE
"K13727",0.123,0,0.443,-0.156,0.203,0.0542,NA,"K13727",0.908503473641193,1,FALSE,FALSE,FALSE,FALSE
"K00114",0.212,0,0.902,0.0189,0.153,0.00872,NA,"K00114",0.992180622533976,1,FALSE,FALSE,FALSE,FALSE
"K21012",0.128,0,0.673,-0.0575,0.136,0.0298,NA,"K21006,K21007,K21008,K21009,K21010,K21012",0.971062753583987,1,FALSE,FALSE,FALSE,FALSE
"K21011",0.187,0,0.865,0.0158,0.0926,0.012,NA,"K21011",0.989755813953488,1,FALSE,FALSE,FALSE,FALSE
"K08738",0.345,0,0.0384,0.254,0.122,0.145,NA,"K08738",0.43109596412556,1,FALSE,FALSE,FALSE,FALSE
"K07335",0.645,0,0.547,0.0463,0.0767,0.0425,NA,"K07335",0.949517436067752,1,FALSE,FALSE,FALSE,FALSE
"K23537",0.64,0,0.437,0.0594,0.0764,0.0548,NA,"K23537",0.906028571428571,1,FALSE,FALSE,FALSE,FALSE
"K23535",0.64,0,0.437,0.0594,0.0764,0.0548,NA,"K23535",0.906028571428571,1,FALSE,FALSE,FALSE,FALSE
"K23536",0.64,0,0.437,0.0594,0.0764,0.0548,NA,"K23536",0.906028571428571,1,FALSE,FALSE,FALSE,FALSE
"K19339",0.197,0,0.437,-0.071,0.0911,0.0549,NA,"K19339",0.906028571428571,1,FALSE,FALSE,FALSE,FALSE
"K06135",0.241,0,0.853,-0.0275,0.148,0.0131,NA,"K06135",0.988193197593707,1,FALSE,FALSE,FALSE,FALSE
"K06136",0.276,0,0.628,0.0592,0.122,0.0342,NA,"K06136",0.959827838827839,1,FALSE,FALSE,FALSE,FALSE
"K06137",0.266,0,0.168,0.178,0.129,0.0971,NA,"K06137",0.727660899653979,1,FALSE,FALSE,FALSE,FALSE
"K06138",0.31,0,0.849,-0.0178,0.0937,0.0134,NA,"K06138",0.987475550405562,1,FALSE,FALSE,FALSE,FALSE
"K06139",0.266,0,0.538,0.0836,0.136,0.0435,NA,"K06139",0.945181052631579,1,FALSE,FALSE,FALSE,FALSE
"K20975",0.389,0,0.94,-0.0104,0.137,0.00535,NA,"K20975",0.994829403321714,1,FALSE,FALSE,FALSE,FALSE
"K22468",0.542,0,0.696,0.0368,0.0941,0.0276,NA,"K22468",0.971062753583987,1,FALSE,FALSE,FALSE,FALSE
"K11913",0.0936,0,0.478,0.0724,0.102,0.05,NA,"K11913",0.921838808250573,1,FALSE,FALSE,FALSE,FALSE
"K11898",0.153,0,0.681,-0.036,0.0873,0.0291,NA,"K11898",0.971062753583987,1,FALSE,FALSE,FALSE,FALSE
"K02043",0.232,0,0.643,-0.0545,0.117,0.0327,NA,"K02043",0.967398137019231,1,FALSE,FALSE,FALSE,FALSE
"K06166",0.241,0,0.507,-0.0716,0.108,0.0468,NA,"K05780,K05781,K06163,K06164,K06166",0.927424672489083,1,FALSE,FALSE,FALSE,FALSE
"K06165",0.246,0,0.478,-0.0776,0.109,0.0501,NA,"K06165",0.921838808250573,1,FALSE,FALSE,FALSE,FALSE
"K06162",0.271,0,0.338,-0.0908,0.0945,0.0676,NA,"K06162",0.857762797769894,1,FALSE,FALSE,FALSE,FALSE
"K05774",0.389,0,0.118,0.177,0.113,0.11,NA,"K05774",0.687801152737752,1,FALSE,FALSE,FALSE,FALSE
"K06167",0.305,0,0.305,0.129,0.126,0.0723,NA,"K06167",0.841396694214876,1,FALSE,FALSE,FALSE,FALSE
"K07214",0.123,0,0.534,0.0712,0.114,0.0439,NA,"K07214",0.945181052631579,1,FALSE,FALSE,FALSE,FALSE
"K08676",0.177,0,0.471,-0.08,0.111,0.0508,NA,"K08676",0.921838808250573,1,FALSE,FALSE,FALSE,FALSE
"K21699",0.394,0,0.774,0.0412,0.143,0.0203,NA,"K21699",0.976419045334613,1,FALSE,FALSE,FALSE,FALSE
"K00822",0.443,0,0.00979,0.388,0.149,0.181,NA,"K00822",0.22635331797235,1,FALSE,FALSE,FALSE,FALSE
"K09988",0.153,0,0.053,-0.36,0.185,0.136,NA,"K09988",0.492339517625232,1,FALSE,FALSE,FALSE,FALSE
"K07171",0.271,0,0.158,0.111,0.0781,0.0993,NA,"K07171",0.704457702582369,1,FALSE,FALSE,FALSE,FALSE
"K17763",0.158,0,0.205,0.142,0.111,0.0894,NA,"K17752,K17762,K17763",0.774316728624535,1,FALSE,FALSE,FALSE,FALSE
"K05518",0.143,0,0.575,0.0735,0.131,0.0396,NA,"K05518",0.950486959392539,1,FALSE,FALSE,FALSE,FALSE
"K03367",0.069,0,0.499,-0.112,0.166,0.0477,NA,"K03367",0.926397107897664,1,FALSE,FALSE,FALSE,FALSE
"K08217",0.148,0,0.958,0.00813,0.155,0.0037,NA,"K08217",0.994829403321714,1,FALSE,FALSE,FALSE,FALSE
"K21832",0.31,0,0.00152,0.595,0.185,0.221,NA,"K21832",0.0939585185185185,1,FALSE,FALSE,TRUE,FALSE
"K00303",0.414,0,0.0312,0.281,0.13,0.151,NA,"K00303",0.384774384236453,1,FALSE,FALSE,FALSE,FALSE
"K00304",0.424,0,0.119,0.222,0.142,0.11,NA,"K00304",0.687801152737752,1,FALSE,FALSE,FALSE,FALSE
"K00302",0.414,0,0.0312,0.281,0.13,0.151,NA,"K00302",0.384774384236453,1,FALSE,FALSE,FALSE,FALSE
"K00305",0.419,0,0.168,0.189,0.137,0.097,NA,"K00305",0.727660899653979,1,FALSE,FALSE,FALSE,FALSE
"K00148",0.404,0,0.553,0.0701,0.118,0.0419,NA,"K00148",0.949517436067752,1,FALSE,FALSE,FALSE,FALSE
"K01995",0.719,0,0.0165,0.335,0.138,0.168,NA,"K01995",0.27723322147651,1,FALSE,FALSE,FALSE,FALSE
"K01998",0.724,0,0.0253,0.308,0.137,0.157,NA,"K01998",0.349936740331492,1,FALSE,FALSE,FALSE,FALSE
"K08295",0.212,0,0.239,0.145,0.122,0.0831,NA,"K08295",0.8009859437751,1,FALSE,FALSE,FALSE,FALSE
"K01432",0.0936,0,0.626,-0.0701,0.143,0.0345,NA,"K01432",0.959113219094247,1,FALSE,FALSE,FALSE,FALSE
"K02759",0.187,0,0.368,0.15,0.166,0.0635,NA,"K02759",0.879989661654135,1,FALSE,FALSE,FALSE,FALSE
"K02760",0.197,0,0.398,0.125,0.147,0.0596,NA,"K02760",0.891076271186441,1,FALSE,FALSE,FALSE,FALSE
"K09705",0.31,0,0.924,0.00904,0.0944,0.00675,NA,"K09705",0.994297872340426,1,FALSE,FALSE,FALSE,FALSE
"K13771",0.542,0,0.586,0.0524,0.0961,0.0384,NA,"K13771",0.954876218323587,1,FALSE,FALSE,FALSE,FALSE
"K10552",0.261,0,0.55,-0.0735,0.123,0.0422,NA,"K10552,K10553,K10554",0.949517436067752,1,FALSE,FALSE,FALSE,FALSE
"K10232",0.163,0,0.993,0.00121,0.146,0.000585,NA,"K10232",0.99758246388443,1,FALSE,FALSE,FALSE,FALSE
"K10233",0.163,0,0.993,0.00121,0.146,0.000585,NA,"K10233",0.99758246388443,1,FALSE,FALSE,FALSE,FALSE
"K10234",0.163,0,0.993,0.00121,0.146,0.000585,NA,"K10234",0.99758246388443,1,FALSE,FALSE,FALSE,FALSE
"K07046",0.36,0,0.832,-0.0193,0.0905,0.015,NA,"K07046",0.980424570487173,1,FALSE,FALSE,FALSE,FALSE
"K03534",0.419,0,0.43,0.0691,0.0873,0.0557,NA,"K03534",0.904070800167574,1,FALSE,FALSE,FALSE,FALSE
"K18336",0.473,0,0.157,0.119,0.0835,0.0996,NA,"K18336",0.70312969588551,1,FALSE,FALSE,FALSE,FALSE
"K16850",0.0887,0,0.725,-0.052,0.148,0.0248,NA,"K16850",0.972688906752412,1,FALSE,FALSE,FALSE,FALSE
"K09698",0.148,0,0.822,-0.0502,0.223,0.0158,NA,"K09698",0.980174803524649,1,FALSE,FALSE,FALSE,FALSE
"K02341",0.67,0,0.934,0.00904,0.109,0.00587,NA,"K02341",0.994829403321714,1,FALSE,FALSE,FALSE,FALSE
"K09931",0.0837,0,0.411,-0.107,0.129,0.058,NA,"K09931",0.893563612679114,1,FALSE,FALSE,FALSE,FALSE
"K02613",0.384,0,0.241,-0.12,0.102,0.0826,NA,"K02613",0.802852295409182,1,FALSE,FALSE,FALSE,FALSE
"K10947",0.433,0,0.307,-0.142,0.139,0.0721,NA,"K10947",0.841670784103115,1,FALSE,FALSE,FALSE,FALSE
"K22106",0.118,0,0.979,-0.00333,0.124,0.0019,NA,"K22106",0.996316751269036,1,FALSE,FALSE,FALSE,FALSE
"K21573",0.0591,0,0.667,-0.0929,0.215,0.0304,NA,"K21572,K21573",0.971062753583987,1,FALSE,FALSE,FALSE,FALSE
"K19267",0.502,0,0.374,-0.0668,0.075,0.0627,NA,"K19267",0.879989661654135,1,FALSE,FALSE,FALSE,FALSE
"K20968",0.0739,0,0.968,0.00641,0.159,0.00285,NA,"K20968",0.994829403321714,1,FALSE,FALSE,FALSE,FALSE
"K07501",0.103,0,0.367,-0.185,0.205,0.0636,NA,"K07501",0.879989661654135,1,FALSE,FALSE,FALSE,FALSE
"K15789",0.158,0,0.457,0.173,0.232,0.0525,NA,"K15789",0.9152796,1,FALSE,FALSE,FALSE,FALSE
"K26958",0.177,0,0.509,-0.211,0.319,0.0466,NA,"K26958",0.927424672489083,1,FALSE,FALSE,FALSE,FALSE
"K18139",0.567,0,0.494,-0.0872,0.127,0.0483,NA,"K18139",0.924311659192825,1,FALSE,FALSE,FALSE,FALSE
"K13017",0.069,0,0.594,-0.0857,0.16,0.0377,NA,"K13017",0.955838370983137,1,FALSE,FALSE,FALSE,FALSE
"K01715",0.177,0,0.292,-0.11,0.104,0.0744,NA,"K01715",0.831651877133106,1,FALSE,FALSE,FALSE,FALSE
"K26060",0.0739,0,0.456,0.105,0.141,0.0526,NA,"K26060",0.914008006405124,1,FALSE,FALSE,FALSE,FALSE
"K03709",0.182,0,0.222,-0.298,0.244,0.0861,NA,"K03709",0.794534667619728,1,FALSE,FALSE,FALSE,FALSE
"K11707",0.0837,0,0.335,0.18,0.186,0.068,NA,"K11707",0.855351861295258,1,FALSE,FALSE,FALSE,FALSE
"K11710",0.0887,0,0.336,0.16,0.166,0.0679,NA,"K11710",0.855723296032553,1,FALSE,FALSE,FALSE,FALSE
"K11708",0.0837,0,0.335,0.18,0.186,0.068,NA,"K11708",0.855351861295258,1,FALSE,FALSE,FALSE,FALSE
"K11709",0.0837,0,0.335,0.18,0.186,0.068,NA,"K11709",0.855351861295258,1,FALSE,FALSE,FALSE,FALSE
"K00252",0.586,0,0.739,-0.0502,0.15,0.0235,NA,"K00252",0.975729793356003,1,FALSE,FALSE,FALSE,FALSE
"K07487",0.286,0,0.268,0.0612,0.0551,0.0781,NA,"K07487",0.814882459312839,1,FALSE,FALSE,FALSE,FALSE
"K07481",0.281,0,0.846,0.0104,0.0536,0.0137,NA,"K07481",0.987475550405562,1,FALSE,FALSE,FALSE,FALSE
"K01136",0.0345,0,0.634,-0.0989,0.208,0.0336,NA,"K01136",0.963995748557546,1,FALSE,FALSE,FALSE,FALSE
"K01135",0.143,0,0.91,-0.0108,0.0953,0.00797,NA,"K01135",0.992926448253417,1,FALSE,FALSE,FALSE,FALSE
"K07302",0.453,0,0.777,0.0295,0.104,0.02,NA,"K07302",0.976419045334613,1,FALSE,FALSE,FALSE,FALSE
"K07303",0.468,0,0.584,0.0575,0.105,0.0387,NA,"K07303",0.954648383937316,1,FALSE,FALSE,FALSE,FALSE
"K09955",0.217,0,0.301,-0.108,0.104,0.0729,NA,"K09955",0.839146436525612,1,FALSE,FALSE,FALSE,FALSE
"K07130",0.305,0,0.534,-0.0556,0.0893,0.0439,NA,"K07130",0.945181052631579,1,FALSE,FALSE,FALSE,FALSE
"K07098",0.581,0,0.0455,-0.246,0.122,0.141,NA,"K07098",0.463045731707317,1,FALSE,FALSE,FALSE,FALSE
"K08976",0.158,0,0.622,-0.135,0.274,0.0348,NA,"K08976",0.958754595588235,1,FALSE,FALSE,FALSE,FALSE
"K09165",0.458,0,0.778,-0.0326,0.115,0.0199,NA,"K09165",0.976419045334613,1,FALSE,FALSE,FALSE,FALSE
"K22074",0.3,0,0.214,0.239,0.192,0.0876,NA,"K22074",0.781544857768052,1,FALSE,FALSE,FALSE,FALSE
"K06229",0.0542,0,0.465,-0.132,0.18,0.0515,NA,"K06229",0.920622775800712,1,FALSE,FALSE,FALSE,FALSE
"K15518",0.128,0,0.955,0.0144,0.253,0.00402,NA,"K15518",0.994829403321714,1,FALSE,FALSE,FALSE,FALSE
"K08972",0.384,0,0.244,-0.257,0.219,0.0822,NA,"K08972",0.803876146788991,1,FALSE,FALSE,FALSE,FALSE
"K08999",0.167,0,0.324,-0.199,0.201,0.0696,NA,"K08999",0.851137460650577,1,FALSE,FALSE,FALSE,FALSE
"K00162",0.182,0,0.0069,0.678,0.248,0.189,NA,"K00161,K00162",0.206786271186441,1,FALSE,FALSE,FALSE,FALSE
"K15987",0.241,0,0.411,-0.135,0.164,0.058,NA,"K15987",0.893563612679114,1,FALSE,FALSE,FALSE,FALSE
"K16066",0.355,0,0.0222,0.297,0.129,0.16,NA,"K16066",0.315782386363636,1,FALSE,FALSE,FALSE,FALSE
"K03921",0.064,0,0.424,-0.176,0.219,0.0565,NA,"K03921",0.902105063291139,1,FALSE,FALSE,FALSE,FALSE
"K26061",0.463,0,0.0045,0.354,0.123,0.199,NA,"K26061",0.173319230769231,1,FALSE,FALSE,FALSE,FALSE
"K00452",0.153,0,0.181,0.15,0.112,0.0943,NA,"K00452",0.745898765432099,1,FALSE,FALSE,FALSE,FALSE
"K01880",0.232,0,0.496,-0.144,0.212,0.048,NA,"K01880",0.924598659717051,1,FALSE,FALSE,FALSE,FALSE
"K00453",0.463,0,0.359,0.101,0.11,0.0647,NA,"K00453",0.87300291403594,1,FALSE,FALSE,FALSE,FALSE
"K01758",0.246,0,0.173,0.195,0.143,0.096,NA,"K01758",0.734699745547074,1,FALSE,FALSE,FALSE,FALSE
"K07027",0.547,0,0.756,0.0286,0.0919,0.022,NA,"K07027",0.976419045334613,1,FALSE,FALSE,FALSE,FALSE
"K15519",0.158,0,0.734,-0.0929,0.273,0.024,NA,"K15519",0.974356632247816,1,FALSE,FALSE,FALSE,FALSE
"K10764",0.537,0,0.119,0.229,0.146,0.11,NA,"K10764",0.687801152737752,1,FALSE,FALSE,FALSE,FALSE
"K25152",0.0837,0,0.301,-0.142,0.136,0.073,NA,"K25152",0.839146436525612,1,FALSE,FALSE,FALSE,FALSE
"K10206",0.0542,0,0.2,-0.187,0.145,0.0904,NA,"K10206",0.770013006885998,1,FALSE,FALSE,FALSE,FALSE
"K26960",0.167,0,0.744,-0.0771,0.235,0.0231,NA,"K26960",0.975729793356003,1,FALSE,FALSE,FALSE,FALSE
"K00248",0.429,0,0.165,0.2,0.143,0.0979,NA,"K00248",0.724697368421053,1,FALSE,FALSE,FALSE,FALSE
"K04565",0.483,0,0.782,0.0261,0.0942,0.0196,NA,"K04565",0.976419045334613,1,FALSE,FALSE,FALSE,FALSE
"K13444",0.222,0,0.589,0.0607,0.112,0.0381,NA,"K13444",0.955336248785228,1,FALSE,FALSE,FALSE,FALSE
"K00529",0.414,0,0.435,0.0557,0.0713,0.0551,NA,"K00529",0.906028571428571,1,FALSE,FALSE,FALSE,FALSE
"K06988",0.458,0,0.708,0.0249,0.0664,0.0265,NA,"K06988",0.971062753583987,1,FALSE,FALSE,FALSE,FALSE
"K01958",0.36,0,0.36,0.175,0.19,0.0646,NA,"K01958",0.874585152838428,1,FALSE,FALSE,FALSE,FALSE
"K19033",0.0788,0,0.538,-0.151,0.245,0.0435,NA,"K19033",0.945181052631579,1,FALSE,FALSE,FALSE,FALSE
"K22391",0.0246,0,0.968,-0.00792,0.197,0.00284,NA,"K22391",0.994829403321714,1,FALSE,FALSE,FALSE,FALSE
"K00486",0.0591,0,0.563,-0.15,0.259,0.0409,NA,"K00486",0.949517436067752,1,FALSE,FALSE,FALSE,FALSE
"K05995",0.32,0,0.937,0.00847,0.106,0.00561,NA,"K05995",0.994829403321714,1,FALSE,FALSE,FALSE,FALSE
"K17609",0.0246,0,0.81,-0.0496,0.206,0.017,NA,"K17609",0.976419045334613,1,FALSE,FALSE,FALSE,FALSE
"K06872",0.527,0,0.444,0.0721,0.0939,0.054,NA,"K06872",0.908503473641193,1,FALSE,FALSE,FALSE,FALSE
"K27772",0.0394,0,0.749,-0.0706,0.22,0.0226,NA,"K27772",0.975863387978142,1,FALSE,FALSE,FALSE,FALSE
"K06973",0.207,0,0.552,-0.136,0.228,0.042,NA,"K06973",0.949517436067752,1,FALSE,FALSE,FALSE,FALSE
"K22124",0.069,0,0.221,0.15,0.122,0.0862,NA,"K22124",0.792088045812455,1,FALSE,FALSE,FALSE,FALSE
"K16839",0.118,0,0.502,0.0856,0.127,0.0474,NA,"K16839",0.927153817779417,1,FALSE,FALSE,FALSE,FALSE
"K22934",0.305,0,0.771,-0.0336,0.115,0.0206,NA,"K22934",0.976419045334613,1,FALSE,FALSE,FALSE,FALSE
"K16055",0.0197,0,0.741,-0.084,0.254,0.0233,NA,"K16055",0.975729793356003,1,FALSE,FALSE,FALSE,FALSE
"K00697",0.399,0,0.0094,0.301,0.115,0.182,NA,"K00697",0.220966197183099,1,FALSE,FALSE,FALSE,FALSE
"K24158",0.404,0,0.228,0.169,0.14,0.0849,NA,"K24158",0.798877536738978,1,FALSE,FALSE,FALSE,FALSE
"K06140",0.527,0,0.831,0.0217,0.102,0.015,NA,"K06140",0.98039985862394,1,FALSE,FALSE,FALSE,FALSE
"K03282",0.862,0,0.523,-0.128,0.2,0.045,NA,"K03282",0.93825188104622,1,FALSE,FALSE,FALSE,FALSE
"K13532",0.128,0,0.38,0.174,0.198,0.062,NA,"K13532",0.886194690265487,1,FALSE,FALSE,FALSE,FALSE
"K06211",0.217,0,0.667,0.0371,0.0861,0.0304,NA,"K06211",0.971062753583987,1,FALSE,FALSE,FALSE,FALSE
"K01251",0.695,0,0.791,0.0525,0.198,0.0187,NA,"K01251",0.976419045334613,1,FALSE,FALSE,FALSE,FALSE
"K01372",0.0345,0,0.697,-0.0798,0.205,0.0275,NA,"K01372",0.971062753583987,1,FALSE,FALSE,FALSE,FALSE
"K00045",0.389,0,0.143,0.151,0.102,0.103,NA,"K00045",0.687801152737752,1,FALSE,FALSE,FALSE,FALSE
"K09967",0.202,0,0.922,-0.00984,0.1,0.00694,NA,"K09967",0.994297872340426,1,FALSE,FALSE,FALSE,FALSE
"K09190",0.182,0,0.0256,0.386,0.171,0.157,NA,"K09190",0.351175890410959,1,FALSE,FALSE,FALSE,FALSE
"K20846",0.0443,0,0.413,0.0847,0.103,0.0578,NA,"K20846",0.894416522491349,1,FALSE,FALSE,FALSE,FALSE
"K21162",0.0493,0,0.0023,-0.683,0.221,0.213,NA,"K21162",0.119959375,1,FALSE,FALSE,FALSE,FALSE
"K11381",0.133,0,0.57,0.0649,0.114,0.0401,NA,"K11381",0.949517436067752,1,FALSE,FALSE,FALSE,FALSE
"K12339",0.424,0,0.131,-0.232,0.153,0.106,NA,"K12339",0.687801152737752,1,FALSE,FALSE,FALSE,FALSE
"K06885",0.182,0,0.599,-0.0888,0.169,0.0371,NA,"K06885",0.955838370983137,1,FALSE,FALSE,FALSE,FALSE
"K08138",0.0591,0,0.711,-0.0484,0.131,0.0261,NA,"K08138",0.971062753583987,1,FALSE,FALSE,FALSE,FALSE
"K01805",0.571,0,0.272,-0.0771,0.0701,0.0774,NA,"K01805",0.81697900419916,1,FALSE,FALSE,FALSE,FALSE
"K00936",0.207,0,0.0508,0.279,0.142,0.137,NA,"K00936",0.485411450381679,1,FALSE,FALSE,FALSE,FALSE
"K18911",0.256,0,0.69,-0.0465,0.117,0.0281,NA,"K18911",0.971062753583987,1,FALSE,FALSE,FALSE,FALSE
"K01463",0.172,0,0.759,0.0934,0.305,0.0216,NA,"K01463",0.976419045334613,1,FALSE,FALSE,FALSE,FALSE
"K05770",0.315,0,0.371,-0.0748,0.0835,0.0631,NA,"K05770",0.879989661654135,1,FALSE,FALSE,FALSE,FALSE
"K21552",0.064,0,0.872,0.0326,0.202,0.0114,NA,"K21552",0.990720217835262,1,FALSE,FALSE,FALSE,FALSE
"K25151",0.0837,0,0.169,-0.187,0.135,0.097,NA,"K25151",0.729468103448276,1,FALSE,FALSE,FALSE,FALSE
"K25153",0.103,0,0.13,-0.192,0.126,0.107,NA,"K25153",0.687801152737752,1,FALSE,FALSE,FALSE,FALSE
"K00074",0.571,0,0.278,0.116,0.106,0.0766,NA,"K00074",0.819756183745583,1,FALSE,FALSE,FALSE,FALSE
"K20866",0.148,0,0.579,-0.0734,0.132,0.0392,NA,"K20866",0.951445027896291,1,FALSE,FALSE,FALSE,FALSE
"K18682",0.177,0,0.509,-0.211,0.319,0.0466,NA,"K18682",0.927424672489083,1,FALSE,FALSE,FALSE,FALSE
"K17103",0.611,0,0.437,0.145,0.186,0.0548,NA,"K17103",0.906028571428571,1,FALSE,FALSE,FALSE,FALSE
"K27956",0.064,0,0.379,-0.218,0.247,0.0621,NA,"K27956",0.885099347014925,1,FALSE,FALSE,FALSE,FALSE
"K26996",0.182,0,0.717,-0.0414,0.114,0.0256,NA,"K26996",0.971062753583987,1,FALSE,FALSE,FALSE,FALSE
"K07588",0.197,0,0.0742,0.322,0.179,0.126,NA,"K07588",0.580905443234837,1,FALSE,FALSE,FALSE,FALSE
"K00752",0.0394,0,0.599,-0.134,0.254,0.0371,NA,"K00752",0.955838370983137,1,FALSE,FALSE,FALSE,FALSE
"K18575",0.384,0,0.201,0.102,0.0793,0.09,NA,"K18575",0.770013006885998,1,FALSE,FALSE,FALSE,FALSE
"K00812",0.552,0,0.494,0.0721,0.105,0.0483,NA,"K00812",0.924311659192825,1,FALSE,FALSE,FALSE,FALSE
"K00294",0.187,0,0.914,0.0261,0.242,0.0076,NA,"K00294",0.992926448253417,1,FALSE,FALSE,FALSE,FALSE
"K21571",0.0493,0,0.804,-0.0769,0.31,0.0175,NA,"K21571",0.976419045334613,1,FALSE,FALSE,FALSE,FALSE
"K01838",0.153,0,0.27,0.137,0.124,0.0778,NA,"K01838",0.814882459312839,1,FALSE,FALSE,FALSE,FALSE
"K00691",0.0542,0,0.471,-0.195,0.269,0.0509,NA,"K00691",0.921838808250573,1,FALSE,FALSE,FALSE,FALSE
"K01966",0.207,0,0.592,0.0902,0.168,0.0378,NA,"K01966",0.955838370983137,1,FALSE,FALSE,FALSE,FALSE
"K07037",0.153,0,0.902,-0.0324,0.263,0.0087,NA,"K07037",0.992180622533976,1,FALSE,FALSE,FALSE,FALSE
"K20742",0.148,0,0.798,0.0666,0.26,0.0181,NA,"K20742",0.976419045334613,1,FALSE,FALSE,FALSE,FALSE
"K03696",0.394,0,0.974,-0.00584,0.18,0.00228,NA,"K03696",0.995681215582296,1,FALSE,FALSE,FALSE,FALSE
"K22136",0.177,0,0.509,-0.211,0.319,0.0466,NA,"K22136",0.927424672489083,1,FALSE,FALSE,FALSE,FALSE
"K00819",0.276,0,0.277,0.185,0.17,0.0766,NA,"K00819",0.818253097345133,1,FALSE,FALSE,FALSE,FALSE
"K25137",0.123,0,0.327,-0.216,0.22,0.0692,NA,"K25137",0.852310775637689,1,FALSE,FALSE,FALSE,FALSE
"K13052",0.153,0,0.902,-0.0324,0.263,0.0087,NA,"K13052",0.992180622533976,1,FALSE,FALSE,FALSE,FALSE
"K01847",0.33,0,0.0022,0.437,0.141,0.214,NA,"K01847",0.117185106382979,1,FALSE,FALSE,FALSE,FALSE
"K06013",0.197,0,0.888,0.0289,0.206,0.00992,NA,"K06013",0.991805481283422,1,FALSE,FALSE,FALSE,FALSE
"K06881",0.182,0,0.884,0.0421,0.289,0.0103,NA,"K06881",0.991805481283422,1,FALSE,FALSE,FALSE,FALSE
"K09958",0.399,0,0.497,-0.0516,0.0758,0.048,NA,"K09958",0.925570155902005,1,FALSE,FALSE,FALSE,FALSE
"K00721",0.197,0,0.875,-0.0299,0.19,0.0111,NA,"K00721",0.991440325497288,1,FALSE,FALSE,FALSE,FALSE
"K01465",0.788,0,0.0552,0.238,0.123,0.135,NA,"K01465",0.499794575045208,1,FALSE,FALSE,FALSE,FALSE
"K09952",0.0296,0,0.49,-0.129,0.187,0.0488,NA,"K09952",0.922836711711712,1,FALSE,FALSE,FALSE,FALSE
"K06330",0.217,0,0.606,0.0477,0.0924,0.0364,NA,"K06330",0.957012260295505,1,FALSE,FALSE,FALSE,FALSE
"K13993",0.448,0,0.182,0.107,0.0803,0.094,NA,"K13993",0.746334152334152,1,FALSE,FALSE,FALSE,FALSE
"K01219",0.0197,0,0.901,-0.0207,0.167,0.00878,NA,"K01219",0.992180622533976,1,FALSE,FALSE,FALSE,FALSE
"K08978",0.212,0,0.964,0.00488,0.109,0.00316,NA,"K08978",0.994829403321714,1,FALSE,FALSE,FALSE,FALSE
"K00359",0.133,0,0.111,0.404,0.252,0.112,NA,"K00359",0.687801152737752,1,FALSE,FALSE,FALSE,FALSE
"K07456",0.177,0,0.509,-0.211,0.319,0.0466,NA,"K07456",0.927424672489083,1,FALSE,FALSE,FALSE,FALSE
"K11031",0.0197,0,0.29,-0.251,0.237,0.0746,NA,"K11031",0.831651877133106,1,FALSE,FALSE,FALSE,FALSE
"K07141",0.773,0,0.363,0.0785,0.0862,0.0641,NA,"K07141",0.877615161757605,1,FALSE,FALSE,FALSE,FALSE
"K16870",0.404,0,0.968,0.00236,0.0593,0.0028,NA,"K16870",0.994829403321714,1,FALSE,FALSE,FALSE,FALSE
"K08156",0.0936,0,0.585,-0.139,0.253,0.0386,NA,"K08156",0.954876218323587,1,FALSE,FALSE,FALSE,FALSE
"K00131",0.236,0,0.695,0.0749,0.191,0.0277,NA,"K00131",0.971062753583987,1,FALSE,FALSE,FALSE,FALSE
"K28560",0.128,0,0.295,0.119,0.113,0.0739,NA,"K28560",0.834971735443753,1,FALSE,FALSE,FALSE,FALSE
"K01697",0.384,0,0.373,0.125,0.14,0.0629,NA,"K01697",0.879989661654135,1,FALSE,FALSE,FALSE,FALSE
"K09946",0.325,0,0.485,-0.0583,0.0833,0.0493,NA,"K09946",0.922836711711712,1,FALSE,FALSE,FALSE,FALSE
"K26602",0.202,0,0.298,0.0899,0.0861,0.0735,NA,"K26602",0.837779898933184,1,FALSE,FALSE,FALSE,FALSE
"K01281",0.0394,0,0.391,-0.154,0.18,0.0605,NA,"K01281",0.889784691136974,1,FALSE,FALSE,FALSE,FALSE
"K22757",0.0788,0,0.298,0.252,0.242,0.0733,NA,"K22757",0.837779898933184,1,FALSE,FALSE,FALSE,FALSE
"K26959",0.177,0,0.509,-0.211,0.319,0.0466,NA,"K26959",0.927424672489083,1,FALSE,FALSE,FALSE,FALSE
"K02473",0.0788,0,0.975,-0.00411,0.131,0.00222,NA,"K02473",0.995681215582296,1,FALSE,FALSE,FALSE,FALSE
"K02474",0.266,0,0.587,-0.036,0.0661,0.0383,NA,"K02474",0.954876218323587,1,FALSE,FALSE,FALSE,FALSE
"K00754",0.177,0,0.509,-0.211,0.319,0.0466,NA,"K00754",0.927424672489083,1,FALSE,FALSE,FALSE,FALSE
"K08641",0.291,0,0.943,-0.00679,0.0949,0.00504,NA,"K08641",0.994829403321714,1,FALSE,FALSE,FALSE,FALSE
"K18122",0.0246,0,0.79,-0.0579,0.217,0.0188,NA,"K18122",0.976419045334613,1,FALSE,FALSE,FALSE,FALSE
"K27683",0.0394,0,0.762,-0.075,0.247,0.0214,NA,"K27683",0.976419045334613,1,FALSE,FALSE,FALSE,FALSE
"K00809",0.0542,0,0.0657,-0.479,0.259,0.129,NA,"K00809",0.55010016722408,1,FALSE,FALSE,FALSE,FALSE
"K23499",0.064,0,0.133,0.326,0.216,0.106,NA,"K23499",0.687801152737752,1,FALSE,FALSE,FALSE,FALSE
"K03930",0.148,0,0.233,0.137,0.115,0.0841,NA,"K03930",0.8009859437751,1,FALSE,FALSE,FALSE,FALSE
"K06915",0.65,0,0.522,-0.0762,0.119,0.0451,NA,"K06915",0.937465566714491,1,FALSE,FALSE,FALSE,FALSE
"K00886",0.227,0,0.708,0.063,0.168,0.0265,NA,"K00886",0.971062753583987,1,FALSE,FALSE,FALSE,FALSE
"K20830",0.0148,0,0.849,-0.0396,0.207,0.0135,NA,"K20830",0.987475550405562,1,FALSE,FALSE,FALSE,FALSE
"K00024",0.488,0,0.879,0.027,0.177,0.0108,NA,"K00024",0.991805481283422,1,FALSE,FALSE,FALSE,FALSE
"K12257",0.236,0,0.799,0.0591,0.232,0.018,NA,"K12257",0.976419045334613,1,FALSE,FALSE,FALSE,FALSE
"K09005",0.36,0,0.342,0.101,0.106,0.067,NA,"K09005",0.862667002518892,1,FALSE,FALSE,FALSE,FALSE
"K09164",0.217,0,0.138,-0.331,0.223,0.104,NA,"K09164",0.687801152737752,1,FALSE,FALSE,FALSE,FALSE
"K11942",0.182,0,0.156,0.218,0.153,0.1,NA,"K11942",0.701789757412399,1,FALSE,FALSE,FALSE,FALSE
"K01829",0.0197,0,0.955,0.0128,0.226,0.004,NA,"K01829",0.994829403321714,1,FALSE,FALSE,FALSE,FALSE
"K02825",0.567,0,0.679,-0.0705,0.17,0.0292,NA,"K02825",0.971062753583987,1,FALSE,FALSE,FALSE,FALSE
"K28749",0.0837,0,0.695,0.036,0.0918,0.0276,NA,"K28749",0.971062753583987,1,FALSE,FALSE,FALSE,FALSE
"K18333",0.0739,0,0.28,0.153,0.141,0.0762,NA,"K18333",0.820339379754242,1,FALSE,FALSE,FALSE,FALSE
"K00041",0.345,0,0.998,0.000289,0.0968,0.00021,NA,"K00041",0.998797921247252,1,FALSE,FALSE,FALSE,FALSE
"K01685",0.246,0,0.241,-0.14,0.119,0.0826,NA,"K01685",0.802852295409182,1,FALSE,FALSE,FALSE,FALSE
"K23007",0.246,0,0.483,0.0725,0.103,0.0495,NA,"K23007",0.921990468928708,1,FALSE,FALSE,FALSE,FALSE
"K15921",0.0837,0,0.257,-0.159,0.14,0.0799,NA,"K15921",0.809307547169811,1,FALSE,FALSE,FALSE,FALSE
"K01206",0.153,0,0.674,-0.0586,0.139,0.0297,NA,"K01206",0.971062753583987,1,FALSE,FALSE,FALSE,FALSE
"K02291",0.384,0,0.831,0.0245,0.115,0.015,NA,"K02291",0.98039985862394,1,FALSE,FALSE,FALSE,FALSE
"K15746",0.123,0,0.559,0.105,0.179,0.0412,NA,"K15746",0.949517436067752,1,FALSE,FALSE,FALSE,FALSE
"K14441",0.502,0,0.614,0.0851,0.168,0.0356,NA,"K14441",0.957197699720236,1,FALSE,FALSE,FALSE,FALSE
"K01426",0.901,0,0.623,0.0487,0.0989,0.0347,NA,"K01426",0.958754595588235,1,FALSE,FALSE,FALSE,FALSE
"K06889",0.704,0,0.399,-0.0566,0.0669,0.0595,NA,"K06889",0.891076271186441,1,FALSE,FALSE,FALSE,FALSE
"K01823",0.335,0,0.0379,-0.216,0.103,0.146,NA,"K01823",0.43062460496614,1,FALSE,FALSE,FALSE,FALSE
"K00367",0.0296,0,0.538,-0.192,0.311,0.0435,NA,"K00367",0.945181052631579,1,FALSE,FALSE,FALSE,FALSE
"K03436",0.266,0,0.564,-0.0761,0.132,0.0407,NA,"K03436",0.949517436067752,1,FALSE,FALSE,FALSE,FALSE
"K00054",0.103,0,0.95,-0.00695,0.11,0.00447,NA,"K00054",0.994829403321714,1,FALSE,FALSE,FALSE,FALSE
"K03783",0.429,0,0.081,0.286,0.163,0.123,NA,"K03783",0.601731454005935,1,FALSE,FALSE,FALSE,FALSE
"K01597",0.0493,0,0.837,-0.0503,0.245,0.0145,NA,"K01597",0.983538840647735,1,FALSE,FALSE,FALSE,FALSE
"K09793",0.3,0,0.313,-0.188,0.186,0.0711,NA,"K09793",0.841670784103115,1,FALSE,FALSE,FALSE,FALSE
"K15255",0.0936,0,0.307,-0.182,0.177,0.0721,NA,"K15255",0.841670784103115,1,FALSE,FALSE,FALSE,FALSE
"K18890",0.291,0,0.26,-0.273,0.242,0.0793,NA,"K18890",0.812621722846442,1,FALSE,FALSE,FALSE,FALSE
"K18672",0.158,0,0.622,-0.135,0.274,0.0348,NA,"K18672",0.958754595588235,1,FALSE,FALSE,FALSE,FALSE
"K20853",0.0197,0,0.967,-0.00553,0.133,0.00293,NA,"K20853",0.994829403321714,1,FALSE,FALSE,FALSE,FALSE
"K01565",0.0739,0,0.507,0.0682,0.103,0.0468,NA,"K01565",0.927424672489083,1,FALSE,FALSE,FALSE,FALSE
"K05970",0.0788,0,0.493,-0.161,0.234,0.0484,NA,"K05970",0.923821482035928,1,FALSE,FALSE,FALSE,FALSE
"K20885",0.064,0,0.524,-0.097,0.152,0.045,NA,"K20885",0.939372717508056,1,FALSE,FALSE,FALSE,FALSE
"K16899",0.325,0,0.423,0.15,0.187,0.0565,NA,"K16899",0.902105063291139,1,FALSE,FALSE,FALSE,FALSE
"K07054",0.68,0,0.697,-0.0474,0.121,0.0275,NA,"K07054",0.971062753583987,1,FALSE,FALSE,FALSE,FALSE
"K05606",0.3,0,0.0221,0.49,0.213,0.161,NA,"K05606",0.315782386363636,1,FALSE,FALSE,FALSE,FALSE
"K01808",0.419,0,0.745,0.048,0.147,0.023,NA,"K01808",0.975729793356003,1,FALSE,FALSE,FALSE,FALSE
"K02371",0.123,0,0.133,0.311,0.207,0.106,NA,"K02371",0.687801152737752,1,FALSE,FALSE,FALSE,FALSE
"K06384",0.468,0,0.318,0.107,0.107,0.0704,NA,"K06384",0.848734541577825,1,FALSE,FALSE,FALSE,FALSE
"K06902",0.424,0,0.479,-0.102,0.144,0.05,NA,"K06902",0.921838808250573,1,FALSE,FALSE,FALSE,FALSE
"K15865",0.305,0,0.619,-0.0894,0.18,0.0351,NA,"K15865",0.958062751159196,1,FALSE,FALSE,FALSE,FALSE
"K06878",0.389,0,0.768,-0.032,0.108,0.0208,NA,"K06878",0.976419045334613,1,FALSE,FALSE,FALSE,FALSE
"K18889",0.315,0,0.203,-0.192,0.151,0.0897,NA,"K18889",0.771184370257967,1,FALSE,FALSE,FALSE,FALSE
"K21064",0.143,0,0.899,0.0373,0.295,0.00892,NA,"K21064",0.992180622533976,1,FALSE,FALSE,FALSE,FALSE
"K19776",0.0591,0,0.481,-0.187,0.265,0.0498,NA,"K19776,K21086",0.921838808250573,1,FALSE,FALSE,FALSE,FALSE
"K08194",0.271,0,0.665,0.0445,0.103,0.0305,NA,"K08194",0.971062753583987,1,FALSE,FALSE,FALSE,FALSE
"K04081",0.0443,0,0.557,-0.254,0.433,0.0414,NA,"K01646,K01675,K01910,K02255,K02466,K02467,K02468,K02972,K04081,K04333,K05964,K07309,K07349,K07470,K07592,K08314,K08349,K08350,K11732,K11932,K12943,K13497,K13630,K15827,K15828,K15829,K15830,K15831,K15833,K18325,K19148,K19234,K19688,K20263,K20264,K21085,K21089,K22650,K23676,K24147",0.949517436067752,1,FALSE,FALSE,FALSE,FALSE
"K03482",0.0493,0,0.468,-0.199,0.274,0.0512,NA,"K03482",0.921838808250573,1,FALSE,FALSE,FALSE,FALSE
"K02750",0.103,0,0.684,-0.0766,0.188,0.0287,NA,"K02750",0.971062753583987,1,FALSE,FALSE,FALSE,FALSE
"K01232",0.0788,0,0.698,-0.0808,0.208,0.0274,NA,"K01232",0.971062753583987,1,FALSE,FALSE,FALSE,FALSE
"K00389",0.291,0,0.441,0.063,0.0816,0.0544,NA,"K00389",0.907557336621455,1,FALSE,FALSE,FALSE,FALSE
"K13629",0.0837,0,0.828,0.0354,0.163,0.0153,NA,"K13629",0.98039985862394,1,FALSE,FALSE,FALSE,FALSE
"K07675",0.212,0,0.12,0.141,0.0905,0.109,NA,"K07675",0.687801152737752,1,FALSE,FALSE,FALSE,FALSE
"K18297",0.384,0,0.651,0.0627,0.138,0.0319,NA,"K18297",0.969623665480427,1,FALSE,FALSE,FALSE,FALSE
"K03445",0.0887,0,0.35,-0.162,0.173,0.0659,NA,"K03445",0.867023680315738,1,FALSE,FALSE,FALSE,FALSE
"K28669",0.118,0,0.961,0.00653,0.133,0.00345,NA,"K28669",0.994829403321714,1,FALSE,FALSE,FALSE,FALSE
"K03827",0.433,0,0.381,0.081,0.0923,0.0618,NA,"K03827",0.886874476987448,1,FALSE,FALSE,FALSE,FALSE
"K19048",0.0936,0,0.949,0.00915,0.142,0.00456,NA,"K19048",0.994829403321714,1,FALSE,FALSE,FALSE,FALSE
"K01811",0.167,0,0.577,-0.0714,0.128,0.0394,NA,"K01811",0.95096741277156,1,FALSE,FALSE,FALSE,FALSE
"K16345",0.325,0,0.563,0.0442,0.0762,0.0409,NA,"K16345",0.949517436067752,1,FALSE,FALSE,FALSE,FALSE
"K19354",0.069,0,0.131,-0.744,0.49,0.106,NA,"K00361,K01085,K01557,K02485,K02505,K02507,K02679,K02680,K02682,K02794,K02846,K02852,K02853,K02854,K03425,K03468,K03971,K04753,K05790,K05804,K05839,K07643,K07676,K07757,K07771,K08137,K08278,K08308,K09475,K09996,K09997,K11736,K11929,K11934,K11938,K12147,K12148,K12151,K12288,K12289,K12290,K12974,K12975,K13301,K13631,K13632,K13918,K15548,K16693,K18324,K18697,K19162,K19354,K21090,K25859,K25864,K26149",0.687801152737752,1,FALSE,FALSE,FALSE,FALSE
"K02844",0.3,0,0.502,0.121,0.18,0.0474,NA,"K02844",0.927153817779417,1,FALSE,FALSE,FALSE,FALSE
"K02841",0.271,0,0.0868,0.432,0.251,0.12,NA,"K02841",0.624258680057389,1,FALSE,FALSE,FALSE,FALSE
"K16704",0.0936,0,0.015,-0.847,0.345,0.171,NA,"K16704",0.267277580071174,1,FALSE,FALSE,FALSE,FALSE
"K02805",0.148,0,0.497,-0.0696,0.102,0.048,NA,"K02805",0.925570155902005,1,FALSE,FALSE,FALSE,FALSE
"K12582",0.0788,0,0.171,-0.276,0.201,0.0964,NA,"K12582",0.7336735218509,1,FALSE,FALSE,FALSE,FALSE
"K03293",0.31,0,0.0548,0.248,0.128,0.135,NA,"K03293",0.49797386569873,1,FALSE,FALSE,FALSE,FALSE
"K07726",0.281,0,0.808,0.0147,0.0606,0.0171,NA,"K07726",0.976419045334613,1,FALSE,FALSE,FALSE,FALSE
"K00090",0.424,0,0.653,-0.0631,0.14,0.0318,NA,"K00090",0.969623665480427,1,FALSE,FALSE,FALSE,FALSE
"K02525",0.325,0,0.396,0.0919,0.108,0.0599,NA,"K02525",0.889784691136974,1,FALSE,FALSE,FALSE,FALSE
"K08351",0.118,0,0.487,-0.0855,0.123,0.0491,NA,"K08351",0.922836711711712,1,FALSE,FALSE,FALSE,FALSE
"K12368",0.419,0,0.00638,0.478,0.173,0.191,NA,"K12368",0.20249829113924,1,FALSE,FALSE,FALSE,FALSE
"K12369",0.409,0,0.000162,0.755,0.196,0.262,NA,"K12369,K12370",0.0238568823529412,0.811134,TRUE,FALSE,TRUE,FALSE
"K12371",0.438,0,0.0102,0.397,0.153,0.18,NA,"K12371",0.230410619469027,1,FALSE,FALSE,FALSE,FALSE
"K12372",0.414,0,4e-04,0.599,0.166,0.246,NA,"K12372",0.0385153846153846,1,TRUE,FALSE,TRUE,FALSE
"K13641",0.271,0,0.407,0.0986,0.119,0.0585,NA,"K13641",0.892618922470434,1,FALSE,FALSE,FALSE,FALSE
"K15771",0.158,0,0.0551,-0.336,0.174,0.135,NA,"K15771",0.499792934782609,1,FALSE,FALSE,FALSE,FALSE
"K03788",0.0887,0,0.365,0.167,0.184,0.0639,NA,"K03788",0.878926618705036,1,FALSE,FALSE,FALSE,FALSE
"K26148",0.379,0,0.901,0.0175,0.14,0.0088,NA,"K26148",0.992180622533976,1,FALSE,FALSE,FALSE,FALSE
"K24163",0.591,0,0.633,0.0474,0.0989,0.0337,NA,"K24163",0.963645788993615,1,FALSE,FALSE,FALSE,FALSE
"K11102",0.305,0,0.0281,0.455,0.206,0.154,NA,"K11102",0.365445974025974,1,FALSE,FALSE,FALSE,FALSE
"K22015",0.0788,0,0.876,-0.033,0.211,0.011,NA,"K05796,K08315,K15832,K22015",0.991440325497288,1,FALSE,FALSE,FALSE,FALSE
"K13587",0.458,0,0.0571,0.337,0.176,0.134,NA,"K13587",0.515134594594595,1,FALSE,FALSE,FALSE,FALSE
"K09994",0.0493,0,0.551,-0.161,0.27,0.042,NA,"K09994",0.949517436067752,1,FALSE,FALSE,FALSE,FALSE
"K02526",0.207,0,0.958,-0.00508,0.0957,0.00375,NA,"K02526",0.994829403321714,1,FALSE,FALSE,FALSE,FALSE
"K03762",0.591,0,0.0701,0.178,0.0976,0.127,NA,"K03762",0.567946116504854,1,FALSE,FALSE,FALSE,FALSE
"K12518",0.069,0,0.522,-0.101,0.157,0.0452,NA,"K12518",0.937465566714491,1,FALSE,FALSE,FALSE,FALSE
"K12519",0.0591,0,0.632,0.102,0.213,0.0338,NA,"K12519",0.962708853057499,1,FALSE,FALSE,FALSE,FALSE
"K07346",0.281,0,0.686,0.0317,0.0784,0.0285,NA,"K07346",0.971062753583987,1,FALSE,FALSE,FALSE,FALSE
"K13888",0.335,0,0.313,0.0979,0.0968,0.0711,NA,"K13888",0.841670784103115,1,FALSE,FALSE,FALSE,FALSE
"K02005",0.448,0,0.977,-0.00246,0.0849,0.00205,NA,"K02005",0.995692855688988,1,FALSE,FALSE,FALSE,FALSE
"K05685",0.33,0,0.304,0.109,0.105,0.0725,NA,"K05685",0.841396694214876,1,FALSE,FALSE,FALSE,FALSE
"K16347",0.182,0,0.0481,-0.33,0.166,0.139,NA,"K16347",0.474087992125984,1,FALSE,FALSE,FALSE,FALSE
"K16348",0.227,0,0.000144,-0.648,0.167,0.264,NA,"K16348",0.02268796875,0.721008,TRUE,FALSE,TRUE,FALSE
"K19215",0.0345,0,0.787,0.106,0.39,0.0191,NA,"K03895,K07352,K07353,K07354,K07355,K07356,K08088,K14062,K16076,K18141,K18920,K18921,K19215,K21264",0.976419045334613,1,FALSE,FALSE,FALSE,FALSE
"K17850",0.281,0,0.235,0.124,0.104,0.0838,NA,"K17850",0.8009859437751,1,FALSE,FALSE,FALSE,FALSE
"K22051",0.113,0,0.366,-0.32,0.353,0.0638,NA,"K22051",0.878926618705036,1,FALSE,FALSE,FALSE,FALSE
"K09456",0.468,0,0.491,-0.0833,0.121,0.0486,NA,"K09456",0.922836711711712,1,FALSE,FALSE,FALSE,FALSE
"K03477",0.069,0,0.997,-0.00073,0.191,0.00027,NA,"K03477",0.998797921247252,1,FALSE,FALSE,FALSE,FALSE
"K03476",0.064,0,0.82,-0.0398,0.175,0.0161,NA,"K03476",0.979422709923664,1,FALSE,FALSE,FALSE,FALSE
"K11737",0.325,0,0.992,-0.000988,0.104,0.000667,NA,"K11737",0.99758246388443,1,FALSE,FALSE,FALSE,FALSE
"K07322",0.246,0,0.73,-0.0366,0.106,0.0244,NA,"K07322",0.973435372340426,1,FALSE,FALSE,FALSE,FALSE
"K05874",0.118,0,0.644,-0.0866,0.187,0.0326,NA,"K05874",0.967739495798319,1,FALSE,FALSE,FALSE,FALSE
"K16210",0.0936,0,0.654,0.121,0.27,0.0317,NA,"K16210",0.970532898636633,1,FALSE,FALSE,FALSE,FALSE
"K13020",0.167,0,0.297,-0.146,0.14,0.0736,NA,"K13020",0.836848058525605,1,FALSE,FALSE,FALSE,FALSE
"K23508",0.32,0,0.755,0.0305,0.0978,0.022,NA,"K10820,K23508",0.976419045334613,1,FALSE,FALSE,FALSE,FALSE
"K01042",0.463,0,0.454,0.0661,0.0881,0.0529,NA,"K01042",0.912922891566265,1,FALSE,FALSE,FALSE,FALSE
"K01531",0.3,0,0.964,-0.00349,0.0761,0.00323,NA,"K01531",0.994829403321714,1,FALSE,FALSE,FALSE,FALSE
"K19334",0.123,0,0.696,-0.0519,0.133,0.0276,NA,"K19334",0.971062753583987,1,FALSE,FALSE,FALSE,FALSE
"K22397",0.0985,0,0.151,-0.353,0.245,0.101,NA,"K22397",0.700052777777778,1,FALSE,FALSE,FALSE,FALSE
"K22396",0.0493,0,0.746,-0.079,0.244,0.0228,NA,"K22396",0.975763322884013,1,FALSE,FALSE,FALSE,FALSE
"K01198",0.291,0,0.803,0.0206,0.0822,0.0176,NA,"K01198",0.976419045334613,1,FALSE,FALSE,FALSE,FALSE
"K00433",0.665,0,0.0821,0.189,0.108,0.122,NA,"K00433",0.606304867256637,1,FALSE,FALSE,FALSE,FALSE
"K00483",0.256,0,0.209,0.158,0.126,0.0885,NA,"K00483",0.775157777777778,1,FALSE,FALSE,FALSE,FALSE
"K02511",0.0443,0,0.434,-0.18,0.23,0.0552,NA,"K02511",0.906028571428571,1,FALSE,FALSE,FALSE,FALSE
"K06141",0.0788,0,0.737,-0.0589,0.175,0.0237,NA,"K06141",0.975200581395349,1,FALSE,FALSE,FALSE,FALSE
"K01002",0.0936,0,0.313,-0.247,0.244,0.0712,NA,"K01002",0.841670784103115,1,FALSE,FALSE,FALSE,FALSE
"K02315",0.128,0,0.415,0.0662,0.081,0.0575,NA,"K02315",0.896034928848642,1,FALSE,FALSE,FALSE,FALSE
"K02317",0.113,0,0.366,-0.32,0.353,0.0638,NA,"K02317",0.878926618705036,1,FALSE,FALSE,FALSE,FALSE
"K22294",0.424,0,0.852,0.0292,0.157,0.0132,NA,"K22294",0.987491666666667,1,FALSE,FALSE,FALSE,FALSE
"K13255",0.276,0,0.702,-0.0435,0.113,0.0271,NA,"K13255",0.971062753583987,1,FALSE,FALSE,FALSE,FALSE
"K03800",0.404,0,0.00731,-0.326,0.12,0.188,NA,"K03800",0.206786271186441,1,FALSE,FALSE,FALSE,FALSE
"K15634",0.172,0,0.785,-0.0525,0.192,0.0193,NA,"K15634",0.976419045334613,1,FALSE,FALSE,FALSE,FALSE
"K03831",0.222,0,0.681,0.0806,0.196,0.029,NA,"K03831",0.971062753583987,1,FALSE,FALSE,FALSE,FALSE
"K02795",0.123,0,0.225,0.28,0.23,0.0855,NA,"K02795",0.797606315789474,1,FALSE,FALSE,FALSE,FALSE
"K11746",0.064,0,0.467,-0.156,0.214,0.0514,NA,"K11746",0.921838808250573,1,FALSE,FALSE,FALSE,FALSE
"K11745",0.0887,0,0.15,-0.286,0.198,0.101,NA,"K11745",0.698651162790698,1,FALSE,FALSE,FALSE,FALSE
"K01804",0.33,0,0.237,-0.133,0.112,0.0833,NA,"K01804",0.8009859437751,1,FALSE,FALSE,FALSE,FALSE
"K00853",0.232,0,0.558,0.0538,0.0918,0.0413,NA,"K00853",0.949517436067752,1,FALSE,FALSE,FALSE,FALSE
"K05806",0.064,0,0.312,-0.378,0.372,0.0714,NA,"K05806",0.841670784103115,1,FALSE,FALSE,FALSE,FALSE
"K02504",0.064,0,0.795,-0.0388,0.149,0.0184,NA,"K02504",0.976419045334613,1,FALSE,FALSE,FALSE,FALSE
"K11734",0.31,0,0.0181,0.577,0.242,0.166,NA,"K11734",0.286778637770898,1,FALSE,FALSE,FALSE,FALSE
"K14588",0.0837,0,0.306,0.239,0.233,0.0722,NA,"K14588",0.841670784103115,1,FALSE,FALSE,FALSE,FALSE
"K00117",0.365,0,0.084,0.167,0.0964,0.122,NA,"K00117",0.613102040816327,1,FALSE,FALSE,FALSE,FALSE
"K07347",0.241,0,0.883,-0.0119,0.0805,0.0104,NA,"K07347",0.991805481283422,1,FALSE,FALSE,FALSE,FALSE
"K15540",0.172,0,0.88,-0.0129,0.0851,0.0107,NA,"K15540",0.991805481283422,1,FALSE,FALSE,FALSE,FALSE
"K01975",0.576,0,0.825,-0.0257,0.116,0.0157,NA,"K01975",0.98039985862394,1,FALSE,FALSE,FALSE,FALSE
"K01582",0.0985,0,0.811,-0.0493,0.206,0.0169,NA,"K01582",0.976419045334613,1,FALSE,FALSE,FALSE,FALSE
"K06222",0.458,0,0.937,0.00684,0.0863,0.00559,NA,"K06222",0.994829403321714,1,FALSE,FALSE,FALSE,FALSE
"K18316",0.0296,0,0.795,0.0726,0.28,0.0183,NA,"K18315,K18316,K18317",0.976419045334613,1,FALSE,FALSE,FALSE,FALSE
"K05908",0.0345,0,0.803,0.0542,0.217,0.0176,NA,"K05908",0.976419045334613,1,FALSE,FALSE,FALSE,FALSE
"K18058",0.0936,0,0.441,0.0734,0.0951,0.0543,NA,"K18058",0.907557336621455,1,FALSE,FALSE,FALSE,FALSE
"K07474",0.0936,0,0.0187,-0.196,0.0829,0.165,NA,"K07474",0.288984259259259,1,FALSE,FALSE,FALSE,FALSE
"K15125",0.197,0,0.436,0.0629,0.0806,0.055,NA,"K15125",0.906028571428571,1,FALSE,FALSE,FALSE,FALSE
"K16235",0.246,0,0.698,-0.0403,0.104,0.0274,NA,"K16235",0.971062753583987,1,FALSE,FALSE,FALSE,FALSE
"K00547",0.207,0,0.437,-0.0956,0.123,0.0549,NA,"K00547",0.906028571428571,1,FALSE,FALSE,FALSE,FALSE
"K15551",0.429,0,0.148,0.158,0.109,0.102,NA,"K15551",0.697236448598131,1,FALSE,FALSE,FALSE,FALSE
"K10831",0.399,0,0.454,0.082,0.109,0.0528,NA,"K10831",0.912922891566265,1,FALSE,FALSE,FALSE,FALSE
"K15552",0.429,0,0.148,0.158,0.109,0.102,NA,"K15552",0.697236448598131,1,FALSE,FALSE,FALSE,FALSE
"K15554",0.704,0,0.617,0.0465,0.0929,0.0353,NA,"K15554",0.957334676169817,1,FALSE,FALSE,FALSE,FALSE
"K17938",0.207,0,0.804,0.0393,0.158,0.0175,NA,"K17938",0.976419045334613,1,FALSE,FALSE,FALSE,FALSE
"K08161",0.291,0,0.744,0.0425,0.13,0.0231,NA,"K08161",0.975729793356003,1,FALSE,FALSE,FALSE,FALSE
"K18968",0.232,0,0.554,-0.0899,0.152,0.0417,NA,"K18968",0.949517436067752,1,FALSE,FALSE,FALSE,FALSE
"K14591",0.0739,0,0.657,-0.0827,0.186,0.0314,NA,"K14591",0.971062753583987,1,FALSE,FALSE,FALSE,FALSE
"K23107",0.399,0,0.305,0.0958,0.0932,0.0723,NA,"K23107",0.841396694214876,1,FALSE,FALSE,FALSE,FALSE
"K12500",0.113,0,0.221,-0.295,0.24,0.0863,NA,"K12500",0.792088045812455,1,FALSE,FALSE,FALSE,FALSE
"K07149",0.424,0,0.603,0.063,0.121,0.0367,NA,"K07149",0.956963866877971,1,FALSE,FALSE,FALSE,FALSE
"K23240",0.212,0,0.891,-0.0162,0.117,0.00971,NA,"K23240",0.991826811916407,1,FALSE,FALSE,FALSE,FALSE
"K03577",0.271,0,0.312,0.168,0.165,0.0714,NA,"K03577",0.841670784103115,1,FALSE,FALSE,FALSE,FALSE
"K05802",0.448,0,0.802,-0.0354,0.141,0.0177,NA,"K05802",0.976419045334613,1,FALSE,FALSE,FALSE,FALSE
"K26735",0.232,0,0.967,-0.00504,0.121,0.00294,NA,"K26735",0.994829403321714,1,FALSE,FALSE,FALSE,FALSE
"K08223",0.567,0,0.0071,0.336,0.124,0.188,NA,"K08223",0.206786271186441,1,FALSE,FALSE,FALSE,FALSE
"K19591",0.537,0,0.297,0.161,0.154,0.0736,NA,"K19591",0.836848058525605,1,FALSE,FALSE,FALSE,FALSE
"K02068",0.118,0,0.421,0.121,0.15,0.0567,NA,"K02068",0.900062766865927,1,FALSE,FALSE,FALSE,FALSE
"K06917",0.374,0,0.205,0.147,0.116,0.0893,NA,"K06917",0.774316728624535,1,FALSE,FALSE,FALSE,FALSE
"K16136",0.0887,0,0.548,-0.16,0.265,0.0424,NA,"K16136",0.949517436067752,1,FALSE,FALSE,FALSE,FALSE
"K07345",0.207,0,0.738,-0.0287,0.0857,0.0236,NA,"K07345",0.975729793356003,1,FALSE,FALSE,FALSE,FALSE
"K07351",0.0394,0,0.699,-0.148,0.383,0.0273,NA,"K01169,K02506,K02615,K03289,K07351,K08320,K08348,K11685,K13650,K14064,K15722,K18837",0.971062753583987,1,FALSE,FALSE,FALSE,FALSE
"K06048",0.394,0,0.181,-0.125,0.0931,0.0943,NA,"K06048",0.745898765432099,1,FALSE,FALSE,FALSE,FALSE
"K25495",0.163,0,0.252,-0.13,0.113,0.0808,NA,"K25495",0.809307547169811,1,FALSE,FALSE,FALSE,FALSE
"K28299",0.103,0,0.522,0.0679,0.106,0.0452,NA,"K28299",0.937465566714491,1,FALSE,FALSE,FALSE,FALSE
"K18831",0.246,0,0.35,0.0621,0.0663,0.0659,NA,"K18831",0.867023680315738,1,FALSE,FALSE,FALSE,FALSE
"K01575",0.163,0,0.134,-0.218,0.144,0.106,NA,"K01575",0.687801152737752,1,FALSE,FALSE,FALSE,FALSE
"K19611",0.148,0,0.155,-0.173,0.121,0.1,NA,"K19611",0.701789757412399,1,FALSE,FALSE,FALSE,FALSE
"K02364",0.0936,0,0.877,-0.0253,0.163,0.0109,NA,"K02364",0.991675474254743,1,FALSE,FALSE,FALSE,FALSE
"K08225",0.0739,0,0.232,0.21,0.175,0.0842,NA,"K08225",0.8009859437751,1,FALSE,FALSE,FALSE,FALSE
"K01295",0.399,0,0.705,-0.0294,0.0776,0.0267,NA,"K01295",0.971062753583987,1,FALSE,FALSE,FALSE,FALSE
"K06218",0.217,0,0.538,-0.0411,0.0667,0.0434,NA,"K06218",0.945181052631579,1,FALSE,FALSE,FALSE,FALSE
"K08317",0.0887,0,0.648,-0.0759,0.166,0.0323,NA,"K08317",0.969386316103974,1,FALSE,FALSE,FALSE,FALSE
"K12973",0.0788,0,0.0923,-0.424,0.251,0.118,NA,"K12973",0.646154748603352,1,FALSE,FALSE,FALSE,FALSE
"K01250",0.0985,0,0.608,-0.0457,0.089,0.0362,NA,"K01250",0.957012260295505,1,FALSE,FALSE,FALSE,FALSE
"K10004",0.315,0,0.181,0.268,0.2,0.0943,NA,"K10004",0.745898765432099,1,FALSE,FALSE,FALSE,FALSE
"K10002",0.315,0,0.118,0.28,0.178,0.11,NA,"K10002,K10003",0.687801152737752,1,FALSE,FALSE,FALSE,FALSE
"K10001",0.33,0,0.509,0.116,0.175,0.0466,NA,"K10001",0.927424672489083,1,FALSE,FALSE,FALSE,FALSE
"K02566",0.261,0,0.0677,-0.342,0.186,0.128,NA,"K02566",0.560091103789127,1,FALSE,FALSE,FALSE,FALSE
"K03756",0.143,0,0.681,0.0602,0.146,0.029,NA,"K03756",0.971062753583987,1,FALSE,FALSE,FALSE,FALSE
"K07646",0.714,0,0.789,0.03,0.112,0.0189,NA,"K07646",0.976419045334613,1,FALSE,FALSE,FALSE,FALSE
"K01548",0.64,0,0.625,0.0483,0.0987,0.0345,NA,"K01548",0.958754595588235,1,FALSE,FALSE,FALSE,FALSE
"K01547",0.64,0,0.625,0.0483,0.0987,0.0345,NA,"K01547",0.958754595588235,1,FALSE,FALSE,FALSE,FALSE
"K01546",0.64,0,0.625,0.0483,0.0987,0.0345,NA,"K01546",0.958754595588235,1,FALSE,FALSE,FALSE,FALSE
"K23123",0.133,0,0.961,-0.00946,0.191,0.0035,NA,"K23123",0.994829403321714,1,FALSE,FALSE,FALSE,FALSE
"K05522",0.217,0,0.771,-0.0751,0.257,0.0206,NA,"K05522",0.976419045334613,1,FALSE,FALSE,FALSE,FALSE
"K01834",0.468,0,0.396,-0.117,0.138,0.0599,NA,"K01834",0.889784691136974,1,FALSE,FALSE,FALSE,FALSE
"K02019",0.433,0,0.00259,0.45,0.148,0.21,NA,"K02019",0.127848640776699,1,FALSE,FALSE,FALSE,FALSE
"K28853",0.143,0,0.924,0.0172,0.18,0.00674,NA,"K28853",0.994297872340426,1,FALSE,FALSE,FALSE,FALSE
"K01051",0.143,0,0.109,-0.191,0.118,0.113,NA,"K01051",0.687801152737752,1,FALSE,FALSE,FALSE,FALSE
"K06890",0.207,0,0.0676,0.385,0.21,0.129,NA,"K06890",0.560091103789127,1,FALSE,FALSE,FALSE,FALSE
"K25180",0.177,0,0.4,-0.138,0.163,0.0594,NA,"K25180",0.891718610863758,1,FALSE,FALSE,FALSE,FALSE
"K25181",0.182,0,0.611,-0.0578,0.113,0.036,NA,"K25181",0.957197699720236,1,FALSE,FALSE,FALSE,FALSE
"K25182",0.187,0,0.29,-0.119,0.112,0.0746,NA,"K25182",0.831651877133106,1,FALSE,FALSE,FALSE,FALSE
"K25183",0.202,0,0.276,-0.144,0.132,0.0768,NA,"K25183",0.818253097345133,1,FALSE,FALSE,FALSE,FALSE
"K23777",0.192,0,0.527,-0.108,0.17,0.0447,NA,"K23777",0.941380306814128,1,FALSE,FALSE,FALSE,FALSE
"K22044",0.611,0,0.849,0.0235,0.123,0.0134,NA,"K22044",0.987475550405562,1,FALSE,FALSE,FALSE,FALSE
"K10038",0.167,0,0.798,0.0372,0.145,0.018,NA,"K10038",0.976419045334613,1,FALSE,FALSE,FALSE,FALSE
"K11924",0.212,0,0.0839,-0.386,0.222,0.122,NA,"K11924",0.613102040816327,1,FALSE,FALSE,FALSE,FALSE
"K18904",0.36,0,0.292,0.111,0.105,0.0744,NA,"K18904",0.831651877133106,1,FALSE,FALSE,FALSE,FALSE
"K03492",0.0837,0,0.0988,-0.393,0.237,0.116,NA,"K03492",0.665359731543624,1,FALSE,FALSE,FALSE,FALSE
"K19235",0.113,0,0.366,-0.32,0.353,0.0638,NA,"K19235",0.878926618705036,1,FALSE,FALSE,FALSE,FALSE
"K08313",0.0394,0,0.892,0.0529,0.391,0.00954,NA,"K04334,K04336,K05877,K08313,K12299,K13620,K16711,K18140,K18142,K25875",0.992088775736108,1,FALSE,FALSE,FALSE,FALSE
"K13889",0.261,0,0.229,-0.225,0.187,0.0848,NA,"K13889",0.800841446453407,1,FALSE,FALSE,FALSE,FALSE
"K13890",0.177,0,0.713,0.0485,0.132,0.0259,NA,"K13890",0.971062753583987,1,FALSE,FALSE,FALSE,FALSE
"K13891",0.232,0,0.685,0.0484,0.119,0.0286,NA,"K13891",0.971062753583987,1,FALSE,FALSE,FALSE,FALSE
"K11534",0.212,0,0.0711,-0.344,0.19,0.127,NA,"K11534",0.56959632,1,FALSE,FALSE,FALSE,FALSE
"K08160",0.0985,0,0.812,0.0403,0.17,0.0168,NA,"K08160",0.976419045334613,1,FALSE,FALSE,FALSE,FALSE
"K20861",0.064,0,0.312,-0.378,0.372,0.0714,NA,"K20861",0.841670784103115,1,FALSE,FALSE,FALSE,FALSE
"K23778",0.153,0,0.187,0.121,0.0911,0.093,NA,"K23778",0.753871980676328,1,FALSE,FALSE,FALSE,FALSE
"K03893",0.473,0,0.616,0.0444,0.0883,0.0354,NA,"K03893",0.957266294227188,1,FALSE,FALSE,FALSE,FALSE
"K10678",0.064,0,0.312,-0.378,0.372,0.0714,NA,"K10678",0.841670784103115,1,FALSE,FALSE,FALSE,FALSE
"K11073",0.473,0,0.292,0.175,0.166,0.0743,NA,"K11073,K11074,K11075,K11076",0.831651877133106,1,FALSE,FALSE,FALSE,FALSE
"K03212",0.113,0,0.611,-0.0823,0.161,0.0359,NA,"K03212",0.957197699720236,1,FALSE,FALSE,FALSE,FALSE
"K00156",0.404,0,0.975,-0.00247,0.0793,0.00219,NA,"K00156",0.995681215582296,1,FALSE,FALSE,FALSE,FALSE
"K19127",0.0394,0,0.155,0.23,0.161,0.1,NA,"K19127",0.701789757412399,1,FALSE,FALSE,FALSE,FALSE
"K19128",0.0493,0,0.328,0.119,0.121,0.069,NA,"K19128,K19129",0.852697819314642,1,FALSE,FALSE,FALSE,FALSE
"K09476",0.064,0,0.312,-0.378,0.372,0.0714,NA,"K09476",0.841670784103115,1,FALSE,FALSE,FALSE,FALSE
"K00763",0.852,0,0.734,0.0549,0.161,0.024,NA,"K00763",0.974356632247816,1,FALSE,FALSE,FALSE,FALSE
"K15555",0.645,0,0.337,0.0911,0.0947,0.0677,NA,"K15555",0.856962417470797,1,FALSE,FALSE,FALSE,FALSE
"K04091",0.507,0,0.208,-0.136,0.108,0.0887,NA,"K04091",0.774316728624535,1,FALSE,FALSE,FALSE,FALSE
"K15553",0.571,0,0.987,0.00163,0.0985,0.00117,NA,"K15553",0.99758246388443,1,FALSE,FALSE,FALSE,FALSE
"K00299",0.562,0,0.0415,0.187,0.0914,0.143,NA,"K00299",0.441168789808917,1,FALSE,FALSE,FALSE,FALSE
"K13053",0.227,0,0.178,0.332,0.245,0.095,NA,"K13053",0.742705,1,FALSE,FALSE,FALSE,FALSE
"K06929",0.473,0,0.102,-0.253,0.154,0.115,NA,"K06929",0.670228346456693,1,FALSE,FALSE,FALSE,FALSE
"K11940",0.212,0,0.181,0.339,0.253,0.0943,NA,"K11940",0.745898765432099,1,FALSE,FALSE,FALSE,FALSE
"K09982",0.148,0,0.697,-0.0627,0.161,0.0275,NA,"K09982",0.971062753583987,1,FALSE,FALSE,FALSE,FALSE
"K16840",0.271,0,0.963,-0.00613,0.131,0.00331,NA,"K16840",0.994829403321714,1,FALSE,FALSE,FALSE,FALSE
"K03457",0.611,0,0.000315,0.366,0.0998,0.25,NA,"K03457",0.0335575531914894,1,TRUE,FALSE,TRUE,FALSE
"K16841",0.468,0,0.321,0.0902,0.0907,0.07,NA,"K16841",0.849047543581616,1,FALSE,FALSE,FALSE,FALSE
"K22601",0.069,0,0.227,-0.314,0.259,0.0852,NA,"K22601",0.797606315789474,1,FALSE,FALSE,FALSE,FALSE
"K22602",0.167,0,0.952,-0.00563,0.0934,0.00425,NA,"K22602",0.994829403321714,1,FALSE,FALSE,FALSE,FALSE
"K00839",0.266,0,0.808,0.0316,0.13,0.0171,NA,"K00839",0.976419045334613,1,FALSE,FALSE,FALSE,FALSE
"K02083",0.251,0,0.0634,-0.217,0.116,0.131,NA,"K02083",0.548548464163822,1,FALSE,FALSE,FALSE,FALSE
"K15770",0.217,0,0.274,-0.137,0.125,0.0771,NA,"K15770",0.818078711985689,1,FALSE,FALSE,FALSE,FALSE
"K15772",0.163,0,0.108,-0.223,0.138,0.113,NA,"K15772",0.687801152737752,1,FALSE,FALSE,FALSE,FALSE
"K01224",0.163,0,0.714,-0.0359,0.0981,0.0258,NA,"K01224",0.971062753583987,1,FALSE,FALSE,FALSE,FALSE
"K12308",0.394,0,0.00519,-0.315,0.111,0.195,NA,"K12308",0.193927835820896,1,FALSE,FALSE,FALSE,FALSE
"K02778",0.0542,0,0.791,-0.0741,0.279,0.0188,NA,"K02778",0.976419045334613,1,FALSE,FALSE,FALSE,FALSE
"K06884",0.345,0,0.138,0.159,0.107,0.104,NA,"K06884",0.687801152737752,1,FALSE,FALSE,FALSE,FALSE
"K09016",0.172,0,0.64,-0.0733,0.156,0.033,NA,"K09016",0.966660633484163,1,FALSE,FALSE,FALSE,FALSE
"K09024",0.143,0,0.666,-0.0519,0.12,0.0304,NA,"K09024",0.971062753583987,1,FALSE,FALSE,FALSE,FALSE
"K09019",0.271,0,0.253,-0.108,0.0939,0.0806,NA,"K09019",0.809307547169811,1,FALSE,FALSE,FALSE,FALSE
"K09023",0.113,0,0.0114,-0.415,0.162,0.177,NA,"K09023",0.242892765957447,1,FALSE,FALSE,FALSE,FALSE
"K09020",0.153,0,0.0256,-0.26,0.115,0.157,NA,"K09020",0.351175890410959,1,FALSE,FALSE,FALSE,FALSE
"K09018",0.128,0,0.0466,-0.32,0.16,0.14,NA,"K09018",0.467719760479042,1,FALSE,FALSE,FALSE,FALSE
"K11535",0.232,0,0.869,0.0475,0.289,0.0116,NA,"K11535",0.990458229000683,1,FALSE,FALSE,FALSE,FALSE
"K07243",0.576,0,0.0141,0.228,0.092,0.172,NA,"K07243",0.261394852941176,1,FALSE,FALSE,FALSE,FALSE
"K07224",0.256,0,0.372,0.0878,0.0981,0.063,NA,"K07224,K16301",0.879989661654135,1,FALSE,FALSE,FALSE,FALSE
"K23518",0.276,0,0.732,-0.0351,0.102,0.0242,NA,"K23518",0.973989901674196,1,FALSE,FALSE,FALSE,FALSE
"K03670",0.404,0,0.000661,0.393,0.114,0.237,NA,"K03670",0.0542561803278689,1,FALSE,FALSE,TRUE,FALSE
"K03669",0.404,0,0.000661,0.393,0.114,0.237,NA,"K03669",0.0542561803278689,1,FALSE,FALSE,TRUE,FALSE
"K00301",0.148,0,0.0285,0.27,0.122,0.154,NA,"K00301",0.367782216494845,1,FALSE,FALSE,FALSE,FALSE
"K12149",0.113,0,0.366,-0.32,0.353,0.0638,NA,"K12149",0.878926618705036,1,FALSE,FALSE,FALSE,FALSE
"K08162",0.177,0,0.784,0.0331,0.12,0.0194,NA,"K08162",0.976419045334613,1,FALSE,FALSE,FALSE,FALSE
"K02779",0.138,0,0.961,0.00918,0.189,0.00343,NA,"K02779",0.994829403321714,1,FALSE,FALSE,FALSE,FALSE
"K22041",0.419,0,0.8,-0.0208,0.082,0.0179,NA,"K22041",0.976419045334613,1,FALSE,FALSE,FALSE,FALSE
"K12152",0.463,0,0.578,-0.0953,0.171,0.0392,NA,"K12152",0.95136291913215,1,FALSE,FALSE,FALSE,FALSE
"K13069",0.138,0,0.828,0.0206,0.0945,0.0154,NA,"K13069",0.98039985862394,1,FALSE,FALSE,FALSE,FALSE
"K08281",0.591,0,0.792,-0.0249,0.0943,0.0187,NA,"K08281",0.976419045334613,1,FALSE,FALSE,FALSE,FALSE
"K01008",0.473,0,0.627,0.0434,0.0891,0.0343,NA,"K01008",0.959827838827839,1,FALSE,FALSE,FALSE,FALSE
"K21028",0.0887,0,0.93,0.0135,0.153,0.00621,NA,"K21028",0.994829403321714,1,FALSE,FALSE,FALSE,FALSE
"K00840",0.236,0,0.128,0.344,0.225,0.107,NA,"K00840",0.687801152737752,1,FALSE,FALSE,FALSE,FALSE
"K09975",0.586,0,0.405,-0.0919,0.11,0.0588,NA,"K09975",0.892618922470434,1,FALSE,FALSE,FALSE,FALSE
"K05984",0.0739,0,0.62,-0.109,0.219,0.035,NA,"K05984",0.958196302003082,1,FALSE,FALSE,FALSE,FALSE
"K04064",0.212,0,0.197,0.212,0.164,0.0908,NA,"K04064",0.766417249417249,1,FALSE,FALSE,FALSE,FALSE
"K03490",0.069,0,0.64,-0.0873,0.187,0.033,NA,"K03490",0.966660633484163,1,FALSE,FALSE,FALSE,FALSE
"K24204",0.123,0,0.435,-0.167,0.213,0.0551,NA,"K24204",0.906028571428571,1,FALSE,FALSE,FALSE,FALSE
"K16370",0.158,0,0.511,0.07,0.106,0.0464,NA,"K16370",0.929715479651163,1,FALSE,FALSE,FALSE,FALSE
"K07225",0.276,0,0.305,-0.0949,0.0924,0.0723,NA,"K07225",0.841396694214876,1,FALSE,FALSE,FALSE,FALSE
"K17641",0.0936,0,0.605,-0.0618,0.119,0.0365,NA,"K17641",0.957012260295505,1,FALSE,FALSE,FALSE,FALSE
"K18475",0.0739,0,0.111,-0.201,0.125,0.112,NA,"K18475",0.687801152737752,1,FALSE,FALSE,FALSE,FALSE
"K21976",0.064,0,0.613,-0.189,0.373,0.0357,NA,"K21976",0.957197699720236,1,FALSE,FALSE,FALSE,FALSE
"K21974",0.064,0,0.613,-0.189,0.373,0.0357,NA,"K21974",0.957197699720236,1,FALSE,FALSE,FALSE,FALSE
"K21973",0.069,0,0.715,-0.0931,0.254,0.0258,NA,"K21973",0.971062753583987,1,FALSE,FALSE,FALSE,FALSE
"K21972",0.064,0,0.613,-0.189,0.373,0.0357,NA,"K21972",0.957197699720236,1,FALSE,FALSE,FALSE,FALSE
"K19303",0.143,0,0.829,-0.0528,0.243,0.0153,NA,"K19303",0.98039985862394,1,FALSE,FALSE,FALSE,FALSE
"K02791",0.148,0,0.643,-0.0747,0.161,0.0327,NA,"K02791",0.967398137019231,1,FALSE,FALSE,FALSE,FALSE
"K01561",0.33,0,0.237,-0.0868,0.0731,0.0834,NA,"K01561",0.8009859437751,1,FALSE,FALSE,FALSE,FALSE
"K07639",0.296,0,0.342,-0.15,0.157,0.067,NA,"K07639",0.862667002518892,1,FALSE,FALSE,FALSE,FALSE
"K03758",0.414,0,0.0516,0.26,0.133,0.137,NA,"K03758",0.487473962264151,1,FALSE,FALSE,FALSE,FALSE
"K12941",0.271,0,0.267,0.125,0.113,0.0782,NA,"K12941",0.814882459312839,1,FALSE,FALSE,FALSE,FALSE
"K12940",0.133,0,0.697,0.0578,0.148,0.0275,NA,"K12940",0.971062753583987,1,FALSE,FALSE,FALSE,FALSE
"K14057",0.207,0,0.693,0.0415,0.105,0.0279,NA,"K14057",0.971062753583987,1,FALSE,FALSE,FALSE,FALSE
"K22419",0.256,0,0.914,-0.00869,0.08,0.00766,NA,"K22419",0.992926448253417,1,FALSE,FALSE,FALSE,FALSE
"K18900",0.522,0,0.64,0.0373,0.0796,0.033,NA,"K18900",0.966660633484163,1,FALSE,FALSE,FALSE,FALSE
"K11743",0.232,0,0.671,0.0743,0.175,0.03,NA,"K11743",0.971062753583987,1,FALSE,FALSE,FALSE,FALSE
"K11742",0.232,0,0.671,0.0743,0.175,0.03,NA,"K11742",0.971062753583987,1,FALSE,FALSE,FALSE,FALSE
"K04775",0.0788,0,0.326,-0.291,0.296,0.0692,NA,"K04775",0.852310775637689,1,FALSE,FALSE,FALSE,FALSE
"K21757",0.498,0,0.824,0.0199,0.0894,0.0157,NA,"K21757",0.98039985862394,1,FALSE,FALSE,FALSE,FALSE
"K05847",0.66,0,0.919,-0.0129,0.127,0.00716,NA,"K05847",0.994259507346586,1,FALSE,FALSE,FALSE,FALSE
"K05846",0.675,0,0.863,-0.0221,0.128,0.0122,NA,"K05845,K05846",0.989755813953488,1,FALSE,FALSE,FALSE,FALSE
"K19586",0.113,0,0.417,-0.119,0.146,0.0572,NA,"K19586",0.898416092943201,1,FALSE,FALSE,FALSE,FALSE
"K19585",0.113,0,0.417,-0.119,0.146,0.0572,NA,"K19585",0.898416092943201,1,FALSE,FALSE,FALSE,FALSE
"K19587",0.163,0,0.0813,0.345,0.197,0.123,NA,"K19587",0.603065333333333,1,FALSE,FALSE,FALSE,FALSE
"K08322",0.138,0,0.155,-0.215,0.151,0.1,NA,"K08322",0.701789757412399,1,FALSE,FALSE,FALSE,FALSE
"K08173",0.138,0,0.625,-0.0816,0.167,0.0345,NA,"K08173",0.958754595588235,1,FALSE,FALSE,FALSE,FALSE
"K22293",0.266,0,0.875,0.0138,0.0878,0.0111,NA,"K22293",0.991440325497288,1,FALSE,FALSE,FALSE,FALSE
"K14063",0.384,0,0.744,-0.0235,0.0718,0.0231,NA,"K14063",0.975729793356003,1,FALSE,FALSE,FALSE,FALSE
"K00146",0.276,0,0.313,0.137,0.135,0.0712,NA,"K00146",0.841670784103115,1,FALSE,FALSE,FALSE,FALSE
"K00276",0.153,0,0.212,-0.14,0.112,0.0881,NA,"K00276",0.780168983174835,1,FALSE,FALSE,FALSE,FALSE
"K02618",0.31,0,0.372,-0.0956,0.107,0.063,NA,"K02618",0.879989661654135,1,FALSE,FALSE,FALSE,FALSE
"K02609",0.394,0,0.973,0.00358,0.104,0.00242,NA,"K02609,K02610,K02611,K02612",0.995262717058223,1,FALSE,FALSE,FALSE,FALSE
"K15866",0.424,0,0.476,0.0634,0.0888,0.0503,NA,"K15866",0.921838808250573,1,FALSE,FALSE,FALSE,FALSE
"K02614",0.404,0,0.583,-0.0534,0.0972,0.0387,NA,"K02614",0.953948039215686,1,FALSE,FALSE,FALSE,FALSE
"K07823",0.483,0,0.274,0.109,0.099,0.0772,NA,"K07823",0.818078711985689,1,FALSE,FALSE,FALSE,FALSE
"K01912",0.404,0,0.967,-0.0042,0.101,0.00292,NA,"K01912",0.994829403321714,1,FALSE,FALSE,FALSE,FALSE
"K02616",0.296,0,0.899,0.0106,0.0835,0.00893,NA,"K02616",0.992180622533976,1,FALSE,FALSE,FALSE,FALSE
"K02617",0.182,0,0.369,-0.104,0.116,0.0634,NA,"K02617",0.879989661654135,1,FALSE,FALSE,FALSE,FALSE
"K08566",0.0394,0,0.79,0.0617,0.231,0.0188,NA,"K08566",0.976419045334613,1,FALSE,FALSE,FALSE,FALSE
"K05594",0.33,0,0.689,0.0762,0.19,0.0283,NA,"K05594",0.971062753583987,1,FALSE,FALSE,FALSE,FALSE
"K23239",0.34,0,0.288,0.128,0.12,0.075,NA,"K23239",0.831612456747405,1,FALSE,FALSE,FALSE,FALSE
"K05876",0.064,0,0.613,-0.189,0.373,0.0357,NA,"K05876",0.957197699720236,1,FALSE,FALSE,FALSE,FALSE
"K05358",0.202,0,0.499,0.0819,0.121,0.0478,NA,"K05358",0.926397107897664,1,FALSE,FALSE,FALSE,FALSE
"K02623",0.32,0,0.261,0.133,0.118,0.0793,NA,"K02623",0.813209085252022,1,FALSE,FALSE,FALSE,FALSE
"K25986",0.281,0,0.0497,0.32,0.162,0.138,NA,"K25986",0.480401351351351,1,FALSE,FALSE,FALSE,FALSE
"K03929",0.217,0,0.769,-0.0288,0.0979,0.0207,NA,"K03929",0.976419045334613,1,FALSE,FALSE,FALSE,FALSE
"K10013",0.128,0,0.302,0.165,0.159,0.0729,NA,"K10013",0.840530294608116,1,FALSE,FALSE,FALSE,FALSE
"K03304",0.197,0,0.693,0.0296,0.0748,0.0279,NA,"K03304",0.971062753583987,1,FALSE,FALSE,FALSE,FALSE
"K16868",0.148,0,0.337,-0.19,0.197,0.0678,NA,"K16868",0.856962417470797,1,FALSE,FALSE,FALSE,FALSE
"K24847",0.271,0,0.541,0.0953,0.156,0.0431,NA,"K24847",0.947459601259182,1,FALSE,FALSE,FALSE,FALSE
"K01996",0.704,0,0.00146,0.441,0.137,0.222,NA,"K01996",0.0925344303797468,1,FALSE,FALSE,TRUE,FALSE
"K03712",0.217,0,0.000445,0.583,0.163,0.244,NA,"K03712",0.0397877678571429,1,TRUE,FALSE,TRUE,FALSE
"K08159",0.172,0,0.395,0.127,0.148,0.06,NA,"K08159",0.889784691136974,1,FALSE,FALSE,FALSE,FALSE
"K22129",0.202,0,0.983,0.00184,0.0882,0.00147,NA,"K22129",0.996533913747722,1,FALSE,FALSE,FALSE,FALSE
"K22024",0.31,0,0.249,0.0914,0.079,0.0814,NA,"K22024",0.809048020765737,1,FALSE,FALSE,FALSE,FALSE
"K08324",0.197,0,0.256,0.153,0.134,0.0801,NA,"K08324",0.809307547169811,1,FALSE,FALSE,FALSE,FALSE
"K08994",0.394,0,0.119,0.152,0.0972,0.11,NA,"K08994",0.687801152737752,1,FALSE,FALSE,FALSE,FALSE
"K00598",0.404,0,0.97,-0.00504,0.134,0.00266,NA,"K00598",0.994836132732487,1,FALSE,FALSE,FALSE,FALSE
"K12945",0.379,0,0.479,-0.074,0.104,0.05,NA,"K12945",0.921838808250573,1,FALSE,FALSE,FALSE,FALSE
"K21975",0.0591,0,0.786,-0.0654,0.241,0.0191,NA,"K21975",0.976419045334613,1,FALSE,FALSE,FALSE,FALSE
"K13688",0.31,0,0.998,-0.000216,0.0922,0.000165,NA,"K13688",0.998797921247252,1,FALSE,FALSE,FALSE,FALSE
"K07810",0.212,0,0.472,0.0796,0.11,0.0508,NA,"K07810",0.921838808250573,1,FALSE,FALSE,FALSE,FALSE
"K07665",0.3,0,0.301,-0.114,0.11,0.0729,NA,"K07665",0.839146436525612,1,FALSE,FALSE,FALSE,FALSE
"K07644",0.286,0,0.487,-0.0781,0.112,0.049,NA,"K07644",0.922836711711712,1,FALSE,FALSE,FALSE,FALSE
"K08169",0.153,0,0.941,-0.0117,0.158,0.00522,NA,"K08169",0.994829403321714,1,FALSE,FALSE,FALSE,FALSE
"K06044",0.404,0,0.0701,0.197,0.108,0.127,NA,"K01236,K06044",0.567946116504854,1,FALSE,FALSE,FALSE,FALSE
"K22958",0.064,0,0.636,-0.109,0.229,0.0334,NA,"K22958",0.964400969109631,1,FALSE,FALSE,FALSE,FALSE
"K03805",0.172,0,0.803,0.0346,0.139,0.0176,NA,"K03805",0.976419045334613,1,FALSE,FALSE,FALSE,FALSE
"K02810",0.192,0,0.701,0.0364,0.0947,0.0271,NA,"K02810",0.971062753583987,1,FALSE,FALSE,FALSE,FALSE
"K16077",0.138,0,0.673,-0.0436,0.103,0.0298,NA,"K16077",0.971062753583987,1,FALSE,FALSE,FALSE,FALSE
"K06016",0.522,0,0.0183,0.219,0.092,0.166,NA,"K06016",0.286778637770898,1,FALSE,FALSE,FALSE,FALSE
"K08167",0.33,0,0.335,-0.0956,0.099,0.068,NA,"K08167",0.855351861295258,1,FALSE,FALSE,FALSE,FALSE
"K00370",0.3,0,0.114,-0.152,0.0955,0.111,NA,"K00370,K00371,K00373,K00374",0.687801152737752,1,FALSE,FALSE,FALSE,FALSE
"K11616",0.246,0,0.202,-0.115,0.09,0.09,NA,"K11616",0.770894817073171,1,FALSE,FALSE,FALSE,FALSE
"K11208",0.217,0,0.503,0.0825,0.123,0.0473,NA,"K11208",0.927424672489083,1,FALSE,FALSE,FALSE,FALSE
"K28525",0.236,0,0.929,-0.00707,0.0794,0.00628,NA,"K28525",0.994829403321714,1,FALSE,FALSE,FALSE,FALSE
"K21613",0.172,0,0.0181,-0.396,0.166,0.166,NA,"K21613",0.286778637770898,1,FALSE,FALSE,FALSE,FALSE
"K11738",0.192,0,0.137,-0.217,0.145,0.105,NA,"K11738",0.687801152737752,1,FALSE,FALSE,FALSE,FALSE
"K13654",0.232,0,0.861,-0.0164,0.0937,0.0124,NA,"K13654",0.989755813953488,1,FALSE,FALSE,FALSE,FALSE
"K00137",0.355,0,0.304,0.136,0.132,0.0725,NA,"K00137",0.841396694214876,1,FALSE,FALSE,FALSE,FALSE
"K02053",0.562,0,0.602,-0.061,0.117,0.0369,NA,"K02053",0.956963866877971,1,FALSE,FALSE,FALSE,FALSE
"K03737",0.0887,0,0.762,-0.0497,0.164,0.0214,NA,"K03737",0.976419045334613,1,FALSE,FALSE,FALSE,FALSE
"K21023",0.522,0,0.532,0.0745,0.119,0.0441,NA,"K21023",0.945181052631579,1,FALSE,FALSE,FALSE,FALSE
"K14053",0.0443,0,0.886,0.0359,0.251,0.0101,NA,"K14053",0.991805481283422,1,FALSE,FALSE,FALSE,FALSE
"K10231",0.0591,0,0.0193,0.393,0.166,0.164,NA,"K10231",0.292833636363636,1,FALSE,FALSE,FALSE,FALSE
"K22597",0.0936,0,0.273,0.171,0.155,0.0774,NA,"K22597",0.818078711985689,1,FALSE,FALSE,FALSE,FALSE
"K18143",0.143,0,0.56,0.0891,0.153,0.0412,NA,"K18143",0.949517436067752,1,FALSE,FALSE,FALSE,FALSE
"K18144",0.167,0,0.748,0.0489,0.152,0.0227,NA,"K18144",0.975830119854091,1,FALSE,FALSE,FALSE,FALSE
"K18146",0.064,0,0.735,-0.0568,0.167,0.0239,NA,"K18146",0.974356632247816,1,FALSE,FALSE,FALSE,FALSE
"K00208",0.552,0,0.396,-0.122,0.144,0.0599,NA,"K00208",0.889784691136974,1,FALSE,FALSE,FALSE,FALSE
"K13816",0.148,0,0.301,0.173,0.167,0.0729,NA,"K13816",0.839146436525612,1,FALSE,FALSE,FALSE,FALSE
"K11250",0.202,0,0.692,0.0462,0.116,0.028,NA,"K11250",0.971062753583987,1,FALSE,FALSE,FALSE,FALSE
"K15583",0.172,0,0.999,0.000322,0.224,0.000101,NA,"K15583",0.999199560527367,1,FALSE,FALSE,FALSE,FALSE
"K07673",0.192,0,0.804,-0.0318,0.128,0.0175,NA,"K07673",0.976419045334613,1,FALSE,FALSE,FALSE,FALSE
"K07684",0.241,0,0.9,-0.0153,0.122,0.00885,NA,"K07684",0.992180622533976,1,FALSE,FALSE,FALSE,FALSE
"K06039",0.0887,0,0.784,-0.0881,0.321,0.0194,NA,"K00112,K06039",0.976419045334613,1,FALSE,FALSE,FALSE,FALSE
"K07232",0.414,0,0.0708,0.374,0.206,0.127,NA,"K07232",0.56959632,1,FALSE,FALSE,FALSE,FALSE
"K06197",0.202,0,0.651,-0.0371,0.0819,0.0319,NA,"K06197",0.969623665480427,1,FALSE,FALSE,FALSE,FALSE
"K07300",0.532,0,0.128,0.132,0.0864,0.107,NA,"K07300",0.687801152737752,1,FALSE,FALSE,FALSE,FALSE
"K21744",0.296,0,0.437,-0.0933,0.12,0.0549,NA,"K21744",0.906028571428571,1,FALSE,FALSE,FALSE,FALSE
"K07169",0.0936,0,0.8,0.0577,0.228,0.0179,NA,"K07169",0.976419045334613,1,FALSE,FALSE,FALSE,FALSE
"K21087",0.305,0,0.109,0.344,0.214,0.113,NA,"K21087",0.687801152737752,1,FALSE,FALSE,FALSE,FALSE
"K02796",0.0837,0,0.554,0.214,0.361,0.0418,NA,"K02796",0.949517436067752,1,FALSE,FALSE,FALSE,FALSE
"K23242",0.256,0,0.0505,-0.264,0.134,0.137,NA,"K23242",0.485323416506718,1,FALSE,FALSE,FALSE,FALSE
"K07313",0.064,0,0.312,-0.378,0.372,0.0714,NA,"K07313",0.841670784103115,1,FALSE,FALSE,FALSE,FALSE
"K07245",0.271,0,0.356,0.119,0.129,0.0651,NA,"K07245",0.869932650073206,1,FALSE,FALSE,FALSE,FALSE
"K07156",0.517,0,0.385,0.112,0.128,0.0613,NA,"K07156",0.889784691136974,1,FALSE,FALSE,FALSE,FALSE
"K02345",0.0887,0,0.731,-0.0626,0.182,0.0243,NA,"K02345",0.973435372340426,1,FALSE,FALSE,FALSE,FALSE
"K10857",0.158,0,0.00363,-0.439,0.149,0.203,NA,"K10857",0.155345384615385,1,FALSE,FALSE,FALSE,FALSE
"K03516",0.0739,0,0.0675,-0.519,0.282,0.129,NA,"K03516",0.560091103789127,1,FALSE,FALSE,FALSE,FALSE
"K05875",0.064,0,0.613,-0.189,0.373,0.0357,NA,"K05875",0.957197699720236,1,FALSE,FALSE,FALSE,FALSE
"K27078",0.163,0,0.643,0.0419,0.0902,0.0328,NA,"K27078",0.967398137019231,1,FALSE,FALSE,FALSE,FALSE
"K02402",0.153,0,0.0846,-0.313,0.181,0.121,NA,"K02402",0.615187120115774,1,FALSE,FALSE,FALSE,FALSE
"K02403",0.148,0,0.0222,-0.456,0.198,0.161,NA,"K02403",0.315782386363636,1,FALSE,FALSE,FALSE,FALSE
"K01087",0.374,0,0.0619,0.22,0.117,0.131,NA,"K01087",0.544621052631579,1,FALSE,FALSE,FALSE,FALSE
"K10538",0.305,0,0.973,0.00417,0.125,0.00236,NA,"K10537,K10538,K10539",0.995262717058223,1,FALSE,FALSE,FALSE,FALSE
"K07782",0.163,0,0.0459,0.535,0.266,0.14,NA,"K07782",0.464285454545455,1,FALSE,FALSE,FALSE,FALSE
"K10010",0.438,0,0.498,0.0867,0.128,0.0478,NA,"K10010",0.925570155902005,1,FALSE,FALSE,FALSE,FALSE
"K10009",0.557,0,0.138,0.163,0.109,0.104,NA,"K10009",0.687801152737752,1,FALSE,FALSE,FALSE,FALSE
"K05396",0.251,0,0.783,0.0319,0.116,0.0194,NA,"K05396",0.976419045334613,1,FALSE,FALSE,FALSE,FALSE
"K02424",0.443,0,0.788,0.0255,0.0947,0.019,NA,"K02424",0.976419045334613,1,FALSE,FALSE,FALSE,FALSE
"K02425",0.064,0,0.613,-0.189,0.373,0.0357,NA,"K02425",0.957197699720236,1,FALSE,FALSE,FALSE,FALSE
"K02423",0.429,0,0.579,0.0578,0.104,0.0392,NA,"K02423",0.951445027896291,1,FALSE,FALSE,FALSE,FALSE
"K07781",0.064,0,0.795,-0.0388,0.149,0.0184,NA,"K07781",0.976419045334613,1,FALSE,FALSE,FALSE,FALSE
"K07458",0.256,0,0.365,0.0686,0.0756,0.0639,NA,"K07458",0.878926618705036,1,FALSE,FALSE,FALSE,FALSE
"K07701",0.064,0,0.312,-0.378,0.372,0.0714,NA,"K07701",0.841670784103115,1,FALSE,FALSE,FALSE,FALSE
"K07703",0.064,0,0.312,-0.378,0.372,0.0714,NA,"K07703",0.841670784103115,1,FALSE,FALSE,FALSE,FALSE
"K28482",0.064,0,0.312,-0.378,0.372,0.0714,NA,"K28482",0.841670784103115,1,FALSE,FALSE,FALSE,FALSE
"K11106",0.064,0,0.312,-0.378,0.372,0.0714,NA,"K11106",0.841670784103115,1,FALSE,FALSE,FALSE,FALSE
"K03288",0.212,0,0.809,0.0301,0.124,0.0171,NA,"K03288",0.976419045334613,1,FALSE,FALSE,FALSE,FALSE
"K17737",0.409,0,0.276,0.14,0.128,0.0769,NA,"K17737",0.818253097345133,1,FALSE,FALSE,FALSE,FALSE
"K04093",0.207,0,0.116,0.191,0.121,0.111,NA,"K04093",0.687801152737752,1,FALSE,FALSE,FALSE,FALSE
"K18841",0.0591,0,0.893,0.0187,0.139,0.00951,NA,"K18841",0.992088775736108,1,FALSE,FALSE,FALSE,FALSE
"K18842",0.0443,0,0.736,0.0477,0.141,0.0238,NA,"K18842",0.974907936507937,1,FALSE,FALSE,FALSE,FALSE
"K07172",0.064,0,0.92,0.012,0.12,0.00706,NA,"K07172",0.994297872340426,1,FALSE,FALSE,FALSE,FALSE
"K17733",0.197,0,0.562,0.0333,0.0573,0.041,NA,"K17733",0.949517436067752,1,FALSE,FALSE,FALSE,FALSE
"K01023",0.0591,0,0.789,0.0366,0.137,0.0189,NA,"K01023",0.976419045334613,1,FALSE,FALSE,FALSE,FALSE
"K01081",0.291,0,0.553,0.0602,0.101,0.0419,NA,"K01081",0.949517436067752,1,FALSE,FALSE,FALSE,FALSE
"K13635",0.182,0,0.386,-0.153,0.176,0.0612,NA,"K13635",0.889784691136974,1,FALSE,FALSE,FALSE,FALSE
"K19338",0.305,0,0.615,-0.0393,0.0782,0.0355,NA,"K19338",0.957197699720236,1,FALSE,FALSE,FALSE,FALSE
"K08172",0.241,0,0.346,0.0808,0.0855,0.0665,NA,"K08172",0.863189835575486,1,FALSE,FALSE,FALSE,FALSE
"K01241",0.493,0,0.172,0.21,0.153,0.0962,NA,"K01241",0.734699745547074,1,FALSE,FALSE,FALSE,FALSE
"K09961",0.0788,0,0.629,0.0465,0.096,0.0341,NA,"K09961",0.960476669716377,1,FALSE,FALSE,FALSE,FALSE
"K06909",0.177,0,0.183,-0.0838,0.0627,0.0939,NA,"K06909",0.747984489795918,1,FALSE,FALSE,FALSE,FALSE
"K14744",0.158,0,0.387,0.0796,0.0918,0.0611,NA,"K14744",0.889784691136974,1,FALSE,FALSE,FALSE,FALSE
"K07455",0.064,0,0.545,-0.0509,0.0839,0.0427,NA,"K07455",0.948823018080668,1,FALSE,FALSE,FALSE,FALSE
"K14052",0.448,0,0.201,0.106,0.0829,0.0901,NA,"K14052",0.770013006885998,1,FALSE,FALSE,FALSE,FALSE
"K16703",0.172,0,0.774,-0.0259,0.0898,0.0203,NA,"K16703",0.976419045334613,1,FALSE,FALSE,FALSE,FALSE
"K16710",0.241,0,0.491,-0.0524,0.0759,0.0486,NA,"K16710",0.922836711711712,1,FALSE,FALSE,FALSE,FALSE
"K16695",0.0591,0,0.626,0.0692,0.142,0.0344,NA,"K16695",0.959113219094247,1,FALSE,FALSE,FALSE,FALSE
"K03208",0.291,0,0.995,0.000584,0.0847,0.000486,NA,"K03208",0.998189741534763,1,FALSE,FALSE,FALSE,FALSE
"K03818",0.138,0,0.226,0.124,0.102,0.0853,NA,"K03818",0.797606315789474,1,FALSE,FALSE,FALSE,FALSE
"K13684",0.0443,0,0.397,-0.263,0.31,0.0598,NA,"K13684",0.889784691136974,1,FALSE,FALSE,FALSE,FALSE
"K03819",0.0443,0,0.886,0.0431,0.301,0.0101,NA,"K03819",0.991805481283422,1,FALSE,FALSE,FALSE,FALSE
"K21084",0.276,0,0.881,0.0182,0.122,0.0105,NA,"K21084",0.991805481283422,1,FALSE,FALSE,FALSE,FALSE
"K07799",0.399,0,0.261,0.158,0.141,0.0792,NA,"K07799",0.813209085252022,1,FALSE,FALSE,FALSE,FALSE
"K07788",0.34,0,0.317,0.186,0.186,0.0705,NA,"K07788",0.846968516542156,1,FALSE,FALSE,FALSE,FALSE
"K07789",0.31,0,0.551,0.151,0.252,0.0421,NA,"K07789",0.949517436067752,1,FALSE,FALSE,FALSE,FALSE
"K18326",0.33,0,0.584,0.0643,0.117,0.0387,NA,"K18326",0.954648383937316,1,FALSE,FALSE,FALSE,FALSE
"K07642",0.296,0,0.149,-0.135,0.093,0.102,NA,"K07642",0.697236448598131,1,FALSE,FALSE,FALSE,FALSE
"K07664",0.286,0,0.228,-0.119,0.0982,0.0849,NA,"K07664",0.798877536738978,1,FALSE,FALSE,FALSE,FALSE
"K11645",0.0837,0,0.0139,-0.468,0.189,0.172,NA,"K11645",0.26066404494382,1,FALSE,FALSE,FALSE,FALSE
"K21449",0.227,0,0.427,0.0659,0.0827,0.0561,NA,"K21449",0.902105063291139,1,FALSE,FALSE,FALSE,FALSE
"K01486",0.31,0,0.686,0.057,0.141,0.0286,NA,"K01486",0.971062753583987,1,FALSE,FALSE,FALSE,FALSE
"K23243",0.315,0,0.293,0.131,0.125,0.0742,NA,"K23243",0.832605561861521,1,FALSE,FALSE,FALSE,FALSE
"K07262",0.369,0,0.977,-0.00618,0.217,0.002,NA,"K07262",0.995692855688988,1,FALSE,FALSE,FALSE,FALSE
"K02757",0.148,0,0.453,-0.104,0.139,0.0529,NA,"K02757",0.912744869215292,1,FALSE,FALSE,FALSE,FALSE
"K03488",0.123,0,0.253,-0.184,0.161,0.0806,NA,"K03488",0.809307547169811,1,FALSE,FALSE,FALSE,FALSE
"K09470",0.064,0,0.312,-0.378,0.372,0.0714,NA,"K09470",0.841670784103115,1,FALSE,FALSE,FALSE,FALSE
"K10541",0.143,0,0.0755,-0.377,0.211,0.125,NA,"K10540,K10541,K10542",0.584278979907264,1,FALSE,FALSE,FALSE,FALSE
"K11733",0.251,0,0.669,-0.0544,0.127,0.0302,NA,"K11733",0.971062753583987,1,FALSE,FALSE,FALSE,FALSE
"K19803",0.118,0,0.15,-0.327,0.226,0.101,NA,"K19803",0.698651162790698,1,FALSE,FALSE,FALSE,FALSE
"K08276",0.227,0,0.247,0.166,0.143,0.0816,NA,"K08276",0.805162109375,1,FALSE,FALSE,FALSE,FALSE
"K03919",0.35,0,0.453,0.112,0.149,0.053,NA,"K03919",0.912744869215292,1,FALSE,FALSE,FALSE,FALSE
"K07687",0.236,0,0.549,0.0615,0.103,0.0423,NA,"K07687",0.949517436067752,1,FALSE,FALSE,FALSE,FALSE
"K07677",0.148,0,0.764,-0.0311,0.103,0.0212,NA,"K07677",0.976419045334613,1,FALSE,FALSE,FALSE,FALSE
"K00113",0.0936,0,0.574,-0.156,0.277,0.0397,NA,"K00113",0.950486959392539,1,FALSE,FALSE,FALSE,FALSE
"K07649",0.488,0,0.926,0.00823,0.0882,0.00658,NA,"K07649",0.994829403321714,1,FALSE,FALSE,FALSE,FALSE
"K01911",0.32,0,0.686,-0.0888,0.219,0.0286,NA,"K01911",0.971062753583987,1,FALSE,FALSE,FALSE,FALSE
"K00343",0.65,0,0.0715,0.291,0.161,0.127,NA,"K00337,K00338,K00339,K00340,K00341,K00343",0.57086178343949,1,FALSE,FALSE,FALSE,FALSE
"K00342",0.576,0,0.191,0.231,0.177,0.0921,NA,"K00342",0.758395717684378,1,FALSE,FALSE,FALSE,FALSE
"K00336",0.458,0,0.00807,0.363,0.136,0.185,NA,"K00336",0.218046774193548,1,FALSE,FALSE,FALSE,FALSE
"K00335",0.596,0,0.209,0.223,0.177,0.0886,NA,"K00334,K00335",0.775157777777778,1,FALSE,FALSE,FALSE,FALSE
"K13378",0.296,0,0.675,0.0852,0.203,0.0296,NA,"K13378",0.971062753583987,1,FALSE,FALSE,FALSE,FALSE
"K00331",0.626,0,0.064,0.303,0.163,0.13,NA,"K00331",0.548548464163822,1,FALSE,FALSE,FALSE,FALSE
"K00330",0.645,0,0.0931,0.247,0.146,0.118,NA,"K00330",0.649106925207756,1,FALSE,FALSE,FALSE,FALSE
"K10017",0.202,0,0.162,0.321,0.228,0.0985,NA,"K10017",0.717817699115044,1,FALSE,FALSE,FALSE,FALSE
"K10015",0.207,0,0.152,0.271,0.188,0.101,NA,"K10015,K10016",0.701789757412399,1,FALSE,FALSE,FALSE,FALSE
"K10014",0.0837,0,0.29,-0.304,0.286,0.0746,NA,"K10014",0.831651877133106,1,FALSE,FALSE,FALSE,FALSE
"K21990",0.291,0,0.423,0.085,0.106,0.0566,NA,"K21990",0.902105063291139,1,FALSE,FALSE,FALSE,FALSE
"K14261",0.369,0,0.491,0.128,0.186,0.0486,NA,"K14261",0.922836711711712,1,FALSE,FALSE,FALSE,FALSE
"K27884",0.123,0,0.199,0.274,0.213,0.0905,NA,"K27884,K27885",0.770010046367852,1,FALSE,FALSE,FALSE,FALSE
"K04103",0.0788,0,0.916,0.0217,0.205,0.00747,NA,"K04103",0.993374918778428,1,FALSE,FALSE,FALSE,FALSE
"K19265",0.567,0,0.771,-0.0345,0.118,0.0206,NA,"K19265",0.976419045334613,1,FALSE,FALSE,FALSE,FALSE
"K03322",0.502,0,0.217,-0.111,0.0899,0.087,NA,"K03322",0.785624728850325,1,FALSE,FALSE,FALSE,FALSE
"K02045",0.596,0,0.00926,0.317,0.12,0.182,NA,"K02045,K02046,K02047",0.220966197183099,1,FALSE,FALSE,FALSE,FALSE
"K02048",0.296,0,0.97,0.00833,0.219,0.00268,NA,"K02048",0.994836132732487,1,FALSE,FALSE,FALSE,FALSE
"K17209",0.0394,0,0.487,0.185,0.266,0.049,NA,"K17208,K17209,K17210",0.922836711711712,1,FALSE,FALSE,FALSE,FALSE
"K15835",0.108,0,0.805,0.0488,0.197,0.0175,NA,"K15835",0.976419045334613,1,FALSE,FALSE,FALSE,FALSE
"K03214",0.103,0,0.161,-0.422,0.3,0.0987,NA,"K03214",0.715285714285714,1,FALSE,FALSE,FALSE,FALSE
"K05811",0.0788,0,0.795,0.0533,0.205,0.0184,NA,"K05811",0.976419045334613,1,FALSE,FALSE,FALSE,FALSE
"K03761",0.463,0,0.154,0.145,0.102,0.1,NA,"K03761",0.701789757412399,1,FALSE,FALSE,FALSE,FALSE
"K21021",0.281,0,0.741,-0.038,0.115,0.0233,NA,"K21021",0.975729793356003,1,FALSE,FALSE,FALSE,FALSE
"K28191",0.0542,0,0.133,0.193,0.128,0.106,NA,"K28191",0.687801152737752,1,FALSE,FALSE,FALSE,FALSE
"K22300",0.064,0,0.81,-0.0401,0.166,0.017,NA,"K22300",0.976419045334613,1,FALSE,FALSE,FALSE,FALSE
"K14059",0.305,0,0.537,-0.0301,0.0487,0.0436,NA,"K14059",0.945181052631579,1,FALSE,FALSE,FALSE,FALSE
"K18838",0.069,0,0.976,-0.00421,0.142,0.00209,NA,"K18838",0.995687041564792,1,FALSE,FALSE,FALSE,FALSE
"K02381",0.0739,0,0.0979,-0.289,0.174,0.117,NA,"K02381",0.661518623481781,1,FALSE,FALSE,FALSE,FALSE
"K06191",0.296,0,0.153,-0.269,0.188,0.101,NA,"K06191",0.701789757412399,1,FALSE,FALSE,FALSE,FALSE
"K03647",0.335,0,0.014,-0.395,0.159,0.172,NA,"K03647",0.261394852941176,1,FALSE,FALSE,FALSE,FALSE
"K15974",0.0837,0,0.0678,-0.452,0.246,0.128,NA,"K15974",0.560091103789127,1,FALSE,FALSE,FALSE,FALSE
"K02077",0.325,0,0.737,-0.0349,0.104,0.0237,NA,"K02077",0.975200581395349,1,FALSE,FALSE,FALSE,FALSE
"K02075",0.276,0,0.355,-0.0984,0.106,0.0652,NA,"K02075",0.869932650073206,1,FALSE,FALSE,FALSE,FALSE
"K02783",0.0936,0,0.807,-0.0349,0.142,0.0173,NA,"K02781,K02782,K02783",0.976419045334613,1,FALSE,FALSE,FALSE,FALSE
"K00068",0.0542,0,0.0414,0.39,0.19,0.143,NA,"K00068",0.441042127659575,1,FALSE,FALSE,FALSE,FALSE
"K07241",0.182,0,0.895,0.0176,0.134,0.00931,NA,"K07241",0.992088775736108,1,FALSE,FALSE,FALSE,FALSE
"K02753",0.0936,0,0.564,-0.0926,0.16,0.0408,NA,"K02753",0.949517436067752,1,FALSE,FALSE,FALSE,FALSE
"K15834",0.0591,0,0.96,-0.00869,0.171,0.00358,NA,"K15834",0.994829403321714,1,FALSE,FALSE,FALSE,FALSE
"K21759",0.0493,0,0.0934,0.519,0.308,0.118,NA,"K21759",0.649106925207756,1,FALSE,FALSE,FALSE,FALSE
"K01612",0.0493,0,0.0934,0.519,0.308,0.118,NA,"K01612",0.649106925207756,1,FALSE,FALSE,FALSE,FALSE
"K22489",0.0837,0,0.63,0.0673,0.139,0.034,NA,"K22489",0.961124314442413,1,FALSE,FALSE,FALSE,FALSE
"K09612",0.153,0,0.411,-0.122,0.149,0.058,NA,"K09612",0.893563612679114,1,FALSE,FALSE,FALSE,FALSE
"K00951",0.433,0,0.152,0.159,0.111,0.101,NA,"K00951",0.701789757412399,1,FALSE,FALSE,FALSE,FALSE
"K01706",0.404,0,0.27,0.0948,0.0858,0.0778,NA,"K01706",0.814882459312839,1,FALSE,FALSE,FALSE,FALSE
"K03535",0.33,0,0.207,0.127,0.1,0.089,NA,"K03535",0.774316728624535,1,FALSE,FALSE,FALSE,FALSE
"K02681",0.064,0,0.363,-0.235,0.258,0.0641,NA,"K02681",0.877615161757605,1,FALSE,FALSE,FALSE,FALSE
"K08227",0.148,0,0.0646,-0.516,0.277,0.13,NA,"K08227",0.549154838709677,1,FALSE,FALSE,FALSE,FALSE
"K10193",0.108,0,0.126,-0.235,0.153,0.108,NA,"K10193",0.687801152737752,1,FALSE,FALSE,FALSE,FALSE
"K10194",0.108,0,0.126,-0.235,0.153,0.108,NA,"K10194",0.687801152737752,1,FALSE,FALSE,FALSE,FALSE
"K10192",0.108,0,0.126,-0.235,0.153,0.108,NA,"K10192",0.687801152737752,1,FALSE,FALSE,FALSE,FALSE
"K02532",0.123,0,0.795,0.0251,0.0965,0.0184,NA,"K02532",0.976419045334613,1,FALSE,FALSE,FALSE,FALSE
"K02100",0.103,0,0.717,0.0526,0.145,0.0256,NA,"K02100",0.971062753583987,1,FALSE,FALSE,FALSE,FALSE
"K01730",0.0542,0,0.692,-0.118,0.297,0.028,NA,"K01730",0.971062753583987,1,FALSE,FALSE,FALSE,FALSE
"K07217",0.276,0,0.00336,0.286,0.0963,0.205,NA,"K07217",0.146726869565217,1,FALSE,FALSE,FALSE,FALSE
"K05343",0.355,0,0.602,-0.061,0.117,0.0368,NA,"K05343",0.956963866877971,1,FALSE,FALSE,FALSE,FALSE
"K19168",0.271,0,0.947,-0.00529,0.0793,0.0047,NA,"K19168",0.994829403321714,1,FALSE,FALSE,FALSE,FALSE
"K07387",0.192,0,0.28,-0.144,0.133,0.0762,NA,"K07387",0.820339379754242,1,FALSE,FALSE,FALSE,FALSE
"K18093",0.202,0,0.0291,0.492,0.224,0.153,NA,"K18093",0.371693112244898,1,FALSE,FALSE,FALSE,FALSE
"K06989",0.232,0,0.184,0.149,0.112,0.0935,NA,"K06989",0.750234527687296,1,FALSE,FALSE,FALSE,FALSE
"K05710",0.374,0,0.305,-0.127,0.123,0.0723,NA,"K05710",0.841396694214876,1,FALSE,FALSE,FALSE,FALSE
"K05966",0.0837,0,0.715,0.0878,0.24,0.0258,NA,"K05966",0.971062753583987,1,FALSE,FALSE,FALSE,FALSE
"K01643",0.0493,0,0.982,0.00663,0.298,0.00157,NA,"K01643",0.996528982569923,1,FALSE,FALSE,FALSE,FALSE
"K01644",0.537,0,0.955,0.00605,0.107,0.00401,NA,"K01644",0.994829403321714,1,FALSE,FALSE,FALSE,FALSE
"K07700",0.064,0,0.6,0.119,0.227,0.037,NA,"K07700,K07702",0.955838370983137,1,FALSE,FALSE,FALSE,FALSE
"K07150",0.138,0,0.37,0.233,0.259,0.0632,NA,"K07150",0.879989661654135,1,FALSE,FALSE,FALSE,FALSE
"K11935",0.113,0,0.667,-0.0577,0.134,0.0304,NA,"K11931,K11935",0.971062753583987,1,FALSE,FALSE,FALSE,FALSE
"K11936",0.281,0,0.803,-0.0212,0.0847,0.0176,NA,"K11936",0.976419045334613,1,FALSE,FALSE,FALSE,FALSE
"K11937",0.0985,0,0.889,-0.021,0.15,0.0099,NA,"K11937",0.991805481283422,1,FALSE,FALSE,FALSE,FALSE
"K01460",0.0887,0,0.741,-0.0346,0.104,0.0233,NA,"K01460",0.975729793356003,1,FALSE,FALSE,FALSE,FALSE
"K02430",0.0887,0,0.621,0.0841,0.17,0.0349,NA,"K02430",0.958196302003082,1,FALSE,FALSE,FALSE,FALSE
"K06221",0.414,0,0.957,0.00481,0.0881,0.00385,NA,"K06221",0.994829403321714,1,FALSE,FALSE,FALSE,FALSE
"K07666",0.404,0,0.197,0.179,0.138,0.0908,NA,"K07666",0.766417249417249,1,FALSE,FALSE,FALSE,FALSE
"K07645",0.394,0,0.345,0.138,0.146,0.0666,NA,"K07645",0.863189835575486,1,FALSE,FALSE,FALSE,FALSE
"K03923",0.325,0,0.702,0.0346,0.0905,0.027,NA,"K03923",0.971062753583987,1,FALSE,FALSE,FALSE,FALSE
"K15777",0.631,0,0.942,0.00543,0.075,0.0051,NA,"K15777",0.994829403321714,1,FALSE,FALSE,FALSE,FALSE
"K07238",0.429,0,0.138,0.119,0.0798,0.104,NA,"K07238",0.687801152737752,1,FALSE,FALSE,FALSE,FALSE
"K03649",0.261,0,0.0631,0.182,0.0976,0.131,NA,"K03649",0.548548464163822,1,FALSE,FALSE,FALSE,FALSE
"K07229",0.3,0,0.243,-0.129,0.11,0.0823,NA,"K07229",0.803633421400264,1,FALSE,FALSE,FALSE,FALSE
"K09251",0.123,0,0.486,0.13,0.186,0.0492,NA,"K09251",0.922836711711712,1,FALSE,FALSE,FALSE,FALSE
"K11530",0.197,0,0.998,-0.000212,0.088,0.00017,NA,"K11530",0.998797921247252,1,FALSE,FALSE,FALSE,FALSE
"K08321",0.064,0,0.6,0.113,0.216,0.037,NA,"K08321,K10555,K10556,K10557,K10558,K11216",0.955838370983137,1,FALSE,FALSE,FALSE,FALSE
"K11531",0.0837,0,0.249,0.213,0.184,0.0813,NA,"K11531",0.809048020765737,1,FALSE,FALSE,FALSE,FALSE
"K26607",0.0394,0,0.768,-0.0778,0.263,0.0209,NA,"K26607",0.976419045334613,1,FALSE,FALSE,FALSE,FALSE
"K26604",0.0542,0,0.778,0.0578,0.205,0.0199,NA,"K26604",0.976419045334613,1,FALSE,FALSE,FALSE,FALSE
"K00932",0.0493,0,0.878,-0.0437,0.286,0.0108,NA,"K00932,K03838",0.991805481283422,1,FALSE,FALSE,FALSE,FALSE
"K01630",0.133,0,0.177,-0.143,0.105,0.095,NA,"K01630",0.742243718592965,1,FALSE,FALSE,FALSE,FALSE
"K01708",0.36,0,0.12,0.151,0.0971,0.109,NA,"K01708",0.687801152737752,1,FALSE,FALSE,FALSE,FALSE
"K07724",0.0837,0,0.0645,0.432,0.232,0.13,NA,"K07724",0.549154838709677,1,FALSE,FALSE,FALSE,FALSE
"K03814",0.596,0,0.0177,0.403,0.169,0.166,NA,"K03814",0.286778637770898,1,FALSE,FALSE,FALSE,FALSE
"K12957",0.128,0,0.395,-0.114,0.134,0.0601,NA,"K12957",0.889784691136974,1,FALSE,FALSE,FALSE,FALSE
"K28825",0.153,0,0.0951,-0.356,0.212,0.117,NA,"K28825",0.653176543209877,1,FALSE,FALSE,FALSE,FALSE
"K03290",0.0443,0,0.728,0.0743,0.213,0.0246,NA,"K03290",0.973435372340426,1,FALSE,FALSE,FALSE,FALSE
"K04691",0.335,0,0.753,0.0656,0.208,0.0223,NA,"K04691",0.976419045334613,1,FALSE,FALSE,FALSE,FALSE
"K03623",0.207,0,0.134,-0.138,0.0921,0.105,NA,"K03623",0.687801152737752,1,FALSE,FALSE,FALSE,FALSE
"K21695",0.369,0,0.798,0.035,0.137,0.018,NA,"K21695",0.976419045334613,1,FALSE,FALSE,FALSE,FALSE
"K08996",0.0591,0,0.85,-0.044,0.232,0.0134,NA,"K08996",0.987475550405562,1,FALSE,FALSE,FALSE,FALSE
"K14392",0.128,0,0.0142,-0.63,0.255,0.172,NA,"K14392",0.261394852941176,1,FALSE,FALSE,FALSE,FALSE
"K13928",0.207,0,0.0873,0.26,0.151,0.12,NA,"K13928",0.625337768240343,1,FALSE,FALSE,FALSE,FALSE
"K13935",0.217,0,0.414,0.101,0.124,0.0576,NA,"K13935",0.895033678756477,1,FALSE,FALSE,FALSE,FALSE
"K13934",0.236,0,0.581,0.0661,0.119,0.039,NA,"K13929,K13930,K13931,K13932,K13933,K13934",0.95316743119266,1,FALSE,FALSE,FALSE,FALSE
"K12516",0.0394,0,0.95,0.0138,0.22,0.00445,NA,"K12516",0.994829403321714,1,FALSE,FALSE,FALSE,FALSE
"K07490",0.0788,0,0.99,-0.00347,0.287,0.000851,NA,"K07490",0.99758246388443,1,FALSE,FALSE,FALSE,FALSE
"K06155",0.0936,0,0.575,-0.073,0.13,0.0395,NA,"K06155",0.950486959392539,1,FALSE,FALSE,FALSE,FALSE
"K02438",0.433,0,0.536,0.0625,0.101,0.0437,NA,"K02438",0.945181052631579,1,FALSE,FALSE,FALSE,FALSE
"K06156",0.103,0,0.0973,-0.279,0.167,0.117,NA,"K06156",0.659706081081081,1,FALSE,FALSE,FALSE,FALSE
"K05816",0.123,0,0.0403,-0.463,0.224,0.144,NA,"K05816",0.435814470842333,1,FALSE,FALSE,FALSE,FALSE
"K05815",0.404,0,0.351,-0.0854,0.0913,0.0658,NA,"K05815",0.867023680315738,1,FALSE,FALSE,FALSE,FALSE
"K00823",0.374,0,0.00708,0.277,0.102,0.188,NA,"K00823",0.206786271186441,1,FALSE,FALSE,FALSE,FALSE
"K27311",0.167,0,0.482,0.17,0.242,0.0496,NA,"K27311",0.921838808250573,1,FALSE,FALSE,FALSE,FALSE
"K12963",0.177,0,0.262,0.154,0.137,0.0791,NA,"K12963",0.814297951582868,1,FALSE,FALSE,FALSE,FALSE
"K12962",0.182,0,0.333,0.129,0.133,0.0683,NA,"K12962",0.855351861295258,1,FALSE,FALSE,FALSE,FALSE
"K07264",0.172,0,0.265,0.144,0.128,0.0786,NA,"K07264",0.814521178637201,1,FALSE,FALSE,FALSE,FALSE
"K13014",0.207,0,0.134,0.189,0.126,0.105,NA,"K10012,K13014",0.687801152737752,1,FALSE,FALSE,FALSE,FALSE
"K10011",0.172,0,0.265,0.144,0.128,0.0786,NA,"K10011",0.814521178637201,1,FALSE,FALSE,FALSE,FALSE
"K07806",0.167,0,0.444,0.0978,0.128,0.054,NA,"K07806",0.908503473641193,1,FALSE,FALSE,FALSE,FALSE
"K05794",0.0591,0,0.71,-0.0564,0.152,0.0262,NA,"K05794",0.971062753583987,1,FALSE,FALSE,FALSE,FALSE
"K13021",0.424,0,0.0514,0.194,0.099,0.137,NA,"K13021",0.487473962264151,1,FALSE,FALSE,FALSE,FALSE
"K16322",0.281,0,0.324,0.238,0.241,0.0696,NA,"K16322",0.851137460650577,1,FALSE,FALSE,FALSE,FALSE
"K07290",0.374,0,0.854,-0.0326,0.177,0.013,NA,"K07290",0.988208458516293,1,FALSE,FALSE,FALSE,FALSE
"K11103",0.724,0,0.0103,0.327,0.127,0.18,NA,"K11103",0.230410619469027,1,FALSE,FALSE,FALSE,FALSE
"K21602",0.0739,0,0.752,0.0579,0.183,0.0223,NA,"K21602",0.976419045334613,1,FALSE,FALSE,FALSE,FALSE
"K08092",0.103,0,0.456,0.112,0.151,0.0526,NA,"K08092",0.914008006405124,1,FALSE,FALSE,FALSE,FALSE
"K18673",0.0837,0,0.844,-0.0398,0.202,0.0139,NA,"K18673",0.986439775910364,1,FALSE,FALSE,FALSE,FALSE
"K03833",0.33,0,0.6,0.0483,0.0918,0.0371,NA,"K03833",0.955838370983137,1,FALSE,FALSE,FALSE,FALSE
"K00427",0.069,0,0.643,-0.103,0.223,0.0327,NA,"K00427",0.967398137019231,1,FALSE,FALSE,FALSE,FALSE
"K14348",0.103,0,0.841,0.0373,0.186,0.0142,NA,"K14348",0.984772450888681,1,FALSE,FALSE,FALSE,FALSE
"K00005",0.163,0,0.704,0.036,0.0946,0.0268,NA,"K00005",0.971062753583987,1,FALSE,FALSE,FALSE,FALSE
"K01521",0.103,0,0.803,0.062,0.249,0.0176,NA,"K01521",0.976419045334613,1,FALSE,FALSE,FALSE,FALSE
"K23163",0.571,0,0.0122,0.268,0.106,0.176,NA,"K23163",0.248314634146342,1,FALSE,FALSE,FALSE,FALSE
"K02856",0.118,0,0.48,0.0949,0.134,0.0499,NA,"K02856",0.921838808250573,1,FALSE,FALSE,FALSE,FALSE
"K02855",0.0788,0,0.563,-0.106,0.183,0.0408,NA,"K02855",0.949517436067752,1,FALSE,FALSE,FALSE,FALSE
"K00848",0.212,0,0.792,-0.0288,0.109,0.0186,NA,"K00848",0.976419045334613,1,FALSE,FALSE,FALSE,FALSE
"K01813",0.108,0,0.734,0.0481,0.141,0.024,NA,"K01813",0.974356632247816,1,FALSE,FALSE,FALSE,FALSE
"K01629",0.0837,0,0.481,-0.122,0.173,0.0498,NA,"K01629",0.921838808250573,1,FALSE,FALSE,FALSE,FALSE
"K10559",0.256,0,0.176,0.143,0.105,0.0954,NA,"K10559",0.739909319899244,1,FALSE,FALSE,FALSE,FALSE
"K10562",0.236,0,0.329,0.109,0.112,0.0688,NA,"K10562",0.853082858622475,1,FALSE,FALSE,FALSE,FALSE
"K10560",0.246,0,0.491,0.0801,0.116,0.0486,NA,"K10560",0.922836711711712,1,FALSE,FALSE,FALSE,FALSE
"K10561",0.246,0,0.491,0.0801,0.116,0.0486,NA,"K10561",0.922836711711712,1,FALSE,FALSE,FALSE,FALSE
"K02380",0.276,0,0.00877,0.33,0.125,0.184,NA,"K02380",0.218532118226601,1,FALSE,FALSE,FALSE,FALSE
"K27243",0.0394,0,0.725,0.0664,0.189,0.0248,NA,"K27243",0.972688906752412,1,FALSE,FALSE,FALSE,FALSE
"K18478",0.0788,0,0.302,-0.153,0.148,0.0727,NA,"K18478",0.840530294608116,1,FALSE,FALSE,FALSE,FALSE
"K08318",0.0443,0,0.753,0.055,0.174,0.0222,NA,"K08318",0.976419045334613,1,FALSE,FALSE,FALSE,FALSE
"K01671",0.0394,0,0.795,0.0535,0.206,0.0183,NA,"K01671",0.976419045334613,1,FALSE,FALSE,FALSE,FALSE
"K15922",0.0788,0,0.773,0.041,0.142,0.0204,NA,"K15922",0.976419045334613,1,FALSE,FALSE,FALSE,FALSE
"K07714",0.0542,0,0.416,0.147,0.18,0.0574,NA,"K07714",0.897033591731266,1,FALSE,FALSE,FALSE,FALSE
"K02481",0.133,0,0.94,0.00835,0.111,0.00532,NA,"K02481",0.994829403321714,1,FALSE,FALSE,FALSE,FALSE
"K03549",0.517,0,0.493,0.0967,0.141,0.0483,NA,"K03549",0.923821482035928,1,FALSE,FALSE,FALSE,FALSE
"K15383",0.128,0,0.691,-0.0473,0.119,0.0281,NA,"K15383",0.971062753583987,1,FALSE,FALSE,FALSE,FALSE
"K20940",0.064,0,0.025,-0.271,0.12,0.157,NA,"K20940",0.348676880222841,1,FALSE,FALSE,FALSE,FALSE
"K11475",0.113,0,0.678,0.0516,0.124,0.0293,NA,"K11475",0.971062753583987,1,FALSE,FALSE,FALSE,FALSE
"K03862",0.158,0,0.117,0.144,0.0916,0.11,NA,"K03862",0.687801152737752,1,FALSE,FALSE,FALSE,FALSE
"K03863",0.148,0,0.531,-0.0599,0.0955,0.0442,NA,"K03863",0.944482060390764,1,FALSE,FALSE,FALSE,FALSE
"K01768",0.286,0,0.775,-0.0266,0.0931,0.0202,NA,"K01768",0.976419045334613,1,FALSE,FALSE,FALSE,FALSE
"K07010",0.601,0,0.0629,-0.193,0.103,0.131,NA,"K07010",0.548548464163822,1,FALSE,FALSE,FALSE,FALSE
"K07044",0.133,0,0.758,-0.0406,0.131,0.0218,NA,"K07044",0.976419045334613,1,FALSE,FALSE,FALSE,FALSE
"K01104",0.281,0,0.448,-0.073,0.096,0.0535,NA,"K01104",0.909625304136253,1,FALSE,FALSE,FALSE,FALSE
"K07117",0.113,0,0.172,-0.365,0.266,0.0963,NA,"K07117",0.734699745547074,1,FALSE,FALSE,FALSE,FALSE
"K25901",0.384,0,0.0168,0.342,0.142,0.168,NA,"K25901",0.280392,1,FALSE,FALSE,FALSE,FALSE
"K11711",0.0837,0,0.118,-0.31,0.197,0.11,NA,"K11711",0.687801152737752,1,FALSE,FALSE,FALSE,FALSE
"K11712",0.0443,0,0.0797,-0.349,0.198,0.123,NA,"K11712",0.595608805970149,1,FALSE,FALSE,FALSE,FALSE
"K04090",0.167,0,0.24,0.191,0.162,0.0829,NA,"K04090",0.802725450901804,1,FALSE,FALSE,FALSE,FALSE
"K13794",0.0591,0,0.133,-0.224,0.148,0.106,NA,"K13794",0.687801152737752,1,FALSE,FALSE,FALSE,FALSE
"K13796",0.123,0,0.76,0.0327,0.107,0.0216,NA,"K13796",0.976419045334613,1,FALSE,FALSE,FALSE,FALSE
"K13795",0.069,0,0.148,-0.203,0.14,0.102,NA,"K13795",0.697236448598131,1,FALSE,FALSE,FALSE,FALSE
"K01167",0.207,0,0.163,-0.154,0.11,0.0982,NA,"K01167",0.72033627537511,1,FALSE,FALSE,FALSE,FALSE
"K21019",0.187,0,0.797,0.0445,0.172,0.0182,NA,"K21019",0.976419045334613,1,FALSE,FALSE,FALSE,FALSE
"K20034",0.271,0,0.389,-0.0855,0.099,0.0608,NA,"K20034",0.889784691136974,1,FALSE,FALSE,FALSE,FALSE
"K06196",0.409,0,0.936,-0.0112,0.139,0.00571,NA,"K06196",0.994829403321714,1,FALSE,FALSE,FALSE,FALSE
"K00003",0.69,0,0.215,0.223,0.179,0.0874,NA,"K00003",0.78405316824472,1,FALSE,FALSE,FALSE,FALSE
"K03932",0.202,0,0.176,-0.131,0.0962,0.0954,NA,"K03932",0.739909319899244,1,FALSE,FALSE,FALSE,FALSE
"K07032",0.473,0,0.325,-0.108,0.109,0.0694,NA,"K07032",0.852310775637689,1,FALSE,FALSE,FALSE,FALSE
"K22108",0.256,0,0.151,-0.152,0.105,0.101,NA,"K22108",0.700052777777778,1,FALSE,FALSE,FALSE,FALSE
"K07213",0.394,0,0.019,0.196,0.0831,0.164,NA,"K07213",0.290926605504587,1,FALSE,FALSE,FALSE,FALSE
"K07002",0.493,0,0.89,0.0133,0.0963,0.00975,NA,"K07002",0.991826811916407,1,FALSE,FALSE,FALSE,FALSE
"K09983",0.389,0,0.571,0.0861,0.152,0.04,NA,"K09983",0.949517436067752,1,FALSE,FALSE,FALSE,FALSE
"K06953",0.276,0,0.923,0.0101,0.105,0.00685,NA,"K06953",0.994297872340426,1,FALSE,FALSE,FALSE,FALSE
"K07577",0.35,0,0.343,0.096,0.101,0.0668,NA,"K07577",0.863189835575486,1,FALSE,FALSE,FALSE,FALSE
"K00102",0.271,0,0.763,0.0387,0.128,0.0213,NA,"K00102",0.976419045334613,1,FALSE,FALSE,FALSE,FALSE
"K18118",0.517,0,0.327,0.086,0.0875,0.0691,NA,"K18118",0.852310775637689,1,FALSE,FALSE,FALSE,FALSE
"K01596",0.256,0,0.203,-0.142,0.111,0.0898,NA,"K01596",0.771184370257967,1,FALSE,FALSE,FALSE,FALSE
"K04561",0.271,0,0.406,-0.0905,0.109,0.0587,NA,"K04561",0.892618922470434,1,FALSE,FALSE,FALSE,FALSE
"K00261",0.153,0,0.587,0.0658,0.121,0.0384,NA,"K00261",0.954876218323587,1,FALSE,FALSE,FALSE,FALSE
"K01455",0.0542,0,0.506,-0.0901,0.135,0.047,NA,"K01455",0.927424672489083,1,FALSE,FALSE,FALSE,FALSE
"K15358",0.0887,0,0.0738,-0.341,0.19,0.126,NA,"K15358",0.580905443234837,1,FALSE,FALSE,FALSE,FALSE
"K20449",0.0837,0,0.00882,-0.597,0.226,0.183,NA,"K20449",0.218532118226601,1,FALSE,FALSE,FALSE,FALSE
"K09740",0.0837,0,0.00882,-0.597,0.226,0.183,NA,"K09740",0.218532118226601,1,FALSE,FALSE,FALSE,FALSE
"K18029",0.163,0,0.966,-0.00451,0.106,0.00301,NA,"K18029,K18030",0.994829403321714,1,FALSE,FALSE,FALSE,FALSE
"K00481",0.453,0,0.0115,0.331,0.13,0.177,NA,"K00481",0.242955696202532,1,FALSE,FALSE,FALSE,FALSE
"K20035",0.468,0,0.0646,0.315,0.17,0.13,NA,"K20035",0.549154838709677,1,FALSE,FALSE,FALSE,FALSE
"K08683",0.576,0,0.166,0.198,0.143,0.0976,NA,"K08683",0.725905676855895,1,FALSE,FALSE,FALSE,FALSE
"K12508",0.153,0,0.769,0.0318,0.108,0.0207,NA,"K12508",0.976419045334613,1,FALSE,FALSE,FALSE,FALSE
"K20036",0.0493,0,0.596,-0.124,0.234,0.0375,NA,"K20036",0.955838370983137,1,FALSE,FALSE,FALSE,FALSE
"K01026",0.167,0,0.615,-0.0651,0.129,0.0355,NA,"K01026",0.957197699720236,1,FALSE,FALSE,FALSE,FALSE
"K11472",0.365,0,0.476,0.0874,0.122,0.0503,NA,"K11472",0.921838808250573,1,FALSE,FALSE,FALSE,FALSE
"K11473",0.443,0,0.106,0.258,0.159,0.114,NA,"K11473",0.684828387096774,1,FALSE,FALSE,FALSE,FALSE
"K02434",0.69,0,0.243,0.241,0.206,0.0824,NA,"K02434,K02435",0.803633421400264,1,FALSE,FALSE,FALSE,FALSE
"K02433",0.714,0,0.573,0.0867,0.154,0.0398,NA,"K02433",0.950486959392539,1,FALSE,FALSE,FALSE,FALSE
"K28060",0.0788,0,0.45,-0.125,0.165,0.0533,NA,"K28060",0.91109987868985,1,FALSE,FALSE,FALSE,FALSE
"K18480",0.389,0,0.0287,0.316,0.143,0.154,NA,"K18480",0.368463846153846,1,FALSE,FALSE,FALSE,FALSE
"K07018",0.547,0,0.0905,0.347,0.204,0.119,NA,"K07018",0.638216197183099,1,FALSE,FALSE,FALSE,FALSE
"K00141",0.0985,0,0.54,-0.064,0.104,0.0433,NA,"K00141",0.946701680672269,1,FALSE,FALSE,FALSE,FALSE
"K07183",0.379,0,0.518,0.0827,0.128,0.0457,NA,"K07183",0.935314100252434,1,FALSE,FALSE,FALSE,FALSE
"K26139",0.443,0,0.574,-0.0624,0.111,0.0397,NA,"K26139",0.950486959392539,1,FALSE,FALSE,FALSE,FALSE
"K26138",0.438,0,0.737,-0.0361,0.107,0.0238,NA,"K26138",0.975200581395349,1,FALSE,FALSE,FALSE,FALSE
"K07246",0.404,0,0.207,-0.108,0.0857,0.0889,NA,"K07246",0.774316728624535,1,FALSE,FALSE,FALSE,FALSE
"K02533",0.463,0,0.0149,0.377,0.153,0.171,NA,"K02533",0.267277580071174,1,FALSE,FALSE,FALSE,FALSE
"K07395",0.236,0,0.959,-0.00528,0.102,0.00366,NA,"K07395",0.994829403321714,1,FALSE,FALSE,FALSE,FALSE
"K00485",0.0985,0,0.924,0.00931,0.098,0.0067,NA,"K00485",0.994297872340426,1,FALSE,FALSE,FALSE,FALSE
"K09386",0.246,0,0.645,-0.0491,0.107,0.0325,NA,"K09386",0.968469058295964,1,FALSE,FALSE,FALSE,FALSE
"K07161",0.187,0,0.696,-0.0564,0.144,0.0276,NA,"K07161",0.971062753583987,1,FALSE,FALSE,FALSE,FALSE
"K03519",0.197,0,0.862,0.0212,0.122,0.0123,NA,"K03519",0.989755813953488,1,FALSE,FALSE,FALSE,FALSE
"K03520",0.192,0,0.841,0.0265,0.132,0.0142,NA,"K03520",0.984772450888681,1,FALSE,FALSE,FALSE,FALSE
"K03518",0.187,0,0.615,0.0661,0.131,0.0355,NA,"K03518",0.957197699720236,1,FALSE,FALSE,FALSE,FALSE
"K06857",0.0542,0,0.992,0.0018,0.181,7e-04,NA,"K06857",0.99758246388443,1,FALSE,FALSE,FALSE,FALSE
"K07219",0.153,0,0.194,-0.16,0.123,0.0915,NA,"K07219",0.761849411764706,1,FALSE,FALSE,FALSE,FALSE
"K01041",0.438,0,0.253,0.166,0.145,0.0805,NA,"K01041",0.809307547169811,1,FALSE,FALSE,FALSE,FALSE
"K22186",0.148,0,0.713,-0.035,0.0952,0.026,NA,"K22186",0.971062753583987,1,FALSE,FALSE,FALSE,FALSE
"K00523",0.246,0,0.85,-0.0444,0.235,0.0133,NA,"K00523",0.987475550405562,1,FALSE,FALSE,FALSE,FALSE
"K28842",0.345,0,0.102,0.265,0.162,0.115,NA,"K28842",0.670228346456693,1,FALSE,FALSE,FALSE,FALSE
"K05972",0.241,0,0.198,0.142,0.11,0.0908,NA,"K05972",0.767920991479473,1,FALSE,FALSE,FALSE,FALSE
"K15520",0.163,0,0.0755,-0.269,0.151,0.125,NA,"K15520",0.584278979907264,1,FALSE,FALSE,FALSE,FALSE
"K00376",0.172,0,0.998,-0.000281,0.0969,0.000204,NA,"K00376",0.998797921247252,1,FALSE,FALSE,FALSE,FALSE
"K07218",0.182,0,0.621,-0.0458,0.0924,0.0349,NA,"K07218",0.958196302003082,1,FALSE,FALSE,FALSE,FALSE
"K19340",0.167,0,0.951,-0.0061,0.0994,0.00433,NA,"K19340",0.994829403321714,1,FALSE,FALSE,FALSE,FALSE
"K19341",0.182,0,0.621,-0.0458,0.0924,0.0349,NA,"K19341",0.958196302003082,1,FALSE,FALSE,FALSE,FALSE
"K19342",0.187,0,0.653,-0.0427,0.095,0.0317,NA,"K19342",0.969623665480427,1,FALSE,FALSE,FALSE,FALSE
"K19743",0.0739,0,0.535,0.104,0.167,0.0438,NA,"K19743",0.945181052631579,1,FALSE,FALSE,FALSE,FALSE
"K07273",0.345,0,0.0448,0.279,0.138,0.141,NA,"K07273",0.457782857142857,1,FALSE,FALSE,FALSE,FALSE
"K20269",0.0148,0,0.866,-0.0403,0.239,0.0119,NA,"K20269",0.989755813953488,1,FALSE,FALSE,FALSE,FALSE
"K00101",0.305,0,0.671,-0.0473,0.111,0.03,NA,"K00101",0.971062753583987,1,FALSE,FALSE,FALSE,FALSE
"K22515",0.069,0,0.00171,-0.686,0.216,0.219,NA,"K22515",0.102442068965517,1,FALSE,FALSE,FALSE,FALSE
"K03342",0.133,0,0.231,0.236,0.197,0.0844,NA,"K03342",0.8009859437751,1,FALSE,FALSE,FALSE,FALSE
"K26185",0.0788,0,0.55,-0.0914,0.153,0.0422,NA,"K26185",0.949517436067752,1,FALSE,FALSE,FALSE,FALSE
"K09703",0.227,0,0.861,0.0131,0.0751,0.0123,NA,"K09703",0.989755813953488,1,FALSE,FALSE,FALSE,FALSE
"K06923",0.394,0,0.0288,0.469,0.213,0.154,NA,"K06923",0.368802046035806,1,FALSE,FALSE,FALSE,FALSE
"K01523",0.552,0,0.278,0.169,0.155,0.0765,NA,"K01523",0.819756183745583,1,FALSE,FALSE,FALSE,FALSE
"K01496",0.557,0,0.607,0.104,0.202,0.0363,NA,"K01496",0.957012260295505,1,FALSE,FALSE,FALSE,FALSE
"K07399",0.335,0,0.127,-0.372,0.243,0.108,NA,"K07399",0.687801152737752,1,FALSE,FALSE,FALSE,FALSE
"K13522",0.0739,0,0.00932,-0.346,0.132,0.182,NA,"K13522",0.220966197183099,1,FALSE,FALSE,FALSE,FALSE
"K01464",0.473,0,0.0335,0.2,0.0933,0.149,NA,"K01464",0.399367857142857,1,FALSE,FALSE,FALSE,FALSE
"K17723",0.35,0,0.000158,0.492,0.128,0.262,NA,"K17722,K17723",0.0238568823529412,0.791106,TRUE,FALSE,TRUE,FALSE
"K13010",0.0739,0,0.397,-0.0938,0.111,0.0597,NA,"K13010",0.889784691136974,1,FALSE,FALSE,FALSE,FALSE
"K09966",0.103,0,0.895,-0.0142,0.107,0.00936,NA,"K09966",0.992088775736108,1,FALSE,FALSE,FALSE,FALSE
"K15052",0.32,0,0.664,-0.0365,0.0837,0.0307,NA,"K15052",0.971062753583987,1,FALSE,FALSE,FALSE,FALSE
"K02431",0.241,0,0.797,-0.0274,0.106,0.0182,NA,"K02431",0.976419045334613,1,FALSE,FALSE,FALSE,FALSE
"K06442",0.419,0,0.896,0.0245,0.186,0.00927,NA,"K06442",0.992180622533976,1,FALSE,FALSE,FALSE,FALSE
"K18997",0.32,0,0.963,-0.00409,0.0873,0.00331,NA,"K18997",0.994829403321714,1,FALSE,FALSE,FALSE,FALSE
"K05516",0.305,0,0.742,-0.0293,0.0889,0.0233,NA,"K05516",0.975729793356003,1,FALSE,FALSE,FALSE,FALSE
"K17218",0.246,0,0.545,-0.047,0.0775,0.0427,NA,"K17218",0.948823018080668,1,FALSE,FALSE,FALSE,FALSE
"K09959",0.34,0,0.709,-0.0412,0.111,0.0263,NA,"K09959",0.971062753583987,1,FALSE,FALSE,FALSE,FALSE
"K15511",0.069,0,0.503,-0.196,0.293,0.0473,NA,"K04110,K15511,K15512,K15513,K15546",0.927424672489083,1,FALSE,FALSE,FALSE,FALSE
"K15514",0.0493,0,0.112,-0.412,0.259,0.112,NA,"K15514",0.687801152737752,1,FALSE,FALSE,FALSE,FALSE
"K18013",0.0296,0,0.409,-0.12,0.145,0.0582,NA,"K18013",0.893563612679114,1,FALSE,FALSE,FALSE,FALSE
"K17735",0.241,0,0.357,0.183,0.198,0.065,NA,"K17735",0.870676570871895,1,FALSE,FALSE,FALSE,FALSE
"K03802",0.128,0,0.416,-0.116,0.143,0.0573,NA,"K03802",0.897033591731266,1,FALSE,FALSE,FALSE,FALSE
"K18199",0.207,0,0.441,-0.063,0.0816,0.0544,NA,"K18199",0.907557336621455,1,FALSE,FALSE,FALSE,FALSE
"K00612",0.276,0,0.194,0.197,0.151,0.0915,NA,"K00612",0.761849411764706,1,FALSE,FALSE,FALSE,FALSE
"K02667",0.251,0,0.202,-0.218,0.171,0.0899,NA,"K02667",0.770894817073171,1,FALSE,FALSE,FALSE,FALSE
"K02668",0.212,0,0.128,-0.235,0.154,0.107,NA,"K02668",0.687801152737752,1,FALSE,FALSE,FALSE,FALSE
"K07028",0.227,0,0.345,-0.114,0.121,0.0666,NA,"K07028",0.863189835575486,1,FALSE,FALSE,FALSE,FALSE
"K02624",0.483,0,1e-05,0.582,0.129,0.304,NA,"K02624",0.00278166666666667,0.05007,TRUE,FALSE,TRUE,TRUE
"K02657",0.261,0,0.391,-0.169,0.196,0.0606,NA,"K02657",0.889784691136974,1,FALSE,FALSE,FALSE,FALSE
"K02658",0.246,0,0.994,0.00145,0.207,0.000495,NA,"K02658,K02659,K02660,K06596",0.997786287089014,1,FALSE,FALSE,FALSE,FALSE
"K03224",0.0985,0,0.968,0.00506,0.128,0.0028,NA,"K03224",0.994829403321714,1,FALSE,FALSE,FALSE,FALSE
"K18981",0.281,0,0.608,0.058,0.113,0.0362,NA,"K18981",0.957012260295505,1,FALSE,FALSE,FALSE,FALSE
"K02484",0.227,0,0.208,-0.279,0.221,0.0887,NA,"K02484",0.774316728624535,1,FALSE,FALSE,FALSE,FALSE
"K01031",0.222,0,0.638,-0.0509,0.108,0.0332,NA,"K01031,K01032",0.966263157894737,1,FALSE,FALSE,FALSE,FALSE
"K10979",0.591,0,0.477,0.0598,0.084,0.0501,NA,"K10979",0.921838808250573,1,FALSE,FALSE,FALSE,FALSE
"K01971",0.552,0,0.757,0.0252,0.0814,0.0218,NA,"K01971",0.976419045334613,1,FALSE,FALSE,FALSE,FALSE
"K02049",0.571,0,0.63,0.0414,0.0857,0.034,NA,"K02049",0.961124314442413,1,FALSE,FALSE,FALSE,FALSE
"K01470",0.409,0,0.431,-0.0656,0.0832,0.0555,NA,"K01470",0.904070800167574,1,FALSE,FALSE,FALSE,FALSE
"K24206",0.414,0,0.0441,0.227,0.112,0.141,NA,"K24206",0.454338888888889,1,FALSE,FALSE,FALSE,FALSE
"K28556",0.172,0,0.0535,-0.254,0.131,0.136,NA,"K28556",0.494233394833948,1,FALSE,FALSE,FALSE,FALSE
"K04118",0.167,0,0.941,-0.0101,0.137,0.00518,NA,"K04118",0.994829403321714,1,FALSE,FALSE,FALSE,FALSE
"K09922",0.266,0,0.475,-0.0953,0.133,0.0504,NA,"K09922",0.921838808250573,1,FALSE,FALSE,FALSE,FALSE
"K02204",0.419,0,0.709,0.046,0.123,0.0263,NA,"K02204",0.971062753583987,1,FALSE,FALSE,FALSE,FALSE
"K16267",0.0443,0,0.031,-0.688,0.317,0.151,NA,"K16267",0.384200495049505,1,FALSE,FALSE,FALSE,FALSE
"K01551",0.0985,0,0.241,-0.123,0.105,0.0826,NA,"K01551",0.802852295409182,1,FALSE,FALSE,FALSE,FALSE
"K02054",0.537,0,0.78,-0.0278,0.0991,0.0198,NA,"K02054",0.976419045334613,1,FALSE,FALSE,FALSE,FALSE
"K02052",0.468,0,0.705,0.0379,0.1,0.0267,NA,"K02052",0.971062753583987,1,FALSE,FALSE,FALSE,FALSE
"K18166",0.113,0,0.891,-0.019,0.138,0.0097,NA,"K18166",0.991826811916407,1,FALSE,FALSE,FALSE,FALSE
"K00472",0.167,0,0.0539,0.333,0.172,0.135,NA,"K00472",0.495187706422018,1,FALSE,FALSE,FALSE,FALSE
"K27597",0.158,0,0.977,0.00379,0.13,0.00205,NA,"K27597",0.995692855688988,1,FALSE,FALSE,FALSE,FALSE
"K16898",0.305,0,0.706,0.0819,0.217,0.0266,NA,"K16898",0.971062753583987,1,FALSE,FALSE,FALSE,FALSE
"K28280",0.158,0,0.872,0.0121,0.0755,0.0113,NA,"K28280",0.990720217835262,1,FALSE,FALSE,FALSE,FALSE
"K11477",0.261,0,0.407,-0.077,0.0927,0.0585,NA,"K11477",0.892618922470434,1,FALSE,FALSE,FALSE,FALSE
"K16422",0.0394,0,0.386,-0.188,0.216,0.0612,NA,"K16422",0.889784691136974,1,FALSE,FALSE,FALSE,FALSE
"K07336",0.394,0,0.414,0.0929,0.114,0.0576,NA,"K07336",0.895033678756477,1,FALSE,FALSE,FALSE,FALSE
"K16090",0.379,0,0.568,-0.066,0.115,0.0403,NA,"K16090",0.949517436067752,1,FALSE,FALSE,FALSE,FALSE
"K06919",0.138,0,0.946,-0.00539,0.0791,0.0048,NA,"K06919",0.994829403321714,1,FALSE,FALSE,FALSE,FALSE
"K16319",0.0246,0,0.712,-0.0701,0.19,0.0261,NA,"K16319,K16320",0.971062753583987,1,FALSE,FALSE,FALSE,FALSE
"K06985",0.394,0,0.333,0.165,0.17,0.0683,NA,"K06985",0.855351861295258,1,FALSE,FALSE,FALSE,FALSE
"K01469",0.158,0,0.324,0.173,0.175,0.0696,NA,"K01469",0.851137460650577,1,FALSE,FALSE,FALSE,FALSE
"K05570",0.369,0,0.78,-0.0272,0.0972,0.0197,NA,"K05570",0.976419045334613,1,FALSE,FALSE,FALSE,FALSE
"K04518",0.621,0,0.155,-0.194,0.136,0.1,NA,"K04518",0.701789757412399,1,FALSE,FALSE,FALSE,FALSE
"K02051",0.586,0,0.61,0.0442,0.0866,0.036,NA,"K02051",0.957197699720236,1,FALSE,FALSE,FALSE,FALSE
"K05603",0.438,0,0.00657,0.303,0.11,0.19,NA,"K05603",0.2062258125,1,FALSE,FALSE,FALSE,FALSE
"K01458",0.419,0,0.000221,0.49,0.13,0.256,NA,"K01458",0.0259665348837209,1,TRUE,FALSE,TRUE,FALSE
"K03769",0.374,0,0.519,0.0611,0.0945,0.0455,NA,"K03769",0.936444324324324,1,FALSE,FALSE,FALSE,FALSE
"K07516",0.251,0,0.699,-0.0551,0.142,0.0273,NA,"K07516",0.971062753583987,1,FALSE,FALSE,FALSE,FALSE
"K00043",0.0837,0,0.176,-0.206,0.152,0.0953,NA,"K00043",0.739909319899244,1,FALSE,FALSE,FALSE,FALSE
"K06373",0.355,0,0.464,0.137,0.187,0.0517,NA,"K06373",0.920462757527734,1,FALSE,FALSE,FALSE,FALSE
"K06374",0.355,0,0.464,0.137,0.187,0.0517,NA,"K06374",0.920462757527734,1,FALSE,FALSE,FALSE,FALSE
"K13926",0.212,0,0.348,0.0785,0.0835,0.0662,NA,"K13926",0.864732506203474,1,FALSE,FALSE,FALSE,FALSE
"K22589",0.148,0,0.746,-0.0816,0.251,0.0229,NA,"K22589",0.975763322884013,1,FALSE,FALSE,FALSE,FALSE
"K12663",0.222,0,0.347,0.196,0.208,0.0664,NA,"K12663",0.864392537313433,1,FALSE,FALSE,FALSE,FALSE
"K01545",0.241,0,0.998,0.000354,0.165,0.000151,NA,"K01545",0.998797921247252,1,FALSE,FALSE,FALSE,FALSE
"K08987",0.315,0,0.109,-0.169,0.105,0.113,NA,"K08987",0.687801152737752,1,FALSE,FALSE,FALSE,FALSE
"K09694",0.138,0,0.254,-0.19,0.166,0.0804,NA,"K09694,K09695",0.809307547169811,1,FALSE,FALSE,FALSE,FALSE
"K01725",0.187,0,0.994,0.000751,0.103,0.000516,NA,"K01725",0.997786287089014,1,FALSE,FALSE,FALSE,FALSE
"K02584",0.0197,0,0.749,-0.0714,0.223,0.0226,NA,"K02584",0.975863387978142,1,FALSE,FALSE,FALSE,FALSE
"K14987",0.177,0,0.743,-0.0298,0.0909,0.0232,NA,"K14987",0.975729793356003,1,FALSE,FALSE,FALSE,FALSE
"K01337",0.0542,0,0.133,-0.288,0.191,0.106,NA,"K01337",0.687801152737752,1,FALSE,FALSE,FALSE,FALSE
"K19967",0.0345,0,0.0578,-0.577,0.302,0.133,NA,"K19967,K21679",0.51864623655914,1,FALSE,FALSE,FALSE,FALSE
"K03736",0.409,0,0.00022,0.318,0.0845,0.257,NA,"K03736",0.0259665348837209,1,TRUE,FALSE,TRUE,FALSE
"K03735",0.468,0,0.00148,0.255,0.0792,0.222,NA,"K03735",0.0926295,1,FALSE,FALSE,TRUE,FALSE
"K05602",0.227,0,0.921,0.00983,0.0989,0.00701,NA,"K05602",0.994297872340426,1,FALSE,FALSE,FALSE,FALSE
"K05597",0.133,0,0.173,0.256,0.187,0.0961,NA,"K05597",0.734699745547074,1,FALSE,FALSE,FALSE,FALSE
"K28138",0.069,0,0.832,-0.0382,0.179,0.015,NA,"K28138",0.980424570487173,1,FALSE,FALSE,FALSE,FALSE
"K13774",0.172,0,0.34,0.176,0.184,0.0673,NA,"K13774",0.859353861686017,1,FALSE,FALSE,FALSE,FALSE
"K13778",0.182,0,0.948,-0.0139,0.213,0.0046,NA,"K13778",0.994829403321714,1,FALSE,FALSE,FALSE,FALSE
"K11731",0.187,0,0.638,0.0979,0.208,0.0332,NA,"K11731",0.966263157894737,1,FALSE,FALSE,FALSE,FALSE
"K13779",0.167,0,0.46,0.146,0.198,0.0521,NA,"K13779",0.916886942675159,1,FALSE,FALSE,FALSE,FALSE
"K13777",0.182,0,0.948,-0.0139,0.213,0.0046,NA,"K13777",0.994829403321714,1,FALSE,FALSE,FALSE,FALSE
"K00255",0.246,0,0.126,0.217,0.141,0.108,NA,"K00255",0.687801152737752,1,FALSE,FALSE,FALSE,FALSE
"K16904",0.0985,0,0.671,-0.0366,0.0861,0.03,NA,"K16904",0.971062753583987,1,FALSE,FALSE,FALSE,FALSE
"K01974",0.113,0,0.434,-0.0928,0.118,0.0552,NA,"K01974",0.906028571428571,1,FALSE,FALSE,FALSE,FALSE
"K14415",0.34,0,0.541,-0.057,0.093,0.0432,NA,"K14415",0.947459601259182,1,FALSE,FALSE,FALSE,FALSE
"K14414",0.133,0,0.397,-0.091,0.107,0.0597,NA,"K14414",0.889784691136974,1,FALSE,FALSE,FALSE,FALSE
"K16639",0.281,0,0.0266,0.311,0.139,0.156,NA,"K16639",0.358992452830189,1,FALSE,FALSE,FALSE,FALSE
"K06134",0.34,0,0.362,0.141,0.155,0.0643,NA,"K06134",0.877315585672798,1,FALSE,FALSE,FALSE,FALSE
"K09667",0.207,0,0.343,0.104,0.109,0.0669,NA,"K09667",0.863189835575486,1,FALSE,FALSE,FALSE,FALSE
"K01709",0.271,0,0.951,0.00528,0.0855,0.00436,NA,"K01709",0.994829403321714,1,FALSE,FALSE,FALSE,FALSE
"K00978",0.3,0,0.918,0.00837,0.0816,0.00724,NA,"K00978",0.993607003891051,1,FALSE,FALSE,FALSE,FALSE
"K05712",0.271,0,0.334,0.088,0.0909,0.0681,NA,"K05712",0.855351861295258,1,FALSE,FALSE,FALSE,FALSE
"K26183",0.0887,0,0.456,-0.106,0.143,0.0526,NA,"K26183",0.914008006405124,1,FALSE,FALSE,FALSE,FALSE
"K26182",0.177,0,0.609,-0.0502,0.0979,0.0361,NA,"K26182",0.957081920903955,1,FALSE,FALSE,FALSE,FALSE
"K26180",0.0887,0,0.818,-0.0273,0.118,0.0163,NA,"K26180",0.978902007648183,1,FALSE,FALSE,FALSE,FALSE
"K26179",0.0887,0,0.668,0.0659,0.154,0.0303,NA,"K26179",0.971062753583987,1,FALSE,FALSE,FALSE,FALSE
"K26181",0.0985,0,0.834,-0.0288,0.137,0.0148,NA,"K26181",0.981626234132581,1,FALSE,FALSE,FALSE,FALSE
"K26184",0.103,0,0.189,0.146,0.111,0.0926,NA,"K26184",0.758271634615385,1,FALSE,FALSE,FALSE,FALSE
"K01505",0.182,0,0.495,-0.0678,0.0993,0.0481,NA,"K01505",0.924455427079448,1,FALSE,FALSE,FALSE,FALSE
"K18587",0.064,0,0.218,0.229,0.186,0.0869,NA,"K18587",0.786968997837058,1,FALSE,FALSE,FALSE,FALSE
"K02471",0.296,0,0.498,0.0723,0.107,0.0478,NA,"K02471",0.925570155902005,1,FALSE,FALSE,FALSE,FALSE
"K07063",0.0837,0,0.693,-0.0923,0.234,0.0279,NA,"K07063",0.971062753583987,1,FALSE,FALSE,FALSE,FALSE
"K08983",0.261,0,0.685,-0.067,0.165,0.0286,NA,"K08983",0.971062753583987,1,FALSE,FALSE,FALSE,FALSE
"K10819",0.064,0,0.152,-0.373,0.26,0.101,NA,"K10819",0.701789757412399,1,FALSE,FALSE,FALSE,FALSE
"K12070",0.0493,0,0.856,-0.0216,0.119,0.0128,NA,"K12070,K12071",0.988694809688581,1,FALSE,FALSE,FALSE,FALSE
"K12069",0.0394,0,0.0403,0.334,0.162,0.144,NA,"K12069",0.435814470842333,1,FALSE,FALSE,FALSE,FALSE
"K00217",0.143,0,0.0641,0.168,0.0903,0.13,NA,"K00217",0.548548464163822,1,FALSE,FALSE,FALSE,FALSE
"K04098",0.153,0,0.191,0.128,0.0978,0.0921,NA,"K04098",0.758395717684378,1,FALSE,FALSE,FALSE,FALSE
"K17749",0.0296,0,0.712,-0.0698,0.189,0.026,NA,"K17749",0.971062753583987,1,FALSE,FALSE,FALSE,FALSE
"K01247",0.522,0,0.0159,0.259,0.106,0.169,NA,"K01247",0.268957094594595,1,FALSE,FALSE,FALSE,FALSE
"K07518",0.108,0,0.145,-0.318,0.218,0.103,NA,"K07518",0.692102001906578,1,FALSE,FALSE,FALSE,FALSE
"K18208",0.266,0,0.857,-0.0291,0.162,0.0127,NA,"K18208",0.988709447004608,1,FALSE,FALSE,FALSE,FALSE
"K06893",0.315,0,0.962,0.00314,0.0659,0.00337,NA,"K06893",0.994829403321714,1,FALSE,FALSE,FALSE,FALSE
"K18302",0.34,0,0.0809,0.362,0.206,0.123,NA,"K18302",0.601731454005935,1,FALSE,FALSE,FALSE,FALSE
"K18303",0.271,0,0.141,0.351,0.238,0.104,NA,"K18303",0.687801152737752,1,FALSE,FALSE,FALSE,FALSE
"K01578",0.118,0,0.476,-0.118,0.165,0.0504,NA,"K01578",0.921838808250573,1,FALSE,FALSE,FALSE,FALSE
"K18661",0.123,0,0.447,-0.128,0.168,0.0537,NA,"K18661",0.909438845997562,1,FALSE,FALSE,FALSE,FALSE
"K25034",0.153,0,0.894,-0.033,0.246,0.00945,NA,"K25034",0.992088775736108,1,FALSE,FALSE,FALSE,FALSE
"K07341",0.163,0,0.121,0.116,0.0742,0.109,NA,"K07341",0.687801152737752,1,FALSE,FALSE,FALSE,FALSE
"K01857",0.409,0,0.142,0.189,0.128,0.104,NA,"K01857",0.687801152737752,1,FALSE,FALSE,FALSE,FALSE
"K11443",0.138,0,0.906,-0.0204,0.173,0.00831,NA,"K11443",0.992926448253417,1,FALSE,FALSE,FALSE,FALSE
"K20628",0.0296,0,0.418,-0.131,0.161,0.0571,NA,"K20628",0.899796216680997,1,FALSE,FALSE,FALSE,FALSE
"K01707",0.448,0,0.678,0.0326,0.0783,0.0294,NA,"K01707",0.971062753583987,1,FALSE,FALSE,FALSE,FALSE
"K21686",0.31,0,0.913,-0.0184,0.167,0.00775,NA,"K21686",0.992926448253417,1,FALSE,FALSE,FALSE,FALSE
"K07110",0.177,0,0.628,0.0826,0.17,0.0342,NA,"K07110",0.959827838827839,1,FALSE,FALSE,FALSE,FALSE
"K18453",0.296,0,0.492,-0.15,0.217,0.0485,NA,"K18453",0.923821482035928,1,FALSE,FALSE,FALSE,FALSE
"K16165",0.315,0,0.286,0.114,0.107,0.0752,NA,"K16165",0.82726863084922,1,FALSE,FALSE,FALSE,FALSE
"K22296",0.103,0,0.28,-0.1,0.0927,0.0762,NA,"K22296",0.820339379754242,1,FALSE,FALSE,FALSE,FALSE
"K14267",0.419,0,0.795,0.0379,0.146,0.0184,NA,"K14267",0.976419045334613,1,FALSE,FALSE,FALSE,FALSE
"K09691",0.281,0,0.527,-0.0461,0.0728,0.0446,NA,"K09691",0.941380306814128,1,FALSE,FALSE,FALSE,FALSE
"K05973",0.246,0,0.138,0.314,0.211,0.104,NA,"K05973",0.687801152737752,1,FALSE,FALSE,FALSE,FALSE
"K07816",0.31,0,0.882,0.0118,0.0793,0.0105,NA,"K07816",0.991805481283422,1,FALSE,FALSE,FALSE,FALSE
"K00496",0.103,0,0.479,0.0932,0.132,0.0499,NA,"K00496",0.921838808250573,1,FALSE,FALSE,FALSE,FALSE
"K01849",0.0246,0,0.374,-0.213,0.239,0.0627,NA,"K01849",0.879989661654135,1,FALSE,FALSE,FALSE,FALSE
"K01965",0.177,0,0.446,0.138,0.18,0.0538,NA,"K01965",0.909251628664495,1,FALSE,FALSE,FALSE,FALSE
"K11811",0.429,0,0.959,-0.00401,0.0786,0.0036,NA,"K11811",0.994829403321714,1,FALSE,FALSE,FALSE,FALSE
"K22348",0.172,0,0.346,0.196,0.208,0.0665,NA,"K22348",0.863189835575486,1,FALSE,FALSE,FALSE,FALSE
"K01155",0.0443,0,0.844,0.0333,0.169,0.0139,NA,"K01155",0.986439775910364,1,FALSE,FALSE,FALSE,FALSE
"K18313",0.33,0,0.258,0.102,0.0898,0.0798,NA,"K18313",0.810417816813049,1,FALSE,FALSE,FALSE,FALSE
"K01584",0.305,0,0.595,0.0695,0.131,0.0375,NA,"K01584",0.955838370983137,1,FALSE,FALSE,FALSE,FALSE
"K05913",0.0985,0,0.735,0.0386,0.114,0.0239,NA,"K05913",0.974356632247816,1,FALSE,FALSE,FALSE,FALSE
"K25026",0.34,0,0.514,-0.0878,0.134,0.046,NA,"K25026",0.932125316914162,1,FALSE,FALSE,FALSE,FALSE
"K01950",0.148,0,0.697,-0.0499,0.128,0.0275,NA,"K01950",0.971062753583987,1,FALSE,FALSE,FALSE,FALSE
"K22522",0.567,0,0.855,0.0228,0.125,0.0129,NA,"K22522",0.988694809688581,1,FALSE,FALSE,FALSE,FALSE
"K01537",0.158,0,0.701,-0.0751,0.195,0.0271,NA,"K01537",0.971062753583987,1,FALSE,FALSE,FALSE,FALSE
"K10844",0.286,0,0.479,-0.145,0.205,0.0499,NA,"K10844",0.921838808250573,1,FALSE,FALSE,FALSE,FALSE
"K13876",0.113,0,0.875,0.0194,0.123,0.0111,NA,"K13876",0.991440325497288,1,FALSE,FALSE,FALSE,FALSE
"K13875",0.276,0,0.137,0.167,0.112,0.105,NA,"K13875",0.687801152737752,1,FALSE,FALSE,FALSE,FALSE
"K10547",0.276,0,0.507,-0.0882,0.133,0.0469,NA,"K10547",0.927424672489083,1,FALSE,FALSE,FALSE,FALSE
"K10548",0.281,0,0.29,-0.138,0.13,0.0746,NA,"K10548",0.831651877133106,1,FALSE,FALSE,FALSE,FALSE
"K10546",0.281,0,0.29,-0.138,0.13,0.0746,NA,"K10546",0.831651877133106,1,FALSE,FALSE,FALSE,FALSE
"K22185",0.148,0,0.543,0.0771,0.126,0.0429,NA,"K22185",0.948639567341242,1,FALSE,FALSE,FALSE,FALSE
"K14274",0.0739,0,0.306,-0.178,0.173,0.0722,NA,"K14274",0.841670784103115,1,FALSE,FALSE,FALSE,FALSE
"K09008",0.177,0,0.157,-0.208,0.146,0.0998,NA,"K09008",0.70312969588551,1,FALSE,FALSE,FALSE,FALSE
"K00332",0.31,0,0.961,-0.00768,0.157,0.00345,NA,"K00332",0.994829403321714,1,FALSE,FALSE,FALSE,FALSE
"K00333",0.36,0,0.191,0.221,0.169,0.092,NA,"K00333",0.758395717684378,1,FALSE,FALSE,FALSE,FALSE
"K18901",0.172,0,0.711,-0.055,0.148,0.0262,NA,"K18901,K18902",0.971062753583987,1,FALSE,FALSE,FALSE,FALSE
"K18903",0.0887,0,0.734,-0.0528,0.155,0.024,NA,"K18903",0.974356632247816,1,FALSE,FALSE,FALSE,FALSE
"K22209",0.118,0,0.3,-0.108,0.104,0.0731,NA,"K22209",0.839146436525612,1,FALSE,FALSE,FALSE,FALSE
"K18242",0.0394,0,0.0347,-0.666,0.313,0.148,NA,"K14578,K18242,K18243",0.406892037470726,1,FALSE,FALSE,FALSE,FALSE
"K01801",0.0296,0,0.264,-0.217,0.193,0.0788,NA,"K01801",0.814447319778189,1,FALSE,FALSE,FALSE,FALSE
"K18982",0.133,0,0.128,0.212,0.139,0.107,NA,"K18982",0.687801152737752,1,FALSE,FALSE,FALSE,FALSE
"K22622",0.0837,0,0.902,0.0154,0.125,0.00869,NA,"K22622",0.992180622533976,1,FALSE,FALSE,FALSE,FALSE
"K17225",0.0837,0,0.902,0.0154,0.125,0.00869,NA,"K17225",0.992180622533976,1,FALSE,FALSE,FALSE,FALSE
"K19666",0.0443,0,0.871,0.0258,0.159,0.0115,NA,"K19666",0.990708087233076,1,FALSE,FALSE,FALSE,FALSE
"K13061",0.0985,0,0.781,0.0357,0.128,0.0196,NA,"K13061",0.976419045334613,1,FALSE,FALSE,FALSE,FALSE
"K16216",0.187,0,0.35,-0.152,0.162,0.066,NA,"K16216",0.867023680315738,1,FALSE,FALSE,FALSE,FALSE
"K22476",0.291,0,0.429,0.127,0.16,0.0558,NA,"K22476",0.903281328847771,1,FALSE,FALSE,FALSE,FALSE
"K18640",0.123,0,0.214,0.14,0.112,0.0875,NA,"K18640",0.781544857768052,1,FALSE,FALSE,FALSE,FALSE
"K00635",0.123,0,0.86,-0.019,0.108,0.0125,NA,"K00635",0.989755813953488,1,FALSE,FALSE,FALSE,FALSE
"K08678",0.163,0,0.921,-0.00994,0.0995,0.00704,NA,"K08678",0.994297872340426,1,FALSE,FALSE,FALSE,FALSE
"K00104",0.591,0,0.357,0.119,0.129,0.0649,NA,"K00104",0.870676570871895,1,FALSE,FALSE,FALSE,FALSE
"K13598",0.222,0,0.216,0.318,0.256,0.0872,NA,"K13598",0.784272661348803,1,FALSE,FALSE,FALSE,FALSE
"K15778",0.34,0,0.211,-0.257,0.205,0.0881,NA,"K15778",0.779687822878229,1,FALSE,FALSE,FALSE,FALSE
"K09990",0.281,0,0.346,0.0998,0.106,0.0665,NA,"K09990",0.863189835575486,1,FALSE,FALSE,FALSE,FALSE
"K01559",0.0887,0,0.0922,-0.229,0.135,0.119,NA,"K01559",0.646154748603352,1,FALSE,FALSE,FALSE,FALSE
"K23247",0.108,0,0.214,-0.141,0.113,0.0875,NA,"K23247",0.781544857768052,1,FALSE,FALSE,FALSE,FALSE
"K07250",0.286,0,0.454,0.0821,0.109,0.0529,NA,"K07250",0.912922891566265,1,FALSE,FALSE,FALSE,FALSE
"K22549",0.236,0,0.567,0.0662,0.115,0.0405,NA,"K22549",0.949517436067752,1,FALSE,FALSE,FALSE,FALSE
"K22550",0.251,0,0.341,0.0863,0.0905,0.0671,NA,"K22550",0.861012102874433,1,FALSE,FALSE,FALSE,FALSE
"K21061",0.246,0,0.895,0.015,0.113,0.00933,NA,"K21061",0.992088775736108,1,FALSE,FALSE,FALSE,FALSE
"K21062",0.404,0,0.00337,0.319,0.108,0.205,NA,"K21062",0.146726869565217,1,FALSE,FALSE,FALSE,FALSE
"K19746",0.389,0,0.677,0.0615,0.148,0.0294,NA,"K19746",0.971062753583987,1,FALSE,FALSE,FALSE,FALSE
"K00109",0.167,0,0.707,-0.0491,0.13,0.0265,NA,"K00109",0.971062753583987,1,FALSE,FALSE,FALSE,FALSE
"K01576",0.0542,0,0.725,-0.0442,0.125,0.0249,NA,"K01576",0.972688906752412,1,FALSE,FALSE,FALSE,FALSE
"K07086",0.0985,0,0.661,-0.0526,0.12,0.031,NA,"K07086",0.971062753583987,1,FALSE,FALSE,FALSE,FALSE
"K02502",0.438,0,0.303,0.188,0.182,0.0726,NA,"K02502",0.841396694214876,1,FALSE,FALSE,FALSE,FALSE
"K08086",0.335,0,0.643,-0.0758,0.163,0.0327,NA,"K08086",0.967398137019231,1,FALSE,FALSE,FALSE,FALSE
"K01817",0.65,0,0.552,0.0611,0.103,0.042,NA,"K01817",0.949517436067752,1,FALSE,FALSE,FALSE,FALSE
"K16557",0.128,0,0.788,-0.036,0.133,0.019,NA,"K16557",0.976419045334613,1,FALSE,FALSE,FALSE,FALSE
"K05818",0.0542,0,0.424,0.0924,0.115,0.0564,NA,"K05818",0.902105063291139,1,FALSE,FALSE,FALSE,FALSE
"K07045",0.286,0,0.958,-0.00359,0.0676,0.00374,NA,"K07045",0.994829403321714,1,FALSE,FALSE,FALSE,FALSE
"K02793",0.202,0,0.00596,0.646,0.233,0.192,NA,"K02793",0.200921923076923,1,FALSE,FALSE,FALSE,FALSE
"K06023",0.251,0,0.0368,-0.458,0.218,0.147,NA,"K06023",0.421642105263158,1,FALSE,FALSE,FALSE,FALSE
"K01476",0.35,0,0.723,-0.0455,0.128,0.025,NA,"K01476",0.972688906752412,1,FALSE,FALSE,FALSE,FALSE
"K06446",0.133,0,0.397,-0.089,0.105,0.0597,NA,"K06446",0.889784691136974,1,FALSE,FALSE,FALSE,FALSE
"K17754",0.0246,0,0.614,-0.129,0.255,0.0356,NA,"K17754",0.957197699720236,1,FALSE,FALSE,FALSE,FALSE
"K00038",0.182,0,0.137,0.121,0.0811,0.105,NA,"K00038",0.687801152737752,1,FALSE,FALSE,FALSE,FALSE
"K03379",0.0345,0,0.684,0.0577,0.142,0.0287,NA,"K03379",0.971062753583987,1,FALSE,FALSE,FALSE,FALSE
"K14731",0.069,0,0.694,-0.0467,0.119,0.0277,NA,"K14731",0.971062753583987,1,FALSE,FALSE,FALSE,FALSE
"K21528",0.138,0,0.429,0.0577,0.0729,0.0558,NA,"K21528",0.903281328847771,1,FALSE,FALSE,FALSE,FALSE
"K07075",0.0739,0,0.909,-0.0114,0.0995,0.0081,NA,"K07075",0.992926448253417,1,FALSE,FALSE,FALSE,FALSE
"K07062",0.182,0,0.83,-0.0167,0.0779,0.0151,NA,"K07062",0.98039985862394,1,FALSE,FALSE,FALSE,FALSE
"K03205",0.177,0,0.316,0.113,0.112,0.0708,NA,"K03205",0.846968516542156,1,FALSE,FALSE,FALSE,FALSE
"K18320",0.0443,0,0.359,0.147,0.16,0.0647,NA,"K18320",0.87300291403594,1,FALSE,FALSE,FALSE,FALSE
"K07344",0.103,0,0.426,0.0828,0.104,0.0562,NA,"K07344,K20529,K20530,K20532,K20533",0.902105063291139,1,FALSE,FALSE,FALSE,FALSE
"K20266",0.123,0,0.247,0.117,0.1,0.0816,NA,"K20266",0.805162109375,1,FALSE,FALSE,FALSE,FALSE
"K20267",0.064,0,0.0791,0.231,0.131,0.124,NA,"K20267",0.595608805970149,1,FALSE,FALSE,FALSE,FALSE
"K20531",0.123,0,0.512,0.0639,0.0972,0.0463,NA,"K20531",0.930182873730043,1,FALSE,FALSE,FALSE,FALSE
"K20528",0.108,0,0.543,0.062,0.102,0.043,NA,"K20527,K20528",0.948639567341242,1,FALSE,FALSE,FALSE,FALSE
"K28279",0.103,0,0.79,0.0227,0.0851,0.0188,NA,"K28279",0.976419045334613,1,FALSE,FALSE,FALSE,FALSE
"K01166",0.197,0,0.436,0.0968,0.124,0.0549,NA,"K01166",0.906028571428571,1,FALSE,FALSE,FALSE,FALSE
"K06443",0.0837,0,0.167,0.225,0.162,0.0974,NA,"K06443",0.72710347826087,1,FALSE,FALSE,FALSE,FALSE
"K10027",0.133,0,0.597,0.073,0.138,0.0373,NA,"K10027",0.955838370983137,1,FALSE,FALSE,FALSE,FALSE
"K00824",0.281,0,0.503,0.114,0.169,0.0473,NA,"K00824",0.927424672489083,1,FALSE,FALSE,FALSE,FALSE
"K04566",0.064,0,0.412,0.157,0.191,0.0579,NA,"K04566",0.893797227036395,1,FALSE,FALSE,FALSE,FALSE
"K11532",0.0345,0,0.00576,0.745,0.267,0.193,NA,"K11532",0.200921923076923,1,FALSE,FALSE,FALSE,FALSE
"K07096",0.0542,0,0.22,0.216,0.176,0.0864,NA,"K07096",0.791905104241553,1,FALSE,FALSE,FALSE,FALSE
"K09981",0.207,0,0.39,-0.0767,0.0889,0.0607,NA,"K09981",0.889784691136974,1,FALSE,FALSE,FALSE,FALSE
"K22067",0.345,0,0.644,0.0688,0.149,0.0327,NA,"K22067",0.967739495798319,1,FALSE,FALSE,FALSE,FALSE
"K00126",0.276,0,0.000624,0.531,0.153,0.238,NA,"K00126",0.0529553898305085,1,FALSE,FALSE,TRUE,FALSE
"K06904",0.138,0,0.608,0.0367,0.0716,0.0362,NA,"K06904",0.957012260295505,1,FALSE,FALSE,FALSE,FALSE
"K21511",0.0197,0,0.758,-0.0525,0.17,0.0218,NA,"K21511",0.976419045334613,1,FALSE,FALSE,FALSE,FALSE
"K26961",0.0246,0,0.759,-0.0539,0.176,0.0216,NA,"K26961",0.976419045334613,1,FALSE,FALSE,FALSE,FALSE
"K07266",0.158,0,0.674,0.0375,0.0892,0.0297,NA,"K07266",0.971062753583987,1,FALSE,FALSE,FALSE,FALSE
"K08988",0.261,0,0.425,0.0822,0.103,0.0563,NA,"K08988",0.902105063291139,1,FALSE,FALSE,FALSE,FALSE
"K03294",0.35,0,0.939,0.0094,0.123,0.00538,NA,"K03294",0.994829403321714,1,FALSE,FALSE,FALSE,FALSE
"K18829",0.153,0,0.768,0.023,0.0779,0.0208,NA,"K18829",0.976419045334613,1,FALSE,FALSE,FALSE,FALSE
"K18828",0.158,0,0.533,0.0463,0.0742,0.044,NA,"K18828",0.945181052631579,1,FALSE,FALSE,FALSE,FALSE
"K00227",0.123,0,0.997,-0.000806,0.199,0.000285,NA,"K00227",0.998797921247252,1,FALSE,FALSE,FALSE,FALSE
"K14981",0.118,0,0.317,0.27,0.269,0.0706,NA,"K14981",0.846968516542156,1,FALSE,FALSE,FALSE,FALSE
"K09991",0.108,0,0.208,0.4,0.317,0.0888,NA,"K09991,K13592,K17662,K25884",0.774316728624535,1,FALSE,FALSE,FALSE,FALSE
"K16560",0.108,0,0.0195,0.566,0.24,0.164,NA,"K16560",0.294085843373494,1,FALSE,FALSE,FALSE,FALSE
"K09956",0.227,0,0.0753,0.187,0.104,0.125,NA,"K09956",0.584278979907264,1,FALSE,FALSE,FALSE,FALSE
"K00955",0.305,0,0.28,0.156,0.144,0.0762,NA,"K00955",0.820339379754242,1,FALSE,FALSE,FALSE,FALSE
"K12255",0.315,0,0.709,-0.0477,0.128,0.0264,NA,"K12255",0.971062753583987,1,FALSE,FALSE,FALSE,FALSE
"K11740",0.128,0,0.00539,0.238,0.0844,0.195,NA,"K11740",0.196990729927007,1,FALSE,FALSE,FALSE,FALSE
"K26273",0.0246,0,0.00238,0.942,0.306,0.212,NA,"K26273",0.122852164948454,1,FALSE,FALSE,FALSE,FALSE
"K01156",0.0936,0,0.404,0.0656,0.0786,0.0588,NA,"K01156",0.892618922470434,1,FALSE,FALSE,FALSE,FALSE
"K07316",0.103,0,0.428,0.0603,0.0758,0.056,NA,"K07316",0.903281328847771,1,FALSE,FALSE,FALSE,FALSE
"K04094",0.251,0,0.000758,0.865,0.253,0.235,NA,"K04094",0.0583893230769231,1,FALSE,FALSE,TRUE,FALSE
"K22736",0.3,0,0.113,-0.113,0.071,0.112,NA,"K22736",0.687801152737752,1,FALSE,FALSE,FALSE,FALSE
"K00570",0.232,0,0.525,0.067,0.105,0.0448,NA,"K00570",0.940155579399142,1,FALSE,FALSE,FALSE,FALSE
"K09984",0.305,0,0.723,-0.0301,0.0848,0.025,NA,"K09984",0.972688906752412,1,FALSE,FALSE,FALSE,FALSE
"K01581",0.379,0,0.0115,0.289,0.113,0.177,NA,"K01581",0.242955696202532,1,FALSE,FALSE,FALSE,FALSE
"K13622",0.103,0,0.778,0.0794,0.281,0.0199,NA,"K13622",0.976419045334613,1,FALSE,FALSE,FALSE,FALSE
"K13623",0.103,0,0.778,0.0794,0.281,0.0199,NA,"K13623",0.976419045334613,1,FALSE,FALSE,FALSE,FALSE
"K00643",0.138,0,0.000252,0.657,0.176,0.254,NA,"K00643",0.0286764545454545,1,TRUE,FALSE,TRUE,FALSE
"K23264",0.379,0,0.0261,0.494,0.22,0.156,NA,"K23264,K23265,K23269",0.354153658536585,1,FALSE,FALSE,FALSE,FALSE
"K01623",0.217,0,0.0574,0.262,0.137,0.134,NA,"K01623",0.516909712230216,1,FALSE,FALSE,FALSE,FALSE
"K03879",0.103,0,0.00241,0.885,0.288,0.212,NA,"K03879",0.123131326530612,1,FALSE,FALSE,FALSE,FALSE
"K12574",0.424,0,0.354,0.195,0.21,0.0654,NA,"K12574",0.869714425907753,1,FALSE,FALSE,FALSE,FALSE
"K28098",0.296,0,0.213,0.205,0.165,0.0878,NA,"K28098",0.780168983174835,1,FALSE,FALSE,FALSE,FALSE
"K13599",0.133,0,0.000942,0.83,0.247,0.23,NA,"K13599",0.0648852328767123,1,FALSE,FALSE,TRUE,FALSE
"K12506",0.163,0,0.00693,0.556,0.204,0.189,NA,"K12506",0.206786271186441,1,FALSE,FALSE,FALSE,FALSE
"K22438",0.0985,0,0.782,0.0403,0.145,0.0195,NA,"K22438",0.976419045334613,1,FALSE,FALSE,FALSE,FALSE
"K22617",0.286,0,0.0329,0.424,0.197,0.15,NA,"K22617",0.398862711864407,1,FALSE,FALSE,FALSE,FALSE
"K01006",0.138,0,0.000332,0.869,0.238,0.249,NA,"K01006",0.03364704,1,TRUE,FALSE,TRUE,FALSE
"K07482",0.276,0,0.267,0.0641,0.0576,0.0783,NA,"K07482",0.814882459312839,1,FALSE,FALSE,FALSE,FALSE
"K20997",0.153,0,0.552,0.0567,0.0952,0.0419,NA,"K20997",0.949517436067752,1,FALSE,FALSE,FALSE,FALSE
"K16079",0.133,0,5.71e-05,0.762,0.185,0.279,NA,"K16079",0.0129954409090909,0.2858997,TRUE,FALSE,TRUE,FALSE
"K00015",0.236,0,0.76,0.0287,0.0938,0.0216,NA,"K00015",0.976419045334613,1,FALSE,FALSE,FALSE,FALSE
"K01449",0.409,0,0.0135,0.37,0.148,0.173,NA,"K01449",0.258852452830189,1,FALSE,FALSE,FALSE,FALSE
"K01235",0.113,0,0.692,-0.0701,0.176,0.028,NA,"K01235",0.971062753583987,1,FALSE,FALSE,FALSE,FALSE
"K07742",0.271,0,0.145,0.214,0.146,0.103,NA,"K07742",0.692102001906578,1,FALSE,FALSE,FALSE,FALSE
"K19686",0.0739,0,0.496,-0.0861,0.126,0.0481,NA,"K19686",0.924598659717051,1,FALSE,FALSE,FALSE,FALSE
"K00035",0.153,0,0.184,0.212,0.159,0.0937,NA,"K00035",0.750234527687296,1,FALSE,FALSE,FALSE,FALSE
"K06871",0.153,0,0.565,0.0823,0.143,0.0407,NA,"K06871",0.949517436067752,1,FALSE,FALSE,FALSE,FALSE
"K08685",0.128,0,0.334,0.151,0.156,0.0682,NA,"K08685",0.855351861295258,1,FALSE,FALSE,FALSE,FALSE
"K28561",0.0296,0,0.706,0.12,0.317,0.0267,NA,"K28561",0.971062753583987,1,FALSE,FALSE,FALSE,FALSE
"K04092",0.256,0,0.309,0.208,0.204,0.0718,NA,"K04092",0.841670784103115,1,FALSE,FALSE,FALSE,FALSE
"K00283",0.158,0,0.749,0.0602,0.188,0.0226,NA,"K00282,K00283",0.975863387978142,1,FALSE,FALSE,FALSE,FALSE
"K09965",0.069,0,0.937,-0.0162,0.205,0.00557,NA,"K09965",0.994829403321714,1,FALSE,FALSE,FALSE,FALSE
"K19336",0.0296,0,0.133,0.348,0.231,0.106,NA,"K19336",0.687801152737752,1,FALSE,FALSE,FALSE,FALSE
"K19335",0.0148,0,0.921,-0.0304,0.305,0.00703,NA,"K19335",0.994297872340426,1,FALSE,FALSE,FALSE,FALSE
"K17675",0.187,0,2.36e-10,1.45,0.217,0.426,NA,"K17675",1.96942e-07,1.181652e-06,TRUE,TRUE,TRUE,TRUE
"K07736",0.3,0,0.98,-0.00412,0.16,0.00181,NA,"K07736",0.996316751269036,1,FALSE,FALSE,FALSE,FALSE
"K01181",0.192,0,0.179,-0.111,0.0821,0.0948,NA,"K01181",0.744396179401993,1,FALSE,FALSE,FALSE,FALSE
"K18162",0.113,0,0.313,-0.245,0.242,0.0712,NA,"K18162",0.841670784103115,1,FALSE,FALSE,FALSE,FALSE
"K13589",0.113,0,0.28,0.266,0.246,0.0762,NA,"K13589",0.820339379754242,1,FALSE,FALSE,FALSE,FALSE
"K01406",0.276,0,0.623,0.047,0.0953,0.0347,NA,"K01406",0.958754595588235,1,FALSE,FALSE,FALSE,FALSE
"K01209",0.192,0,0.217,-0.133,0.107,0.087,NA,"K01209",0.785624728850325,1,FALSE,FALSE,FALSE,FALSE
"K06113",0.0837,0,0.356,0.151,0.163,0.0651,NA,"K06113",0.869932650073206,1,FALSE,FALSE,FALSE,FALSE
"K15229",0.118,0,0.972,0.00519,0.146,0.0025,NA,"K15228,K15229",0.995256441717791,1,FALSE,FALSE,FALSE,FALSE
"K08151",0.177,0,0.32,-0.122,0.123,0.0702,NA,"K08151",0.849047543581616,1,FALSE,FALSE,FALSE,FALSE
"K11177",0.246,0,0.931,0.0073,0.0841,0.00612,NA,"K11177,K11178",0.994829403321714,1,FALSE,FALSE,FALSE,FALSE
"K13483",0.241,0,0.973,0.00272,0.0808,0.00237,NA,"K13483",0.995262717058223,1,FALSE,FALSE,FALSE,FALSE
"K16048",0.103,0,0.781,0.0316,0.114,0.0196,NA,"K16048",0.976419045334613,1,FALSE,FALSE,FALSE,FALSE
"K01115",0.163,0,0.000753,0.308,0.09,0.235,NA,"K01115",0.0583893230769231,1,FALSE,FALSE,TRUE,FALSE
"K00476",0.0197,0,0.935,-0.0191,0.234,0.00577,NA,"K00476",0.994829403321714,1,FALSE,FALSE,FALSE,FALSE
"K00782",0.369,0,0.72,0.0327,0.091,0.0253,NA,"K00782,K18928,K18929",0.972495279201511,1,FALSE,FALSE,FALSE,FALSE
"K18337",0.0443,0,0.623,-0.131,0.266,0.0347,NA,"K18337",0.958754595588235,1,FALSE,FALSE,FALSE,FALSE
"K12661",0.0985,0,0.491,-0.0774,0.112,0.0486,NA,"K12661",0.922836711711712,1,FALSE,FALSE,FALSE,FALSE
"K21883",0.108,0,0.459,-0.0912,0.123,0.0523,NA,"K21883",0.916352870813397,1,FALSE,FALSE,FALSE,FALSE
"K03560",0.365,0,0.000729,0.469,0.137,0.235,NA,"K03560",0.058017619047619,1,FALSE,FALSE,TRUE,FALSE
"K03953",0.0985,0,0.823,-0.0491,0.219,0.0158,NA,"K03953",0.98039985862394,1,FALSE,FALSE,FALSE,FALSE
"K28868",0.163,0,0.146,0.211,0.145,0.102,NA,"K28868",0.693569259962049,1,FALSE,FALSE,FALSE,FALSE
"K27332",0.0443,0,0.751,0.0432,0.136,0.0224,NA,"K27332",0.976419045334613,1,FALSE,FALSE,FALSE,FALSE
"K06905",0.3,0,0.66,0.0297,0.0674,0.0311,NA,"K06905",0.971062753583987,1,FALSE,FALSE,FALSE,FALSE
"K06906",0.251,0,0.688,-0.0308,0.0766,0.0284,NA,"K06906",0.971062753583987,1,FALSE,FALSE,FALSE,FALSE
"K06908",0.246,0,0.713,-0.0297,0.0805,0.026,NA,"K06908",0.971062753583987,1,FALSE,FALSE,FALSE,FALSE
"K06907",0.335,0,0.235,-0.0764,0.0641,0.0838,NA,"K06907",0.8009859437751,1,FALSE,FALSE,FALSE,FALSE
"K06903",0.305,0,0.621,-0.0321,0.0648,0.0349,NA,"K06903",0.958196302003082,1,FALSE,FALSE,FALSE,FALSE
"K08640",0.0246,0,0.0107,0.701,0.272,0.179,NA,"K08640",0.236012775330396,1,FALSE,FALSE,FALSE,FALSE
"K03309",0.0443,0,0.661,-0.123,0.281,0.0309,NA,"K03309",0.971062753583987,1,FALSE,FALSE,FALSE,FALSE
"K00273",0.0246,0,0.0849,-0.369,0.213,0.121,NA,"K00273",0.615187120115774,1,FALSE,FALSE,FALSE,FALSE
"K09457",0.251,0,0.0935,0.354,0.21,0.118,NA,"K09457",0.649106925207756,1,FALSE,FALSE,FALSE,FALSE
"K13525",0.0246,0,0.311,0.408,0.401,0.0715,NA,"K13525,K24073,K24078",0.841670784103115,1,FALSE,FALSE,FALSE,FALSE
"K00856",0.148,0,0.436,-0.165,0.211,0.055,NA,"K00856",0.906028571428571,1,FALSE,FALSE,FALSE,FALSE
"K23677",0.163,0,0.0273,0.333,0.15,0.155,NA,"K23677",0.36198364116095,1,FALSE,FALSE,FALSE,FALSE
"K07092",0.177,0,0.356,0.0947,0.102,0.0651,NA,"K07092",0.869932650073206,1,FALSE,FALSE,FALSE,FALSE
"K28223",0.0246,0,0.0951,0.346,0.206,0.117,NA,"K28223",0.653176543209877,1,FALSE,FALSE,FALSE,FALSE
"K12062",0.0443,0,0.312,-0.177,0.175,0.0713,NA,"K12062",0.841670784103115,1,FALSE,FALSE,FALSE,FALSE
"K21908",0.138,0,0.31,0.136,0.133,0.0716,NA,"K21908",0.841670784103115,1,FALSE,FALSE,FALSE,FALSE
"K18369",0.0788,0,0.806,-0.0239,0.0973,0.0174,NA,"K18369",0.976419045334613,1,FALSE,FALSE,FALSE,FALSE
"K14986",0.0788,0,0.309,-0.0929,0.0912,0.0717,NA,"K14986",0.841670784103115,1,FALSE,FALSE,FALSE,FALSE
"K07746",0.232,0,0.238,0.0858,0.0725,0.0832,NA,"K07746",0.8009859437751,1,FALSE,FALSE,FALSE,FALSE
"K08995",0.379,0,0.195,0.126,0.097,0.0914,NA,"K08995",0.763381548084441,1,FALSE,FALSE,FALSE,FALSE
"K09803",0.182,0,0.185,0.121,0.0907,0.0934,NA,"K09803",0.750644246353322,1,FALSE,FALSE,FALSE,FALSE
"K10254",0.103,0,0.313,0.114,0.113,0.0712,NA,"K10254",0.841670784103115,1,FALSE,FALSE,FALSE,FALSE
"K01533",0.562,0,0.687,-0.0424,0.105,0.0284,NA,"K01533",0.971062753583987,1,FALSE,FALSE,FALSE,FALSE
"K07233",0.222,0,0.605,0.0682,0.132,0.0365,NA,"K07233",0.957012260295505,1,FALSE,FALSE,FALSE,FALSE
"K03194",0.133,0,0.151,0.133,0.0923,0.101,NA,"K03194",0.700052777777778,1,FALSE,FALSE,FALSE,FALSE
"K03197",0.138,0,0.853,-0.0203,0.109,0.0131,NA,"K03197",0.988193197593707,1,FALSE,FALSE,FALSE,FALSE
"K03198",0.133,0,0.277,0.144,0.132,0.0766,NA,"K03198",0.818253097345133,1,FALSE,FALSE,FALSE,FALSE
"K03199",0.138,0,0.538,0.0762,0.124,0.0435,NA,"K03199",0.945181052631579,1,FALSE,FALSE,FALSE,FALSE
"K03200",0.128,0,0.331,0.104,0.107,0.0686,NA,"K03200",0.855168730650155,1,FALSE,FALSE,FALSE,FALSE
"K03201",0.143,0,0.743,0.0402,0.122,0.0232,NA,"K03201",0.975729793356003,1,FALSE,FALSE,FALSE,FALSE
"K03203",0.138,0,0.538,0.0762,0.124,0.0435,NA,"K03203",0.945181052631579,1,FALSE,FALSE,FALSE,FALSE
"K03204",0.138,0,0.538,0.0762,0.124,0.0435,NA,"K03204",0.945181052631579,1,FALSE,FALSE,FALSE,FALSE
"K03195",0.138,0,0.538,0.0762,0.124,0.0435,NA,"K03195",0.945181052631579,1,FALSE,FALSE,FALSE,FALSE
"K03196",0.138,0,0.538,0.0762,0.124,0.0435,NA,"K03196",0.945181052631579,1,FALSE,FALSE,FALSE,FALSE
"K22905",0.064,0,0.165,0.261,0.187,0.0978,NA,"K22905",0.724697368421053,1,FALSE,FALSE,FALSE,FALSE
"K05337",0.192,0,0.897,-0.0161,0.124,0.00914,NA,"K05337",0.992180622533976,1,FALSE,FALSE,FALSE,FALSE
"K05898",0.163,0,0.0524,0.184,0.0942,0.136,NA,"K05898",0.49040523364486,1,FALSE,FALSE,FALSE,FALSE
"K03300",0.443,0,0.207,0.146,0.116,0.089,NA,"K03300",0.774316728624535,1,FALSE,FALSE,FALSE,FALSE
"K22879",0.163,0,0.557,0.0805,0.137,0.0415,NA,"K22879",0.949517436067752,1,FALSE,FALSE,FALSE,FALSE
"K17760",0.069,0,0.277,-0.199,0.182,0.0766,NA,"K17760",0.818253097345133,1,FALSE,FALSE,FALSE,FALSE
"K27837",0.335,0,0.211,0.206,0.164,0.0882,NA,"K27837",0.779687822878229,1,FALSE,FALSE,FALSE,FALSE
"K07133",0.0985,0,0.804,0.0267,0.108,0.0175,NA,"K07133",0.976419045334613,1,FALSE,FALSE,FALSE,FALSE
"K06601",0.123,0,0.00104,0.884,0.266,0.229,NA,"K06601,K06602",0.0694304,1,FALSE,FALSE,TRUE,FALSE
"K00064",0.458,0,0.213,-0.0838,0.067,0.0878,NA,"K00064",0.780168983174835,1,FALSE,FALSE,FALSE,FALSE
"K26744",0.0788,0,0.139,0.168,0.113,0.104,NA,"K26744",0.687801152737752,1,FALSE,FALSE,FALSE,FALSE
"K00692",0.148,0,0.391,0.101,0.117,0.0605,NA,"K00692",0.889784691136974,1,FALSE,FALSE,FALSE,FALSE
"K07535",0.0542,0,0.988,0.00187,0.122,0.00108,NA,"K07535",0.99758246388443,1,FALSE,FALSE,FALSE,FALSE
"K16516",0.0887,0,0.42,0.0969,0.12,0.0569,NA,"K16516",0.900062766865927,1,FALSE,FALSE,FALSE,FALSE
"K02229",0.335,0,5.51e-11,1.13,0.162,0.439,NA,"K02229",6.8971425e-08,2.758857e-07,TRUE,TRUE,TRUE,TRUE
"K02228",0.3,0,5.88e-07,0.778,0.151,0.342,NA,"K02228",0.000267646909090909,0.002944116,TRUE,TRUE,TRUE,TRUE
"K15063",0.0246,0,0.197,-0.334,0.259,0.0908,NA,"K15063",0.766417249417249,1,FALSE,FALSE,FALSE,FALSE
"K11163",0.0985,0,0.472,0.0882,0.122,0.0508,NA,"K11163",0.921838808250573,1,FALSE,FALSE,FALSE,FALSE
"K23948",0.177,0,0.387,-0.0902,0.104,0.061,NA,"K23948",0.889784691136974,1,FALSE,FALSE,FALSE,FALSE
"K18197",0.0542,0,0.829,-0.0347,0.161,0.0152,NA,"K18197",0.98039985862394,1,FALSE,FALSE,FALSE,FALSE
"K24967",0.453,0,0.681,0.0354,0.086,0.029,NA,"K24967",0.971062753583987,1,FALSE,FALSE,FALSE,FALSE
"K07722",0.0394,0,0.23,0.251,0.208,0.0845,NA,"K07722",0.800841446453407,1,FALSE,FALSE,FALSE,FALSE
"K05886",0.069,0,0.479,-0.179,0.252,0.05,NA,"K05886",0.921838808250573,1,FALSE,FALSE,FALSE,FALSE
"K13609",0.315,0,0.000548,0.523,0.149,0.24,NA,"K13609",0.0473075172413793,1,TRUE,FALSE,TRUE,FALSE
"K18459",0.163,0,0.329,-0.171,0.174,0.0688,NA,"K18459",0.853082858622475,1,FALSE,FALSE,FALSE,FALSE
"K10621",0.108,0,0.0149,0.302,0.123,0.171,NA,"K10621",0.267277580071174,1,FALSE,FALSE,FALSE,FALSE
"K22303",0.236,0,0.895,0.0131,0.0997,0.0093,NA,"K22303",0.992088775736108,1,FALSE,FALSE,FALSE,FALSE
"K02277",0.34,0,0.566,0.0682,0.119,0.0405,NA,"K02277",0.949517436067752,1,FALSE,FALSE,FALSE,FALSE
"K05797",0.069,0,0.828,0.028,0.128,0.0154,NA,"K05797",0.98039985862394,1,FALSE,FALSE,FALSE,FALSE
"K18383",0.128,0,0.814,-0.0249,0.106,0.0166,NA,"K18383",0.976917066155321,1,FALSE,FALSE,FALSE,FALSE
"K15066",0.0246,0,0.807,0.0421,0.172,0.0173,NA,"K15066",0.976419045334613,1,FALSE,FALSE,FALSE,FALSE
"K24012",0.0788,0,0.335,-0.139,0.144,0.068,NA,"K24012",0.855351861295258,1,FALSE,FALSE,FALSE,FALSE
"K15782",0.266,0,0.0488,0.215,0.108,0.138,NA,"K15782",0.476394174757282,1,FALSE,FALSE,FALSE,FALSE
"K22737",0.108,0,0.00177,0.804,0.254,0.218,NA,"K22737",0.102442068965517,1,FALSE,FALSE,FALSE,FALSE
"K01843",0.202,0,0.955,-0.00853,0.152,0.00395,NA,"K01843",0.994829403321714,1,FALSE,FALSE,FALSE,FALSE
"K13582",0.0837,0,0.567,0.228,0.397,0.0404,NA,"K13582",0.949517436067752,1,FALSE,FALSE,FALSE,FALSE
"K12252",0.281,0,0.263,0.188,0.168,0.0789,NA,"K12252",0.814447319778189,1,FALSE,FALSE,FALSE,FALSE
"K09826",0.0985,0,0.779,0.0691,0.246,0.0198,NA,"K09826",0.976419045334613,1,FALSE,FALSE,FALSE,FALSE
"K01854",0.236,0,0.142,0.126,0.0855,0.104,NA,"K01854",0.687801152737752,1,FALSE,FALSE,FALSE,FALSE
"K10564",0.0837,0,0.567,0.228,0.397,0.0404,NA,"K10564",0.949517436067752,1,FALSE,FALSE,FALSE,FALSE
"K10565",0.0837,0,0.567,0.228,0.397,0.0404,NA,"K10565",0.949517436067752,1,FALSE,FALSE,FALSE,FALSE
"K21603",0.0837,0,0.567,0.228,0.397,0.0404,NA,"K21603",0.949517436067752,1,FALSE,FALSE,FALSE,FALSE
"K10235",0.103,0,0.134,0.43,0.286,0.105,NA,"K10235",0.687801152737752,1,FALSE,FALSE,FALSE,FALSE
"K13772",0.0837,0,0.567,0.228,0.397,0.0404,NA,"K13772",0.949517436067752,1,FALSE,FALSE,FALSE,FALSE
"K22217",0.0837,0,0.567,0.228,0.397,0.0404,NA,"K22217",0.949517436067752,1,FALSE,FALSE,FALSE,FALSE
"K22215",0.0985,0,0.0116,-0.595,0.234,0.177,NA,"K22215",0.243017573221757,1,FALSE,FALSE,FALSE,FALSE
"K18098",0.138,0,0.9,-0.0288,0.229,0.00887,NA,"K18098",0.992180622533976,1,FALSE,FALSE,FALSE,FALSE
"K16783",0.128,0,0.666,0.0564,0.131,0.0305,NA,"K16783",0.971062753583987,1,FALSE,FALSE,FALSE,FALSE
"K16784",0.222,0,0.762,0.0384,0.126,0.0214,NA,"K16784",0.976419045334613,1,FALSE,FALSE,FALSE,FALSE
"K21700",0.148,0,0.013,0.455,0.181,0.174,NA,"K21700",0.257116216216216,1,FALSE,FALSE,FALSE,FALSE
"K01133",0.32,0,0.0251,0.272,0.121,0.157,NA,"K01133",0.349099166666667,1,FALSE,FALSE,FALSE,FALSE
"K18234",0.163,0,0.641,0.0344,0.0738,0.0329,NA,"K18234",0.967295660036166,1,FALSE,FALSE,FALSE,FALSE
"K18918",0.0739,0,0.482,0.0784,0.111,0.0497,NA,"K18918",0.921838808250573,1,FALSE,FALSE,FALSE,FALSE
"K07104",0.335,0,0.732,0.054,0.157,0.0242,NA,"K07104",0.973989901674196,1,FALSE,FALSE,FALSE,FALSE
"K05568",0.389,0,0.227,0.209,0.172,0.0852,NA,"K05568",0.797606315789474,1,FALSE,FALSE,FALSE,FALSE
"K05569",0.394,0,0.474,0.112,0.155,0.0505,NA,"K05569",0.921838808250573,1,FALSE,FALSE,FALSE,FALSE
"K11357",0.0837,0,0.567,0.228,0.397,0.0404,NA,"K11357",0.949517436067752,1,FALSE,FALSE,FALSE,FALSE
"K07716",0.0837,0,0.567,0.228,0.397,0.0404,NA,"K07716",0.949517436067752,1,FALSE,FALSE,FALSE,FALSE
"K18305",0.069,0,0.612,-0.0503,0.0989,0.0358,NA,"K18305",0.957197699720236,1,FALSE,FALSE,FALSE,FALSE
"K12256",0.296,0,0.182,0.196,0.146,0.0941,NA,"K12256",0.746334152334152,1,FALSE,FALSE,FALSE,FALSE
"K06952",0.128,0,0.235,0.163,0.137,0.0836,NA,"K06952",0.8009859437751,1,FALSE,FALSE,FALSE,FALSE
"K08744",0.0936,0,0.621,-0.0558,0.113,0.035,NA,"K08744",0.958196302003082,1,FALSE,FALSE,FALSE,FALSE
"K04343",0.276,0,0.236,0.123,0.103,0.0836,NA,"K04343",0.8009859437751,1,FALSE,FALSE,FALSE,FALSE
"K02488",0.177,0,0.015,0.342,0.14,0.17,NA,"K02488",0.267277580071174,1,FALSE,FALSE,FALSE,FALSE
"K25885",0.0837,0,0.567,0.228,0.397,0.0404,NA,"K25885",0.949517436067752,1,FALSE,FALSE,FALSE,FALSE
"K09949",0.103,0,0.000946,1.04,0.311,0.23,NA,"K09949,K12989,K18996",0.0648852328767123,1,FALSE,FALSE,TRUE,FALSE
"K03937",0.0936,0,2.32e-05,0.798,0.184,0.292,NA,"K03937",0.00580812,0.1161624,TRUE,FALSE,TRUE,FALSE
"K01004",0.251,0,3.32e-07,0.898,0.17,0.349,NA,"K01004",0.000184702666666667,0.001662324,TRUE,TRUE,TRUE,TRUE
"K22684",0.148,0,0.992,-0.000946,0.0991,0.000673,NA,"K22684",0.99758246388443,1,FALSE,FALSE,FALSE,FALSE
"K00720",0.0345,0,0.852,-0.0301,0.161,0.0132,NA,"K00720",0.987491666666667,1,FALSE,FALSE,FALSE,FALSE
"K07504",0.148,0,0.176,-0.0997,0.0735,0.0953,NA,"K07504",0.739909319899244,1,FALSE,FALSE,FALSE,FALSE
"K13786",0.0837,0,0.567,0.228,0.397,0.0404,NA,"K13786",0.949517436067752,1,FALSE,FALSE,FALSE,FALSE
"K27080",0.241,0,0.663,-0.0512,0.117,0.0308,NA,"K27080",0.971062753583987,1,FALSE,FALSE,FALSE,FALSE
"K21829",0.256,0,2.29e-06,0.88,0.181,0.325,NA,"K21829",0.000819002142857143,0.01146603,TRUE,TRUE,TRUE,TRUE
"K14083",0.0985,0,0.888,0.0369,0.261,0.00998,NA,"K14083",0.991805481283422,1,FALSE,FALSE,FALSE,FALSE
"K16568",0.276,0,0.0053,0.229,0.0812,0.195,NA,"K16568",0.195125735294118,1,FALSE,FALSE,FALSE,FALSE
"K20807",0.148,0,0.257,0.139,0.122,0.0799,NA,"K20807",0.809307547169811,1,FALSE,FALSE,FALSE,FALSE
"K01721",0.163,0,0.82,0.0236,0.103,0.0161,NA,"K01721",0.979422709923664,1,FALSE,FALSE,FALSE,FALSE
"K00895",0.0985,0,0.809,0.0727,0.3,0.0171,NA,"K00895",0.976419045334613,1,FALSE,FALSE,FALSE,FALSE
"K27497",0.103,0,0.711,0.0983,0.265,0.0261,NA,"K27497",0.971062753583987,1,FALSE,FALSE,FALSE,FALSE
"K08299",0.0985,0,0.0137,0.596,0.24,0.173,NA,"K08299",0.258852452830189,1,FALSE,FALSE,FALSE,FALSE
"K17509",0.113,0,0.928,0.0171,0.189,0.00637,NA,"K17509",0.994829403321714,1,FALSE,FALSE,FALSE,FALSE
"K00314",0.0837,0,0.132,0.394,0.261,0.106,NA,"K00314",0.687801152737752,1,FALSE,FALSE,FALSE,FALSE
"K00315",0.133,0,0.0102,0.674,0.26,0.18,NA,"K00315",0.230410619469027,1,FALSE,FALSE,FALSE,FALSE
"K09702",0.202,0,0.769,0.0307,0.104,0.0207,NA,"K09702",0.976419045334613,1,FALSE,FALSE,FALSE,FALSE
"K13503",0.0837,0,0.567,0.228,0.397,0.0404,NA,"K13503",0.949517436067752,1,FALSE,FALSE,FALSE,FALSE
"K01938",0.236,0,0.908,0.0156,0.135,0.00816,NA,"K01938",0.992926448253417,1,FALSE,FALSE,FALSE,FALSE
"K06606",0.212,0,0.895,-0.0117,0.0889,0.0093,NA,"K06606",0.992088775736108,1,FALSE,FALSE,FALSE,FALSE
"K17213",0.167,0,0.705,0.0488,0.129,0.0267,NA,"K17213",0.971062753583987,1,FALSE,FALSE,FALSE,FALSE
"K17215",0.158,0,0.393,0.118,0.138,0.0602,NA,"K17215",0.889784691136974,1,FALSE,FALSE,FALSE,FALSE
"K17214",0.163,0,0.568,0.0766,0.134,0.0403,NA,"K17214",0.949517436067752,1,FALSE,FALSE,FALSE,FALSE
"K25027",0.212,0,0.371,0.108,0.12,0.0631,NA,"K25027",0.879989661654135,1,FALSE,FALSE,FALSE,FALSE
"K22086",0.0985,0,0.0334,0.538,0.251,0.149,NA,"K22086",0.399126014319809,1,FALSE,FALSE,FALSE,FALSE
"K22085",0.108,0,0.226,0.318,0.262,0.0853,NA,"K22084,K22085",0.797606315789474,1,FALSE,FALSE,FALSE,FALSE
"K21134",0.187,0,0.00685,0.346,0.127,0.189,NA,"K21134",0.206786271186441,1,FALSE,FALSE,FALSE,FALSE
"K21137",0.177,0,0.0515,0.271,0.138,0.137,NA,"K21137",0.487473962264151,1,FALSE,FALSE,FALSE,FALSE
"K21136",0.148,0,0.0342,0.324,0.152,0.149,NA,"K21136",0.40549647887324,1,FALSE,FALSE,FALSE,FALSE
"K15975",0.241,0,0.0943,0.295,0.175,0.118,NA,"K15975",0.652154834254144,1,FALSE,FALSE,FALSE,FALSE
"K16653",0.158,0,0.938,-0.00702,0.0897,0.00552,NA,"K16653",0.994829403321714,1,FALSE,FALSE,FALSE,FALSE
"K14136",0.0936,0,0.484,0.0692,0.0987,0.0494,NA,"K14136",0.922141552511415,1,FALSE,FALSE,FALSE,FALSE
"K09769",0.227,0,0.00468,0.766,0.268,0.198,NA,"K09769",0.178876030534351,1,FALSE,FALSE,FALSE,FALSE
"K09957",0.217,0,0.964,-0.00525,0.115,0.00322,NA,"K09957",0.994829403321714,1,FALSE,FALSE,FALSE,FALSE
"K00808",0.118,0,0.0507,0.34,0.173,0.137,NA,"K00808",0.485382217973231,1,FALSE,FALSE,FALSE,FALSE
"K09795",0.0837,0,0.567,0.228,0.397,0.0404,NA,"K09795",0.949517436067752,1,FALSE,FALSE,FALSE,FALSE
"K26399",0.236,0,0.271,0.0998,0.0903,0.0777,NA,"K26399",0.816424187725632,1,FALSE,FALSE,FALSE,FALSE
"K19181",0.123,0,0.0715,0.222,0.123,0.127,NA,"K19181",0.57086178343949,1,FALSE,FALSE,FALSE,FALSE
"K02638",0.0739,0,0.0583,0.687,0.361,0.133,NA,"K02638,K16552,K16553,K16559,K16563,K16565",0.522196958855098,1,FALSE,FALSE,FALSE,FALSE
"K06867",0.197,0,0.619,-0.0603,0.121,0.0351,NA,"K06867",0.958062751159196,1,FALSE,FALSE,FALSE,FALSE
"K14977",0.325,0,0.226,0.126,0.104,0.0854,NA,"K14977",0.797606315789474,1,FALSE,FALSE,FALSE,FALSE
"K01055",0.33,0,0.049,0.274,0.138,0.138,NA,"K01055",0.476394174757282,1,FALSE,FALSE,FALSE,FALSE
"K00448",0.414,0,0.588,0.0747,0.138,0.0383,NA,"K00448",0.955261518494484,1,FALSE,FALSE,FALSE,FALSE
"K02133",0.108,0,0.624,-0.112,0.228,0.0346,NA,"K02133",0.958754595588235,1,FALSE,FALSE,FALSE,FALSE
"K22843",0.266,0,0.826,0.0331,0.151,0.0155,NA,"K22843",0.98039985862394,1,FALSE,FALSE,FALSE,FALSE
"K09799",0.133,0,0.82,-0.034,0.149,0.0161,NA,"K09799",0.979422709923664,1,FALSE,FALSE,FALSE,FALSE
"K00949",0.276,0,0.512,0.12,0.183,0.0463,NA,"K00949",0.930182873730043,1,FALSE,FALSE,FALSE,FALSE
"K24819",0.0837,0,0.567,0.228,0.397,0.0404,NA,"K24819",0.949517436067752,1,FALSE,FALSE,FALSE,FALSE
"K26065",0.276,0,3.74e-06,0.884,0.186,0.318,NA,"K26065",0.001248412,0.01872618,TRUE,TRUE,TRUE,TRUE
"K26064",0.187,0,0.0334,0.312,0.146,0.149,NA,"K26064",0.399126014319809,1,FALSE,FALSE,FALSE,FALSE
"K03381",0.315,0,0.142,0.128,0.0871,0.104,NA,"K03381",0.687801152737752,1,FALSE,FALSE,FALSE,FALSE
"K10676",0.0591,0,0.874,0.0194,0.122,0.0112,NA,"K10676",0.991417761667422,1,FALSE,FALSE,FALSE,FALSE
"K24258",0.103,0,0.487,-0.0816,0.117,0.0491,NA,"K24258",0.922836711711712,1,FALSE,FALSE,FALSE,FALSE
"K00663",0.123,0,0.042,-0.331,0.162,0.143,NA,"K00663",0.443778315789474,1,FALSE,FALSE,FALSE,FALSE
"K19689",0.256,0,0.726,0.0549,0.157,0.0247,NA,"K19689",0.973248192771084,1,FALSE,FALSE,FALSE,FALSE
"K08688",0.113,0,0.749,-0.0431,0.135,0.0226,NA,"K08688",0.975863387978142,1,FALSE,FALSE,FALSE,FALSE
"K23248",0.0788,0,0.715,0.0448,0.123,0.0258,NA,"K23248",0.971062753583987,1,FALSE,FALSE,FALSE,FALSE
"K09684",0.33,0,0.884,0.0198,0.135,0.0103,NA,"K09684",0.991805481283422,1,FALSE,FALSE,FALSE,FALSE
"K23462",0.0788,0,0.862,0.0239,0.138,0.0122,NA,"K23462",0.989755813953488,1,FALSE,FALSE,FALSE,FALSE
"K23463",0.232,0,0.792,0.0233,0.0882,0.0186,NA,"K23463",0.976419045334613,1,FALSE,FALSE,FALSE,FALSE
"K23464",0.192,0,0.149,0.162,0.112,0.102,NA,"K23464",0.697236448598131,1,FALSE,FALSE,FALSE,FALSE
"K23465",0.202,0,0.423,0.0799,0.0995,0.0566,NA,"K23465",0.902105063291139,1,FALSE,FALSE,FALSE,FALSE
"K21617",0.0148,0,0.445,0.189,0.247,0.0539,NA,"K21617",0.908692903752039,1,FALSE,FALSE,FALSE,FALSE
"K16873",0.0443,0,0.182,0.218,0.163,0.0941,NA,"K16873",0.746334152334152,1,FALSE,FALSE,FALSE,FALSE
"K25873",0.0246,0,0.0113,0.408,0.16,0.177,NA,"K25873",0.241791025641026,1,FALSE,FALSE,FALSE,FALSE
"K20249",0.0148,0,0.32,0.191,0.192,0.0702,NA,"K20249",0.849047543581616,1,FALSE,FALSE,FALSE,FALSE
"K01621",0.296,0,0.407,0.0737,0.0887,0.0585,NA,"K01621",0.892618922470434,1,FALSE,FALSE,FALSE,FALSE
"K20539",0.069,0,0.746,-0.0479,0.148,0.0229,NA,"K20539",0.975763322884013,1,FALSE,FALSE,FALSE,FALSE
"K13028",0.0542,0,0.526,0.0752,0.118,0.0447,NA,"K13028",0.940600714285714,1,FALSE,FALSE,FALSE,FALSE
"K14166",0.113,0,0.535,0.111,0.179,0.0438,NA,"K14166",0.945181052631579,1,FALSE,FALSE,FALSE,FALSE
"K04747",0.0936,0,0.632,0.0865,0.18,0.0338,NA,"K04747",0.962708853057499,1,FALSE,FALSE,FALSE,FALSE
"K02305",0.202,0,0.644,0.0619,0.134,0.0326,NA,"K02305",0.967739495798319,1,FALSE,FALSE,FALSE,FALSE
"K00368",0.246,0,0.549,-0.0648,0.108,0.0423,NA,"K00368",0.949517436067752,1,FALSE,FALSE,FALSE,FALSE
"K21564",0.123,0,0.382,0.218,0.248,0.0617,NA,"K21564",0.887140074211503,1,FALSE,FALSE,FALSE,FALSE
"K22025",0.123,0,0.583,-0.0719,0.131,0.0387,NA,"K22025",0.953948039215686,1,FALSE,FALSE,FALSE,FALSE
"K10709",0.0788,0,0.624,0.0565,0.115,0.0346,NA,"K10709",0.958754595588235,1,FALSE,FALSE,FALSE,FALSE
"K07473",0.0739,0,0.911,-0.0118,0.105,0.00791,NA,"K07473",0.992926448253417,1,FALSE,FALSE,FALSE,FALSE
"K01635",0.0296,0,0.583,0.0817,0.148,0.0388,NA,"K01635",0.953948039215686,1,FALSE,FALSE,FALSE,FALSE
"K01473",0.261,0,0.616,-0.034,0.0676,0.0354,NA,"K01473",0.957266294227188,1,FALSE,FALSE,FALSE,FALSE
"K03202",0.0542,0,0.794,0.0316,0.121,0.0184,NA,"K03202",0.976419045334613,1,FALSE,FALSE,FALSE,FALSE
"K05373",0.069,0,0.32,-0.147,0.147,0.0701,NA,"K05373",0.849047543581616,1,FALSE,FALSE,FALSE,FALSE
"K05878",0.34,0,0.805,0.0303,0.123,0.0174,NA,"K05878",0.976419045334613,1,FALSE,FALSE,FALSE,FALSE
"K05879",0.222,0,0.0381,0.307,0.147,0.146,NA,"K05879",0.43062460496614,1,FALSE,FALSE,FALSE,FALSE
"K00862",0.103,0,0.135,0.242,0.161,0.105,NA,"K00862",0.687801152737752,1,FALSE,FALSE,FALSE,FALSE
"K01628",0.148,0,0.0826,0.207,0.118,0.122,NA,"K01628",0.608203235294118,1,FALSE,FALSE,FALSE,FALSE
"K15783",0.187,0,0.324,0.112,0.113,0.0695,NA,"K15783",0.851137460650577,1,FALSE,FALSE,FALSE,FALSE
"K15784",0.182,0,0.297,0.137,0.131,0.0735,NA,"K15784",0.836848058525605,1,FALSE,FALSE,FALSE,FALSE
"K03652",0.512,0,0.445,0.0767,0.1,0.0539,NA,"K03652",0.908692903752039,1,FALSE,FALSE,FALSE,FALSE
"K00004",0.271,0,0.806,-0.0216,0.0878,0.0174,NA,"K00004",0.976419045334613,1,FALSE,FALSE,FALSE,FALSE
"K23245",0.0985,0,0.987,0.00201,0.12,0.00119,NA,"K23245",0.99758246388443,1,FALSE,FALSE,FALSE,FALSE
"K23244",0.064,0,0.123,0.228,0.147,0.109,NA,"K23244",0.687801152737752,1,FALSE,FALSE,FALSE,FALSE
"K23246",0.064,0,0.855,0.0244,0.133,0.0129,NA,"K23246",0.988694809688581,1,FALSE,FALSE,FALSE,FALSE
"K24268",0.0197,0,0.797,0.0472,0.183,0.0182,NA,"K24268",0.976419045334613,1,FALSE,FALSE,FALSE,FALSE
"K12978",0.0887,0,0.607,0.142,0.276,0.0363,NA,"K12978",0.957012260295505,1,FALSE,FALSE,FALSE,FALSE
"K15408",0.133,0,0.0765,0.222,0.125,0.125,NA,"K15408",0.587447416413374,1,FALSE,FALSE,FALSE,FALSE
"K02351",0.291,0,0.028,0.279,0.126,0.154,NA,"K02351",0.365445974025974,1,FALSE,FALSE,FALSE,FALSE
"K20938",0.399,0,0.0294,0.247,0.113,0.153,NA,"K20938",0.373618781725888,1,FALSE,FALSE,FALSE,FALSE
"K09472",0.419,0,0.223,0.134,0.109,0.0859,NA,"K09472",0.796405848787446,1,FALSE,FALSE,FALSE,FALSE
"K06350",0.236,0,0.598,0.0526,0.0995,0.0372,NA,"K06350",0.955838370983137,1,FALSE,FALSE,FALSE,FALSE
"K11263",0.172,0,0.08,0.308,0.175,0.123,NA,"K11263",0.596959761549925,1,FALSE,FALSE,FALSE,FALSE
"K25029",0.0148,0,0.867,0.0301,0.179,0.0118,NA,"K25029",0.989755813953488,1,FALSE,FALSE,FALSE,FALSE
"K10710",0.138,0,0.701,0.0384,0.0998,0.0271,NA,"K10710",0.971062753583987,1,FALSE,FALSE,FALSE,FALSE
"K19510",0.103,0,0.378,0.0973,0.11,0.0622,NA,"K19510",0.883588235294118,1,FALSE,FALSE,FALSE,FALSE
"K21911",0.0788,0,6.25e-05,1.16,0.283,0.277,NA,"K21910,K21911",0.0130390625,0.3129375,TRUE,FALSE,TRUE,FALSE
"K21909",0.0887,0,0.00722,0.613,0.226,0.188,NA,"K21054,K21909",0.206786271186441,1,FALSE,FALSE,FALSE,FALSE
"K17204",0.103,0,0.297,0.138,0.132,0.0735,NA,"K17202,K17203,K17204",0.836848058525605,1,FALSE,FALSE,FALSE,FALSE
"K18201",0.271,0,0.00911,0.303,0.115,0.183,NA,"K18201",0.219296971153846,1,FALSE,FALSE,FALSE,FALSE
"K22551",0.148,0,0.957,0.00645,0.121,0.00377,NA,"K22551",0.994829403321714,1,FALSE,FALSE,FALSE,FALSE
"K18334",0.266,0,0.745,0.027,0.0826,0.023,NA,"K18334",0.975729793356003,1,FALSE,FALSE,FALSE,FALSE
"K00096",0.0345,0,0.856,-0.0468,0.257,0.0128,NA,"K00096",0.988694809688581,1,FALSE,FALSE,FALSE,FALSE
"K06978",0.374,0,0.114,-0.114,0.0718,0.111,NA,"K06978",0.687801152737752,1,FALSE,FALSE,FALSE,FALSE
"K21252",0.0296,0,0.614,0.0883,0.175,0.0356,NA,"K21252",0.957197699720236,1,FALSE,FALSE,FALSE,FALSE
"K05884",0.0837,0,0.621,-0.0551,0.111,0.0349,NA,"K05884",0.958196302003082,1,FALSE,FALSE,FALSE,FALSE
"K05346",0.246,0,0.863,-0.0183,0.106,0.0122,NA,"K05346",0.989755813953488,1,FALSE,FALSE,FALSE,FALSE
"K00128",0.384,0,0.0349,0.234,0.11,0.148,NA,"K00128",0.407762645011601,1,FALSE,FALSE,FALSE,FALSE
"K01506",0.31,0,0.375,0.115,0.13,0.0626,NA,"K01506",0.881514084507042,1,FALSE,FALSE,FALSE,FALSE
"K19687",0.0788,0,0.702,0.0844,0.22,0.027,NA,"K19687",0.971062753583987,1,FALSE,FALSE,FALSE,FALSE
"K07076",0.0887,0,0.782,-0.0429,0.155,0.0196,NA,"K07076",0.976419045334613,1,FALSE,FALSE,FALSE,FALSE
"K16555",0.0837,0,0.201,0.211,0.164,0.0901,NA,"K16555",0.770013006885998,1,FALSE,FALSE,FALSE,FALSE
"K16556",0.0837,0,0.923,0.0153,0.157,0.00685,NA,"K16556",0.994297872340426,1,FALSE,FALSE,FALSE,FALSE
"K16558",0.0837,0,0.779,0.056,0.199,0.0198,NA,"K16558",0.976419045334613,1,FALSE,FALSE,FALSE,FALSE
"K16562",0.0788,0,0.356,0.172,0.185,0.0652,NA,"K16562,K16564",0.869932650073206,1,FALSE,FALSE,FALSE,FALSE
"K16566",0.419,0,0.382,0.078,0.0892,0.0616,NA,"K16566",0.887140074211503,1,FALSE,FALSE,FALSE,FALSE
"K22935",0.0985,0,0.913,-0.0211,0.193,0.00774,NA,"K22935",0.992926448253417,1,FALSE,FALSE,FALSE,FALSE
"K01820",0.241,0,0.278,0.114,0.105,0.0765,NA,"K01820",0.819756183745583,1,FALSE,FALSE,FALSE,FALSE
"K12685",0.177,0,0.577,-0.0655,0.117,0.0394,NA,"K12685",0.95096741277156,1,FALSE,FALSE,FALSE,FALSE
"K17205",0.0197,0,0.00126,0.568,0.174,0.225,NA,"K17205,K17206,K17207",0.0819327272727273,1,FALSE,FALSE,TRUE,FALSE
"K00046",0.256,0,0.697,-0.0331,0.085,0.0275,NA,"K00046",0.971062753583987,1,FALSE,FALSE,FALSE,FALSE
"K15785",0.207,0,0.468,0.0925,0.127,0.0513,NA,"K15785",0.921838808250573,1,FALSE,FALSE,FALSE,FALSE
"K15786",0.187,0,0.0548,0.267,0.138,0.135,NA,"K15786",0.49797386569873,1,FALSE,FALSE,FALSE,FALSE
"K14205",0.527,0,0.943,-0.00706,0.0981,0.00507,NA,"K14205",0.994829403321714,1,FALSE,FALSE,FALSE,FALSE
"K26731",0.0739,0,0.0642,-0.262,0.141,0.13,NA,"K26731",0.548548464163822,1,FALSE,FALSE,FALSE,FALSE
"K11537",0.0296,0,0.897,-0.0344,0.264,0.00918,NA,"K11537",0.992180622533976,1,FALSE,FALSE,FALSE,FALSE
"K01417",0.0493,0,0.94,-0.0088,0.117,0.00532,NA,"K01417",0.994829403321714,1,FALSE,FALSE,FALSE,FALSE
"K26730",0.0591,0,0.608,-0.0913,0.178,0.0362,NA,"K26730",0.957012260295505,1,FALSE,FALSE,FALSE,FALSE
"K01195",0.0542,0,0.211,-0.141,0.113,0.0881,NA,"K01195",0.779687822878229,1,FALSE,FALSE,FALSE,FALSE
"K15923",0.108,0,0.244,-0.153,0.131,0.0821,NA,"K15923",0.803876146788991,1,FALSE,FALSE,FALSE,FALSE
"K15924",0.0591,0,0.126,-0.375,0.244,0.108,NA,"K15924",0.687801152737752,1,FALSE,FALSE,FALSE,FALSE
"K01569",0.069,0,0.156,-0.205,0.144,0.0998,NA,"K01569",0.701789757412399,1,FALSE,FALSE,FALSE,FALSE
"K09932",0.34,0,0.135,0.137,0.0914,0.105,NA,"K09932",0.687801152737752,1,FALSE,FALSE,FALSE,FALSE
"K09003",0.118,0,0.021,-0.457,0.197,0.162,NA,"K09003",0.306551020408163,1,FALSE,FALSE,FALSE,FALSE
"K09166",0.123,0,0.836,-0.0292,0.141,0.0147,NA,"K09166",0.983286821705426,1,FALSE,FALSE,FALSE,FALSE
"K01201",0.0887,0,0.393,-0.156,0.182,0.0602,NA,"K01201",0.889784691136974,1,FALSE,FALSE,FALSE,FALSE
"K03332",0.246,0,0.968,-0.00304,0.0765,0.0028,NA,"K03332",0.994829403321714,1,FALSE,FALSE,FALSE,FALSE
"K11383",0.192,0,0.0818,0.403,0.23,0.122,NA,"K11383",0.605876627218935,1,FALSE,FALSE,FALSE,FALSE
"K08982",0.103,0,0.266,-0.144,0.129,0.0784,NA,"K08982",0.814882459312839,1,FALSE,FALSE,FALSE,FALSE
"K20999",0.0591,0,0.51,0.115,0.174,0.0465,NA,"K20999",0.928233369683751,1,FALSE,FALSE,FALSE,FALSE
"K07074",0.236,0,0.561,0.0414,0.0711,0.041,NA,"K07074",0.949517436067752,1,FALSE,FALSE,FALSE,FALSE
"K01728",0.108,0,0.962,0.00584,0.123,0.00334,NA,"K01728",0.994829403321714,1,FALSE,FALSE,FALSE,FALSE
"K07480",0.0246,0,0.93,-0.0211,0.239,0.00622,NA,"K07480",0.994829403321714,1,FALSE,FALSE,FALSE,FALSE
"K09805",0.0148,0,0.0902,0.393,0.231,0.119,NA,"K09805",0.638216197183099,1,FALSE,FALSE,FALSE,FALSE
"K07339",0.0394,0,0.431,-0.0956,0.121,0.0555,NA,"K07339",0.904070800167574,1,FALSE,FALSE,FALSE,FALSE
"K21574",0.0345,0,0.844,-0.0473,0.239,0.0139,NA,"K21574",0.986439775910364,1,FALSE,FALSE,FALSE,FALSE
"K03918",0.0443,0,0.655,0.111,0.249,0.0315,NA,"K03918",0.971062753583987,1,FALSE,FALSE,FALSE,FALSE
"K19997",0.0394,0,0.156,-0.197,0.138,0.0998,NA,"K19997",0.701789757412399,1,FALSE,FALSE,FALSE,FALSE
"K17947",0.0739,0,0.182,0.15,0.112,0.0939,NA,"K17947",0.746334152334152,1,FALSE,FALSE,FALSE,FALSE
"K19005",0.369,0,0.713,0.0441,0.12,0.026,NA,"K19005",0.971062753583987,1,FALSE,FALSE,FALSE,FALSE
"K01641",0.0246,0,0.961,-0.013,0.265,0.00345,NA,"K01641",0.994829403321714,1,FALSE,FALSE,FALSE,FALSE
"K13236",0.0493,0,0.544,-0.161,0.264,0.0429,NA,"K13236",0.948823018080668,1,FALSE,FALSE,FALSE,FALSE
"K08715",0.0591,0,0.429,0.207,0.261,0.0558,NA,"K08715",0.903281328847771,1,FALSE,FALSE,FALSE,FALSE
"K07559",0.064,0,0.786,-0.0349,0.128,0.0192,NA,"K07559",0.976419045334613,1,FALSE,FALSE,FALSE,FALSE
"K02839",0.069,0,0.26,0.148,0.131,0.0795,NA,"K02839",0.812621722846442,1,FALSE,FALSE,FALSE,FALSE
"K01798",0.0296,0,0.646,-0.144,0.312,0.0324,NA,"K01798",0.968469058295964,1,FALSE,FALSE,FALSE,FALSE
"K00034",0.197,0,0.518,0.0848,0.131,0.0457,NA,"K00034",0.935314100252434,1,FALSE,FALSE,FALSE,FALSE
"K20483",0.0345,0,0.281,-0.176,0.162,0.076,NA,"K20483",0.82091511627907,1,FALSE,FALSE,FALSE,FALSE
"K20274",0.064,0,0.454,-0.125,0.166,0.0529,NA,"K20274",0.912922891566265,1,FALSE,FALSE,FALSE,FALSE
"K17362",0.0591,0,0.618,0.0745,0.149,0.0353,NA,"K17362",0.957699164345404,1,FALSE,FALSE,FALSE,FALSE
"K12454",0.0246,0,0.232,0.29,0.242,0.0842,NA,"K12454",0.8009859437751,1,FALSE,FALSE,FALSE,FALSE
"K08646",0.0394,0,0.245,-0.288,0.247,0.082,NA,"K08646",0.803876146788991,1,FALSE,FALSE,FALSE,FALSE
"K15773",0.236,0,0.433,-0.0579,0.0737,0.0553,NA,"K15773",0.905988717091517,1,FALSE,FALSE,FALSE,FALSE
"K13485",0.241,0,0.402,0.102,0.122,0.0591,NA,"K13485",0.892204787234043,1,FALSE,FALSE,FALSE,FALSE
"K25649",0.0788,0,0.126,-0.159,0.104,0.108,NA,"K25649",0.687801152737752,1,FALSE,FALSE,FALSE,FALSE
"K17319",0.202,0,0.293,-0.16,0.152,0.0741,NA,"K17318,K17319,K17320",0.832605561861521,1,FALSE,FALSE,FALSE,FALSE
"K24003",0.0296,0,0.0147,0.477,0.194,0.171,NA,"K24003",0.266677173913043,1,FALSE,FALSE,FALSE,FALSE
"K24004",0.0246,0,0.142,0.466,0.316,0.103,NA,"K24004",0.687801152737752,1,FALSE,FALSE,FALSE,FALSE
"K28691",0.0246,0,0.0124,-0.621,0.246,0.175,NA,"K28691",0.25035,1,FALSE,FALSE,FALSE,FALSE
"K23359",0.0493,0,0.0117,-0.539,0.212,0.177,NA,"K23359",0.243078423236515,1,FALSE,FALSE,FALSE,FALSE
"K28761",0.0296,0,0.00759,-0.595,0.221,0.187,NA,"K28761",0.209532065217391,1,FALSE,FALSE,FALSE,FALSE
"K22548",0.207,0,0.23,0.164,0.136,0.0847,NA,"K22548",0.800841446453407,1,FALSE,FALSE,FALSE,FALSE
"K01846",0.0345,0,0.484,-0.127,0.18,0.0494,NA,"K01846,K19268",0.922141552511415,1,FALSE,FALSE,FALSE,FALSE
"K06151",0.197,0,0.113,-0.151,0.0953,0.111,NA,"K06151",0.687801152737752,1,FALSE,FALSE,FALSE,FALSE
"K06152",0.202,0,0.202,-0.116,0.0905,0.09,NA,"K06152",0.770894817073171,1,FALSE,FALSE,FALSE,FALSE
"K13995",0.0837,0,0.218,-0.127,0.103,0.0869,NA,"K13995",0.786968997837058,1,FALSE,FALSE,FALSE,FALSE
"K17243",0.0542,0,0.495,-0.0881,0.129,0.0481,NA,"K17241,K17242,K17243",0.924455427079448,1,FALSE,FALSE,FALSE,FALSE
"K05341",0.0591,0,0.34,-0.149,0.156,0.0673,NA,"K05341",0.859353861686017,1,FALSE,FALSE,FALSE,FALSE
"K28637",0.0345,0,0.143,0.49,0.333,0.103,NA,"K00290,K28637",0.687801152737752,1,FALSE,FALSE,FALSE,FALSE
"K26058",0.0246,0,0.282,0.298,0.276,0.0759,NA,"K26058",0.82091511627907,1,FALSE,FALSE,FALSE,FALSE
"K11603",0.0788,0,0.977,-0.00338,0.115,0.00208,NA,"K11603",0.995692855688988,1,FALSE,FALSE,FALSE,FALSE
"K13775",0.281,0,0.652,-0.0667,0.148,0.0318,NA,"K13775",0.969623665480427,1,FALSE,FALSE,FALSE,FALSE
"K03851",0.153,0,0.0746,0.334,0.186,0.125,NA,"K03851",0.580905443234837,1,FALSE,FALSE,FALSE,FALSE
"K04102",0.069,0,0.779,-0.0314,0.112,0.0198,NA,"K04102",0.976419045334613,1,FALSE,FALSE,FALSE,FALSE
"K21801",0.0887,0,0.384,0.126,0.145,0.0614,NA,"K21801",0.88972142526608,1,FALSE,FALSE,FALSE,FALSE
"K25044",0.0936,0,0.21,-0.168,0.134,0.0883,NA,"K25044",0.77771449704142,1,FALSE,FALSE,FALSE,FALSE
"K01796",0.276,0,0.841,0.0224,0.112,0.0141,NA,"K01796",0.984772450888681,1,FALSE,FALSE,FALSE,FALSE
"K01474",0.192,0,0.344,-0.0641,0.0675,0.0668,NA,"K01474",0.863189835575486,1,FALSE,FALSE,FALSE,FALSE
"K22297",0.143,0,0.0633,-0.472,0.253,0.131,NA,"K22297",0.548548464163822,1,FALSE,FALSE,FALSE,FALSE
"K15270",0.148,0,0.254,0.0935,0.0818,0.0804,NA,"K15270",0.809307547169811,1,FALSE,FALSE,FALSE,FALSE
"K07048",0.158,0,0.733,-0.031,0.0907,0.0241,NA,"K07048",0.974284842049376,1,FALSE,FALSE,FALSE,FALSE
"K00696",0.0296,0,0.264,0.354,0.317,0.0787,NA,"K00696",0.814447319778189,1,FALSE,FALSE,FALSE,FALSE
"K22314",0.246,0,0.909,0.0202,0.177,0.00804,NA,"K22314",0.992926448253417,1,FALSE,FALSE,FALSE,FALSE
"K08482",0.222,0,0.94,-0.00713,0.0942,0.00534,NA,"K08482",0.994829403321714,1,FALSE,FALSE,FALSE,FALSE
"K13924",0.246,0,0.174,0.102,0.0749,0.0958,NA,"K13924",0.737071065989848,1,FALSE,FALSE,FALSE,FALSE
"K06898",0.069,0,0.806,0.0335,0.136,0.0173,NA,"K06898,K09121",0.976419045334613,1,FALSE,FALSE,FALSE,FALSE
"K06864",0.113,0,0.766,0.0386,0.129,0.021,NA,"K06864",0.976419045334613,1,FALSE,FALSE,FALSE,FALSE
"K24157",0.118,0,0.193,0.214,0.163,0.0918,NA,"K24157",0.760307631785995,1,FALSE,FALSE,FALSE,FALSE
"K28073",0.0345,0,0.608,0.0668,0.13,0.0362,NA,"K28073",0.957012260295505,1,FALSE,FALSE,FALSE,FALSE
"K28519",0.103,0,0.574,0.0694,0.123,0.0397,NA,"K28519",0.950486959392539,1,FALSE,FALSE,FALSE,FALSE
"K21309",0.0246,0,0.923,0.0256,0.264,0.00685,NA,"K21307,K21308,K21309",0.994297872340426,1,FALSE,FALSE,FALSE,FALSE
"K11414",0.3,0,0.421,-0.109,0.135,0.0568,NA,"K11414",0.900062766865927,1,FALSE,FALSE,FALSE,FALSE
"K19702",0.0887,0,0.913,-0.0135,0.124,0.00772,NA,"K19702",0.992926448253417,1,FALSE,FALSE,FALSE,FALSE
"K16922",0.256,0,0.831,-0.019,0.0888,0.0151,NA,"K16922",0.98039985862394,1,FALSE,FALSE,FALSE,FALSE
"K06986",0.133,0,0.203,0.215,0.169,0.0896,NA,"K06986",0.771184370257967,1,FALSE,FALSE,FALSE,FALSE
"K23470",0.0591,0,0.23,-0.164,0.137,0.0846,NA,"K23470",0.800841446453407,1,FALSE,FALSE,FALSE,FALSE
"K07051",0.0591,0,0.32,-0.143,0.143,0.0702,NA,"K07051",0.849047543581616,1,FALSE,FALSE,FALSE,FALSE
"K16255",0.0197,0,0.191,-0.483,0.367,0.0923,NA,"K16255",0.758395717684378,1,FALSE,FALSE,FALSE,FALSE
"K28188",0.0345,0,0.953,-0.00801,0.137,0.00414,NA,"K28188",0.994829403321714,1,FALSE,FALSE,FALSE,FALSE
"K15856",0.118,0,0.138,-0.121,0.0812,0.104,NA,"K15856",0.687801152737752,1,FALSE,FALSE,FALSE,FALSE
"K22252",0.0985,0,0.662,0.0374,0.0853,0.0309,NA,"K22252",0.971062753583987,1,FALSE,FALSE,FALSE,FALSE
"K00016",0.167,0,0.528,-0.0763,0.121,0.0445,NA,"K00016",0.94215823235923,1,FALSE,FALSE,FALSE,FALSE
"K03738",0.0197,0,0.0262,-0.58,0.259,0.156,NA,"K03738",0.35454972972973,1,FALSE,FALSE,FALSE,FALSE
"K21498",0.236,0,0.471,0.0438,0.0607,0.0508,NA,"K21498",0.921838808250573,1,FALSE,FALSE,FALSE,FALSE
"K07334",0.138,0,0.59,0.0408,0.0754,0.0381,NA,"K07334",0.955410737386805,1,FALSE,FALSE,FALSE,FALSE
"K23127",0.143,0,0.564,-0.0855,0.148,0.0407,NA,"K23127",0.949517436067752,1,FALSE,FALSE,FALSE,FALSE
"K18372",0.123,0,0.994,0.00102,0.13,0.000553,NA,"K18372",0.997786287089014,1,FALSE,FALSE,FALSE,FALSE
"K01904",0.108,0,0.425,-0.0995,0.124,0.0563,NA,"K01904",0.902105063291139,1,FALSE,FALSE,FALSE,FALSE
"K01482",0.217,0,0.798,0.0257,0.1,0.0181,NA,"K01482",0.976419045334613,1,FALSE,FALSE,FALSE,FALSE
"K00528",0.163,0,0.652,-0.0839,0.186,0.0319,NA,"K00528",0.969623665480427,1,FALSE,FALSE,FALSE,FALSE
"K03319",0.148,0,0.891,0.014,0.102,0.00967,NA,"K03319",0.991826811916407,1,FALSE,FALSE,FALSE,FALSE
"K21900",0.286,0,0.502,-0.0758,0.113,0.0474,NA,"K21900",0.927153817779417,1,FALSE,FALSE,FALSE,FALSE
"K00098",0.227,0,0.869,0.0154,0.0937,0.0116,NA,"K00098",0.990458229000683,1,FALSE,FALSE,FALSE,FALSE
"K01574",0.064,0,0.801,0.0411,0.163,0.0178,NA,"K01574",0.976419045334613,1,FALSE,FALSE,FALSE,FALSE
"K17223",0.0296,0,0.224,-0.39,0.319,0.0857,NA,"K17223",0.797134328358209,1,FALSE,FALSE,FALSE,FALSE
"K17226",0.197,0,0.0772,0.257,0.145,0.124,NA,"K17226",0.587447416413374,1,FALSE,FALSE,FALSE,FALSE
"K17227",0.0345,0,0.325,-0.252,0.255,0.0695,NA,"K17227",0.852310775637689,1,FALSE,FALSE,FALSE,FALSE
"K17222",0.0296,0,0.224,-0.39,0.319,0.0857,NA,"K17222",0.797134328358209,1,FALSE,FALSE,FALSE,FALSE
"K17224",0.0296,0,0.224,-0.39,0.319,0.0857,NA,"K17224",0.797134328358209,1,FALSE,FALSE,FALSE,FALSE
"K22082",0.0788,0,0.275,-0.141,0.129,0.077,NA,"K22081,K22082",0.818253097345133,1,FALSE,FALSE,FALSE,FALSE
"K16871",0.172,0,0.667,0.043,0.0998,0.0304,NA,"K16871",0.971062753583987,1,FALSE,FALSE,FALSE,FALSE
"K07123",0.0739,0,0.5,-0.0848,0.126,0.0476,NA,"K07123",0.927153817779417,1,FALSE,FALSE,FALSE,FALSE
"K27838",0.113,0,0.958,-0.00566,0.108,0.00371,NA,"K27838",0.994829403321714,1,FALSE,FALSE,FALSE,FALSE
"K15024",0.0493,0,0.0497,-0.423,0.214,0.138,NA,"K15024",0.480401351351351,1,FALSE,FALSE,FALSE,FALSE
"K03365",0.108,0,0.266,-0.154,0.138,0.0785,NA,"K03365",0.814882459312839,1,FALSE,FALSE,FALSE,FALSE
"K28692",0.276,0,0.0207,0.212,0.0911,0.162,NA,"K28692,K28693",0.305737168141593,1,FALSE,FALSE,FALSE,FALSE
"K01941",0.276,0,0.0516,0.174,0.0888,0.137,NA,"K01941",0.487473962264151,1,FALSE,FALSE,FALSE,FALSE
"K01457",0.3,0,0.134,0.12,0.0796,0.106,NA,"K01457",0.687801152737752,1,FALSE,FALSE,FALSE,FALSE
"K06972",0.0493,0,0.317,-0.225,0.225,0.0705,NA,"K06972",0.846968516542156,1,FALSE,FALSE,FALSE,FALSE
"K05303",0.0985,0,0.587,-0.0499,0.0917,0.0384,NA,"K05303",0.954876218323587,1,FALSE,FALSE,FALSE,FALSE
"K00468",0.227,0,0.399,0.126,0.149,0.0595,NA,"K00468",0.891076271186441,1,FALSE,FALSE,FALSE,FALSE
"K17239",0.0197,0,0.076,-0.295,0.165,0.125,NA,"K17237,K17238,K17239",0.585433846153846,1,FALSE,FALSE,FALSE,FALSE
"K09968",0.0197,0,0.909,0.0203,0.178,0.00804,NA,"K09968",0.992926448253417,1,FALSE,FALSE,FALSE,FALSE
"K17486",0.0197,0,0.447,0.252,0.33,0.0537,NA,"K17486",0.909438845997562,1,FALSE,FALSE,FALSE,FALSE
"K00988",0.0246,0,0.246,-0.35,0.301,0.0818,NA,"K00988",0.804521227955585,1,FALSE,FALSE,FALSE,FALSE
"K08355",0.0739,0,0.899,-0.0226,0.179,0.00893,NA,"K08355",0.992180622533976,1,FALSE,FALSE,FALSE,FALSE
"K19696",0.187,0,0.847,-0.0354,0.183,0.0137,NA,"K19696",0.987475550405562,1,FALSE,FALSE,FALSE,FALSE
"K03328",0.158,0,0.257,0.139,0.122,0.0799,NA,"K03328",0.809307547169811,1,FALSE,FALSE,FALSE,FALSE
"K22579",0.217,0,0.0946,-0.298,0.177,0.118,NA,"K22579",0.653176543209877,1,FALSE,FALSE,FALSE,FALSE
"K16259",0.0493,0,0.477,0.181,0.254,0.0502,NA,"K16256,K16257,K16258,K16259",0.921838808250573,1,FALSE,FALSE,FALSE,FALSE
"K23995",0.0542,0,0.0104,0.59,0.228,0.179,NA,"K23995",0.230410619469027,1,FALSE,FALSE,FALSE,FALSE
"K16254",0.0148,0,0.4,-0.217,0.258,0.0593,NA,"K16254",0.891718610863758,1,FALSE,FALSE,FALSE,FALSE
"K06400",0.0394,0,0.00855,-0.471,0.177,0.184,NA,"K06400",0.218532118226601,1,FALSE,FALSE,FALSE,FALSE
"K16844",0.0394,0,0.369,-0.144,0.16,0.0633,NA,"K16844",0.879989661654135,1,FALSE,FALSE,FALSE,FALSE
"K04486",0.128,0,0.549,-0.195,0.324,0.0423,NA,"K04486",0.949517436067752,1,FALSE,FALSE,FALSE,FALSE
"K05791",0.133,0,0.352,-0.104,0.111,0.0657,NA,"K05791",0.867781388478582,1,FALSE,FALSE,FALSE,FALSE
"K05793",0.0591,0,0.969,-0.00505,0.128,0.00279,NA,"K05793",0.994829403321714,1,FALSE,FALSE,FALSE,FALSE
"K05795",0.148,0,0.142,-0.161,0.109,0.103,NA,"K05795",0.687801152737752,1,FALSE,FALSE,FALSE,FALSE
"K05792",0.0493,0,0.597,-0.0807,0.153,0.0373,NA,"K05792",0.955838370983137,1,FALSE,FALSE,FALSE,FALSE
"K01191",0.158,0,0.253,-0.182,0.159,0.0805,NA,"K01191",0.809307547169811,1,FALSE,FALSE,FALSE,FALSE
"K07077",0.187,0,0.602,0.0588,0.112,0.0369,NA,"K07077",0.956963866877971,1,FALSE,FALSE,FALSE,FALSE
"K10118",0.241,0,0.343,-0.124,0.13,0.0669,NA,"K10118",0.863189835575486,1,FALSE,FALSE,FALSE,FALSE
"K04045",0.133,0,0.826,-0.0175,0.0798,0.0155,NA,"K04045",0.98039985862394,1,FALSE,FALSE,FALSE,FALSE
"K13580",0.187,0,0.0654,0.289,0.156,0.13,NA,"K13580",0.55010016722408,1,FALSE,FALSE,FALSE,FALSE
"K28476",0.0296,0,0.647,-0.08,0.174,0.0323,NA,"K28476",0.968469058295964,1,FALSE,FALSE,FALSE,FALSE
"K03780",0.0296,0,0.47,0.11,0.152,0.051,NA,"K03780",0.921838808250573,1,FALSE,FALSE,FALSE,FALSE
"K03779",0.0345,0,0.716,0.0542,0.149,0.0257,NA,"K03779",0.971062753583987,1,FALSE,FALSE,FALSE,FALSE
"K17285",0.108,0,0.386,0.214,0.247,0.0611,NA,"K17285",0.889784691136974,1,FALSE,FALSE,FALSE,FALSE
"K28179",0.0148,0,0.094,0.494,0.294,0.118,NA,"K18425,K28178,K28179,K28180",0.650979253112033,1,FALSE,FALSE,FALSE,FALSE
"K11735",0.36,0,0.124,0.169,0.109,0.108,NA,"K11735",0.687801152737752,1,FALSE,FALSE,FALSE,FALSE
"K27848",0.0246,0,0.972,-0.00646,0.181,0.00251,NA,"K27848",0.995256441717791,1,FALSE,FALSE,FALSE,FALSE
"K15054",0.0246,0,0.146,-0.262,0.18,0.102,NA,"K15054",0.693569259962049,1,FALSE,FALSE,FALSE,FALSE
"K07807",0.0936,0,0.235,0.178,0.149,0.0837,NA,"K07807",0.8009859437751,1,FALSE,FALSE,FALSE,FALSE
"K00055",0.0443,0,0.648,-0.061,0.133,0.0322,NA,"K00055",0.969386316103974,1,FALSE,FALSE,FALSE,FALSE
"K20329",0.103,0,0.813,-0.0372,0.157,0.0167,NA,"K20329",0.976419045334613,1,FALSE,FALSE,FALSE,FALSE
"K09709",0.143,0,0.98,0.00273,0.109,0.00176,NA,"K09709",0.996316751269036,1,FALSE,FALSE,FALSE,FALSE
"K14470",0.0148,0,0.715,-0.106,0.289,0.0258,NA,"K14470",0.971062753583987,1,FALSE,FALSE,FALSE,FALSE
"K14448",0.0246,0,0.043,0.593,0.291,0.142,NA,"K14448",0.447611226611227,1,FALSE,FALSE,FALSE,FALSE
"K13247",0.0296,0,0.483,-0.122,0.174,0.0495,NA,"K13247",0.921990468928708,1,FALSE,FALSE,FALSE,FALSE
"K28615",0.0591,0,0.63,-0.0737,0.153,0.034,NA,"K28615",0.961124314442413,1,FALSE,FALSE,FALSE,FALSE
"K21622",0.0936,0,0.27,0.194,0.176,0.0778,NA,"K21622",0.814882459312839,1,FALSE,FALSE,FALSE,FALSE
"K01342",0.0345,0,0.0103,-0.735,0.284,0.18,NA,"K01342",0.230410619469027,1,FALSE,FALSE,FALSE,FALSE
"K09138",0.0148,0,0.296,-0.325,0.31,0.0737,NA,"K09138",0.836848058525605,1,FALSE,FALSE,FALSE,FALSE
"K21310",0.0296,0,0.718,0.0601,0.166,0.0255,NA,"K21310",0.971103727714749,1,FALSE,FALSE,FALSE,FALSE
"K22112",0.0739,0,0.475,0.0958,0.134,0.0504,NA,"K22112",0.921838808250573,1,FALSE,FALSE,FALSE,FALSE
"K16652",0.0197,0,0.871,0.0289,0.177,0.0115,NA,"K16652",0.990708087233076,1,FALSE,FALSE,FALSE,FALSE
"K26005",0.0148,0,0.391,-0.246,0.287,0.0605,NA,"K15515,K26005",0.889784691136974,1,FALSE,FALSE,FALSE,FALSE
"K10255",0.207,0,0.678,0.0696,0.168,0.0293,NA,"K10255",0.971062753583987,1,FALSE,FALSE,FALSE,FALSE
"K17865",0.222,0,0.00979,0.421,0.161,0.181,NA,"K17865",0.22635331797235,1,FALSE,FALSE,FALSE,FALSE
"K09252",0.0148,0,0.123,-0.325,0.21,0.109,NA,"K09252",0.687801152737752,1,FALSE,FALSE,FALSE,FALSE
"K22087",0.0493,0,0.158,0.174,0.123,0.0994,NA,"K22087",0.704457702582369,1,FALSE,FALSE,FALSE,FALSE
"K07979",0.138,0,0.965,0.00862,0.197,0.00309,NA,"K07979",0.994829403321714,1,FALSE,FALSE,FALSE,FALSE
"K19156",0.0591,0,0.238,0.135,0.114,0.0832,NA,"K19156",0.8009859437751,1,FALSE,FALSE,FALSE,FALSE
"K00881",0.0296,0,0.277,-0.224,0.206,0.0766,NA,"K00881",0.818253097345133,1,FALSE,FALSE,FALSE,FALSE
"K01186",0.0394,0,0.894,0.0203,0.153,0.00937,NA,"K01186",0.992088775736108,1,FALSE,FALSE,FALSE,FALSE
"K17838",0.0887,0,0.118,0.221,0.14,0.11,NA,"K17838",0.687801152737752,1,FALSE,FALSE,FALSE,FALSE
"K07755",0.0296,0,0.393,-0.138,0.161,0.0602,NA,"K07755",0.889784691136974,1,FALSE,FALSE,FALSE,FALSE
"K06882",0.0148,0,0.813,0.0543,0.229,0.0167,NA,"K06882",0.976419045334613,1,FALSE,FALSE,FALSE,FALSE
"K09835",0.0197,0,0.752,-0.0647,0.204,0.0223,NA,"K09835",0.976419045334613,1,FALSE,FALSE,FALSE,FALSE
"K16167",0.128,0,0.0281,0.355,0.16,0.154,NA,"K16167",0.365445974025974,1,FALSE,FALSE,FALSE,FALSE
"K05937",0.148,0,0.65,0.0621,0.137,0.032,NA,"K05937",0.969623665480427,1,FALSE,FALSE,FALSE,FALSE
"K21949",0.0394,0,0.269,-0.191,0.172,0.0779,NA,"K21949",0.814882459312839,1,FALSE,FALSE,FALSE,FALSE
"K25010",0.0493,0,0.427,0.13,0.164,0.056,NA,"K25010",0.902105063291139,1,FALSE,FALSE,FALSE,FALSE
"K01134",0.0197,0,0.729,-0.085,0.245,0.0245,NA,"K01134",0.973435372340426,1,FALSE,FALSE,FALSE,FALSE
"K16238",0.394,0,0.221,0.1,0.0815,0.0863,NA,"K16238",0.792088045812455,1,FALSE,FALSE,FALSE,FALSE
"K19670",0.108,0,0.226,0.2,0.165,0.0853,NA,"K19670",0.797606315789474,1,FALSE,FALSE,FALSE,FALSE
"K00206",0.0837,0,0.474,0.127,0.177,0.0506,NA,"K00206",0.921838808250573,1,FALSE,FALSE,FALSE,FALSE
"K23424",0.0148,0,0.867,0.0318,0.189,0.0119,NA,"K23424",0.989755813953488,1,FALSE,FALSE,FALSE,FALSE
"K00232",0.138,0,0.993,-0.00125,0.144,0.000615,NA,"K00232",0.99758246388443,1,FALSE,FALSE,FALSE,FALSE
"K06937",0.069,0,0.657,-0.0619,0.139,0.0313,NA,"K06937",0.971062753583987,1,FALSE,FALSE,FALSE,FALSE
"K01205",0.0296,0,0.653,-0.0783,0.174,0.0317,NA,"K01205",0.969623665480427,1,FALSE,FALSE,FALSE,FALSE
"K19053",0.0197,0,0.973,0.00916,0.265,0.00243,NA,"K19053",0.995262717058223,1,FALSE,FALSE,FALSE,FALSE
"K03301",0.103,0,0.364,-0.104,0.114,0.0641,NA,"K03301",0.877913294797688,1,FALSE,FALSE,FALSE,FALSE
"K18785",0.0345,0,0.791,0.0438,0.165,0.0187,NA,"K18785",0.976419045334613,1,FALSE,FALSE,FALSE,FALSE
"K07454",0.207,0,0.914,0.00583,0.054,0.00762,NA,"K07454",0.992926448253417,1,FALSE,FALSE,FALSE,FALSE
"K05989",0.148,0,0.168,-0.139,0.101,0.0972,NA,"K05989",0.727660899653979,1,FALSE,FALSE,FALSE,FALSE
"K01114",0.202,0,0.462,0.0604,0.082,0.0519,NA,"K01114",0.919409379968203,1,FALSE,FALSE,FALSE,FALSE
"K15915",0.0246,0,0.863,-0.0232,0.134,0.0122,NA,"K15915",0.989755813953488,1,FALSE,FALSE,FALSE,FALSE
"K19068",0.0542,0,0.348,-0.121,0.129,0.0662,NA,"K19068",0.864732506203474,1,FALSE,FALSE,FALSE,FALSE
"K22205",0.0887,0,0.531,-0.119,0.19,0.0443,NA,"K22205",0.944482060390764,1,FALSE,FALSE,FALSE,FALSE
"K03768",0.0197,0,0.482,-0.151,0.214,0.0497,NA,"K03768",0.921838808250573,1,FALSE,FALSE,FALSE,FALSE
"K14259",0.0443,0,0.381,-0.174,0.198,0.0618,NA,"K14259",0.886874476987448,1,FALSE,FALSE,FALSE,FALSE
"K10860",0.0542,0,0.319,-0.147,0.148,0.0703,NA,"K10860",0.849047543581616,1,FALSE,FALSE,FALSE,FALSE
"K25196",0.0443,0,0.506,0.11,0.165,0.047,NA,"K25196",0.927424672489083,1,FALSE,FALSE,FALSE,FALSE
"K23257",0.128,0,0.848,0.0572,0.298,0.0135,NA,"K23257",0.987475550405562,1,FALSE,FALSE,FALSE,FALSE
"K07100",0.31,0,0.146,0.173,0.118,0.102,NA,"K07100",0.693569259962049,1,FALSE,FALSE,FALSE,FALSE
"K01818",0.0345,0,0.452,-0.198,0.264,0.053,NA,"K01818",0.91219830713422,1,FALSE,FALSE,FALSE,FALSE
"K00078",0.182,0,0.343,-0.0957,0.101,0.0669,NA,"K00078",0.863189835575486,1,FALSE,FALSE,FALSE,FALSE
"K08093",0.158,0,0.565,-0.0619,0.107,0.0407,NA,"K08093",0.949517436067752,1,FALSE,FALSE,FALSE,FALSE
"K13665",0.0246,0,0.92,-0.0202,0.202,0.00706,NA,"K13665",0.994297872340426,1,FALSE,FALSE,FALSE,FALSE
"K01517",0.0542,0,0.427,-0.0771,0.0968,0.0561,NA,"K01517",0.902105063291139,1,FALSE,FALSE,FALSE,FALSE
"K01060",0.158,0,0.465,-0.0862,0.118,0.0515,NA,"K01060",0.920622775800712,1,FALSE,FALSE,FALSE,FALSE
"K07720",0.138,0,0.396,0.149,0.176,0.0598,NA,"K07720",0.889784691136974,1,FALSE,FALSE,FALSE,FALSE
"K07488",0.0246,0,0.603,0.0751,0.144,0.0367,NA,"K07488",0.956963866877971,1,FALSE,FALSE,FALSE,FALSE
"K27877",0.192,0,0.407,0.094,0.113,0.0585,NA,"K27877",0.892618922470434,1,FALSE,FALSE,FALSE,FALSE
"K15045",0.0296,0,0.289,0.115,0.108,0.0748,NA,"K15045",0.831651877133106,1,FALSE,FALSE,FALSE,FALSE
"K07317",0.0591,0,0.377,0.0863,0.0975,0.0623,NA,"K07317",0.88248667601683,1,FALSE,FALSE,FALSE,FALSE
"K01739",0.473,0,0.354,0.111,0.12,0.0654,NA,"K01739",0.869714425907753,1,FALSE,FALSE,FALSE,FALSE
"K07741",0.0788,0,0.682,0.0339,0.0826,0.0289,NA,"K07741",0.971062753583987,1,FALSE,FALSE,FALSE,FALSE
"K01400",0.0936,0,0.357,0.204,0.221,0.065,NA,"K01400",0.870676570871895,1,FALSE,FALSE,FALSE,FALSE
"K18346",0.138,0,0.206,0.153,0.12,0.0892,NA,"K18346",0.774316728624535,1,FALSE,FALSE,FALSE,FALSE
"K09704",0.0788,0,0.761,-0.0567,0.186,0.0215,NA,"K09704",0.976419045334613,1,FALSE,FALSE,FALSE,FALSE
"K11687",0.0197,0,0.739,-0.0783,0.235,0.0235,NA,"K11687",0.975729793356003,1,FALSE,FALSE,FALSE,FALSE
"K24915",0.182,0,0.871,0.0152,0.0936,0.0114,NA,"K24915",0.990708087233076,1,FALSE,FALSE,FALSE,FALSE
"K13018",0.143,0,0.272,-0.0846,0.0769,0.0774,NA,"K13018",0.81697900419916,1,FALSE,FALSE,FALSE,FALSE
"K18574",0.0148,0,0.865,-0.0509,0.299,0.012,NA,"K18574",0.989755813953488,1,FALSE,FALSE,FALSE,FALSE
"K09776",0.0985,0,0.952,-0.013,0.216,0.00426,NA,"K09776",0.994829403321714,1,FALSE,FALSE,FALSE,FALSE
"K11089",0.0591,0,0.395,-0.0937,0.11,0.06,NA,"K11089",0.889784691136974,1,FALSE,FALSE,FALSE,FALSE
"K13049",0.0985,0,0.904,-0.0128,0.106,0.00851,NA,"K13049",0.992180622533976,1,FALSE,FALSE,FALSE,FALSE
"K24700",0.192,0,0.402,-0.0896,0.107,0.0592,NA,"K24700",0.892204787234043,1,FALSE,FALSE,FALSE,FALSE
"K09474",0.0591,0,0.898,0.0165,0.128,0.00907,NA,"K09474",0.992180622533976,1,FALSE,FALSE,FALSE,FALSE
"K07502",0.123,0,0.294,0.276,0.262,0.0741,NA,"K07502",0.8345,1,FALSE,FALSE,FALSE,FALSE
"K06877",0.271,0,0.48,-0.0619,0.0875,0.0499,NA,"K06877",0.921838808250573,1,FALSE,FALSE,FALSE,FALSE
"K09765",0.0345,0,0.29,-0.26,0.245,0.0746,NA,"K09765",0.831651877133106,1,FALSE,FALSE,FALSE,FALSE
"K07276",0.0345,0,0.553,-0.223,0.375,0.0419,NA,"K06977,K07276,K09065,K12526,K22478,K22881,K23169,K23170",0.949517436067752,1,FALSE,FALSE,FALSE,FALSE
"K06983",0.0246,0,0.771,-0.0799,0.274,0.0206,NA,"K06983",0.976419045334613,1,FALSE,FALSE,FALSE,FALSE
"K25578",0.0936,0,0.257,-0.226,0.199,0.0798,NA,"K25578",0.809307547169811,1,FALSE,FALSE,FALSE,FALSE
"K13238",0.0394,0,0.67,-0.125,0.294,0.0301,NA,"K13238",0.971062753583987,1,FALSE,FALSE,FALSE,FALSE
"K22770",0.232,0,0.235,-0.153,0.129,0.0837,NA,"K22770",0.8009859437751,1,FALSE,FALSE,FALSE,FALSE
"K22769",0.241,0,0.168,-0.189,0.137,0.097,NA,"K22769",0.727660899653979,1,FALSE,FALSE,FALSE,FALSE
"K12254",0.251,0,0.0698,0.275,0.151,0.128,NA,"K12254",0.567351623376623,1,FALSE,FALSE,FALSE,FALSE
"K11004",0.0591,0,0.117,-0.156,0.099,0.11,NA,"K11004",0.687801152737752,1,FALSE,FALSE,FALSE,FALSE
"K13874",0.064,0,0.608,0.126,0.246,0.0362,NA,"K13874",0.957012260295505,1,FALSE,FALSE,FALSE,FALSE
"K00235",0.0394,0,0.0218,-0.611,0.264,0.161,NA,"K00235",0.313656896551724,1,FALSE,FALSE,FALSE,FALSE
"K18300",0.202,0,0.12,0.388,0.249,0.109,NA,"K18300",0.687801152737752,1,FALSE,FALSE,FALSE,FALSE
"K21025",0.108,0,0.673,-0.0883,0.209,0.0298,NA,"K21025",0.971062753583987,1,FALSE,FALSE,FALSE,FALSE
"K03785",0.069,0,0.732,0.0515,0.15,0.0241,NA,"K03785",0.973989901674196,1,FALSE,FALSE,FALSE,FALSE
"K13007",0.177,0,0.642,0.0859,0.184,0.0328,NA,"K13007",0.967398137019231,1,FALSE,FALSE,FALSE,FALSE
"K21147",0.177,0,0.964,0.00491,0.11,0.00315,NA,"K21147",0.994829403321714,1,FALSE,FALSE,FALSE,FALSE
"K19300",0.0887,0,0.562,-0.0934,0.161,0.041,NA,"K19300",0.949517436067752,1,FALSE,FALSE,FALSE,FALSE
"K18844",0.0345,0,0.972,0.00646,0.181,0.00252,NA,"K18844",0.995256441717791,1,FALSE,FALSE,FALSE,FALSE
"K18145",0.0246,0,0.782,-0.0453,0.163,0.0196,NA,"K18145",0.976419045334613,1,FALSE,FALSE,FALSE,FALSE
"K13815",0.0493,0,0.908,0.0226,0.196,0.00815,NA,"K13815",0.992926448253417,1,FALSE,FALSE,FALSE,FALSE
"K10715",0.0394,0,0.344,0.207,0.218,0.0668,NA,"K10715",0.863189835575486,1,FALSE,FALSE,FALSE,FALSE
"K23722",0.0985,0,0.988,0.00239,0.16,0.00105,NA,"K23722",0.99758246388443,1,FALSE,FALSE,FALSE,FALSE
"K27862",0.0197,0,0.237,0.221,0.186,0.0834,NA,"K27862",0.8009859437751,1,FALSE,FALSE,FALSE,FALSE
"K23274",0.113,0,0.694,-0.0521,0.132,0.0278,NA,"K23274",0.971062753583987,1,FALSE,FALSE,FALSE,FALSE
"K23275",0.103,0,0.775,0.0395,0.138,0.0202,NA,"K23275",0.976419045334613,1,FALSE,FALSE,FALSE,FALSE
"K07512",0.0936,0,0.46,-0.0788,0.107,0.0521,NA,"K07512",0.916886942675159,1,FALSE,FALSE,FALSE,FALSE
"K27079",0.167,0,0.521,0.0876,0.136,0.0453,NA,"K27079",0.937465566714491,1,FALSE,FALSE,FALSE,FALSE
"K03759",0.0788,0,0.506,-0.0924,0.139,0.0469,NA,"K03759",0.927424672489083,1,FALSE,FALSE,FALSE,FALSE
"K27042",0.207,0,0.582,0.131,0.237,0.0388,NA,"K27042",0.953558246073298,1,FALSE,FALSE,FALSE,FALSE
"K06992",0.192,0,0.246,0.18,0.154,0.0818,NA,"K06992",0.804521227955585,1,FALSE,FALSE,FALSE,FALSE
"K02688",0.103,0,0.593,-0.0737,0.138,0.0377,NA,"K02688",0.955838370983137,1,FALSE,FALSE,FALSE,FALSE
"K06598",0.197,0,0.0482,0.526,0.265,0.139,NA,"K06598",0.474140275049116,1,FALSE,FALSE,FALSE,FALSE
"K06597",0.103,0,0.715,-0.0692,0.19,0.0258,NA,"K06597",0.971062753583987,1,FALSE,FALSE,FALSE,FALSE
"K12990",0.113,0,0.649,0.0389,0.0853,0.0322,NA,"K12990",0.969434069212411,1,FALSE,FALSE,FALSE,FALSE
"K03692",0.0197,0,0.249,0.224,0.194,0.0813,NA,"K03692",0.809048020765737,1,FALSE,FALSE,FALSE,FALSE
"K18073",0.0394,0,0.33,0.162,0.166,0.0687,NA,"K18073",0.854348500517063,1,FALSE,FALSE,FALSE,FALSE
"K12686",0.207,0,0.0687,-0.234,0.128,0.128,NA,"K12686",0.563903114754098,1,FALSE,FALSE,FALSE,FALSE
"K21071",0.177,0,0.101,-0.287,0.174,0.115,NA,"K21071",0.668924603174603,1,FALSE,FALSE,FALSE,FALSE
"K05020",0.118,0,0.194,-0.146,0.112,0.0915,NA,"K05020",0.761849411764706,1,FALSE,FALSE,FALSE,FALSE
"K25232",0.296,0,0.662,-0.0796,0.182,0.0309,NA,"K25232",0.971062753583987,1,FALSE,FALSE,FALSE,FALSE
"K03793",0.0542,0,0.363,-0.222,0.243,0.0641,NA,"K03793",0.877615161757605,1,FALSE,FALSE,FALSE,FALSE
"K09167",0.335,0,0.0216,-0.271,0.117,0.161,NA,"K09167",0.313481739130435,1,FALSE,FALSE,FALSE,FALSE
"K08081",0.0443,0,0.141,-0.388,0.263,0.104,NA,"K08081",0.687801152737752,1,FALSE,FALSE,FALSE,FALSE
"K19594",0.0542,0,0.755,0.0635,0.203,0.022,NA,"K19594,K19595",0.976419045334613,1,FALSE,FALSE,FALSE,FALSE
"K07131",0.113,0,0.25,0.179,0.155,0.0811,NA,"K07131",0.809307547169811,1,FALSE,FALSE,FALSE,FALSE
"K06945",0.108,0,0.243,0.16,0.136,0.0824,NA,"K06945",0.803633421400264,1,FALSE,FALSE,FALSE,FALSE
"K12979",0.182,0,0.236,0.136,0.114,0.0836,NA,"K12979",0.8009859437751,1,FALSE,FALSE,FALSE,FALSE
"K09925",0.0443,0,0.872,-0.0189,0.117,0.0114,NA,"K09925",0.990720217835262,1,FALSE,FALSE,FALSE,FALSE
"K18240",0.0493,0,0.391,-0.225,0.263,0.0605,NA,"K18240",0.889784691136974,1,FALSE,FALSE,FALSE,FALSE
"K05841",0.0591,0,0.782,-0.0395,0.142,0.0196,NA,"K05841",0.976419045334613,1,FALSE,FALSE,FALSE,FALSE
"K20523",0.0739,0,0.781,0.0524,0.188,0.0196,NA,"K20523",0.976419045334613,1,FALSE,FALSE,FALSE,FALSE
"K15983",0.0493,0,0.472,0.157,0.218,0.0508,NA,"K15983",0.921838808250573,1,FALSE,FALSE,FALSE,FALSE
"K08094",0.158,0,0.575,-0.0573,0.102,0.0396,NA,"K08094",0.950486959392539,1,FALSE,FALSE,FALSE,FALSE
"K00153",0.0837,0,0.465,-0.23,0.315,0.0515,NA,"K00153",0.920622775800712,1,FALSE,FALSE,FALSE,FALSE
"K13280",0.123,0,0.156,-0.168,0.118,0.1,NA,"K13280",0.701789757412399,1,FALSE,FALSE,FALSE,FALSE
"K26249",0.113,0,0.535,-0.152,0.244,0.0438,NA,"K26249",0.945181052631579,1,FALSE,FALSE,FALSE,FALSE
"K16164",0.138,0,0.808,-0.0276,0.113,0.0172,NA,"K16164",0.976419045334613,1,FALSE,FALSE,FALSE,FALSE
"K05548",0.345,0,0.282,0.1,0.093,0.0759,NA,"K05548",0.82091511627907,1,FALSE,FALSE,FALSE,FALSE
"K22553",0.0394,0,0.933,0.0121,0.145,0.00589,NA,"K22553",0.994829403321714,1,FALSE,FALSE,FALSE,FALSE
"K06610",0.0493,0,0.133,-0.211,0.14,0.106,NA,"K06610",0.687801152737752,1,FALSE,FALSE,FALSE,FALSE
"K20023",0.103,0,0.393,-0.112,0.131,0.0602,NA,"K20023",0.889784691136974,1,FALSE,FALSE,FALSE,FALSE
"K02164",0.172,0,0.445,0.0899,0.117,0.054,NA,"K02164",0.908692903752039,1,FALSE,FALSE,FALSE,FALSE
"K16047",0.0542,0,0.724,0.0688,0.194,0.0249,NA,"K16047",0.972688906752412,1,FALSE,FALSE,FALSE,FALSE
"K02554",0.0739,0,0.619,0.0611,0.123,0.0351,NA,"K02554",0.958062751159196,1,FALSE,FALSE,FALSE,FALSE
"K04073",0.0739,0,0.628,0.0581,0.12,0.0342,NA,"K04073",0.959827838827839,1,FALSE,FALSE,FALSE,FALSE
"K01666",0.182,0,0.383,0.0743,0.085,0.0615,NA,"K01666",0.888638090824838,1,FALSE,FALSE,FALSE,FALSE
"K00446",0.172,0,0.476,0.0808,0.113,0.0504,NA,"K00446",0.921838808250573,1,FALSE,FALSE,FALSE,FALSE
"K18833",0.0788,0,0.783,-0.0353,0.128,0.0194,NA,"K18833",0.976419045334613,1,FALSE,FALSE,FALSE,FALSE
"K25676",0.163,0,0.326,-0.138,0.14,0.0693,NA,"K25676",0.852310775637689,1,FALSE,FALSE,FALSE,FALSE
"K25677",0.163,0,0.326,-0.138,0.14,0.0693,NA,"K25677",0.852310775637689,1,FALSE,FALSE,FALSE,FALSE
"K25678",0.163,0,0.326,-0.138,0.14,0.0693,NA,"K25678",0.852310775637689,1,FALSE,FALSE,FALSE,FALSE
"K09814",0.163,0,0.914,0.0138,0.127,0.00766,NA,"K09813,K09814",0.992926448253417,1,FALSE,FALSE,FALSE,FALSE
"K03392",0.103,0,0.81,0.0233,0.0966,0.017,NA,"K03392",0.976419045334613,1,FALSE,FALSE,FALSE,FALSE
"K14337",0.0837,0,0.465,-0.23,0.315,0.0515,NA,"K14337",0.920622775800712,1,FALSE,FALSE,FALSE,FALSE
"K00309",0.0739,0,0.535,0.129,0.207,0.0438,NA,"K00309",0.945181052631579,1,FALSE,FALSE,FALSE,FALSE
"K18926",0.241,0,0.252,-0.208,0.181,0.0808,NA,"K18926",0.809307547169811,1,FALSE,FALSE,FALSE,FALSE
"K00619",0.167,0,0.0188,-0.657,0.277,0.165,NA,"K00619",0.289635692307692,1,FALSE,FALSE,FALSE,FALSE
"K05881",0.384,0,0.913,-0.0168,0.154,0.00772,NA,"K05881",0.992926448253417,1,FALSE,FALSE,FALSE,FALSE
"K07067",0.217,0,0.964,0.0116,0.254,0.00322,NA,"K07067",0.994829403321714,1,FALSE,FALSE,FALSE,FALSE
"K10242",0.0788,0,0.673,-0.0767,0.181,0.0298,NA,"K10242",0.971062753583987,1,FALSE,FALSE,FALSE,FALSE
"K18198",0.0345,0,0.9,-0.0206,0.164,0.00883,NA,"K18198",0.992180622533976,1,FALSE,FALSE,FALSE,FALSE
"K13315",0.0788,0,0.787,-0.0515,0.19,0.0191,NA,"K13315",0.976419045334613,1,FALSE,FALSE,FALSE,FALSE
"K18215",0.0591,0,0.69,-0.0698,0.175,0.0282,NA,"K18215",0.971062753583987,1,FALSE,FALSE,FALSE,FALSE
"K03090",0.172,0,0.915,-0.0193,0.18,0.00757,NA,"K03090",0.993374918778428,1,FALSE,FALSE,FALSE,FALSE
"K15521",0.138,0,0.743,-0.0682,0.208,0.0232,NA,"K15521",0.975729793356003,1,FALSE,FALSE,FALSE,FALSE
"K21345",0.108,0,0.52,-0.0839,0.13,0.0455,NA,"K21345",0.936898164807485,1,FALSE,FALSE,FALSE,FALSE
"K02476",0.153,0,0.681,0.0518,0.126,0.029,NA,"K02476",0.971062753583987,1,FALSE,FALSE,FALSE,FALSE
"K04477",0.108,0,0.717,-0.0875,0.241,0.0256,NA,"K04477",0.971062753583987,1,FALSE,FALSE,FALSE,FALSE
"K16139",0.0345,0,0.794,-0.0505,0.193,0.0185,NA,"K16139",0.976419045334613,1,FALSE,FALSE,FALSE,FALSE
"K17228",0.236,0,0.335,0.106,0.109,0.068,NA,"K17228",0.855351861295258,1,FALSE,FALSE,FALSE,FALSE
"K09764",0.197,0,0.663,-0.0658,0.151,0.0308,NA,"K09764",0.971062753583987,1,FALSE,FALSE,FALSE,FALSE
"K01421",0.236,0,0.713,-0.0702,0.191,0.026,NA,"K01421",0.971062753583987,1,FALSE,FALSE,FALSE,FALSE
"K24116",0.315,0,0.101,-0.127,0.0772,0.116,NA,"K24116",0.668924603174603,1,FALSE,FALSE,FALSE,FALSE
"K16147",0.345,0,0.837,0.0264,0.128,0.0146,NA,"K16147",0.983538840647735,1,FALSE,FALSE,FALSE,FALSE
"K16146",0.113,0,0.555,-0.143,0.241,0.0416,NA,"K16146",0.949517436067752,1,FALSE,FALSE,FALSE,FALSE
"K05549",0.271,0,0.0381,0.222,0.107,0.146,NA,"K05549,K05550,K05784",0.43062460496614,1,FALSE,FALSE,FALSE,FALSE
"K05783",0.286,0,0.0401,0.206,0.0995,0.144,NA,"K05783",0.435532971800434,1,FALSE,FALSE,FALSE,FALSE
"K03464",0.315,0,0.788,0.0289,0.108,0.019,NA,"K03464",0.976419045334613,1,FALSE,FALSE,FALSE,FALSE
"K16163",0.108,0,0.616,-0.0802,0.16,0.0354,NA,"K16163",0.957266294227188,1,FALSE,FALSE,FALSE,FALSE
"K12554",0.0296,0,0.824,-0.0462,0.208,0.0157,NA,"K12554",0.98039985862394,1,FALSE,FALSE,FALSE,FALSE
"K14956",0.256,0,0.785,0.0671,0.245,0.0193,NA,"K14956",0.976419045334613,1,FALSE,FALSE,FALSE,FALSE
"K10843",0.158,0,0.167,-0.423,0.305,0.0974,NA,"K10843",0.72710347826087,1,FALSE,FALSE,FALSE,FALSE
"K06605",0.163,0,0.9,-0.0117,0.0931,0.00885,NA,"K06605",0.992180622533976,1,FALSE,FALSE,FALSE,FALSE
"K06609",0.167,0,0.134,-0.164,0.109,0.106,NA,"K06609",0.687801152737752,1,FALSE,FALSE,FALSE,FALSE
"K25365",0.108,0,0.582,-0.133,0.241,0.0389,NA,"K25365",0.953558246073298,1,FALSE,FALSE,FALSE,FALSE
"K18887",0.251,0,0.665,-0.0967,0.223,0.0306,NA,"K18887",0.971062753583987,1,FALSE,FALSE,FALSE,FALSE
"K18888",0.251,0,0.665,-0.0967,0.223,0.0306,NA,"K18888",0.971062753583987,1,FALSE,FALSE,FALSE,FALSE
"K21687",0.0788,0,0.809,-0.0484,0.2,0.0171,NA,"K21687",0.976419045334613,1,FALSE,FALSE,FALSE,FALSE
"K14520",0.0148,0,0.582,-0.121,0.219,0.0389,NA,"K14520",0.953558246073298,1,FALSE,FALSE,FALSE,FALSE
"K08368",0.158,0,0.421,0.0831,0.103,0.0568,NA,"K08368",0.900062766865927,1,FALSE,FALSE,FALSE,FALSE
"K22894",0.103,0,0.389,0.1,0.116,0.0608,NA,"K22894",0.889784691136974,1,FALSE,FALSE,FALSE,FALSE
"K12583",0.0837,0,0.959,-0.00849,0.166,0.0036,NA,"K12583",0.994829403321714,1,FALSE,FALSE,FALSE,FALSE
"K28762",0.365,0,0.0123,0.34,0.134,0.175,NA,"K28762",0.249336437246964,1,FALSE,FALSE,FALSE,FALSE
"K09009",0.158,0,0.336,-0.233,0.242,0.0678,NA,"K09009",0.855723296032553,1,FALSE,FALSE,FALSE,FALSE
"K20469",0.192,0,0.00981,0.676,0.259,0.181,NA,"K20469",0.22635331797235,1,FALSE,FALSE,FALSE,FALSE
"K18455",0.103,0,0.462,-0.189,0.257,0.0519,NA,"K18455",0.919409379968203,1,FALSE,FALSE,FALSE,FALSE
"K21688",0.167,0,0.818,0.0529,0.229,0.0163,NA,"K21688",0.978902007648183,1,FALSE,FALSE,FALSE,FALSE
"K23842",0.128,0,0.397,-0.251,0.295,0.0598,NA,"K10005,K10008,K23842",0.889784691136974,1,FALSE,FALSE,FALSE,FALSE
"K27095",0.123,0,0.454,-0.193,0.258,0.0528,NA,"K27095",0.912922891566265,1,FALSE,FALSE,FALSE,FALSE
"K02478",0.0985,0,0.627,-0.111,0.227,0.0343,NA,"K02478",0.959827838827839,1,FALSE,FALSE,FALSE,FALSE
"K11410",0.158,0,0.239,-0.275,0.233,0.083,NA,"K11410",0.8009859437751,1,FALSE,FALSE,FALSE,FALSE
"K18290",0.153,0,0.372,-0.163,0.183,0.0629,NA,"K18290",0.879989661654135,1,FALSE,FALSE,FALSE,FALSE
"K23555",0.113,0,0.543,-0.151,0.248,0.043,NA,"K23555",0.948639567341242,1,FALSE,FALSE,FALSE,FALSE
"K06976",0.148,0,0.208,-0.266,0.211,0.0887,NA,"K06976",0.774316728624535,1,FALSE,FALSE,FALSE,FALSE
"K06117",0.148,0,0.042,-0.549,0.268,0.143,NA,"K06117",0.443778315789474,1,FALSE,FALSE,FALSE,FALSE
"K04074",0.261,0,0.262,-0.311,0.276,0.0791,NA,"K04074",0.814297951582868,1,FALSE,FALSE,FALSE,FALSE
"K16014",0.0788,0,0.254,-0.256,0.223,0.0805,NA,"K16014",0.809307547169811,1,FALSE,FALSE,FALSE,FALSE
"K07586",0.177,0,0.728,-0.0595,0.171,0.0246,NA,"K07586",0.973435372340426,1,FALSE,FALSE,FALSE,FALSE
"K01239",0.0887,0,0.196,-0.299,0.23,0.0911,NA,"K01239",0.765500780031201,1,FALSE,FALSE,FALSE,FALSE
"K17883",0.0197,0,0.633,0.108,0.227,0.0337,NA,"K17883",0.963645788993615,1,FALSE,FALSE,FALSE,FALSE
"K22010",0.187,0,0.0104,0.435,0.168,0.179,NA,"K22010",0.230410619469027,1,FALSE,FALSE,FALSE,FALSE
"K22213",0.064,0,0.617,0.073,0.146,0.0353,NA,"K22213",0.957334676169817,1,FALSE,FALSE,FALSE,FALSE
"K04104",0.0788,0,0.643,-0.121,0.26,0.0328,NA,"K04104",0.967398137019231,1,FALSE,FALSE,FALSE,FALSE
"K28614",0.0788,0,0.144,-0.175,0.12,0.103,NA,"K28614",0.689300191204589,1,FALSE,FALSE,FALSE,FALSE
"K18701",0.0345,0,0.413,-0.154,0.188,0.0578,NA,"K18701",0.894416522491349,1,FALSE,FALSE,FALSE,FALSE
"K03429",0.133,0,0.475,-0.131,0.182,0.0504,NA,"K03429",0.921838808250573,1,FALSE,FALSE,FALSE,FALSE
"K28682",0.128,0,0.416,-0.0748,0.0918,0.0574,NA,"K28682",0.897033591731266,1,FALSE,FALSE,FALSE,FALSE
"K27501",0.227,0,0.814,-0.0204,0.0866,0.0166,NA,"K27501",0.976917066155321,1,FALSE,FALSE,FALSE,FALSE
"K28683",0.0739,0,0.787,-0.0359,0.133,0.0191,NA,"K28683",0.976419045334613,1,FALSE,FALSE,FALSE,FALSE
"K28684",0.0591,0,0.797,-0.0452,0.175,0.0182,NA,"K28684",0.976419045334613,1,FALSE,FALSE,FALSE,FALSE
"K01466",0.261,0,0.526,-0.0816,0.128,0.0448,NA,"K01466",0.940600714285714,1,FALSE,FALSE,FALSE,FALSE
"K00365",0.113,0,0.628,-0.099,0.204,0.0342,NA,"K00365",0.959827838827839,1,FALSE,FALSE,FALSE,FALSE
"K12528",0.123,0,0.895,-0.0198,0.151,0.00928,NA,"K12528",0.992088775736108,1,FALSE,FALSE,FALSE,FALSE
"K19190",0.069,0,0.421,-0.161,0.2,0.0568,NA,"K19190",0.900062766865927,1,FALSE,FALSE,FALSE,FALSE
"K06413",0.236,0,0.683,-0.0445,0.109,0.0288,NA,"K06413",0.971062753583987,1,FALSE,FALSE,FALSE,FALSE
"K07155",0.069,0,0.959,-0.0079,0.154,0.00363,NA,"K07155",0.994829403321714,1,FALSE,FALSE,FALSE,FALSE
"K20902",0.158,0,0.711,-0.0583,0.157,0.0261,NA,"K20902",0.971062753583987,1,FALSE,FALSE,FALSE,FALSE
"K06324",0.0443,0,0.365,0.134,0.148,0.064,NA,"K06324",0.878926618705036,1,FALSE,FALSE,FALSE,FALSE
"K26749",0.0542,0,0.53,-0.0955,0.152,0.0444,NA,"K26749",0.944482060390764,1,FALSE,FALSE,FALSE,FALSE
"K22270",0.143,0,0.999,9.02e-05,0.103,6.17e-05,NA,"K22270",0.999199560527367,1,FALSE,FALSE,FALSE,FALSE
"K16148",0.128,0,0.601,-0.0788,0.151,0.0369,NA,"K16148",0.956963866877971,1,FALSE,FALSE,FALSE,FALSE
"K15526",0.0985,0,0.797,-0.0519,0.201,0.0182,NA,"K15526",0.976419045334613,1,FALSE,FALSE,FALSE,FALSE
"K07442",0.128,0,0.778,-0.0662,0.235,0.0199,NA,"K03727,K07442,K13572,K13573",0.976419045334613,1,FALSE,FALSE,FALSE,FALSE
"K13527",0.0936,0,0.766,-0.0647,0.217,0.021,NA,"K03432,K03433,K13527,K13570,K13571,K20814",0.976419045334613,1,FALSE,FALSE,FALSE,FALSE
"K24033",0.0739,0,0.451,-0.172,0.227,0.0532,NA,"K24033",0.911649979814292,1,FALSE,FALSE,FALSE,FALSE
"K25144",0.064,0,0.57,-0.0942,0.166,0.0401,NA,"K25142,K25144",0.949517436067752,1,FALSE,FALSE,FALSE,FALSE
"K07695",0.0837,0,0.485,-0.122,0.174,0.0493,NA,"K07695",0.922836711711712,1,FALSE,FALSE,FALSE,FALSE
"K07682",0.103,0,0.426,-0.131,0.164,0.0562,NA,"K07682",0.902105063291139,1,FALSE,FALSE,FALSE,FALSE
"K12952",0.0394,0,0.678,0.0585,0.141,0.0293,NA,"K12952",0.971062753583987,1,FALSE,FALSE,FALSE,FALSE
"K24131",0.261,0,0.61,-0.0707,0.139,0.036,NA,"K24131",0.957197699720236,1,FALSE,FALSE,FALSE,FALSE
"K23393",0.113,0,0.277,-0.201,0.184,0.0767,NA,"K07009,K23393",0.818253097345133,1,FALSE,FALSE,FALSE,FALSE
"K27681",0.103,0,0.491,-0.168,0.244,0.0486,NA,"K27681",0.922836711711712,1,FALSE,FALSE,FALSE,FALSE
"K18917",0.227,0,0.515,0.089,0.136,0.046,NA,"K18917",0.93292510853835,1,FALSE,FALSE,FALSE,FALSE
"K11358",0.0394,0,0.483,-0.112,0.159,0.0495,NA,"K11358",0.921990468928708,1,FALSE,FALSE,FALSE,FALSE
"K24120",0.123,0,0.453,-0.182,0.242,0.053,NA,"K24120",0.912744869215292,1,FALSE,FALSE,FALSE,FALSE
"K07030",0.222,0,0.45,-0.197,0.261,0.0533,NA,"K01926,K07030",0.91109987868985,1,FALSE,FALSE,FALSE,FALSE
"K03296",0.251,0,0.101,-0.505,0.307,0.115,NA,"K03296",0.668924603174603,1,FALSE,FALSE,FALSE,FALSE
"K16649",0.128,0,0.0139,0.484,0.195,0.172,NA,"K16649",0.26066404494382,1,FALSE,FALSE,FALSE,FALSE
"K02074",0.158,0,0.718,-0.0314,0.0869,0.0255,NA,"K02074",0.971103727714749,1,FALSE,FALSE,FALSE,FALSE
"K23987",0.0739,0,0.697,-0.0538,0.138,0.0275,NA,"K23987",0.971062753583987,1,FALSE,FALSE,FALSE,FALSE
"K16650",0.103,0,0.635,-0.0963,0.203,0.0335,NA,"K16650",0.96405245603396,1,FALSE,FALSE,FALSE,FALSE
"K08372",0.123,0,0.537,-0.158,0.256,0.0436,NA,"K08372",0.945181052631579,1,FALSE,FALSE,FALSE,FALSE
"K09118",0.138,0,0.245,-0.342,0.293,0.082,NA,"K09118",0.803876146788991,1,FALSE,FALSE,FALSE,FALSE
"K06979",0.187,0,0.134,-0.181,0.121,0.105,NA,"K06979",0.687801152737752,1,FALSE,FALSE,FALSE,FALSE
"K00231",0.251,0,0.202,0.229,0.179,0.0899,NA,"K00231",0.770894817073171,1,FALSE,FALSE,FALSE,FALSE
"K07319",0.113,0,0.923,-0.016,0.166,0.00681,NA,"K07319",0.994297872340426,1,FALSE,FALSE,FALSE,FALSE
"K10006",0.138,0,0.25,-0.24,0.208,0.0811,NA,"K10006",0.809307547169811,1,FALSE,FALSE,FALSE,FALSE
"K10007",0.138,0,0.351,-0.187,0.2,0.0658,NA,"K10007",0.867023680315738,1,FALSE,FALSE,FALSE,FALSE
"K01858",0.148,0,0.717,0.0429,0.118,0.0256,NA,"K01858",0.971062753583987,1,FALSE,FALSE,FALSE,FALSE
"K00392",0.113,0,0.609,-0.108,0.211,0.0361,NA,"K00392",0.957081920903955,1,FALSE,FALSE,FALSE,FALSE
"K21401",0.0985,0,0.397,-0.244,0.287,0.0598,NA,"K21401",0.889784691136974,1,FALSE,FALSE,FALSE,FALSE
"K25149",0.103,0,0.19,-0.135,0.103,0.0924,NA,"K25149",0.758395717684378,1,FALSE,FALSE,FALSE,FALSE
"K25150",0.103,0,0.19,-0.135,0.103,0.0924,NA,"K25150",0.758395717684378,1,FALSE,FALSE,FALSE,FALSE
"K25588",0.0936,0,0.905,-0.0176,0.148,0.00841,NA,"K25588",0.992842900964067,1,FALSE,FALSE,FALSE,FALSE
"K01005",0.236,0,0.77,-0.0458,0.156,0.0207,NA,"K01005",0.976419045334613,1,FALSE,FALSE,FALSE,FALSE
"K18230",0.0788,0,0.399,-0.14,0.165,0.0595,NA,"K18230",0.891076271186441,1,FALSE,FALSE,FALSE,FALSE
"K11602",0.0443,0,0.982,0.0035,0.152,0.00162,NA,"K11602",0.996528982569923,1,FALSE,FALSE,FALSE,FALSE
"K11601",0.0443,0,0.982,0.0035,0.152,0.00162,NA,"K11601",0.996528982569923,1,FALSE,FALSE,FALSE,FALSE
"K02497",0.236,0,0.47,-0.158,0.218,0.051,NA,"K02497",0.921838808250573,1,FALSE,FALSE,FALSE,FALSE
"K14519",0.103,0,0.871,-0.0263,0.162,0.0114,NA,"K14519",0.990708087233076,1,FALSE,FALSE,FALSE,FALSE
"K04768",0.197,0,0.776,-0.0694,0.244,0.0201,NA,"K04768",0.976419045334613,1,FALSE,FALSE,FALSE,FALSE
"K00008",0.0739,0,0.268,0.135,0.121,0.0782,NA,"K00008",0.814882459312839,1,FALSE,FALSE,FALSE,FALSE
"K25064",0.0493,0,0.374,-0.177,0.199,0.0627,NA,"K25062,K25063,K25064",0.879989661654135,1,FALSE,FALSE,FALSE,FALSE
"K00594",0.108,0,0.455,-0.112,0.149,0.0527,NA,"K00594",0.913832731648616,1,FALSE,FALSE,FALSE,FALSE
"K17755",0.0345,0,0.742,0.0635,0.193,0.0233,NA,"K17755",0.975729793356003,1,FALSE,FALSE,FALSE,FALSE
"K28029",0.232,0,0.936,-0.00862,0.107,0.00568,NA,"K28029",0.994829403321714,1,FALSE,FALSE,FALSE,FALSE
"K16927",0.069,0,0.207,-0.226,0.178,0.0889,NA,"K16927",0.774316728624535,1,FALSE,FALSE,FALSE,FALSE
"K22336",0.064,0,0.778,-0.0441,0.156,0.0199,NA,"K22336",0.976419045334613,1,FALSE,FALSE,FALSE,FALSE
"K19311",0.0394,0,0.966,0.00711,0.168,0.00299,NA,"K19311",0.994829403321714,1,FALSE,FALSE,FALSE,FALSE
"K13950",0.0887,0,0.618,-0.104,0.207,0.0352,NA,"K13950",0.957699164345404,1,FALSE,FALSE,FALSE,FALSE
"K01218",0.0394,0,0.687,0.053,0.131,0.0285,NA,"K01218",0.971062753583987,1,FALSE,FALSE,FALSE,FALSE
"K16925",0.222,0,0.338,-0.173,0.18,0.0675,NA,"K16925",0.857762797769894,1,FALSE,FALSE,FALSE,FALSE
"K07228",0.227,0,0.889,0.0291,0.209,0.00982,NA,"K07228",0.991805481283422,1,FALSE,FALSE,FALSE,FALSE
"K26732",0.227,0,0.889,0.0291,0.209,0.00982,NA,"K26732",0.991805481283422,1,FALSE,FALSE,FALSE,FALSE
"K25286",0.232,0,0.169,0.132,0.0957,0.0968,NA,"K25286",0.729468103448276,1,FALSE,FALSE,FALSE,FALSE
"K22107",0.0887,0,0.245,-0.278,0.238,0.0819,NA,"K22107",0.803876146788991,1,FALSE,FALSE,FALSE,FALSE
"K02798",0.192,0,0.129,-0.259,0.17,0.107,NA,"K02798",0.687801152737752,1,FALSE,FALSE,FALSE,FALSE
"K13892",0.103,0,0.681,-0.0719,0.175,0.029,NA,"K13892",0.971062753583987,1,FALSE,FALSE,FALSE,FALSE
"K16515",0.0542,0,0.374,-0.103,0.116,0.0627,NA,"K16515",0.879989661654135,1,FALSE,FALSE,FALSE,FALSE
"K11947",0.069,0,0.011,0.389,0.152,0.178,NA,"K11947",0.238428571428571,1,FALSE,FALSE,FALSE,FALSE
"K26740",0.0296,0,0.801,0.0422,0.167,0.0178,NA,"K26740",0.976419045334613,1,FALSE,FALSE,FALSE,FALSE
"K21600",0.261,0,0.0711,0.361,0.199,0.127,NA,"K21600",0.56959632,1,FALSE,FALSE,FALSE,FALSE
"K22844",0.069,0,0.747,-0.0491,0.152,0.0228,NA,"K22844",0.975830119854091,1,FALSE,FALSE,FALSE,FALSE
"K05880",0.0493,0,0.7,-0.124,0.321,0.0272,NA,"K05880",0.971062753583987,1,FALSE,FALSE,FALSE,FALSE
"K07495",0.0345,0,0.76,-0.0374,0.122,0.0216,NA,"K07495",0.976419045334613,1,FALSE,FALSE,FALSE,FALSE
"K21344",0.232,0,0.206,0.203,0.16,0.0891,NA,"K21344",0.774316728624535,1,FALSE,FALSE,FALSE,FALSE
"K11021",0.0887,0,0.964,-0.00467,0.104,0.00315,NA,"K11021",0.994829403321714,1,FALSE,FALSE,FALSE,FALSE
"K15852",0.0443,0,0.844,0.0779,0.394,0.0139,NA,"K15852,K18927,K19213,K20801",0.986439775910364,1,FALSE,FALSE,FALSE,FALSE
"K11023",0.0296,0,0.536,0.133,0.215,0.0437,NA,"K11023",0.945181052631579,1,FALSE,FALSE,FALSE,FALSE
"K12531",0.0148,0,0.896,-0.0234,0.178,0.00925,NA,"K12531",0.992180622533976,1,FALSE,FALSE,FALSE,FALSE
"K16872",0.241,0,0.822,0.0438,0.194,0.0159,NA,"K16872",0.980174803524649,1,FALSE,FALSE,FALSE,FALSE
"K14056",0.0837,0,0.226,-0.253,0.208,0.0854,NA,"K14056",0.797606315789474,1,FALSE,FALSE,FALSE,FALSE
"K00316",0.069,0,0.322,0.149,0.15,0.0698,NA,"K00316",0.850344936708861,1,FALSE,FALSE,FALSE,FALSE
"K28380",0.0148,0,0.664,-0.105,0.241,0.0306,NA,"K28380",0.971062753583987,1,FALSE,FALSE,FALSE,FALSE
"K06282",0.069,0,0.892,0.0244,0.179,0.00961,NA,"K03605,K06282",0.992088775736108,1,FALSE,FALSE,FALSE,FALSE
"K06281",0.0542,0,0.767,-0.0742,0.25,0.021,NA,"K06281",0.976419045334613,1,FALSE,FALSE,FALSE,FALSE
"K12143",0.0296,0,0.958,0.00951,0.181,0.00371,NA,"K12143",0.994829403321714,1,FALSE,FALSE,FALSE,FALSE
"K12138",0.0345,0,0.887,0.0326,0.23,0.01,NA,"K12136,K12138",0.991805481283422,1,FALSE,FALSE,FALSE,FALSE
"K12137",0.064,0,0.825,0.0352,0.159,0.0156,NA,"K12137",0.98039985862394,1,FALSE,FALSE,FALSE,FALSE
"K19659",0.0296,0,0.671,-0.114,0.268,0.03,NA,"K19659,K22954",0.971062753583987,1,FALSE,FALSE,FALSE,FALSE
"K19113",0.138,0,0.108,0.271,0.168,0.113,NA,"K19113",0.687801152737752,1,FALSE,FALSE,FALSE,FALSE
"K12678",0.0542,0,0.728,-0.0615,0.177,0.0245,NA,"K12678",0.973435372340426,1,FALSE,FALSE,FALSE,FALSE
"K12527",0.0246,0,0.813,-0.0618,0.261,0.0167,NA,"K12527",0.976419045334613,1,FALSE,FALSE,FALSE,FALSE
"K12529",0.0197,0,0.81,0.073,0.302,0.017,NA,"K12529",0.976419045334613,1,FALSE,FALSE,FALSE,FALSE
"K00087",0.0739,0,0.414,0.163,0.198,0.0577,NA,"K00087",0.895033678756477,1,FALSE,FALSE,FALSE,FALSE
"K13479",0.0788,0,0.549,0.112,0.187,0.0423,NA,"K13479",0.949517436067752,1,FALSE,FALSE,FALSE,FALSE
"K10952",0.0296,0,0.874,0.0246,0.156,0.0112,NA,"K10952",0.991417761667422,1,FALSE,FALSE,FALSE,FALSE
"K04018",0.0394,0,0.931,-0.0238,0.272,0.00615,NA,"K04018",0.994829403321714,1,FALSE,FALSE,FALSE,FALSE
"K20755",0.0394,0,0.953,0.0118,0.201,0.00415,NA,"K20755",0.994829403321714,1,FALSE,FALSE,FALSE,FALSE
"K07078",0.177,0,0.752,0.0475,0.15,0.0223,NA,"K07078",0.976419045334613,1,FALSE,FALSE,FALSE,FALSE
"K06926",0.064,0,0.755,-0.0267,0.0854,0.022,NA,"K06926",0.976419045334613,1,FALSE,FALSE,FALSE,FALSE
"K18367",0.0985,0,0.757,-0.0538,0.173,0.0219,NA,"K18367",0.976419045334613,1,FALSE,FALSE,FALSE,FALSE
"K02598",0.103,0,0.833,-0.0388,0.184,0.0149,NA,"K02598",0.980910395108184,1,FALSE,FALSE,FALSE,FALSE
"K02464",0.0296,0,0.6,-0.07,0.133,0.0371,NA,"K02464",0.955838370983137,1,FALSE,FALSE,FALSE,FALSE
"K08659",0.0345,0,0.763,-0.044,0.146,0.0213,NA,"K08659",0.976419045334613,1,FALSE,FALSE,FALSE,FALSE
"K03757",0.0345,0,0.967,0.00849,0.205,0.00292,NA,"K03757",0.994829403321714,1,FALSE,FALSE,FALSE,FALSE
"K00385",0.0148,0,0.507,0.212,0.318,0.0469,NA,"K00385,K16346,K16950,K16951",0.927424672489083,1,FALSE,FALSE,FALSE,FALSE
"K11921",0.291,0,0.99,0.00135,0.109,0.00088,NA,"K11921",0.99758246388443,1,FALSE,FALSE,FALSE,FALSE
"K13480",0.0197,0,0.744,0.0905,0.277,0.0231,NA,"K13480",0.975729793356003,1,FALSE,FALSE,FALSE,FALSE
"K10906",0.0148,0,0.762,0.0579,0.191,0.0214,NA,"K10906",0.976419045334613,1,FALSE,FALSE,FALSE,FALSE
"K06900",0.0246,0,0.774,-0.0488,0.17,0.0203,NA,"K06900,K25555",0.976419045334613,1,FALSE,FALSE,FALSE,FALSE
"K03223",0.0887,0,0.871,-0.0222,0.137,0.0114,NA,"K03223",0.990708087233076,1,FALSE,FALSE,FALSE,FALSE
"K04054",0.0493,0,0.469,-0.102,0.141,0.0511,NA,"K04054",0.921838808250573,1,FALSE,FALSE,FALSE,FALSE
"K04052",0.0197,0,0.677,0.104,0.25,0.0294,NA,"K04049,K04050,K04051,K04052,K04057,K23476",0.971062753583987,1,FALSE,FALSE,FALSE,FALSE
"K03221",0.0493,0,0.407,-0.118,0.142,0.0585,NA,"K03221",0.892618922470434,1,FALSE,FALSE,FALSE,FALSE
"K04060",0.0394,0,0.414,-0.124,0.151,0.0576,NA,"K04060",0.895033678756477,1,FALSE,FALSE,FALSE,FALSE
"K04059",0.0246,0,0.88,-0.0357,0.236,0.0107,NA,"K04059",0.991805481283422,1,FALSE,FALSE,FALSE,FALSE
"K04056",0.0542,0,0.657,-0.0629,0.141,0.0313,NA,"K04056",0.971062753583987,1,FALSE,FALSE,FALSE,FALSE
"K03225",0.113,0,0.767,-0.0348,0.117,0.021,NA,"K03225",0.976419045334613,1,FALSE,FALSE,FALSE,FALSE
"K02769",0.0345,0,0.97,0.00662,0.176,0.00265,NA,"K02769",0.994836132732487,1,FALSE,FALSE,FALSE,FALSE
"K21965",0.118,0,0.907,0.0129,0.111,0.00821,NA,"K21965",0.992926448253417,1,FALSE,FALSE,FALSE,FALSE
"K09945",0.276,0,0.0788,0.226,0.128,0.124,NA,"K09945",0.595608805970149,1,FALSE,FALSE,FALSE,FALSE
"K07812",0.0591,0,0.646,0.0916,0.199,0.0324,NA,"K07812",0.968469058295964,1,FALSE,FALSE,FALSE,FALSE
"K16636",0.0148,0,0.845,0.0454,0.232,0.0138,NA,"K16636",0.987378063010502,1,FALSE,FALSE,FALSE,FALSE
"K28187",0.0788,0,0.298,0.104,0.0999,0.0734,NA,"K28187",0.837779898933184,1,FALSE,FALSE,FALSE,FALSE
"K07505",0.0296,0,0.597,0.0739,0.14,0.0373,NA,"K07505",0.955838370983137,1,FALSE,FALSE,FALSE,FALSE
"K05873",0.0837,0,0.486,0.115,0.165,0.0492,NA,"K05873",0.922836711711712,1,FALSE,FALSE,FALSE,FALSE
"K16923",0.103,0,0.559,-0.0872,0.149,0.0413,NA,"K16923",0.949517436067752,1,FALSE,FALSE,FALSE,FALSE
"K16638",0.0246,0,0.711,-0.0619,0.167,0.0261,NA,"K16638",0.971062753583987,1,FALSE,FALSE,FALSE,FALSE
"K23876",0.0148,0,0.647,0.124,0.271,0.0323,NA,"K23876",0.968469058295964,1,FALSE,FALSE,FALSE,FALSE
"K20431",0.0148,0,0.294,0.233,0.221,0.074,NA,"K20431",0.8345,1,FALSE,FALSE,FALSE,FALSE
"K09137",0.0936,0,0.569,0.074,0.13,0.0402,NA,"K09137",0.949517436067752,1,FALSE,FALSE,FALSE,FALSE
"K24285",0.0148,0,0.908,-0.018,0.156,0.00818,NA,"K24285",0.992926448253417,1,FALSE,FALSE,FALSE,FALSE
"K03410",0.158,0,0.345,0.097,0.102,0.0666,NA,"K03410",0.863189835575486,1,FALSE,FALSE,FALSE,FALSE
"K18365",0.0443,0,0.804,-0.0573,0.23,0.0176,NA,"K18365",0.976419045334613,1,FALSE,FALSE,FALSE,FALSE
"K18366",0.0443,0,0.804,-0.0573,0.23,0.0176,NA,"K18366",0.976419045334613,1,FALSE,FALSE,FALSE,FALSE
"K01617",0.069,0,0.46,0.0911,0.123,0.0522,NA,"K01617",0.916886942675159,1,FALSE,FALSE,FALSE,FALSE
"K18364",0.0542,0,0.889,-0.0244,0.174,0.00985,NA,"K18364",0.991805481283422,1,FALSE,FALSE,FALSE,FALSE
"K10217",0.0591,0,0.931,0.0107,0.123,0.00615,NA,"K10217",0.994829403321714,1,FALSE,FALSE,FALSE,FALSE
"K16242",0.0148,0,0.785,0.0738,0.27,0.0193,NA,"K16242",0.976419045334613,1,FALSE,FALSE,FALSE,FALSE
"K05713",0.0296,0,0.672,0.0736,0.173,0.0299,NA,"K05713",0.971062753583987,1,FALSE,FALSE,FALSE,FALSE
"K05714",0.0246,0,0.964,0.00888,0.197,0.00318,NA,"K05714",0.994829403321714,1,FALSE,FALSE,FALSE,FALSE
"K22450",0.0394,0,0.484,-0.152,0.218,0.0494,NA,"K22450",0.922141552511415,1,FALSE,FALSE,FALSE,FALSE
"K03465",0.0296,0,0.273,-0.182,0.165,0.0772,NA,"K03465",0.818078711985689,1,FALSE,FALSE,FALSE,FALSE
"K07536",0.0246,0,0.57,0.0954,0.168,0.0402,NA,"K07536",0.949517436067752,1,FALSE,FALSE,FALSE,FALSE
"K04117",0.0296,0,0.472,-0.118,0.164,0.0508,NA,"K04117",0.921838808250573,1,FALSE,FALSE,FALSE,FALSE
"K04116",0.0345,0,0.444,-0.116,0.151,0.054,NA,"K04116",0.908503473641193,1,FALSE,FALSE,FALSE,FALSE
"K20454",0.0148,0,0.616,-0.121,0.241,0.0354,NA,"K20454",0.957266294227188,1,FALSE,FALSE,FALSE,FALSE
"K16880",0.0296,0,0.0171,0.472,0.196,0.167,NA,"K16876,K16877,K16880",0.28164375,1,FALSE,FALSE,FALSE,FALSE
"K16879",0.0197,0,0.265,0.264,0.236,0.0786,NA,"K16879",0.814521178637201,1,FALSE,FALSE,FALSE,FALSE
"K18067",0.0197,0,0.719,0.0763,0.212,0.0254,NA,"K18067",0.971931155507559,1,FALSE,FALSE,FALSE,FALSE
"K18069",0.0148,0,0.469,-0.179,0.247,0.0511,NA,"K18069",0.921838808250573,1,FALSE,FALSE,FALSE,FALSE
"K18068",0.0394,0,0.837,-0.0268,0.13,0.0146,NA,"K18068",0.983538840647735,1,FALSE,FALSE,FALSE,FALSE
"K01086",0.0443,0,0.733,0.0893,0.261,0.0241,NA,"K01086",0.974284842049376,1,FALSE,FALSE,FALSE,FALSE
"K19640",0.0493,0,0.474,-0.13,0.182,0.0505,NA,"K19640",0.921838808250573,1,FALSE,FALSE,FALSE,FALSE
"K03620",0.0148,0,0.0425,-0.516,0.253,0.143,NA,"K03620",0.445183054393305,1,FALSE,FALSE,FALSE,FALSE
"K00150",0.118,0,0.695,0.103,0.263,0.0277,NA,"K00150",0.971062753583987,1,FALSE,FALSE,FALSE,FALSE
"K13002",0.0345,0,0.769,0.0382,0.13,0.0207,NA,"K13002",0.976419045334613,1,FALSE,FALSE,FALSE,FALSE
"K01787",0.0197,0,0.771,0.049,0.168,0.0205,NA,"K01787",0.976419045334613,1,FALSE,FALSE,FALSE,FALSE
"K02347",0.118,0,0.944,0.0141,0.2,0.00496,NA,"K02347",0.994829403321714,1,FALSE,FALSE,FALSE,FALSE
"K03333",0.197,0,0.76,0.0267,0.0872,0.0216,NA,"K03333",0.976419045334613,1,FALSE,FALSE,FALSE,FALSE
"K21196",0.103,0,0.707,0.0586,0.156,0.0265,NA,"K21196",0.971062753583987,1,FALSE,FALSE,FALSE,FALSE
"K17069",0.0197,0,0.346,-0.224,0.237,0.0665,NA,"K17069",0.863189835575486,1,FALSE,FALSE,FALSE,FALSE
"K18285",0.0296,0,0.571,-0.201,0.354,0.04,NA,"K18285",0.949517436067752,1,FALSE,FALSE,FALSE,FALSE
"K08166",0.0936,0,0.823,0.0292,0.13,0.0158,NA,"K08166",0.98039985862394,1,FALSE,FALSE,FALSE,FALSE
"K19225",0.0887,0,0.00987,0.747,0.287,0.181,NA,"K19225",0.226572465753425,1,FALSE,FALSE,FALSE,FALSE
"K19166",0.153,0,0.378,0.0782,0.0886,0.0622,NA,"K19166",0.883588235294118,1,FALSE,FALSE,FALSE,FALSE
"K27493",0.0197,0,0.888,0.0374,0.265,0.00994,NA,"K27493",0.991805481283422,1,FALSE,FALSE,FALSE,FALSE
"K21003",0.0197,0,0.579,0.113,0.204,0.0391,NA,"K21003",0.951445027896291,1,FALSE,FALSE,FALSE,FALSE
"K21739",0.0296,0,0.806,-0.0421,0.171,0.0174,NA,"K21739",0.976419045334613,1,FALSE,FALSE,FALSE,FALSE
"K11784",0.0296,0,0.571,-0.201,0.354,0.04,NA,"K11784",0.949517436067752,1,FALSE,FALSE,FALSE,FALSE
"K11622",0.128,0,0.95,0.0212,0.338,0.00442,NA,"K00887,K11622",0.994829403321714,1,FALSE,FALSE,FALSE,FALSE
"K01771",0.0837,0,0.649,0.0539,0.118,0.0321,NA,"K01771",0.969434069212411,1,FALSE,FALSE,FALSE,FALSE
"K06888",0.143,0,0.309,-0.139,0.136,0.0717,NA,"K06888",0.841670784103115,1,FALSE,FALSE,FALSE,FALSE
"K16213",0.0197,0,0.618,-0.103,0.207,0.0352,NA,"K16212,K16213",0.957699164345404,1,FALSE,FALSE,FALSE,FALSE
"K26997",0.0148,0,0.879,0.0371,0.243,0.0108,NA,"K26997",0.991805481283422,1,FALSE,FALSE,FALSE,FALSE
"K05593",0.0394,0,0.318,-0.234,0.233,0.0704,NA,"K05593",0.848734541577825,1,FALSE,FALSE,FALSE,FALSE
"K09384",0.0591,0,0.931,0.00789,0.0906,0.00614,NA,"K09384",0.994829403321714,1,FALSE,FALSE,FALSE,FALSE
"K25767",0.0197,0,0.319,-0.183,0.184,0.0703,NA,"K25767",0.849047543581616,1,FALSE,FALSE,FALSE,FALSE
"K05979",0.163,0,0.854,0.0234,0.127,0.013,NA,"K05979",0.988208458516293,1,FALSE,FALSE,FALSE,FALSE
"K06921",0.0296,0,0.712,-0.0477,0.129,0.0261,NA,"K06921",0.971062753583987,1,FALSE,FALSE,FALSE,FALSE
"K24126",0.0542,0,0.882,0.0336,0.226,0.0105,NA,"K24126",0.991805481283422,1,FALSE,FALSE,FALSE,FALSE
"K04756",0.0493,0,0.931,-0.0234,0.269,0.00613,NA,"K04756",0.994829403321714,1,FALSE,FALSE,FALSE,FALSE
"K08097",0.0443,0,0.166,-0.193,0.139,0.0975,NA,"K08097",0.725905676855895,1,FALSE,FALSE,FALSE,FALSE
"K11785",0.0296,0,0.571,-0.201,0.354,0.04,NA,"K11785",0.949517436067752,1,FALSE,FALSE,FALSE,FALSE
"K11783",0.0296,0,0.571,-0.201,0.354,0.04,NA,"K11783",0.949517436067752,1,FALSE,FALSE,FALSE,FALSE
"K12452",0.0246,0,0.427,-0.139,0.175,0.0561,NA,"K12452",0.902105063291139,1,FALSE,FALSE,FALSE,FALSE
"K07031",0.0246,0,0.547,-0.101,0.167,0.0425,NA,"K07031",0.949517436067752,1,FALSE,FALSE,FALSE,FALSE
"K19422",0.0443,0,0.0613,-0.349,0.185,0.132,NA,"K19422",0.542204232804233,1,FALSE,FALSE,FALSE,FALSE
"K20810",0.0246,0,0.967,-0.00927,0.223,0.00293,NA,"K20810",0.994829403321714,1,FALSE,FALSE,FALSE,FALSE
"K18815",0.0985,0,0.12,0.261,0.167,0.11,NA,"K18815",0.687801152737752,1,FALSE,FALSE,FALSE,FALSE
"K08222",0.123,0,0.272,0.369,0.336,0.0774,NA,"K08222",0.81697900419916,1,FALSE,FALSE,FALSE,FALSE
"K00274",0.069,0,0.543,0.0851,0.14,0.0429,NA,"K00274",0.948639567341242,1,FALSE,FALSE,FALSE,FALSE
"K27087",0.0197,0,0.37,0.176,0.196,0.0632,NA,"K27086,K27087",0.879989661654135,1,FALSE,FALSE,FALSE,FALSE
"K20798",0.0148,0,0.91,0.0312,0.274,0.00802,NA,"K20798",0.992926448253417,1,FALSE,FALSE,FALSE,FALSE
"K23825",0.0345,0,0.602,0.129,0.246,0.0368,NA,"K23825",0.956963866877971,1,FALSE,FALSE,FALSE,FALSE
"K00712",0.108,0,0.782,-0.0255,0.092,0.0195,NA,"K00712",0.976419045334613,1,FALSE,FALSE,FALSE,FALSE
"K21159",0.251,0,0.41,-0.0827,0.1,0.0581,NA,"K21159",0.893563612679114,1,FALSE,FALSE,FALSE,FALSE
"K00540",0.0394,0,0.751,0.073,0.229,0.0224,NA,"K00540,K15510",0.976419045334613,1,FALSE,FALSE,FALSE,FALSE
"K19003",0.0493,0,0.543,-0.117,0.192,0.0429,NA,"K19003",0.948639567341242,1,FALSE,FALSE,FALSE,FALSE
"K26110",0.0985,0,0.865,-0.0297,0.174,0.012,NA,"K26110",0.989755813953488,1,FALSE,FALSE,FALSE,FALSE
"K27853",0.0394,0,0.446,-0.119,0.156,0.0538,NA,"K27853",0.909251628664495,1,FALSE,FALSE,FALSE,FALSE
"K13015",0.202,0,0.989,0.00115,0.0861,0.000945,NA,"K13015",0.99758246388443,1,FALSE,FALSE,FALSE,FALSE
"K25028",0.148,0,0.594,-0.049,0.0916,0.0377,NA,"K25028",0.955838370983137,1,FALSE,FALSE,FALSE,FALSE
"K14952",0.0148,0,0.405,0.239,0.287,0.0587,NA,"K14952",0.892618922470434,1,FALSE,FALSE,FALSE,FALSE
"K22733",0.0148,0,0.506,-0.167,0.25,0.047,NA,"K22733",0.927424672489083,1,FALSE,FALSE,FALSE,FALSE
"K17640",0.0296,0,0.969,-0.00699,0.18,0.00274,NA,"K17640",0.994829403321714,1,FALSE,FALSE,FALSE,FALSE
"K08221",0.222,0,0.691,0.0564,0.142,0.0281,NA,"K08221",0.971062753583987,1,FALSE,FALSE,FALSE,FALSE
"K23155",0.064,0,0.911,-0.0206,0.184,0.0079,NA,"K23155",0.992926448253417,1,FALSE,FALSE,FALSE,FALSE
"K21685",0.0246,0,0.729,0.0734,0.212,0.0244,NA,"K21685",0.973435372340426,1,FALSE,FALSE,FALSE,FALSE
"K13658",0.0443,0,0.71,-0.0559,0.15,0.0263,NA,"K13658",0.971062753583987,1,FALSE,FALSE,FALSE,FALSE
"K18457",0.0345,0,0.736,0.0585,0.174,0.0238,NA,"K18457",0.974907936507937,1,FALSE,FALSE,FALSE,FALSE
"K03343",0.103,0,0.713,-0.0728,0.198,0.026,NA,"K03343",0.971062753583987,1,FALSE,FALSE,FALSE,FALSE
"K26365",0.0394,0,0.321,-0.135,0.136,0.07,NA,"K26365",0.849047543581616,1,FALSE,FALSE,FALSE,FALSE
"K06336",0.108,0,0.237,-0.144,0.121,0.0833,NA,"K06336",0.8009859437751,1,FALSE,FALSE,FALSE,FALSE
"K27545",0.0493,0,0.595,0.139,0.262,0.0375,NA,"K27545",0.955838370983137,1,FALSE,FALSE,FALSE,FALSE
"K18546",0.0197,0,0.864,-0.0507,0.295,0.0121,NA,"K18546",0.989755813953488,1,FALSE,FALSE,FALSE,FALSE
"K12234",0.0591,0,0.242,0.224,0.191,0.0825,NA,"K12234",0.803510610079576,1,FALSE,FALSE,FALSE,FALSE
"K11779",0.0296,0,0.082,0.41,0.235,0.122,NA,"K11779",0.606304867256637,1,FALSE,FALSE,FALSE,FALSE
"K14941",0.0542,0,0.17,0.276,0.2,0.0968,NA,"K11212,K14941",0.732521514629948,1,FALSE,FALSE,FALSE,FALSE
"K00803",0.148,0,0.833,0.0222,0.105,0.0149,NA,"K00803",0.980910395108184,1,FALSE,FALSE,FALSE,FALSE
"K10713",0.0985,0,0.679,0.051,0.123,0.0292,NA,"K10713",0.971062753583987,1,FALSE,FALSE,FALSE,FALSE
"K15629",0.0246,0,0.243,-0.216,0.184,0.0822,NA,"K15629",0.803633421400264,1,FALSE,FALSE,FALSE,FALSE
"K15372",0.0788,0,0.3,-0.142,0.136,0.0732,NA,"K15372",0.839146436525612,1,FALSE,FALSE,FALSE,FALSE
"K08717",0.128,0,0.0622,0.294,0.157,0.131,NA,"K08717",0.545421015761821,1,FALSE,FALSE,FALSE,FALSE
"K20484",0.0197,0,0.859,-0.0325,0.183,0.0125,NA,"K20484",0.98964864242982,1,FALSE,FALSE,FALSE,FALSE
"K22580",0.0148,0,0.309,-0.289,0.284,0.0717,NA,"K22580",0.841670784103115,1,FALSE,FALSE,FALSE,FALSE
"K20275",0.0788,0,0.37,0.146,0.163,0.0633,NA,"K20275",0.879989661654135,1,FALSE,FALSE,FALSE,FALSE
"K21492",0.0197,0,0.167,0.388,0.279,0.0975,NA,"K21492",0.72710347826087,1,FALSE,FALSE,FALSE,FALSE
"K19200",0.143,0,0.504,-0.0585,0.0874,0.0472,NA,"K19200",0.927424672489083,1,FALSE,FALSE,FALSE,FALSE
"K16138",0.153,0,0.725,-0.0396,0.113,0.0248,NA,"K16138",0.972688906752412,1,FALSE,FALSE,FALSE,FALSE
"K12991",0.0394,0,0.83,-0.0279,0.13,0.0152,NA,"K12991",0.98039985862394,1,FALSE,FALSE,FALSE,FALSE
"K18289",0.163,0,0.344,0.093,0.0981,0.0668,NA,"K18289",0.863189835575486,1,FALSE,FALSE,FALSE,FALSE
"K15733",0.0197,0,0.927,-0.0256,0.278,0.00648,NA,"K15733",0.994829403321714,1,FALSE,FALSE,FALSE,FALSE
"K28275",0.0443,0,0.998,-0.00031,0.135,0.000162,NA,"K28275,K28276",0.998797921247252,1,FALSE,FALSE,FALSE,FALSE
"K18351",0.0394,0,0.956,0.0135,0.246,0.00386,NA,"K18351,K18352",0.994829403321714,1,FALSE,FALSE,FALSE,FALSE
"K14194",0.0148,0,0.952,-0.0151,0.25,0.00426,NA,"K14194",0.994829403321714,1,FALSE,FALSE,FALSE,FALSE
"K22298",0.0197,0,0.834,0.0441,0.21,0.0148,NA,"K22298",0.981626234132581,1,FALSE,FALSE,FALSE,FALSE
"K10037",0.0394,0,0.874,0.0361,0.227,0.0112,NA,"K10036,K10037",0.991417761667422,1,FALSE,FALSE,FALSE,FALSE
"K17624",0.0197,0,0.831,0.0597,0.279,0.0151,NA,"K17624",0.98039985862394,1,FALSE,FALSE,FALSE,FALSE
"K00561",0.0345,0,0.909,-0.0306,0.268,0.00804,NA,"K00561",0.992926448253417,1,FALSE,FALSE,FALSE,FALSE
"K26989",0.0148,0,0.679,0.0883,0.213,0.0293,NA,"K26989",0.971062753583987,1,FALSE,FALSE,FALSE,FALSE
"K00441",0.0197,0,0.733,-0.0521,0.152,0.0241,NA,"K00441",0.974284842049376,1,FALSE,FALSE,FALSE,FALSE
"K28189",0.0197,0,0.588,0.122,0.225,0.0382,NA,"K28189",0.955261518494484,1,FALSE,FALSE,FALSE,FALSE
"K21885",0.118,0,0.658,-0.0902,0.203,0.0313,NA,"K21885",0.971062753583987,1,FALSE,FALSE,FALSE,FALSE
"K17329",0.0443,0,0.946,-0.0146,0.217,0.00474,NA,"K17329,K17330,K17331",0.994829403321714,1,FALSE,FALSE,FALSE,FALSE
"K05888",0.0739,0,0.568,-0.123,0.216,0.0403,NA,"K05888",0.949517436067752,1,FALSE,FALSE,FALSE,FALSE
"K09809",0.118,0,0.689,0.0392,0.098,0.0282,NA,"K09809",0.971062753583987,1,FALSE,FALSE,FALSE,FALSE
"K22907",0.0197,0,0.649,-0.0884,0.194,0.0322,NA,"K09153,K22907",0.969434069212411,1,FALSE,FALSE,FALSE,FALSE
"K15637",0.0296,0,0.946,-0.0196,0.29,0.00477,NA,"K15637",0.994829403321714,1,FALSE,FALSE,FALSE,FALSE
"K14340",0.143,0,0.143,0.168,0.114,0.103,NA,"K14340",0.687801152737752,1,FALSE,FALSE,FALSE,FALSE
"K19978",0.0345,0,0.856,-0.043,0.237,0.0128,NA,"K19978",0.988694809688581,1,FALSE,FALSE,FALSE,FALSE
"K01233",0.0148,0,0.198,-0.236,0.183,0.0906,NA,"K01233",0.767920991479473,1,FALSE,FALSE,FALSE,FALSE
"K01654",0.0345,0,0.919,-0.0156,0.153,0.00719,NA,"K01654",0.994259507346586,1,FALSE,FALSE,FALSE,FALSE
"K21749",0.0394,0,0.351,0.108,0.116,0.0658,NA,"K21749",0.867023680315738,1,FALSE,FALSE,FALSE,FALSE
"K00897",0.0197,0,0.913,-0.0328,0.302,0.00767,NA,"K00897",0.992926448253417,1,FALSE,FALSE,FALSE,FALSE
"K17246",0.0296,0,0.816,-0.0407,0.175,0.0164,NA,"K17244,K17246",0.977910962182863,1,FALSE,FALSE,FALSE,FALSE
"K17245",0.0394,0,0.862,-0.0259,0.149,0.0123,NA,"K17245",0.989755813953488,1,FALSE,FALSE,FALSE,FALSE
"K27494",0.0591,0,0.647,-0.0655,0.143,0.0324,NA,"K27494",0.968469058295964,1,FALSE,FALSE,FALSE,FALSE
"K27495",0.0197,0,0.379,0.26,0.295,0.0621,NA,"K27495",0.885099347014925,1,FALSE,FALSE,FALSE,FALSE
"K21480",0.0197,0,0.554,0.141,0.238,0.0417,NA,"K21480",0.949517436067752,1,FALSE,FALSE,FALSE,FALSE
"K11384",0.163,0,0.00224,1.02,0.33,0.213,NA,"K06123,K07713,K11384,K14268,K18298,K20972,K20973,K22345",0.118059789473684,1,FALSE,FALSE,FALSE,FALSE
"K22474",0.138,0,0.506,-0.0744,0.112,0.0469,NA,"K22474",0.927424672489083,1,FALSE,FALSE,FALSE,FALSE
"K12549",0.0197,0,0.964,0.00778,0.172,0.00319,NA,"K12549",0.994829403321714,1,FALSE,FALSE,FALSE,FALSE
"K13472",0.0837,0,0.831,0.0266,0.124,0.0151,NA,"K13472",0.98039985862394,1,FALSE,FALSE,FALSE,FALSE
"K22747",0.167,0,0.403,0.0916,0.109,0.059,NA,"K22747",0.892618922470434,1,FALSE,FALSE,FALSE,FALSE
"K19157",0.0148,0,0.758,-0.0561,0.182,0.0217,NA,"K19157",0.976419045334613,1,FALSE,FALSE,FALSE,FALSE
"K23057",0.192,0,0.0185,0.559,0.235,0.165,NA,"K23057",0.286778637770898,1,FALSE,FALSE,FALSE,FALSE
"K23056",0.192,0,0.0185,0.559,0.235,0.165,NA,"K23056",0.286778637770898,1,FALSE,FALSE,FALSE,FALSE
"K23055",0.192,0,0.0185,0.559,0.235,0.165,NA,"K23055",0.286778637770898,1,FALSE,FALSE,FALSE,FALSE
"K23058",0.177,0,0.112,0.424,0.265,0.112,NA,"K23058",0.687801152737752,1,FALSE,FALSE,FALSE,FALSE
"K22250",0.163,0,0.00102,0.783,0.235,0.229,NA,"K22250",0.0690154054054054,1,FALSE,FALSE,TRUE,FALSE
"K02848",0.167,0,0.0185,0.638,0.269,0.165,NA,"K02848",0.286778637770898,1,FALSE,FALSE,FALSE,FALSE
"K13541",0.197,0,0.000331,1.03,0.282,0.25,NA,"K13541",0.03364704,1,TRUE,FALSE,TRUE,FALSE
"K27076",0.103,0,0.123,0.234,0.151,0.109,NA,"K27076",0.687801152737752,1,FALSE,FALSE,FALSE,FALSE
"K27077",0.103,0,0.194,0.186,0.143,0.0915,NA,"K27077",0.761849411764706,1,FALSE,FALSE,FALSE,FALSE
"K23993",0.207,0,0.23,0.247,0.205,0.0847,NA,"K23993",0.800841446453407,1,FALSE,FALSE,FALSE,FALSE
"K08195",0.222,0,0.212,0.179,0.143,0.0879,NA,"K08195",0.780168983174835,1,FALSE,FALSE,FALSE,FALSE
"K19296",0.153,0,0.193,0.379,0.291,0.0917,NA,"K00066,K01795,K16081,K19290,K19291,K19292,K19293,K19295,K19296",0.760307631785995,1,FALSE,FALSE,FALSE,FALSE
"K19744",0.212,0,0.207,0.151,0.119,0.0889,NA,"K19744",0.774316728624535,1,FALSE,FALSE,FALSE,FALSE
"K13655",0.0739,0,0.593,-0.0535,0.1,0.0377,NA,"K13655",0.955838370983137,1,FALSE,FALSE,FALSE,FALSE
"K13651",0.064,0,0.419,-0.112,0.138,0.057,NA,"K13651",0.900062766865927,1,FALSE,FALSE,FALSE,FALSE
"K17879",0.0887,0,0.243,-0.147,0.125,0.0824,NA,"K17879",0.803633421400264,1,FALSE,FALSE,FALSE,FALSE
"K13487",0.172,0,0.0249,0.541,0.239,0.157,NA,"K11444,K13487,K13488,K13489,K13490,K13491",0.348252234636871,1,FALSE,FALSE,FALSE,FALSE
"K13486",0.167,0,0.0204,0.684,0.293,0.163,NA,"K13486,K18100",0.302197633136095,1,FALSE,FALSE,FALSE,FALSE
"K01039",0.246,0,0.00417,0.438,0.151,0.2,NA,"K01039",0.167812734375,1,FALSE,FALSE,FALSE,FALSE
"K01040",0.246,0,0.00417,0.438,0.151,0.2,NA,"K01040",0.167812734375,1,FALSE,FALSE,FALSE,FALSE
"K02625",0.153,0,0.0353,0.381,0.18,0.148,NA,"K02625",0.408191916859122,1,FALSE,FALSE,FALSE,FALSE
"K04061",0.31,0,0.114,0.254,0.16,0.111,NA,"K04061",0.687801152737752,1,FALSE,FALSE,FALSE,FALSE
"K18843",0.197,0,0.64,0.0339,0.0724,0.0331,NA,"K18843",0.966660633484163,1,FALSE,FALSE,FALSE,FALSE
"K01267",0.187,0,0.043,0.524,0.257,0.142,NA,"K01267,K01960,K21711",0.447611226611227,1,FALSE,FALSE,FALSE,FALSE
"K13776",0.148,0,0.292,0.275,0.261,0.0743,NA,"K13776",0.831651877133106,1,FALSE,FALSE,FALSE,FALSE
"K17623",0.0985,0,0.107,0.432,0.267,0.113,NA,"K17623",0.687801152737752,1,FALSE,FALSE,FALSE,FALSE
"K02203",0.153,0,0.424,0.163,0.203,0.0564,NA,"K02203",0.902105063291139,1,FALSE,FALSE,FALSE,FALSE
"K06160",0.182,0,0.0304,0.298,0.137,0.152,NA,"K06160",0.380532,1,FALSE,FALSE,FALSE,FALSE
"K07690",0.172,0,0.269,0.206,0.185,0.0779,NA,"K07690",0.814882459312839,1,FALSE,FALSE,FALSE,FALSE
"K22349",0.0493,0,0.67,0.0658,0.154,0.0301,NA,"K22349",0.971062753583987,1,FALSE,FALSE,FALSE,FALSE
"K22350",0.064,0,0.608,0.107,0.208,0.0362,NA,"K22350",0.957012260295505,1,FALSE,FALSE,FALSE,FALSE
"K01003",0.177,0,0.000336,0.975,0.267,0.249,NA,"K01003",0.03364704,1,TRUE,FALSE,TRUE,FALSE
"K11919",0.064,0,0.355,0.134,0.145,0.0652,NA,"K11919",0.869932650073206,1,FALSE,FALSE,FALSE,FALSE
"K11918",0.064,0,0.355,0.134,0.145,0.0652,NA,"K11918",0.869932650073206,1,FALSE,FALSE,FALSE,FALSE
"K18072",0.0345,0,0.259,0.208,0.183,0.0796,NA,"K18072",0.810508125,1,FALSE,FALSE,FALSE,FALSE
"K23467",0.182,0,0.117,0.181,0.115,0.11,NA,"K23467",0.687801152737752,1,FALSE,FALSE,FALSE,FALSE
"K07326",0.143,0,0.78,0.0231,0.0823,0.0198,NA,"K07326",0.976419045334613,1,FALSE,FALSE,FALSE,FALSE
"K23466",0.148,0,0.0893,0.172,0.101,0.12,NA,"K23466",0.635120880681818,1,FALSE,FALSE,FALSE,FALSE
"K00394",0.153,0,0.327,0.153,0.156,0.0691,NA,"K00394",0.852310775637689,1,FALSE,FALSE,FALSE,FALSE
"K21407",0.148,0,0.196,0.253,0.195,0.0911,NA,"K21407",0.765500780031201,1,FALSE,FALSE,FALSE,FALSE
"K18923",0.163,0,0.477,0.0507,0.0712,0.0502,NA,"K18923",0.921838808250573,1,FALSE,FALSE,FALSE,FALSE
"K00032",0.108,0,0.83,0.0459,0.214,0.0151,NA,"K00032",0.98039985862394,1,FALSE,FALSE,FALSE,FALSE
"K11441",0.113,0,0.997,0.000772,0.178,0.000306,NA,"K11441",0.998797921247252,1,FALSE,FALSE,FALSE,FALSE
"K18299",0.241,0,0.675,0.0831,0.198,0.0296,NA,"K18299",0.971062753583987,1,FALSE,FALSE,FALSE,FALSE
"K12538",0.118,0,0.0665,0.358,0.194,0.129,NA,"K12538",0.554019134775374,1,FALSE,FALSE,FALSE,FALSE
"K19353",0.158,0,0.767,-0.0489,0.165,0.0209,NA,"K19353",0.976419045334613,1,FALSE,FALSE,FALSE,FALSE
"K04099",0.0296,0,0.309,-0.152,0.149,0.0717,NA,"K04099",0.841670784103115,1,FALSE,FALSE,FALSE,FALSE
"K07023",0.0542,0,0.841,0.0272,0.136,0.0141,NA,"K07023",0.984772450888681,1,FALSE,FALSE,FALSE,FALSE
"K01856",0.315,0,0.111,0.18,0.112,0.112,NA,"K01856",0.687801152737752,1,FALSE,FALSE,FALSE,FALSE
"K20330",0.0197,0,0.512,-0.148,0.225,0.0463,NA,"K20330",0.930182873730043,1,FALSE,FALSE,FALSE,FALSE
"K16124",0.0246,0,0.171,-0.261,0.19,0.0964,NA,"K16124",0.7336735218509,1,FALSE,FALSE,FALSE,FALSE
"K00505",0.0591,0,0.432,0.101,0.128,0.0555,NA,"K00505",0.904652446675031,1,FALSE,FALSE,FALSE,FALSE
"K10816",0.0197,0,0.607,-0.0911,0.177,0.0364,NA,"K10814,K10815,K10816",0.957012260295505,1,FALSE,FALSE,FALSE,FALSE
"K19231",0.0345,0,0.831,-0.0295,0.138,0.0151,NA,"K19231",0.98039985862394,1,FALSE,FALSE,FALSE,FALSE
"K13299",0.167,0,0.245,0.223,0.192,0.0819,NA,"K13299",0.803876146788991,1,FALSE,FALSE,FALSE,FALSE
"K16291",0.212,0,0.289,0.186,0.175,0.0748,NA,"K16291",0.831651877133106,1,FALSE,FALSE,FALSE,FALSE
"K24018",0.202,0,0.257,0.269,0.237,0.0799,NA,"K24018",0.809307547169811,1,FALSE,FALSE,FALSE,FALSE
"K13974",0.0936,0,0.525,-0.0644,0.101,0.0449,NA,"K13974",0.940155579399142,1,FALSE,FALSE,FALSE,FALSE
"K21825",0.202,0,0.0392,0.34,0.164,0.145,NA,"K21825",0.433276821192053,1,FALSE,FALSE,FALSE,FALSE
"K08369",0.0936,0,0.925,-0.0137,0.145,0.00665,NA,"K08369",0.994829403321714,1,FALSE,FALSE,FALSE,FALSE
"K14335",0.128,0,0.501,0.121,0.179,0.0475,NA,"K14335",0.927153817779417,1,FALSE,FALSE,FALSE,FALSE
"K00466",0.0542,0,0.867,0.0218,0.13,0.0118,NA,"K00466",0.989755813953488,1,FALSE,FALSE,FALSE,FALSE
"K17060",0.172,0,0.00691,0.559,0.205,0.189,NA,"K17060,K17061",0.206786271186441,1,FALSE,FALSE,FALSE,FALSE
"K18540",0.128,0,0.923,-0.0153,0.158,0.00683,NA,"K18540",0.994297872340426,1,FALSE,FALSE,FALSE,FALSE
"K14475",0.197,0,0.0333,0.243,0.113,0.149,NA,"K14475",0.399126014319809,1,FALSE,FALSE,FALSE,FALSE
"K03486",0.187,0,0.00094,0.524,0.156,0.23,NA,"K03486",0.0648852328767123,1,FALSE,FALSE,TRUE,FALSE
"K21135",0.133,0,0.245,0.218,0.187,0.0821,NA,"K21133,K21135",0.803876146788991,1,FALSE,FALSE,FALSE,FALSE
"K08085",0.123,0,0.584,0.096,0.175,0.0387,NA,"K08085",0.954648383937316,1,FALSE,FALSE,FALSE,FALSE
"K09934",0.167,0,0.274,0.171,0.156,0.0771,NA,"K09934",0.818078711985689,1,FALSE,FALSE,FALSE,FALSE
"K13789",0.315,0,0.353,0.137,0.147,0.0656,NA,"K13789",0.868536117936118,1,FALSE,FALSE,FALSE,FALSE
"K19954",0.172,0,0.281,0.177,0.164,0.0761,NA,"K19954",0.82091511627907,1,FALSE,FALSE,FALSE,FALSE
"K17736",0.202,0,0.00427,0.664,0.23,0.2,NA,"K17736",0.167812734375,1,FALSE,FALSE,FALSE,FALSE
"K27492",0.207,0,0.0535,0.412,0.212,0.136,NA,"K27492",0.494233394833948,1,FALSE,FALSE,FALSE,FALSE
"K00471",0.167,0,0.92,-0.016,0.158,0.00712,NA,"K00471",0.994297872340426,1,FALSE,FALSE,FALSE,FALSE
"K21830",0.148,0,0.006,0.786,0.283,0.192,NA,"K21830",0.200921923076923,1,FALSE,FALSE,FALSE,FALSE
"K03816",0.281,0,0.000445,0.857,0.24,0.244,NA,"K03816",0.0397877678571429,1,TRUE,FALSE,TRUE,FALSE
"K11916",0.0591,0,0.678,0.0817,0.196,0.0293,NA,"K11916",0.971062753583987,1,FALSE,FALSE,FALSE,FALSE
"K01959",0.197,0,0.0283,0.46,0.208,0.154,NA,"K01959",0.367093523316062,1,FALSE,FALSE,FALSE,FALSE
"K24655",0.0739,0,0.792,-0.0367,0.139,0.0186,NA,"K24655",0.976419045334613,1,FALSE,FALSE,FALSE,FALSE
"K14188",0.0345,0,0.00267,-1.16,0.38,0.21,NA,"K03739,K03740,K05739,K06343,K14188,K19419,K23978,K25114,K25115,K25118",0.128545096153846,1,FALSE,FALSE,FALSE,FALSE
"K10681",0.0197,0,0.149,-0.35,0.242,0.102,NA,"K10681",0.697236448598131,1,FALSE,FALSE,FALSE,FALSE
"K18345",0.0345,0,0.0234,-0.92,0.403,0.159,NA,"K18345",0.330971186440678,1,FALSE,FALSE,FALSE,FALSE
"K02491",0.0936,0,0.043,0.836,0.41,0.142,NA,"K02248,K02249,K02254,K02491,K03794,K05340,K06299,K06300,K06302,K06306,K06327,K06347,K06348,K06422,K06431,K06432,K06714,K11620,K11637,K11638,K11686,K18115,K19449,K21465,K21935",0.447611226611227,1,FALSE,FALSE,FALSE,FALSE
"K05967",0.0936,0,0.768,0.0757,0.256,0.0209,NA,"K05967",0.976419045334613,1,FALSE,FALSE,FALSE,FALSE
"K25575",0.0739,0,0.0911,-0.608,0.358,0.119,NA,"K16188,K25575",0.64154388185654,1,FALSE,FALSE,FALSE,FALSE
"K06308",0.113,0,0.137,0.546,0.366,0.105,NA,"K02826,K02828,K02829,K06301,K06303,K06308,K25109",0.687801152737752,1,FALSE,FALSE,FALSE,FALSE
"K06295",0.118,0,0.143,0.684,0.465,0.103,NA,"K06295",0.687801152737752,1,FALSE,FALSE,FALSE,FALSE
"K11615",0.0887,0,0.393,0.183,0.214,0.0603,NA,"K11614,K11615",0.889784691136974,1,FALSE,FALSE,FALSE,FALSE
"K06296",0.0936,0,0.00622,1.06,0.382,0.191,NA,"K06296",0.200921923076923,1,FALSE,FALSE,FALSE,FALSE
"K06297",0.0936,0,0.00622,1.06,0.382,0.191,NA,"K06297",0.200921923076923,1,FALSE,FALSE,FALSE,FALSE
"K06307",0.064,0,0.0178,0.459,0.192,0.166,NA,"K06307",0.286778637770898,1,FALSE,FALSE,FALSE,FALSE
"K20391",0.069,0,0.000812,1.26,0.369,0.233,NA,"K03206,K09683,K09963,K16323,K20391",0.0616012727272727,1,FALSE,FALSE,TRUE,FALSE
"K11625",0.0246,0,0.406,-0.136,0.163,0.0586,NA,"K11625",0.892618922470434,1,FALSE,FALSE,FALSE,FALSE
"K11635",0.0443,0,0.865,0.0375,0.221,0.012,NA,"K11635",0.989755813953488,1,FALSE,FALSE,FALSE,FALSE
"K11636",0.0493,0,0.635,-0.0982,0.206,0.0336,NA,"K11636",0.96405245603396,1,FALSE,FALSE,FALSE,FALSE
"K28830",0.0197,0,0.94,0.0208,0.275,0.00534,NA,"K22222,K28830",0.994829403321714,1,FALSE,FALSE,FALSE,FALSE
"K07282",0.0887,0,0.275,0.281,0.257,0.077,NA,"K07282",0.818253097345133,1,FALSE,FALSE,FALSE,FALSE
"K21488",0.0591,0,0.0949,-0.242,0.144,0.118,NA,"K21488",0.653176543209877,1,FALSE,FALSE,FALSE,FALSE
"K20109",0.0493,0,0.392,0.217,0.253,0.0604,NA,"K20109",0.889784691136974,1,FALSE,FALSE,FALSE,FALSE
"K06418",0.118,0,0.143,0.684,0.465,0.103,NA,"K06418",0.687801152737752,1,FALSE,FALSE,FALSE,FALSE
"K19081",0.0197,0,0.282,-0.236,0.219,0.0759,NA,"K19081",0.82091511627907,1,FALSE,FALSE,FALSE,FALSE
"K18349",0.069,0,0.0594,-0.305,0.161,0.133,NA,"K18349",0.527332978723404,1,FALSE,FALSE,FALSE,FALSE
"K11632",0.118,0,0.143,0.684,0.465,0.103,NA,"K11632",0.687801152737752,1,FALSE,FALSE,FALSE,FALSE
"K11631",0.118,0,0.143,0.684,0.465,0.103,NA,"K11631",0.687801152737752,1,FALSE,FALSE,FALSE,FALSE
"K24948",0.0493,0,0.269,-0.415,0.375,0.078,NA,"K24948",0.814882459312839,1,FALSE,FALSE,FALSE,FALSE
"K24949",0.0493,0,0.269,-0.415,0.375,0.078,NA,"K24949",0.814882459312839,1,FALSE,FALSE,FALSE,FALSE
"K24950",0.0493,0,0.269,-0.415,0.375,0.078,NA,"K24950",0.814882459312839,1,FALSE,FALSE,FALSE,FALSE
"K03700",0.0985,0,0.473,0.289,0.401,0.0506,NA,"K00260,K00841,K02244,K02245,K02246,K02250,K02859,K03093,K03471,K03700,K03706,K05822,K05823,K06286,K07105,K07570,K07658,K08724,K09682,K11619,K12263,K13275,K13300,K13767,K16509,K16787,K17217,K18692,K23675,K23734",0.921838808250573,1,FALSE,FALSE,FALSE,FALSE
"K11476",0.0936,0,0.107,0.299,0.184,0.114,NA,"K11476",0.687801152737752,1,FALSE,FALSE,FALSE,FALSE
"K25031",0.133,0,0.41,-0.212,0.257,0.0581,NA,"K25031",0.893563612679114,1,FALSE,FALSE,FALSE,FALSE
"K06314",0.118,0,0.143,0.684,0.465,0.103,NA,"K06314",0.687801152737752,1,FALSE,FALSE,FALSE,FALSE
"K01447",0.0394,0,0.00332,-0.99,0.333,0.205,NA,"K01447,K08600",0.146726869565217,1,FALSE,FALSE,FALSE,FALSE
"K06317",0.118,0,0.143,0.684,0.465,0.103,NA,"K06317",0.687801152737752,1,FALSE,FALSE,FALSE,FALSE
"K06436",0.118,0,0.143,0.684,0.465,0.103,NA,"K06436",0.687801152737752,1,FALSE,FALSE,FALSE,FALSE
"K06423",0.118,0,0.143,0.684,0.465,0.103,NA,"K06423",0.687801152737752,1,FALSE,FALSE,FALSE,FALSE
"K04769",0.118,0,0.143,0.684,0.465,0.103,NA,"K04769",0.687801152737752,1,FALSE,FALSE,FALSE,FALSE
"K06409",0.118,0,0.143,0.684,0.465,0.103,NA,"K06409",0.687801152737752,1,FALSE,FALSE,FALSE,FALSE
"K06382",0.118,0,0.143,0.684,0.465,0.103,NA,"K06382",0.687801152737752,1,FALSE,FALSE,FALSE,FALSE
"K07590",0.118,0,0.143,0.684,0.465,0.103,NA,"K07590",0.687801152737752,1,FALSE,FALSE,FALSE,FALSE
"K16786",0.118,0,0.722,0.132,0.371,0.0251,NA,"K16786",0.972573042776433,1,FALSE,FALSE,FALSE,FALSE
"K06294",0.118,0,0.143,0.684,0.465,0.103,NA,"K06294",0.687801152737752,1,FALSE,FALSE,FALSE,FALSE
"K16937",0.118,0,0.618,-0.0566,0.113,0.0352,NA,"K16937",0.957699164345404,1,FALSE,FALSE,FALSE,FALSE
"K21959",0.118,0,0.292,0.122,0.115,0.0743,NA,"K21959",0.831651877133106,1,FALSE,FALSE,FALSE,FALSE
"K08152",0.0837,0,0.129,-0.217,0.142,0.107,NA,"K08152",0.687801152737752,1,FALSE,FALSE,FALSE,FALSE
"K13281",0.163,0,0.245,0.245,0.21,0.0819,NA,"K13281",0.803876146788991,1,FALSE,FALSE,FALSE,FALSE
"K14665",0.108,0,0.235,-0.305,0.256,0.0837,NA,"K14665",0.8009859437751,1,FALSE,FALSE,FALSE,FALSE
"K25308",0.113,0,0.0857,-0.466,0.27,0.121,NA,"K25290,K25308",0.618299567723343,1,FALSE,FALSE,FALSE,FALSE
"K21567",0.133,0,0.293,0.307,0.291,0.0742,NA,"K21567",0.832605561861521,1,FALSE,FALSE,FALSE,FALSE
"K06325",0.064,0,0.215,0.223,0.179,0.0875,NA,"K06325",0.78405316824472,1,FALSE,FALSE,FALSE,FALSE
"K21828",0.0148,0,0.062,-0.737,0.392,0.131,NA,"K21828",0.544621052631579,1,FALSE,FALSE,FALSE,FALSE
"K01182",0.138,0,0.794,-0.0334,0.128,0.0185,NA,"K01182",0.976419045334613,1,FALSE,FALSE,FALSE,FALSE
"K20108",0.0246,0,0.71,0.154,0.412,0.0263,NA,"K20108,K20895",0.971062753583987,1,FALSE,FALSE,FALSE,FALSE
"K06896",0.0296,0,1,-4.8e-05,0.351,9.65e-06,NA,"K06896,K21453",1,1,FALSE,FALSE,FALSE,FALSE
"K01567",0.118,0,0.143,0.684,0.465,0.103,NA,"K01567",0.687801152737752,1,FALSE,FALSE,FALSE,FALSE
"K02205",0.167,0,0.112,0.29,0.182,0.112,NA,"K02205",0.687801152737752,1,FALSE,FALSE,FALSE,FALSE
"K06428",0.0493,0,0.269,-0.415,0.375,0.078,NA,"K06428",0.814882459312839,1,FALSE,FALSE,FALSE,FALSE
"K24708",0.118,0,0.722,0.132,0.371,0.0251,NA,"K24708",0.972573042776433,1,FALSE,FALSE,FALSE,FALSE
"K25156",0.0985,0,0.148,0.413,0.285,0.102,NA,"K25154,K25155,K25156",0.697236448598131,1,FALSE,FALSE,FALSE,FALSE
"K08713",0.0985,0,0.103,0.311,0.19,0.115,NA,"K08713",0.674145098039216,1,FALSE,FALSE,FALSE,FALSE
"K13730",0.0197,0,0.233,-0.327,0.274,0.084,NA,"K13730",0.8009859437751,1,FALSE,FALSE,FALSE,FALSE
"K02443",0.163,0,0.964,-0.00598,0.131,0.00322,NA,"K02443",0.994829403321714,1,FALSE,FALSE,FALSE,FALSE
"K14983",0.0739,0,0.0077,0.897,0.333,0.187,NA,"K14983",0.209532065217391,1,FALSE,FALSE,FALSE,FALSE
"K14982",0.0788,0,0.139,0.463,0.311,0.104,NA,"K14982,K28635",0.687801152737752,1,FALSE,FALSE,FALSE,FALSE
"K21903",0.0985,0,0.157,0.513,0.361,0.0998,NA,"K21903",0.70312969588551,1,FALSE,FALSE,FALSE,FALSE
"K20480",0.064,0,0.158,-0.28,0.198,0.0994,NA,"K20480",0.704457702582369,1,FALSE,FALSE,FALSE,FALSE
"K06425",0.0936,0,0.00622,1.06,0.382,0.191,NA,"K06425",0.200921923076923,1,FALSE,FALSE,FALSE,FALSE
"K25110",0.153,0,0.0968,0.232,0.139,0.117,NA,"K25110,K25111,K25130",0.657635820895522,1,FALSE,FALSE,FALSE,FALSE
"K14647",0.103,0,0.7,0.0803,0.208,0.0272,NA,"K14647",0.971062753583987,1,FALSE,FALSE,FALSE,FALSE
"K23983",0.103,0,0.57,-0.205,0.361,0.0401,NA,"K23786,K23983",0.949517436067752,1,FALSE,FALSE,FALSE,FALSE
"K10041",0.118,0,0.143,0.684,0.465,0.103,NA,"K10041",0.687801152737752,1,FALSE,FALSE,FALSE,FALSE
"K10039",0.118,0,0.143,0.684,0.465,0.103,NA,"K10039",0.687801152737752,1,FALSE,FALSE,FALSE,FALSE
"K10040",0.118,0,0.143,0.684,0.465,0.103,NA,"K10040",0.687801152737752,1,FALSE,FALSE,FALSE,FALSE
"K20487",0.0788,0,0.521,-0.122,0.189,0.0453,NA,"K20487",0.937465566714491,1,FALSE,FALSE,FALSE,FALSE
"K15973",0.217,0,0.954,0.00676,0.116,0.0041,NA,"K15973",0.994829403321714,1,FALSE,FALSE,FALSE,FALSE
"K03484",0.0887,0,0.72,0.0841,0.235,0.0253,NA,"K03484",0.972495279201511,1,FALSE,FALSE,FALSE,FALSE
"K01117",0.0148,0,0.316,-0.331,0.329,0.0707,NA,"K01117",0.846968516542156,1,FALSE,FALSE,FALSE,FALSE
"K02827",0.118,0,0.143,0.684,0.465,0.103,NA,"K02827",0.687801152737752,1,FALSE,FALSE,FALSE,FALSE
"K06311",0.0936,0,0.00622,1.06,0.382,0.191,NA,"K06311",0.200921923076923,1,FALSE,FALSE,FALSE,FALSE
"K06312",0.0936,0,0.00622,1.06,0.382,0.191,NA,"K06312",0.200921923076923,1,FALSE,FALSE,FALSE,FALSE
"K10810",0.0985,0,0.134,0.565,0.376,0.105,NA,"K00686,K06345,K06433,K07717,K07719,K10810,K16919,K16921",0.687801152737752,1,FALSE,FALSE,FALSE,FALSE
"K03491",0.064,0,0.714,-0.0626,0.171,0.0259,NA,"K03491",0.971062753583987,1,FALSE,FALSE,FALSE,FALSE
"K06334",0.103,0,8.1e-06,1.21,0.264,0.307,NA,"K06334",0.00238568823529412,0.0405567,TRUE,TRUE,TRUE,TRUE
"K06333",0.0936,0,0.00622,1.06,0.382,0.191,NA,"K06333",0.200921923076923,1,FALSE,FALSE,FALSE,FALSE
"K06332",0.0936,0,0.00622,1.06,0.382,0.191,NA,"K06332",0.200921923076923,1,FALSE,FALSE,FALSE,FALSE
"K18924",0.113,0,0.467,-0.208,0.285,0.0513,NA,"K18924",0.921838808250573,1,FALSE,FALSE,FALSE,FALSE
"K18925",0.123,0,0.0299,-0.459,0.21,0.152,NA,"K18925",0.378053787878788,1,FALSE,FALSE,FALSE,FALSE
"K19575",0.0739,0,0.0133,0.359,0.144,0.174,NA,"K19575",0.257116216216216,1,FALSE,FALSE,FALSE,FALSE
"K07446",0.0246,0,0.0413,-0.523,0.255,0.143,NA,"K07446",0.441042127659575,1,FALSE,FALSE,FALSE,FALSE
"K15737",0.0739,0,0.336,0.141,0.147,0.0679,NA,"K15737",0.855723296032553,1,FALSE,FALSE,FALSE,FALSE
"K01777",0.0591,0,0.98,0.00347,0.141,0.00173,NA,"K01777",0.996316751269036,1,FALSE,FALSE,FALSE,FALSE
"K21494",0.0296,0,0.525,0.0721,0.113,0.0449,NA,"K21494",0.940155579399142,1,FALSE,FALSE,FALSE,FALSE
"K09124",0.0493,0,0.74,-0.0329,0.0991,0.0234,NA,"K09124",0.975729793356003,1,FALSE,FALSE,FALSE,FALSE
"K02086",0.143,0,0.935,0.0113,0.138,0.0058,NA,"K02086",0.994829403321714,1,FALSE,FALSE,FALSE,FALSE
"K03698",0.118,0,0.722,0.132,0.371,0.0251,NA,"K03698",0.972573042776433,1,FALSE,FALSE,FALSE,FALSE
"K25159",0.113,0,0.821,-0.0464,0.205,0.016,NA,"K25159",0.979915852205006,1,FALSE,FALSE,FALSE,FALSE
"K12555",0.118,0,0.143,0.684,0.465,0.103,NA,"K12555",0.687801152737752,1,FALSE,FALSE,FALSE,FALSE
"K06304",0.0493,0,0.269,-0.415,0.375,0.078,NA,"K06304",0.814882459312839,1,FALSE,FALSE,FALSE,FALSE
"K28810",0.108,0,0.113,0.396,0.249,0.112,NA,"K28810",0.687801152737752,1,FALSE,FALSE,FALSE,FALSE
"K06198",0.123,0,0.73,-0.0322,0.0931,0.0244,NA,"K06198",0.973435372340426,1,FALSE,FALSE,FALSE,FALSE
"K06372",0.064,0,0.265,-0.194,0.174,0.0786,NA,"K06372",0.814521178637201,1,FALSE,FALSE,FALSE,FALSE
"K02236",0.0739,0,0.0507,0.674,0.343,0.137,NA,"K02236,K18244",0.485382217973231,1,FALSE,FALSE,FALSE,FALSE
"K00958",0.167,0,0.369,0.145,0.161,0.0633,NA,"K00958",0.879989661654135,1,FALSE,FALSE,FALSE,FALSE
"K00366",0.0542,0,0.147,0.524,0.36,0.102,NA,"K00366,K03334",0.696997159090909,1,FALSE,FALSE,FALSE,FALSE
"K09145",0.0394,0,0.00429,-0.931,0.322,0.2,NA,"K09145",0.167812734375,1,FALSE,FALSE,FALSE,FALSE
"K06398",0.118,0,0.143,0.684,0.465,0.103,NA,"K06398",0.687801152737752,1,FALSE,FALSE,FALSE,FALSE
"K27959",0.0394,0,0.51,-0.114,0.173,0.0465,NA,"K27959",0.928233369683751,1,FALSE,FALSE,FALSE,FALSE
"K07444",0.143,0,0.0109,0.725,0.282,0.178,NA,"K07444",0.237288260869565,1,FALSE,FALSE,FALSE,FALSE
"K23356",0.123,0,0.0727,0.37,0.205,0.126,NA,"K23356",0.575963449367089,1,FALSE,FALSE,FALSE,FALSE
"K25143",0.0591,0,0.606,-0.0988,0.192,0.0364,NA,"K25143",0.957012260295505,1,FALSE,FALSE,FALSE,FALSE
"K22552",0.0394,0,0.791,0.0349,0.132,0.0187,NA,"K22552",0.976419045334613,1,FALSE,FALSE,FALSE,FALSE
"K21755",0.0887,0,0.52,0.177,0.274,0.0454,NA,"K06371,K21755",0.936898164807485,1,FALSE,FALSE,FALSE,FALSE
"K18104",0.0887,0,0.936,0.009,0.111,0.00569,NA,"K18104",0.994829403321714,1,FALSE,FALSE,FALSE,FALSE
"K18907",0.0936,0,0.00622,1.06,0.382,0.191,NA,"K18907",0.200921923076923,1,FALSE,FALSE,FALSE,FALSE
"K06607",0.103,0,0.747,0.118,0.366,0.0227,NA,"K06607",0.975830119854091,1,FALSE,FALSE,FALSE,FALSE
"K26057",0.064,0,0.00303,0.632,0.21,0.207,NA,"K26057",0.140474166666667,1,FALSE,FALSE,FALSE,FALSE
"K11210",0.0985,0,0.819,-0.0383,0.167,0.0162,NA,"K11210",0.979396465249582,1,FALSE,FALSE,FALSE,FALSE
"K08986",0.0985,0,0.671,0.0588,0.138,0.03,NA,"K08986",0.971062753583987,1,FALSE,FALSE,FALSE,FALSE
"K21497",0.0197,0,0.207,-0.286,0.226,0.0889,NA,"K21497",0.774316728624535,1,FALSE,FALSE,FALSE,FALSE
"K13542",0.0837,0,0.123,0.489,0.316,0.109,NA,"K13542",0.687801152737752,1,FALSE,FALSE,FALSE,FALSE
"K06416",0.118,0,0.143,0.684,0.465,0.103,NA,"K06416",0.687801152737752,1,FALSE,FALSE,FALSE,FALSE
"K04780",0.0542,0,0.00669,-0.855,0.312,0.19,NA,"K04780",0.206786271186441,1,FALSE,FALSE,FALSE,FALSE
"K08651",0.0936,0,0.471,0.148,0.205,0.0509,NA,"K08651",0.921838808250573,1,FALSE,FALSE,FALSE,FALSE
"K00158",0.0542,0,0.0412,-0.687,0.335,0.143,NA,"K00158,K00929",0.441042127659575,1,FALSE,FALSE,FALSE,FALSE
"K16326",0.0887,0,0.663,-0.0848,0.194,0.0308,NA,"K16326",0.971062753583987,1,FALSE,FALSE,FALSE,FALSE
"K27601",0.0197,0,0.708,-0.117,0.313,0.0264,NA,"K27601",0.971062753583987,1,FALSE,FALSE,FALSE,FALSE
"K11626",0.113,0,0.0143,0.622,0.252,0.172,NA,"K11626",0.262271428571429,1,FALSE,FALSE,FALSE,FALSE
"K06310",0.0936,0,0.00622,1.06,0.382,0.191,NA,"K06310",0.200921923076923,1,FALSE,FALSE,FALSE,FALSE
"K21960",0.0345,0,0.208,0.178,0.141,0.0887,NA,"K21960",0.774316728624535,1,FALSE,FALSE,FALSE,FALSE
"K11634",0.0887,0,0.739,0.0854,0.256,0.0235,NA,"K11633,K11634",0.975729793356003,1,FALSE,FALSE,FALSE,FALSE
"K18231",0.113,0,0.558,-0.148,0.253,0.0413,NA,"K18231",0.949517436067752,1,FALSE,FALSE,FALSE,FALSE
"K21113",0.0887,0,0.49,0.172,0.248,0.0487,NA,"K21113",0.922836711711712,1,FALSE,FALSE,FALSE,FALSE
"K18941",0.118,0,0.881,-0.0392,0.261,0.0106,NA,"K18941",0.991805481283422,1,FALSE,FALSE,FALSE,FALSE
"K18940",0.113,0,0.516,0.169,0.259,0.0458,NA,"K18940",0.933723165883629,1,FALSE,FALSE,FALSE,FALSE
"K13955",0.064,0,0.505,-0.168,0.251,0.0471,NA,"K13955",0.927424672489083,1,FALSE,FALSE,FALSE,FALSE
"K06313",0.118,0,0.143,0.684,0.465,0.103,NA,"K06313",0.687801152737752,1,FALSE,FALSE,FALSE,FALSE
"K21713",0.0197,0,0.0679,-0.474,0.258,0.128,NA,"K21713",0.560091103789127,1,FALSE,FALSE,FALSE,FALSE
"K13853",0.118,0,0.722,0.132,0.371,0.0251,NA,"K13853",0.972573042776433,1,FALSE,FALSE,FALSE,FALSE
"K07145",0.103,0,0.256,-0.344,0.302,0.08,NA,"K07145",0.809307547169811,1,FALSE,FALSE,FALSE,FALSE
"K15976",0.128,0,0.954,-0.0131,0.227,0.00407,NA,"K15976",0.994829403321714,1,FALSE,FALSE,FALSE,FALSE
"K18220",0.128,0,0.916,-0.0171,0.161,0.00749,NA,"K18220",0.993374918778428,1,FALSE,FALSE,FALSE,FALSE
"K19273",0.0443,0,0.201,-0.32,0.25,0.0901,NA,"K19273",0.770013006885998,1,FALSE,FALSE,FALSE,FALSE
"K26141",0.113,0,0.702,0.0548,0.143,0.027,NA,"K26141",0.971062753583987,1,FALSE,FALSE,FALSE,FALSE
"K14338",0.138,0,0.985,0.00292,0.151,0.00137,NA,"K14338",0.99758246388443,1,FALSE,FALSE,FALSE,FALSE
"K09779",0.118,0,0.328,0.242,0.247,0.069,NA,"K09779",0.852697819314642,1,FALSE,FALSE,FALSE,FALSE
"K11923",0.118,0,0.143,0.684,0.465,0.103,NA,"K11923",0.687801152737752,1,FALSE,FALSE,FALSE,FALSE
"K14672",0.0296,0,0.00712,0.596,0.219,0.188,NA,"K14672",0.206786271186441,1,FALSE,FALSE,FALSE,FALSE
"K09775",0.113,0,0.477,0.113,0.159,0.0502,NA,"K09775",0.921838808250573,1,FALSE,FALSE,FALSE,FALSE
"K25147",0.0394,0,0.715,-0.0553,0.151,0.0258,NA,"K25147,K25148",0.971062753583987,1,FALSE,FALSE,FALSE,FALSE
"K09951",0.128,0,0.923,-0.0319,0.329,0.00683,NA,"K09951",0.994297872340426,1,FALSE,FALSE,FALSE,FALSE
"K06335",0.0788,0,0.955,0.0197,0.35,0.00397,NA,"K06335",0.994829403321714,1,FALSE,FALSE,FALSE,FALSE
"K01446",0.0296,0,0.562,-0.181,0.312,0.0409,NA,"K01446",0.949517436067752,1,FALSE,FALSE,FALSE,FALSE
"K19430",0.0591,0,0.472,-0.101,0.14,0.0508,NA,"K19430",0.921838808250573,1,FALSE,FALSE,FALSE,FALSE
"K19424",0.0591,0,0.264,-0.133,0.119,0.0787,NA,"K19424",0.814447319778189,1,FALSE,FALSE,FALSE,FALSE
"K19420",0.118,0,0.397,-0.182,0.215,0.0598,NA,"K19420",0.889784691136974,1,FALSE,FALSE,FALSE,FALSE
"K07017",0.0985,0,0.191,-0.16,0.122,0.0922,NA,"K07017",0.758395717684378,1,FALSE,FALSE,FALSE,FALSE
"K13530",0.0837,0,0.8,-0.0804,0.317,0.0179,NA,"K13530",0.976419045334613,1,FALSE,FALSE,FALSE,FALSE
"K13531",0.0788,0,0.976,0.00887,0.292,0.00214,NA,"K13531",0.995687041564792,1,FALSE,FALSE,FALSE,FALSE
"K24311",0.0591,0,0.688,0.0711,0.177,0.0284,NA,"K24311,K28372",0.971062753583987,1,FALSE,FALSE,FALSE,FALSE
"K06328",0.118,0,0.143,0.684,0.465,0.103,NA,"K06328",0.687801152737752,1,FALSE,FALSE,FALSE,FALSE
"K00175",0.0985,0,0.00381,0.619,0.212,0.202,NA,"K00174,K00175",0.160224,1,FALSE,FALSE,FALSE,FALSE
"K06411",0.118,0,0.143,0.684,0.465,0.103,NA,"K06411",0.687801152737752,1,FALSE,FALSE,FALSE,FALSE
"K06410",0.118,0,0.143,0.684,0.465,0.103,NA,"K06410",0.687801152737752,1,FALSE,FALSE,FALSE,FALSE
"K06414",0.113,0,0.616,0.0607,0.121,0.0354,NA,"K06414",0.957266294227188,1,FALSE,FALSE,FALSE,FALSE
"K17828",0.123,0,0.545,0.15,0.247,0.0427,NA,"K17828",0.948823018080668,1,FALSE,FALSE,FALSE,FALSE
"K02823",0.123,0,0.545,0.15,0.247,0.0427,NA,"K02823",0.948823018080668,1,FALSE,FALSE,FALSE,FALSE
"K03091",0.118,0,0.143,0.684,0.465,0.103,NA,"K03091",0.687801152737752,1,FALSE,FALSE,FALSE,FALSE
"K06383",0.118,0,0.143,0.684,0.465,0.103,NA,"K06383",0.687801152737752,1,FALSE,FALSE,FALSE,FALSE
"K08384",0.118,0,0.143,0.684,0.465,0.103,NA,"K08384",0.687801152737752,1,FALSE,FALSE,FALSE,FALSE
"K15640",0.128,0,0.363,-0.118,0.129,0.0642,NA,"K15640",0.877615161757605,1,FALSE,FALSE,FALSE,FALSE
"K13237",0.0296,0,0.494,0.2,0.293,0.0483,NA,"K13237",0.924311659192825,1,FALSE,FALSE,FALSE,FALSE
"K01208",0.0837,0,0.766,0.0556,0.186,0.0211,NA,"K01208",0.976419045334613,1,FALSE,FALSE,FALSE,FALSE
"K13566",0.0739,0,0.00566,-0.62,0.222,0.194,NA,"K13566",0.200921923076923,1,FALSE,FALSE,FALSE,FALSE
"K08966",0.143,0,0.256,0.241,0.212,0.0801,NA,"K08966",0.809307547169811,1,FALSE,FALSE,FALSE,FALSE
"K20118",0.118,0,0.143,0.684,0.465,0.103,NA,"K20118",0.687801152737752,1,FALSE,FALSE,FALSE,FALSE
"K03480",0.108,0,0.00073,0.575,0.168,0.235,NA,"K03480",0.058017619047619,1,FALSE,FALSE,TRUE,FALSE
"K09763",0.143,0,0.982,0.00449,0.194,0.00163,NA,"K09763",0.996528982569923,1,FALSE,FALSE,FALSE,FALSE
"K06408",0.118,0,0.143,0.684,0.465,0.103,NA,"K06408",0.687801152737752,1,FALSE,FALSE,FALSE,FALSE
"K06407",0.118,0,0.143,0.684,0.465,0.103,NA,"K06407",0.687801152737752,1,FALSE,FALSE,FALSE,FALSE
"K06406",0.118,0,0.143,0.684,0.465,0.103,NA,"K06406",0.687801152737752,1,FALSE,FALSE,FALSE,FALSE
"K06405",0.118,0,0.143,0.684,0.465,0.103,NA,"K06405",0.687801152737752,1,FALSE,FALSE,FALSE,FALSE
"K06404",0.118,0,0.143,0.684,0.465,0.103,NA,"K06404",0.687801152737752,1,FALSE,FALSE,FALSE,FALSE
"K06403",0.118,0,0.143,0.684,0.465,0.103,NA,"K06403",0.687801152737752,1,FALSE,FALSE,FALSE,FALSE
"K06379",0.118,0,0.143,0.684,0.465,0.103,NA,"K06379",0.687801152737752,1,FALSE,FALSE,FALSE,FALSE
"K06378",0.118,0,0.143,0.684,0.465,0.103,NA,"K06378",0.687801152737752,1,FALSE,FALSE,FALSE,FALSE
"K23060",0.118,0,0.562,-0.164,0.283,0.0409,NA,"K23060",0.949517436067752,1,FALSE,FALSE,FALSE,FALSE
"K00634",0.0837,0,0.396,-0.112,0.131,0.0599,NA,"K00634",0.889784691136974,1,FALSE,FALSE,FALSE,FALSE
"K07699",0.118,0,0.0968,0.425,0.255,0.117,NA,"K07699",0.657635820895522,1,FALSE,FALSE,FALSE,FALSE
"K06399",0.113,0,0.865,-0.0424,0.248,0.012,NA,"K06399",0.989755813953488,1,FALSE,FALSE,FALSE,FALSE
"K06397",0.118,0,0.143,0.684,0.465,0.103,NA,"K06397",0.687801152737752,1,FALSE,FALSE,FALSE,FALSE
"K06396",0.118,0,0.143,0.684,0.465,0.103,NA,"K06396",0.687801152737752,1,FALSE,FALSE,FALSE,FALSE
"K06395",0.118,0,0.143,0.684,0.465,0.103,NA,"K06395",0.687801152737752,1,FALSE,FALSE,FALSE,FALSE
"K06394",0.118,0,0.143,0.684,0.465,0.103,NA,"K06394",0.687801152737752,1,FALSE,FALSE,FALSE,FALSE
"K06393",0.118,0,0.143,0.684,0.465,0.103,NA,"K06393",0.687801152737752,1,FALSE,FALSE,FALSE,FALSE
"K06392",0.118,0,0.143,0.684,0.465,0.103,NA,"K06392",0.687801152737752,1,FALSE,FALSE,FALSE,FALSE
"K06391",0.118,0,0.143,0.684,0.465,0.103,NA,"K06391",0.687801152737752,1,FALSE,FALSE,FALSE,FALSE
"K06390",0.118,0,0.143,0.684,0.465,0.103,NA,"K06390",0.687801152737752,1,FALSE,FALSE,FALSE,FALSE
"K03716",0.118,0,0.143,0.684,0.465,0.103,NA,"K03716",0.687801152737752,1,FALSE,FALSE,FALSE,FALSE
"K25564",0.0345,0,0.986,-0.00426,0.246,0.00122,NA,"K25564",0.99758246388443,1,FALSE,FALSE,FALSE,FALSE
"K02247",0.0837,0,0.875,-0.0165,0.105,0.0111,NA,"K02247",0.991440325497288,1,FALSE,FALSE,FALSE,FALSE
"K02243",0.0887,0,0.00191,0.524,0.167,0.217,NA,"K02243",0.108674659090909,1,FALSE,FALSE,FALSE,FALSE
"K16881",0.0197,0,0.484,-0.168,0.24,0.0494,NA,"K16881",0.922141552511415,1,FALSE,FALSE,FALSE,FALSE
"K23774",0.118,0,0.722,0.132,0.371,0.0251,NA,"K23774",0.972573042776433,1,FALSE,FALSE,FALSE,FALSE
"K06438",0.118,0,0.143,0.684,0.465,0.103,NA,"K06438",0.687801152737752,1,FALSE,FALSE,FALSE,FALSE
"K06012",0.118,0,0.143,0.684,0.465,0.103,NA,"K06012",0.687801152737752,1,FALSE,FALSE,FALSE,FALSE
"K02239",0.118,0,0.143,0.684,0.465,0.103,NA,"K02239",0.687801152737752,1,FALSE,FALSE,FALSE,FALSE
"K17216",0.103,0,0.747,0.118,0.366,0.0227,NA,"K17216",0.975830119854091,1,FALSE,FALSE,FALSE,FALSE
"K17462",0.103,0,0.747,0.118,0.366,0.0227,NA,"K17462",0.975830119854091,1,FALSE,FALSE,FALSE,FALSE
"K21468",0.118,0,0.143,0.684,0.465,0.103,NA,"K21468",0.687801152737752,1,FALSE,FALSE,FALSE,FALSE
"K06318",0.118,0,0.143,0.684,0.465,0.103,NA,"K06318",0.687801152737752,1,FALSE,FALSE,FALSE,FALSE
"K06370",0.118,0,0.143,0.684,0.465,0.103,NA,"K06370",0.687801152737752,1,FALSE,FALSE,FALSE,FALSE
"K06375",0.118,0,0.0968,0.425,0.255,0.117,NA,"K06375",0.657635820895522,1,FALSE,FALSE,FALSE,FALSE
"K06401",0.118,0,0.143,0.684,0.465,0.103,NA,"K06401",0.687801152737752,1,FALSE,FALSE,FALSE,FALSE
"K06380",0.118,0,0.143,0.684,0.465,0.103,NA,"K06380",0.687801152737752,1,FALSE,FALSE,FALSE,FALSE
"K06417",0.118,0,0.143,0.684,0.465,0.103,NA,"K06417",0.687801152737752,1,FALSE,FALSE,FALSE,FALSE
"K04076",0.118,0,0.143,0.684,0.465,0.103,NA,"K04076",0.687801152737752,1,FALSE,FALSE,FALSE,FALSE
"K06298",0.118,0,0.143,0.684,0.465,0.103,NA,"K06298",0.687801152737752,1,FALSE,FALSE,FALSE,FALSE
"K01994",0.108,0,0.961,0.0113,0.229,0.00349,NA,"K01994",0.994829403321714,1,FALSE,FALSE,FALSE,FALSE
"K13770",0.158,0,0.295,0.339,0.323,0.0739,NA,"K13770",0.834971735443753,1,FALSE,FALSE,FALSE,FALSE
"K25113",0.0394,0,0.0445,-0.551,0.272,0.141,NA,"K25113",0.455647239263804,1,FALSE,FALSE,FALSE,FALSE
"K06426",0.118,0,0.143,0.684,0.465,0.103,NA,"K06426",0.687801152737752,1,FALSE,FALSE,FALSE,FALSE
"K20608",0.103,0,0.0133,0.713,0.286,0.174,NA,"K20608",0.257116216216216,1,FALSE,FALSE,FALSE,FALSE
"K06288",0.0837,0,0.122,0.337,0.217,0.109,NA,"K06288",0.687801152737752,1,FALSE,FALSE,FALSE,FALSE
"K16789",0.069,0,0.251,0.265,0.23,0.081,NA,"K16789",0.809307547169811,1,FALSE,FALSE,FALSE,FALSE
"K26993",0.0887,0,0.797,-0.0405,0.157,0.0181,NA,"K26993",0.976419045334613,1,FALSE,FALSE,FALSE,FALSE
"K10907",0.118,0,0.143,0.684,0.465,0.103,NA,"K10907",0.687801152737752,1,FALSE,FALSE,FALSE,FALSE
"K07035",0.0985,0,0.55,-0.123,0.205,0.0422,NA,"K07035",0.949517436067752,1,FALSE,FALSE,FALSE,FALSE
"K18567",0.143,0,0.72,-0.0411,0.114,0.0254,NA,"K18567",0.972495279201511,1,FALSE,FALSE,FALSE,FALSE
"K24951",0.064,0,0.706,0.0661,0.175,0.0266,NA,"K24951",0.971062753583987,1,FALSE,FALSE,FALSE,FALSE
"K00903",0.148,0,0.611,-0.0685,0.135,0.0359,NA,"K00903",0.957197699720236,1,FALSE,FALSE,FALSE,FALSE
"K06283",0.118,0,0.143,0.684,0.465,0.103,NA,"K06283",0.687801152737752,1,FALSE,FALSE,FALSE,FALSE
"K06386",0.118,0,0.143,0.684,0.465,0.103,NA,"K06386",0.687801152737752,1,FALSE,FALSE,FALSE,FALSE
"K06381",0.138,0,0.119,0.478,0.305,0.11,NA,"K06381",0.687801152737752,1,FALSE,FALSE,FALSE,FALSE
"K20201",0.128,0,0.695,-0.137,0.35,0.0277,NA,"K20201",0.971062753583987,1,FALSE,FALSE,FALSE,FALSE
"K06387",0.118,0,0.143,0.684,0.465,0.103,NA,"K06387",0.687801152737752,1,FALSE,FALSE,FALSE,FALSE
"K19701",0.103,0,0.0921,0.297,0.175,0.119,NA,"K19701",0.646154748603352,1,FALSE,FALSE,FALSE,FALSE
"K21902",0.0542,0,0.193,-0.441,0.337,0.0918,NA,"K21902",0.760307631785995,1,FALSE,FALSE,FALSE,FALSE
"K21464",0.118,0,0.143,0.684,0.465,0.103,NA,"K21464",0.687801152737752,1,FALSE,FALSE,FALSE,FALSE
"K00435",0.172,0,0.7,0.0534,0.139,0.0272,NA,"K00435",0.971062753583987,1,FALSE,FALSE,FALSE,FALSE
"K06305",0.118,0,0.143,0.684,0.465,0.103,NA,"K06305",0.687801152737752,1,FALSE,FALSE,FALSE,FALSE
"K18967",0.064,0,6.6e-05,-1.23,0.302,0.276,NA,"K18967",0.01321848,0.330462,TRUE,FALSE,TRUE,FALSE
"K06595",0.0887,0,0.281,-0.22,0.203,0.0761,NA,"K06595",0.82091511627907,1,FALSE,FALSE,FALSE,FALSE
"K05339",0.0493,0,0.269,-0.415,0.375,0.078,NA,"K05339",0.814882459312839,1,FALSE,FALSE,FALSE,FALSE
"K05338",0.0493,0,0.269,-0.415,0.375,0.078,NA,"K05338",0.814882459312839,1,FALSE,FALSE,FALSE,FALSE
"K00491",0.123,0,0.0269,0.85,0.381,0.155,NA,"K00491",0.36198364116095,1,FALSE,FALSE,FALSE,FALSE
"K16234",0.138,0,0.596,0.0624,0.117,0.0375,NA,"K16234",0.955838370983137,1,FALSE,FALSE,FALSE,FALSE
"K12988",0.0739,0,0.807,0.0321,0.131,0.0172,NA,"K12988",0.976419045334613,1,FALSE,FALSE,FALSE,FALSE
"K11311",0.0493,0,0.441,0.124,0.161,0.0544,NA,"K05599,K05600,K11311",0.907557336621455,1,FALSE,FALSE,FALSE,FALSE
"K26062",0.103,0,0.00821,0.504,0.189,0.185,NA,"K26062",0.218532118226601,1,FALSE,FALSE,FALSE,FALSE
"K21904",0.0985,0,0.43,0.075,0.0948,0.0557,NA,"K21904",0.904070800167574,1,FALSE,FALSE,FALSE,FALSE
"K28221",0.0443,0,0.256,0.32,0.281,0.0801,NA,"K28221",0.809307547169811,1,FALSE,FALSE,FALSE,FALSE
"K28222",0.0443,0,0.256,0.32,0.281,0.0801,NA,"K28222",0.809307547169811,1,FALSE,FALSE,FALSE,FALSE
"K28220",0.0443,0,0.256,0.32,0.281,0.0801,NA,"K28220",0.809307547169811,1,FALSE,FALSE,FALSE,FALSE
"K01822",0.0443,0,0.571,0.128,0.225,0.04,NA,"K01822",0.949517436067752,1,FALSE,FALSE,FALSE,FALSE
"K16050",0.0394,0,0.426,0.139,0.174,0.0561,NA,"K16050",0.902105063291139,1,FALSE,FALSE,FALSE,FALSE
"K15982",0.0443,0,0.256,0.32,0.281,0.0801,NA,"K15982",0.809307547169811,1,FALSE,FALSE,FALSE,FALSE
"K05296",0.0493,0,0.0195,0.53,0.225,0.164,NA,"K05296",0.294085843373494,1,FALSE,FALSE,FALSE,FALSE
"K18687",0.0443,0,0.256,0.32,0.281,0.0801,NA,"K18687",0.809307547169811,1,FALSE,FALSE,FALSE,FALSE
"K16049",0.0443,0,0.256,0.32,0.281,0.0801,NA,"K16049",0.809307547169811,1,FALSE,FALSE,FALSE,FALSE
"K28228",0.0443,0,0.256,0.32,0.281,0.0801,NA,"K28228",0.809307547169811,1,FALSE,FALSE,FALSE,FALSE
"K28229",0.0443,0,0.256,0.32,0.281,0.0801,NA,"K28229",0.809307547169811,1,FALSE,FALSE,FALSE,FALSE
"K28232",0.0443,0,0.256,0.32,0.281,0.0801,NA,"K28232",0.809307547169811,1,FALSE,FALSE,FALSE,FALSE
"K28226",0.0443,0,0.256,0.32,0.281,0.0801,NA,"K28226",0.809307547169811,1,FALSE,FALSE,FALSE,FALSE
"K28227",0.0443,0,0.256,0.32,0.281,0.0801,NA,"K28227",0.809307547169811,1,FALSE,FALSE,FALSE,FALSE
"K28230",0.0443,0,0.256,0.32,0.281,0.0801,NA,"K28230",0.809307547169811,1,FALSE,FALSE,FALSE,FALSE
"K28231",0.0443,0,0.256,0.32,0.281,0.0801,NA,"K28231",0.809307547169811,1,FALSE,FALSE,FALSE,FALSE
"K28225",0.0493,0,0.667,0.107,0.249,0.0304,NA,"K28225",0.971062753583987,1,FALSE,FALSE,FALSE,FALSE
"K17989",0.167,0,0.426,0.103,0.129,0.0561,NA,"K17989",0.902105063291139,1,FALSE,FALSE,FALSE,FALSE
"K28678",0.0591,0,0.242,0.184,0.157,0.0826,NA,"K28678",0.803510610079576,1,FALSE,FALSE,FALSE,FALSE
"K18991",0.182,0,0.843,0.0245,0.123,0.014,NA,"K18991",0.986439775910364,1,FALSE,FALSE,FALSE,FALSE
"K22027",0.158,0,0.986,0.00175,0.102,0.00121,NA,"K22027",0.99758246388443,1,FALSE,FALSE,FALSE,FALSE
"K05301",0.0443,0,0.768,0.072,0.243,0.0209,NA,"K05301",0.976419045334613,1,FALSE,FALSE,FALSE,FALSE
"K00386",0.0443,0,0.768,0.072,0.243,0.0209,NA,"K00386",0.976419045334613,1,FALSE,FALSE,FALSE,FALSE
"K09122",0.108,0,0.0274,0.324,0.146,0.155,NA,"K09122",0.36198364116095,1,FALSE,FALSE,FALSE,FALSE
"K19691",0.0345,0,0.595,0.138,0.259,0.0376,NA,"K19691",0.955838370983137,1,FALSE,FALSE,FALSE,FALSE
"K26580",0.153,0,0.742,-0.034,0.103,0.0233,NA,"K26580",0.975729793356003,1,FALSE,FALSE,FALSE,FALSE
"K11264",0.0197,0,0.888,0.0309,0.219,0.00995,NA,"K11264",0.991805481283422,1,FALSE,FALSE,FALSE,FALSE
"K18292",0.108,0,0.742,-0.0424,0.129,0.0232,NA,"K18292",0.975729793356003,1,FALSE,FALSE,FALSE,FALSE
"K18291",0.0887,0,0.572,0.0857,0.151,0.0399,NA,"K18291",0.950486959392539,1,FALSE,FALSE,FALSE,FALSE
"K09123",0.207,0,0.0244,0.295,0.13,0.158,NA,"K09123",0.34221512605042,1,FALSE,FALSE,FALSE,FALSE
"K10622",0.0296,0,0.896,0.0213,0.163,0.00923,NA,"K10622",0.992180622533976,1,FALSE,FALSE,FALSE,FALSE
"K03396",0.138,0,0.0281,0.294,0.133,0.154,NA,"K03396",0.365445974025974,1,FALSE,FALSE,FALSE,FALSE
"K27108",0.187,0,0.748,0.0495,0.154,0.0227,NA,"K27108",0.975830119854091,1,FALSE,FALSE,FALSE,FALSE
"K09129",0.0985,0,0.126,0.188,0.122,0.108,NA,"K09129",0.687801152737752,1,FALSE,FALSE,FALSE,FALSE
"K12253",0.0887,0,0.517,-0.108,0.166,0.0458,NA,"K12253",0.93485698808234,1,FALSE,FALSE,FALSE,FALSE
"K15234",0.0148,0,0.952,0.0121,0.202,0.00423,NA,"K15234",0.994829403321714,1,FALSE,FALSE,FALSE,FALSE
"K22505",0.0246,0,0.317,-0.209,0.208,0.0706,NA,"K13285,K22505",0.846968516542156,1,FALSE,FALSE,FALSE,FALSE
"K22487",0.0197,0,0.304,-0.238,0.231,0.0725,NA,"K13286,K13287,K22487,K22488,K22506,K22507,K22508,K22509,K22510",0.841396694214876,1,FALSE,FALSE,FALSE,FALSE
"K22486",0.0148,0,0.412,-0.206,0.251,0.0579,NA,"K22486,K22513",0.893797227036395,1,FALSE,FALSE,FALSE,FALSE
"K22511",0.0246,0,0.553,-0.104,0.175,0.0419,NA,"K22504,K22511",0.949517436067752,1,FALSE,FALSE,FALSE,FALSE
"K00669",0.0345,0,0.774,0.041,0.143,0.0203,NA,"K00669",0.976419045334613,1,FALSE,FALSE,FALSE,FALSE
"K10677",0.0148,0,0.767,-0.0649,0.219,0.0209,NA,"K10677",0.976419045334613,1,FALSE,FALSE,FALSE,FALSE
"K25596",0.0443,0,0.705,-0.0563,0.148,0.0267,NA,"K25596",0.971062753583987,1,FALSE,FALSE,FALSE,FALSE
"K01160",0.0837,0,0.937,-0.00585,0.0744,0.00555,NA,"K01160",0.994829403321714,1,FALSE,FALSE,FALSE,FALSE
"K23138",0.158,0,0.459,0.103,0.14,0.0522,NA,"K23138",0.916352870813397,1,FALSE,FALSE,FALSE,FALSE
"K05363",0.0542,0,0.566,-0.105,0.183,0.0405,NA,"K05363",0.949517436067752,1,FALSE,FALSE,FALSE,FALSE
"K02803",0.0493,0,0.857,-0.0263,0.147,0.0127,NA,"K02803",0.988709447004608,1,FALSE,FALSE,FALSE,FALSE
"K08884",0.0788,0,0.61,-0.0694,0.136,0.036,NA,"K08884",0.957197699720236,1,FALSE,FALSE,FALSE,FALSE
"K27097",0.0591,0,0.603,-0.0697,0.134,0.0367,NA,"K27097",0.956963866877971,1,FALSE,FALSE,FALSE,FALSE
"K27088",0.0148,0,0.67,0.0919,0.215,0.0301,NA,"K27088",0.971062753583987,1,FALSE,FALSE,FALSE,FALSE
"K01500",0.0394,0,0.928,-0.0175,0.192,0.00642,NA,"K01500",0.994829403321714,1,FALSE,FALSE,FALSE,FALSE
"K23980",0.0443,0,0.729,0.0665,0.192,0.0245,NA,"K23980",0.973435372340426,1,FALSE,FALSE,FALSE,FALSE
"K25230",0.0296,0,0.854,-0.0295,0.16,0.013,NA,"K25230",0.988208458516293,1,FALSE,FALSE,FALSE,FALSE
"K21302",0.0345,0,0.776,-0.0509,0.179,0.0201,NA,"K21302",0.976419045334613,1,FALSE,FALSE,FALSE,FALSE
"K01212",0.103,0,0.27,0.164,0.148,0.0777,NA,"K01212",0.814882459312839,1,FALSE,FALSE,FALSE,FALSE
"K09692",0.128,0,0.507,0.0748,0.113,0.0468,NA,"K09692",0.927424672489083,1,FALSE,FALSE,FALSE,FALSE
"K04618",0.0296,0,0.9,-0.0272,0.217,0.00886,NA,"K04618",0.992180622533976,1,FALSE,FALSE,FALSE,FALSE
"K13671",0.0591,0,0.714,-0.0756,0.206,0.0259,NA,"K13671",0.971062753583987,1,FALSE,FALSE,FALSE,FALSE
"K25952",0.0837,0,0.331,-0.108,0.111,0.0686,NA,"K25952",0.855168730650155,1,FALSE,FALSE,FALSE,FALSE
"K24694",0.0246,0,0.959,0.0106,0.204,0.00366,NA,"K24694",0.994829403321714,1,FALSE,FALSE,FALSE,FALSE
"K24695",0.0197,0,0.898,0.026,0.203,0.00904,NA,"K24695",0.992180622533976,1,FALSE,FALSE,FALSE,FALSE
"K24696",0.0246,0,0.959,0.0106,0.204,0.00366,NA,"K24696",0.994829403321714,1,FALSE,FALSE,FALSE,FALSE
"K24693",0.0246,0,0.959,0.0106,0.204,0.00366,NA,"K24693",0.994829403321714,1,FALSE,FALSE,FALSE,FALSE
"K24697",0.0246,0,0.959,0.0106,0.204,0.00366,NA,"K24697",0.994829403321714,1,FALSE,FALSE,FALSE,FALSE
"K24698",0.0246,0,0.959,0.0106,0.204,0.00366,NA,"K24698",0.994829403321714,1,FALSE,FALSE,FALSE,FALSE
"K16237",0.0197,0,0.451,0.293,0.388,0.0532,NA,"K06860,K07465,K08256,K11611,K15525,K16237,K18958,K21514,K22306,K22311",0.911649979814292,1,FALSE,FALSE,FALSE,FALSE
"K18232",0.0148,0,0.778,-0.125,0.444,0.0199,NA,"K18232",0.976419045334613,1,FALSE,FALSE,FALSE,FALSE
"K16168",0.118,0,0.0137,0.471,0.189,0.173,NA,"K16168",0.258852452830189,1,FALSE,FALSE,FALSE,FALSE
"K11355",0.0197,0,0.913,-0.029,0.265,0.0077,NA,"K11355",0.992926448253417,1,FALSE,FALSE,FALSE,FALSE
"K25140",0.0591,0,0.967,-0.00716,0.172,0.00293,NA,"K25140,K25141",0.994829403321714,1,FALSE,FALSE,FALSE,FALSE
"K10200",0.0443,0,0.725,-0.0764,0.217,0.0249,NA,"K10200",0.972688906752412,1,FALSE,FALSE,FALSE,FALSE
"K10201",0.0246,0,0.848,-0.0458,0.239,0.0135,NA,"K10201,K10202",0.987475550405562,1,FALSE,FALSE,FALSE,FALSE
"K02352",0.0296,0,0.517,-0.116,0.179,0.0457,NA,"K02352",0.93485698808234,1,FALSE,FALSE,FALSE,FALSE
"K17810",0.0443,0,0.51,-0.158,0.239,0.0465,NA,"K17810",0.928233369683751,1,FALSE,FALSE,FALSE,FALSE
"K15878",0.0197,0,0.825,-0.0468,0.212,0.0156,NA,"K15878",0.98039985862394,1,FALSE,FALSE,FALSE,FALSE
"K02626",0.0148,0,0.778,-0.125,0.444,0.0199,NA,"K02626",0.976419045334613,1,FALSE,FALSE,FALSE,FALSE
"K23262",0.0345,0,0.0399,0.631,0.305,0.144,NA,"K23262",0.435532971800434,1,FALSE,FALSE,FALSE,FALSE
"K25672",0.0542,0,0.49,-0.108,0.156,0.0487,NA,"K25672",0.922836711711712,1,FALSE,FALSE,FALSE,FALSE
"K01634",0.0296,0,0.862,-0.0324,0.186,0.0123,NA,"K01634",0.989755813953488,1,FALSE,FALSE,FALSE,FALSE
"K18909",0.0394,0,0.581,-0.123,0.223,0.039,NA,"K18909",0.95316743119266,1,FALSE,FALSE,FALSE,FALSE
"K18908",0.0296,0,0.894,0.0244,0.184,0.00937,NA,"K18908",0.992088775736108,1,FALSE,FALSE,FALSE,FALSE
"K01727",0.0394,0,0.571,-0.123,0.218,0.04,NA,"K01727",0.949517436067752,1,FALSE,FALSE,FALSE,FALSE
"K05342",0.064,0,0.682,-0.082,0.2,0.029,NA,"K05342",0.971062753583987,1,FALSE,FALSE,FALSE,FALSE
"K00360",0.0148,0,0.778,-0.125,0.444,0.0199,NA,"K00360",0.976419045334613,1,FALSE,FALSE,FALSE,FALSE
"K09693",0.0837,0,0.353,0.26,0.279,0.0655,NA,"K09693",0.868536117936118,1,FALSE,FALSE,FALSE,FALSE
"K25675",0.064,0,0.0642,-0.548,0.295,0.13,NA,"K25674,K25675",0.548548464163822,1,FALSE,FALSE,FALSE,FALSE
"K21471",0.0345,0,0.519,0.171,0.265,0.0455,NA,"K21471",0.936444324324324,1,FALSE,FALSE,FALSE,FALSE
"K22247",0.064,0,0.481,-0.0673,0.0954,0.0497,NA,"K22247",0.921838808250573,1,FALSE,FALSE,FALSE,FALSE
"K13940",0.0148,0,0.778,-0.125,0.444,0.0199,NA,"K13940",0.976419045334613,1,FALSE,FALSE,FALSE,FALSE
"K01180",0.0197,0,0.776,-0.0538,0.189,0.0201,NA,"K01180",0.976419045334613,1,FALSE,FALSE,FALSE,FALSE
"K02062",0.0148,0,0.528,-0.144,0.228,0.0446,NA,"K02062",0.94215823235923,1,FALSE,FALSE,FALSE,FALSE
"K28149",0.0148,0,0.858,0.0333,0.185,0.0127,NA,"K28149",0.988951657458564,1,FALSE,FALSE,FALSE,FALSE
"K18195",0.0197,0,0.59,-0.189,0.35,0.0381,NA,"K18195",0.955410737386805,1,FALSE,FALSE,FALSE,FALSE
"K02103",0.103,0,0.951,-0.0112,0.181,0.00436,NA,"K02103",0.994829403321714,1,FALSE,FALSE,FALSE,FALSE
"K03882",0.0148,0,0.00174,-0.898,0.283,0.218,NA,"K03882",0.102442068965517,1,FALSE,FALSE,FALSE,FALSE
"K01054",0.0493,0,0.585,0.149,0.272,0.0385,NA,"K01054",0.954876218323587,1,FALSE,FALSE,FALSE,FALSE
"K09706",0.0197,0,0.731,-0.0844,0.245,0.0243,NA,"K09706",0.973435372340426,1,FALSE,FALSE,FALSE,FALSE
"K13058",0.0197,0,0.27,-0.275,0.248,0.0778,NA,"K13058",0.814882459312839,1,FALSE,FALSE,FALSE,FALSE
"K18335",0.123,0,0.112,-0.366,0.229,0.112,NA,"K18335",0.687801152737752,1,FALSE,FALSE,FALSE,FALSE
"K23545",0.0887,0,0.374,-0.221,0.249,0.0627,NA,"K23545",0.879989661654135,1,FALSE,FALSE,FALSE,FALSE
"K23547",0.0887,0,0.374,-0.221,0.249,0.0627,NA,"K23547",0.879989661654135,1,FALSE,FALSE,FALSE,FALSE
"K23546",0.0887,0,0.374,-0.221,0.249,0.0627,NA,"K23546",0.879989661654135,1,FALSE,FALSE,FALSE,FALSE
"K28465",0.0788,0,0.612,-0.17,0.335,0.0358,NA,"K18905,K28465",0.957197699720236,1,FALSE,FALSE,FALSE,FALSE
"K19813",0.113,0,0.456,-0.101,0.135,0.0526,NA,"K19813",0.914008006405124,1,FALSE,FALSE,FALSE,FALSE
"K19620",0.0837,0,0.763,0.0733,0.243,0.0213,NA,"K19620",0.976419045334613,1,FALSE,FALSE,FALSE,FALSE
"K28747",0.0542,0,0.424,-0.137,0.171,0.0564,NA,"K28747",0.902105063291139,1,FALSE,FALSE,FALSE,FALSE
"K18009",0.0739,0,0.988,-0.00139,0.094,0.00105,NA,"K18009",0.99758246388443,1,FALSE,FALSE,FALSE,FALSE
"K12953",0.0148,0,0.42,-0.235,0.291,0.0569,NA,"K12953",0.900062766865927,1,FALSE,FALSE,FALSE,FALSE
"K10020",0.153,0,0.378,-0.157,0.178,0.0622,NA,"K10018,K10020",0.883588235294118,1,FALSE,FALSE,FALSE,FALSE
"K10019",0.143,0,0.279,-0.153,0.141,0.0764,NA,"K10019",0.820339379754242,1,FALSE,FALSE,FALSE,FALSE
"K05991",0.0148,0,0.955,0.0148,0.261,0.00401,NA,"K05991",0.994829403321714,1,FALSE,FALSE,FALSE,FALSE
"K00467",0.0345,0,0.713,0.0617,0.167,0.026,NA,"K00467",0.971062753583987,1,FALSE,FALSE,FALSE,FALSE
"K15067",0.0296,0,0.772,0.0473,0.163,0.0205,NA,"K15067",0.976419045334613,1,FALSE,FALSE,FALSE,FALSE
"K04127",0.0197,0,0.773,-0.0598,0.207,0.0203,NA,"K04127",0.976419045334613,1,FALSE,FALSE,FALSE,FALSE
"K14727",0.0197,0,0.405,0.226,0.271,0.0587,NA,"K14727",0.892618922470434,1,FALSE,FALSE,FALSE,FALSE
"K10190",0.103,0,0.535,0.125,0.201,0.0438,NA,"K10188,K10189,K10190",0.945181052631579,1,FALSE,FALSE,FALSE,FALSE
"K20486",0.0739,0,0.189,0.245,0.186,0.0926,NA,"K20486",0.758271634615385,1,FALSE,FALSE,FALSE,FALSE
"K00320",0.0197,0,0.6,0.14,0.266,0.037,NA,"K00320",0.955838370983137,1,FALSE,FALSE,FALSE,FALSE
"K01431",0.0296,0,0.154,-0.309,0.216,0.1,NA,"K01431",0.701789757412399,1,FALSE,FALSE,FALSE,FALSE
"K24648",0.0936,0,0.446,0.261,0.342,0.0538,NA,"K24648",0.909251628664495,1,FALSE,FALSE,FALSE,FALSE
"K09681",0.108,0,0.00927,0.963,0.367,0.182,NA,"K01308,K09681,K11629,K11630,K13533",0.220966197183099,1,FALSE,FALSE,FALSE,FALSE
"K17910",0.118,0,0.198,-0.166,0.129,0.0906,NA,"K17910",0.767920991479473,1,FALSE,FALSE,FALSE,FALSE
"K04720",0.0985,0,0.264,0.267,0.238,0.0787,NA,"K04720",0.814447319778189,1,FALSE,FALSE,FALSE,FALSE
"K09388",0.0887,0,0.0407,0.745,0.361,0.144,NA,"K07315,K09388,K19224",0.439191594827586,1,FALSE,FALSE,FALSE,FALSE
"K01361",0.0443,0,0.000834,1.4,0.411,0.233,NA,"K00306,K01177,K01361,K07079,K11944,K22445,K24966,K24987",0.0623259402985075,1,FALSE,FALSE,TRUE,FALSE
"K21285",0.069,0,0.149,0.525,0.362,0.102,NA,"K06388,K06389,K07698,K11814,K21285,K23989",0.697236448598131,1,FALSE,FALSE,FALSE,FALSE
"K07692",0.113,0,0.155,0.525,0.367,0.1,NA,"K06209,K06285,K07692,K07718,K25528,K28166",0.701789757412399,1,FALSE,FALSE,FALSE,FALSE
"K13626",0.143,0,0.803,-0.0313,0.125,0.0176,NA,"K13626",0.976419045334613,1,FALSE,FALSE,FALSE,FALSE
"K09766",0.0394,0,0.702,-0.0832,0.217,0.027,NA,"K09766",0.971062753583987,1,FALSE,FALSE,FALSE,FALSE
"K18770",0.0345,0,0.201,-0.291,0.227,0.0901,NA,"K18770",0.770013006885998,1,FALSE,FALSE,FALSE,FALSE
"K26990",0.0837,0,0.000858,1.25,0.37,0.232,NA,"K03489,K03697,K06315,K11691,K11692,K23253,K23598,K26990",0.0626237826086957,1,FALSE,FALSE,TRUE,FALSE
"K26992",0.0887,0,6.29e-06,0.986,0.212,0.311,NA,"K26992",0.001968376875,0.03149403,TRUE,TRUE,TRUE,TRUE
"K08693",0.0739,0,0.539,0.165,0.268,0.0434,NA,"K08693,K26745",0.945610721793973,1,FALSE,FALSE,FALSE,FALSE
"K14940",0.0542,0,8.24e-07,1.39,0.273,0.338,NA,"K14940",0.000343814,0.004125768,TRUE,TRUE,TRUE,TRUE
"K24989",0.0591,0,0.935,-0.0223,0.274,0.00574,NA,"K24989",0.994829403321714,1,FALSE,FALSE,FALSE,FALSE
"K03693",0.0739,0,0.335,0.311,0.321,0.0681,NA,"K03693",0.855351861295258,1,FALSE,FALSE,FALSE,FALSE
"K20859",0.0296,0,0.406,-0.217,0.26,0.0586,NA,"K20859",0.892618922470434,1,FALSE,FALSE,FALSE,FALSE
"K22981",0.0591,0,5.51e-07,1.89,0.365,0.343,NA,"K16044,K21479,K22981",0.000267646909090909,0.002758857,TRUE,TRUE,TRUE,TRUE
"K21114",0.0394,0,0.328,0.266,0.271,0.069,NA,"K21114",0.852697819314642,1,FALSE,FALSE,FALSE,FALSE
"K03483",0.0936,0,0.393,-0.201,0.234,0.0603,NA,"K03483",0.889784691136974,1,FALSE,FALSE,FALSE,FALSE
"K18654",0.0837,0,0.722,-0.085,0.238,0.0252,NA,"K18654",0.972573042776433,1,FALSE,FALSE,FALSE,FALSE
"K00076",0.0985,0,0.743,0.0454,0.138,0.0231,NA,"K00076",0.975729793356003,1,FALSE,FALSE,FALSE,FALSE
"K02385",0.138,0,0.437,-0.101,0.13,0.0549,NA,"K02385",0.906028571428571,1,FALSE,FALSE,FALSE,FALSE
"K25086",0.0887,0,0.00979,0.855,0.328,0.181,NA,"K25086,K25087,K25088",0.22635331797235,1,FALSE,FALSE,FALSE,FALSE
"K28891",0.0788,0,8.86e-05,1.27,0.317,0.272,NA,"K28891",0.0164303777777778,0.4436202,TRUE,FALSE,TRUE,FALSE
"K02241",0.064,0,0.994,-0.00168,0.206,0.000575,NA,"K02241",0.997786287089014,1,FALSE,FALSE,FALSE,FALSE
"K28526",0.0542,0,0.482,0.102,0.145,0.0496,NA,"K28526",0.921838808250573,1,FALSE,FALSE,FALSE,FALSE
"K00680",0.0345,0,0.877,0.0232,0.15,0.0109,NA,"K00680",0.991675474254743,1,FALSE,FALSE,FALSE,FALSE
"K24117",0.0936,0,0.226,-0.186,0.153,0.0853,NA,"K24117",0.797606315789474,1,FALSE,FALSE,FALSE,FALSE
"K16957",0.113,0,0.888,-0.0267,0.19,0.00995,NA,"K16957",0.991805481283422,1,FALSE,FALSE,FALSE,FALSE
"K16958",0.0985,0,0.885,0.0373,0.258,0.0102,NA,"K16958,K16959",0.991805481283422,1,FALSE,FALSE,FALSE,FALSE
"K16960",0.0788,0,0.219,0.184,0.149,0.0866,NA,"K16960",0.78944060475162,1,FALSE,FALSE,FALSE,FALSE
"K10780",0.0936,0,0.0081,0.847,0.317,0.185,NA,"K10780",0.218046774193548,1,FALSE,FALSE,FALSE,FALSE
"K16849",0.0296,0,0.441,-0.215,0.279,0.0544,NA,"K16849",0.907557336621455,1,FALSE,FALSE,FALSE,FALSE
"K21140",0.0394,0,0.832,-0.0407,0.191,0.015,NA,"K21140",0.980424570487173,1,FALSE,FALSE,FALSE,FALSE
"K00710",0.0296,0,0.406,-0.217,0.26,0.0586,NA,"K00710",0.892618922470434,1,FALSE,FALSE,FALSE,FALSE
"K06322",0.0296,0,0.0077,-0.683,0.254,0.187,NA,"K06322",0.209532065217391,1,FALSE,FALSE,FALSE,FALSE
"K13006",0.0148,0,0.253,-0.2,0.174,0.0806,NA,"K13006",0.809307547169811,1,FALSE,FALSE,FALSE,FALSE
"K06439",0.0591,0,0.227,0.208,0.172,0.0852,NA,"K06439,K06440",0.797606315789474,1,FALSE,FALSE,FALSE,FALSE
"K16236",0.0542,0,0.0278,0.609,0.275,0.154,NA,"K16236",0.365340157480315,1,FALSE,FALSE,FALSE,FALSE
"K06342",0.0887,0,0.0171,0.605,0.252,0.167,NA,"K06341,K06342",0.28164375,1,FALSE,FALSE,FALSE,FALSE
"K07696",0.069,0,0.681,-0.104,0.252,0.0291,NA,"K07683,K07696,K10851",0.971062753583987,1,FALSE,FALSE,FALSE,FALSE
"K02006",0.0493,0,0.000122,1.37,0.351,0.266,NA,"K02006,K02009",0.0210639310344828,0.610854,TRUE,FALSE,TRUE,FALSE
"K05934",0.138,0,0.0331,0.245,0.114,0.15,NA,"K05934",0.399126014319809,1,FALSE,FALSE,FALSE,FALSE
"K16901",0.0296,0,0.179,0.266,0.197,0.0947,NA,"K16901",0.744396179401993,1,FALSE,FALSE,FALSE,FALSE
"K06434",0.108,0,0.0399,0.495,0.239,0.144,NA,"K06434",0.435532971800434,1,FALSE,FALSE,FALSE,FALSE
"K28880",0.118,0,0.721,0.0577,0.162,0.0252,NA,"K28880",0.972573042776433,1,FALSE,FALSE,FALSE,FALSE
"K00801",0.118,0,0.00219,0.78,0.251,0.214,NA,"K00801",0.117185106382979,1,FALSE,FALSE,FALSE,FALSE
"K06208",0.0985,0,0.784,-0.0884,0.323,0.0193,NA,"K06208",0.976419045334613,1,FALSE,FALSE,FALSE,FALSE
"K22443",0.0443,0,0.563,0.111,0.192,0.0409,NA,"K22443",0.949517436067752,1,FALSE,FALSE,FALSE,FALSE
"K01743",0.0296,0,0.137,-0.266,0.178,0.105,NA,"K01743",0.687801152737752,1,FALSE,FALSE,FALSE,FALSE
"K18939",0.0887,0,0.00907,0.866,0.329,0.183,NA,"K18939",0.219296971153846,1,FALSE,FALSE,FALSE,FALSE
"K10938",0.0788,0,0.0637,0.346,0.186,0.13,NA,"K10938",0.548548464163822,1,FALSE,FALSE,FALSE,FALSE
"K10133",0.0296,0,0.441,-0.215,0.279,0.0544,NA,"K10133",0.907557336621455,1,FALSE,FALSE,FALSE,FALSE
"K23398",0.0591,0,0.777,-0.0309,0.109,0.02,NA,"K23398",0.976419045334613,1,FALSE,FALSE,FALSE,FALSE
"K04019",0.064,0,3.58e-08,1.2,0.209,0.375,NA,"K04019",2.2406325e-05,0.0001792506,TRUE,TRUE,TRUE,TRUE
"K04023",0.0788,0,0.131,0.184,0.121,0.106,NA,"K04023",0.687801152737752,1,FALSE,FALSE,FALSE,FALSE
"K06329",0.0542,0,0.25,-0.184,0.159,0.081,NA,"K06329",0.809307547169811,1,FALSE,FALSE,FALSE,FALSE
"K23183",0.0591,0,0.0109,0.553,0.215,0.178,NA,"K23183",0.237288260869565,1,FALSE,FALSE,FALSE,FALSE
"K23184",0.0345,0,0.7,-0.0757,0.196,0.0272,NA,"K23184",0.971062753583987,1,FALSE,FALSE,FALSE,FALSE
"K06429",0.069,0,0.0395,0.395,0.191,0.145,NA,"K06429",0.434673626373626,1,FALSE,FALSE,FALSE,FALSE
"K23776",0.0936,0,0.00705,0.648,0.238,0.189,NA,"K23776",0.206786271186441,1,FALSE,FALSE,FALSE,FALSE
"K22342",0.108,0,0.876,0.0151,0.0965,0.0111,NA,"K22342,K22344",0.991440325497288,1,FALSE,FALSE,FALSE,FALSE
"K22343",0.0936,0,0.467,0.0749,0.103,0.0513,NA,"K22343",0.921838808250573,1,FALSE,FALSE,FALSE,FALSE
"K00917",0.0148,0,0.817,-0.0468,0.202,0.0163,NA,"K00917",0.978640909090909,1,FALSE,FALSE,FALSE,FALSE
"K11815",0.064,0,0.201,0.254,0.198,0.0902,NA,"K11815",0.770013006885998,1,FALSE,FALSE,FALSE,FALSE
"K10711",0.0739,0,0.0384,0.471,0.226,0.145,NA,"K10711",0.43109596412556,1,FALSE,FALSE,FALSE,FALSE
"K19540",0.0591,0,0.163,0.312,0.223,0.0982,NA,"K19540",0.72033627537511,1,FALSE,FALSE,FALSE,FALSE
"K07069",0.108,0,0.239,0.145,0.122,0.0831,NA,"K07069",0.8009859437751,1,FALSE,FALSE,FALSE,FALSE
"K16173",0.0493,0,0.0974,0.579,0.348,0.117,NA,"K16173",0.659706081081081,1,FALSE,FALSE,FALSE,FALSE
"K18702",0.0788,0,0.0763,0.235,0.132,0.125,NA,"K18702",0.586841935483871,1,FALSE,FALSE,FALSE,FALSE
"K16838",0.0394,0,0.888,0.0377,0.267,0.00996,NA,"K16838",0.991805481283422,1,FALSE,FALSE,FALSE,FALSE
"K06338",0.0345,0,0.87,-0.0322,0.196,0.0116,NA,"K06338",0.990708087233076,1,FALSE,FALSE,FALSE,FALSE
"K18235",0.118,0,0.597,0.0466,0.0879,0.0373,NA,"K18235",0.955838370983137,1,FALSE,FALSE,FALSE,FALSE
"K15584",0.103,0,0.155,-0.186,0.13,0.1,NA,"K10824,K15584",0.701789757412399,1,FALSE,FALSE,FALSE,FALSE
"K15585",0.108,0,0.916,-0.0164,0.154,0.00749,NA,"K15585,K15586",0.993374918778428,1,FALSE,FALSE,FALSE,FALSE
"K15587",0.0985,0,0.818,0.0391,0.169,0.0163,NA,"K15587",0.978902007648183,1,FALSE,FALSE,FALSE,FALSE
"K23684",0.0197,0,0.533,0.24,0.384,0.044,NA,"K07449,K10212,K23684",0.945181052631579,1,FALSE,FALSE,FALSE,FALSE
"K08174",0.0542,0,0.111,0.4,0.25,0.112,NA,"K08174",0.687801152737752,1,FALSE,FALSE,FALSE,FALSE
"K24995",0.0246,0,0.676,0.0829,0.198,0.0295,NA,"K24995",0.971062753583987,1,FALSE,FALSE,FALSE,FALSE
"K19286",0.0394,0,0.326,0.322,0.327,0.0693,NA,"K19286",0.852310775637689,1,FALSE,FALSE,FALSE,FALSE
"K14597",0.0394,0,0.649,-0.0621,0.136,0.0321,NA,"K10210,K14597",0.969434069212411,1,FALSE,FALSE,FALSE,FALSE
"K21463",0.0148,0,0.0159,1.22,0.502,0.169,NA,"K21463",0.268957094594595,1,FALSE,FALSE,FALSE,FALSE
"K22369",0.0443,0,0.442,-0.266,0.346,0.0542,NA,"K22369",0.908495073891626,1,FALSE,FALSE,FALSE,FALSE
"K05519",0.0394,0,0.736,0.133,0.394,0.0238,NA,"K05519,K06608,K07650,K11440,K16199,K16200,K16202,K16331,K26739,K26932",0.974907936507937,1,FALSE,FALSE,FALSE,FALSE
"K16902",0.0148,0,0.979,0.00509,0.198,0.00181,NA,"K16902",0.996316751269036,1,FALSE,FALSE,FALSE,FALSE
"K10211",0.0148,0,0.0159,1.22,0.502,0.169,NA,"K10211",0.268957094594595,1,FALSE,FALSE,FALSE,FALSE
"K10120",0.0345,0,0.0724,0.336,0.186,0.126,NA,"K10120,K10121,K10122",0.575289223454834,1,FALSE,FALSE,FALSE,FALSE
"K02538",0.0296,0,0.227,0.286,0.236,0.0852,NA,"K02538",0.797606315789474,1,FALSE,FALSE,FALSE,FALSE
"K07680",0.0591,0,0.437,-0.203,0.261,0.0548,NA,"K07680",0.906028571428571,1,FALSE,FALSE,FALSE,FALSE
"K06046",0.0197,0,0.479,0.149,0.209,0.05,NA,"K06046",0.921838808250573,1,FALSE,FALSE,FALSE,FALSE
"K06290",0.0739,0,0.017,0.519,0.216,0.167,NA,"K06290",0.28164375,1,FALSE,FALSE,FALSE,FALSE
"K06289",0.069,0,0.513,0.12,0.184,0.0462,NA,"K06289",0.930986226893802,1,FALSE,FALSE,FALSE,FALSE
"K07770",0.0591,0,0.992,0.003,0.315,0.000673,NA,"K07770,K22043",0.99758246388443,1,FALSE,FALSE,FALSE,FALSE
"K19082",0.0148,0,0.883,-0.046,0.311,0.0104,NA,"K19082",0.991805481283422,1,FALSE,FALSE,FALSE,FALSE
"K20989",0.0148,0,0.0159,1.22,0.502,0.169,NA,"K20989",0.268957094594595,1,FALSE,FALSE,FALSE,FALSE
"K03339",0.0345,0,0.912,0.0146,0.132,0.0078,NA,"K03339",0.992926448253417,1,FALSE,FALSE,FALSE,FALSE
"K22103",0.0443,0,0.0768,0.434,0.244,0.124,NA,"K22103",0.587447416413374,1,FALSE,FALSE,FALSE,FALSE
"K04041",0.0443,0,0.972,-0.0113,0.327,0.00244,NA,"K04041",0.995256441717791,1,FALSE,FALSE,FALSE,FALSE
"K20485",0.0148,0,0.804,-0.0518,0.208,0.0175,NA,"K20485",0.976419045334613,1,FALSE,FALSE,FALSE,FALSE
"K10708",0.069,0,0.213,0.201,0.161,0.0878,NA,"K10708",0.780168983174835,1,FALSE,FALSE,FALSE,FALSE
"K16170",0.0394,0,0.0929,0.284,0.168,0.118,NA,"K16170",0.648745188284519,1,FALSE,FALSE,FALSE,FALSE
"K25519",0.0443,0,0.00311,0.499,0.167,0.207,NA,"K25519",0.141561545454545,1,FALSE,FALSE,FALSE,FALSE
"K16956",0.0148,0,0.0159,1.22,0.502,0.169,NA,"K16956",0.268957094594595,1,FALSE,FALSE,FALSE,FALSE
"K01568",0.0148,0,0.435,0.189,0.242,0.0551,NA,"K01568",0.906028571428571,1,FALSE,FALSE,FALSE,FALSE
"K11640",0.0493,0,0.0517,0.52,0.266,0.137,NA,"K11640,K11641",0.487498870056497,1,FALSE,FALSE,FALSE,FALSE
"K24620",0.0443,0,0.0203,0.595,0.254,0.163,NA,"K24620",0.301608605341246,1,FALSE,FALSE,FALSE,FALSE
"K10208",0.0493,0,0.344,-0.286,0.302,0.0667,NA,"K10208",0.863189835575486,1,FALSE,FALSE,FALSE,FALSE
"K10209",0.0345,0,0.97,-0.00515,0.139,0.00262,NA,"K10209",0.994836132732487,1,FALSE,FALSE,FALSE,FALSE
"K14387",0.0148,0,0.0159,1.22,0.502,0.169,NA,"K14387",0.268957094594595,1,FALSE,FALSE,FALSE,FALSE
"K22109",0.064,0,0.765,-0.102,0.342,0.0211,NA,"K22109",0.976419045334613,1,FALSE,FALSE,FALSE,FALSE
"K19350",0.0394,0,0.568,-0.112,0.195,0.0403,NA,"K19350",0.949517436067752,1,FALSE,FALSE,FALSE,FALSE
"K00617",0.0148,0,0.0159,1.22,0.502,0.169,NA,"K00617",0.268957094594595,1,FALSE,FALSE,FALSE,FALSE
"K19242",0.0296,0,0.0374,0.538,0.257,0.146,NA,"K19242",0.426564464692483,1,FALSE,FALSE,FALSE,FALSE
"K16203",0.192,0,0.224,0.216,0.177,0.0858,NA,"K16203",0.797134328358209,1,FALSE,FALSE,FALSE,FALSE
"K16201",0.0345,0,0.716,-0.107,0.293,0.0257,NA,"K16201",0.971062753583987,1,FALSE,FALSE,FALSE,FALSE
"K06971",0.0985,0,0.705,0.054,0.143,0.0267,NA,"K06971",0.971062753583987,1,FALSE,FALSE,FALSE,FALSE
"K11194",0.0148,0,0.0159,1.22,0.502,0.169,NA,"K11194",0.268957094594595,1,FALSE,FALSE,FALSE,FALSE
"K11195",0.0148,0,0.0159,1.22,0.502,0.169,NA,"K11195",0.268957094594595,1,FALSE,FALSE,FALSE,FALSE
"K11196",0.0148,0,0.0159,1.22,0.502,0.169,NA,"K11196",0.268957094594595,1,FALSE,FALSE,FALSE,FALSE
"K02771",0.0148,0,0.0159,1.22,0.502,0.169,NA,"K02771",0.268957094594595,1,FALSE,FALSE,FALSE,FALSE
"K02775",0.069,0,0.753,0.0432,0.137,0.0222,NA,"K02774,K02775",0.976419045334613,1,FALSE,FALSE,FALSE,FALSE
"K02773",0.0591,0,0.587,0.0835,0.153,0.0383,NA,"K02773",0.954876218323587,1,FALSE,FALSE,FALSE,FALSE
"K21131",0.0197,0,0.551,-0.102,0.171,0.0421,NA,"K21131",0.949517436067752,1,FALSE,FALSE,FALSE,FALSE
"K18294",0.0739,0,0.684,0.0569,0.14,0.0287,NA,"K18294",0.971062753583987,1,FALSE,FALSE,FALSE,FALSE
"K17236",0.0345,0,0.688,-0.0751,0.187,0.0283,NA,"K17234,K17235,K17236",0.971062753583987,1,FALSE,FALSE,FALSE,FALSE
"K07691",0.0591,0,0.0585,-0.443,0.233,0.133,NA,"K07691",0.523052678571429,1,FALSE,FALSE,FALSE,FALSE
"K18980",0.0197,0,0.939,0.0125,0.162,0.00545,NA,"K18980",0.994829403321714,1,FALSE,FALSE,FALSE,FALSE
"K01780",0.0197,0,0.44,-0.172,0.222,0.0545,NA,"K01780",0.907557336621455,1,FALSE,FALSE,FALSE,FALSE
"K19973",0.0542,0,0.0329,0.313,0.145,0.15,NA,"K19973",0.398862711864407,1,FALSE,FALSE,FALSE,FALSE
"K19976",0.0296,0,0.387,-0.233,0.269,0.0611,NA,"K19975,K19976",0.889784691136974,1,FALSE,FALSE,FALSE,FALSE
"K02251",0.0296,0,0.187,-0.343,0.259,0.093,NA,"K02251",0.753871980676328,1,FALSE,FALSE,FALSE,FALSE
"K17869",0.0345,0,0.839,-0.049,0.24,0.0144,NA,"K17869",0.984272024367385,1,FALSE,FALSE,FALSE,FALSE
"K26609",0.0394,0,0.731,0.0712,0.207,0.0243,NA,"K26609",0.973435372340426,1,FALSE,FALSE,FALSE,FALSE
"K00132",0.0148,0,0.0905,0.35,0.206,0.119,NA,"K00132",0.638216197183099,1,FALSE,FALSE,FALSE,FALSE
"K04027",0.0148,0,0.0905,0.35,0.206,0.119,NA,"K04027",0.638216197183099,1,FALSE,FALSE,FALSE,FALSE
"K21000",0.0887,0,0.012,0.34,0.134,0.176,NA,"K21000",0.246245901639344,1,FALSE,FALSE,FALSE,FALSE
"K09459",0.0493,0,0.509,0.116,0.176,0.0466,NA,"K09459",0.927424672489083,1,FALSE,FALSE,FALSE,FALSE
"K01841",0.0542,0,0.477,0.108,0.151,0.0502,NA,"K01841",0.921838808250573,1,FALSE,FALSE,FALSE,FALSE
"K20488",0.0542,0,0.102,-0.393,0.239,0.115,NA,"K20488",0.670228346456693,1,FALSE,FALSE,FALSE,FALSE
"K01678",0.0148,0,0.955,-0.0108,0.191,0.004,NA,"K01678",0.994829403321714,1,FALSE,FALSE,FALSE,FALSE
"K01677",0.0197,0,0.636,-0.0862,0.182,0.0334,NA,"K01677",0.964400969109631,1,FALSE,FALSE,FALSE,FALSE
"K24411",0.0296,0,0.267,0.303,0.273,0.0782,NA,"K24411",0.814882459312839,1,FALSE,FALSE,FALSE,FALSE
"K20268",0.0148,0,0.897,0.0317,0.245,0.00913,NA,"K20268",0.992180622533976,1,FALSE,FALSE,FALSE,FALSE
"K14333",0.0197,0,0.411,-0.21,0.255,0.058,NA,"K14333",0.893563612679114,1,FALSE,FALSE,FALSE,FALSE
"K24954",0.0443,0,0.914,-0.0142,0.132,0.00759,NA,"K24954",0.992926448253417,1,FALSE,FALSE,FALSE,FALSE
"K24955",0.0443,0,0.963,0.0063,0.137,0.00323,NA,"K24955",0.994829403321714,1,FALSE,FALSE,FALSE,FALSE
"K19163",0.0493,0,0.929,-0.011,0.123,0.00629,NA,"K19163",0.994829403321714,1,FALSE,FALSE,FALSE,FALSE
"K02182",0.064,0,0.238,0.183,0.155,0.0832,NA,"K02182",0.8009859437751,1,FALSE,FALSE,FALSE,FALSE
"K08282",0.0443,0,0.478,-0.172,0.242,0.0501,NA,"K08282",0.921838808250573,1,FALSE,FALSE,FALSE,FALSE
"K04940",0.143,0,0.937,0.00831,0.104,0.00563,NA,"K04940",0.994829403321714,1,FALSE,FALSE,FALSE,FALSE
"K13574",0.069,0,0.148,-0.268,0.184,0.102,NA,"K13574",0.697236448598131,1,FALSE,FALSE,FALSE,FALSE
"K25184",0.0443,0,0.814,0.0682,0.289,0.0166,NA,"K25184,K25187,K25188,K25189,K25190",0.976917066155321,1,FALSE,FALSE,FALSE,FALSE
"K17939",0.0197,0,0.113,-0.274,0.172,0.112,NA,"K17939",0.687801152737752,1,FALSE,FALSE,FALSE,FALSE
"K06984",0.0394,0,0.189,0.447,0.339,0.0925,NA,"K00200,K00201,K00202,K00672,K01499,K06913,K06914,K06984,K07072,K07144,K07749,K09154,K09733,K10714,K15740,K18853",0.758271634615385,1,FALSE,FALSE,FALSE,FALSE
"K17830",0.0197,0,0.929,-0.0121,0.135,0.00631,NA,"K17830",0.994829403321714,1,FALSE,FALSE,FALSE,FALSE
"K09128",0.0148,0,0.478,-0.207,0.291,0.0501,NA,"K09128",0.921838808250573,1,FALSE,FALSE,FALSE,FALSE
"K25517",0.0394,0,0.998,0.00031,0.125,0.000175,NA,"K25517",0.998797921247252,1,FALSE,FALSE,FALSE,FALSE
"K01577",0.0296,0,0.311,0.311,0.306,0.0715,NA,"K01577",0.841670784103115,1,FALSE,FALSE,FALSE,FALSE
"K18578",0.0296,0,0.828,-0.0436,0.2,0.0153,NA,"K18578",0.98039985862394,1,FALSE,FALSE,FALSE,FALSE
"K15223",0.0148,0,0.388,0.298,0.345,0.0609,NA,"K15223",0.889784691136974,1,FALSE,FALSE,FALSE,FALSE
"K00772",0.0493,0,0.907,0.0208,0.178,0.00824,NA,"K00772",0.992926448253417,1,FALSE,FALSE,FALSE,FALSE
"K26601",0.0296,0,0.235,0.209,0.176,0.0837,NA,"K26601",0.8009859437751,1,FALSE,FALSE,FALSE,FALSE
"K22616",0.0197,0,0.955,0.0167,0.295,0.00399,NA,"K22616",0.994829403321714,1,FALSE,FALSE,FALSE,FALSE
"K09960",0.0345,0,0.489,0.0804,0.116,0.0488,NA,"K09960",0.922836711711712,1,FALSE,FALSE,FALSE,FALSE
"K19731",0.0296,0,0.867,-0.028,0.167,0.0118,NA,"K19731",0.989755813953488,1,FALSE,FALSE,FALSE,FALSE
"K17725",0.0591,0,0.133,0.213,0.141,0.106,NA,"K17725",0.687801152737752,1,FALSE,FALSE,FALSE,FALSE
"K21678",0.0345,0,0.154,0.638,0.446,0.1,NA,"K00091,K06045,K07492,K13543,K18373,K18374,K18379,K18380,K18381,K21678,K22895",0.701789757412399,1,FALSE,FALSE,FALSE,FALSE
"K21393",0.0936,0,0.667,0.0582,0.135,0.0304,NA,"K21393",0.971062753583987,1,FALSE,FALSE,FALSE,FALSE
"K05819",0.123,0,0.857,-0.0187,0.104,0.0128,NA,"K05819",0.988709447004608,1,FALSE,FALSE,FALSE,FALSE
"K21802",0.108,0,0.305,0.112,0.109,0.0724,NA,"K21802",0.841396694214876,1,FALSE,FALSE,FALSE,FALSE
"K13060",0.0345,0,0.807,0.0735,0.3,0.0173,NA,"K13060,K18304",0.976419045334613,1,FALSE,FALSE,FALSE,FALSE
"K03285",0.0394,0,0.745,0.122,0.373,0.023,NA,"K03285",0.975729793356003,1,FALSE,FALSE,FALSE,FALSE
"K20250",0.0148,0,0.524,-0.116,0.182,0.045,NA,"K20250",0.939372717508056,1,FALSE,FALSE,FALSE,FALSE
"K22704",0.0197,0,0.157,0.527,0.37,0.0998,NA,"K14658,K14659,K14666,K22704",0.70312969588551,1,FALSE,FALSE,FALSE,FALSE
"K23016",0.064,0,0.946,-0.02,0.295,0.00479,NA,"K23016",0.994829403321714,1,FALSE,FALSE,FALSE,FALSE
"K08677",0.0493,0,0.586,0.104,0.191,0.0384,NA,"K08677",0.954876218323587,1,FALSE,FALSE,FALSE,FALSE
"K11192",0.0493,0,0.918,0.0268,0.261,0.00725,NA,"K11192",0.993607003891051,1,FALSE,FALSE,FALSE,FALSE
"K19622",0.0296,0,0.0695,0.752,0.412,0.128,NA,"K19622",0.567351623376623,1,FALSE,FALSE,FALSE,FALSE
"K20277",0.0246,0,0.372,0.304,0.34,0.063,NA,"K20277",0.879989661654135,1,FALSE,FALSE,FALSE,FALSE
"K16856",0.0739,0,0.175,0.203,0.149,0.0955,NA,"K16856",0.738806913996627,1,FALSE,FALSE,FALSE,FALSE
"K07230",0.133,0,0.24,0.144,0.122,0.0829,NA,"K07230",0.802725450901804,1,FALSE,FALSE,FALSE,FALSE
"K12141",0.0296,0,0.869,0.0354,0.214,0.0117,NA,"K12140,K12141",0.990458229000683,1,FALSE,FALSE,FALSE,FALSE
"K11474",0.0837,0,0.713,-0.0611,0.166,0.026,NA,"K11474",0.971062753583987,1,FALSE,FALSE,FALSE,FALSE
"K19164",0.0591,0,0.544,0.0761,0.125,0.0428,NA,"K19164",0.948823018080668,1,FALSE,FALSE,FALSE,FALSE
"K08178",0.0493,0,0.594,0.0975,0.183,0.0376,NA,"K08178",0.955838370983137,1,FALSE,FALSE,FALSE,FALSE
"K24707",0.0443,0,0.326,0.36,0.366,0.0693,NA,"K24707",0.852310775637689,1,FALSE,FALSE,FALSE,FALSE
"K23271",0.0542,0,0.613,0.111,0.219,0.0358,NA,"K23271",0.957197699720236,1,FALSE,FALSE,FALSE,FALSE
"K20429",0.0443,0,0.397,0.195,0.23,0.0597,NA,"K20429",0.889784691136974,1,FALSE,FALSE,FALSE,FALSE
"K24087",0.0246,0,0.599,-0.138,0.263,0.0371,NA,"K24087,K28274",0.955838370983137,1,FALSE,FALSE,FALSE,FALSE
"K23015",0.0246,0,0.474,-0.302,0.42,0.0506,NA,"K16696,K16700,K16708,K16709,K18819,K23015,K25957,K25958",0.921838808250573,1,FALSE,FALSE,FALSE,FALSE
"K12291",0.0296,0,0.224,-0.433,0.355,0.0856,NA,"K00048,K12291",0.797134328358209,1,FALSE,FALSE,FALSE,FALSE
"K09473",0.0345,0,0.34,-0.2,0.21,0.0673,NA,"K09473",0.859353861686017,1,FALSE,FALSE,FALSE,FALSE
"K00737",0.0148,0,0.986,0.0059,0.328,0.00127,NA,"K00737,K19155",0.99758246388443,1,FALSE,FALSE,FALSE,FALSE
"K23238",0.0394,0,0.426,-0.219,0.274,0.0562,NA,"K23238",0.902105063291139,1,FALSE,FALSE,FALSE,FALSE
"K28214",0.0443,0,0.767,-0.0413,0.139,0.0209,NA,"K28214",0.976419045334613,1,FALSE,FALSE,FALSE,FALSE
"K01093",0.0246,0,0.815,0.055,0.234,0.0165,NA,"K01093",0.977414371257485,1,FALSE,FALSE,FALSE,FALSE
"K19734",0.0148,0,0.333,-0.238,0.245,0.0683,NA,"K19734,K22956",0.855351861295258,1,FALSE,FALSE,FALSE,FALSE
"K12944",0.0739,0,0.896,-0.0201,0.153,0.00927,NA,"K12944",0.992180622533976,1,FALSE,FALSE,FALSE,FALSE
"K14596",0.0443,0,0.769,0.0684,0.232,0.0208,NA,"K14596",0.976419045334613,1,FALSE,FALSE,FALSE,FALSE
"K23721",0.0296,0,0.61,-0.1,0.196,0.036,NA,"K23721",0.957197699720236,1,FALSE,FALSE,FALSE,FALSE
"K11082",0.0246,0,0.946,0.0184,0.273,0.00475,NA,"K11081,K11082,K11084",0.994829403321714,1,FALSE,FALSE,FALSE,FALSE
"K11083",0.0197,0,0.506,-0.19,0.286,0.0469,NA,"K11083",0.927424672489083,1,FALSE,FALSE,FALSE,FALSE
"K15547",0.0542,0,0.966,-0.00529,0.125,0.00298,NA,"K15547",0.994829403321714,1,FALSE,FALSE,FALSE,FALSE
"K15549",0.0591,0,0.441,0.1,0.13,0.0544,NA,"K15549",0.907557336621455,1,FALSE,FALSE,FALSE,FALSE
"K28520",0.0148,0,0.346,0.213,0.226,0.0665,NA,"K28520",0.863189835575486,1,FALSE,FALSE,FALSE,FALSE
"K08196",0.0443,0,0.588,0.0996,0.184,0.0382,NA,"K08196",0.955261518494484,1,FALSE,FALSE,FALSE,FALSE
"K05817",0.0443,0,0.87,-0.0282,0.172,0.0115,NA,"K05817",0.990708087233076,1,FALSE,FALSE,FALSE,FALSE
"K16878",0.0148,0,0.0368,0.596,0.284,0.147,NA,"K16878",0.421642105263158,1,FALSE,FALSE,FALSE,FALSE
"K16874",0.0246,0,0.147,0.298,0.205,0.102,NA,"K16874",0.696997159090909,1,FALSE,FALSE,FALSE,FALSE
"K16707",0.0197,0,0.954,-0.00866,0.149,0.00409,NA,"K16707",0.994829403321714,1,FALSE,FALSE,FALSE,FALSE
"K13277",0.0296,0,0.00873,-0.979,0.37,0.184,NA,"K13277",0.218532118226601,1,FALSE,FALSE,FALSE,FALSE
"K01216",0.0394,0,0.564,-0.14,0.243,0.0407,NA,"K01216",0.949517436067752,1,FALSE,FALSE,FALSE,FALSE
"K08164",0.064,0,0.216,0.282,0.227,0.0871,NA,"K08164",0.784272661348803,1,FALSE,FALSE,FALSE,FALSE
"K23984",0.0148,0,0.68,-0.0859,0.208,0.0291,NA,"K23984",0.971062753583987,1,FALSE,FALSE,FALSE,FALSE
"K03481",0.0296,0,0.811,0.0731,0.306,0.0169,NA,"K03481",0.976419045334613,1,FALSE,FALSE,FALSE,FALSE
"K25617",0.0296,0,0.00873,-0.979,0.37,0.184,NA,"K25617",0.218532118226601,1,FALSE,FALSE,FALSE,FALSE
"K25619",0.0296,0,0.00873,-0.979,0.37,0.184,NA,"K25619",0.218532118226601,1,FALSE,FALSE,FALSE,FALSE
"K13276",0.0443,0,0.422,0.174,0.216,0.0567,NA,"K13276",0.901430887372014,1,FALSE,FALSE,FALSE,FALSE
"K19355",0.0345,0,0.0334,-0.432,0.202,0.149,NA,"K19355",0.399126014319809,1,FALSE,FALSE,FALSE,FALSE
"K17734",0.0296,0,0.00873,-0.979,0.37,0.184,NA,"K17734",0.218532118226601,1,FALSE,FALSE,FALSE,FALSE
"K17195",0.0493,0,0.127,-0.322,0.21,0.107,NA,"K17195",0.687801152737752,1,FALSE,FALSE,FALSE,FALSE
"K25673",0.0443,0,0.102,-0.569,0.347,0.115,NA,"K22301,K25673",0.670228346456693,1,FALSE,FALSE,FALSE,FALSE
"K16918",0.0296,0,0.00873,-0.979,0.37,0.184,NA,"K16918",0.218532118226601,1,FALSE,FALSE,FALSE,FALSE
"K16920",0.0296,0,0.00873,-0.979,0.37,0.184,NA,"K16920",0.218532118226601,1,FALSE,FALSE,FALSE,FALSE
"K24072",0.0296,0,0.0744,-0.666,0.372,0.126,NA,"K24072",0.580905443234837,1,FALSE,FALSE,FALSE,FALSE
"K22299",0.0542,0,0.368,0.177,0.196,0.0636,NA,"K22299",0.879989661654135,1,FALSE,FALSE,FALSE,FALSE
"K19429",0.0345,0,0.531,-0.172,0.273,0.0443,NA,"K19429",0.944482060390764,1,FALSE,FALSE,FALSE,FALSE
"K21493",0.0394,0,0.221,0.217,0.177,0.0863,NA,"K21493",0.792088045812455,1,FALSE,FALSE,FALSE,FALSE
"K21701",0.0493,0,0.0353,-0.788,0.372,0.148,NA,"K21701",0.408191916859122,1,FALSE,FALSE,FALSE,FALSE
"K16423",0.0148,0,0.466,-0.172,0.235,0.0514,NA,"K16423",0.921509478672986,1,FALSE,FALSE,FALSE,FALSE
"K25271",0.0345,0,0.544,0.0782,0.129,0.0428,NA,"K25271",0.948823018080668,1,FALSE,FALSE,FALSE,FALSE
"K25272",0.0394,0,0.609,0.0628,0.123,0.0361,NA,"K25272",0.957081920903955,1,FALSE,FALSE,FALSE,FALSE
"K12055",0.0246,0,0.267,-0.187,0.168,0.0782,NA,"K12055",0.814882459312839,1,FALSE,FALSE,FALSE,FALSE
"K25904",0.0345,0,0.422,0.105,0.13,0.0567,NA,"K25904",0.901430887372014,1,FALSE,FALSE,FALSE,FALSE
"K25903",0.0246,0,0.679,0.06,0.145,0.0292,NA,"K25903",0.971062753583987,1,FALSE,FALSE,FALSE,FALSE
"K11912",0.0936,0,0.555,0.0777,0.132,0.0417,NA,"K11912",0.949517436067752,1,FALSE,FALSE,FALSE,FALSE
"K24867",0.069,0,0.731,0.0596,0.173,0.0243,NA,"K15864,K19344,K19345,K22225,K24867,K24868",0.973435372340426,1,FALSE,FALSE,FALSE,FALSE
"K18295",0.069,0,0.748,0.0482,0.15,0.0227,NA,"K18295",0.975830119854091,1,FALSE,FALSE,FALSE,FALSE
"K21495",0.108,0,0.291,0.0906,0.0855,0.0745,NA,"K21495",0.831651877133106,1,FALSE,FALSE,FALSE,FALSE
"K11623",0.0197,0,0.902,-0.0227,0.184,0.0087,NA,"K11623,K11624",0.992180622533976,1,FALSE,FALSE,FALSE,FALSE
"K25599",0.0246,0,0.371,-0.462,0.516,0.0631,NA,"K00701,K01062,K01227,K03340,K03856,K08260,K17077,K21142,K23059,K25599",0.879989661654135,1,FALSE,FALSE,FALSE,FALSE
"K20435",0.0148,0,0.12,0.442,0.283,0.11,NA,"K20435",0.687801152737752,1,FALSE,FALSE,FALSE,FALSE
"K26741",0.0345,0,0.186,0.376,0.283,0.0931,NA,"K20460,K26741",0.752871463217462,1,FALSE,FALSE,FALSE,FALSE
"K08168",0.0345,0,0.531,-0.115,0.183,0.0442,NA,"K08168",0.944482060390764,1,FALSE,FALSE,FALSE,FALSE
"K20922",0.0296,0,0.973,-0.00441,0.131,0.00238,NA,"K20922",0.995262717058223,1,FALSE,FALSE,FALSE,FALSE
"K07669",0.0296,0,0.731,0.14,0.408,0.0243,NA,"K07669",0.973435372340426,1,FALSE,FALSE,FALSE,FALSE
"K20199",0.0345,0,0.102,-0.332,0.202,0.115,NA,"K20199",0.670228346456693,1,FALSE,FALSE,FALSE,FALSE
"K25671",0.0148,0,0.694,0.106,0.268,0.0278,NA,"K25670,K25671",0.971062753583987,1,FALSE,FALSE,FALSE,FALSE
"K21298",0.0296,0,0.307,-0.234,0.228,0.0721,NA,"K21298",0.841670784103115,1,FALSE,FALSE,FALSE,FALSE
"K08869",0.0394,0,0.0303,0.502,0.23,0.152,NA,"K08869",0.380532,1,FALSE,FALSE,FALSE,FALSE
"K23374",0.0197,0,0.523,-0.134,0.21,0.0451,NA,"K23374,K23375",0.93825188104622,1,FALSE,FALSE,FALSE,FALSE
"K20461",0.0443,0,0.377,0.189,0.214,0.0623,NA,"K20459,K20461",0.88248667601683,1,FALSE,FALSE,FALSE,FALSE
"K17880",0.0345,0,0.603,0.103,0.198,0.0367,NA,"K17880",0.956963866877971,1,FALSE,FALSE,FALSE,FALSE
"K18786",0.0148,0,0.0752,0.439,0.245,0.125,NA,"K18786",0.584278979907264,1,FALSE,FALSE,FALSE,FALSE
"K17803",0.0148,0,0.003,-0.726,0.242,0.207,NA,"K06928,K17803",0.140383177570093,1,FALSE,FALSE,FALSE,FALSE
"K25814",0.0246,0,0.712,0.107,0.29,0.0261,NA,"K25814",0.971062753583987,1,FALSE,FALSE,FALSE,FALSE
"K07813",0.0345,0,0.0201,0.525,0.224,0.163,NA,"K07813",0.299525892857143,1,FALSE,FALSE,FALSE,FALSE
"K10674",0.0394,0,0.158,-0.354,0.25,0.0994,NA,"K10674",0.704457702582369,1,FALSE,FALSE,FALSE,FALSE
"K28794",0.0148,0,0.0401,0.464,0.224,0.144,NA,"K28794",0.435532971800434,1,FALSE,FALSE,FALSE,FALSE
"K18814",0.0246,0,0.372,0.144,0.161,0.0629,NA,"K18814",0.879989661654135,1,FALSE,FALSE,FALSE,FALSE
"K07008",0.0197,0,0.731,-0.0769,0.224,0.0243,NA,"K07008",0.973435372340426,1,FALSE,FALSE,FALSE,FALSE
"K21164",0.0246,0,5.14e-05,0.702,0.17,0.28,NA,"K21164",0.0122552285714286,0.2573598,TRUE,FALSE,TRUE,FALSE
"K15654",0.0197,0,0.807,-0.0362,0.148,0.0172,NA,"K15654",0.976419045334613,1,FALSE,FALSE,FALSE,FALSE
"K26858",0.0148,0,0.181,-0.306,0.227,0.0943,NA,"K26858",0.745898765432099,1,FALSE,FALSE,FALSE,FALSE
"K24288",0.0148,0,0.895,0.0322,0.244,0.00933,NA,"K24288",0.992088775736108,1,FALSE,FALSE,FALSE,FALSE
"K22618",0.118,0,0.178,0.242,0.179,0.0949,NA,"K22618",0.742705,1,FALSE,FALSE,FALSE,FALSE
"K18650",0.0148,0,0.482,0.169,0.241,0.0496,NA,"K18650",0.921838808250573,1,FALSE,FALSE,FALSE,FALSE
"K18277",0.0493,0,0.784,-0.0365,0.133,0.0194,NA,"K18277",0.976419045334613,1,FALSE,FALSE,FALSE,FALSE
"K00480",0.0296,0,0.647,0.0727,0.158,0.0324,NA,"K00480",0.968469058295964,1,FALSE,FALSE,FALSE,FALSE
"K24084",0.0197,0,0.183,0.205,0.153,0.0938,NA,"K24084",0.747984489795918,1,FALSE,FALSE,FALSE,FALSE
"K27873",0.0148,0,0.992,0.00196,0.196,0.000705,NA,"K27873",0.99758246388443,1,FALSE,FALSE,FALSE,FALSE
"K25099",0.069,0,0.41,0.305,0.369,0.0581,NA,"K01266,K04708,K16327,K19733,K20816,K22968,K25096,K25097,K25098,K25099,K25883",0.893563612679114,1,FALSE,FALSE,FALSE,FALSE
"K01593",0.0788,0,0.0304,0.496,0.228,0.152,NA,"K01593",0.380532,1,FALSE,FALSE,FALSE,FALSE
"K18552",0.0739,0,0.746,0.1,0.309,0.0229,NA,"K18552",0.975763322884013,1,FALSE,FALSE,FALSE,FALSE
"K06118",0.0739,0,0.334,0.303,0.313,0.0682,NA,"K06118",0.855351861295258,1,FALSE,FALSE,FALSE,FALSE
"K22216",0.0887,0,0.851,-0.0416,0.221,0.0133,NA,"K22216",0.987475550405562,1,FALSE,FALSE,FALSE,FALSE
"K19732",0.064,0,0.571,0.127,0.224,0.04,NA,"K19732",0.949517436067752,1,FALSE,FALSE,FALSE,FALSE
"K22955",0.0542,0,0.233,0.158,0.132,0.0841,NA,"K22955",0.8009859437751,1,FALSE,FALSE,FALSE,FALSE
"K07766",0.0148,0,0.755,-0.0898,0.287,0.022,NA,"K07766",0.976419045334613,1,FALSE,FALSE,FALSE,FALSE
"K11725",0.0197,0,0.98,-0.00597,0.24,0.00176,NA,"K00539,K11725,K28789",0.996316751269036,1,FALSE,FALSE,FALSE,FALSE
"K11816",0.0542,0,0.377,0.141,0.159,0.0624,NA,"K11816",0.88248667601683,1,FALSE,FALSE,FALSE,FALSE
"K00317",0.0246,0,0.926,0.0178,0.19,0.0066,NA,"K00317",0.994829403321714,1,FALSE,FALSE,FALSE,FALSE
"K00596",0.0296,0,0.724,-0.0611,0.173,0.0249,NA,"K00596",0.972688906752412,1,FALSE,FALSE,FALSE,FALSE
"K08691",0.0246,0,0.0492,0.594,0.3,0.138,NA,"K08691",0.477411627906977,1,FALSE,FALSE,FALSE,FALSE
"K24846",0.0246,0,0.507,-0.105,0.159,0.0468,NA,"K24846",0.927424672489083,1,FALSE,FALSE,FALSE,FALSE
"K14447",0.0197,0,0.00202,1.06,0.34,0.215,NA,"K14447,K14449,K14451,K14660",0.109936304347826,1,FALSE,FALSE,FALSE,FALSE
"K14446",0.0246,0,0.000304,1.12,0.304,0.251,NA,"K14446",0.0330897391304348,1,TRUE,FALSE,TRUE,FALSE
"K16843",0.0148,0,0.268,0.313,0.282,0.0782,NA,"K16843",0.814882459312839,1,FALSE,FALSE,FALSE,FALSE
"K25775",0.0246,0,0.0385,-0.451,0.217,0.145,NA,"K25775",0.431251677852349,1,FALSE,FALSE,FALSE,FALSE
"K11739",0.0739,0,0.909,0.0177,0.154,0.00809,NA,"K11739",0.992926448253417,1,FALSE,FALSE,FALSE,FALSE
"K26976",0.069,0,0.968,-0.00423,0.105,0.00284,NA,"K26976",0.994829403321714,1,FALSE,FALSE,FALSE,FALSE
"K20273",0.0148,0,0.639,-0.13,0.277,0.0331,NA,"K20273",0.966608157099698,1,FALSE,FALSE,FALSE,FALSE
"K21022",0.0788,0,0.489,0.124,0.18,0.0488,NA,"K21022",0.922836711711712,1,FALSE,FALSE,FALSE,FALSE
"K18028",0.0345,0,0.33,-0.144,0.148,0.0688,NA,"K15357,K18028",0.854348500517063,1,FALSE,FALSE,FALSE,FALSE
"K17229",0.0148,0,0.475,-0.187,0.26,0.0505,NA,"K17229",0.921838808250573,1,FALSE,FALSE,FALSE,FALSE
"K21607",0.0197,0,0.569,-0.159,0.278,0.0402,NA,"K21607",0.949517436067752,1,FALSE,FALSE,FALSE,FALSE
"K21014",0.0197,0,0.0596,-0.326,0.172,0.132,NA,"K21014",0.52817203539823,1,FALSE,FALSE,FALSE,FALSE
"K10215",0.0837,0,0.104,-0.267,0.163,0.114,NA,"K10215",0.677149544863459,1,FALSE,FALSE,FALSE,FALSE
"K14974",0.0246,0,0.715,-0.0568,0.155,0.0258,NA,"K14974",0.971062753583987,1,FALSE,FALSE,FALSE,FALSE
"K01459",0.0148,0,0.894,0.027,0.202,0.00942,NA,"K01459",0.992088775736108,1,FALSE,FALSE,FALSE,FALSE
"K10300",0.0394,0,0.122,-0.195,0.126,0.109,NA,"K10300",0.687801152737752,1,FALSE,FALSE,FALSE,FALSE
"K13670",0.0345,0,0.607,-0.0865,0.168,0.0363,NA,"K13670",0.957012260295505,1,FALSE,FALSE,FALSE,FALSE
"K18700",0.0591,0,0.877,-0.0206,0.133,0.0109,NA,"K18700",0.991675474254743,1,FALSE,FALSE,FALSE,FALSE
"K07546",0.064,0,0.824,0.0276,0.124,0.0157,NA,"K07546",0.98039985862394,1,FALSE,FALSE,FALSE,FALSE
"K27041",0.0591,0,0.501,0.178,0.263,0.0475,NA,"K18135,K27041",0.927153817779417,1,FALSE,FALSE,FALSE,FALSE
"K06600",0.0591,0,0.921,0.0174,0.174,0.00704,NA,"K06600",0.994297872340426,1,FALSE,FALSE,FALSE,FALSE
"K16051",0.0296,0,0.688,0.0773,0.192,0.0284,NA,"K16051",0.971062753583987,1,FALSE,FALSE,FALSE,FALSE
"K19711",0.0493,0,0.587,-0.152,0.28,0.0383,NA,"K19711",0.954876218323587,1,FALSE,FALSE,FALSE,FALSE
"K20949",0.0197,0,0.669,-0.0615,0.144,0.0302,NA,"K20949",0.971062753583987,1,FALSE,FALSE,FALSE,FALSE
"K20948",0.0394,0,0.698,0.0429,0.11,0.0274,NA,"K20948",0.971062753583987,1,FALSE,FALSE,FALSE,FALSE
"K02661",0.069,0,0.943,-0.0146,0.206,0.00501,NA,"K02661",0.994829403321714,1,FALSE,FALSE,FALSE,FALSE
"K21758",0.0837,0,0.928,0.015,0.167,0.00634,NA,"K21758",0.994829403321714,1,FALSE,FALSE,FALSE,FALSE
"K11917",0.069,0,0.413,0.156,0.19,0.0578,NA,"K11917",0.894416522491349,1,FALSE,FALSE,FALSE,FALSE
"K22347",0.0148,0,0.265,0.319,0.285,0.0786,NA,"K22347",0.814521178637201,1,FALSE,FALSE,FALSE,FALSE
"K25035",0.0542,0,0.389,0.224,0.259,0.0608,NA,"K25035",0.889784691136974,1,FALSE,FALSE,FALSE,FALSE
"K04034",0.0345,0,0.674,-0.0519,0.123,0.0297,NA,"K04034",0.971062753583987,1,FALSE,FALSE,FALSE,FALSE
"K08481",0.0148,0,0.196,-0.259,0.199,0.0911,NA,"K08481",0.765500780031201,1,FALSE,FALSE,FALSE,FALSE
"K14623",0.0197,0,0.504,-0.126,0.188,0.0472,NA,"K14623",0.927424672489083,1,FALSE,FALSE,FALSE,FALSE
"K08721",0.0443,0,0.606,0.132,0.256,0.0364,NA,"K08721",0.957012260295505,1,FALSE,FALSE,FALSE,FALSE
"K18296",0.064,0,0.653,0.0765,0.17,0.0317,NA,"K18296",0.969623665480427,1,FALSE,FALSE,FALSE,FALSE
"K07544",0.0197,0,0.891,0.0346,0.251,0.00972,NA,"K07544",0.991826811916407,1,FALSE,FALSE,FALSE,FALSE
"K18148",0.0591,0,0.48,0.11,0.155,0.0498,NA,"K18148",0.921838808250573,1,FALSE,FALSE,FALSE,FALSE
"K21020",0.0493,0,0.156,0.388,0.272,0.1,NA,"K21020",0.701789757412399,1,FALSE,FALSE,FALSE,FALSE
"K26973",0.0591,0,0.823,0.0236,0.106,0.0158,NA,"K26973",0.98039985862394,1,FALSE,FALSE,FALSE,FALSE
"K26974",0.064,0,0.931,-0.0101,0.117,0.00613,NA,"K26974",0.994829403321714,1,FALSE,FALSE,FALSE,FALSE
"K26975",0.064,0,0.931,-0.0101,0.117,0.00613,NA,"K26975",0.994829403321714,1,FALSE,FALSE,FALSE,FALSE
"K26977",0.0591,0,0.687,-0.0479,0.119,0.0284,NA,"K26977",0.971062753583987,1,FALSE,FALSE,FALSE,FALSE
"K07318",0.0246,0,0.819,-0.031,0.135,0.0161,NA,"K07318",0.979396465249582,1,FALSE,FALSE,FALSE,FALSE
"K13016",0.0246,0,0.652,-0.0853,0.189,0.0319,NA,"K13016",0.969623665480427,1,FALSE,FALSE,FALSE,FALSE
"K01535",0.0394,0,0.917,0.0135,0.129,0.00737,NA,"K01535",0.993607003891051,1,FALSE,FALSE,FALSE,FALSE
"K20947",0.0197,0,0.851,0.0266,0.142,0.0132,NA,"K20947",0.987475550405562,1,FALSE,FALSE,FALSE,FALSE
"K27195",0.0296,0,0.885,-0.0153,0.106,0.0102,NA,"K27195",0.991805481283422,1,FALSE,FALSE,FALSE,FALSE
"K00518",0.0345,0,0.149,0.26,0.18,0.102,NA,"K00518",0.697236448598131,1,FALSE,FALSE,FALSE,FALSE
"K07821",0.0197,0,0.898,0.0318,0.248,0.00903,NA,"K07821,K08356",0.992180622533976,1,FALSE,FALSE,FALSE,FALSE
"K25886",0.0148,0,0.988,0.00221,0.141,0.0011,NA,"K25886",0.99758246388443,1,FALSE,FALSE,FALSE,FALSE
"K21364",0.0148,0,0.953,0.00942,0.159,0.00418,NA,"K21364",0.994829403321714,1,FALSE,FALSE,FALSE,FALSE
"K28158",0.0788,0,0.666,-0.0372,0.086,0.0305,NA,"K28158",0.971062753583987,1,FALSE,FALSE,FALSE,FALSE
"K00590",0.0148,0,0.821,0.0365,0.161,0.016,NA,"K00590",0.979915852205006,1,FALSE,FALSE,FALSE,FALSE
"K21379",0.0148,0,0.775,0.0427,0.149,0.0202,NA,"K21379",0.976419045334613,1,FALSE,FALSE,FALSE,FALSE
"K15876",0.0296,0,0.915,-0.0177,0.164,0.00758,NA,"K15876",0.993374918778428,1,FALSE,FALSE,FALSE,FALSE
"K00469",0.0148,0,0.904,-0.0321,0.265,0.00854,NA,"K00469",0.992180622533976,1,FALSE,FALSE,FALSE,FALSE
"K12954",0.0197,0,0.959,-0.0107,0.206,0.00366,NA,"K12954",0.994829403321714,1,FALSE,FALSE,FALSE,FALSE
"K20327",0.0197,0,0.187,0.258,0.195,0.0931,NA,"K20327",0.753871980676328,1,FALSE,FALSE,FALSE,FALSE
"K25589",0.0542,0,0.585,-0.0825,0.151,0.0386,NA,"K25589",0.954876218323587,1,FALSE,FALSE,FALSE,FALSE
"K07190",0.0148,0,0.121,0.621,0.399,0.109,NA,"K01138,K01240,K07190,K25877",0.687801152737752,1,FALSE,FALSE,FALSE,FALSE
"K15359",0.0296,0,0.21,0.154,0.123,0.0884,NA,"K15359",0.77771449704142,1,FALSE,FALSE,FALSE,FALSE
"K00298",0.0197,0,0.364,0.14,0.154,0.064,NA,"K00298",0.877913294797688,1,FALSE,FALSE,FALSE,FALSE
"K02479",0.0197,0,0.402,-0.209,0.249,0.0591,NA,"K02479",0.892204787234043,1,FALSE,FALSE,FALSE,FALSE
"K21681",0.0246,0,0.988,0.00205,0.135,0.00107,NA,"K21681",0.99758246388443,1,FALSE,FALSE,FALSE,FALSE
"K28297",0.0197,0,0.956,0.0119,0.215,0.00391,NA,"K28297",0.994829403321714,1,FALSE,FALSE,FALSE,FALSE
"K20158",0.0148,0,0.743,0.082,0.25,0.0232,NA,"K20158",0.975729793356003,1,FALSE,FALSE,FALSE,FALSE
"K27500",0.0148,0,0.718,-0.0809,0.223,0.0255,NA,"K27500",0.971103727714749,1,FALSE,FALSE,FALSE,FALSE
"K27674",0.0197,0,0.838,0.0442,0.215,0.0145,NA,"K27674",0.983559774964838,1,FALSE,FALSE,FALSE,FALSE
"K24101",0.0148,0,0.792,0.0854,0.324,0.0186,NA,"K24101",0.976419045334613,1,FALSE,FALSE,FALSE,FALSE
"K25623",0.0148,0,0.857,0.0532,0.296,0.0127,NA,"K25623",0.988709447004608,1,FALSE,FALSE,FALSE,FALSE
"K25621",0.0197,0,0.673,-0.0882,0.208,0.0298,NA,"K25621",0.971062753583987,1,FALSE,FALSE,FALSE,FALSE
"K22463",0.0148,0,0.995,-0.00177,0.268,0.000464,NA,"K22463",0.998189741534763,1,FALSE,FALSE,FALSE,FALSE
"K20762",0.0197,0,0.501,-0.102,0.152,0.0475,NA,"K20762",0.927153817779417,1,FALSE,FALSE,FALSE,FALSE
"K23086",0.0197,0,0.388,0.2,0.231,0.0609,NA,"K23086",0.889784691136974,1,FALSE,FALSE,FALSE,FALSE
"K21961",0.0148,0,0.495,0.14,0.205,0.0482,NA,"K21961",0.924455427079448,1,FALSE,FALSE,FALSE,FALSE
"K00122",0.0148,0,0.452,0.252,0.334,0.0531,NA,"K00122",0.91219830713422,1,FALSE,FALSE,FALSE,FALSE
"K18382",0.0345,0,0.812,0.029,0.121,0.0168,NA,"K18382",0.976419045334613,1,FALSE,FALSE,FALSE,FALSE
"K14358",0.0394,0,0.902,0.0286,0.232,0.00868,NA,"K14358",0.992180622533976,1,FALSE,FALSE,FALSE,FALSE
"K19126",0.0197,0,0.592,-0.119,0.222,0.0378,NA,"K19046,K19123,K19124,K19125,K19126",0.955838370983137,1,FALSE,FALSE,FALSE,FALSE
"K03395",0.0148,0,0.904,0.0415,0.343,0.00853,NA,"K03395",0.992180622533976,1,FALSE,FALSE,FALSE,FALSE
"K19165",0.0148,0,0.759,0.0588,0.191,0.0217,NA,"K19165",0.976419045334613,1,FALSE,FALSE,FALSE,FALSE
"K00984",0.0345,0,0.475,-0.118,0.165,0.0505,NA,"K00984",0.921838808250573,1,FALSE,FALSE,FALSE,FALSE
"K12987",0.0394,0,0.603,-0.0917,0.176,0.0367,NA,"K12987",0.956963866877971,1,FALSE,FALSE,FALSE,FALSE
"K18131",0.0345,0,0.624,0.183,0.373,0.0346,NA,"K18131",0.958754595588235,1,FALSE,FALSE,FALSE,FALSE
"K06599",0.0443,0,0.429,-0.215,0.271,0.0559,NA,"K06599",0.903281328847771,1,FALSE,FALSE,FALSE,FALSE
"K19882",0.0148,0,0.89,0.0348,0.251,0.00977,NA,"K19882",0.991826811916407,1,FALSE,FALSE,FALSE,FALSE
"K26972",0.0296,0,0.716,0.0523,0.144,0.0257,NA,"K26972",0.971062753583987,1,FALSE,FALSE,FALSE,FALSE
"K15373",0.0148,0,0.402,0.251,0.299,0.0591,NA,"K15373",0.892204787234043,1,FALSE,FALSE,FALSE,FALSE
"K26980",0.0148,0,0.644,-0.107,0.232,0.0326,NA,"K26980",0.967739495798319,1,FALSE,FALSE,FALSE,FALSE
"K28300",0.0148,0,0.681,-0.101,0.245,0.0291,NA,"K28300",0.971062753583987,1,FALSE,FALSE,FALSE,FALSE
"K16712",0.0148,0,0.791,-0.0569,0.214,0.0188,NA,"K16712",0.976419045334613,1,FALSE,FALSE,FALSE,FALSE
"K21512",0.0197,0,0.898,-0.0198,0.154,0.00905,NA,"K21512",0.992180622533976,1,FALSE,FALSE,FALSE,FALSE
"K28267",0.0197,0,0.351,0.149,0.159,0.0658,NA,"K28267",0.867023680315738,1,FALSE,FALSE,FALSE,FALSE
"K20272",0.0197,0,0.479,0.101,0.142,0.05,NA,"K20272",0.921838808250573,1,FALSE,FALSE,FALSE,FALSE
"K01009",0.0148,0,0.469,0.198,0.273,0.0511,NA,"K01009,K22424,K23148,K23150",0.921838808250573,1,FALSE,FALSE,FALSE,FALSE
"K06887",0.0148,0,0.577,0.0948,0.17,0.0394,NA,"K06887",0.95096741277156,1,FALSE,FALSE,FALSE,FALSE
"K11077",0.0197,0,0.952,-0.00846,0.14,0.00427,NA,"K11077,K11078,K11079,K11080",0.994829403321714,1,FALSE,FALSE,FALSE,FALSE
"K10673",0.0148,0,0.489,0.129,0.186,0.0488,NA,"K10673",0.922836711711712,1,FALSE,FALSE,FALSE,FALSE
