"variant","af","filter.pvalue","lrt.pvalue","beta","beta.std.err","variant_h2","notes","cluster_variants","p_adj_BH","p_adj_bonferroni","rejected_BH_005","rejected_bonferroni_005","rejected_BH_010","rejected_bonferroni_010"
"K03721",0.483,0,0.464,-52.7,71.9,0.0519,NA,"K03721",0.996972754793138,1,FALSE,FALSE,FALSE,FALSE
"K03790",0.552,0,0.068,-60.2,32.8,0.129,NA,"K03790",0.751655629139073,1,FALSE,FALSE,FALSE,FALSE
"K20959",0.0299,0,0.993,-1.99,228,0.000618,NA,"K06604,K10909,K10915,K10918,K10921,K10922,K11018,K12277,K12512,K12514,K12515,K20919,K20955,K20959,K20962,K20965,K28162",0.996987951807229,1,FALSE,FALSE,FALSE,FALSE
"K07274",0.502,0,0.135,50.9,33.9,0.106,NA,"K07274",0.855646100116414,1,FALSE,FALSE,FALSE,FALSE
"K03578",0.692,0,0.837,-68.9,334,0.0146,NA,"K03578,K13288",0.996972754793138,1,FALSE,FALSE,FALSE,FALSE
"K07003",0.403,0,0.647,21.3,46.5,0.0325,NA,"K07003",0.996972754793138,1,FALSE,FALSE,FALSE,FALSE
"K07216",0.179,0,0.0549,82.5,42.7,0.136,NA,"K07216",0.704834605597964,1,FALSE,FALSE,FALSE,FALSE
"K07001",0.91,0,0.63,21,43.4,0.0342,NA,"K07001",0.996972754793138,1,FALSE,FALSE,FALSE,FALSE
"K13938",0.378,0,0.194,118,90.6,0.092,NA,"K13938",0.927342256214149,1,FALSE,FALSE,FALSE,FALSE
"K01495",0.965,0,0.465,157,214,0.0518,NA,"K01495",0.996972754793138,1,FALSE,FALSE,FALSE,FALSE
"K07589",0.323,0,0.134,81.4,54.1,0.106,NA,"K07589",0.855646100116414,1,FALSE,FALSE,FALSE,FALSE
"K01560",0.522,0,0.196,33.8,26.1,0.0915,NA,"K01560",0.931558935361217,1,FALSE,FALSE,FALSE,FALSE
"K02073",0.801,0,0.202,-54.8,42.8,0.0903,NA,"K02071,K02072,K02073",0.941286113699907,1,FALSE,FALSE,FALSE,FALSE
"K01061",0.821,0,0.972,-1.33,38.3,0.00246,NA,"K01061",0.996972754793138,1,FALSE,FALSE,FALSE,FALSE
"K08310",0.299,0,0.779,10.1,36,0.0199,NA,"K08310",0.996972754793138,1,FALSE,FALSE,FALSE,FALSE
"K03651",0.796,0,0.204,45.9,36,0.09,NA,"K03651",0.943482224247949,1,FALSE,FALSE,FALSE,FALSE
"K01273",0.692,0,0.682,19.5,47.5,0.0291,NA,"K01273",0.996972754793138,1,FALSE,FALSE,FALSE,FALSE
"K05952",0.269,0,0.668,27.9,65,0.0304,NA,"K05952",0.996972754793138,1,FALSE,FALSE,FALSE,FALSE
"K06933",0.0448,0,0.268,65.2,58.7,0.0785,NA,"K06933",0.987654320987654,1,FALSE,FALSE,FALSE,FALSE
"K02030",0.896,0,0.00303,-367,122,0.208,NA,"K02030",0.307894736842105,1,FALSE,FALSE,FALSE,FALSE
"K03811",0.562,0,0.404,28.3,33.8,0.0592,NA,"K03811",0.996972754793138,1,FALSE,FALSE,FALSE,FALSE
"K09824",0.294,0,0.641,-14.6,31.2,0.0331,NA,"K09824",0.996972754793138,1,FALSE,FALSE,FALSE,FALSE
"K09964",0.493,0,0.279,-35,32.2,0.0767,NA,"K09964",0.992176386913229,1,FALSE,FALSE,FALSE,FALSE
"K10916",0.0597,0,0.892,-15.8,117,0.00961,NA,"K10916",0.996972754793138,1,FALSE,FALSE,FALSE,FALSE
"K15268",0.463,0,0.729,-9.21,26.5,0.0246,NA,"K15268",0.996972754793138,1,FALSE,FALSE,FALSE,FALSE
"K09823",0.642,0,0.0904,276,162,0.12,NA,"K09823",0.796847635726795,1,FALSE,FALSE,FALSE,FALSE
"K04764",0.687,0,0.992,-3.89,408,0.000676,NA,"K02427,K03071,K03089,K03562,K03643,K03694,K04764,K05527,K06179,K06916,K07390,K07657,K07708,K08305,K08311",0.996987951807229,1,FALSE,FALSE,FALSE,FALSE
"K00569",0.318,0,0.0627,128,68.6,0.132,NA,"K00569",0.731651376146789,1,FALSE,FALSE,FALSE,FALSE
"K08289",0.522,0,0.571,57.6,101,0.0402,NA,"K08289",0.996972754793138,1,FALSE,FALSE,FALSE,FALSE
"K01489",0.726,0,0.575,-55.4,98.5,0.0398,NA,"K01489",0.996972754793138,1,FALSE,FALSE,FALSE,FALSE
"K06518",0.617,0,0.485,28.2,40.4,0.0495,NA,"K06518",0.996972754793138,1,FALSE,FALSE,FALSE,FALSE
"K01141",0.512,0,0.609,114,222,0.0363,NA,"K01141",0.996972754793138,1,FALSE,FALSE,FALSE,FALSE
"K15537",0.408,0,0.0542,60.6,31.3,0.136,NA,"K15537",0.704834605597964,1,FALSE,FALSE,FALSE,FALSE
"K09912",0.428,0,0.444,-121,158,0.0543,NA,"K09912",0.996972754793138,1,FALSE,FALSE,FALSE,FALSE
"K06956",0.572,0,0.46,46,62.2,0.0524,NA,"K06956",0.996972754793138,1,FALSE,FALSE,FALSE,FALSE
"K17290",0.642,0,0.234,-40.9,34.2,0.0844,NA,"K17290",0.962962962962963,1,FALSE,FALSE,FALSE,FALSE
"K00768",0.567,0,0.351,45.5,48.6,0.0662,NA,"K00768",0.996972754793138,1,FALSE,FALSE,FALSE,FALSE
"K02233",0.572,0,0.324,48.4,49,0.0698,NA,"K02233",0.996972754793138,1,FALSE,FALSE,FALSE,FALSE
"K02231",0.562,0,0.484,38.9,55.5,0.0496,NA,"K02231",0.996972754793138,1,FALSE,FALSE,FALSE,FALSE
"K08602",0.318,0,0.788,33.9,126,0.0191,NA,"K08602",0.996972754793138,1,FALSE,FALSE,FALSE,FALSE
"K05526",0.443,0,1,-0.0308,170,1.29e-05,NA,"K05526",1,1,FALSE,FALSE,FALSE,FALSE
"K06073",0.144,0,0.433,170,216,0.0556,NA,"K03632,K03633,K03804,K06073,K06074,K08154,K08722,K09907",0.996972754793138,1,FALSE,FALSE,FALSE,FALSE
"K00344",0.91,0,0.59,-36.6,67.8,0.0382,NA,"K00344",0.996972754793138,1,FALSE,FALSE,FALSE,FALSE
"K21712",0.144,0,0.285,-36.8,34.3,0.0758,NA,"K21712",0.996972754793138,1,FALSE,FALSE,FALSE,FALSE
"K00425",0.975,0,0.678,-21.8,52.4,0.0294,NA,"K00425",0.996972754793138,1,FALSE,FALSE,FALSE,FALSE
"K00426",0.98,0,0.867,-9.2,54.8,0.0119,NA,"K00426",0.996972754793138,1,FALSE,FALSE,FALSE,FALSE
"K00424",0.363,0,0.491,-39.6,57.4,0.0489,NA,"K00424",0.996972754793138,1,FALSE,FALSE,FALSE,FALSE
"K03825",0.458,0,0.441,-23.5,30.5,0.0547,NA,"K03825",0.996972754793138,1,FALSE,FALSE,FALSE,FALSE
"K09941",0.269,0,0.913,-15.7,143,0.00777,NA,"K09941",0.996972754793138,1,FALSE,FALSE,FALSE,FALSE
"K08224",0.821,0,0.724,-11.2,31.6,0.0251,NA,"K08224",0.996972754793138,1,FALSE,FALSE,FALSE,FALSE
"K07043",0.527,0,0.884,-11.1,75.6,0.0104,NA,"K07043",0.996972754793138,1,FALSE,FALSE,FALSE,FALSE
"K06970",0.502,0,0.287,-93.6,87.7,0.0755,NA,"K06970",0.996972754793138,1,FALSE,FALSE,FALSE,FALSE
"K02656",0.458,0,0.192,120,91.2,0.0925,NA,"K02656",0.927342256214149,1,FALSE,FALSE,FALSE,FALSE
"K00651",0.483,0,0.679,55.1,133,0.0293,NA,"K00651",0.996972754793138,1,FALSE,FALSE,FALSE,FALSE
"K01258",0.433,0,0.00299,244,81.3,0.208,NA,"K01258",0.307894736842105,1,FALSE,FALSE,FALSE,FALSE
"K07733",0.428,0,0.0442,34.3,16.9,0.142,NA,"K07733",0.65922619047619,1,FALSE,FALSE,FALSE,FALSE
"K03630",0.871,0,0.246,-216,185,0.0823,NA,"K03630",0.967741935483871,1,FALSE,FALSE,FALSE,FALSE
"K07451",0.358,0,0.11,27.1,16.9,0.113,NA,"K07451",0.84016393442623,1,FALSE,FALSE,FALSE,FALSE
"K07448",0.353,0,0.291,16.8,15.8,0.0749,NA,"K07448",0.996972754793138,1,FALSE,FALSE,FALSE,FALSE
"K01153",0.498,0,0.111,22.8,14.3,0.113,NA,"K01153",0.84016393442623,1,FALSE,FALSE,FALSE,FALSE
"K01154",0.527,0,0.161,20.2,14.3,0.0992,NA,"K01154",0.874049945711183,1,FALSE,FALSE,FALSE,FALSE
"K03427",0.542,0,0.215,17.7,14.3,0.0878,NA,"K03427",0.949646643109541,1,FALSE,FALSE,FALSE,FALSE
"K02651",0.542,0,0.214,-36.5,29.2,0.0881,NA,"K02651",0.948581560283688,1,FALSE,FALSE,FALSE,FALSE
"K02278",0.323,0,0.0965,-56.5,33.8,0.118,NA,"K02278",0.815126050420168,1,FALSE,FALSE,FALSE,FALSE
"K02279",0.527,0,0.203,-37.7,29.5,0.0902,NA,"K02279",0.943482224247949,1,FALSE,FALSE,FALSE,FALSE
"K02280",0.458,0,0.048,-63.5,31.9,0.14,NA,"K02280",0.677966101694915,1,FALSE,FALSE,FALSE,FALSE
"K02283",0.622,0,0.0548,-61,31.6,0.136,NA,"K02283",0.704834605597964,1,FALSE,FALSE,FALSE,FALSE
"K12510",0.582,0,0.097,-48.3,29,0.117,NA,"K12510",0.815126050420168,1,FALSE,FALSE,FALSE,FALSE
"K12511",0.502,0,0.102,-44.6,27.1,0.116,NA,"K12511",0.821256038647343,1,FALSE,FALSE,FALSE,FALSE
"K12513",0.493,0,0.231,-46.5,38.7,0.0849,NA,"K12513",0.96089850249584,1,FALSE,FALSE,FALSE,FALSE
"K03442",0.542,0,0.856,10.1,55.2,0.0129,NA,"K03442",0.996972754793138,1,FALSE,FALSE,FALSE,FALSE
"K20534",0.542,0,0.277,-27.9,25.6,0.077,NA,"K20534",0.991410164638511,1,FALSE,FALSE,FALSE,FALSE
"K16089",0.308,0,0.0186,60.6,25.6,0.166,NA,"K16089",0.553571428571428,1,FALSE,FALSE,FALSE,FALSE
"K02014",0.741,0,0.855,74.9,409,0.013,NA,"K02014,K02523,K03474,K03559,K03561,K03634,K04744,K05807,K06215,K06346,K06960,K06994,K07177,K07277,K08681,K09762,K09772",0.996972754793138,1,FALSE,FALSE,FALSE,FALSE
"K21088",0.129,0,0.787,10.3,38.2,0.0192,NA,"K21088",0.996972754793138,1,FALSE,FALSE,FALSE,FALSE
"K03829",0.547,0,0.469,-30.1,41.4,0.0514,NA,"K03829",0.996972754793138,1,FALSE,FALSE,FALSE,FALSE
"K13274",0.164,0,0.577,70.6,126,0.0395,NA,"K13274",0.996972754793138,1,FALSE,FALSE,FALSE,FALSE
"K06895",0.786,0,0.293,39.2,37.2,0.0745,NA,"K06895",0.996972754793138,1,FALSE,FALSE,FALSE,FALSE
"K00799",0.692,0,0.686,-120,295,0.0287,NA,"K00799,K11209",0.996972754793138,1,FALSE,FALSE,FALSE,FALSE
"K03547",0.806,0,0.288,-52,48.8,0.0752,NA,"K03547",0.996972754793138,1,FALSE,FALSE,FALSE,FALSE
"K03546",0.677,0,0.196,-89.6,69,0.0917,NA,"K03546",0.931558935361217,1,FALSE,FALSE,FALSE,FALSE
"K07178",0.507,0,0.279,54.6,50.4,0.0767,NA,"K07178",0.992176386913229,1,FALSE,FALSE,FALSE,FALSE
"K06876",0.308,0,0.567,-14.6,25.4,0.0407,NA,"K06876",0.996972754793138,1,FALSE,FALSE,FALSE,FALSE
"K25656",0.214,0,0.991,-0.721,63.9,0.000801,NA,"K25656",0.996987951807229,1,FALSE,FALSE,FALSE,FALSE
"K02362",0.353,0,0.851,-7.36,39.2,0.0133,NA,"K02362",0.996972754793138,1,FALSE,FALSE,FALSE,FALSE
"K10829",0.294,0,0.782,-10.3,37.2,0.0196,NA,"K10829",0.996972754793138,1,FALSE,FALSE,FALSE,FALSE
"K23227",0.353,0,0.522,-21.9,34.2,0.0454,NA,"K23227",0.996972754793138,1,FALSE,FALSE,FALSE,FALSE
"K23228",0.348,0,0.323,-33.1,33.4,0.0701,NA,"K23228",0.996972754793138,1,FALSE,FALSE,FALSE,FALSE
"K06159",0.169,0,0.523,25.4,39.7,0.0453,NA,"K06159",0.996972754793138,1,FALSE,FALSE,FALSE,FALSE
"K05375",0.373,0,0.953,1.54,26,0.0042,NA,"K05375",0.996972754793138,1,FALSE,FALSE,FALSE,FALSE
"K03896",0.209,0,0.752,-9.99,31.5,0.0225,NA,"K03896",0.996972754793138,1,FALSE,FALSE,FALSE,FALSE
"K10531",0.189,0,0.223,-37,30.3,0.0863,NA,"K10531",0.958727429062769,1,FALSE,FALSE,FALSE,FALSE
"K02445",0.299,0,0.288,-36.2,33.9,0.0754,NA,"K02445",0.996972754793138,1,FALSE,FALSE,FALSE,FALSE
"K01126",0.851,0,0.402,-40.2,47.8,0.0595,NA,"K01126",0.996972754793138,1,FALSE,FALSE,FALSE,FALSE
"K06940",0.642,0,0.375,-38.9,43.7,0.0629,NA,"K06940",0.996972754793138,1,FALSE,FALSE,FALSE,FALSE
"K00633",0.0597,0,0.223,-51.8,42.4,0.0862,NA,"K00633",0.958727429062769,1,FALSE,FALSE,FALSE,FALSE
"K00661",0.592,0,0.207,-29.3,23.1,0.0895,NA,"K00661",0.943482224247949,1,FALSE,FALSE,FALSE,FALSE
"K16317",0.0249,0,0.427,121,152,0.0563,NA,"K00702,K07457,K13062,K15850,K16317,K17108,K20956",0.996972754793138,1,FALSE,FALSE,FALSE,FALSE
"K07089",0.373,0,0.0708,50.8,28,0.128,NA,"K07089",0.763326226012793,1,FALSE,FALSE,FALSE,FALSE
"K01096",0.139,0,0.243,153,131,0.0827,NA,"K01096,K05775,K09998,K09999,K10000",0.967614533965245,1,FALSE,FALSE,FALSE,FALSE
"K07118",0.627,0,0.0197,54.7,23.3,0.164,NA,"K07118",0.566091954022988,1,FALSE,FALSE,FALSE,FALSE
"K07275",0.652,0,0.114,95.6,60.2,0.112,NA,"K07275",0.84016393442623,1,FALSE,FALSE,FALSE,FALSE
"K00975",0.672,0,0.811,11.8,49.4,0.0169,NA,"K00975",0.996972754793138,1,FALSE,FALSE,FALSE,FALSE
"K02042",0.532,0,0.808,-6.05,24.9,0.0172,NA,"K02042",0.996972754793138,1,FALSE,FALSE,FALSE,FALSE
"K02041",0.517,0,0.972,-0.879,24.7,0.00252,NA,"K02041",0.996972754793138,1,FALSE,FALSE,FALSE,FALSE
"K02044",0.567,0,0.446,-18.4,24.2,0.054,NA,"K02044",0.996972754793138,1,FALSE,FALSE,FALSE,FALSE
"K10126",0.443,0,0.0337,-137,64.2,0.15,NA,"K10126",0.64657980456026,1,FALSE,FALSE,FALSE,FALSE
"K19802",0.418,0,0.265,43.8,39.2,0.0791,NA,"K19802",0.987654320987654,1,FALSE,FALSE,FALSE,FALSE
"K26272",0.134,0,0.249,39.3,34,0.0817,NA,"K26272",0.970381917381138,1,FALSE,FALSE,FALSE,FALSE
"K03315",0.323,0,0.572,30.8,54.5,0.0401,NA,"K03315",0.996972754793138,1,FALSE,FALSE,FALSE,FALSE
"K14155",0.502,0,0.652,-27.3,60.4,0.032,NA,"K14155",0.996972754793138,1,FALSE,FALSE,FALSE,FALSE
"K16924",0.0697,0,0.0937,-155,92.3,0.119,NA,"K16924",0.806368330464716,1,FALSE,FALSE,FALSE,FALSE
"K01552",0.264,0,0.151,-101,70.3,0.102,NA,"K01552",0.863844393592677,1,FALSE,FALSE,FALSE,FALSE
"K16785",0.274,0,0.548,-60.1,99.8,0.0426,NA,"K16785",0.996972754793138,1,FALSE,FALSE,FALSE,FALSE
"K00700",0.861,0,0.825,-9.28,42,0.0157,NA,"K00700",0.996972754793138,1,FALSE,FALSE,FALSE,FALSE
"K00705",0.577,0,0.865,-8.33,48.9,0.0121,NA,"K00705",0.996972754793138,1,FALSE,FALSE,FALSE,FALSE
"K00688",0.786,0,0.83,10.3,48,0.0153,NA,"K00688",0.996972754793138,1,FALSE,FALSE,FALSE,FALSE
"K03556",0.373,0,0.132,-49.1,32.5,0.106,NA,"K03556",0.855646100116414,1,FALSE,FALSE,FALSE,FALSE
"K08974",0.154,0,0.369,64.5,71.7,0.0637,NA,"K08974",0.996972754793138,1,FALSE,FALSE,FALSE,FALSE
"K07152",0.771,0,0.584,82.9,151,0.0388,NA,"K07152",0.996972754793138,1,FALSE,FALSE,FALSE,FALSE
"K09796",0.617,0,0.124,152,98.7,0.109,NA,"K09796",0.842391304347826,1,FALSE,FALSE,FALSE,FALSE
"K06949",0.915,0,0.818,-13,56.4,0.0163,NA,"K06949",0.996972754793138,1,FALSE,FALSE,FALSE,FALSE
"K07862",0.393,0,0.66,-36.7,83.4,0.0312,NA,"K07862",0.996972754793138,1,FALSE,FALSE,FALSE,FALSE
"K07126",0.637,0,0.801,10.7,42.4,0.0179,NA,"K07126",0.996972754793138,1,FALSE,FALSE,FALSE,FALSE
"K13041",0.0498,0,0.544,38.2,62.9,0.043,NA,"K08357,K08358,K08359,K13040,K13041",0.996972754793138,1,FALSE,FALSE,FALSE,FALSE
"K19713",0.0647,0,0.566,23.6,41,0.0407,NA,"K19713",0.996972754793138,1,FALSE,FALSE,FALSE,FALSE
"K11249",0.537,0,0.0213,-79,34,0.162,NA,"K11249",0.585164835164835,1,FALSE,FALSE,FALSE,FALSE
"K01200",0.219,0,0.0586,75.3,39.6,0.134,NA,"K01200",0.718137254901961,1,FALSE,FALSE,FALSE,FALSE
"K02024",0.254,0,0.247,38.4,33.1,0.082,NA,"K02024",0.969387755102041,1,FALSE,FALSE,FALSE,FALSE
"K06967",0.353,0,0.951,-5.65,91.9,0.00436,NA,"K06967",0.996972754793138,1,FALSE,FALSE,FALSE,FALSE
"K03778",0.498,0,0.287,-58.3,54.6,0.0755,NA,"K03778",0.996972754793138,1,FALSE,FALSE,FALSE,FALSE
"K03781",0.95,0,0.24,65.8,55.8,0.0833,NA,"K03781",0.967614533965245,1,FALSE,FALSE,FALSE,FALSE
"K00865",0.726,0,0.881,6.09,40.6,0.0106,NA,"K00865",0.996972754793138,1,FALSE,FALSE,FALSE,FALSE
"K03299",0.761,0,0.185,37,27.8,0.0938,NA,"K03299",0.915841584158416,1,FALSE,FALSE,FALSE,FALSE
"K22131",0.204,0,0.376,-25.9,29.2,0.0628,NA,"K22131",0.996972754793138,1,FALSE,FALSE,FALSE,FALSE
"K01816",0.607,0,0.597,-22.9,43.2,0.0375,NA,"K01816",0.996972754793138,1,FALSE,FALSE,FALSE,FALSE
"K22130",0.254,0,0.523,12.9,20.2,0.0454,NA,"K21948,K22130",0.996972754793138,1,FALSE,FALSE,FALSE,FALSE
"K08319",0.199,0,0.547,-14.3,23.7,0.0428,NA,"K08319",0.996972754793138,1,FALSE,FALSE,FALSE,FALSE
"K13652",0.294,0,0.655,12.6,28.3,0.0317,NA,"K13652",0.996972754793138,1,FALSE,FALSE,FALSE,FALSE
"K09927",0.687,0,0.903,-4.68,38.3,0.00867,NA,"K09927",0.996972754793138,1,FALSE,FALSE,FALSE,FALSE
"K07168",0.642,0,0.805,7.75,31.4,0.0175,NA,"K07168",0.996972754793138,1,FALSE,FALSE,FALSE,FALSE
"K03325",0.512,0,0.214,32.1,25.7,0.0881,NA,"K03325",0.948581560283688,1,FALSE,FALSE,FALSE,FALSE
"K07793",0.716,0,0.529,16.6,26.3,0.0446,NA,"K07793",0.996972754793138,1,FALSE,FALSE,FALSE,FALSE
"K07795",0.766,0,0.396,22.5,26.4,0.0602,NA,"K07795",0.996972754793138,1,FALSE,FALSE,FALSE,FALSE
"K16514",0.323,0,0.719,6.74,18.7,0.0255,NA,"K16514",0.996972754793138,1,FALSE,FALSE,FALSE,FALSE
"K07774",0.453,0,0.792,7.54,28.5,0.0187,NA,"K07774",0.996972754793138,1,FALSE,FALSE,FALSE,FALSE
"K02440",0.547,0,0.627,-23.5,48.2,0.0345,NA,"K02440",0.996972754793138,1,FALSE,FALSE,FALSE,FALSE
"K00864",0.935,0,0.0918,-98.5,58.1,0.119,NA,"K00864",0.798260869565217,1,FALSE,FALSE,FALSE,FALSE
"K02444",0.532,0,0.326,-92.1,93.5,0.0696,NA,"K02444",0.996972754793138,1,FALSE,FALSE,FALSE,FALSE
"K07485",0.184,0,0.811,-4.95,20.6,0.017,NA,"K07485",0.996972754793138,1,FALSE,FALSE,FALSE,FALSE
"K00111",0.955,0,0.109,-110,68.4,0.113,NA,"K00111",0.84016393442623,1,FALSE,FALSE,FALSE,FALSE
"K09794",0.582,0,0.0393,-152,73.3,0.145,NA,"K09794",0.64657980456026,1,FALSE,FALSE,FALSE,FALSE
"K25316",0.502,0,0.586,-17,31.1,0.0386,NA,"K25316",0.996972754793138,1,FALSE,FALSE,FALSE,FALSE
"K01779",0.716,0,0.331,24.2,24.8,0.069,NA,"K01779",0.996972754793138,1,FALSE,FALSE,FALSE,FALSE
"K09021",0.214,0,0.977,1.42,48.2,0.00209,NA,"K09021",0.996972754793138,1,FALSE,FALSE,FALSE,FALSE
"K13252",0.0199,0,0.842,15.3,76.8,0.0141,NA,"K13252",0.996972754793138,1,FALSE,FALSE,FALSE,FALSE
"K10536",0.527,0,0.332,29.7,30.6,0.0687,NA,"K10536",0.996972754793138,1,FALSE,FALSE,FALSE,FALSE
"K20265",0.149,0,0.958,2.5,47.5,0.00374,NA,"K20265",0.996972754793138,1,FALSE,FALSE,FALSE,FALSE
"K01130",0.388,0,0.0296,48.1,22,0.153,NA,"K01130",0.64657980456026,1,FALSE,FALSE,FALSE,FALSE
"K24118",0.0896,0,0.707,12.6,33.4,0.0267,NA,"K24118",0.996972754793138,1,FALSE,FALSE,FALSE,FALSE
"K06076",0.662,0,0.759,70,228,0.0218,NA,"K06076",0.996972754793138,1,FALSE,FALSE,FALSE,FALSE
"K19285",0.239,0,0.31,-57.3,56.3,0.072,NA,"K19285",0.996972754793138,1,FALSE,FALSE,FALSE,FALSE
"K06132",0.587,0,0.239,58.7,49.6,0.0835,NA,"K06132",0.966046887631366,1,FALSE,FALSE,FALSE,FALSE
"K19577",0.881,0,0.023,-71.9,31.4,0.16,NA,"K19577",0.605263157894737,1,FALSE,FALSE,FALSE,FALSE
"K03487",0.114,0,0.703,20.6,54.1,0.027,NA,"K03487",0.996972754793138,1,FALSE,FALSE,FALSE,FALSE
"K01223",0.264,0,0.137,-89.4,59.9,0.105,NA,"K01223",0.855646100116414,1,FALSE,FALSE,FALSE,FALSE
"K28433",0.269,0,0.64,-28.3,60.4,0.0332,NA,"K28433",0.996972754793138,1,FALSE,FALSE,FALSE,FALSE
"K25227",0.368,0,0.583,11.7,21.2,0.0389,NA,"K25227",0.996972754793138,1,FALSE,FALSE,FALSE,FALSE
"K16869",0.433,0,0.79,12.7,47.5,0.0189,NA,"K16869",0.996972754793138,1,FALSE,FALSE,FALSE,FALSE
"K07261",0.269,0,0.656,27.2,61,0.0316,NA,"K07261",0.996972754793138,1,FALSE,FALSE,FALSE,FALSE
"K08303",0.562,0,0.519,-40.8,63.2,0.0457,NA,"K08303",0.996972754793138,1,FALSE,FALSE,FALSE,FALSE
"K03554",0.532,0,0.859,-42.7,240,0.0126,NA,"K03554",0.996972754793138,1,FALSE,FALSE,FALSE,FALSE
"K07636",0.801,0,0.852,-9.37,50.3,0.0132,NA,"K07636",0.996972754793138,1,FALSE,FALSE,FALSE,FALSE
"K02040",0.975,0,0.714,-120,327,0.026,NA,"K02040,K19714,K19715",0.996972754793138,1,FALSE,FALSE,FALSE,FALSE
"K01524",0.905,0,0.853,-19.6,106,0.0132,NA,"K01524",0.996972754793138,1,FALSE,FALSE,FALSE,FALSE
"K00937",0.861,0,0.0716,-94.1,52,0.127,NA,"K00937",0.763326226012793,1,FALSE,FALSE,FALSE,FALSE
"K02037",0.945,0,0.815,-116,496,0.0166,NA,"K00943,K00995,K02036,K02037,K02038,K03086,K03431,K03789,K04042,K04516,K07738,K13043,K15862,K16363",0.996972754793138,1,FALSE,FALSE,FALSE,FALSE
"K02039",0.92,0,0.391,162,189,0.0608,NA,"K02039",0.996972754793138,1,FALSE,FALSE,FALSE,FALSE
"K06201",0.522,0,0.663,15.7,35.9,0.0309,NA,"K06201",0.996972754793138,1,FALSE,FALSE,FALSE,FALSE
"K03386",0.463,0,0.373,35.9,40.2,0.0632,NA,"K03386",0.996972754793138,1,FALSE,FALSE,FALSE,FALSE
"K04767",0.184,0,0.449,-79,104,0.0537,NA,"K04767",0.996972754793138,1,FALSE,FALSE,FALSE,FALSE
"K07568",0.871,0,0.798,-95.6,373,0.0181,NA,"K07568",0.996972754793138,1,FALSE,FALSE,FALSE,FALSE
"K00773",0.95,0,0.589,142,263,0.0384,NA,"K00773",0.996972754793138,1,FALSE,FALSE,FALSE,FALSE
"K03072",0.786,0,0.669,-113,263,0.0303,NA,"K03072",0.996972754793138,1,FALSE,FALSE,FALSE,FALSE
"K03074",0.761,0,0.665,28.4,65.6,0.0307,NA,"K03074",0.996972754793138,1,FALSE,FALSE,FALSE,FALSE
"K01092",0.955,0,0.898,-44.6,347,0.00912,NA,"K00099,K00147,K00919,K00931,K01092,K03526,K03527",0.996972754793138,1,FALSE,FALSE,FALSE,FALSE
"K15396",0.453,0,0.184,-172,129,0.0942,NA,"K15396",0.913604766633565,1,FALSE,FALSE,FALSE,FALSE
"K13643",0.542,0,0.769,-68.9,234,0.0208,NA,"K13643",0.996972754793138,1,FALSE,FALSE,FALSE,FALSE
"K04487",0.965,0,0.742,-116,352,0.0233,NA,"K04487",0.996972754793138,1,FALSE,FALSE,FALSE,FALSE
"K04488",0.711,0,0.756,20.6,66.2,0.022,NA,"K04488",0.996972754793138,1,FALSE,FALSE,FALSE,FALSE
"K13628",0.582,0,0.707,25.7,68.5,0.0266,NA,"K13628",0.996972754793138,1,FALSE,FALSE,FALSE,FALSE
"K04082",0.468,0,0.75,22.2,69.4,0.0226,NA,"K04044,K04082",0.996972754793138,1,FALSE,FALSE,FALSE,FALSE
"K04755",0.607,0,0.338,44,45.8,0.068,NA,"K04755",0.996972754793138,1,FALSE,FALSE,FALSE,FALSE
"K07751",0.234,0,0.441,205,265,0.0546,NA,"K03645,K03840,K05368,K05803,K07479,K07648,K07751,K07773,K09894,K09899,K13498,K14187,K15723,K18657,K19229,K19230",0.996972754793138,1,FALSE,FALSE,FALSE,FALSE
"K06941",0.925,0,0.355,-50.6,54.6,0.0656,NA,"K06941",0.996972754793138,1,FALSE,FALSE,FALSE,FALSE
"K15539",0.711,0,0.736,72.3,214,0.024,NA,"K15539",0.996972754793138,1,FALSE,FALSE,FALSE,FALSE
"K17713",0.602,0,0.54,175,284,0.0435,NA,"K17713",0.996972754793138,1,FALSE,FALSE,FALSE,FALSE
"K11959",0.557,0,0.49,-33.6,48.6,0.0489,NA,"K11959,K11960,K11961,K11962",0.996972754793138,1,FALSE,FALSE,FALSE,FALSE
"K01997",0.776,0,0.0443,-174,86,0.142,NA,"K01997",0.65922619047619,1,FALSE,FALSE,FALSE,FALSE
"K11963",0.542,0,0.506,-32.5,48.8,0.0471,NA,"K11963",0.996972754793138,1,FALSE,FALSE,FALSE,FALSE
"K03190",0.617,0,0.851,-6.54,34.7,0.0134,NA,"K01428,K03188,K03189,K03190",0.996972754793138,1,FALSE,FALSE,FALSE,FALSE
"K01430",0.602,0,0.867,-5.8,34.6,0.0119,NA,"K01430",0.996972754793138,1,FALSE,FALSE,FALSE,FALSE
"K01429",0.592,0,0.914,3.69,34.2,0.00764,NA,"K01429",0.996972754793138,1,FALSE,FALSE,FALSE,FALSE
"K03187",0.587,0,0.824,7.89,35.5,0.0157,NA,"K03187",0.996972754793138,1,FALSE,FALSE,FALSE,FALSE
"K03192",0.398,0,0.953,3.04,51.4,0.00419,NA,"K03192",0.996972754793138,1,FALSE,FALSE,FALSE,FALSE
"K03601",0.95,0,0.914,-33.2,308,0.00764,NA,"K03601,K03602",0.996972754793138,1,FALSE,FALSE,FALSE,FALSE
"K18218",0.229,0,0.828,14.2,65.3,0.0155,NA,"K18218",0.996972754793138,1,FALSE,FALSE,FALSE,FALSE
"K07034",0.229,0,0.0366,-113,53.9,0.148,NA,"K07034",0.64657980456026,1,FALSE,FALSE,FALSE,FALSE
"K03310",0.721,0,0.527,23.7,37.4,0.0449,NA,"K03310",0.996972754793138,1,FALSE,FALSE,FALSE,FALSE
"K07576",0.333,0,0.0667,38.7,21,0.13,NA,"K07576",0.746085011185682,1,FALSE,FALSE,FALSE,FALSE
"K07112",0.657,0,0.569,14.2,25,0.0404,NA,"K07112",0.996972754793138,1,FALSE,FALSE,FALSE,FALSE
"K00287",0.985,0,0.00505,448,158,0.197,NA,"K00287,K00560",0.363194444444444,1,FALSE,FALSE,FALSE,FALSE
"K18588",0.677,0,0.997,-1.03,280,0.000262,NA,"K06189,K18588",0.998997995991984,1,FALSE,FALSE,FALSE,FALSE
"K09801",0.547,0,0.428,62.9,79.2,0.0562,NA,"K09801",0.996972754793138,1,FALSE,FALSE,FALSE,FALSE
"K06186",0.557,0,0.985,7.26,395,0.0013,NA,"K01414,K01525,K02494,K03599,K03600,K03656,K03690,K05589,K06186",0.996972754793138,1,FALSE,FALSE,FALSE,FALSE
"K02655",0.448,0,0.595,29.3,55.1,0.0377,NA,"K02655",0.996972754793138,1,FALSE,FALSE,FALSE,FALSE
"K08084",0.458,0,0.592,34,63.4,0.038,NA,"K08084",0.996972754793138,1,FALSE,FALSE,FALSE,FALSE
"K02671",0.408,0,0.118,71,45.2,0.111,NA,"K02671",0.84016393442623,1,FALSE,FALSE,FALSE,FALSE
"K12942",0.279,0,0.141,40.5,27.4,0.104,NA,"K12942",0.855646100116414,1,FALSE,FALSE,FALSE,FALSE
"K18691",0.483,0,0.0715,79.7,44,0.127,NA,"K18691",0.763326226012793,1,FALSE,FALSE,FALSE,FALSE
"K01952",0.612,0,0.856,63.8,351,0.0129,NA,"K01952",0.996972754793138,1,FALSE,FALSE,FALSE,FALSE
"K00674",0.876,0,0.928,-37.3,414,0.00638,NA,"K00674,K00756,K00805,K01094,K01261,K01269,K01436,K02076,K02240,K02490,K02499,K02862,K03048,K03095,K03346,K03708,K03713,K03763,K03886,K03887,K03888,K04766,K05311,K05985,K06019,K06284,K06349,K06385,K06412,K06948,K06962,K07094,K07476,K07533,K07571,K07584,K07651,K07652,K07668,K07697,K07723,K07775,K07777,K08153,K08965,K08969,K09685,K09770,K09777,K09787,K09825,K09976,K10823,K11144,K11145,K11184,K11617,K11618,K16169,K16511,K17472,K19405,K19411,K19955,K21467,K22135,K22927,K24042,K24872,K24873,K25157,K25158,K25288,K25289,K27000,K27245,K27343",0.996972754793138,1,FALSE,FALSE,FALSE,FALSE
"K05595",0.796,0,0.647,22.9,49.9,0.0325,NA,"K05595",0.996972754793138,1,FALSE,FALSE,FALSE,FALSE
"K09918",0.413,0,0.368,-192,213,0.0638,NA,"K05590,K07186,K09918,K18765",0.996972754793138,1,FALSE,FALSE,FALSE,FALSE
"K11041",0.149,0,0.399,-47.8,56.5,0.0599,NA,"K11041",0.996972754793138,1,FALSE,FALSE,FALSE,FALSE
"K03583",0.532,0,0.000905,-298,88.5,0.232,NA,"K03582,K03583",0.238157894736842,1,FALSE,FALSE,FALSE,FALSE
"K03581",0.642,0,0.000528,-161,45.6,0.242,NA,"K03581",0.188571428571429,1,FALSE,FALSE,FALSE,FALSE
"K14682",0.448,0,0.532,-122,195,0.0444,NA,"K14682",0.996972754793138,1,FALSE,FALSE,FALSE,FALSE
"K08304",0.502,0,0.397,-62.5,73.6,0.0601,NA,"K08304",0.996972754793138,1,FALSE,FALSE,FALSE,FALSE
"K22132",0.701,0,0.421,-68.6,85.1,0.0571,NA,"K22132",0.996972754793138,1,FALSE,FALSE,FALSE,FALSE
"K02426",0.781,0,0.246,140,121,0.0823,NA,"K02426",0.967741935483871,1,FALSE,FALSE,FALSE,FALSE
"K11717",0.781,0,0.814,-11.1,46.9,0.0167,NA,"K11717",0.996972754793138,1,FALSE,FALSE,FALSE,FALSE
"K01766",0.294,0,0.661,23.9,54.4,0.0311,NA,"K01766",0.996972754793138,1,FALSE,FALSE,FALSE,FALSE
"K00077",0.836,0,0.23,34.7,28.8,0.0851,NA,"K00077",0.959933222036728,1,FALSE,FALSE,FALSE,FALSE
"K05517",0.214,0,0.842,8.35,42,0.0141,NA,"K05517",0.996972754793138,1,FALSE,FALSE,FALSE,FALSE
"K08218",0.592,0,0.533,48.3,77.5,0.0442,NA,"K08218",0.996972754793138,1,FALSE,FALSE,FALSE,FALSE
"K07286",0.423,0,0.832,-57,268,0.0151,NA,"K03472,K07286",0.996972754793138,1,FALSE,FALSE,FALSE,FALSE
"K11391",0.413,0,0.865,34,199,0.0121,NA,"K11391",0.996972754793138,1,FALSE,FALSE,FALSE,FALSE
"K00564",0.846,0,0.619,-120,241,0.0352,NA,"K00564",0.996972754793138,1,FALSE,FALSE,FALSE,FALSE
"K00346",0.294,0,0.623,31.4,63.7,0.0349,NA,"K00346,K00347,K00348,K00349,K00350",0.996972754793138,1,FALSE,FALSE,FALSE,FALSE
"K00351",0.308,0,0.161,77.3,55,0.0991,NA,"K00351",0.874049945711183,1,FALSE,FALSE,FALSE,FALSE
"K03734",0.816,0,0.894,5.73,43,0.00945,NA,"K03734",0.996972754793138,1,FALSE,FALSE,FALSE,FALSE
"K03308",0.418,0,0.655,22.2,49.6,0.0317,NA,"K03308",0.996972754793138,1,FALSE,FALSE,FALSE,FALSE
"K03644",0.98,0,0.965,2.95,68,0.00307,NA,"K03644",0.996972754793138,1,FALSE,FALSE,FALSE,FALSE
"K03801",0.836,0,0.614,-25.1,49.5,0.0358,NA,"K03801",0.996972754793138,1,FALSE,FALSE,FALSE,FALSE
"K09158",0.602,0,0.91,30.7,271,0.00802,NA,"K09158",0.996972754793138,1,FALSE,FALSE,FALSE,FALSE
"K07258",0.816,0,0.721,-111,310,0.0254,NA,"K07258",0.996972754793138,1,FALSE,FALSE,FALSE,FALSE
"K03642",0.706,0,0.828,39.2,180,0.0154,NA,"K03642",0.996972754793138,1,FALSE,FALSE,FALSE,FALSE
"K05837",0.721,0,0.679,20.1,48.5,0.0294,NA,"K05837",0.996972754793138,1,FALSE,FALSE,FALSE,FALSE
"K05515",0.647,0,0.925,18.6,197,0.00671,NA,"K05515",0.996972754793138,1,FALSE,FALSE,FALSE,FALSE
"K00783",0.861,0,0.843,57.1,289,0.014,NA,"K00783",0.996972754793138,1,FALSE,FALSE,FALSE,FALSE
"K03820",0.736,0,0.987,-2.05,124,0.00117,NA,"K03820",0.996972754793138,1,FALSE,FALSE,FALSE,FALSE
"K03184",0.274,0,0.678,23.3,56,0.0295,NA,"K03184",0.996972754793138,1,FALSE,FALSE,FALSE,FALSE
"K07404",0.612,0,0.617,14.5,29,0.0355,NA,"K07404",0.996972754793138,1,FALSE,FALSE,FALSE,FALSE
"K02521",0.289,0,0.902,-11.3,91.8,0.0087,NA,"K02521",0.996972754793138,1,FALSE,FALSE,FALSE,FALSE
"K09806",0.617,0,0.599,-54.5,104,0.0373,NA,"K09806",0.996972754793138,1,FALSE,FALSE,FALSE,FALSE
"K18138",0.741,0,0.0343,-285,134,0.149,NA,"K18138",0.64657980456026,1,FALSE,FALSE,FALSE,FALSE
"K03585",0.736,0,0.00879,-411,155,0.184,NA,"K03585",0.413063063063063,1,FALSE,FALSE,FALSE,FALSE
"K18136",0.0746,0,0.675,76.7,183,0.0297,NA,"K18136",0.996972754793138,1,FALSE,FALSE,FALSE,FALSE
"K02031",0.836,0,0.284,-127,118,0.076,NA,"K02031",0.996972754793138,1,FALSE,FALSE,FALSE,FALSE
"K02032",0.796,0,0.14,-78.9,53.3,0.104,NA,"K02032",0.855646100116414,1,FALSE,FALSE,FALSE,FALSE
"K02035",0.905,0,0.222,-122,99.4,0.0865,NA,"K02035",0.958727429062769,1,FALSE,FALSE,FALSE,FALSE
"K02033",0.91,0,0.372,-118,132,0.0633,NA,"K02033",0.996972754793138,1,FALSE,FALSE,FALSE,FALSE
"K02034",0.9,0,0.486,-108,154,0.0494,NA,"K02034",0.996972754793138,1,FALSE,FALSE,FALSE,FALSE
"K00383",0.627,0,0.199,-77.3,60,0.0909,NA,"K00383",0.936911487758946,1,FALSE,FALSE,FALSE,FALSE
"K07115",0.677,0,0.243,153,131,0.0827,NA,"K07115",0.967614533965245,1,FALSE,FALSE,FALSE,FALSE
"K03718",0.343,0,0.00126,244,74.6,0.226,NA,"K03718",0.248214285714286,1,FALSE,FALSE,FALSE,FALSE
"K15984",0.592,0,0.245,-126,108,0.0824,NA,"K15984",0.967614533965245,1,FALSE,FALSE,FALSE,FALSE
"K06149",0.338,0,0.701,-37.8,98.3,0.0272,NA,"K06149",0.996972754793138,1,FALSE,FALSE,FALSE,FALSE
"K02217",0.254,0,0.617,-31.4,62.7,0.0355,NA,"K02217",0.996972754793138,1,FALSE,FALSE,FALSE,FALSE
"K06144",0.0995,0,0.788,56.1,208,0.0191,NA,"K03604,K06144,K09911,K09917,K12961,K14762,K15545",0.996972754793138,1,FALSE,FALSE,FALSE,FALSE
"K09760",0.846,0,0.848,-37.3,195,0.0136,NA,"K09760",0.996972754793138,1,FALSE,FALSE,FALSE,FALSE
"K03688",0.866,0,0.167,-60,43.3,0.0978,NA,"K03688",0.883264462809917,1,FALSE,FALSE,FALSE,FALSE
"K03117",0.806,0,0.591,-42.4,78.9,0.0381,NA,"K03117",0.996972754793138,1,FALSE,FALSE,FALSE,FALSE
"K03978",0.866,0,0.747,156,485,0.0229,NA,"K00658,K00728,K01338,K01554,K01616,K02372,K02970,K03495,K03555,K03590,K03650,K03797,K03889,K03890,K03891,K03978,K05364,K07462,K07503,K07654,K07670,K07768,K07776,K12503,K12573,K13640,K13787,K18955,K19710,K23258,K24017,K26252,K27043,K27094,K27109",0.996972754793138,1,FALSE,FALSE,FALSE,FALSE
"K02495",0.965,0,0.252,-112,98,0.0811,NA,"K02495",0.976744186046512,1,FALSE,FALSE,FALSE,FALSE
"K07712",0.667,0,0.922,28.3,287,0.00699,NA,"K07712",0.996972754793138,1,FALSE,FALSE,FALSE,FALSE
"K07058",0.98,0,0.0598,-349,185,0.133,NA,"K00169,K00172,K07058,K15632,K16905,K17882,K18817,K18896,K21515,K21721,K22113,K22408,K23149,K25543,K27948",0.723429951690821,1,FALSE,FALSE,FALSE,FALSE
"K07560",0.846,0,0.375,49.1,55.3,0.0629,NA,"K07560",0.996972754793138,1,FALSE,FALSE,FALSE,FALSE
"K01610",0.716,0,0.971,-6.19,171,0.00257,NA,"K01610",0.996972754793138,1,FALSE,FALSE,FALSE,FALSE
"K04083",0.811,0,0.941,28.4,383,0.00526,NA,"K02621,K03666,K04083,K07164",0.996972754793138,1,FALSE,FALSE,FALSE,FALSE
"K04762",0.876,0,0.0368,108,51.2,0.147,NA,"K04762",0.64657980456026,1,FALSE,FALSE,FALSE,FALSE
"K02452",0.378,0,0.121,45.9,29.5,0.11,NA,"K02452",0.84016393442623,1,FALSE,FALSE,FALSE,FALSE
"K02453",0.468,0,0.0372,61.3,29.2,0.147,NA,"K02453,K02456",0.64657980456026,1,FALSE,FALSE,FALSE,FALSE
"K02454",0.527,0,0.227,79.6,65.7,0.0855,NA,"K02454",0.95959595959596,1,FALSE,FALSE,FALSE,FALSE
"K02455",0.398,0,0.941,-2.11,28.2,0.00529,NA,"K02455",0.996972754793138,1,FALSE,FALSE,FALSE,FALSE
"K02457",0.433,0,0.704,9.36,24.6,0.0269,NA,"K02457",0.996972754793138,1,FALSE,FALSE,FALSE,FALSE
"K02458",0.438,0,0.974,1.1,34,0.0023,NA,"K02458",0.996972754793138,1,FALSE,FALSE,FALSE,FALSE
"K02459",0.458,0,0.223,33.1,27.1,0.0863,NA,"K02459",0.958727429062769,1,FALSE,FALSE,FALSE,FALSE
"K02460",0.458,0,0.223,33.1,27.1,0.0863,NA,"K02460",0.958727429062769,1,FALSE,FALSE,FALSE,FALSE
"K02461",0.438,0,0.822,7.36,32.6,0.016,NA,"K02461",0.996972754793138,1,FALSE,FALSE,FALSE,FALSE
"K02462",0.428,0,0.873,5.31,33.1,0.0114,NA,"K02462",0.996972754793138,1,FALSE,FALSE,FALSE,FALSE
"K02463",0.303,0,0.0792,83.8,47.5,0.124,NA,"K02463",0.784046692607004,1,FALSE,FALSE,FALSE,FALSE
"K01082",0.607,0,0.76,47.6,155,0.0217,NA,"K01082",0.996972754793138,1,FALSE,FALSE,FALSE,FALSE
"K08312",0.443,0,0.389,168,195,0.0611,NA,"K08312",0.996972754793138,1,FALSE,FALSE,FALSE,FALSE
"K07400",0.468,0,0.972,9.39,266,0.00251,NA,"K07400",0.996972754793138,1,FALSE,FALSE,FALSE,FALSE
"K02242",0.97,0,0.666,-37.3,86.3,0.0306,NA,"K02242",0.996972754793138,1,FALSE,FALSE,FALSE,FALSE
"K02170",0.522,0,0.72,27,75.1,0.0254,NA,"K02170",0.996972754793138,1,FALSE,FALSE,FALSE,FALSE
"K06959",0.915,0,0.747,-53.9,167,0.0229,NA,"K06959",0.996972754793138,1,FALSE,FALSE,FALSE,FALSE
"K04760",0.557,0,0.219,90.9,73.8,0.087,NA,"K04760",0.958005249343832,1,FALSE,FALSE,FALSE,FALSE
"K07659",0.483,0,0.151,117,80.8,0.102,NA,"K07659",0.863844393592677,1,FALSE,FALSE,FALSE,FALSE
"K07638",0.677,0,0.419,-189,234,0.0573,NA,"K07638",0.996972754793138,1,FALSE,FALSE,FALSE,FALSE
"K01139",0.945,0,0.927,-23.2,254,0.00649,NA,"K01139",0.996972754793138,1,FALSE,FALSE,FALSE,FALSE
"K03060",0.97,0,0.74,-88.5,267,0.0235,NA,"K03060",0.996972754793138,1,FALSE,FALSE,FALSE,FALSE
"K06901",0.886,0,0.33,64.3,65.9,0.069,NA,"K06901",0.996972754793138,1,FALSE,FALSE,FALSE,FALSE
"K13256",0.343,0,0.496,-40.4,59.4,0.0482,NA,"K13256",0.996972754793138,1,FALSE,FALSE,FALSE,FALSE
"K17893",0.0448,0,0.571,-35.1,61.8,0.0402,NA,"K17893",0.996972754793138,1,FALSE,FALSE,FALSE,FALSE
"K03704",0.96,0,0.666,-137,316,0.0307,NA,"K03704",0.996972754793138,1,FALSE,FALSE,FALSE,FALSE
"K00989",0.891,0,0.133,134,88.6,0.106,NA,"K00989",0.855646100116414,1,FALSE,FALSE,FALSE,FALSE
"K00762",0.98,0,0.836,35.7,172,0.0147,NA,"K00762",0.996972754793138,1,FALSE,FALSE,FALSE,FALSE
"K02517",0.692,0,0.796,-53.2,206,0.0183,NA,"K02517",0.996972754793138,1,FALSE,FALSE,FALSE,FALSE
"K05501",0.343,0,0.876,-23.2,148,0.0111,NA,"K05501",0.996972754793138,1,FALSE,FALSE,FALSE,FALSE
"K10563",0.94,0,0.00372,430,146,0.204,NA,"K10563",0.320689655172414,1,FALSE,FALSE,FALSE,FALSE
"K08679",0.597,0,0.507,16.4,24.6,0.0471,NA,"K08679",0.996972754793138,1,FALSE,FALSE,FALSE,FALSE
"K12982",0.229,0,0.237,123,104,0.0837,NA,"K12982",0.96419853539463,1,FALSE,FALSE,FALSE,FALSE
"K11211",0.239,0,0.715,54.5,149,0.0259,NA,"K11211",0.996972754793138,1,FALSE,FALSE,FALSE,FALSE
"K02527",0.716,0,0.562,-166,286,0.0412,NA,"K02527",0.996972754793138,1,FALSE,FALSE,FALSE,FALSE
"K02847",0.303,0,0.944,-1.59,22.8,0.00494,NA,"K02847",0.996972754793138,1,FALSE,FALSE,FALSE,FALSE
"K15894",0.274,0,0.382,19.7,22.5,0.062,NA,"K15894",0.996972754793138,1,FALSE,FALSE,FALSE,FALSE
"K15899",0.154,0,0.362,23.2,25.4,0.0647,NA,"K15899",0.996972754793138,1,FALSE,FALSE,FALSE,FALSE
"K15898",0.189,0,0.403,19.3,23.1,0.0593,NA,"K15898",0.996972754793138,1,FALSE,FALSE,FALSE,FALSE
"K02560",0.174,0,0.518,-114,175,0.0459,NA,"K02560,K06212",0.996972754793138,1,FALSE,FALSE,FALSE,FALSE
"K03274",0.259,0,0.478,51.5,72.4,0.0504,NA,"K03274",0.996972754793138,1,FALSE,FALSE,FALSE,FALSE
"K00012",0.955,0,0.463,34.1,46.4,0.052,NA,"K00012",0.996972754793138,1,FALSE,FALSE,FALSE,FALSE
"K22719",0.771,0,0.858,-11,61.1,0.0127,NA,"K22719",0.996972754793138,1,FALSE,FALSE,FALSE,FALSE
"K00640",0.965,0,0.361,-86.3,94.2,0.0648,NA,"K00640",0.996972754793138,1,FALSE,FALSE,FALSE,FALSE
"K01991",0.692,0,0.993,0.454,49.7,0.000648,NA,"K01991",0.996987951807229,1,FALSE,FALSE,FALSE,FALSE
"K25307",0.846,0,0.224,66.2,54.3,0.0862,NA,"K25307",0.95959595959596,1,FALSE,FALSE,FALSE,FALSE
"K16692",0.368,0,0.373,22.5,25.2,0.0632,NA,"K16692",0.996972754793138,1,FALSE,FALSE,FALSE,FALSE
"K16011",0.572,0,0.167,49.7,35.8,0.0979,NA,"K16011",0.883264462809917,1,FALSE,FALSE,FALSE,FALSE
"K00971",0.821,0,0.228,37,30.6,0.0854,NA,"K00971",0.95959595959596,1,FALSE,FALSE,FALSE,FALSE
"K01791",0.582,0,0.493,-12.8,18.7,0.0486,NA,"K01791",0.996972754793138,1,FALSE,FALSE,FALSE,FALSE
"K02851",0.478,0,0.118,44.4,28.3,0.111,NA,"K02851",0.84016393442623,1,FALSE,FALSE,FALSE,FALSE
"K15633",0.652,0,0.77,15.2,51.9,0.0208,NA,"K15633",0.996972754793138,1,FALSE,FALSE,FALSE,FALSE
"K00567",0.826,0,0.209,77.4,61.3,0.089,NA,"K00567",0.946188340807175,1,FALSE,FALSE,FALSE,FALSE
"K26937",0.861,0,0.854,5.69,30.9,0.0131,NA,"K26937",0.996972754793138,1,FALSE,FALSE,FALSE,FALSE
"K05789",0.0995,0,0.854,6.05,32.7,0.0131,NA,"K05789",0.996972754793138,1,FALSE,FALSE,FALSE,FALSE
"K07507",0.816,0,0.234,-38.4,32.2,0.0844,NA,"K07507",0.962962962962963,1,FALSE,FALSE,FALSE,FALSE
"K10924",0.149,0,0.512,35.8,54.5,0.0465,NA,"K10924,K10926,K10927,K12276,K12278,K12279,K12280,K12281,K12283,K12284,K12285,K12287",0.996972754793138,1,FALSE,FALSE,FALSE,FALSE
"K19810",0.259,0,0.921,15.3,154,0.00702,NA,"K19810",0.996972754793138,1,FALSE,FALSE,FALSE,FALSE
"K00247",0.134,0,0.0767,127,71.4,0.125,NA,"K00247",0.781376518218624,1,FALSE,FALSE,FALSE,FALSE
"K00246",0.134,0,0.0767,127,71.4,0.125,NA,"K00246",0.781376518218624,1,FALSE,FALSE,FALSE,FALSE
"K00245",0.129,0,0.213,105,83.7,0.0882,NA,"K00245",0.946666666666667,1,FALSE,FALSE,FALSE,FALSE
"K00244",0.129,0,0.213,105,83.7,0.0882,NA,"K00244",0.946666666666667,1,FALSE,FALSE,FALSE,FALSE
"K04568",0.363,0,0.274,131,120,0.0775,NA,"K04568",0.991316931982634,1,FALSE,FALSE,FALSE,FALSE
"K14445",0.239,0,0.455,29.5,39.5,0.0529,NA,"K14445",0.996972754793138,1,FALSE,FALSE,FALSE,FALSE
"K01613",0.851,0,0.786,17.2,63.3,0.0193,NA,"K01613",0.996972754793138,1,FALSE,FALSE,FALSE,FALSE
"K07486",0.622,0,0.491,-13.1,19,0.0488,NA,"K07486",0.996972754793138,1,FALSE,FALSE,FALSE,FALSE
"K07397",0.786,0,0.0478,139,69.8,0.14,NA,"K07397",0.677966101694915,1,FALSE,FALSE,FALSE,FALSE
"K07006",0.672,0,0.874,4.48,28.2,0.0113,NA,"K07006",0.996972754793138,1,FALSE,FALSE,FALSE,FALSE
"K22477",0.204,0,0.158,50.1,35.3,0.1,NA,"K22477",0.874049945711183,1,FALSE,FALSE,FALSE,FALSE
"K06998",0.781,0,0.422,24.7,30.7,0.0569,NA,"K06998",0.996972754793138,1,FALSE,FALSE,FALSE,FALSE
"K00549",0.881,0,0.393,33.5,39.1,0.0606,NA,"K00549",0.996972754793138,1,FALSE,FALSE,FALSE,FALSE
"K00638",0.174,0,0.296,40.8,38.9,0.0741,NA,"K00638",0.996972754793138,1,FALSE,FALSE,FALSE,FALSE
"K19000",0.338,0,0.851,6.5,34.4,0.0134,NA,"K19000",0.996972754793138,1,FALSE,FALSE,FALSE,FALSE
"K03312",0.259,0,0.778,7.37,26.1,0.02,NA,"K03312",0.996972754793138,1,FALSE,FALSE,FALSE,FALSE
"K06147",0.741,0,0.0306,-57.6,26.5,0.153,NA,"K06147",0.64657980456026,1,FALSE,FALSE,FALSE,FALSE
"K02029",0.811,0,0.0079,-280,104,0.187,NA,"K02029",0.404455445544554,1,FALSE,FALSE,FALSE,FALSE
"K10218",0.622,0,0.939,-2.09,27.5,0.00539,NA,"K10218",0.996972754793138,1,FALSE,FALSE,FALSE,FALSE
"K09962",0.353,0,0.263,31.2,27.8,0.0793,NA,"K09962",0.987654320987654,1,FALSE,FALSE,FALSE,FALSE
"K25590",0.154,0,0.551,20.8,34.9,0.0423,NA,"K25590",0.996972754793138,1,FALSE,FALSE,FALSE,FALSE
"K10912",0.159,0,0.494,70.2,102,0.0486,NA,"K10912",0.996972754793138,1,FALSE,FALSE,FALSE,FALSE
"K02000",0.701,0,0.538,-24.3,39.4,0.0436,NA,"K02000,K02001",0.996972754793138,1,FALSE,FALSE,FALSE,FALSE
"K02002",0.706,0,0.582,-21.2,38.4,0.039,NA,"K02002",0.996972754793138,1,FALSE,FALSE,FALSE,FALSE
"K26441",0.189,0,0.0432,159,78,0.143,NA,"K26441",0.65922619047619,1,FALSE,FALSE,FALSE,FALSE
"K26939",0.861,0,0.756,-68.7,221,0.0221,NA,"K26939",0.996972754793138,1,FALSE,FALSE,FALSE,FALSE
"K15523",0.184,0,0.000191,285,74.9,0.26,NA,"K15523",0.136428571428571,0.955,FALSE,FALSE,FALSE,FALSE
"K26606",0.876,0,0.826,12.6,57.6,0.0156,NA,"K26605,K26606",0.996972754793138,1,FALSE,FALSE,FALSE,FALSE
"K05812",0.478,0,0.978,-3.41,122,0.00199,NA,"K05812",0.996972754793138,1,FALSE,FALSE,FALSE,FALSE
"K28207",0.149,0,0.123,95.8,61.9,0.109,NA,"K28207",0.84016393442623,1,FALSE,FALSE,FALSE,FALSE
"K03750",0.965,0,0.0702,108,59.5,0.128,NA,"K03750",0.761388286334056,1,FALSE,FALSE,FALSE,FALSE
"K03753",0.413,0,0.234,93.3,78.2,0.0842,NA,"K03753",0.962962962962963,1,FALSE,FALSE,FALSE,FALSE
"K03752",0.94,0,0.523,41.3,64.7,0.0453,NA,"K03752",0.996972754793138,1,FALSE,FALSE,FALSE,FALSE
"K05773",0.119,0,0.227,70.2,57.9,0.0855,NA,"K05773",0.95959595959596,1,FALSE,FALSE,FALSE,FALSE
"K05772",0.119,0,0.227,70.2,57.9,0.0855,NA,"K05772",0.95959595959596,1,FALSE,FALSE,FALSE,FALSE
"K02482",0.438,0,0.222,37.2,30.4,0.0864,NA,"K02482",0.958727429062769,1,FALSE,FALSE,FALSE,FALSE
"K15977",0.925,0,0.0558,133,68.9,0.135,NA,"K15977",0.708121827411167,1,FALSE,FALSE,FALSE,FALSE
"K09929",0.274,0,0.576,-19.4,34.7,0.0397,NA,"K09929",0.996972754793138,1,FALSE,FALSE,FALSE,FALSE
"K09930",0.537,0,0.719,-11.5,31.9,0.0255,NA,"K09930",0.996972754793138,1,FALSE,FALSE,FALSE,FALSE
"K23349",0.169,0,0.202,78,61,0.0903,NA,"K23349",0.941286113699907,1,FALSE,FALSE,FALSE,FALSE
"K00123",0.473,0,0.672,16.3,38.3,0.0301,NA,"K00123",0.996972754793138,1,FALSE,FALSE,FALSE,FALSE
"K00124",0.438,0,0.28,-26.4,24.4,0.0765,NA,"K00124",0.99290780141844,1,FALSE,FALSE,FALSE,FALSE
"K00127",0.393,0,0.788,-7.26,27,0.0191,NA,"K00127",0.996972754793138,1,FALSE,FALSE,FALSE,FALSE
"K12410",0.582,0,0.159,41.5,29.4,0.0996,NA,"K12410",0.874049945711183,1,FALSE,FALSE,FALSE,FALSE
"K11069",0.259,0,0.161,50.1,35.6,0.0992,NA,"K11069",0.874049945711183,1,FALSE,FALSE,FALSE,FALSE
"K02055",0.677,0,0.913,-4.19,38.4,0.00773,NA,"K02055",0.996972754793138,1,FALSE,FALSE,FALSE,FALSE
"K11070",0.652,0,0.736,-27.4,81.3,0.0239,NA,"K11070",0.996972754793138,1,FALSE,FALSE,FALSE,FALSE
"K11071",0.662,0,0.76,23.6,77.2,0.0216,NA,"K11071",0.996972754793138,1,FALSE,FALSE,FALSE,FALSE
"K11072",0.458,0,0.506,-21.3,31.9,0.0472,NA,"K11072",0.996972754793138,1,FALSE,FALSE,FALSE,FALSE
"K03796",0.189,0,0.499,70.6,104,0.0479,NA,"K03796",0.996972754793138,1,FALSE,FALSE,FALSE,FALSE
"K14058",0.662,0,0.461,-218,295,0.0523,NA,"K00568,K02535,K05539,K14058",0.996972754793138,1,FALSE,FALSE,FALSE,FALSE
"K14055",0.398,0,0.99,2.83,217,0.000925,NA,"K14055",0.996978851963746,1,FALSE,FALSE,FALSE,FALSE
"K01420",0.667,0,0.000679,-421,122,0.238,NA,"K01420",0.21625,1,FALSE,FALSE,FALSE,FALSE
"K09792",0.488,0,0.0293,162,73.6,0.154,NA,"K09792",0.64657980456026,1,FALSE,FALSE,FALSE,FALSE
"K09926",0.413,0,0.129,124,81.2,0.107,NA,"K09926",0.855437665782493,1,FALSE,FALSE,FALSE,FALSE
"K00406",0.587,0,0.123,90.7,58.5,0.109,NA,"K00406",0.84016393442623,1,FALSE,FALSE,FALSE,FALSE
"K00407",0.577,0,0.293,78.4,74.3,0.0746,NA,"K00407",0.996972754793138,1,FALSE,FALSE,FALSE,FALSE
"K00405",0.527,0,0.293,80.2,76.1,0.0745,NA,"K00404,K00405",0.996972754793138,1,FALSE,FALSE,FALSE,FALSE
"K10954",0.119,0,0.259,-30.5,27,0.0799,NA,"K10954",0.987654320987654,1,FALSE,FALSE,FALSE,FALSE
"K04770",0.448,0,0.0817,214,122,0.123,NA,"K04770",0.78585086042065,1,FALSE,FALSE,FALSE,FALSE
"K01716",0.607,0,0.894,18.8,141,0.00942,NA,"K01716",0.996972754793138,1,FALSE,FALSE,FALSE,FALSE
"K03812",0.249,0,0.702,-13.3,34.7,0.0272,NA,"K03812",0.996972754793138,1,FALSE,FALSE,FALSE,FALSE
"K12297",0.483,0,0.767,94.4,319,0.021,NA,"K03528,K03683,K06176,K09895,K09902,K12297",0.996972754793138,1,FALSE,FALSE,FALSE,FALSE
"K00254",0.905,0,0.429,-62.3,78.6,0.0561,NA,"K00254",0.996972754793138,1,FALSE,FALSE,FALSE,FALSE
"K15371",0.642,0,0.898,-17.1,133,0.00913,NA,"K15371",0.996972754793138,1,FALSE,FALSE,FALSE,FALSE
"K01256",0.806,0,0.719,-39.4,109,0.0255,NA,"K01256",0.996972754793138,1,FALSE,FALSE,FALSE,FALSE
"K03607",0.398,0,0.746,-17,52.3,0.023,NA,"K03607",0.996972754793138,1,FALSE,FALSE,FALSE,FALSE
"K08968",0.791,0,0.146,-145,99.3,0.103,NA,"K08968",0.855646100116414,1,FALSE,FALSE,FALSE,FALSE
"K03808",0.507,0,0.976,-3.08,104,0.0021,NA,"K03808",0.996972754793138,1,FALSE,FALSE,FALSE,FALSE
"K06192",0.502,0,0.601,-72.4,138,0.0372,NA,"K06192",0.996972754793138,1,FALSE,FALSE,FALSE,FALSE
"K11392",0.259,0,0.444,157,204,0.0543,NA,"K11392",0.996972754793138,1,FALSE,FALSE,FALSE,FALSE
"K00243",0.542,0,0.838,-27.4,134,0.0145,NA,"K00243",0.996972754793138,1,FALSE,FALSE,FALSE,FALSE
"K01626",0.821,0,0.8,-93.7,369,0.018,NA,"K01626",0.996972754793138,1,FALSE,FALSE,FALSE,FALSE
"K09767",0.806,0,0.848,-31.8,166,0.0136,NA,"K09767",0.996972754793138,1,FALSE,FALSE,FALSE,FALSE
"K24866",0.866,0,0.902,25.7,208,0.00878,NA,"K24866",0.996972754793138,1,FALSE,FALSE,FALSE,FALSE
"K09969",0.468,0,0.517,26.1,40.2,0.0459,NA,"K09969",0.996972754793138,1,FALSE,FALSE,FALSE,FALSE
"K09970",0.453,0,0.855,-9.54,52,0.013,NA,"K09970,K09971",0.996972754793138,1,FALSE,FALSE,FALSE,FALSE
"K09972",0.463,0,0.718,16,44.3,0.0257,NA,"K09972",0.996972754793138,1,FALSE,FALSE,FALSE,FALSE
"K02028",0.816,0,0.00196,-362,115,0.217,NA,"K02028",0.289024390243902,1,FALSE,FALSE,FALSE,FALSE
"K19416",0.512,0,0.83,-52.7,245,0.0153,NA,"K19416",0.996972754793138,1,FALSE,FALSE,FALSE,FALSE
"K11179",0.448,0,0.999,-0.524,289,0.000128,NA,"K04774,K11179",0.999599759855914,1,FALSE,FALSE,FALSE,FALSE
"K01512",0.552,0,0.264,-43,38.4,0.0792,NA,"K01512",0.987654320987654,1,FALSE,FALSE,FALSE,FALSE
"K06969",0.801,0,0.969,-5.35,136,0.00278,NA,"K06969",0.996972754793138,1,FALSE,FALSE,FALSE,FALSE
"K05835",0.667,0,0.662,19.2,43.8,0.031,NA,"K05835",0.996972754793138,1,FALSE,FALSE,FALSE,FALSE
"K05786",0.92,0,0.528,-38,60.2,0.0447,NA,"K05786",0.996972754793138,1,FALSE,FALSE,FALSE,FALSE
"K09125",0.726,0,0.645,-18.9,40.9,0.0327,NA,"K09125",0.996972754793138,1,FALSE,FALSE,FALSE,FALSE
"K07484",0.284,0,0.517,13.3,20.6,0.046,NA,"K07484",0.996972754793138,1,FALSE,FALSE,FALSE,FALSE
"K07493",0.204,0,0.979,-0.599,22.3,0.0019,NA,"K07493",0.996972754793138,1,FALSE,FALSE,FALSE,FALSE
"K07497",0.861,0,0.93,2.06,23.5,0.0062,NA,"K07497",0.996972754793138,1,FALSE,FALSE,FALSE,FALSE
"K03220",0.104,0,0.384,25.9,29.7,0.0617,NA,"K03220",0.996972754793138,1,FALSE,FALSE,FALSE,FALSE
"K03226",0.109,0,0.783,7.64,27.7,0.0196,NA,"K03226,K03228",0.996972754793138,1,FALSE,FALSE,FALSE,FALSE
"K03227",0.0995,0,0.386,24.5,28.2,0.0614,NA,"K03227",0.996972754793138,1,FALSE,FALSE,FALSE,FALSE
"K03229",0.104,0,0.238,35,29.6,0.0836,NA,"K03229",0.966046887631366,1,FALSE,FALSE,FALSE,FALSE
"K04058",0.0398,0,0.765,11.7,39.2,0.0212,NA,"K04058",0.996972754793138,1,FALSE,FALSE,FALSE,FALSE
"K03230",0.124,0,0.436,19.5,24.9,0.0553,NA,"K03230",0.996972754793138,1,FALSE,FALSE,FALSE,FALSE
"K03219",0.0945,0,0.65,14.5,32,0.0322,NA,"K03219",0.996972754793138,1,FALSE,FALSE,FALSE,FALSE
"K07494",0.0995,0,0.745,9.46,29,0.0231,NA,"K07494",0.996972754793138,1,FALSE,FALSE,FALSE,FALSE
"K03695",0.945,0,0.451,109,144,0.0534,NA,"K03695",0.996972754793138,1,FALSE,FALSE,FALSE,FALSE
"K05810",0.915,0,0.828,48.3,222,0.0154,NA,"K05810",0.996972754793138,1,FALSE,FALSE,FALSE,FALSE
"K05809",0.159,0,0.903,25.4,208,0.00864,NA,"K02344,K05809,K06866,K09802,K09896,K11183,K11926",0.996972754793138,1,FALSE,FALSE,FALSE,FALSE
"K14170",0.547,0,0.562,110,189,0.0411,NA,"K14170",0.996972754793138,1,FALSE,FALSE,FALSE,FALSE
"K20966",0.104,0,0.947,8.44,128,0.00467,NA,"K20966",0.996972754793138,1,FALSE,FALSE,FALSE,FALSE
"K01529",0.264,0,0.659,52.6,119,0.0313,NA,"K01529",0.996972754793138,1,FALSE,FALSE,FALSE,FALSE
"K03720",0.124,0,0.635,-75.5,159,0.0337,NA,"K03720",0.996972754793138,1,FALSE,FALSE,FALSE,FALSE
"K08309",0.771,0,0.304,57.5,55.7,0.0729,NA,"K08309",0.996972754793138,1,FALSE,FALSE,FALSE,FALSE
"K06020",0.856,0,0.883,40.6,276,0.0104,NA,"K06020",0.996972754793138,1,FALSE,FALSE,FALSE,FALSE
"K21472",0.294,0,0.922,4.26,43.2,0.00698,NA,"K21472",0.996972754793138,1,FALSE,FALSE,FALSE,FALSE
"K01207",0.881,0,0.152,63.3,44,0.101,NA,"K01207",0.866590649942988,1,FALSE,FALSE,FALSE,FALSE
"K09001",0.831,0,0.0382,106,50.8,0.146,NA,"K09001",0.64657980456026,1,FALSE,FALSE,FALSE,FALSE
"K07106",0.468,0,0.194,55.5,42.6,0.0919,NA,"K07106",0.927342256214149,1,FALSE,FALSE,FALSE,FALSE
"K27882",0.149,0,0.747,33.9,105,0.0228,NA,"K27882",0.996972754793138,1,FALSE,FALSE,FALSE,FALSE
"K27883",0.149,0,0.747,33.9,105,0.0228,NA,"K27883",0.996972754793138,1,FALSE,FALSE,FALSE,FALSE
"K02477",0.871,0,0.778,-20.3,71.9,0.0201,NA,"K02477",0.996972754793138,1,FALSE,FALSE,FALSE,FALSE
"K03774",0.522,0,0.0822,208,119,0.123,NA,"K03774",0.78585086042065,1,FALSE,FALSE,FALSE,FALSE
"K03980",0.891,0,0.207,152,120,0.0893,NA,"K03980",0.943482224247949,1,FALSE,FALSE,FALSE,FALSE
"K02968",0.985,0,0.539,48.2,78.2,0.0436,NA,"K02968,K06146,K12660",0.996972754793138,1,FALSE,FALSE,FALSE,FALSE
"K22042",0.527,0,0.36,23.8,25.9,0.065,NA,"K22042",0.996972754793138,1,FALSE,FALSE,FALSE,FALSE
"K03717",0.348,0,0.695,-21.2,53.9,0.0278,NA,"K03717",0.996972754793138,1,FALSE,FALSE,FALSE,FALSE
"K14683",0.109,0,0.533,56,89.7,0.0442,NA,"K14683",0.996972754793138,1,FALSE,FALSE,FALSE,FALSE
"K08484",0.552,0,0.84,-47.6,235,0.0144,NA,"K08484",0.996972754793138,1,FALSE,FALSE,FALSE,FALSE
"K03573",0.249,0,0.438,49.2,63.3,0.055,NA,"K03573",0.996972754793138,1,FALSE,FALSE,FALSE,FALSE
"K04567",0.955,0,0.507,-208,314,0.047,NA,"K04567",0.996972754793138,1,FALSE,FALSE,FALSE,FALSE
"K02836",0.95,0,0.71,-12.1,32.5,0.0264,NA,"K02836",0.996972754793138,1,FALSE,FALSE,FALSE,FALSE
"K03981",0.542,0,0.899,11.4,90,0.00898,NA,"K03981",0.996972754793138,1,FALSE,FALSE,FALSE,FALSE
"K04763",0.925,0,0.223,130,107,0.0863,NA,"K04763",0.958727429062769,1,FALSE,FALSE,FALSE,FALSE
"K03839",0.358,0,0.101,-213,129,0.116,NA,"K03839",0.821256038647343,1,FALSE,FALSE,FALSE,FALSE
"K03311",0.443,0,0.945,-6.24,91,0.00486,NA,"K03311",0.996972754793138,1,FALSE,FALSE,FALSE,FALSE
"K15460",0.408,0,0.408,-115,139,0.0586,NA,"K15460",0.996972754793138,1,FALSE,FALSE,FALSE,FALSE
"K09861",0.736,0,0.341,-107,112,0.0675,NA,"K09861",0.996972754793138,1,FALSE,FALSE,FALSE,FALSE
"K01151",0.303,0,0.855,-29.4,161,0.013,NA,"K01151",0.996972754793138,1,FALSE,FALSE,FALSE,FALSE
"K01733",0.93,0,0.635,49.2,103,0.0337,NA,"K01733",0.996972754793138,1,FALSE,FALSE,FALSE,FALSE
"K00872",0.582,0,0.433,159,203,0.0556,NA,"K00872",0.996972754793138,1,FALSE,FALSE,FALSE,FALSE
"K12524",0.323,0,0.375,183,206,0.0629,NA,"K01089,K12524",0.996972754793138,1,FALSE,FALSE,FALSE,FALSE
"K00928",0.975,0,0.00561,-412,147,0.195,NA,"K00928,K14581",0.374,1,FALSE,FALSE,FALSE,FALSE
"K07139",0.254,0,0.0629,170,90.7,0.131,NA,"K07139",0.731651376146789,1,FALSE,FALSE,FALSE,FALSE
"K00265",0.975,0,0.308,140,137,0.0723,NA,"K00265",0.996972754793138,1,FALSE,FALSE,FALSE,FALSE
"K00266",0.95,0,0.184,124,93.2,0.0941,NA,"K00266",0.913604766633565,1,FALSE,FALSE,FALSE,FALSE
"K01243",0.592,0,0.846,-11.1,56.8,0.0138,NA,"K01243",0.996972754793138,1,FALSE,FALSE,FALSE,FALSE
"K02227",0.677,0,0.497,44.7,65.7,0.0482,NA,"K02227",0.996972754793138,1,FALSE,FALSE,FALSE,FALSE
"K06858",0.303,0,0.721,17.9,50.1,0.0253,NA,"K06858",0.996972754793138,1,FALSE,FALSE,FALSE,FALSE
"K03809",0.721,0,0.17,87.4,63.4,0.0971,NA,"K03809",0.883264462809917,1,FALSE,FALSE,FALSE,FALSE
"K01955",0.96,0,0.00915,362,138,0.183,NA,"K01955",0.413063063063063,1,FALSE,FALSE,FALSE,FALSE
"K03588",0.821,0,0.942,-18.9,260,0.00516,NA,"K03588",0.996972754793138,1,FALSE,FALSE,FALSE,FALSE
"K01925",0.975,0,0.713,-49.4,134,0.0261,NA,"K01925",0.996972754793138,1,FALSE,FALSE,FALSE,FALSE
"K03587",0.985,0,0.753,27.2,86.1,0.0224,NA,"K03587",0.996972754793138,1,FALSE,FALSE,FALSE,FALSE
"K03586",0.841,0,0.279,-114,105,0.0768,NA,"K03586",0.992176386913229,1,FALSE,FALSE,FALSE,FALSE
"K03438",0.95,0,0.478,98.2,138,0.0503,NA,"K03438",0.996972754793138,1,FALSE,FALSE,FALSE,FALSE
"K07121",0.473,0,0.808,63.1,259,0.0173,NA,"K07121,K07153",0.996972754793138,1,FALSE,FALSE,FALSE,FALSE
"K07460",0.891,0,0.776,23.6,82.8,0.0202,NA,"K07460",0.996972754793138,1,FALSE,FALSE,FALSE,FALSE
"K03271",0.602,0,0.411,36.9,44.8,0.0583,NA,"K03271",0.996972754793138,1,FALSE,FALSE,FALSE,FALSE
"K28369",0.488,0,0.725,-42.9,122,0.025,NA,"K28369",0.996972754793138,1,FALSE,FALSE,FALSE,FALSE
"K00413",0.612,0,0.526,65.9,104,0.045,NA,"K00411,K00412,K00413",0.996972754793138,1,FALSE,FALSE,FALSE,FALSE
"K09908",0.418,0,0.128,-224,146,0.108,NA,"K09908",0.853333333333333,1,FALSE,FALSE,FALSE,FALSE
"K04772",0.358,0,0.691,40.9,103,0.0282,NA,"K04772",0.996972754793138,1,FALSE,FALSE,FALSE,FALSE
"K04771",0.697,0,0.983,6.19,284,0.00154,NA,"K04771",0.996972754793138,1,FALSE,FALSE,FALSE,FALSE
"K02622",0.766,0,0.799,19.6,76.9,0.0181,NA,"K02622",0.996972754793138,1,FALSE,FALSE,FALSE,FALSE
"K07000",0.507,0,0.67,-108,253,0.0302,NA,"K07000",0.996972754793138,1,FALSE,FALSE,FALSE,FALSE
"K09920",0.458,0,0.451,143,189,0.0534,NA,"K09920",0.996972754793138,1,FALSE,FALSE,FALSE,FALSE
"K01515",0.806,0,0.312,44.4,43.8,0.0717,NA,"K01515",0.996972754793138,1,FALSE,FALSE,FALSE,FALSE
"K03272",0.502,0,0.771,17.4,59.9,0.0206,NA,"K03272",0.996972754793138,1,FALSE,FALSE,FALSE,FALSE
"K00982",0.821,0,0.8,-93.7,369,0.018,NA,"K00982",0.996972754793138,1,FALSE,FALSE,FALSE,FALSE
"K18446",0.542,0,0.418,45.3,55.8,0.0574,NA,"K18446",0.996972754793138,1,FALSE,FALSE,FALSE,FALSE
"K07220",0.672,0,0.272,84.3,76.6,0.0778,NA,"K07220",0.987654320987654,1,FALSE,FALSE,FALSE,FALSE
"K03306",0.831,0,0.48,21.8,30.7,0.0501,NA,"K03306",0.996972754793138,1,FALSE,FALSE,FALSE,FALSE
"K07184",0.323,0,0.455,-89,119,0.053,NA,"K07184",0.996972754793138,1,FALSE,FALSE,FALSE,FALSE
"K02451",0.194,0,0.135,115,76.4,0.106,NA,"K02451",0.855646100116414,1,FALSE,FALSE,FALSE,FALSE
"K02450",0.189,0,0.021,265,114,0.163,NA,"K02450",0.580110497237569,1,FALSE,FALSE,FALSE,FALSE
"K00974",0.836,0,0.542,-35.2,57.6,0.0432,NA,"K00974",0.996972754793138,1,FALSE,FALSE,FALSE,FALSE
"K01633",0.97,0,0.52,-160,248,0.0456,NA,"K01633",0.996972754793138,1,FALSE,FALSE,FALSE,FALSE
"K08591",0.771,0,0.842,21.8,109,0.0142,NA,"K08591",0.996972754793138,1,FALSE,FALSE,FALSE,FALSE
"K09117",0.692,0,0.494,47.9,69.9,0.0485,NA,"K09117",0.996972754793138,1,FALSE,FALSE,FALSE,FALSE
"K01740",0.701,0,0.00311,93.5,31.2,0.208,NA,"K01740",0.307894736842105,1,FALSE,FALSE,FALSE,FALSE
"K15735",0.214,0,0.498,20.8,30.7,0.048,NA,"K15735",0.996972754793138,1,FALSE,FALSE,FALSE,FALSE
"K01653",0.965,0,0.742,-116,352,0.0233,NA,"K01653",0.996972754793138,1,FALSE,FALSE,FALSE,FALSE
"K01897",0.915,0,0.0104,291,112,0.18,NA,"K01897",0.428571428571429,1,FALSE,FALSE,FALSE,FALSE
"K05798",0.0945,0,0.375,54.9,61.8,0.0629,NA,"K05798",0.996972754793138,1,FALSE,FALSE,FALSE,FALSE
"K19302",0.527,0,0.287,57,53.4,0.0754,NA,"K19302",0.996972754793138,1,FALSE,FALSE,FALSE,FALSE
"K00052",0.985,0,0.858,-9.33,51.9,0.0127,NA,"K00052",0.996972754793138,1,FALSE,FALSE,FALSE,FALSE
"K05801",0.557,0,0.448,-119,156,0.0538,NA,"K05801",0.996972754793138,1,FALSE,FALSE,FALSE,FALSE
"K03771",0.657,0,0.464,205,279,0.052,NA,"K03771",0.996972754793138,1,FALSE,FALSE,FALSE,FALSE
"K00097",0.687,0,0.465,-36,49.2,0.0519,NA,"K00097",0.996972754793138,1,FALSE,FALSE,FALSE,FALSE
"K06195",0.682,0,0.471,89.3,124,0.0511,NA,"K06195",0.996972754793138,1,FALSE,FALSE,FALSE,FALSE
"K07080",0.418,0,0.0138,90.7,36.5,0.173,NA,"K07080",0.47972972972973,1,FALSE,FALSE,FALSE,FALSE
"K14061",0.114,0,0.629,-37.9,78.4,0.0343,NA,"K14061",0.996972754793138,1,FALSE,FALSE,FALSE,FALSE
"K00018",0.418,0,0.842,9.26,46.3,0.0142,NA,"K00018",0.996972754793138,1,FALSE,FALSE,FALSE,FALSE
"K06177",0.642,0,0.687,32.6,80.9,0.0286,NA,"K06177",0.996972754793138,1,FALSE,FALSE,FALSE,FALSE
"K03580",0.627,0,0.711,-14.1,38,0.0263,NA,"K03580",0.996972754793138,1,FALSE,FALSE,FALSE,FALSE
"K07175",0.721,0,0.677,-52.9,127,0.0295,NA,"K07175",0.996972754793138,1,FALSE,FALSE,FALSE,FALSE
"K03568",0.662,0,0.386,-106,122,0.0615,NA,"K03568",0.996972754793138,1,FALSE,FALSE,FALSE,FALSE
"K11206",0.552,0,0.744,33.4,102,0.0232,NA,"K11206",0.996972754793138,1,FALSE,FALSE,FALSE,FALSE
"K08301",0.562,0,0.112,291,182,0.113,NA,"K08301",0.84016393442623,1,FALSE,FALSE,FALSE,FALSE
"K06287",0.965,0,0.201,110,85.4,0.0906,NA,"K06287",0.938375350140056,1,FALSE,FALSE,FALSE,FALSE
"K03571",0.726,0,0.679,45.2,109,0.0294,NA,"K03571",0.996972754793138,1,FALSE,FALSE,FALSE,FALSE
"K03570",0.766,0,0.648,102,223,0.0324,NA,"K03570",0.996972754793138,1,FALSE,FALSE,FALSE,FALSE
"K03569",0.771,0,0.885,30,207,0.0103,NA,"K03569",0.996972754793138,1,FALSE,FALSE,FALSE,FALSE
"K12286",0.144,0,0.485,40.9,58.5,0.0495,NA,"K12286",0.996972754793138,1,FALSE,FALSE,FALSE,FALSE
"K10925",0.144,0,0.888,8.04,56.8,0.01,NA,"K10925",0.996972754793138,1,FALSE,FALSE,FALSE,FALSE
"K12282",0.164,0,0.489,37.4,53.9,0.0491,NA,"K12282",0.996972754793138,1,FALSE,FALSE,FALSE,FALSE
"K00963",0.328,0,0.0751,61.1,34.1,0.126,NA,"K00963",0.779503105590062,1,FALSE,FALSE,FALSE,FALSE
"K00830",0.154,0,0.717,19.7,54.3,0.0257,NA,"K00830",0.996972754793138,1,FALSE,FALSE,FALSE,FALSE
"K00548",0.94,0,0.00413,195,67.2,0.201,NA,"K00548",0.333064516129032,1,FALSE,FALSE,FALSE,FALSE
"K03316",0.308,0,0.641,17.6,37.7,0.0331,NA,"K03316",0.996972754793138,1,FALSE,FALSE,FALSE,FALSE
"K01726",0.97,0,0.693,-29.4,74.4,0.028,NA,"K01726",0.996972754793138,1,FALSE,FALSE,FALSE,FALSE
"K00014",0.915,0,0.489,49.4,71.3,0.0491,NA,"K00014",0.996972754793138,1,FALSE,FALSE,FALSE,FALSE
"K00228",0.721,0,0.74,92.2,277,0.0236,NA,"K00228",0.996972754793138,1,FALSE,FALSE,FALSE,FALSE
"K01589",0.985,0,0.718,-28.3,78.4,0.0256,NA,"K01589,K15896,K26290",0.996972754793138,1,FALSE,FALSE,FALSE,FALSE
"K03747",0.279,0,0.703,55,144,0.0271,NA,"K03747",0.996972754793138,1,FALSE,FALSE,FALSE,FALSE
"K03499",0.861,0,0.631,-48.1,99.8,0.0341,NA,"K03499",0.996972754793138,1,FALSE,FALSE,FALSE,FALSE
"K03498",0.856,0,0.736,-32.7,97.1,0.0239,NA,"K03498",0.996972754793138,1,FALSE,FALSE,FALSE,FALSE
"K11068",0.91,0,0.797,-18,69.6,0.0183,NA,"K11068",0.996972754793138,1,FALSE,FALSE,FALSE,FALSE
"K06377",0.229,0,0.68,68.2,165,0.0292,NA,"K06377",0.996972754793138,1,FALSE,FALSE,FALSE,FALSE
"K03673",0.617,0,0.00893,161,60.9,0.184,NA,"K03673",0.413063063063063,1,FALSE,FALSE,FALSE,FALSE
"K07391",0.896,0,0.62,124,249,0.0352,NA,"K07391",0.996972754793138,1,FALSE,FALSE,FALSE,FALSE
"K11258",0.269,0,0.393,190,222,0.0605,NA,"K11258",0.996972754793138,1,FALSE,FALSE,FALSE,FALSE
"K01687",0.985,0,0.79,-89.6,336,0.0189,NA,"K01687,K06034,K09539,K11168,K11173,K13039,K15303,K16651,K18371,K22373,K22686,K24263,K27187,K27188",0.996972754793138,1,FALSE,FALSE,FALSE,FALSE
"K28371",0.114,0,0.183,105,78.4,0.0943,NA,"K28371",0.913173652694611,1,FALSE,FALSE,FALSE,FALSE
"K02114",0.841,0,0.925,-8.59,90.9,0.0067,NA,"K02114",0.996972754793138,1,FALSE,FALSE,FALSE,FALSE
"K02110",0.766,0,0.57,43.4,76.3,0.0403,NA,"K02110",0.996972754793138,1,FALSE,FALSE,FALSE,FALSE
"K03497",0.95,0,0.648,36.5,79.9,0.0324,NA,"K03497",0.996972754793138,1,FALSE,FALSE,FALSE,FALSE
"K03496",0.94,0,0.581,32,57.8,0.0392,NA,"K03496",0.996972754793138,1,FALSE,FALSE,FALSE,FALSE
"K06205",0.244,0,0.178,286,212,0.0954,NA,"K06205",0.9026369168357,1,FALSE,FALSE,FALSE,FALSE
"K03536",0.891,0,0.408,27.1,32.7,0.0586,NA,"K03536",0.996972754793138,1,FALSE,FALSE,FALSE,FALSE
"K02914",0.607,0,0.531,29.1,46.5,0.0444,NA,"K02914",0.996972754793138,1,FALSE,FALSE,FALSE,FALSE
"K16963",0.234,0,0.39,45.1,52.4,0.061,NA,"K16963",0.996972754793138,1,FALSE,FALSE,FALSE,FALSE
"K16962",0.179,0,0.586,23.9,43.9,0.0387,NA,"K16961,K16962",0.996972754793138,1,FALSE,FALSE,FALSE,FALSE
"K03629",0.925,0,0.755,110,353,0.0221,NA,"K03629,K21677",0.996972754793138,1,FALSE,FALSE,FALSE,FALSE
"K04080",0.537,0,0.261,-144,128,0.0797,NA,"K04080",0.987654320987654,1,FALSE,FALSE,FALSE,FALSE
"K00835",0.254,0,0.906,10.4,87.5,0.0084,NA,"K00835",0.996972754793138,1,FALSE,FALSE,FALSE,FALSE
"K01176",0.348,0,0.00136,102,31.3,0.224,NA,"K01176",0.248214285714286,1,FALSE,FALSE,FALSE,FALSE
"K01879",0.766,0,0.633,62,129,0.0339,NA,"K01879",0.996972754793138,1,FALSE,FALSE,FALSE,FALSE
"K01878",0.766,0,0.633,62,129,0.0339,NA,"K01878",0.996972754793138,1,FALSE,FALSE,FALSE,FALSE
"K23541",0.443,0,0.26,-74.7,66.2,0.0797,NA,"K23541",0.987654320987654,1,FALSE,FALSE,FALSE,FALSE
"K04085",0.746,0,0.602,44.5,85.1,0.037,NA,"K04085",0.996972754793138,1,FALSE,FALSE,FALSE,FALSE
"K19745",0.647,0,0.105,-65.6,40.2,0.115,NA,"K19745",0.830696202531646,1,FALSE,FALSE,FALSE,FALSE
"K00632",0.896,0,0.962,2.74,57.5,0.00338,NA,"K00632",0.996972754793138,1,FALSE,FALSE,FALSE,FALSE
"K01825",0.428,0,0.172,158,115,0.0968,NA,"K01825",0.88659793814433,1,FALSE,FALSE,FALSE,FALSE
"K00230",0.209,0,0.819,-11.2,48.9,0.0162,NA,"K00230",0.996972754793138,1,FALSE,FALSE,FALSE,FALSE
"K12262",0.662,0,0.00696,188,68.9,0.19,NA,"K12262",0.403448275862069,1,FALSE,FALSE,FALSE,FALSE
"K07459",0.423,0,0.254,19.6,17.1,0.0809,NA,"K07459",0.980694980694981,1,FALSE,FALSE,FALSE,FALSE
"K11927",0.756,0,0.766,67.7,227,0.0211,NA,"K11927",0.996972754793138,1,FALSE,FALSE,FALSE,FALSE
"K06193",0.891,0,0.551,24.4,40.8,0.0424,NA,"K06193",0.996972754793138,1,FALSE,FALSE,FALSE,FALSE
"K23010",0.502,0,0.828,32.4,149,0.0154,NA,"K23010",0.996972754793138,1,FALSE,FALSE,FALSE,FALSE
"K01423",0.587,0,0.565,132,230,0.0408,NA,"K01423",0.996972754793138,1,FALSE,FALSE,FALSE,FALSE
"K19222",0.751,0,0.162,84.1,60,0.0989,NA,"K19222",0.877573131094258,1,FALSE,FALSE,FALSE,FALSE
"K11925",0.184,0,0.988,-1.92,132,0.00103,NA,"K11925",0.996972754793138,1,FALSE,FALSE,FALSE,FALSE
"K08984",0.279,0,0.372,-22.7,25.3,0.0633,NA,"K08984",0.996972754793138,1,FALSE,FALSE,FALSE,FALSE
"K10804",0.692,0,0.359,-45,48.9,0.0651,NA,"K10804",0.996972754793138,1,FALSE,FALSE,FALSE,FALSE
"K02003",0.98,0,0.666,25.6,59.2,0.0306,NA,"K02003",0.996972754793138,1,FALSE,FALSE,FALSE,FALSE
"K23124",0.507,0,0.747,7.32,22.7,0.0229,NA,"K23124",0.996972754793138,1,FALSE,FALSE,FALSE,FALSE
"K07160",0.841,0,0.313,-31.2,30.9,0.0715,NA,"K07160",0.996972754793138,1,FALSE,FALSE,FALSE,FALSE
"K01784",0.965,0,0.0329,-132,61.3,0.151,NA,"K01784",0.64657980456026,1,FALSE,FALSE,FALSE,FALSE
"K16087",0.537,0,0.677,11.4,27.2,0.0296,NA,"K16087",0.996972754793138,1,FALSE,FALSE,FALSE,FALSE
"K09181",0.333,0,0.0421,197,96.1,0.144,NA,"K09181",0.651702786377709,1,FALSE,FALSE,FALSE,FALSE
"K03113",0.502,0,0.0361,248,117,0.148,NA,"K03113",0.64657980456026,1,FALSE,FALSE,FALSE,FALSE
"K00325",0.667,0,0.695,12.7,32.2,0.0278,NA,"K00325",0.996972754793138,1,FALSE,FALSE,FALSE,FALSE
"K00324",0.716,0,0.69,-15.8,39.6,0.0283,NA,"K00324",0.996972754793138,1,FALSE,FALSE,FALSE,FALSE
"K02017",0.542,0,0.925,5,52.9,0.0067,NA,"K02017",0.996972754793138,1,FALSE,FALSE,FALSE,FALSE
"K02018",0.91,0,0.0779,93.2,52.6,0.125,NA,"K02018",0.782,1,FALSE,FALSE,FALSE,FALSE
"K02020",0.945,0,0.139,103,69.5,0.105,NA,"K02020",0.855646100116414,1,FALSE,FALSE,FALSE,FALSE
"K02232",0.637,0,0.702,22.8,59.5,0.0271,NA,"K02232",0.996972754793138,1,FALSE,FALSE,FALSE,FALSE
"K04068",0.229,0,0.0218,-79.6,34.4,0.162,NA,"K04068",0.586021505376344,1,FALSE,FALSE,FALSE,FALSE
"K21636",0.313,0,0.0302,75.3,34.5,0.153,NA,"K21636",0.64657980456026,1,FALSE,FALSE,FALSE,FALSE
"K00648",0.905,0,0.958,6.37,119,0.00378,NA,"K00648",0.996972754793138,1,FALSE,FALSE,FALSE,FALSE
"K03672",0.512,0,0.465,31.5,43.1,0.0518,NA,"K03672",0.996972754793138,1,FALSE,FALSE,FALSE,FALSE
"K08219",0.179,0,0.891,5.71,41.4,0.00976,NA,"K08219",0.996972754793138,1,FALSE,FALSE,FALSE,FALSE
"K10094",0.323,0,0.303,28.3,27.4,0.0731,NA,"K10094",0.996972754793138,1,FALSE,FALSE,FALSE,FALSE
"K09939",0.254,0,0.53,-44.1,70,0.0446,NA,"K09939",0.996972754793138,1,FALSE,FALSE,FALSE,FALSE
"K03832",0.731,0,0.000418,-460,128,0.247,NA,"K03832",0.180384615384615,1,FALSE,FALSE,FALSE,FALSE
"K02303",0.955,0,0.0565,124,64.9,0.135,NA,"K02303",0.710526315789474,1,FALSE,FALSE,FALSE,FALSE
"K00363",0.507,0,0.924,2.79,29.1,0.0068,NA,"K00363",0.996972754793138,1,FALSE,FALSE,FALSE,FALSE
"K00362",0.537,0,0.969,1.19,30.7,0.00274,NA,"K00362",0.996972754793138,1,FALSE,FALSE,FALSE,FALSE
"K01620",0.871,0,0.345,41.9,44.3,0.067,NA,"K01620",0.996972754793138,1,FALSE,FALSE,FALSE,FALSE
"K02441",0.418,0,0.887,16.2,114,0.0101,NA,"K02441",0.996972754793138,1,FALSE,FALSE,FALSE,FALSE
"K02415",0.766,0,0.311,44.3,43.6,0.0718,NA,"K02415",0.996972754793138,1,FALSE,FALSE,FALSE,FALSE
"K03181",0.468,0,0.503,-147,219,0.0475,NA,"K03181",0.996972754793138,1,FALSE,FALSE,FALSE,FALSE
"K03179",0.716,0,0.835,45.7,219,0.0148,NA,"K03179",0.996972754793138,1,FALSE,FALSE,FALSE,FALSE
"K00631",0.468,0,0.358,94.1,102,0.0652,NA,"K00631",0.996972754793138,1,FALSE,FALSE,FALSE,FALSE
"K01356",0.95,0,0.992,1.47,140,0.000745,NA,"K01356",0.996987951807229,1,FALSE,FALSE,FALSE,FALSE
"K00322",0.468,0,0.714,39.1,107,0.026,NA,"K00322",0.996972754793138,1,FALSE,FALSE,FALSE,FALSE
"K22105",0.463,0,0.874,16.3,102,0.0113,NA,"K22105",0.996972754793138,1,FALSE,FALSE,FALSE,FALSE
"K08993",0.313,0,0.522,-49.6,77.2,0.0455,NA,"K08993",0.996972754793138,1,FALSE,FALSE,FALSE,FALSE
"K11065",0.597,0,0.801,26.1,104,0.0179,NA,"K11065",0.996972754793138,1,FALSE,FALSE,FALSE,FALSE
"K06199",0.96,0,0.32,-120,120,0.0704,NA,"K06199",0.996972754793138,1,FALSE,FALSE,FALSE,FALSE
"K03147",0.876,0,0.264,49.7,44.4,0.0791,NA,"K03147",0.987654320987654,1,FALSE,FALSE,FALSE,FALSE
"K00788",0.98,0,0.448,91.8,121,0.0538,NA,"K00788",0.996972754793138,1,FALSE,FALSE,FALSE,FALSE
"K03154",0.915,0,0.59,33.7,62.4,0.0382,NA,"K03154",0.996972754793138,1,FALSE,FALSE,FALSE,FALSE
"K03149",0.915,0,0.59,33.7,62.4,0.0382,NA,"K03149",0.996972754793138,1,FALSE,FALSE,FALSE,FALSE
"K11914",0.0697,0,0.488,24.8,35.7,0.0492,NA,"K11914",0.996972754793138,1,FALSE,FALSE,FALSE,FALSE
"K11907",0.408,0,0.0852,41.2,23.8,0.122,NA,"K11891,K11892,K11893,K11895,K11896,K11900,K11901,K11907",0.794776119402985,1,FALSE,FALSE,FALSE,FALSE
"K11903",0.408,0,0.0588,44.5,23.4,0.134,NA,"K11903",0.718826405867971,1,FALSE,FALSE,FALSE,FALSE
"K11904",0.493,0,0.651,11.1,24.5,0.0321,NA,"K11904",0.996972754793138,1,FALSE,FALSE,FALSE,FALSE
"K11910",0.219,0,0.67,10.7,25,0.0303,NA,"K11910",0.996972754793138,1,FALSE,FALSE,FALSE,FALSE
"K11905",0.229,0,0.54,14.6,23.8,0.0435,NA,"K11905",0.996972754793138,1,FALSE,FALSE,FALSE,FALSE
"K11911",0.169,0,0.745,-9.2,28.3,0.0231,NA,"K11911",0.996972754793138,1,FALSE,FALSE,FALSE,FALSE
"K11906",0.388,0,0.404,19,22.8,0.0591,NA,"K11906",0.996972754793138,1,FALSE,FALSE,FALSE,FALSE
"K25223",0.229,0,0.761,-10,33,0.0216,NA,"K25223",0.996972754793138,1,FALSE,FALSE,FALSE,FALSE
"K03892",0.861,0,0.908,-4.75,41.2,0.00819,NA,"K03892",0.996972754793138,1,FALSE,FALSE,FALSE,FALSE
"K07181",0.279,0,0.0831,-109,62.5,0.123,NA,"K07181",0.790566037735849,1,FALSE,FALSE,FALSE,FALSE
"K05834",0.876,0,0.00735,167,61.5,0.189,NA,"K05834",0.403804347826087,1,FALSE,FALSE,FALSE,FALSE
"K01048",0.443,0,0.593,-70.6,132,0.038,NA,"K01048",0.996972754793138,1,FALSE,FALSE,FALSE,FALSE
"K08306",0.189,0,0.0416,-82.6,40.3,0.144,NA,"K08306",0.6515625,1,FALSE,FALSE,FALSE,FALSE
"K03439",0.98,0,0.465,-127,173,0.0518,NA,"K03439",0.996972754793138,1,FALSE,FALSE,FALSE,FALSE
"K01425",0.731,0,0.401,23.9,28.4,0.0596,NA,"K01425",0.996972754793138,1,FALSE,FALSE,FALSE,FALSE
"K09131",0.378,0,0.933,2.8,33.3,0.00596,NA,"K09131",0.996972754793138,1,FALSE,FALSE,FALSE,FALSE
"K02221",0.91,0,0.681,-120,293,0.0292,NA,"K02221",0.996972754793138,1,FALSE,FALSE,FALSE,FALSE
"K02669",0.463,0,0.427,44.2,55.6,0.0563,NA,"K02669",0.996972754793138,1,FALSE,FALSE,FALSE,FALSE
"K02670",0.388,0,0.179,59,43.7,0.0953,NA,"K02670",0.903128153380424,1,FALSE,FALSE,FALSE,FALSE
"K07735",0.746,0,0.783,-83.8,305,0.0195,NA,"K07735",0.996972754793138,1,FALSE,FALSE,FALSE,FALSE
"K01920",0.701,0,0.46,123,167,0.0524,NA,"K01920",0.996972754793138,1,FALSE,FALSE,FALSE,FALSE
"K01150",0.458,0,0.227,161,133,0.0855,NA,"K01150",0.95959595959596,1,FALSE,FALSE,FALSE,FALSE
"K02742",0.398,0,0.614,53,105,0.0358,NA,"K02742",0.996972754793138,1,FALSE,FALSE,FALSE,FALSE
"K01624",0.925,0,0.616,43.5,86.5,0.0356,NA,"K01624",0.996972754793138,1,FALSE,FALSE,FALSE,FALSE
"K05596",0.627,0,0.077,62.8,35.3,0.125,NA,"K05596",0.781376518218624,1,FALSE,FALSE,FALSE,FALSE
"K09807",0.672,0,0.555,30.3,51.3,0.0419,NA,"K09807",0.996972754793138,1,FALSE,FALSE,FALSE,FALSE
"K00058",0.98,0,0.00661,384,140,0.191,NA,"K00058",0.388823529411765,1,FALSE,FALSE,FALSE,FALSE
"K01807",0.731,0,0.793,-27.1,103,0.0186,NA,"K01807",0.996972754793138,1,FALSE,FALSE,FALSE,FALSE
"K09888",0.836,0,0.969,-8.64,225,0.00272,NA,"K09888",0.996972754793138,1,FALSE,FALSE,FALSE,FALSE
"K03185",0.617,0,0.00351,265,89.9,0.205,NA,"K03185",0.307894736842105,1,FALSE,FALSE,FALSE,FALSE
"K18800",0.498,0,0.057,-217,113,0.134,NA,"K18800",0.712158808933003,1,FALSE,FALSE,FALSE,FALSE
"K06980",0.791,0,0.0454,-261,130,0.141,NA,"K06980",0.665689149560117,1,FALSE,FALSE,FALSE,FALSE
"K09159",0.637,0,0.615,31.2,61.9,0.0357,NA,"K09159",0.996972754793138,1,FALSE,FALSE,FALSE,FALSE
"K00278",0.92,0,0.00856,186,70.2,0.185,NA,"K00278,K03517",0.413063063063063,1,FALSE,FALSE,FALSE,FALSE
"K03597",0.542,0,0.169,-182,132,0.0975,NA,"K03597",0.883264462809917,1,FALSE,FALSE,FALSE,FALSE
"K03598",0.498,0,0.123,207,134,0.109,NA,"K03598",0.84016393442623,1,FALSE,FALSE,FALSE,FALSE
"K03803",0.308,0,0.26,130,115,0.0798,NA,"K03613,K03617,K03803",0.987654320987654,1,FALSE,FALSE,FALSE,FALSE
"K00997",0.607,0,0.98,-3.37,137,0.00175,NA,"K00997",0.996972754793138,1,FALSE,FALSE,FALSE,FALSE
"K07678",0.433,0,0.824,-62,278,0.0158,NA,"K07678,K09916",0.996972754793138,1,FALSE,FALSE,FALSE,FALSE
"K03215",0.881,0,0.682,-25.7,62.6,0.0291,NA,"K03215",0.996972754793138,1,FALSE,FALSE,FALSE,FALSE
"K04765",0.786,0,0.959,7.69,150,0.00363,NA,"K04765",0.996972754793138,1,FALSE,FALSE,FALSE,FALSE
"K00991",0.731,0,0.871,6.81,41.9,0.0115,NA,"K00991",0.996972754793138,1,FALSE,FALSE,FALSE,FALSE
"K01770",0.632,0,0.3,-59.2,57,0.0734,NA,"K01770",0.996972754793138,1,FALSE,FALSE,FALSE,FALSE
"K03787",0.741,0,0.456,-75.3,101,0.0529,NA,"K03787",0.996972754793138,1,FALSE,FALSE,FALSE,FALSE
"K00573",0.736,0,0.732,-38.1,111,0.0243,NA,"K00573",0.996972754793138,1,FALSE,FALSE,FALSE,FALSE
"K06194",0.692,0,0.00104,384,115,0.23,NA,"K06194",0.243181818181818,1,FALSE,FALSE,FALSE,FALSE
"K03087",0.443,0,0.774,-61.6,214,0.0204,NA,"K03087",0.996972754793138,1,FALSE,FALSE,FALSE,FALSE
"K03563",0.627,0,0.343,-39.7,41.8,0.0672,NA,"K03563",0.996972754793138,1,FALSE,FALSE,FALSE,FALSE
"K01573",0.129,0,0.68,64,155,0.0293,NA,"K01571,K01573,K20509",0.996972754793138,1,FALSE,FALSE,FALSE,FALSE
"K07263",0.841,0,0.35,77.9,83.2,0.0663,NA,"K07263",0.996972754793138,1,FALSE,FALSE,FALSE,FALSE
"K01919",0.697,0,0.446,82.8,108,0.0541,NA,"K01919",0.996972754793138,1,FALSE,FALSE,FALSE,FALSE
"K07173",0.289,0,0.308,-125,122,0.0723,NA,"K07173",0.996972754793138,1,FALSE,FALSE,FALSE,FALSE
"K09862",0.567,0,0.251,-42.2,36.7,0.0814,NA,"K09862",0.974378881987578,1,FALSE,FALSE,FALSE,FALSE
"K18778",0.234,0,0.957,-9.99,183,0.00386,NA,"K18778",0.996972754793138,1,FALSE,FALSE,FALSE,FALSE
"K02654",0.687,0,0.244,-147,126,0.0825,NA,"K02654",0.967614533965245,1,FALSE,FALSE,FALSE,FALSE
"K02653",0.448,0,0.0901,129,75.8,0.12,NA,"K02653",0.796847635726795,1,FALSE,FALSE,FALSE,FALSE
"K02650",0.502,0,0.902,8.16,66,0.00876,NA,"K02650",0.996972754793138,1,FALSE,FALSE,FALSE,FALSE
"K00767",0.96,0,0.0035,260,88,0.205,NA,"K00767",0.307894736842105,1,FALSE,FALSE,FALSE,FALSE
"K03806",0.493,0,0.614,98.4,195,0.0358,NA,"K03806",0.996972754793138,1,FALSE,FALSE,FALSE,FALSE
"K05799",0.627,0,0.0215,-152,65.7,0.162,NA,"K05799",0.586021505376344,1,FALSE,FALSE,FALSE,FALSE
"K00163",0.756,0,0.449,35.3,46.5,0.0537,NA,"K00163",0.996972754793138,1,FALSE,FALSE,FALSE,FALSE
"K00627",0.98,0,0.308,-180,176,0.0723,NA,"K00627",0.996972754793138,1,FALSE,FALSE,FALSE,FALSE
"K10913",0.0746,0,0.675,76.7,183,0.0297,NA,"K10913",0.996972754793138,1,FALSE,FALSE,FALSE,FALSE
"K00760",0.821,0,0.786,-36.3,134,0.0193,NA,"K00760",0.996972754793138,1,FALSE,FALSE,FALSE,FALSE
"K03321",0.955,0,0.525,-50.7,79.6,0.0451,NA,"K03321",0.996972754793138,1,FALSE,FALSE,FALSE,FALSE
"K01918",0.98,0,0.162,-149,106,0.099,NA,"K00606,K01918",0.877573131094258,1,FALSE,FALSE,FALSE,FALSE
"K00970",0.677,0,0.465,96.9,132,0.0518,NA,"K00970",0.996972754793138,1,FALSE,FALSE,FALSE,FALSE
"K01894",0.726,0,0.0108,128,49.7,0.18,NA,"K01894",0.428571428571429,1,FALSE,FALSE,FALSE,FALSE
"K06206",0.517,0,0.804,-42.2,170,0.0176,NA,"K06206",0.996972754793138,1,FALSE,FALSE,FALSE,FALSE
"K03579",0.716,0,0.272,133,121,0.0778,NA,"K03579",0.987654320987654,1,FALSE,FALSE,FALSE,FALSE
"K05365",0.458,0,0.505,-135,202,0.0473,NA,"K05365",0.996972754793138,1,FALSE,FALSE,FALSE,FALSE
"K01682",0.597,0,0.892,7.23,53.3,0.00962,NA,"K01682",0.996972754793138,1,FALSE,FALSE,FALSE,FALSE
"K09910",0.249,0,0.772,-61.1,210,0.0206,NA,"K01146,K09910",0.996972754793138,1,FALSE,FALSE,FALSE,FALSE
"K04752",0.682,0,0.654,-95.7,213,0.0318,NA,"K04752",0.996972754793138,1,FALSE,FALSE,FALSE,FALSE
"K04751",0.9,0,0.312,152,150,0.0717,NA,"K04751",0.996972754793138,1,FALSE,FALSE,FALSE,FALSE
"K02012",0.821,0,0.365,-48.3,53.2,0.0642,NA,"K02012",0.996972754793138,1,FALSE,FALSE,FALSE,FALSE
"K02011",0.821,0,0.786,16.6,60.9,0.0193,NA,"K02011",0.996972754793138,1,FALSE,FALSE,FALSE,FALSE
"K18675",0.0348,0,0.184,186,139,0.0942,NA,"K18675",0.913604766633565,1,FALSE,FALSE,FALSE,FALSE
"K12373",0.408,0,0.538,19.5,31.5,0.0437,NA,"K12373",0.996972754793138,1,FALSE,FALSE,FALSE,FALSE
"K18676",0.284,0,0.468,45.5,62.6,0.0515,NA,"K18676",0.996972754793138,1,FALSE,FALSE,FALSE,FALSE
"K01179",0.199,0,0.489,26.5,38.2,0.049,NA,"K01179",0.996972754793138,1,FALSE,FALSE,FALSE,FALSE
"K19694",0.119,0,0.0402,93,45,0.145,NA,"K19694",0.648387096774193,1,FALSE,FALSE,FALSE,FALSE
"K01845",0.91,0,0.892,-5.3,39.1,0.00961,NA,"K01845",0.996972754793138,1,FALSE,FALSE,FALSE,FALSE
"K15724",0.711,0,0.589,58.1,107,0.0384,NA,"K15724",0.996972754793138,1,FALSE,FALSE,FALSE,FALSE
"K18990",0.109,0,0.77,-27.7,94.9,0.0207,NA,"K18990",0.996972754793138,1,FALSE,FALSE,FALSE,FALSE
"K18989",0.109,0,0.77,-27.7,94.9,0.0207,NA,"K18989",0.996972754793138,1,FALSE,FALSE,FALSE,FALSE
"K19304",0.697,0,0.733,37.9,111,0.0242,NA,"K19304",0.996972754793138,1,FALSE,FALSE,FALSE,FALSE
"K07259",0.697,0,0.901,-10.9,87.5,0.00882,NA,"K07259",0.996972754793138,1,FALSE,FALSE,FALSE,FALSE
"K07574",0.682,0,0.931,28.2,327,0.00611,NA,"K07574",0.996972754793138,1,FALSE,FALSE,FALSE,FALSE
"K03075",0.846,0,0.0528,126,64.6,0.137,NA,"K03075",0.704,1,FALSE,FALSE,FALSE,FALSE
"K09748",0.965,0,0.646,144,312,0.0326,NA,"K09748,K10773",0.996972754793138,1,FALSE,FALSE,FALSE,FALSE
"K24845",0.373,0,0.00908,95.2,36.1,0.184,NA,"K24843,K24844,K24845",0.413063063063063,1,FALSE,FALSE,FALSE,FALSE
"K03824",0.493,0,0.725,11.9,33.8,0.025,NA,"K03824",0.996972754793138,1,FALSE,FALSE,FALSE,FALSE
"K02837",0.91,0,0.78,22.3,79.8,0.0198,NA,"K02837",0.996972754793138,1,FALSE,FALSE,FALSE,FALSE
"K03317",0.303,0,0.953,-4.02,67.5,0.00422,NA,"K03317",0.996972754793138,1,FALSE,FALSE,FALSE,FALSE
"K01619",0.736,0,0.517,-33,50.7,0.046,NA,"K01619",0.996972754793138,1,FALSE,FALSE,FALSE,FALSE
"K01839",0.463,0,0.739,29.2,87.8,0.0236,NA,"K01839",0.996972754793138,1,FALSE,FALSE,FALSE,FALSE
"K03784",0.403,0,0.387,67.5,77.9,0.0614,NA,"K03784",0.996972754793138,1,FALSE,FALSE,FALSE,FALSE
"K01079",0.771,0,0.773,18.5,64.1,0.0205,NA,"K01079",0.996972754793138,1,FALSE,FALSE,FALSE,FALSE
"K03566",0.677,0,0.95,-4.77,75.6,0.00447,NA,"K03566",0.996972754793138,1,FALSE,FALSE,FALSE,FALSE
"K02282",0.453,0,0.232,-42,35,0.0848,NA,"K02282",0.962962962962963,1,FALSE,FALSE,FALSE,FALSE
"K07240",0.711,0,0.856,-10.1,55.5,0.0129,NA,"K07240",0.996972754793138,1,FALSE,FALSE,FALSE,FALSE
"K27069",0.114,0,0.806,-21.3,86.7,0.0174,NA,"K27069",0.996972754793138,1,FALSE,FALSE,FALSE,FALSE
"K07407",0.458,0,0.429,27.7,34.9,0.0561,NA,"K07407",0.996972754793138,1,FALSE,FALSE,FALSE,FALSE
"K03307",0.791,0,0.00809,130,48.6,0.186,NA,"K03307",0.404455445544554,1,FALSE,FALSE,FALSE,FALSE
"K10111",0.517,0,0.00549,96.5,34.4,0.195,NA,"K10111",0.374,1,FALSE,FALSE,FALSE,FALSE
"K10191",0.0945,0,0.813,24.6,104,0.0168,NA,"K10191",0.996972754793138,1,FALSE,FALSE,FALSE,FALSE
"K10112",0.746,0,0.147,-69.8,48,0.103,NA,"K10112",0.855646100116414,1,FALSE,FALSE,FALSE,FALSE
"K02025",0.652,0,0.91,3.6,31.9,0.00801,NA,"K02025",0.996972754793138,1,FALSE,FALSE,FALSE,FALSE
"K02026",0.572,0,0.848,-6.04,31.4,0.0136,NA,"K02026",0.996972754793138,1,FALSE,FALSE,FALSE,FALSE
"K10117",0.473,0,0.133,69.4,46.1,0.106,NA,"K10117",0.855646100116414,1,FALSE,FALSE,FALSE,FALSE
"K01190",0.463,0,0.192,50.3,38.4,0.0924,NA,"K01190",0.927342256214149,1,FALSE,FALSE,FALSE,FALSE
"K03931",0.0746,0,0.067,92.1,50,0.129,NA,"K03931",0.747216035634744,1,FALSE,FALSE,FALSE,FALSE
"K12112",0.0697,0,0.323,129,130,0.0701,NA,"K12112,K12113",0.996972754793138,1,FALSE,FALSE,FALSE,FALSE
"K12111",0.0846,0,0.22,91.5,74.4,0.0869,NA,"K12111",0.958727429062769,1,FALSE,FALSE,FALSE,FALSE
"K00965",0.463,0,0.61,-33,64.5,0.0362,NA,"K00965",0.996972754793138,1,FALSE,FALSE,FALSE,FALSE
"K00849",0.512,0,0.675,-21.4,50.8,0.0298,NA,"K00849",0.996972754793138,1,FALSE,FALSE,FALSE,FALSE
"K01785",0.886,0,0.78,12.2,43.7,0.0198,NA,"K01785",0.996972754793138,1,FALSE,FALSE,FALSE,FALSE
"K07234",0.483,0,0.544,20,32.8,0.0431,NA,"K07234",0.996972754793138,1,FALSE,FALSE,FALSE,FALSE
"K21053",0.498,0,0.571,-40.6,71.6,0.0402,NA,"K21053",0.996972754793138,1,FALSE,FALSE,FALSE,FALSE
"K06987",0.527,0,0.498,-26.8,39.6,0.048,NA,"K06987",0.996972754793138,1,FALSE,FALSE,FALSE,FALSE
"K01270",0.343,0,0.632,25.9,54,0.034,NA,"K01270",0.996972754793138,1,FALSE,FALSE,FALSE,FALSE
"K00769",0.274,0,0.971,5.64,157,0.00254,NA,"K00769",0.996972754793138,1,FALSE,FALSE,FALSE,FALSE
"K11750",0.169,0,0.251,70,60.8,0.0814,NA,"K11750",0.974378881987578,1,FALSE,FALSE,FALSE,FALSE
"K14652",0.771,0,0.655,-39.1,87.4,0.0317,NA,"K14652",0.996972754793138,1,FALSE,FALSE,FALSE,FALSE
"K00946",0.781,0,0.601,-79.1,151,0.0372,NA,"K00946",0.996972754793138,1,FALSE,FALSE,FALSE,FALSE
"K01095",0.498,0,0.59,-29.9,55.4,0.0383,NA,"K01095",0.996972754793138,1,FALSE,FALSE,FALSE,FALSE
"K01662",0.98,0,0.788,96.4,358,0.0191,NA,"K01591,K01662,K13421,K21556",0.996972754793138,1,FALSE,FALSE,FALSE,FALSE
"K00795",0.657,0,0.935,18.8,231,0.00578,NA,"K00795",0.996972754793138,1,FALSE,FALSE,FALSE,FALSE
"K02556",0.826,0,0.547,-24.8,41,0.0428,NA,"K02556",0.996972754793138,1,FALSE,FALSE,FALSE,FALSE
"K02557",0.826,0,0.108,-66.2,41,0.114,NA,"K02557",0.839813374805599,1,FALSE,FALSE,FALSE,FALSE
"K03151",0.537,0,0.444,-147,191,0.0543,NA,"K03151",0.996972754793138,1,FALSE,FALSE,FALSE,FALSE
"K07020",0.552,0,0.949,-6.44,99.6,0.00458,NA,"K07020",0.996972754793138,1,FALSE,FALSE,FALSE,FALSE
"K06968",0.483,0,0.845,38.1,195,0.0138,NA,"K06968",0.996972754793138,1,FALSE,FALSE,FALSE,FALSE
"K06966",0.458,0,0.972,8.53,244,0.00248,NA,"K06966",0.996972754793138,1,FALSE,FALSE,FALSE,FALSE
"K06879",0.547,0,0.93,-8.5,96.6,0.00624,NA,"K06879",0.996972754793138,1,FALSE,FALSE,FALSE,FALSE
"K03273",0.637,0,0.164,49,35.1,0.0986,NA,"K03273",0.881720430107527,1,FALSE,FALSE,FALSE,FALSE
"K03485",0.119,0,0.237,134,113,0.0838,NA,"K03485",0.96419853539463,1,FALSE,FALSE,FALSE,FALSE
"K02819",0.308,0,0.629,17.4,35.9,0.0343,NA,"K01226,K02819",0.996972754793138,1,FALSE,FALSE,FALSE,FALSE
"K22900",0.448,0,0.444,-55.2,71.9,0.0543,NA,"K22900",0.996972754793138,1,FALSE,FALSE,FALSE,FALSE
"K09768",0.741,0,0.615,36.4,72.2,0.0357,NA,"K09768",0.996972754793138,1,FALSE,FALSE,FALSE,FALSE
"K06175",0.373,0,0.702,-36.4,94.9,0.0272,NA,"K06175",0.996972754793138,1,FALSE,FALSE,FALSE,FALSE
"K00990",0.706,0,0.633,-117,244,0.0339,NA,"K00990",0.996972754793138,1,FALSE,FALSE,FALSE,FALSE
"K06142",0.622,0,0.00523,247,87.6,0.196,NA,"K06142",0.363194444444444,1,FALSE,FALSE,FALSE,FALSE
"K02536",0.716,0,0.562,-166,286,0.0412,NA,"K02536",0.996972754793138,1,FALSE,FALSE,FALSE,FALSE
"K00677",0.721,0,0.416,-196,240,0.0577,NA,"K00677",0.996972754793138,1,FALSE,FALSE,FALSE,FALSE
"K00748",0.716,0,0.562,-166,286,0.0412,NA,"K00748",0.996972754793138,1,FALSE,FALSE,FALSE,FALSE
"K01962",0.851,0,0.389,201,232,0.0611,NA,"K01962",0.996972754793138,1,FALSE,FALSE,FALSE,FALSE
"K08307",0.607,0,0.914,-17,157,0.00767,NA,"K08307",0.996972754793138,1,FALSE,FALSE,FALSE,FALSE
"K01069",0.896,0,0.845,-10.8,55.2,0.0139,NA,"K01069",0.996972754793138,1,FALSE,FALSE,FALSE,FALSE
"K03469",0.861,0,0.833,12.3,58.6,0.0149,NA,"K03469",0.996972754793138,1,FALSE,FALSE,FALSE,FALSE
"K00761",0.92,0,0.374,-268,301,0.063,NA,"K00761",0.996972754793138,1,FALSE,FALSE,FALSE,FALSE
"K02824",0.547,0,0.895,-30.1,229,0.00933,NA,"K02824",0.996972754793138,1,FALSE,FALSE,FALSE,FALSE
"K09938",0.463,0,0.484,-72.5,103,0.0497,NA,"K09938",0.996972754793138,1,FALSE,FALSE,FALSE,FALSE
"K00537",0.791,0,0.0903,-72,42.3,0.12,NA,"K00537",0.796847635726795,1,FALSE,FALSE,FALSE,FALSE
"K03548",0.398,0,0.471,59.3,82.1,0.0512,NA,"K03548",0.996972754793138,1,FALSE,FALSE,FALSE,FALSE
"K03564",0.985,0,0.345,121,128,0.0669,NA,"K03564",0.996972754793138,1,FALSE,FALSE,FALSE,FALSE
"K03567",0.428,0,0.472,98.7,137,0.0511,NA,"K03567",0.996972754793138,1,FALSE,FALSE,FALSE,FALSE
"K07287",0.537,0,0.213,158,126,0.0883,NA,"K07287",0.946666666666667,1,FALSE,FALSE,FALSE,FALSE
"K07260",0.493,0,0.754,14.4,45.9,0.0222,NA,"K07260",0.996972754793138,1,FALSE,FALSE,FALSE,FALSE
"K01439",0.876,0,0.698,-58.8,151,0.0275,NA,"K01439",0.996972754793138,1,FALSE,FALSE,FALSE,FALSE
"K07223",0.418,0,0.559,23.1,39.5,0.0415,NA,"K07223",0.996972754793138,1,FALSE,FALSE,FALSE,FALSE
"K02406",0.816,0,0.7,-13.2,34.3,0.0274,NA,"K02406",0.996972754793138,1,FALSE,FALSE,FALSE,FALSE
"K02777",0.254,0,0.891,-20,146,0.00969,NA,"K02777",0.996972754793138,1,FALSE,FALSE,FALSE,FALSE
"K08483",0.642,0,0.463,27.2,36.9,0.0521,NA,"K08483",0.996972754793138,1,FALSE,FALSE,FALSE,FALSE
"K01738",0.871,0,0.907,-9.91,84.4,0.00832,NA,"K01738",0.996972754793138,1,FALSE,FALSE,FALSE,FALSE
"K06203",0.607,0,0.583,61.4,112,0.039,NA,"K06203",0.996972754793138,1,FALSE,FALSE,FALSE,FALSE
"K07340",0.468,0,0.0902,52.8,31,0.12,NA,"K07340",0.796847635726795,1,FALSE,FALSE,FALSE,FALSE
"K26392",0.582,0,0.875,-3.89,24.7,0.0112,NA,"K26392",0.996972754793138,1,FALSE,FALSE,FALSE,FALSE
"K05838",0.796,0,0.481,138,195,0.05,NA,"K05838",0.996972754793138,1,FALSE,FALSE,FALSE,FALSE
"K07071",0.801,0,0.215,-74.9,60.1,0.0879,NA,"K07071",0.949646643109541,1,FALSE,FALSE,FALSE,FALSE
"K07095",0.532,0,0.537,-18.2,29.4,0.0438,NA,"K07095",0.996972754793138,1,FALSE,FALSE,FALSE,FALSE
"K07401",0.413,0,0.0851,-116,67.3,0.122,NA,"K07401",0.794776119402985,1,FALSE,FALSE,FALSE,FALSE
"K04079",0.761,0,0.544,36.2,59.5,0.043,NA,"K04079",0.996972754793138,1,FALSE,FALSE,FALSE,FALSE
"K00939",0.955,0,0.707,45.4,121,0.0267,NA,"K00939",0.996972754793138,1,FALSE,FALSE,FALSE,FALSE
"K01772",0.985,0,0.598,-25.6,48.5,0.0374,NA,"K01772",0.996972754793138,1,FALSE,FALSE,FALSE,FALSE
"K03305",0.547,0,0.229,53.7,44.5,0.0853,NA,"K03305",0.959933222036728,1,FALSE,FALSE,FALSE,FALSE
"K05785",0.299,0,0.0553,46.2,24,0.135,NA,"K05785",0.704834605597964,1,FALSE,FALSE,FALSE,FALSE
"K01953",0.791,0,0.927,-3.11,33.9,0.0065,NA,"K01953",0.996972754793138,1,FALSE,FALSE,FALSE,FALSE
"K02565",0.149,0,0.825,16.1,72.9,0.0157,NA,"K02565",0.996972754793138,1,FALSE,FALSE,FALSE,FALSE
"K01443",0.731,0,0.519,-18.5,28.7,0.0457,NA,"K01443",0.996972754793138,1,FALSE,FALSE,FALSE,FALSE
"K02804",0.398,0,0.354,-26.7,28.7,0.0657,NA,"K02804",0.996972754793138,1,FALSE,FALSE,FALSE,FALSE
"K01886",0.682,0,0.424,129,161,0.0568,NA,"K01886",0.996972754793138,1,FALSE,FALSE,FALSE,FALSE
"K03711",0.945,0,0.446,63.9,83.8,0.054,NA,"K03711",0.996972754793138,1,FALSE,FALSE,FALSE,FALSE
"K01175",0.333,0,0.865,12.9,75.7,0.012,NA,"K01175",0.996972754793138,1,FALSE,FALSE,FALSE,FALSE
"K01835",0.811,0,0.939,6.25,81.9,0.00541,NA,"K01835",0.996972754793138,1,FALSE,FALSE,FALSE,FALSE
"K09977",0.289,0,0.505,-91.5,137,0.0473,NA,"K09977",0.996972754793138,1,FALSE,FALSE,FALSE,FALSE
"K01647",0.9,0,0.513,-35.3,53.8,0.0464,NA,"K01647",0.996972754793138,1,FALSE,FALSE,FALSE,FALSE
"K00241",0.801,0,0.0974,-58.6,35.2,0.117,NA,"K00241",0.817114093959732,1,FALSE,FALSE,FALSE,FALSE
"K00242",0.821,0,0.8,-93.7,369,0.018,NA,"K00242",0.996972754793138,1,FALSE,FALSE,FALSE,FALSE
"K00164",0.706,0,0.782,38.2,138,0.0196,NA,"K00164",0.996972754793138,1,FALSE,FALSE,FALSE,FALSE
"K09816",0.602,0,0.436,93.6,120,0.0553,NA,"K09816",0.996972754793138,1,FALSE,FALSE,FALSE,FALSE
"K09817",0.612,0,0.978,2.98,107,0.00197,NA,"K09817",0.996972754793138,1,FALSE,FALSE,FALSE,FALSE
"K09815",0.587,0,0.138,95.7,64.2,0.105,NA,"K09815",0.855646100116414,1,FALSE,FALSE,FALSE,FALSE
"K19693",0.0846,0,0.744,17,51.9,0.0232,NA,"K19693",0.996972754793138,1,FALSE,FALSE,FALSE,FALSE
"K04758",0.383,0,0.222,54.9,44.8,0.0865,NA,"K04758",0.958727429062769,1,FALSE,FALSE,FALSE,FALSE
"K04759",0.383,0,0.222,54.9,44.8,0.0865,NA,"K04759",0.958727429062769,1,FALSE,FALSE,FALSE,FALSE
"K10123",0.0746,0,0.675,76.7,183,0.0297,NA,"K10123",0.996972754793138,1,FALSE,FALSE,FALSE,FALSE
"K01433",0.965,0,0.62,55,111,0.0352,NA,"K01433",0.996972754793138,1,FALSE,FALSE,FALSE,FALSE
"K03722",0.796,0,0.504,126,188,0.0474,NA,"K03722",0.996972754793138,1,FALSE,FALSE,FALSE,FALSE
"K07285",0.194,0,0.343,168,176,0.0672,NA,"K07285",0.996972754793138,1,FALSE,FALSE,FALSE,FALSE
"K03684",0.746,0,0.958,14.4,272,0.00375,NA,"K03684",0.996972754793138,1,FALSE,FALSE,FALSE,FALSE
"K03608",0.642,0,0.868,-21.5,129,0.0118,NA,"K03608",0.996972754793138,1,FALSE,FALSE,FALSE,FALSE
"K03609",0.766,0,0.892,-17.2,127,0.00961,NA,"K03609",0.996972754793138,1,FALSE,FALSE,FALSE,FALSE
"K03610",0.766,0,0.892,-17.2,127,0.00961,NA,"K03610",0.996972754793138,1,FALSE,FALSE,FALSE,FALSE
"K09906",0.224,0,0.963,-7.52,160,0.00333,NA,"K09906",0.996972754793138,1,FALSE,FALSE,FALSE,FALSE
"K15461",0.627,0,0.415,-194,237,0.0578,NA,"K15461",0.996972754793138,1,FALSE,FALSE,FALSE,FALSE
"K00647",0.642,0,0.0997,93.5,56.5,0.116,NA,"K00647",0.819672131147541,1,FALSE,FALSE,FALSE,FALSE
"K03473",0.428,0,0.314,128,126,0.0714,NA,"K03473",0.996972754793138,1,FALSE,FALSE,FALSE,FALSE
"K06173",0.975,0,0.991,-1.28,119,0.000765,NA,"K06173",0.996987951807229,1,FALSE,FALSE,FALSE,FALSE
"K01963",0.836,0,0.428,111,140,0.0562,NA,"K01963",0.996972754793138,1,FALSE,FALSE,FALSE,FALSE
"K03749",0.547,0,0.987,4.45,280,0.00112,NA,"K03749,K05591,K25422",0.996972754793138,1,FALSE,FALSE,FALSE,FALSE
"K03558",0.93,0,0.08,-186,106,0.124,NA,"K03558",0.784046692607004,1,FALSE,FALSE,FALSE,FALSE
"K09790",0.667,0,0.744,-19.9,60.9,0.0232,NA,"K09790",0.996972754793138,1,FALSE,FALSE,FALSE,FALSE
"K00759",0.935,0,0.989,-0.919,63.9,0.00102,NA,"K00759",0.996975806451613,1,FALSE,FALSE,FALSE,FALSE
"K09747",0.851,0,0.987,4.36,260,0.00119,NA,"K09747",0.996972754793138,1,FALSE,FALSE,FALSE,FALSE
"K06188",0.582,0,0.268,31.6,28.4,0.0785,NA,"K06188",0.987654320987654,1,FALSE,FALSE,FALSE,FALSE
"K09160",0.577,0,0.984,-5.13,260,0.0014,NA,"K09160",0.996972754793138,1,FALSE,FALSE,FALSE,FALSE
"K01077",0.478,0,0.485,-27.7,39.5,0.0496,NA,"K01077",0.996972754793138,1,FALSE,FALSE,FALSE,FALSE
"K03451",0.179,0,0.873,-21.7,135,0.0114,NA,"K03451",0.996972754793138,1,FALSE,FALSE,FALSE,FALSE
"K00563",0.552,0,0.796,-18.6,72.2,0.0183,NA,"K00563",0.996972754793138,1,FALSE,FALSE,FALSE,FALSE
"K01792",0.473,0,0.0293,-280,128,0.154,NA,"K01792",0.64657980456026,1,FALSE,FALSE,FALSE,FALSE
"K00134",0.975,0,0.672,41.2,97.1,0.0301,NA,"K00134",0.996972754793138,1,FALSE,FALSE,FALSE,FALSE
"K01424",0.826,0,0.372,-34.8,38.9,0.0633,NA,"K01424",0.996972754793138,1,FALSE,FALSE,FALSE,FALSE
"K04773",0.831,0,0.745,40.2,123,0.0231,NA,"K04773",0.996972754793138,1,FALSE,FALSE,FALSE,FALSE
"K00219",0.547,0,0.466,53,72.5,0.0518,NA,"K00219",0.996972754793138,1,FALSE,FALSE,FALSE,FALSE
"K03169",0.637,0,0.029,104,47.3,0.154,NA,"K03169",0.64657980456026,1,FALSE,FALSE,FALSE,FALSE
"K07014",0.254,0,0.00743,-335,124,0.188,NA,"K07014",0.403804347826087,1,FALSE,FALSE,FALSE,FALSE
"K09904",0.224,0,0.267,119,107,0.0787,NA,"K09904",0.987654320987654,1,FALSE,FALSE,FALSE,FALSE
"K06899",0.438,0,0.369,-75.7,84.1,0.0637,NA,"K06899",0.996972754793138,1,FALSE,FALSE,FALSE,FALSE
"K10716",0.378,0,0.206,-54.2,42.7,0.0896,NA,"K10716",0.943482224247949,1,FALSE,FALSE,FALSE,FALSE
"K04072",0.194,0,0.559,-84.7,145,0.0414,NA,"K04072",0.996972754793138,1,FALSE,FALSE,FALSE,FALSE
"K07396",0.592,0,0.723,-13.2,37.2,0.0252,NA,"K07396",0.996972754793138,1,FALSE,FALSE,FALSE,FALSE
"K07084",0.418,0,0.433,-96.8,123,0.0557,NA,"K07084",0.996972754793138,1,FALSE,FALSE,FALSE,FALSE
"K21218",0.343,0,0.386,-136,156,0.0615,NA,"K10942,K10943,K21218",0.996972754793138,1,FALSE,FALSE,FALSE,FALSE
"K01759",0.816,0,0.747,27.8,86.1,0.0229,NA,"K01759",0.996972754793138,1,FALSE,FALSE,FALSE,FALSE
"K03612",0.423,0,0.763,-24.1,79.7,0.0214,NA,"K03612,K03614",0.996972754793138,1,FALSE,FALSE,FALSE,FALSE
"K03615",0.318,0,0.804,12.1,48.8,0.0176,NA,"K03615",0.996972754793138,1,FALSE,FALSE,FALSE,FALSE
"K03616",0.552,0,0.239,157,133,0.0834,NA,"K03616",0.966046887631366,1,FALSE,FALSE,FALSE,FALSE
"K10911",0.104,0,0.602,-24.4,46.7,0.037,NA,"K10911",0.996972754793138,1,FALSE,FALSE,FALSE,FALSE
"K03639",0.97,0,0.157,93.5,65.9,0.1,NA,"K03635,K03637,K03639",0.874049945711183,1,FALSE,FALSE,FALSE,FALSE
"K03638",0.711,0,0.669,34.5,80.4,0.0304,NA,"K03638",0.996972754793138,1,FALSE,FALSE,FALSE,FALSE
"K03636",0.955,0,0.0983,106,63.9,0.117,NA,"K03636",0.817803660565724,1,FALSE,FALSE,FALSE,FALSE
"K15580",0.567,0,0.172,-89.5,65.3,0.0967,NA,"K15580",0.88659793814433,1,FALSE,FALSE,FALSE,FALSE
"K15581",0.562,0,0.0629,-117,62.5,0.131,NA,"K15581",0.731651376146789,1,FALSE,FALSE,FALSE,FALSE
"K15582",0.552,0,0.169,-87.7,63.6,0.0973,NA,"K15582",0.883264462809917,1,FALSE,FALSE,FALSE,FALSE
"K07393",0.577,0,0.489,31,44.7,0.0491,NA,"K07393",0.996972754793138,1,FALSE,FALSE,FALSE,FALSE
"K13788",0.572,0,0.193,-120,91.5,0.0923,NA,"K13788",0.927342256214149,1,FALSE,FALSE,FALSE,FALSE
"K00925",0.786,0,0.929,-5.35,59.8,0.00634,NA,"K00925",0.996972754793138,1,FALSE,FALSE,FALSE,FALSE
"K01989",0.249,0,0.0898,-85.3,50,0.12,NA,"K01989",0.796847635726795,1,FALSE,FALSE,FALSE,FALSE
"K05541",0.478,0,0.694,61.2,155,0.028,NA,"K05541",0.996972754793138,1,FALSE,FALSE,FALSE,FALSE
"K07039",0.368,0,0.143,69.9,47.5,0.104,NA,"K07039",0.855646100116414,1,FALSE,FALSE,FALSE,FALSE
"K03611",0.582,0,0.661,60.6,138,0.0311,NA,"K03611",0.996972754793138,1,FALSE,FALSE,FALSE,FALSE
"K03314",0.254,0,0.658,-19.1,43,0.0314,NA,"K03314",0.996972754793138,1,FALSE,FALSE,FALSE,FALSE
"K03603",0.244,0,0.662,-74.5,170,0.0311,NA,"K03603",0.996972754793138,1,FALSE,FALSE,FALSE,FALSE
"K00876",0.428,0,0.898,-23.6,185,0.00905,NA,"K00876",0.996972754793138,1,FALSE,FALSE,FALSE,FALSE
"K07289",0.512,0,0.789,22.6,84.7,0.019,NA,"K07289",0.996972754793138,1,FALSE,FALSE,FALSE,FALSE
"K19221",0.672,0,0.302,92.6,89.5,0.0731,NA,"K19221",0.996972754793138,1,FALSE,FALSE,FALSE,FALSE
"K08300",0.796,0,0.227,57.3,47.3,0.0856,NA,"K08300",0.95959595959596,1,FALSE,FALSE,FALSE,FALSE
"K07040",0.905,0,0.722,17.3,48.7,0.0252,NA,"K07040",0.996972754793138,1,FALSE,FALSE,FALSE,FALSE
"K03621",0.776,0,0.899,-25.4,201,0.00898,NA,"K03621",0.996972754793138,1,FALSE,FALSE,FALSE,FALSE
"K00645",0.96,0,0.0633,94.3,50.5,0.131,NA,"K00645",0.731651376146789,1,FALSE,FALSE,FALSE,FALSE
"K02619",0.617,0,0.972,-1.74,50.1,0.00246,NA,"K02619",0.996972754793138,1,FALSE,FALSE,FALSE,FALSE
"K03415",0.592,0,0.406,53.8,64.7,0.0589,NA,"K03415",0.996972754793138,1,FALSE,FALSE,FALSE,FALSE
"K14162",0.592,0,0.711,-51.7,139,0.0263,NA,"K14162",0.996972754793138,1,FALSE,FALSE,FALSE,FALSE
"K14161",0.512,0,0.494,-86.5,126,0.0485,NA,"K14161",0.996972754793138,1,FALSE,FALSE,FALSE,FALSE
"K14160",0.453,0,0.484,56.2,80.1,0.0497,NA,"K14160",0.996972754793138,1,FALSE,FALSE,FALSE,FALSE
"K06415",0.692,0,0.312,84.7,83.5,0.0717,NA,"K06415,K07180,K09786",0.996972754793138,1,FALSE,FALSE,FALSE,FALSE
"K09161",0.159,0,0.384,47.8,54.9,0.0617,NA,"K09161",0.996972754793138,1,FALSE,FALSE,FALSE,FALSE
"K04069",0.323,0,0.0328,75.2,35,0.151,NA,"K04069",0.64657980456026,1,FALSE,FALSE,FALSE,FALSE
"K09953",0.114,0,0.212,69.3,55.4,0.0884,NA,"K09953",0.946666666666667,1,FALSE,FALSE,FALSE,FALSE
"K00656",0.209,0,0.542,-80.7,132,0.0433,NA,"K00656",0.996972754793138,1,FALSE,FALSE,FALSE,FALSE
"K10025",0.194,0,0.616,-87.7,174,0.0356,NA,"K10025",0.996972754793138,1,FALSE,FALSE,FALSE,FALSE
"K10022",0.259,0,0.704,-28.8,75.6,0.027,NA,"K10022",0.996972754793138,1,FALSE,FALSE,FALSE,FALSE
"K10024",0.264,0,0.981,-3.34,144,0.00165,NA,"K10024",0.996972754793138,1,FALSE,FALSE,FALSE,FALSE
"K10023",0.269,0,0.000183,-293,76.9,0.261,NA,"K10023",0.136428571428571,0.915,FALSE,FALSE,FALSE,FALSE
"K01142",0.975,0,0.309,207,203,0.0721,NA,"K01142,K01318,K02253,K06293,K06319,K06321,K06340,K06359,K06362,K06366,K06368,K06369,K06427,K06430,K06437,K13037,K15655,K15656,K15657,K16694,K16697,K16698,K16699,K16705,K16706,K18652,K18653,K18938,K19220,K19349,K19417,K19418,K19421,K19423,K19425,K19426,K19432,K19433,K19546,K19547,K19548,K19549,K19550,K20332,K20333,K21466,K25602,K26248,K26991",0.996972754793138,1,FALSE,FALSE,FALSE,FALSE
"K01354",0.751,0,0.431,119,151,0.0558,NA,"K01354",0.996972754793138,1,FALSE,FALSE,FALSE,FALSE
"K18850",0.572,0,0.4,84,99.7,0.0596,NA,"K18850",0.996972754793138,1,FALSE,FALSE,FALSE,FALSE
"K04067",0.189,0,0.913,20.8,191,0.00772,NA,"K04067",0.996972754793138,1,FALSE,FALSE,FALSE,FALSE
"K06181",0.612,0,0.41,-69,83.5,0.0584,NA,"K06181",0.996972754793138,1,FALSE,FALSE,FALSE,FALSE
"K06891",0.871,0,0.949,13.2,207,0.00453,NA,"K06891",0.996972754793138,1,FALSE,FALSE,FALSE,FALSE
"K21420",0.587,0,0.603,50.6,97.1,0.0369,NA,"K21420",0.996972754793138,1,FALSE,FALSE,FALSE,FALSE
"K00684",0.736,0,0.729,41.9,121,0.0246,NA,"K00684",0.996972754793138,1,FALSE,FALSE,FALSE,FALSE
"K06077",0.562,0,0.619,35.2,70.6,0.0353,NA,"K06077",0.996972754793138,1,FALSE,FALSE,FALSE,FALSE
"K03168",0.925,0,0.479,51,71.9,0.0502,NA,"K03168",0.996972754793138,1,FALSE,FALSE,FALSE,FALSE
"K00703",0.736,0,0.347,-34.2,36.3,0.0667,NA,"K00703",0.996972754793138,1,FALSE,FALSE,FALSE,FALSE
"K03533",0.0746,0,0.675,76.7,183,0.0297,NA,"K03533",0.996972754793138,1,FALSE,FALSE,FALSE,FALSE
"K07772",0.129,0,0.33,-35.2,36.1,0.0691,NA,"K07772",0.996972754793138,1,FALSE,FALSE,FALSE,FALSE
"K06219",0.343,0,0.845,33.1,169,0.0139,NA,"K06219",0.996972754793138,1,FALSE,FALSE,FALSE,FALSE
"K15257",0.443,0,0.268,178,160,0.0786,NA,"K15257",0.987654320987654,1,FALSE,FALSE,FALSE,FALSE
"K15256",0.642,0,0.934,-3.16,38.1,0.00588,NA,"K15256",0.996972754793138,1,FALSE,FALSE,FALSE,FALSE
"K01876",0.97,0,0.0659,333,180,0.13,NA,"K01876",0.738789237668161,1,FALSE,FALSE,FALSE,FALSE
"K01159",0.905,0,0.542,-45.9,75.2,0.0433,NA,"K01159",0.996972754793138,1,FALSE,FALSE,FALSE,FALSE
"K03646",0.557,0,0.306,65.6,64,0.0725,NA,"K03646",0.996972754793138,1,FALSE,FALSE,FALSE,FALSE
"K03641",0.701,0,0.947,-5.2,78.1,0.00471,NA,"K03641",0.996972754793138,1,FALSE,FALSE,FALSE,FALSE
"K03640",0.706,0,0.876,-18.2,116,0.0111,NA,"K03640",0.996972754793138,1,FALSE,FALSE,FALSE,FALSE
"K28156",0.0995,0,0.176,57,42,0.0958,NA,"K28156",0.896130346232179,1,FALSE,FALSE,FALSE,FALSE
"K00694",0.363,0,0.988,-0.349,24,0.00103,NA,"K00694",0.996972754793138,1,FALSE,FALSE,FALSE,FALSE
"K20541",0.284,0,0.912,2.93,26.4,0.00787,NA,"K20541,K20543",0.996972754793138,1,FALSE,FALSE,FALSE,FALSE
"K20542",0.368,0,0.692,-9.47,23.8,0.0281,NA,"K20542",0.996972754793138,1,FALSE,FALSE,FALSE,FALSE
"K11688",0.662,0,0.187,31.5,23.8,0.0935,NA,"K11688",0.918467583497053,1,FALSE,FALSE,FALSE,FALSE
"K11689",0.587,0,0.119,35.4,22.6,0.11,NA,"K11689",0.84016393442623,1,FALSE,FALSE,FALSE,FALSE
"K11690",0.547,0,0.0611,42.1,22.4,0.132,NA,"K11690",0.730861244019139,1,FALSE,FALSE,FALSE,FALSE
"K00285",0.607,0,0.439,-49.8,64.3,0.0548,NA,"K00285",0.996972754793138,1,FALSE,FALSE,FALSE,FALSE
"K03576",0.507,0,0.16,73.8,52.4,0.0994,NA,"K03576",0.874049945711183,1,FALSE,FALSE,FALSE,FALSE
"K09780",0.826,0,0.492,24.9,36.2,0.0487,NA,"K09780",0.996972754793138,1,FALSE,FALSE,FALSE,FALSE
"K10806",0.826,0,0.919,-11.6,115,0.00719,NA,"K10806",0.996972754793138,1,FALSE,FALSE,FALSE,FALSE
"K06190",0.632,0,0.911,-13,116,0.00796,NA,"K06190",0.996972754793138,1,FALSE,FALSE,FALSE,FALSE
"K07403",0.259,0,0.471,-23.9,33,0.0512,NA,"K07403",0.996972754793138,1,FALSE,FALSE,FALSE,FALSE
"K01657",0.905,0,0.847,38.9,201,0.0137,NA,"K01657",0.996972754793138,1,FALSE,FALSE,FALSE,FALSE
"K07053",0.697,0,0.77,-19.3,65.9,0.0208,NA,"K07053",0.996972754793138,1,FALSE,FALSE,FALSE,FALSE
"K06178",0.98,0,0.941,-11.4,153,0.00528,NA,"K06178,K15579",0.996972754793138,1,FALSE,FALSE,FALSE,FALSE
"K09901",0.219,0,0.213,261,209,0.0883,NA,"K09897,K09901,K15536,K19226,K19227,K19228",0.946666666666667,1,FALSE,FALSE,FALSE,FALSE
"K02336",0.488,0,0.807,-18.5,76,0.0173,NA,"K02336",0.996972754793138,1,FALSE,FALSE,FALSE,FALSE
"K07689",0.562,0,0.712,-105,283,0.0262,NA,"K07689",0.996972754793138,1,FALSE,FALSE,FALSE,FALSE
"K13745",0.194,0,0.752,26.5,83.7,0.0225,NA,"K13745",0.996972754793138,1,FALSE,FALSE,FALSE,FALSE
"K00836",0.418,0,0.338,-31.5,32.8,0.068,NA,"K00836",0.996972754793138,1,FALSE,FALSE,FALSE,FALSE
"K13746",0.0448,0,0.577,-101,181,0.0396,NA,"K13746",0.996972754793138,1,FALSE,FALSE,FALSE,FALSE
"K13747",0.159,0,0.848,6.68,34.9,0.0136,NA,"K13747",0.996972754793138,1,FALSE,FALSE,FALSE,FALSE
"K07308",0.0697,0,0.189,129,98.1,0.093,NA,"K07308",0.9228515625,1,FALSE,FALSE,FALSE,FALSE
"K07307",0.0697,0,0.189,129,98.1,0.093,NA,"K07307",0.9228515625,1,FALSE,FALSE,FALSE,FALSE
"K07306",0.0697,0,0.189,129,98.1,0.093,NA,"K07306",0.9228515625,1,FALSE,FALSE,FALSE,FALSE
"K11107",0.254,0,0.146,-193,132,0.103,NA,"K11107",0.855646100116414,1,FALSE,FALSE,FALSE,FALSE
"K00526",0.841,0,0.737,25.2,75.1,0.0238,NA,"K00526",0.996972754793138,1,FALSE,FALSE,FALSE,FALSE
"K03972",0.318,0,0.508,-21.9,32.9,0.047,NA,"K03972",0.996972754793138,1,FALSE,FALSE,FALSE,FALSE
"K03385",0.0746,0,0.171,97.2,70.7,0.0969,NA,"K03385",0.883264462809917,1,FALSE,FALSE,FALSE,FALSE
"K04013",0.0647,0,0.133,112,74.5,0.106,NA,"K04013,K04014,K04015",0.855646100116414,1,FALSE,FALSE,FALSE,FALSE
"K02198",0.587,0,0.0864,-125,72.8,0.121,NA,"K02194,K02195,K02197,K02198",0.796847635726795,1,FALSE,FALSE,FALSE,FALSE
"K02199",0.706,0,0.107,-106,65.7,0.114,NA,"K02199",0.837245696400626,1,FALSE,FALSE,FALSE,FALSE
"K02200",0.577,0,0.0794,-131,74.1,0.124,NA,"K02200",0.784046692607004,1,FALSE,FALSE,FALSE,FALSE
"K01497",0.816,0,0.869,10.9,65.9,0.0117,NA,"K01497",0.996972754793138,1,FALSE,FALSE,FALSE,FALSE
"K07231",0.393,0,0.0931,-99.1,58.7,0.119,NA,"K07231",0.806368330464716,1,FALSE,FALSE,FALSE,FALSE
"K07338",0.358,0,0.712,-19.6,53.1,0.0262,NA,"K07338",0.996972754793138,1,FALSE,FALSE,FALSE,FALSE
"K09947",0.348,0,0.193,-83.7,64.1,0.0922,NA,"K09947",0.927342256214149,1,FALSE,FALSE,FALSE,FALSE
"K21470",0.498,0,0.951,3.16,51.6,0.00434,NA,"K21470",0.996972754793138,1,FALSE,FALSE,FALSE,FALSE
"K02480",0.204,0,0.0902,-88.4,51.9,0.12,NA,"K02480",0.796847635726795,1,FALSE,FALSE,FALSE,FALSE
"K16012",0.428,0,0.794,-18.1,69.2,0.0186,NA,"K16012",0.996972754793138,1,FALSE,FALSE,FALSE,FALSE
"K16013",0.443,0,0.574,-39.2,69.7,0.0398,NA,"K16013",0.996972754793138,1,FALSE,FALSE,FALSE,FALSE
"K03724",0.622,0,0.857,6.24,34.5,0.0128,NA,"K03724",0.996972754793138,1,FALSE,FALSE,FALSE,FALSE
"K02442",0.159,0,0.624,16.3,33.2,0.0348,NA,"K02442",0.996972754793138,1,FALSE,FALSE,FALSE,FALSE
"K03748",0.229,0,0.617,-31.2,62.4,0.0354,NA,"K03748",0.996972754793138,1,FALSE,FALSE,FALSE,FALSE
"K00027",0.478,0,0.971,1.92,52.3,0.0026,NA,"K00027",0.996972754793138,1,FALSE,FALSE,FALSE,FALSE
"K26063",0.363,0,0.742,-8.56,26,0.0233,NA,"K26063",0.996972754793138,1,FALSE,FALSE,FALSE,FALSE
"K28164",0.0199,0,0.849,11.6,60.7,0.0135,NA,"K28164",0.996972754793138,1,FALSE,FALSE,FALSE,FALSE
"K01745",0.896,0,0.0554,93.8,48.7,0.135,NA,"K01745",0.704834605597964,1,FALSE,FALSE,FALSE,FALSE
"K01712",0.866,0,0.676,15.4,36.8,0.0296,NA,"K01712",0.996972754793138,1,FALSE,FALSE,FALSE,FALSE
"K01479",0.388,0,0.179,60.5,44.9,0.0951,NA,"K01479",0.903128153380424,1,FALSE,FALSE,FALSE,FALSE
"K01468",0.876,0,0.104,74.3,45.6,0.115,NA,"K01468",0.82670906200318,1,FALSE,FALSE,FALSE,FALSE
"K05836",0.637,0,0.0493,118,59.4,0.139,NA,"K05836",0.684210526315789,1,FALSE,FALSE,FALSE,FALSE
"K09900",0.0846,0,0.689,-29.4,73.3,0.0284,NA,"K09900",0.996972754793138,1,FALSE,FALSE,FALSE,FALSE
"K00154",0.512,0,0.0202,121,51.6,0.164,NA,"K00154",0.572625698324022,1,FALSE,FALSE,FALSE,FALSE
"K01585",0.353,0,0.664,-19.2,44.3,0.0308,NA,"K01585",0.996972754793138,1,FALSE,FALSE,FALSE,FALSE
"K01480",0.761,0,0.763,16.5,54.6,0.0214,NA,"K01480",0.996972754793138,1,FALSE,FALSE,FALSE,FALSE
"K01713",0.328,0,0.454,-23,30.6,0.0532,NA,"K01713",0.996972754793138,1,FALSE,FALSE,FALSE,FALSE
"K01625",0.94,0,0.0953,93.8,55.9,0.118,NA,"K01625",0.81175468483816,1,FALSE,FALSE,FALSE,FALSE
"K00874",0.721,0,0.0957,43,25.7,0.118,NA,"K00874",0.813775510204081,1,FALSE,FALSE,FALSE,FALSE
"K26933",0.373,0,0.981,0.876,37,0.00168,NA,"K26933",0.996972754793138,1,FALSE,FALSE,FALSE,FALSE
"K20525",0.209,0,0.771,16.9,57.8,0.0207,NA,"K20525",0.996972754793138,1,FALSE,FALSE,FALSE,FALSE
"K22110",0.154,0,0.257,44.8,39.4,0.0804,NA,"K22110",0.986185725249424,1,FALSE,FALSE,FALSE,FALSE
"K01729",0.358,0,0.219,56.1,45.5,0.087,NA,"K01729",0.958005249343832,1,FALSE,FALSE,FALSE,FALSE
"K06946",0.129,0,0.262,89.6,79.7,0.0795,NA,"K06946",0.987654320987654,1,FALSE,FALSE,FALSE,FALSE
"K01667",0.0896,0,0.48,39.5,55.8,0.0501,NA,"K01667",0.996972754793138,1,FALSE,FALSE,FALSE,FALSE
"K08604",0.0995,0,0.581,22.9,41.5,0.0391,NA,"K08604",0.996972754793138,1,FALSE,FALSE,FALSE,FALSE
"K01129",0.866,0,0.944,-16.4,235,0.00494,NA,"K01129",0.996972754793138,1,FALSE,FALSE,FALSE,FALSE
"K17837",0.154,0,0.603,17.7,34,0.0369,NA,"K17837",0.996972754793138,1,FALSE,FALSE,FALSE,FALSE
"K06897",0.0647,0,0.899,4.06,32,0.00899,NA,"K06897",0.996972754793138,1,FALSE,FALSE,FALSE,FALSE
"K19270",0.398,0,0.963,-1.44,31.4,0.00326,NA,"K19270",0.996972754793138,1,FALSE,FALSE,FALSE,FALSE
"K07038",0.766,0,0.415,31.7,38.8,0.0578,NA,"K07038",0.996972754793138,1,FALSE,FALSE,FALSE,FALSE
"K09771",0.756,0,0.636,12.6,26.6,0.0336,NA,"K09771",0.996972754793138,1,FALSE,FALSE,FALSE,FALSE
"K01299",0.328,0,0.15,-164,114,0.102,NA,"K01299",0.862068965517241,1,FALSE,FALSE,FALSE,FALSE
"K01993",0.328,0,0.382,-21.2,24.2,0.062,NA,"K01993",0.996972754793138,1,FALSE,FALSE,FALSE,FALSE
"K02475",0.124,0,0.782,11.5,41.6,0.0196,NA,"K02475",0.996972754793138,1,FALSE,FALSE,FALSE,FALSE
"K00036",0.905,0,0.17,125,90.7,0.0973,NA,"K00036",0.883264462809917,1,FALSE,FALSE,FALSE,FALSE
"K01057",0.672,0,0.781,-21.7,77.8,0.0197,NA,"K01057",0.996972754793138,1,FALSE,FALSE,FALSE,FALSE
"K00033",0.811,0,0.641,-36.1,77.5,0.0331,NA,"K00033",0.996972754793138,1,FALSE,FALSE,FALSE,FALSE
"K07794",0.667,0,0.296,32.6,31.1,0.0741,NA,"K07794",0.996972754793138,1,FALSE,FALSE,FALSE,FALSE
"K11527",0.463,0,0.378,23.8,27,0.0624,NA,"K11527",0.996972754793138,1,FALSE,FALSE,FALSE,FALSE
"K11902",0.303,0,0.063,38.5,20.6,0.131,NA,"K11902",0.731651376146789,1,FALSE,FALSE,FALSE,FALSE
"K03417",0.557,0,0.939,-5.05,66,0.00543,NA,"K03417",0.996972754793138,1,FALSE,FALSE,FALSE,FALSE
"K01659",0.706,0,0.141,78.5,53.2,0.104,NA,"K01659",0.855646100116414,1,FALSE,FALSE,FALSE,FALSE
"K20455",0.408,0,0.436,44.1,56.5,0.0552,NA,"K20455",0.996972754793138,1,FALSE,FALSE,FALSE,FALSE
"K09788",0.413,0,0.126,81.2,52.8,0.108,NA,"K09788",0.844504021447721,1,FALSE,FALSE,FALSE,FALSE
"K01908",0.458,0,0.395,-33.1,38.8,0.0603,NA,"K01908",0.996972754793138,1,FALSE,FALSE,FALSE,FALSE
"K04062",0.463,0,0.259,71.8,63.4,0.08,NA,"K04062",0.987654320987654,1,FALSE,FALSE,FALSE,FALSE
"K10026",0.831,0,0.149,115,79.7,0.102,NA,"K10026",0.859284890426759,1,FALSE,FALSE,FALSE,FALSE
"K06920",0.796,0,0.308,74.4,72.8,0.0723,NA,"K06920",0.996972754793138,1,FALSE,FALSE,FALSE,FALSE
"K20862",0.517,0,0.884,18.2,124,0.0104,NA,"K20862",0.996972754793138,1,FALSE,FALSE,FALSE,FALSE
"K03733",0.687,0,0.0996,116,70.1,0.116,NA,"K03733",0.819672131147541,1,FALSE,FALSE,FALSE,FALSE
"K09921",0.552,0,0.63,85,176,0.0341,NA,"K09921",0.996972754793138,1,FALSE,FALSE,FALSE,FALSE
"K06202",0.443,0,0.275,88.8,81.2,0.0774,NA,"K06202",0.991410164638511,1,FALSE,FALSE,FALSE,FALSE
"K05851",0.323,0,0.689,-71.1,178,0.0284,NA,"K05851",0.996972754793138,1,FALSE,FALSE,FALSE,FALSE
"K01776",0.965,0,0.742,-116,352,0.0233,NA,"K01776",0.996972754793138,1,FALSE,FALSE,FALSE,FALSE
"K08985",0.209,0,0.364,-140,153,0.0644,NA,"K08985",0.996972754793138,1,FALSE,FALSE,FALSE,FALSE
"K20964",0.119,0,0.759,-47.1,153,0.0218,NA,"K20964",0.996972754793138,1,FALSE,FALSE,FALSE,FALSE
"K02439",0.438,0,0.999,0.256,255,7.1e-05,NA,"K02439",0.999599759855914,1,FALSE,FALSE,FALSE,FALSE
"K09811",0.915,0,0.812,63.8,267,0.0169,NA,"K09811",0.996972754793138,1,FALSE,FALSE,FALSE,FALSE
"K09812",0.9,0,0.0499,-271,137,0.139,NA,"K09812",0.68732782369146,1,FALSE,FALSE,FALSE,FALSE
"K02492",0.871,0,0.976,12.6,425,0.0021,NA,"K00220,K02492,K07556,K09985,K09987,K11352,K13581,K13583,K13584,K13588,K18164",0.996972754793138,1,FALSE,FALSE,FALSE,FALSE
"K03791",0.269,0,0.51,13.5,20.4,0.0467,NA,"K03791",0.996972754793138,1,FALSE,FALSE,FALSE,FALSE
"K14540",0.378,0,0.676,56.8,136,0.0297,NA,"K14540",0.996972754793138,1,FALSE,FALSE,FALSE,FALSE
"K00507",0.493,0,0.256,44.9,39.4,0.0804,NA,"K00507",0.983858570330515,1,FALSE,FALSE,FALSE,FALSE
"K01809",0.423,0,0.277,46.9,43.1,0.077,NA,"K01809",0.991410164638511,1,FALSE,FALSE,FALSE,FALSE
"K15524",0.114,0,0.953,2.59,43.9,0.00418,NA,"K15524",0.996972754793138,1,FALSE,FALSE,FALSE,FALSE
"K11200",0.0846,0,0.552,30.4,50.9,0.0422,NA,"K11200",0.996972754793138,1,FALSE,FALSE,FALSE,FALSE
"K02768",0.214,0,0.989,-0.92,69.2,0.000942,NA,"K02768",0.996975806451613,1,FALSE,FALSE,FALSE,FALSE
"K11922",0.0995,0,0.544,29.8,49.1,0.043,NA,"K11922",0.996972754793138,1,FALSE,FALSE,FALSE,FALSE
"K03710",0.866,0,0.791,10.2,38.5,0.0188,NA,"K03710",0.996972754793138,1,FALSE,FALSE,FALSE,FALSE
"K07283",0.433,0,0.812,9.35,39.2,0.0169,NA,"K07283",0.996972754793138,1,FALSE,FALSE,FALSE,FALSE
"K03326",0.114,0,0.136,141,94.5,0.105,NA,"K03326,K07792",0.855646100116414,1,FALSE,FALSE,FALSE,FALSE
"K07685",0.104,0,0.625,47.1,96.2,0.0347,NA,"K07685",0.996972754793138,1,FALSE,FALSE,FALSE,FALSE
"K07674",0.134,0,0.661,34.2,77.8,0.0312,NA,"K07674",0.996972754793138,1,FALSE,FALSE,FALSE,FALSE
"K02572",0.199,0,0.126,68.7,44.6,0.108,NA,"K02572",0.844504021447721,1,FALSE,FALSE,FALSE,FALSE
"K02570",0.284,0,0.643,-13.6,29.2,0.0328,NA,"K02569,K02570",0.996972754793138,1,FALSE,FALSE,FALSE,FALSE
"K02567",0.289,0,0.647,-13.2,28.8,0.0325,NA,"K02567,K02568",0.996972754793138,1,FALSE,FALSE,FALSE,FALSE
"K03821",0.527,0,0.758,-13.6,44,0.0218,NA,"K03821",0.996972754793138,1,FALSE,FALSE,FALSE,FALSE
"K00626",0.796,0,0.451,-46.1,61.1,0.0534,NA,"K00626",0.996972754793138,1,FALSE,FALSE,FALSE,FALSE
"K00023",0.343,0,0.893,3.86,28.7,0.00952,NA,"K00023",0.996972754793138,1,FALSE,FALSE,FALSE,FALSE
"K09923",0.318,0,0.158,93,65.6,0.1,NA,"K09923",0.874049945711183,1,FALSE,FALSE,FALSE,FALSE
"K07093",0.766,0,0.646,12.2,26.5,0.0326,NA,"K07093",0.996972754793138,1,FALSE,FALSE,FALSE,FALSE
"K03281",0.507,0,0.826,-7.88,35.7,0.0156,NA,"K03281",0.996972754793138,1,FALSE,FALSE,FALSE,FALSE
"K05916",0.821,0,0.716,16.4,44.8,0.0259,NA,"K05916",0.996972754793138,1,FALSE,FALSE,FALSE,FALSE
"K12266",0.413,0,0.27,43.4,39.2,0.0781,NA,"K12266",0.987654320987654,1,FALSE,FALSE,FALSE,FALSE
"K16137",0.751,0,0.548,16.3,27.1,0.0427,NA,"K16137",0.996972754793138,1,FALSE,FALSE,FALSE,FALSE
"K23256",0.502,0,0.106,52.1,32,0.114,NA,"K23256",0.834645669291339,1,FALSE,FALSE,FALSE,FALSE
"K21606",0.0746,0,0.228,100,83,0.0854,NA,"K21606",0.95959595959596,1,FALSE,FALSE,FALSE,FALSE
"K01183",0.234,0,0.0936,70.7,41.9,0.119,NA,"K01183",0.806368330464716,1,FALSE,FALSE,FALSE,FALSE
"K21741",0.254,0,0.945,1.59,22.9,0.00491,NA,"K21741",0.996972754793138,1,FALSE,FALSE,FALSE,FALSE
"K08325",0.323,0,0.158,90.8,64.1,0.1,NA,"K08325",0.874049945711183,1,FALSE,FALSE,FALSE,FALSE
"K03826",0.259,0,0.606,16.8,32.5,0.0366,NA,"K03826",0.996972754793138,1,FALSE,FALSE,FALSE,FALSE
"K07787",0.353,0,0.907,2.71,23.2,0.00826,NA,"K07787",0.996972754793138,1,FALSE,FALSE,FALSE,FALSE
"K07798",0.358,0,0.905,2.77,23.2,0.00845,NA,"K07798",0.996972754793138,1,FALSE,FALSE,FALSE,FALSE
"K07796",0.224,0,0.539,-16.6,26.9,0.0436,NA,"K07796",0.996972754793138,1,FALSE,FALSE,FALSE,FALSE
"K12542",0.557,0,0.0755,-56.2,31.5,0.126,NA,"K12542",0.77995867768595,1,FALSE,FALSE,FALSE,FALSE
"K09758",0.104,0,0.963,2.03,43.5,0.0033,NA,"K09758",0.996972754793138,1,FALSE,FALSE,FALSE,FALSE
"K13653",0.348,0,0.623,16.5,33.5,0.0349,NA,"K13653",0.996972754793138,1,FALSE,FALSE,FALSE,FALSE
"K21430",0.816,0,0.646,25.4,55.1,0.0326,NA,"K21430",0.996972754793138,1,FALSE,FALSE,FALSE,FALSE
"K01185",0.259,0,0.941,1.59,21.5,0.00524,NA,"K01185",0.996972754793138,1,FALSE,FALSE,FALSE,FALSE
"K21029",0.473,0,0.412,-43.2,52.6,0.0582,NA,"K21029",0.996972754793138,1,FALSE,FALSE,FALSE,FALSE
"K01011",0.91,0,0.41,-64.3,77.9,0.0584,NA,"K01011",0.996972754793138,1,FALSE,FALSE,FALSE,FALSE
"K00616",0.975,0,0.881,-16.9,113,0.0106,NA,"K00616",0.996972754793138,1,FALSE,FALSE,FALSE,FALSE
"K03776",0.463,0,0.846,-8.51,43.7,0.0138,NA,"K03776",0.996972754793138,1,FALSE,FALSE,FALSE,FALSE
"K09607",0.199,0,0.501,20.2,29.9,0.0477,NA,"K09607",0.996972754793138,1,FALSE,FALSE,FALSE,FALSE
"K07679",0.328,0,0.83,8.09,37.6,0.0153,NA,"K07679",0.996972754793138,1,FALSE,FALSE,FALSE,FALSE
"K25285",0.308,0,0.789,14.3,53.4,0.019,NA,"K25284,K25285",0.996972754793138,1,FALSE,FALSE,FALSE,FALSE
"K25283",0.403,0,0.613,-15.9,31.4,0.0358,NA,"K25283",0.996972754793138,1,FALSE,FALSE,FALSE,FALSE
"K25282",0.323,0,0.528,24.4,38.6,0.0448,NA,"K25282",0.996972754793138,1,FALSE,FALSE,FALSE,FALSE
"K07267",0.308,0,0.56,32.2,55.2,0.0413,NA,"K07267",0.996972754793138,1,FALSE,FALSE,FALSE,FALSE
"K00878",0.328,0,0.12,-88.4,56.6,0.11,NA,"K00878",0.84016393442623,1,FALSE,FALSE,FALSE,FALSE
"K03707",0.353,0,0.672,18.1,42.8,0.03,NA,"K03707",0.996972754793138,1,FALSE,FALSE,FALSE,FALSE
"K15598",0.174,0,0.42,-41.7,51.6,0.0572,NA,"K15598",0.996972754793138,1,FALSE,FALSE,FALSE,FALSE
"K15599",0.169,0,0.104,-81.1,49.6,0.115,NA,"K15599",0.82670906200318,1,FALSE,FALSE,FALSE,FALSE
"K02050",0.851,0,0.792,-12.9,48.8,0.0187,NA,"K02050",0.996972754793138,1,FALSE,FALSE,FALSE,FALSE
"K15600",0.149,0,0.0326,-129,60.1,0.151,NA,"K15600",0.64657980456026,1,FALSE,FALSE,FALSE,FALSE
"K00941",0.667,0,0.565,46.9,81.4,0.0408,NA,"K00941",0.996972754793138,1,FALSE,FALSE,FALSE,FALSE
"K03298",0.284,0,0.977,-0.934,32.4,0.00204,NA,"K03298",0.996972754793138,1,FALSE,FALSE,FALSE,FALSE
"K03765",0.0547,0,0.862,7.89,45.3,0.0124,NA,"K03765",0.996972754793138,1,FALSE,FALSE,FALSE,FALSE
"K01507",0.736,0,0.555,-32.6,55.1,0.0419,NA,"K01507",0.996972754793138,1,FALSE,FALSE,FALSE,FALSE
"K00364",0.239,0,0.209,82.6,65.5,0.089,NA,"K00364",0.946188340807175,1,FALSE,FALSE,FALSE,FALSE
"K10680",0.826,0,0.383,25.7,29.4,0.0619,NA,"K10680",0.996972754793138,1,FALSE,FALSE,FALSE,FALSE
"K05782",0.701,0,0.118,47.3,30.1,0.111,NA,"K05782",0.84016393442623,1,FALSE,FALSE,FALSE,FALSE
"K23779",0.602,0,0.197,-37.7,29.1,0.0914,NA,"K23779",0.933649289099526,1,FALSE,FALSE,FALSE,FALSE
"K05592",0.91,0,0.211,201,160,0.0887,NA,"K05592",0.946188340807175,1,FALSE,FALSE,FALSE,FALSE
"K01147",0.239,0,0.412,81.7,99.4,0.0582,NA,"K01147",0.996972754793138,1,FALSE,FALSE,FALSE,FALSE
"K28224",0.512,0,0.75,-12.9,40.4,0.0227,NA,"K28224",0.996972754793138,1,FALSE,FALSE,FALSE,FALSE
"K01493",0.234,0,0.265,-59,52.8,0.079,NA,"K01493",0.987654320987654,1,FALSE,FALSE,FALSE,FALSE
"K03437",0.627,0,0.925,-6.11,64.9,0.00667,NA,"K03437",0.996972754793138,1,FALSE,FALSE,FALSE,FALSE
"K05524",0.652,0,0.404,-52.3,62.5,0.0592,NA,"K05524",0.996972754793138,1,FALSE,FALSE,FALSE,FALSE
"K07137",0.428,0,0.668,-22.2,51.7,0.0305,NA,"K07137",0.996972754793138,1,FALSE,FALSE,FALSE,FALSE
"K04719",0.458,0,0.00603,-190,68.6,0.193,NA,"K04719",0.388823529411765,1,FALSE,FALSE,FALSE,FALSE
"K06934",0.119,0,0.807,6.98,28.5,0.0174,NA,"K06934",0.996972754793138,1,FALSE,FALSE,FALSE,FALSE
"K12541",0.547,0,0.126,-49.6,32.3,0.108,NA,"K12541",0.844504021447721,1,FALSE,FALSE,FALSE,FALSE
"K03565",0.975,0,0.651,-65.1,144,0.0321,NA,"K03565",0.996972754793138,1,FALSE,FALSE,FALSE,FALSE
"K08344",0.234,0,0.998,0.1,51,0.000139,NA,"K08344",0.999399158822351,1,FALSE,FALSE,FALSE,FALSE
"K06911",0.92,0,0.621,-23.8,48.2,0.0351,NA,"K06911",0.996972754793138,1,FALSE,FALSE,FALSE,FALSE
"K00798",0.692,0,0.806,20,81.5,0.0174,NA,"K00798",0.996972754793138,1,FALSE,FALSE,FALSE,FALSE
"K07226",0.448,0,0.395,-34.8,40.8,0.0603,NA,"K07226",0.996972754793138,1,FALSE,FALSE,FALSE,FALSE
"K07227",0.0846,0,0.957,-6.63,123,0.00384,NA,"K07227",0.996972754793138,1,FALSE,FALSE,FALSE,FALSE
"K21936",0.0896,0,0.576,-28.7,51.2,0.0397,NA,"K21936",0.996972754793138,1,FALSE,FALSE,FALSE,FALSE
"K25132",0.507,0,0.121,35.5,22.7,0.11,NA,"K25132",0.84016393442623,1,FALSE,FALSE,FALSE,FALSE
"K25133",0.567,0,0.778,7.98,28.3,0.02,NA,"K25133",0.996972754793138,1,FALSE,FALSE,FALSE,FALSE
"K02015",0.726,0,0.158,-50.8,35.9,0.0999,NA,"K02015",0.874049945711183,1,FALSE,FALSE,FALSE,FALSE
"K10834",0.488,0,0.561,18,30.9,0.0413,NA,"K10834",0.996972754793138,1,FALSE,FALSE,FALSE,FALSE
"K01916",0.716,0,0.207,68.1,53.8,0.0893,NA,"K01916",0.943482224247949,1,FALSE,FALSE,FALSE,FALSE
"K07140",0.517,0,0.571,32.9,58,0.0402,NA,"K07140",0.996972754793138,1,FALSE,FALSE,FALSE,FALSE
"K09781",0.682,0,0.17,-51.5,37.3,0.0973,NA,"K09781",0.883264462809917,1,FALSE,FALSE,FALSE,FALSE
"K07256",0.134,0,0.00226,163,52.7,0.214,NA,"K07256",0.289024390243902,1,FALSE,FALSE,FALSE,FALSE
"K07255",0.129,0,0.164,103,73.6,0.0985,NA,"K07255",0.881720430107527,1,FALSE,FALSE,FALSE,FALSE
"K03852",0.184,0,0.118,80.8,51.6,0.11,NA,"K03852",0.84016393442623,1,FALSE,FALSE,FALSE,FALSE
"K09882",0.219,0,0.496,32.6,47.8,0.0483,NA,"K09882",0.996972754793138,1,FALSE,FALSE,FALSE,FALSE
"K09883",0.219,0,0.496,32.6,47.8,0.0483,NA,"K09883",0.996972754793138,1,FALSE,FALSE,FALSE,FALSE
"K00625",0.269,0,0.767,-14.6,49.2,0.0211,NA,"K00625",0.996972754793138,1,FALSE,FALSE,FALSE,FALSE
"K00135",0.935,0,0.834,12.4,58.9,0.0149,NA,"K00135",0.996972754793138,1,FALSE,FALSE,FALSE,FALSE
"K01638",0.9,0,0.121,130,83.8,0.11,NA,"K01638",0.84016393442623,1,FALSE,FALSE,FALSE,FALSE
"K01637",0.886,0,0.0265,171,76.3,0.156,NA,"K01637",0.638095238095238,1,FALSE,FALSE,FALSE,FALSE
"K01387",0.0995,0,0.452,59.4,78.9,0.0533,NA,"K01387",0.996972754793138,1,FALSE,FALSE,FALSE,FALSE
"K00065",0.542,0,0.567,14.5,25.3,0.0407,NA,"K00065",0.996972754793138,1,FALSE,FALSE,FALSE,FALSE
"K10110",0.149,0,0.0599,267,141,0.133,NA,"K10108,K10109,K10110",0.723429951690821,1,FALSE,FALSE,FALSE,FALSE
"K07114",0.627,0,0.169,71,51.4,0.0974,NA,"K07114",0.883264462809917,1,FALSE,FALSE,FALSE,FALSE
"K01046",0.413,0,0.737,10.6,31.7,0.0238,NA,"K01046",0.996972754793138,1,FALSE,FALSE,FALSE,FALSE
"K06078",0.174,0,0.972,2.22,63.1,0.0025,NA,"K06078",0.996972754793138,1,FALSE,FALSE,FALSE,FALSE
"K19236",0.129,0,0.863,11.4,66.2,0.0123,NA,"K19236",0.996972754793138,1,FALSE,FALSE,FALSE,FALSE
"K08163",0.0945,0,0.479,39.8,56.1,0.0502,NA,"K08163",0.996972754793138,1,FALSE,FALSE,FALSE,FALSE
"K23775",0.871,0,0.531,30.3,48.3,0.0444,NA,"K23775",0.996972754793138,1,FALSE,FALSE,FALSE,FALSE
"K04063",0.945,0,0.865,17.7,104,0.0121,NA,"K04063",0.996972754793138,1,FALSE,FALSE,FALSE,FALSE
"K11203",0.0746,0,0.8,14.8,58.5,0.018,NA,"K11203",0.996972754793138,1,FALSE,FALSE,FALSE,FALSE
"K02770",0.572,0,0.771,-17.1,58.9,0.0206,NA,"K02770",0.996972754793138,1,FALSE,FALSE,FALSE,FALSE
"K10195",0.129,0,0.837,-8.09,39.4,0.0146,NA,"K10195",0.996972754793138,1,FALSE,FALSE,FALSE,FALSE
"K14054",0.0945,0,0.378,119,134,0.0625,NA,"K14054",0.996972754793138,1,FALSE,FALSE,FALSE,FALSE
"K03297",0.637,0,0.878,-4.82,31.4,0.0109,NA,"K03297",0.996972754793138,1,FALSE,FALSE,FALSE,FALSE
"K00121",0.677,0,0.251,77.3,67.2,0.0813,NA,"K00121",0.974378881987578,1,FALSE,FALSE,FALSE,FALSE
"K01070",0.682,0,0.278,94.8,87.1,0.0769,NA,"K01070",0.99214846538187,1,FALSE,FALSE,FALSE,FALSE
"K00138",0.781,0,0.0847,58.3,33.6,0.122,NA,"K00138",0.793071161048689,1,FALSE,FALSE,FALSE,FALSE
"K21405",0.562,0,0.532,22.9,36.6,0.0444,NA,"K21405",0.996972754793138,1,FALSE,FALSE,FALSE,FALSE
"K07727",0.383,0,0.297,30.1,28.8,0.0739,NA,"K07727",0.996972754793138,1,FALSE,FALSE,FALSE,FALSE
"K06950",0.522,0,0.691,-13.6,34.2,0.0282,NA,"K06950",0.996972754793138,1,FALSE,FALSE,FALSE,FALSE
"K01246",0.861,0,0.149,-213,147,0.102,NA,"K01246",0.859284890426759,1,FALSE,FALSE,FALSE,FALSE
"K13481",0.537,0,0.384,-47.2,54,0.0618,NA,"K13481,K13482",0.996972754793138,1,FALSE,FALSE,FALSE,FALSE
"K07402",0.846,0,0.796,-9.71,37.5,0.0183,NA,"K07402",0.996972754793138,1,FALSE,FALSE,FALSE,FALSE
"K01487",0.622,0,0.32,-42.6,42.7,0.0705,NA,"K01487",0.996972754793138,1,FALSE,FALSE,FALSE,FALSE
"K01607",0.831,0,0.393,30.3,35.4,0.0605,NA,"K01607",0.996972754793138,1,FALSE,FALSE,FALSE,FALSE
"K21745",0.174,0,0.283,39.7,36.8,0.0761,NA,"K21745",0.996972754793138,1,FALSE,FALSE,FALSE,FALSE
"K01483",0.403,0,0.159,-80.3,56.9,0.0997,NA,"K01483",0.874049945711183,1,FALSE,FALSE,FALSE,FALSE
"K01477",0.259,0,0.698,-19.4,49.8,0.0276,NA,"K01477",0.996972754793138,1,FALSE,FALSE,FALSE,FALSE
"K16842",0.582,0,0.765,-12.6,42.1,0.0212,NA,"K16842",0.996972754793138,1,FALSE,FALSE,FALSE,FALSE
"K07127",0.766,0,0.89,4.98,36,0.0098,NA,"K07127",0.996972754793138,1,FALSE,FALSE,FALSE,FALSE
"K18456",0.313,0,0.42,31.7,39.2,0.0572,NA,"K18456",0.996972754793138,1,FALSE,FALSE,FALSE,FALSE
"K12960",0.328,0,0.861,-11.2,64.1,0.0124,NA,"K12960",0.996972754793138,1,FALSE,FALSE,FALSE,FALSE
"K09017",0.607,0,0.912,6,54,0.00787,NA,"K09017",0.996972754793138,1,FALSE,FALSE,FALSE,FALSE
"K11529",0.358,0,0.00557,98.5,35.2,0.195,NA,"K11529",0.374,1,FALSE,FALSE,FALSE,FALSE
"K00042",0.557,0,0.325,34.6,35.1,0.0698,NA,"K00042",0.996972754793138,1,FALSE,FALSE,FALSE,FALSE
"K01608",0.388,0,0.89,5.43,39.1,0.00984,NA,"K01608",0.996972754793138,1,FALSE,FALSE,FALSE,FALSE
"K15269",0.318,0,0.628,-12.2,25.1,0.0343,NA,"K15269",0.996972754793138,1,FALSE,FALSE,FALSE,FALSE
"K07790",0.0945,0,0.898,3.84,29.9,0.00909,NA,"K07790",0.996972754793138,1,FALSE,FALSE,FALSE,FALSE
"K02281",0.164,0,0.779,12.3,43.8,0.0199,NA,"K02281",0.996972754793138,1,FALSE,FALSE,FALSE,FALSE
"K06975",0.741,0,0.00618,134,48.4,0.193,NA,"K06975",0.388823529411765,1,FALSE,FALSE,FALSE,FALSE
"K05350",0.174,0,0.994,0.327,42.6,0.000544,NA,"K05350",0.997391129841461,1,FALSE,FALSE,FALSE,FALSE
"K10241",0.109,0,0.435,53.7,68.7,0.0554,NA,"K10241",0.996972754793138,1,FALSE,FALSE,FALSE,FALSE
"K10240",0.109,0,0.435,53.7,68.7,0.0554,NA,"K10240",0.996972754793138,1,FALSE,FALSE,FALSE,FALSE
"K02027",0.786,0,0.34,30.2,31.6,0.0677,NA,"K02027",0.996972754793138,1,FALSE,FALSE,FALSE,FALSE
"K01322",0.398,0,0.963,2.13,46.5,0.00325,NA,"K01322",0.996972754793138,1,FALSE,FALSE,FALSE,FALSE
"K03303",0.527,0,0.86,5.63,31.7,0.0126,NA,"K03303",0.996972754793138,1,FALSE,FALSE,FALSE,FALSE
"K18930",0.264,0,0.184,51.5,38.6,0.0941,NA,"K18930",0.913604766633565,1,FALSE,FALSE,FALSE,FALSE
"K05825",0.697,0,0.808,9.27,38.1,0.0173,NA,"K05825",0.996972754793138,1,FALSE,FALSE,FALSE,FALSE
"K07146",0.93,0,0.0847,196,113,0.122,NA,"K07146",0.793071161048689,1,FALSE,FALSE,FALSE,FALSE
"K07783",0.179,0,0.77,-23.7,80.7,0.0208,NA,"K07783",0.996972754793138,1,FALSE,FALSE,FALSE,FALSE
"K07686",0.134,0,0.371,76.3,85.2,0.0634,NA,"K07686,K07784",0.996972754793138,1,FALSE,FALSE,FALSE,FALSE
"K09913",0.557,0,0.916,-12.7,120,0.00751,NA,"K09913",0.996972754793138,1,FALSE,FALSE,FALSE,FALSE
"K13936",0.741,0,0.509,33.2,50.3,0.0468,NA,"K13936",0.996972754793138,1,FALSE,FALSE,FALSE,FALSE
"K24180",0.507,0,0.455,29.5,39.4,0.053,NA,"K24180",0.996972754793138,1,FALSE,FALSE,FALSE,FALSE
"K01737",0.905,0,0.367,67,74.1,0.064,NA,"K01737",0.996972754793138,1,FALSE,FALSE,FALSE,FALSE
"K07136",0.249,0,0.0619,96.7,51.5,0.132,NA,"K07136",0.731651376146789,1,FALSE,FALSE,FALSE,FALSE
"K13529",0.378,0,0.245,87.3,74.9,0.0824,NA,"K13529",0.967614533965245,1,FALSE,FALSE,FALSE,FALSE
"K23773",0.517,0,0.488,-39.1,56.3,0.0492,NA,"K23773",0.996972754793138,1,FALSE,FALSE,FALSE,FALSE
"K02564",0.522,0,0.854,6.36,34.6,0.013,NA,"K02564",0.996972754793138,1,FALSE,FALSE,FALSE,FALSE
"K02562",0.154,0,0.455,95.6,128,0.053,NA,"K02562",0.996972754793138,1,FALSE,FALSE,FALSE,FALSE
"K00009",0.343,0,0.132,66.9,44.2,0.107,NA,"K00009",0.855646100116414,1,FALSE,FALSE,FALSE,FALSE
"K02800",0.353,0,0.121,78.7,50.5,0.11,NA,"K02800",0.84016393442623,1,FALSE,FALSE,FALSE,FALSE
"K10679",0.229,0,0.491,-24.4,35.3,0.0489,NA,"K10679",0.996972754793138,1,FALSE,FALSE,FALSE,FALSE
"K12264",0.109,0,0.454,34.2,45.5,0.0531,NA,"K12264,K12265",0.996972754793138,1,FALSE,FALSE,FALSE,FALSE
"K07167",0.269,0,0.65,23.4,51.6,0.0322,NA,"K07167",0.996972754793138,1,FALSE,FALSE,FALSE,FALSE
"K01669",0.866,0,0.9,-5.02,40.1,0.00888,NA,"K01669",0.996972754793138,1,FALSE,FALSE,FALSE,FALSE
"K06954",0.517,0,0.994,0.175,24.8,5e-04,NA,"K06954,K09701",0.997391129841461,1,FALSE,FALSE,FALSE,FALSE
"K00574",0.771,0,0.979,2.19,82.5,0.00188,NA,"K00574",0.996972754793138,1,FALSE,FALSE,FALSE,FALSE
"K22745",0.0199,0,0.362,49.9,54.7,0.0646,NA,"K22745",0.996972754793138,1,FALSE,FALSE,FALSE,FALSE
"K01724",0.761,0,0.404,50.1,60,0.0592,NA,"K01724",0.996972754793138,1,FALSE,FALSE,FALSE,FALSE
"K00500",0.577,0,0.147,-83.4,57.4,0.103,NA,"K00500",0.855646100116414,1,FALSE,FALSE,FALSE,FALSE
"K01907",0.438,0,0.054,-105,54.3,0.136,NA,"K01907",0.704834605597964,1,FALSE,FALSE,FALSE,FALSE
"K01800",0.562,0,0.251,87.4,75.9,0.0814,NA,"K01800",0.974378881987578,1,FALSE,FALSE,FALSE,FALSE
"K16171",0.333,0,0.286,57.2,53.4,0.0757,NA,"K16171",0.996972754793138,1,FALSE,FALSE,FALSE,FALSE
"K00451",0.617,0,0.654,20.8,46.2,0.0319,NA,"K00451",0.996972754793138,1,FALSE,FALSE,FALSE,FALSE
"K00457",0.657,0,0.616,27.5,54.7,0.0356,NA,"K00457",0.996972754793138,1,FALSE,FALSE,FALSE,FALSE
"K09935",0.0299,0,0.459,103,138,0.0525,NA,"K09935",0.996972754793138,1,FALSE,FALSE,FALSE,FALSE
"K06957",0.274,0,0.567,116,201,0.0406,NA,"K06957",0.996972754793138,1,FALSE,FALSE,FALSE,FALSE
"K09749",0.189,0,0.704,59.5,157,0.0269,NA,"K09749",0.996972754793138,1,FALSE,FALSE,FALSE,FALSE
"K10125",0.502,0,0.652,-34.7,76.7,0.032,NA,"K10125",0.996972754793138,1,FALSE,FALSE,FALSE,FALSE
"K00275",0.841,0,0.835,-9.32,44.6,0.0148,NA,"K00275",0.996972754793138,1,FALSE,FALSE,FALSE,FALSE
"K07506",0.577,0,0.375,35.6,40,0.0629,NA,"K07506",0.996972754793138,1,FALSE,FALSE,FALSE,FALSE
"K13821",0.811,0,0.72,41.6,116,0.0254,NA,"K13821",0.996972754793138,1,FALSE,FALSE,FALSE,FALSE
"K00318",0.234,0,0.989,-0.747,55.5,0.000953,NA,"K00318",0.996975806451613,1,FALSE,FALSE,FALSE,FALSE
"K11928",0.552,0,0.00768,-251,93.3,0.188,NA,"K11928",0.404455445544554,1,FALSE,FALSE,FALSE,FALSE
"K18954",0.502,0,0.0699,59.2,32.5,0.128,NA,"K18954",0.761388286334056,1,FALSE,FALSE,FALSE,FALSE
"K18893",0.532,0,0.218,-99.5,80.5,0.0873,NA,"K18893",0.957820738137083,1,FALSE,FALSE,FALSE,FALSE
"K23475",0.0249,0,0.917,-5.18,49.5,0.00741,NA,"K23475",0.996972754793138,1,FALSE,FALSE,FALSE,FALSE
"K03760",0.552,0,0.119,-68,43.5,0.11,NA,"K03760",0.84016393442623,1,FALSE,FALSE,FALSE,FALSE
"K06015",0.353,0,0.00282,76.5,25.3,0.21,NA,"K06015",0.307894736842105,1,FALSE,FALSE,FALSE,FALSE
"K15736",0.169,0,0.416,-25.6,31.5,0.0576,NA,"K15736",0.996972754793138,1,FALSE,FALSE,FALSE,FALSE
"K05994",0.0945,0,0.449,-30.4,40,0.0537,NA,"K05994",0.996972754793138,1,FALSE,FALSE,FALSE,FALSE
"K07661",0.408,0,0.618,57.1,114,0.0354,NA,"K07661",0.996972754793138,1,FALSE,FALSE,FALSE,FALSE
"K01751",0.159,0,0.0709,-51.2,28.2,0.128,NA,"K01751",0.763326226012793,1,FALSE,FALSE,FALSE,FALSE
"K01799",0.214,0,0.015,56.3,22.9,0.171,NA,"K01799",0.487012987012987,1,FALSE,FALSE,FALSE,FALSE
"K02167",0.527,0,0.17,-72.4,52.6,0.0971,NA,"K02167",0.883264462809917,1,FALSE,FALSE,FALSE,FALSE
"K00130",0.677,0,0.946,2.88,42.5,0.0048,NA,"K00130",0.996972754793138,1,FALSE,FALSE,FALSE,FALSE
"K00108",0.587,0,0.889,5.07,36.4,0.00988,NA,"K00108",0.996972754793138,1,FALSE,FALSE,FALSE,FALSE
"K18555",0.109,0,0.344,72.4,76.2,0.0672,NA,"K18555",0.996972754793138,1,FALSE,FALSE,FALSE,FALSE
"K11104",0.0249,0,0.607,-30.6,59.3,0.0365,NA,"K11104",0.996972754793138,1,FALSE,FALSE,FALSE,FALSE
"K03292",0.388,0,0.36,25,27.2,0.0649,NA,"K03292",0.996972754793138,1,FALSE,FALSE,FALSE,FALSE
"K07406",0.184,0,0.411,-37.8,45.9,0.0582,NA,"K07406",0.996972754793138,1,FALSE,FALSE,FALSE,FALSE
"K23237",0.0647,0,0.395,-32.9,38.6,0.0603,NA,"K23237",0.996972754793138,1,FALSE,FALSE,FALSE,FALSE
"K01451",0.363,0,0.0109,-76.4,29.7,0.179,NA,"K01451",0.429133858267717,1,FALSE,FALSE,FALSE,FALSE
"K08323",0.343,0,0.984,0.662,33.7,0.00139,NA,"K08323",0.996972754793138,1,FALSE,FALSE,FALSE,FALSE
"K01488",0.363,0,0.648,-44.7,97.8,0.0324,NA,"K01488",0.996972754793138,1,FALSE,FALSE,FALSE,FALSE
"K01812",0.373,0,0.545,20.2,33.3,0.0429,NA,"K01812",0.996972754793138,1,FALSE,FALSE,FALSE,FALSE
"K00040",0.229,0,0.552,-19.5,32.8,0.0422,NA,"K00040",0.996972754793138,1,FALSE,FALSE,FALSE,FALSE
"K13637",0.0995,0,0.497,-34.8,51.2,0.0482,NA,"K13637",0.996972754793138,1,FALSE,FALSE,FALSE,FALSE
"K01686",0.393,0,0.62,16.5,33.2,0.0352,NA,"K01686",0.996972754793138,1,FALSE,FALSE,FALSE,FALSE
"K00986",0.522,0,0.606,7.68,14.9,0.0366,NA,"K00986",0.996972754793138,1,FALSE,FALSE,FALSE,FALSE
"K21966",0.169,0,0.268,-33.8,30.5,0.0784,NA,"K21966",0.987654320987654,1,FALSE,FALSE,FALSE,FALSE
"K07483",0.657,0,0.975,0.542,17.5,0.00219,NA,"K07483",0.996972754793138,1,FALSE,FALSE,FALSE,FALSE
"K19092",0.348,0,0.733,7.04,20.6,0.0242,NA,"K19092",0.996972754793138,1,FALSE,FALSE,FALSE,FALSE
"K07496",0.104,0,0.863,-5.25,30.4,0.0122,NA,"K07496",0.996972754793138,1,FALSE,FALSE,FALSE,FALSE
"K23122",0.0348,0,0.507,-28.5,42.9,0.0471,NA,"K23122",0.996972754793138,1,FALSE,FALSE,FALSE,FALSE
"K25562",0.0945,0,0.561,-39.5,68,0.0412,NA,"K25562",0.996972754793138,1,FALSE,FALSE,FALSE,FALSE
"K23120",0.0299,0,0.411,-38.1,46.3,0.0583,NA,"K23120",0.996972754793138,1,FALSE,FALSE,FALSE,FALSE
"K02016",0.647,0,0.0915,-51.9,30.6,0.119,NA,"K02016",0.798260869565217,1,FALSE,FALSE,FALSE,FALSE
"K12068",0.0547,0,0.848,-7.57,39.4,0.0136,NA,"K12068",0.996972754793138,1,FALSE,FALSE,FALSE,FALSE
"K12067",0.0597,0,0.913,3.88,35.3,0.00778,NA,"K12056,K12057,K12060,K12064,K12065,K12066,K12067,K12072",0.996972754793138,1,FALSE,FALSE,FALSE,FALSE
"K12063",0.0896,0,0.931,3.03,35.1,0.00612,NA,"K12063",0.996972754793138,1,FALSE,FALSE,FALSE,FALSE
"K12061",0.0547,0,0.596,19,35.8,0.0377,NA,"K12061",0.996972754793138,1,FALSE,FALSE,FALSE,FALSE
"K12059",0.0348,0,0.701,24.3,63.1,0.0273,NA,"K12059",0.996972754793138,1,FALSE,FALSE,FALSE,FALSE
"K12058",0.0597,0,0.638,16.7,35.5,0.0334,NA,"K12058",0.996972754793138,1,FALSE,FALSE,FALSE,FALSE
"K00520",0.0448,0,0.249,53.4,46.2,0.0817,NA,"K00520",0.970381917381138,1,FALSE,FALSE,FALSE,FALSE
"K19058",0.0199,0,0.117,-77.1,49,0.111,NA,"K19058",0.84016393442623,1,FALSE,FALSE,FALSE,FALSE
"K08364",0.0448,0,0.517,-29.4,45.3,0.0459,NA,"K08364",0.996972754793138,1,FALSE,FALSE,FALSE,FALSE
"K08363",0.0498,0,0.258,49.4,43.6,0.0802,NA,"K08363",0.987654320987654,1,FALSE,FALSE,FALSE,FALSE
"K08365",0.0846,0,0.968,-1.04,26.3,0.00281,NA,"K08365",0.996972754793138,1,FALSE,FALSE,FALSE,FALSE
"K07498",0.189,0,0.118,-40.8,26,0.111,NA,"K07498",0.84016393442623,1,FALSE,FALSE,FALSE,FALSE
"K04053",0.0348,0,0.942,3.12,42.6,0.00519,NA,"K04053",0.996972754793138,1,FALSE,FALSE,FALSE,FALSE
"K03222",0.114,0,0.821,6.13,27,0.0161,NA,"K03222",0.996972754793138,1,FALSE,FALSE,FALSE,FALSE
"K02493",0.975,0,0.247,-149,129,0.082,NA,"K02493",0.969387755102041,1,FALSE,FALSE,FALSE,FALSE
"K01627",0.736,0,0.729,-73.8,213,0.0246,NA,"K00979,K01627",0.996972754793138,1,FALSE,FALSE,FALSE,FALSE
"K11751",0.318,0,0.987,-1.12,69.2,0.00114,NA,"K11751",0.996972754793138,1,FALSE,FALSE,FALSE,FALSE
"K03976",0.866,0,0.574,47.1,83.6,0.0399,NA,"K03976",0.996972754793138,1,FALSE,FALSE,FALSE,FALSE
"K06182",0.697,0,0.173,118,85.9,0.0966,NA,"K06182",0.889003083247688,1,FALSE,FALSE,FALSE,FALSE
"K20918",0.0547,0,0.502,32,47.5,0.0477,NA,"K20918",0.996972754793138,1,FALSE,FALSE,FALSE,FALSE
"K04335",0.119,0,0.843,-6.07,30.6,0.0141,NA,"K04335",0.996972754793138,1,FALSE,FALSE,FALSE,FALSE
"K04337",0.144,0,0.669,10.6,24.8,0.0303,NA,"K04337",0.996972754793138,1,FALSE,FALSE,FALSE,FALSE
"K04338",0.159,0,0.708,9.2,24.5,0.0266,NA,"K04338,K06214",0.996972754793138,1,FALSE,FALSE,FALSE,FALSE
"K09973",0.473,0,0.122,-117,75.6,0.11,NA,"K09973",0.84016393442623,1,FALSE,FALSE,FALSE,FALSE
"K17686",0.985,0,0.531,-37.6,59.9,0.0444,NA,"K17686",0.996972754793138,1,FALSE,FALSE,FALSE,FALSE
"K24343",0.164,0,0.778,50.8,180,0.02,NA,"K21217,K24343,K24344",0.996972754793138,1,FALSE,FALSE,FALSE,FALSE
"K09860",0.179,0,0.669,-67.5,158,0.0303,NA,"K09860",0.996972754793138,1,FALSE,FALSE,FALSE,FALSE
"K02399",0.657,0,0.364,-32.8,36,0.0644,NA,"K02399",0.996972754793138,1,FALSE,FALSE,FALSE,FALSE
"K02398",0.677,0,0.0837,120,68.8,0.122,NA,"K02398",0.790566037735849,1,FALSE,FALSE,FALSE,FALSE
"K02386",0.667,0,0.217,91.6,73.9,0.0875,NA,"K02386,K02392,K02393,K02394",0.954265611257696,1,FALSE,FALSE,FALSE,FALSE
"K00575",0.711,0,0.198,43.1,33.4,0.0911,NA,"K00575",0.936613055818354,1,FALSE,FALSE,FALSE,FALSE
"K02387",0.816,0,0.41,-29.7,36,0.0584,NA,"K02387,K02388,K02389,K02408,K02409,K02410,K02416",0.996972754793138,1,FALSE,FALSE,FALSE,FALSE
"K02390",0.786,0,0.507,-23.5,35.4,0.047,NA,"K02390",0.996972754793138,1,FALSE,FALSE,FALSE,FALSE
"K02391",0.582,0,0.322,29.5,29.8,0.0702,NA,"K02391",0.996972754793138,1,FALSE,FALSE,FALSE,FALSE
"K02395",0.761,0,0.286,38.2,35.7,0.0756,NA,"K02395",0.996972754793138,1,FALSE,FALSE,FALSE,FALSE
"K02396",0.821,0,0.645,-17.2,37.2,0.0327,NA,"K02396",0.996972754793138,1,FALSE,FALSE,FALSE,FALSE
"K02397",0.736,0,0.262,-35.6,31.7,0.0795,NA,"K02397",0.987654320987654,1,FALSE,FALSE,FALSE,FALSE
"K06603",0.433,0,0.131,66.8,44,0.107,NA,"K06603",0.855646100116414,1,FALSE,FALSE,FALSE,FALSE
"K02407",0.716,0,0.715,-13.5,37.1,0.0259,NA,"K02407",0.996972754793138,1,FALSE,FALSE,FALSE,FALSE
"K02422",0.721,0,0.456,-29.9,40.1,0.0529,NA,"K02422",0.996972754793138,1,FALSE,FALSE,FALSE,FALSE
"K10941",0.378,0,0.946,10,148,0.0048,NA,"K10941",0.996972754793138,1,FALSE,FALSE,FALSE,FALSE
"K02411",0.711,0,0.588,-17.1,31.5,0.0384,NA,"K02411",0.996972754793138,1,FALSE,FALSE,FALSE,FALSE
"K02412",0.687,0,0.246,-42.8,36.8,0.0823,NA,"K02412",0.967741935483871,1,FALSE,FALSE,FALSE,FALSE
"K02413",0.677,0,0.521,-22.6,35.1,0.0455,NA,"K02413",0.996972754793138,1,FALSE,FALSE,FALSE,FALSE
"K02414",0.682,0,0.763,-9.63,31.9,0.0214,NA,"K02414",0.996972754793138,1,FALSE,FALSE,FALSE,FALSE
"K02417",0.806,0,0.455,-26.7,35.6,0.053,NA,"K02417",0.996972754793138,1,FALSE,FALSE,FALSE,FALSE
"K02418",0.776,0,0.61,-16.3,31.8,0.0362,NA,"K02418",0.996972754793138,1,FALSE,FALSE,FALSE,FALSE
"K02419",0.806,0,0.536,-22.1,35.6,0.0439,NA,"K02419",0.996972754793138,1,FALSE,FALSE,FALSE,FALSE
"K02420",0.786,0,0.756,-9.94,32,0.022,NA,"K02420",0.996972754793138,1,FALSE,FALSE,FALSE,FALSE
"K02421",0.801,0,0.0631,-60.1,32.2,0.131,NA,"K02421",0.731651376146789,1,FALSE,FALSE,FALSE,FALSE
"K02401",0.811,0,0.246,-41.2,35.4,0.0822,NA,"K02401",0.967741935483871,1,FALSE,FALSE,FALSE,FALSE
"K02400",0.796,0,0.585,-19.3,35.2,0.0387,NA,"K02400",0.996972754793138,1,FALSE,FALSE,FALSE,FALSE
"K02404",0.572,0,0.55,28.6,47.7,0.0425,NA,"K02404",0.996972754793138,1,FALSE,FALSE,FALSE,FALSE
"K04562",0.537,0,0.697,18.1,46.4,0.0276,NA,"K04562",0.996972754793138,1,FALSE,FALSE,FALSE,FALSE
"K02405",0.711,0,0.604,-20.5,39.5,0.0368,NA,"K02405",0.996972754793138,1,FALSE,FALSE,FALSE,FALSE
"K03413",0.746,0,0.463,29.4,40,0.0521,NA,"K03413",0.996972754793138,1,FALSE,FALSE,FALSE,FALSE
"K03414",0.517,0,0.312,59.8,59,0.0717,NA,"K03414",0.996972754793138,1,FALSE,FALSE,FALSE,FALSE
"K03407",0.741,0,0.73,12.7,36.8,0.0245,NA,"K03407",0.996972754793138,1,FALSE,FALSE,FALSE,FALSE
"K03412",0.741,0,0.75,13.4,42,0.0226,NA,"K03412",0.996972754793138,1,FALSE,FALSE,FALSE,FALSE
"K03408",0.721,0,0.364,35.8,39.4,0.0644,NA,"K03408",0.996972754793138,1,FALSE,FALSE,FALSE,FALSE
"K02193",0.567,0,0.131,-107,70.7,0.107,NA,"K02193",0.855646100116414,1,FALSE,FALSE,FALSE,FALSE
"K02196",0.552,0,0.0553,-141,73.1,0.135,NA,"K02196",0.704834605597964,1,FALSE,FALSE,FALSE,FALSE
"K04754",0.582,0,0.0376,-255,122,0.147,NA,"K04754",0.64657980456026,1,FALSE,FALSE,FALSE,FALSE
"K01782",0.562,0,0.185,82.1,61.8,0.0938,NA,"K01782",0.915841584158416,1,FALSE,FALSE,FALSE,FALSE
"K08296",0.851,0,0.0364,170,80.5,0.148,NA,"K08296",0.64657980456026,1,FALSE,FALSE,FALSE,FALSE
"K07320",0.562,0,0.609,73.6,144,0.0363,NA,"K07320",0.996972754793138,1,FALSE,FALSE,FALSE,FALSE
"K08997",0.915,0,0.711,-28.1,75.7,0.0263,NA,"K08997",0.996972754793138,1,FALSE,FALSE,FALSE,FALSE
"K17315",0.502,0,0.026,103,46,0.157,NA,"K17315",0.634146341463415,1,FALSE,FALSE,FALSE,FALSE
"K17316",0.443,0,0.0225,107,46.4,0.161,NA,"K17316,K17317",0.598404255319149,1,FALSE,FALSE,FALSE,FALSE
"K15329",0.0498,0,0.354,70.1,75.4,0.0658,NA,"K15329",0.996972754793138,1,FALSE,FALSE,FALSE,FALSE
"K06133",0.552,0,0.497,-16.9,24.8,0.0482,NA,"K06133",0.996972754793138,1,FALSE,FALSE,FALSE,FALSE
"K03770",0.751,0,0.398,59.4,70.2,0.0599,NA,"K03770",0.996972754793138,1,FALSE,FALSE,FALSE,FALSE
"K02237",0.806,0,0.701,34.8,90.3,0.0273,NA,"K02237",0.996972754793138,1,FALSE,FALSE,FALSE,FALSE
"K28165",0.184,0,0.38,107,121,0.0622,NA,"K28165",0.996972754793138,1,FALSE,FALSE,FALSE,FALSE
"K14260",0.657,0,0.848,29.3,153,0.0136,NA,"K14260",0.996972754793138,1,FALSE,FALSE,FALSE,FALSE
"K02552",0.343,0,0.163,124,88.3,0.0988,NA,"K02552",0.880129589632829,1,FALSE,FALSE,FALSE,FALSE
"K02551",0.418,0,0.525,63.3,99.4,0.0451,NA,"K01661,K02551",0.996972754793138,1,FALSE,FALSE,FALSE,FALSE
"K08680",0.234,0,0.482,74,105,0.0499,NA,"K08680",0.996972754793138,1,FALSE,FALSE,FALSE,FALSE
"K02549",0.408,0,0.0177,160,66.9,0.167,NA,"K02549",0.536363636363636,1,FALSE,FALSE,FALSE,FALSE
"K13636",0.134,0,0.606,-20.7,40,0.0366,NA,"K13636",0.996972754793138,1,FALSE,FALSE,FALSE,FALSE
"K05939",0.527,0,0.888,-4.99,35.5,0.00996,NA,"K05939",0.996972754793138,1,FALSE,FALSE,FALSE,FALSE
"K09948",0.403,0,0.541,62.1,101,0.0434,NA,"K09948",0.996972754793138,1,FALSE,FALSE,FALSE,FALSE
"K05800",0.473,0,0.408,47.7,57.6,0.0586,NA,"K05800",0.996972754793138,1,FALSE,FALSE,FALSE,FALSE
"K10805",0.721,0,0.502,53.4,79.4,0.0476,NA,"K10805",0.996972754793138,1,FALSE,FALSE,FALSE,FALSE
"K09914",0.373,0,0.706,12.7,33.6,0.0268,NA,"K09914",0.996972754793138,1,FALSE,FALSE,FALSE,FALSE
"K07443",0.607,0,0.697,34.2,87.7,0.0277,NA,"K07443",0.996972754793138,1,FALSE,FALSE,FALSE,FALSE
"K01580",0.114,0,0.651,15.7,34.7,0.0321,NA,"K01580",0.996972754793138,1,FALSE,FALSE,FALSE,FALSE
"K09924",0.473,0,0.851,7.16,38.1,0.0133,NA,"K09924",0.996972754793138,1,FALSE,FALSE,FALSE,FALSE
"K00432",0.816,0,0.131,70.2,46.3,0.107,NA,"K00432",0.855646100116414,1,FALSE,FALSE,FALSE,FALSE
"K22083",0.199,0,0.341,-29.6,31.1,0.0675,NA,"K22083",0.996972754793138,1,FALSE,FALSE,FALSE,FALSE
"K00675",0.393,0,0.985,0.677,36.3,0.00132,NA,"K00675",0.996972754793138,1,FALSE,FALSE,FALSE,FALSE
"K13639",0.552,0,0.0965,40.9,24.5,0.118,NA,"K13639",0.815126050420168,1,FALSE,FALSE,FALSE,FALSE
"K03478",0.284,0,0.485,20.7,29.7,0.0495,NA,"K03478",0.996972754793138,1,FALSE,FALSE,FALSE,FALSE
"K01222",0.318,0,0.116,54.8,34.7,0.111,NA,"K01222",0.84016393442623,1,FALSE,FALSE,FALSE,FALSE
"K03387",0.577,0,0.501,-40.8,60.5,0.0477,NA,"K03387",0.996972754793138,1,FALSE,FALSE,FALSE,FALSE
"K24119",0.617,0,0.908,10.9,94.5,0.00819,NA,"K24119",0.996972754793138,1,FALSE,FALSE,FALSE,FALSE
"K15986",0.323,0,0.752,45.1,143,0.0224,NA,"K15986",0.996972754793138,1,FALSE,FALSE,FALSE,FALSE
"K03098",0.547,0,0.706,20.8,55.1,0.0268,NA,"K03098",0.996972754793138,1,FALSE,FALSE,FALSE,FALSE
"K18301",0.393,0,0.351,33.7,36,0.0661,NA,"K18301",0.996972754793138,1,FALSE,FALSE,FALSE,FALSE
"K02297",0.637,0,0.693,-14.2,35.9,0.0281,NA,"K02297",0.996972754793138,1,FALSE,FALSE,FALSE,FALSE
"K02298",0.602,0,0.464,-29.2,39.8,0.052,NA,"K02298",0.996972754793138,1,FALSE,FALSE,FALSE,FALSE
"K02299",0.642,0,0.636,-18.4,38.9,0.0335,NA,"K02299,K02300",0.996972754793138,1,FALSE,FALSE,FALSE,FALSE
"K02257",0.955,0,0.23,-80.1,66.6,0.085,NA,"K02257",0.959933222036728,1,FALSE,FALSE,FALSE,FALSE
"K06075",0.617,0,0.115,61.1,38.5,0.112,NA,"K06075",0.84016393442623,1,FALSE,FALSE,FALSE,FALSE
"K19736",0.209,0,0.199,56.7,44,0.0909,NA,"K19736",0.936911487758946,1,FALSE,FALSE,FALSE,FALSE
"K01534",0.677,0,0.795,13.6,52.4,0.0184,NA,"K01534",0.996972754793138,1,FALSE,FALSE,FALSE,FALSE
"K00757",0.259,0,0.982,2.82,124,0.00161,NA,"K00757",0.996972754793138,1,FALSE,FALSE,FALSE,FALSE
"K02503",0.925,0,0.0113,161,63.1,0.178,NA,"K02503",0.437984496124031,1,FALSE,FALSE,FALSE,FALSE
"K09859",0.284,0,0.107,62.6,38.6,0.114,NA,"K09859",0.837245696400626,1,FALSE,FALSE,FALSE,FALSE
"K07337",0.353,0,0.0909,66.4,39.1,0.12,NA,"K07337",0.796847635726795,1,FALSE,FALSE,FALSE,FALSE
"K07251",0.234,0,0.77,51.6,176,0.0208,NA,"K07251,K08723",0.996972754793138,1,FALSE,FALSE,FALSE,FALSE
"K03885",0.96,0,0.65,79.5,175,0.0322,NA,"K03885",0.996972754793138,1,FALSE,FALSE,FALSE,FALSE
"K09808",0.736,0,0.217,166,134,0.0875,NA,"K09808,K09810",0.954265611257696,1,FALSE,FALSE,FALSE,FALSE
"K09928",0.602,0,0.176,93.2,68.5,0.0959,NA,"K09928",0.896130346232179,1,FALSE,FALSE,FALSE,FALSE
"K11085",0.731,0,0.771,14,48.1,0.0207,NA,"K11085",0.996972754793138,1,FALSE,FALSE,FALSE,FALSE
"K00912",0.716,0,0.562,-166,286,0.0412,NA,"K00912",0.996972754793138,1,FALSE,FALSE,FALSE,FALSE
"K09791",0.761,0,0.56,-87.1,149,0.0414,NA,"K09791",0.996972754793138,1,FALSE,FALSE,FALSE,FALSE
"K05788",0.682,0,0.562,-56.5,97.4,0.0411,NA,"K05788",0.996972754793138,1,FALSE,FALSE,FALSE,FALSE
"K08992",0.791,0,0.656,14.6,32.7,0.0316,NA,"K08992",0.996972754793138,1,FALSE,FALSE,FALSE,FALSE
"K19804",0.418,0,0.256,131,115,0.0805,NA,"K19804",0.983858570330515,1,FALSE,FALSE,FALSE,FALSE
"K06169",0.483,0,0.9,12.6,101,0.0089,NA,"K06169",0.996972754793138,1,FALSE,FALSE,FALSE,FALSE
"K13634",0.468,0,0.377,-66.7,75.4,0.0626,NA,"K13634",0.996972754793138,1,FALSE,FALSE,FALSE,FALSE
"K00259",0.657,0,0.131,76.7,50.6,0.107,NA,"K00259",0.855646100116414,1,FALSE,FALSE,FALSE,FALSE
"K00833",0.776,0,0.0445,103,51,0.142,NA,"K00833,K01935",0.660237388724036,1,FALSE,FALSE,FALSE,FALSE
"K01012",0.856,0,0.277,49.5,45.4,0.077,NA,"K01012",0.991410164638511,1,FALSE,FALSE,FALSE,FALSE
"K00652",0.597,0,0.701,-22,57.3,0.0273,NA,"K00652",0.996972754793138,1,FALSE,FALSE,FALSE,FALSE
"K02169",0.622,0,0.155,73.4,51.4,0.101,NA,"K02169",0.874049945711183,1,FALSE,FALSE,FALSE,FALSE
"K03799",0.806,0,0.301,47.4,45.7,0.0734,NA,"K03799",0.996972754793138,1,FALSE,FALSE,FALSE,FALSE
"K00892",0.239,0,0.132,202,133,0.107,NA,"K00892",0.855646100116414,1,FALSE,FALSE,FALSE,FALSE
"K03746",0.502,0,0.0203,77.9,33.3,0.164,NA,"K03746",0.572625698324022,1,FALSE,FALSE,FALSE,FALSE
"K01693",0.746,0,0.859,-10.2,57.1,0.0126,NA,"K01693",0.996972754793138,1,FALSE,FALSE,FALSE,FALSE
"K01814",0.846,0,0.668,19.9,46.3,0.0305,NA,"K01814",0.996972754793138,1,FALSE,FALSE,FALSE,FALSE
"K11755",0.448,0,0.143,214,146,0.104,NA,"K11755",0.855646100116414,1,FALSE,FALSE,FALSE,FALSE
"K09858",0.687,0,0.456,-42.4,56.7,0.0529,NA,"K09858",0.996972754793138,1,FALSE,FALSE,FALSE,FALSE
"K03269",0.726,0,0.097,165,98.9,0.117,NA,"K03269",0.815126050420168,1,FALSE,FALSE,FALSE,FALSE
"K00857",0.741,0,0.391,69.6,80.9,0.0609,NA,"K00857",0.996972754793138,1,FALSE,FALSE,FALSE,FALSE
"K02069",0.299,0,0.0413,64.9,31.6,0.144,NA,"K02069",0.6515625,1,FALSE,FALSE,FALSE,FALSE
"K02571",0.214,0,0.565,-17.8,30.8,0.0409,NA,"K02571",0.996972754793138,1,FALSE,FALSE,FALSE,FALSE
"K03532",0.0697,0,0.922,8.81,90.4,0.00691,NA,"K03532",0.996972754793138,1,FALSE,FALSE,FALSE,FALSE
"K07811",0.0498,0,0.581,34.3,62,0.0392,NA,"K07647,K07811",0.996972754793138,1,FALSE,FALSE,FALSE,FALSE
"K03974",0.244,0,0.125,278,181,0.108,NA,"K03974",0.844504021447721,1,FALSE,FALSE,FALSE,FALSE
"K03969",0.537,0,0.762,-24.8,81.9,0.0215,NA,"K03969",0.996972754793138,1,FALSE,FALSE,FALSE,FALSE
"K03970",0.234,0,0.355,148,159,0.0656,NA,"K03970",0.996972754793138,1,FALSE,FALSE,FALSE,FALSE
"K03973",0.254,0,0.25,138,119,0.0815,NA,"K03973",0.973520249221184,1,FALSE,FALSE,FALSE,FALSE
"K01760",0.756,0,0.752,15,47.6,0.0224,NA,"K01760",0.996972754793138,1,FALSE,FALSE,FALSE,FALSE
"K06131",0.896,0,0.974,-5.54,169,0.00232,NA,"K06131",0.996972754793138,1,FALSE,FALSE,FALSE,FALSE
"K05779",0.244,0,0.189,-73.1,55.4,0.0931,NA,"K05779",0.9228515625,1,FALSE,FALSE,FALSE,FALSE
"K05778",0.254,0,0.26,-63,55.7,0.0799,NA,"K05777,K05778",0.987654320987654,1,FALSE,FALSE,FALSE,FALSE
"K03668",0.592,0,0.414,-60.9,74.3,0.058,NA,"K03668",0.996972754793138,1,FALSE,FALSE,FALSE,FALSE
"K06938",0.642,0,0.637,-30.7,65,0.0335,NA,"K06938",0.996972754793138,1,FALSE,FALSE,FALSE,FALSE
"K03286",0.746,0,0.0933,309,183,0.119,NA,"K03286",0.806368330464716,1,FALSE,FALSE,FALSE,FALSE
"K18979",0.866,0,0.747,156,485,0.0229,NA,"K18979",0.996972754793138,1,FALSE,FALSE,FALSE,FALSE
"K01448",0.861,0,0.859,-47,264,0.0126,NA,"K01448",0.996972754793138,1,FALSE,FALSE,FALSE,FALSE
"K03572",0.856,0,0.842,59.2,296,0.0142,NA,"K03572",0.996972754793138,1,FALSE,FALSE,FALSE,FALSE
"K04088",0.721,0,0.56,95.2,163,0.0414,NA,"K04088",0.996972754793138,1,FALSE,FALSE,FALSE,FALSE
"K04087",0.721,0,0.56,95.2,163,0.0414,NA,"K04087",0.996972754793138,1,FALSE,FALSE,FALSE,FALSE
"K09937",0.373,0,0.74,-16.4,49.4,0.0236,NA,"K09937",0.996972754793138,1,FALSE,FALSE,FALSE,FALSE
"K02963",0.93,0,0.974,-4.38,134,0.00232,NA,"K02963",0.996972754793138,1,FALSE,FALSE,FALSE,FALSE
"K01810",0.896,0,0.69,28.1,70.3,0.0283,NA,"K01810",0.996972754793138,1,FALSE,FALSE,FALSE,FALSE
"K03409",0.204,0,0.674,34.1,81.1,0.0298,NA,"K03409",0.996972754793138,1,FALSE,FALSE,FALSE,FALSE
"K00380",0.617,0,0.801,11.5,45.5,0.0179,NA,"K00380",0.996972754793138,1,FALSE,FALSE,FALSE,FALSE
"K00381",0.721,0,0.197,89.8,69.3,0.0914,NA,"K00381",0.933649289099526,1,FALSE,FALSE,FALSE,FALSE
"K00390",0.856,0,0.112,94.9,59.4,0.113,NA,"K00390",0.84016393442623,1,FALSE,FALSE,FALSE,FALSE
"K14060",0.443,0,0.115,24.4,15.4,0.111,NA,"K14060",0.84016393442623,1,FALSE,FALSE,FALSE,FALSE
"K00868",0.502,0,0.371,31.1,34.7,0.0634,NA,"K00868",0.996972754793138,1,FALSE,FALSE,FALSE,FALSE
"K01058",0.358,0,0.826,13.1,59.6,0.0156,NA,"K01058",0.996972754793138,1,FALSE,FALSE,FALSE,FALSE
"K01007",0.652,0,0.913,4.44,40.8,0.00771,NA,"K01007",0.996972754793138,1,FALSE,FALSE,FALSE,FALSE
"K03675",0.0746,0,0.278,-93.1,85.5,0.0769,NA,"K03675",0.99214846538187,1,FALSE,FALSE,FALSE,FALSE
"K22230",0.388,0,0.601,22.6,43,0.0372,NA,"K22230",0.996972754793138,1,FALSE,FALSE,FALSE,FALSE
"K07394",0.368,0,0.401,55,65.4,0.0595,NA,"K07394",0.996972754793138,1,FALSE,FALSE,FALSE,FALSE
"K07222",0.483,0,0.844,-5.11,25.9,0.014,NA,"K07222",0.996972754793138,1,FALSE,FALSE,FALSE,FALSE
"K05844",0.537,0,0.0856,179,104,0.122,NA,"K05844",0.79537037037037,1,FALSE,FALSE,FALSE,FALSE
"K13985",0.682,0,0.563,-17.3,29.9,0.0411,NA,"K13985",0.996972754793138,1,FALSE,FALSE,FALSE,FALSE
"K14051",0.119,0,0.901,7.33,58.9,0.00882,NA,"K14051",0.996972754793138,1,FALSE,FALSE,FALSE,FALSE
"K03817",0.313,0,0.687,-21.4,53,0.0286,NA,"K03817",0.996972754793138,1,FALSE,FALSE,FALSE,FALSE
"K02821",0.264,0,0.861,7.94,45.2,0.0125,NA,"K02821",0.996972754793138,1,FALSE,FALSE,FALSE,FALSE
"K03475",0.244,0,0.784,12.4,45.3,0.0194,NA,"K03475",0.996972754793138,1,FALSE,FALSE,FALSE,FALSE
"K02822",0.264,0,0.861,7.94,45.2,0.0125,NA,"K02822",0.996972754793138,1,FALSE,FALSE,FALSE,FALSE
"K13590",0.517,0,0.976,2.42,79.9,0.00214,NA,"K13590",0.996972754793138,1,FALSE,FALSE,FALSE,FALSE
"K01485",0.647,0,0.28,35.1,32.4,0.0766,NA,"K01485",0.99290780141844,1,FALSE,FALSE,FALSE,FALSE
"K10974",0.269,0,0.132,36.1,23.9,0.107,NA,"K10974",0.855646100116414,1,FALSE,FALSE,FALSE,FALSE
"K07005",0.318,0,0.544,-35,57.5,0.0431,NA,"K07005",0.996972754793138,1,FALSE,FALSE,FALSE,FALSE
"K00375",0.796,0,0.141,44.1,29.8,0.104,NA,"K00375",0.855646100116414,1,FALSE,FALSE,FALSE,FALSE
"K16263",0.199,0,0.89,-6.86,49.4,0.00984,NA,"K16263",0.996972754793138,1,FALSE,FALSE,FALSE,FALSE
"K05601",0.159,0,0.479,56.9,80.2,0.0502,NA,"K05601",0.996972754793138,1,FALSE,FALSE,FALSE,FALSE
"K11933",0.0945,0,0.553,35.9,60.4,0.0421,NA,"K11933",0.996972754793138,1,FALSE,FALSE,FALSE,FALSE
"K09915",0.607,0,0.917,8.7,83,0.00744,NA,"K09915",0.996972754793138,1,FALSE,FALSE,FALSE,FALSE
"K07461",0.657,0,0.44,43.9,56.8,0.0548,NA,"K07461",0.996972754793138,1,FALSE,FALSE,FALSE,FALSE
"K10910",0.0597,0,0.574,-89.8,160,0.0399,NA,"K10910",0.996972754793138,1,FALSE,FALSE,FALSE,FALSE
"K04046",0.647,0,0.484,-75.9,108,0.0496,NA,"K04046",0.996972754793138,1,FALSE,FALSE,FALSE,FALSE
"K01840",0.254,0,0.498,29.7,43.8,0.0481,NA,"K01840",0.996972754793138,1,FALSE,FALSE,FALSE,FALSE
"K02275",0.841,0,0.779,13.4,47.4,0.02,NA,"K02275",0.996972754793138,1,FALSE,FALSE,FALSE,FALSE
"K02274",0.801,0,0.76,13.8,44.9,0.0217,NA,"K02274",0.996972754793138,1,FALSE,FALSE,FALSE,FALSE
"K02258",0.537,0,0.742,14.8,45.1,0.0233,NA,"K02258",0.996972754793138,1,FALSE,FALSE,FALSE,FALSE
"K02276",0.706,0,0.726,15.7,44.8,0.0249,NA,"K02276",0.996972754793138,1,FALSE,FALSE,FALSE,FALSE
"K14998",0.672,0,0.766,13.5,45,0.0212,NA,"K14998",0.996972754793138,1,FALSE,FALSE,FALSE,FALSE
"K02259",0.831,0,0.717,16.3,45,0.0257,NA,"K02259",0.996972754793138,1,FALSE,FALSE,FALSE,FALSE
"K09954",0.557,0,0.347,-71.2,75.6,0.0666,NA,"K09954",0.996972754793138,1,FALSE,FALSE,FALSE,FALSE
"K16052",0.274,0,0.157,56.2,39.6,0.1,NA,"K16052",0.874049945711183,1,FALSE,FALSE,FALSE,FALSE
"K12267",0.229,0,0.576,56.7,101,0.0397,NA,"K12267",0.996972754793138,1,FALSE,FALSE,FALSE,FALSE
"K05306",0.313,0,0.796,-8.77,33.9,0.0183,NA,"K05306",0.996972754793138,1,FALSE,FALSE,FALSE,FALSE
"K26913",0.0746,0,0.954,-2.97,51.1,0.00412,NA,"K26913",0.996972754793138,1,FALSE,FALSE,FALSE,FALSE
"K03430",0.388,0,0.554,17.9,30.3,0.0419,NA,"K03430",0.996972754793138,1,FALSE,FALSE,FALSE,FALSE
"K02010",0.597,0,0.00317,87.9,29.4,0.207,NA,"K02010",0.307894736842105,1,FALSE,FALSE,FALSE,FALSE
"K00851",0.692,0,0.913,5.74,52.6,0.00773,NA,"K00851",0.996972754793138,1,FALSE,FALSE,FALSE,FALSE
"K06145",0.507,0,0.678,-23.2,55.8,0.0295,NA,"K06145",0.996972754793138,1,FALSE,FALSE,FALSE,FALSE
"K09712",0.119,0,0.897,9.9,76.7,0.00915,NA,"K09712",0.996972754793138,1,FALSE,FALSE,FALSE,FALSE
"K08234",0.498,0,0.194,50.9,39.1,0.092,NA,"K08234",0.927342256214149,1,FALSE,FALSE,FALSE,FALSE
"K00456",0.0299,0,0.999,-0.0799,64.3,8.81e-05,NA,"K00456",0.999599759855914,1,FALSE,FALSE,FALSE,FALSE
"K00639",0.716,0,0.0889,-62.2,36.4,0.12,NA,"K00639",0.796847635726795,1,FALSE,FALSE,FALSE,FALSE
"K00060",0.602,0,0.201,-44.2,34.5,0.0905,NA,"K00060",0.938375350140056,1,FALSE,FALSE,FALSE,FALSE
"K13954",0.199,0,0.472,25.6,35.5,0.051,NA,"K13954",0.996972754793138,1,FALSE,FALSE,FALSE,FALSE
"K07025",0.796,0,0.749,13.7,42.8,0.0227,NA,"K07025",0.996972754793138,1,FALSE,FALSE,FALSE,FALSE
"K03658",0.244,0,0.504,-22.2,33.1,0.0474,NA,"K03658",0.996972754793138,1,FALSE,FALSE,FALSE,FALSE
"K01734",0.637,0,0.0751,-67.5,37.7,0.126,NA,"K01734",0.779503105590062,1,FALSE,FALSE,FALSE,FALSE
"K11930",0.0647,0,0.81,12.7,52.8,0.017,NA,"K11930",0.996972754793138,1,FALSE,FALSE,FALSE,FALSE
"K15363",0.0896,0,0.0374,129,61.6,0.147,NA,"K15363",0.64657980456026,1,FALSE,FALSE,FALSE,FALSE
"K08177",0.527,0,0.736,-9.92,29.4,0.0239,NA,"K08177",0.996972754793138,1,FALSE,FALSE,FALSE,FALSE
"K00882",0.577,0,0.706,-19.8,52.4,0.0268,NA,"K00882",0.996972754793138,1,FALSE,FALSE,FALSE,FALSE
"K03435",0.423,0,0.926,-5.53,59.3,0.00662,NA,"K03435",0.996972754793138,1,FALSE,FALSE,FALSE,FALSE
"K20074",0.731,0,0.0496,83.1,42.1,0.139,NA,"K20074",0.685082872928177,1,FALSE,FALSE,FALSE,FALSE
"K02575",0.761,0,0.0106,82.1,31.8,0.18,NA,"K02575",0.428571428571429,1,FALSE,FALSE,FALSE,FALSE
"K00372",0.766,0,0.556,16.4,27.8,0.0418,NA,"K00372",0.996972754793138,1,FALSE,FALSE,FALSE,FALSE
"K00852",0.796,0,0.96,3.11,61.2,0.0036,NA,"K00852",0.996972754793138,1,FALSE,FALSE,FALSE,FALSE
"K10439",0.741,0,0.809,10.9,44.9,0.0171,NA,"K10439",0.996972754793138,1,FALSE,FALSE,FALSE,FALSE
"K10440",0.657,0,0.699,11.1,28.7,0.0274,NA,"K10440",0.996972754793138,1,FALSE,FALSE,FALSE,FALSE
"K23509",0.388,0,0.138,46.5,31.2,0.105,NA,"K23509",0.855646100116414,1,FALSE,FALSE,FALSE,FALSE
"K02057",0.234,0,0.677,11.6,27.8,0.0295,NA,"K02057",0.996972754793138,1,FALSE,FALSE,FALSE,FALSE
"K10441",0.607,0,0.709,10.5,28,0.0265,NA,"K10441",0.996972754793138,1,FALSE,FALSE,FALSE,FALSE
"K06726",0.463,0,0.558,-29.1,49.7,0.0415,NA,"K06726",0.996972754793138,1,FALSE,FALSE,FALSE,FALSE
"K17836",0.468,0,0.269,-35.5,32.1,0.0783,NA,"K17836",0.987654320987654,1,FALSE,FALSE,FALSE,FALSE
"K13893",0.473,0,0.528,-75.1,119,0.0448,NA,"K13893",0.996972754793138,1,FALSE,FALSE,FALSE,FALSE
"K13894",0.537,0,0.823,-34.1,152,0.0159,NA,"K13894,K13895",0.996972754793138,1,FALSE,FALSE,FALSE,FALSE
"K13896",0.388,0,0.559,63.5,108,0.0415,NA,"K13896",0.996972754793138,1,FALSE,FALSE,FALSE,FALSE
"K14761",0.567,0,0.459,65,87.7,0.0525,NA,"K14761",0.996972754793138,1,FALSE,FALSE,FALSE,FALSE
"K02510",0.547,0,0.417,17.7,21.7,0.0575,NA,"K02510",0.996972754793138,1,FALSE,FALSE,FALSE,FALSE
"K15509",0.214,0,0.421,-16.1,19.9,0.0571,NA,"K15509",0.996972754793138,1,FALSE,FALSE,FALSE,FALSE
"K22187",0.488,0,0.563,16.1,27.7,0.041,NA,"K22187",0.996972754793138,1,FALSE,FALSE,FALSE,FALSE
"K11312",0.124,0,0.206,-55.4,43.7,0.0896,NA,"K11312",0.943482224247949,1,FALSE,FALSE,FALSE,FALSE
"K03830",0.328,0,0.86,4.23,24,0.0125,NA,"K03830",0.996972754793138,1,FALSE,FALSE,FALSE,FALSE
"K09909",0.254,0,0.932,-7.7,90,0.00606,NA,"K09909",0.996972754793138,1,FALSE,FALSE,FALSE,FALSE
"K00428",0.403,0,0.661,10.4,23.7,0.0312,NA,"K00428",0.996972754793138,1,FALSE,FALSE,FALSE,FALSE
"K20276",0.308,0,0.414,-19.9,24.2,0.0579,NA,"K20276",0.996972754793138,1,FALSE,FALSE,FALSE,FALSE
"K03446",0.731,0,0.45,-71.3,94.1,0.0536,NA,"K03446",0.996972754793138,1,FALSE,FALSE,FALSE,FALSE
"K03543",0.617,0,0.254,-91.1,79.6,0.0808,NA,"K03543",0.980694980694981,1,FALSE,FALSE,FALSE,FALSE
"K03449",0.826,0,0.518,-32.4,50,0.0458,NA,"K03449",0.996972754793138,1,FALSE,FALSE,FALSE,FALSE
"K01753",0.284,0,0.141,-45.6,30.8,0.104,NA,"K01753",0.855646100116414,1,FALSE,FALSE,FALSE,FALSE
"K00281",0.851,0,0.448,-214,281,0.0538,NA,"K00281",0.996972754793138,1,FALSE,FALSE,FALSE,FALSE
"K15034",0.851,0,0.13,93.4,61.4,0.107,NA,"K15034",0.855646100116414,1,FALSE,FALSE,FALSE,FALSE
"K05805",0.602,0,0.883,25.5,173,0.0105,NA,"K05805",0.996972754793138,1,FALSE,FALSE,FALSE,FALSE
"K03834",0.194,0,0.156,158,111,0.1,NA,"K03834",0.874049945711183,1,FALSE,FALSE,FALSE,FALSE
"K08682",0.493,0,0.482,94.8,135,0.0498,NA,"K08682",0.996972754793138,1,FALSE,FALSE,FALSE,FALSE
"K23988",0.0647,0,0.9,-5.51,43.8,0.00892,NA,"K23988",0.996972754793138,1,FALSE,FALSE,FALSE,FALSE
"K03741",0.567,0,0.13,42.4,27.9,0.107,NA,"K03741",0.855646100116414,1,FALSE,FALSE,FALSE,FALSE
"K25224",0.224,0,0.842,-6.17,30.9,0.0142,NA,"K25224",0.996972754793138,1,FALSE,FALSE,FALSE,FALSE
"K14645",0.239,0,0.545,24.1,39.8,0.0429,NA,"K14645",0.996972754793138,1,FALSE,FALSE,FALSE,FALSE
"K24138",0.398,0,0.0735,-135,75.1,0.127,NA,"K24138",0.773684210526316,1,FALSE,FALSE,FALSE,FALSE
"K07386",0.368,0,0.257,163,144,0.0803,NA,"K07386",0.986185725249424,1,FALSE,FALSE,FALSE,FALSE
"K04065",0.264,0,0.586,-20.6,37.9,0.0386,NA,"K04065",0.996972754793138,1,FALSE,FALSE,FALSE,FALSE
"K09986",0.418,0,0.91,-19.2,170,0.00798,NA,"K09986",0.996972754793138,1,FALSE,FALSE,FALSE,FALSE
"K27835",0.338,0,0.466,45.3,62,0.0517,NA,"K27835",0.996972754793138,1,FALSE,FALSE,FALSE,FALSE
"K03926",0.294,0,0.942,4.16,56.8,0.00519,NA,"K03926",0.996972754793138,1,FALSE,FALSE,FALSE,FALSE
"K11354",0.244,0,0.146,46.3,31.8,0.103,NA,"K11354",0.855646100116414,1,FALSE,FALSE,FALSE,FALSE
"K23997",0.821,0,0.337,57.6,59.8,0.0681,NA,"K23997",0.996972754793138,1,FALSE,FALSE,FALSE,FALSE
"K17758",0.637,0,0.192,67.8,51.8,0.0925,NA,"K17758",0.927342256214149,1,FALSE,FALSE,FALSE,FALSE
"K01611",0.532,0,0.45,23.2,30.7,0.0536,NA,"K01611",0.996972754793138,1,FALSE,FALSE,FALSE,FALSE
"K01259",0.463,0,0.569,22.5,39.3,0.0404,NA,"K01259",0.996972754793138,1,FALSE,FALSE,FALSE,FALSE
"K20977",0.259,0,0.235,-140,117,0.0842,NA,"K20977",0.963904840032814,1,FALSE,FALSE,FALSE,FALSE
"K20978",0.259,0,0.235,-140,117,0.0842,NA,"K20978",0.963904840032814,1,FALSE,FALSE,FALSE,FALSE
"K13282",0.199,0,0.875,-5.51,35.1,0.0111,NA,"K13282",0.996972754793138,1,FALSE,FALSE,FALSE,FALSE
"K07729",0.358,0,0.691,-8.61,21.6,0.0282,NA,"K07729",0.996972754793138,1,FALSE,FALSE,FALSE,FALSE
"K14379",0.0647,0,0.795,-8.14,31.2,0.0185,NA,"K14379",0.996972754793138,1,FALSE,FALSE,FALSE,FALSE
"K01083",0.224,0,0.862,-4.23,24.3,0.0123,NA,"K01083",0.996972754793138,1,FALSE,FALSE,FALSE,FALSE
"K01303",0.353,0,0.0879,63,36.7,0.121,NA,"K01303",0.796847635726795,1,FALSE,FALSE,FALSE,FALSE
"K00980",0.234,0,0.942,1.59,21.9,0.00516,NA,"K00980",0.996972754793138,1,FALSE,FALSE,FALSE,FALSE
"K00973",0.856,0,0.139,34.3,23.1,0.105,NA,"K00973",0.855646100116414,1,FALSE,FALSE,FALSE,FALSE
"K01710",0.856,0,0.139,34.3,23.1,0.105,NA,"K01710",0.855646100116414,1,FALSE,FALSE,FALSE,FALSE
"K02429",0.338,0,0.824,5.68,25.5,0.0158,NA,"K02429",0.996972754793138,1,FALSE,FALSE,FALSE,FALSE
"K15727",0.239,0,0.797,6.71,26,0.0183,NA,"K15727",0.996972754793138,1,FALSE,FALSE,FALSE,FALSE
"K06079",0.139,0,0.899,6.79,53.6,0.00898,NA,"K06079",0.996972754793138,1,FALSE,FALSE,FALSE,FALSE
"K01684",0.602,0,0.483,20.2,28.8,0.0498,NA,"K01684",0.996972754793138,1,FALSE,FALSE,FALSE,FALSE
"K18622",0.214,0,0.0116,-74.3,29.1,0.178,NA,"K18622",0.442748091603053,1,FALSE,FALSE,FALSE,FALSE
"K19055",0.418,0,0.0549,-64.6,33.4,0.136,NA,"K19055",0.704834605597964,1,FALSE,FALSE,FALSE,FALSE
"K03529",0.816,0,0.408,124,149,0.0587,NA,"K03529,K05896",0.996972754793138,1,FALSE,FALSE,FALSE,FALSE
"K18159",0.0945,0,0.244,-83.4,71.4,0.0825,NA,"K18159",0.967614533965245,1,FALSE,FALSE,FALSE,FALSE
"K00969",0.94,0,0.726,-49,140,0.0249,NA,"K00969",0.996972754793138,1,FALSE,FALSE,FALSE,FALSE
"K01761",0.239,0,0.176,55.7,41,0.0957,NA,"K01761",0.896130346232179,1,FALSE,FALSE,FALSE,FALSE
"K19707",0.119,0,0.241,33.7,28.7,0.0831,NA,"K19707",0.967614533965245,1,FALSE,FALSE,FALSE,FALSE
"K20974",0.303,0,0.677,-17,40.7,0.0295,NA,"K20974",0.996972754793138,1,FALSE,FALSE,FALSE,FALSE
"K11939",0.602,0,0.634,14.5,30.3,0.0338,NA,"K11939",0.996972754793138,1,FALSE,FALSE,FALSE,FALSE
"K00262",0.577,0,0.0406,46.3,22.5,0.145,NA,"K00262",0.648562300319489,1,FALSE,FALSE,FALSE,FALSE
"K00666",0.512,0,0.00339,121,40.8,0.206,NA,"K00666",0.307894736842105,1,FALSE,FALSE,FALSE,FALSE
"K07705",0.164,0,0.14,59.4,40,0.105,NA,"K07705",0.855646100116414,1,FALSE,FALSE,FALSE,FALSE
"K00311",0.577,0,0.911,9.71,87,0.00792,NA,"K00311",0.996972754793138,1,FALSE,FALSE,FALSE,FALSE
"K03521",0.871,0,0.219,68.6,55.6,0.0871,NA,"K03521",0.958005249343832,1,FALSE,FALSE,FALSE,FALSE
"K03522",0.861,0,0.0414,115,55.9,0.144,NA,"K03522",0.6515625,1,FALSE,FALSE,FALSE,FALSE
"K00681",0.92,0,0.285,51.4,47.9,0.0758,NA,"K00681",0.996972754793138,1,FALSE,FALSE,FALSE,FALSE
"K22452",0.527,0,0.813,14.7,62,0.0168,NA,"K22452",0.996972754793138,1,FALSE,FALSE,FALSE,FALSE
"K00020",0.597,0,0.974,1.94,59.8,0.0023,NA,"K00020",0.996972754793138,1,FALSE,FALSE,FALSE,FALSE
"K05605",0.657,0,0.147,-93.4,64.1,0.103,NA,"K05605",0.855646100116414,1,FALSE,FALSE,FALSE,FALSE
"K11538",0.388,0,0.695,18.6,47.3,0.0278,NA,"K11538",0.996972754793138,1,FALSE,FALSE,FALSE,FALSE
"K00249",0.721,0,0.859,-8.13,45.6,0.0126,NA,"K00249",0.996972754793138,1,FALSE,FALSE,FALSE,FALSE
"K00140",0.9,0,0.14,-81.3,54.8,0.105,NA,"K00140",0.855646100116414,1,FALSE,FALSE,FALSE,FALSE
"K00253",0.542,0,0.589,56,103,0.0383,NA,"K00253",0.996972754793138,1,FALSE,FALSE,FALSE,FALSE
"K01969",0.726,0,0.564,54.8,94.8,0.041,NA,"K01969",0.996972754793138,1,FALSE,FALSE,FALSE,FALSE
"K13766",0.517,0,0.78,28.5,102,0.0198,NA,"K13766",0.996972754793138,1,FALSE,FALSE,FALSE,FALSE
"K01968",0.587,0,0.812,-21.6,91,0.0169,NA,"K01968",0.996972754793138,1,FALSE,FALSE,FALSE,FALSE
"K01640",0.736,0,0.8,10.3,40.8,0.018,NA,"K01640",0.996972754793138,1,FALSE,FALSE,FALSE,FALSE
"K01028",0.721,0,0.964,-1.5,33.3,0.00319,NA,"K01028",0.996972754793138,1,FALSE,FALSE,FALSE,FALSE
"K01029",0.721,0,0.964,-1.5,33.3,0.00319,NA,"K01029",0.996972754793138,1,FALSE,FALSE,FALSE,FALSE
"K09696",0.179,0,0.793,-16.1,61.3,0.0186,NA,"K09696,K09697",0.996972754793138,1,FALSE,FALSE,FALSE,FALSE
"K01992",0.891,0,0.443,-29.3,38.1,0.0544,NA,"K01992",0.996972754793138,1,FALSE,FALSE,FALSE,FALSE
"K18473",0.159,0,0.833,23.8,113,0.015,NA,"K18473",0.996972754793138,1,FALSE,FALSE,FALSE,FALSE
"K06880",0.264,0,0.896,-3.39,25.9,0.00928,NA,"K06880",0.996972754793138,1,FALSE,FALSE,FALSE,FALSE
"K07491",0.512,0,0.0855,-40.5,23.4,0.122,NA,"K07491",0.79537037037037,1,FALSE,FALSE,FALSE,FALSE
"K00031",0.756,0,0.589,-24.5,45.3,0.0383,NA,"K00031",0.996972754793138,1,FALSE,FALSE,FALSE,FALSE
"K22278",0.682,0,0.329,29.3,29.9,0.0692,NA,"K22278",0.996972754793138,1,FALSE,FALSE,FALSE,FALSE
"K02676",0.294,0,0.0421,87,42.5,0.143,NA,"K02676",0.651702786377709,1,FALSE,FALSE,FALSE,FALSE
"K00906",0.463,0,0.389,84.7,98.2,0.061,NA,"K00906",0.996972754793138,1,FALSE,FALSE,FALSE,FALSE
"K14657",0.368,0,0.35,-20.5,21.9,0.0662,NA,"K14657",0.996972754793138,1,FALSE,FALSE,FALSE,FALSE
"K07165",0.488,0,0.746,14.4,44.4,0.023,NA,"K07165",0.996972754793138,1,FALSE,FALSE,FALSE,FALSE
"K12251",0.438,0,0.375,24.1,27.1,0.0629,NA,"K12251",0.996972754793138,1,FALSE,FALSE,FALSE,FALSE
"K13979",0.642,0,0.644,12.8,27.7,0.0328,NA,"K13979",0.996972754793138,1,FALSE,FALSE,FALSE,FALSE
"K24821",0.274,0,0.599,-32,60.6,0.0373,NA,"K24821",0.996972754793138,1,FALSE,FALSE,FALSE,FALSE
"K01690",0.612,0,0.465,37.1,50.6,0.0519,NA,"K01690",0.996972754793138,1,FALSE,FALSE,FALSE,FALSE
"K00845",0.647,0,0.0192,175,74,0.165,NA,"K00845",0.558139534883721,1,FALSE,FALSE,FALSE,FALSE
"K20950",0.0299,0,0.527,-26.5,41.8,0.0449,NA,"K20950",0.996972754793138,1,FALSE,FALSE,FALSE,FALSE
"K01178",0.0846,0,0.585,29.4,53.7,0.0387,NA,"K01178",0.996972754793138,1,FALSE,FALSE,FALSE,FALSE
"K16211",0.194,0,0.399,53.1,62.8,0.0598,NA,"K16211",0.996972754793138,1,FALSE,FALSE,FALSE,FALSE
"K21575",0.109,0,0.964,-2.91,63.7,0.00324,NA,"K21575",0.996972754793138,1,FALSE,FALSE,FALSE,FALSE
"K14266",0.109,0,0.225,109,89.8,0.086,NA,"K14266",0.95959595959596,1,FALSE,FALSE,FALSE,FALSE
"K01187",0.433,0,0.987,0.772,49.1,0.00111,NA,"K01187",0.996972754793138,1,FALSE,FALSE,FALSE,FALSE
"K01286",0.418,0,0.0355,46.3,21.9,0.148,NA,"K01286",0.64657980456026,1,FALSE,FALSE,FALSE,FALSE
"K01556",0.547,0,0.841,6.11,30.4,0.0143,NA,"K01556",0.996972754793138,1,FALSE,FALSE,FALSE,FALSE
"K16091",0.264,0,0.097,-65.4,39.2,0.117,NA,"K16091",0.815126050420168,1,FALSE,FALSE,FALSE,FALSE
"K11418",0.139,0,0.141,82.6,56,0.104,NA,"K11418",0.855646100116414,1,FALSE,FALSE,FALSE,FALSE
"K22479",0.816,0,0.86,4.97,28.1,0.0125,NA,"K22479",0.996972754793138,1,FALSE,FALSE,FALSE,FALSE
"K07734",0.692,0,0.844,-5.93,30.1,0.014,NA,"K07734",0.996972754793138,1,FALSE,FALSE,FALSE,FALSE
"K07052",0.771,0,0.611,-20.5,40.2,0.0361,NA,"K07052",0.996972754793138,1,FALSE,FALSE,FALSE,FALSE
"K18988",0.204,0,0.42,29.4,36.4,0.0572,NA,"K18988",0.996972754793138,1,FALSE,FALSE,FALSE,FALSE
"K12976",0.418,0,0.978,1.12,41.2,0.00192,NA,"K12976",0.996972754793138,1,FALSE,FALSE,FALSE,FALSE
"K09933",0.542,0,0.755,-26.2,83.8,0.0222,NA,"K09933",0.996972754793138,1,FALSE,FALSE,FALSE,FALSE
"K19271",0.299,0,0.531,-32.6,51.9,0.0445,NA,"K19271",0.996972754793138,1,FALSE,FALSE,FALSE,FALSE
"K00263",0.433,0,0.256,-66.6,58.5,0.0805,NA,"K00263",0.983858570330515,1,FALSE,FALSE,FALSE,FALSE
"K19784",0.791,0,0.0241,69.8,30.7,0.159,NA,"K19784",0.614213197969543,1,FALSE,FALSE,FALSE,FALSE
"K03411",0.478,0,0.000764,112,32.9,0.236,NA,"K03411",0.224705882352941,1,FALSE,FALSE,FALSE,FALSE
"K21478",0.0896,0,0.23,187,156,0.0851,NA,"K21478",0.959933222036728,1,FALSE,FALSE,FALSE,FALSE
"K02106",0.353,0,0.77,-7.78,26.6,0.0207,NA,"K02106",0.996972754793138,1,FALSE,FALSE,FALSE,FALSE
"K00797",0.567,0,0.397,28.7,33.8,0.06,NA,"K00797",0.996972754793138,1,FALSE,FALSE,FALSE,FALSE
"K16053",0.438,0,0.65,-23.3,51.2,0.0322,NA,"K16053",0.996972754793138,1,FALSE,FALSE,FALSE,FALSE
"K01113",0.572,0,0.0821,56.7,32.4,0.123,NA,"K01113",0.78585086042065,1,FALSE,FALSE,FALSE,FALSE
"K17231",0.154,0,0.726,-32,91.4,0.0248,NA,"K17231",0.996972754793138,1,FALSE,FALSE,FALSE,FALSE
"K02302",0.622,0,0.268,72.9,65.7,0.0784,NA,"K02302",0.987654320987654,1,FALSE,FALSE,FALSE,FALSE
"K07663",0.308,0,0.793,8.48,32.3,0.0186,NA,"K07663",0.996972754793138,1,FALSE,FALSE,FALSE,FALSE
"K07641",0.308,0,0.793,8.48,32.3,0.0186,NA,"K07641",0.996972754793138,1,FALSE,FALSE,FALSE,FALSE
"K06143",0.333,0,0.6,16.7,31.8,0.0372,NA,"K06143",0.996972754793138,1,FALSE,FALSE,FALSE,FALSE
"K11621",0.174,0,0.959,-2.31,45.4,0.00361,NA,"K11621",0.996972754793138,1,FALSE,FALSE,FALSE,FALSE
"K07215",0.239,0,0.88,4.4,29,0.0107,NA,"K07215",0.996972754793138,1,FALSE,FALSE,FALSE,FALSE
"K08981",0.373,0,0.46,112,151,0.0524,NA,"K08981",0.996972754793138,1,FALSE,FALSE,FALSE,FALSE
"K04047",0.9,0,0.865,6.68,39.2,0.0121,NA,"K04047",0.996972754793138,1,FALSE,FALSE,FALSE,FALSE
"K07445",0.0398,0,0.459,-36.3,49,0.0525,NA,"K07445",0.996972754793138,1,FALSE,FALSE,FALSE,FALSE
"K00641",0.587,0,0.64,24,51.3,0.0332,NA,"K00641",0.996972754793138,1,FALSE,FALSE,FALSE,FALSE
"K00019",0.667,0,0.973,-1.32,39.2,0.00238,NA,"K00019",0.996972754793138,1,FALSE,FALSE,FALSE,FALSE
"K07221",0.189,0,0.0267,70.4,31.5,0.156,NA,"K07221",0.638095238095238,1,FALSE,FALSE,FALSE,FALSE
"K02081",0.169,0,0.482,22.3,31.7,0.0498,NA,"K02081",0.996972754793138,1,FALSE,FALSE,FALSE,FALSE
"K16371",0.159,0,0.89,-5.61,40.5,0.00982,NA,"K16371",0.996972754793138,1,FALSE,FALSE,FALSE,FALSE
"K02082",0.124,0,0.496,-21.1,31,0.0482,NA,"K02082",0.996972754793138,1,FALSE,FALSE,FALSE,FALSE
"K02079",0.0498,0,0.802,-11.1,44.3,0.0178,NA,"K02079",0.996972754793138,1,FALSE,FALSE,FALSE,FALSE
"K00899",0.338,0,0.00774,98.5,36.6,0.187,NA,"K00899",0.404455445544554,1,FALSE,FALSE,FALSE,FALSE
"K08963",0.542,0,0.00863,95.6,36,0.185,NA,"K08963",0.413063063063063,1,FALSE,FALSE,FALSE,FALSE
"K08967",0.463,0,0.0306,103,47.1,0.153,NA,"K08967",0.64657980456026,1,FALSE,FALSE,FALSE,FALSE
"K09880",0.313,0,0.0274,78.9,35.5,0.156,NA,"K09880",0.64018691588785,1,FALSE,FALSE,FALSE,FALSE
"K08964",0.438,0,0.0273,78.7,35.4,0.156,NA,"K08964",0.64018691588785,1,FALSE,FALSE,FALSE,FALSE
"K14287",0.473,0,0.0468,99.9,49.9,0.14,NA,"K14287",0.672413793103448,1,FALSE,FALSE,FALSE,FALSE
"K07029",0.682,0,0.48,-26.9,38.1,0.0501,NA,"K07029",0.996972754793138,1,FALSE,FALSE,FALSE,FALSE
"K09940",0.483,0,0.377,64.2,72.5,0.0626,NA,"K09940",0.996972754793138,1,FALSE,FALSE,FALSE,FALSE
"K01434",0.483,0,0.0909,52.4,30.8,0.12,NA,"K01434",0.796847635726795,1,FALSE,FALSE,FALSE,FALSE
"K11741",0.731,0,0.609,19.7,38.5,0.0363,NA,"K11741",0.996972754793138,1,FALSE,FALSE,FALSE,FALSE
"K02172",0.418,0,0.616,59.6,119,0.0356,NA,"K02172",0.996972754793138,1,FALSE,FALSE,FALSE,FALSE
"K02171",0.423,0,0.496,90.7,133,0.0483,NA,"K02171",0.996972754793138,1,FALSE,FALSE,FALSE,FALSE
"K06999",0.896,0,0.447,-60.5,79.4,0.0539,NA,"K06999",0.996972754793138,1,FALSE,FALSE,FALSE,FALSE
"K02496",0.527,0,0.868,13.6,82.2,0.0118,NA,"K02496",0.996972754793138,1,FALSE,FALSE,FALSE,FALSE
"K03182",0.607,0,0.0222,115,50,0.161,NA,"K03182",0.593582887700535,1,FALSE,FALSE,FALSE,FALSE
"K01302",0.189,0,0.277,191,175,0.0771,NA,"K01302",0.991410164638511,1,FALSE,FALSE,FALSE,FALSE
"K03732",0.468,0,0.983,1.7,81.1,0.00149,NA,"K03732",0.996972754793138,1,FALSE,FALSE,FALSE,FALSE
"K01305",0.0896,0,0.556,27.2,46.1,0.0418,NA,"K01305",0.996972754793138,1,FALSE,FALSE,FALSE,FALSE
"K05986",0.169,0,0.539,52.7,85.7,0.0435,NA,"K05986",0.996972754793138,1,FALSE,FALSE,FALSE,FALSE
"K01407",0.159,0,0.915,18.6,175,0.00754,NA,"K01407",0.996972754793138,1,FALSE,FALSE,FALSE,FALSE
"K09974",0.154,0,0.204,44.7,35,0.09,NA,"K09974",0.943482224247949,1,FALSE,FALSE,FALSE,FALSE
"K09136",0.612,0,0.821,7.04,31.1,0.016,NA,"K09136",0.996972754793138,1,FALSE,FALSE,FALSE,FALSE
"K02226",0.269,0,0.595,20.8,39.1,0.0377,NA,"K02226",0.996972754793138,1,FALSE,FALSE,FALSE,FALSE
"K08973",0.587,0,0.87,-15.6,95.4,0.0116,NA,"K08973",0.996972754793138,1,FALSE,FALSE,FALSE,FALSE
"K07284",0.413,0,0.645,-27,58.5,0.0327,NA,"K07284",0.996972754793138,1,FALSE,FALSE,FALSE,FALSE
"K14980",0.204,0,0.538,61.1,99.1,0.0437,NA,"K14980",0.996972754793138,1,FALSE,FALSE,FALSE,FALSE
"K07715",0.184,0,0.0494,151,76.5,0.139,NA,"K07715",0.684210526315789,1,FALSE,FALSE,FALSE,FALSE
"K07711",0.229,0,0.0322,164,76.2,0.151,NA,"K07711",0.64657980456026,1,FALSE,FALSE,FALSE,FALSE
"K07101",0.224,0,0.764,-38.4,128,0.0213,NA,"K07101",0.996972754793138,1,FALSE,FALSE,FALSE,FALSE
"K07116",0.204,0,0.0546,92.7,47.9,0.136,NA,"K07116",0.704834605597964,1,FALSE,FALSE,FALSE,FALSE
"K16088",0.418,0,0.432,27,34.3,0.0557,NA,"K16088",0.996972754793138,1,FALSE,FALSE,FALSE,FALSE
"K09989",0.502,0,0.924,9.34,97.3,0.00681,NA,"K09989",0.996972754793138,1,FALSE,FALSE,FALSE,FALSE
"K16092",0.512,0,0.729,11.1,32,0.0246,NA,"K16092",0.996972754793138,1,FALSE,FALSE,FALSE,FALSE
"K04095",0.527,0,0.951,1.16,18.9,0.00434,NA,"K04095",0.996972754793138,1,FALSE,FALSE,FALSE,FALSE
"K03925",0.92,0,0.718,-40.1,111,0.0256,NA,"K03925",0.996972754793138,1,FALSE,FALSE,FALSE,FALSE
"K07778",0.308,0,0.27,50.3,45.4,0.0782,NA,"K07778",0.987654320987654,1,FALSE,FALSE,FALSE,FALSE
"K07693",0.294,0,0.802,-15.5,61.8,0.0178,NA,"K07693",0.996972754793138,1,FALSE,FALSE,FALSE,FALSE
"K02686",0.199,0,0.825,-11.8,53.5,0.0157,NA,"K02686",0.996972754793138,1,FALSE,FALSE,FALSE,FALSE
"K16074",0.592,0,0.0465,111,55.4,0.141,NA,"K16074",0.671965317919075,1,FALSE,FALSE,FALSE,FALSE
"K03654",0.851,0,0.696,27.5,70.4,0.0277,NA,"K03654",0.996972754793138,1,FALSE,FALSE,FALSE,FALSE
"K01073",0.219,0,0.837,17.5,85.2,0.0146,NA,"K01073",0.996972754793138,1,FALSE,FALSE,FALSE,FALSE
"K00556",0.254,0,0.806,-30.9,125,0.0174,NA,"K00556",0.996972754793138,1,FALSE,FALSE,FALSE,FALSE
"K01914",0.224,0,0.207,67.6,53.3,0.0894,NA,"K01914",0.943482224247949,1,FALSE,FALSE,FALSE,FALSE
"K20976",0.323,0,0.114,68.3,42.9,0.112,NA,"K20976",0.84016393442623,1,FALSE,FALSE,FALSE,FALSE
"K19294",0.264,0,0.668,19.4,45.3,0.0304,NA,"K19294",0.996972754793138,1,FALSE,FALSE,FALSE,FALSE
"K19609",0.209,0,0.074,-63.6,35.4,0.126,NA,"K19609",0.775681341719078,1,FALSE,FALSE,FALSE,FALSE
"K09007",0.378,0,0.225,-62.7,51.5,0.086,NA,"K09007",0.95959595959596,1,FALSE,FALSE,FALSE,FALSE
"K07688",0.0945,0,0.487,28,40.2,0.0493,NA,"K07688",0.996972754793138,1,FALSE,FALSE,FALSE,FALSE
"K03455",0.289,0,0.0712,63.5,35,0.128,NA,"K03455",0.763326226012793,1,FALSE,FALSE,FALSE,FALSE
"K02168",0.403,0,0.263,-36.9,32.8,0.0793,NA,"K02168",0.987654320987654,1,FALSE,FALSE,FALSE,FALSE
"K05564",0.453,0,0.39,105,121,0.0609,NA,"K05559,K05560,K05561,K05562,K05563,K05564",0.996972754793138,1,FALSE,FALSE,FALSE,FALSE
"K05565",0.711,0,0.889,-11.8,84.8,0.00988,NA,"K05565",0.996972754793138,1,FALSE,FALSE,FALSE,FALSE
"K05566",0.706,0,0.33,98.3,101,0.069,NA,"K05566",0.996972754793138,1,FALSE,FALSE,FALSE,FALSE
"K09857",0.463,0,0.489,-58.5,84.5,0.0491,NA,"K09857",0.996972754793138,1,FALSE,FALSE,FALSE,FALSE
"K15012",0.488,0,0.657,68.3,154,0.0315,NA,"K15011,K15012",0.996972754793138,1,FALSE,FALSE,FALSE,FALSE
"K00657",0.612,0,0.628,-18.7,38.5,0.0344,NA,"K00657",0.996972754793138,1,FALSE,FALSE,FALSE,FALSE
"K15726",0.318,0,0.452,23.3,30.9,0.0534,NA,"K15726",0.996972754793138,1,FALSE,FALSE,FALSE,FALSE
"K03594",0.667,0,0.633,-44.1,92.1,0.0339,NA,"K03594",0.996972754793138,1,FALSE,FALSE,FALSE,FALSE
"K02192",0.458,0,0.04,70.5,34.1,0.145,NA,"K02192",0.647249190938511,1,FALSE,FALSE,FALSE,FALSE
"K09978",0.229,0,0.0935,95.6,56.7,0.119,NA,"K09978",0.806368330464716,1,FALSE,FALSE,FALSE,FALSE
"K01118",0.746,0,0.0287,89.1,40.5,0.154,NA,"K01118",0.64657980456026,1,FALSE,FALSE,FALSE,FALSE
"K21469",0.149,0,0.897,16.3,126,0.00915,NA,"K21469",0.996972754793138,1,FALSE,FALSE,FALSE,FALSE
"K11066",0.498,0,0.468,51.5,70.8,0.0515,NA,"K11066",0.996972754793138,1,FALSE,FALSE,FALSE,FALSE
"K08989",0.393,0,0.79,7.67,28.7,0.0189,NA,"K08989",0.996972754793138,1,FALSE,FALSE,FALSE,FALSE
"K09980",0.184,0,0.173,-46.5,34,0.0965,NA,"K09980",0.889003083247688,1,FALSE,FALSE,FALSE,FALSE
"K09919",0.572,0,0.094,-135,80.3,0.118,NA,"K09919",0.806837606837607,1,FALSE,FALSE,FALSE,FALSE
"K01254",0.119,0,0.703,58.5,153,0.027,NA,"K01254",0.996972754793138,1,FALSE,FALSE,FALSE,FALSE
"K03525",0.627,0,0.882,24.1,163,0.0105,NA,"K03525",0.996972754793138,1,FALSE,FALSE,FALSE,FALSE
"K07257",0.0896,0,0.785,8.99,33,0.0193,NA,"K07257",0.996972754793138,1,FALSE,FALSE,FALSE,FALSE
"K00662",0.189,0,0.0518,60,30.7,0.137,NA,"K00662",0.700534759358289,1,FALSE,FALSE,FALSE,FALSE
"K03676",0.607,0,0.203,-147,115,0.0901,NA,"K03676",0.943482224247949,1,FALSE,FALSE,FALSE,FALSE
"K02472",0.358,0,0.613,-10.7,21,0.0359,NA,"K02472",0.996972754793138,1,FALSE,FALSE,FALSE,FALSE
"K24336",0.0498,0,0.833,7.61,36,0.015,NA,"K24280,K24336",0.996972754793138,1,FALSE,FALSE,FALSE,FALSE
"K24282",0.0348,0,0.892,5.11,37.7,0.0096,NA,"K24282",0.996972754793138,1,FALSE,FALSE,FALSE,FALSE
"K24284",0.0498,0,0.786,-9.87,36.3,0.0192,NA,"K24284",0.996972754793138,1,FALSE,FALSE,FALSE,FALSE
"K24281",0.0398,0,0.957,2.05,37.7,0.00386,NA,"K24281",0.996972754793138,1,FALSE,FALSE,FALSE,FALSE
"K24283",0.0448,0,0.511,22.8,34.7,0.0466,NA,"K24283",0.996972754793138,1,FALSE,FALSE,FALSE,FALSE
"K24310",0.264,0,0.729,8.32,24,0.0246,NA,"K24310",0.996972754793138,1,FALSE,FALSE,FALSE,FALSE
"K13012",0.139,0,0.81,5.72,23.7,0.0171,NA,"K13012",0.996972754793138,1,FALSE,FALSE,FALSE,FALSE
"K24300",0.368,0,0.555,13.2,22.4,0.0419,NA,"K24300",0.996972754793138,1,FALSE,FALSE,FALSE,FALSE
"K00690",0.199,0,0.671,-17.5,41.1,0.0302,NA,"K00690",0.996972754793138,1,FALSE,FALSE,FALSE,FALSE
"K13693",0.154,0,0.00325,-175,58.8,0.207,NA,"K13693",0.307894736842105,1,FALSE,FALSE,FALSE,FALSE
"K15918",0.149,0,0.821,35.2,156,0.016,NA,"K15918",0.996972754793138,1,FALSE,FALSE,FALSE,FALSE
"K07026",0.174,0,0.0352,-116,54.5,0.149,NA,"K07026",0.64657980456026,1,FALSE,FALSE,FALSE,FALSE
"K03153",0.652,0,0.836,12.1,58.5,0.0147,NA,"K03153",0.996972754793138,1,FALSE,FALSE,FALSE,FALSE
"K14153",0.139,0,0.153,199,139,0.101,NA,"K14153",0.870307167235495,1,FALSE,FALSE,FALSE,FALSE
"K02116",0.662,0,0.51,-16.4,24.8,0.0467,NA,"K02116",0.996972754793138,1,FALSE,FALSE,FALSE,FALSE
"K08998",0.567,0,0.734,15.4,45.3,0.0241,NA,"K08998",0.996972754793138,1,FALSE,FALSE,FALSE,FALSE
"K01271",0.249,0,0.392,121,141,0.0607,NA,"K01271",0.996972754793138,1,FALSE,FALSE,FALSE,FALSE
"K06886",0.697,0,0.915,4.39,41.3,0.00755,NA,"K06886",0.996972754793138,1,FALSE,FALSE,FALSE,FALSE
"K02674",0.338,0,0.143,50.8,34.5,0.104,NA,"K02674",0.855646100116414,1,FALSE,FALSE,FALSE,FALSE
"K02672",0.448,0,0.302,51.5,49.8,0.0731,NA,"K02672",0.996972754793138,1,FALSE,FALSE,FALSE,FALSE
"K00557",0.418,0,0.87,13.6,83.2,0.0116,NA,"K00557",0.996972754793138,1,FALSE,FALSE,FALSE,FALSE
"K13877",0.463,0,0.825,7.8,35.2,0.0157,NA,"K13877",0.996972754793138,1,FALSE,FALSE,FALSE,FALSE
"K12658",0.373,0,0.0883,62,36.2,0.121,NA,"K12658",0.796847635726795,1,FALSE,FALSE,FALSE,FALSE
"K21060",0.0398,0,0.514,-25.9,39.6,0.0463,NA,"K21060",0.996972754793138,1,FALSE,FALSE,FALSE,FALSE
"K00847",0.746,0,0.499,18.6,27.5,0.0479,NA,"K00847",0.996972754793138,1,FALSE,FALSE,FALSE,FALSE
"K01194",0.204,0,0.315,-33.6,33.4,0.0712,NA,"K01194",0.996972754793138,1,FALSE,FALSE,FALSE,FALSE
"K09004",0.149,0,0.344,-39.8,41.9,0.0671,NA,"K09004",0.996972754793138,1,FALSE,FALSE,FALSE,FALSE
"K07059",0.249,0,0.397,-28.3,33.4,0.0601,NA,"K07059",0.996972754793138,1,FALSE,FALSE,FALSE,FALSE
"K01484",0.438,0,0.737,44.9,134,0.0238,NA,"K01484",0.996972754793138,1,FALSE,FALSE,FALSE,FALSE
"K05520",0.811,0,0.00154,-118,36.8,0.222,NA,"K05520",0.261666666666667,1,FALSE,FALSE,FALSE,FALSE
"K03777",0.224,0,0.526,21.4,33.6,0.045,NA,"K03777",0.996972754793138,1,FALSE,FALSE,FALSE,FALSE
"K19775",0.124,0,0.388,-44.9,51.9,0.0612,NA,"K19775",0.996972754793138,1,FALSE,FALSE,FALSE,FALSE
"K08191",0.478,0,0.97,-1.16,30.7,0.00267,NA,"K08191",0.996972754793138,1,FALSE,FALSE,FALSE,FALSE
"K09822",0.0398,0,0.283,-73,67.7,0.0762,NA,"K09822",0.996972754793138,1,FALSE,FALSE,FALSE,FALSE
"K11941",0.114,0,0.138,62.7,42.1,0.105,NA,"K11941",0.855646100116414,1,FALSE,FALSE,FALSE,FALSE
"K07667",0.637,0,0.302,57.6,55.7,0.0731,NA,"K07667",0.996972754793138,1,FALSE,FALSE,FALSE,FALSE
"K05555",0.418,0,0.358,-29.8,32.4,0.0652,NA,"K05555",0.996972754793138,1,FALSE,FALSE,FALSE,FALSE
"K09890",0.373,0,0.593,-46.3,86.5,0.0379,NA,"K09890",0.996972754793138,1,FALSE,FALSE,FALSE,FALSE
"K22210",0.279,0,0.12,47.7,30.5,0.11,NA,"K22210",0.84016393442623,1,FALSE,FALSE,FALSE,FALSE
"K00355",0.642,0,0.643,13.6,29.3,0.0329,NA,"K00355",0.996972754793138,1,FALSE,FALSE,FALSE,FALSE
"K03782",0.667,0,0.548,-18.5,30.6,0.0427,NA,"K03782",0.996972754793138,1,FALSE,FALSE,FALSE,FALSE
"K01278",0.174,0,0.568,68.1,119,0.0405,NA,"K01278",0.996972754793138,1,FALSE,FALSE,FALSE,FALSE
"K10748",0.209,0,0.697,17.5,44.9,0.0276,NA,"K10748",0.996972754793138,1,FALSE,FALSE,FALSE,FALSE
"K09773",0.796,0,0.82,-14.1,61.8,0.0161,NA,"K09773",0.996972754793138,1,FALSE,FALSE,FALSE,FALSE
"K24160",0.363,0,0.667,9.71,22.5,0.0305,NA,"K24160",0.996972754793138,1,FALSE,FALSE,FALSE,FALSE
"K01750",0.328,0,0.713,10,27.3,0.0261,NA,"K01750",0.996972754793138,1,FALSE,FALSE,FALSE,FALSE
"K03503",0.338,0,0.882,3.8,25.6,0.0105,NA,"K03503",0.996972754793138,1,FALSE,FALSE,FALSE,FALSE
"K03502",0.378,0,0.903,-3.02,24.7,0.00867,NA,"K03502",0.996972754793138,1,FALSE,FALSE,FALSE,FALSE
"K08714",0.144,0,0.0429,-152,74.5,0.143,NA,"K08714",0.65922619047619,1,FALSE,FALSE,FALSE,FALSE
"K23753",0.204,0,0.62,-43.3,87.2,0.0352,NA,"K23753",0.996972754793138,1,FALSE,FALSE,FALSE,FALSE
"K13953",0.642,0,0.983,0.602,28.6,0.00149,NA,"K13953",0.996972754793138,1,FALSE,FALSE,FALSE,FALSE
"K01444",0.124,0,0.254,56.7,49.5,0.0808,NA,"K01444",0.980694980694981,1,FALSE,FALSE,FALSE,FALSE
"K26288",0.0547,0,0.681,-31.3,76,0.0291,NA,"K26288",0.996972754793138,1,FALSE,FALSE,FALSE,FALSE
"K26059",0.0846,0,0.686,18.7,46.2,0.0287,NA,"K26059",0.996972754793138,1,FALSE,FALSE,FALSE,FALSE
"K02761",0.229,0,0.81,-10.2,42.2,0.0171,NA,"K02761",0.996972754793138,1,FALSE,FALSE,FALSE,FALSE
"K01053",0.517,0,0.143,30.2,20.5,0.104,NA,"K01053",0.855646100116414,1,FALSE,FALSE,FALSE,FALSE
"K07270",0.139,0,0.0438,76.3,37.6,0.142,NA,"K07270",0.65922619047619,1,FALSE,FALSE,FALSE,FALSE
"K00030",0.154,0,0.356,153,165,0.0654,NA,"K00030",0.996972754793138,1,FALSE,FALSE,FALSE,FALSE
"K07148",0.542,0,0.233,40.8,34.1,0.0846,NA,"K07148",0.962962962962963,1,FALSE,FALSE,FALSE,FALSE
"K01214",0.552,0,0.519,-25.8,39.9,0.0458,NA,"K01214",0.996972754793138,1,FALSE,FALSE,FALSE,FALSE
"K01467",0.478,0,0.2,-39.6,30.8,0.0907,NA,"K01467",0.938086303939963,1,FALSE,FALSE,FALSE,FALSE
"K21698",0.313,0,0.271,85.5,77.4,0.0781,NA,"K21698",0.987654320987654,1,FALSE,FALSE,FALSE,FALSE
"K01284",0.463,0,0.346,104,111,0.0668,NA,"K01284",0.996972754793138,1,FALSE,FALSE,FALSE,FALSE
"K01555",0.428,0,0.753,12.2,38.7,0.0224,NA,"K01555",0.996972754793138,1,FALSE,FALSE,FALSE,FALSE
"K01932",0.0995,0,0.602,29.6,56.7,0.037,NA,"K01932,K22116",0.996972754793138,1,FALSE,FALSE,FALSE,FALSE
"K22310",0.527,0,0.976,-1.43,48.5,0.00209,NA,"K22310",0.996972754793138,1,FALSE,FALSE,FALSE,FALSE
"K12972",0.672,0,0.408,23.8,28.7,0.0587,NA,"K12972",0.996972754793138,1,FALSE,FALSE,FALSE,FALSE
"K08082",0.204,0,0.0541,177,91.4,0.136,NA,"K08082",0.704834605597964,1,FALSE,FALSE,FALSE,FALSE
"K08083",0.358,0,0.645,-26.9,58.2,0.0327,NA,"K08083",0.996972754793138,1,FALSE,FALSE,FALSE,FALSE
"K09797",0.119,0,0.77,31.6,108,0.0208,NA,"K09797",0.996972754793138,1,FALSE,FALSE,FALSE,FALSE
"K00992",0.557,0,0.723,38.7,109,0.0252,NA,"K00992",0.996972754793138,1,FALSE,FALSE,FALSE,FALSE
"K07102",0.562,0,0.561,76.1,131,0.0413,NA,"K07102",0.996972754793138,1,FALSE,FALSE,FALSE,FALSE
"K03807",0.343,0,0.805,34.8,141,0.0175,NA,"K03807",0.996972754793138,1,FALSE,FALSE,FALSE,FALSE
"K02652",0.368,0,0.11,58.5,36.4,0.113,NA,"K02652",0.84016393442623,1,FALSE,FALSE,FALSE,FALSE
"K09798",0.448,0,0.675,31.4,74.9,0.0297,NA,"K09798",0.996972754793138,1,FALSE,FALSE,FALSE,FALSE
"K07265",0.269,0,0.834,-5.16,24.6,0.0149,NA,"K07265",0.996972754793138,1,FALSE,FALSE,FALSE,FALSE
"K09699",0.597,0,0.338,57.3,59.7,0.0679,NA,"K09699",0.996972754793138,1,FALSE,FALSE,FALSE,FALSE
"K00167",0.617,0,0.804,12,48.3,0.0176,NA,"K00167",0.996972754793138,1,FALSE,FALSE,FALSE,FALSE
"K00166",0.557,0,0.324,58.6,59.2,0.07,NA,"K00166",0.996972754793138,1,FALSE,FALSE,FALSE,FALSE
"K22292",0.408,0,0.642,-34.8,74.8,0.0329,NA,"K22292",0.996972754793138,1,FALSE,FALSE,FALSE,FALSE
"K16264",0.532,0,0.12,62.1,39.7,0.11,NA,"K16264",0.84016393442623,1,FALSE,FALSE,FALSE,FALSE
"K15725",0.254,0,0.744,10.2,31.2,0.0232,NA,"K15725",0.996972754793138,1,FALSE,FALSE,FALSE,FALSE
"K12146",0.0896,0,0.472,38.8,53.9,0.051,NA,"K12146",0.996972754793138,1,FALSE,FALSE,FALSE,FALSE
"K15836",0.129,0,0.26,34.6,30.6,0.0799,NA,"K15836",0.987654320987654,1,FALSE,FALSE,FALSE,FALSE
"K06024",0.811,0,0.0129,286,114,0.175,NA,"K06024",0.467391304347826,1,FALSE,FALSE,FALSE,FALSE
"K09707",0.159,0,0.782,-21.5,77.4,0.0197,NA,"K09707",0.996972754793138,1,FALSE,FALSE,FALSE,FALSE
"K25494",0.159,0,0.37,-44.6,49.6,0.0636,NA,"K25494",0.996972754793138,1,FALSE,FALSE,FALSE,FALSE
"K00459",0.846,0,0.538,25.6,41.4,0.0437,NA,"K00459",0.996972754793138,1,FALSE,FALSE,FALSE,FALSE
"K05349",0.617,0,0.49,-18.2,26.4,0.049,NA,"K05349",0.996972754793138,1,FALSE,FALSE,FALSE,FALSE
"K06200",0.567,0,0.934,-3.83,46.4,0.00585,NA,"K06200",0.996972754793138,1,FALSE,FALSE,FALSE,FALSE
"K27802",0.846,0,0.957,-5.07,94.7,0.00379,NA,"K27802",0.996972754793138,1,FALSE,FALSE,FALSE,FALSE
"K20881",0.368,0,0.0554,226,117,0.135,NA,"K20881",0.704834605597964,1,FALSE,FALSE,FALSE,FALSE
"K01494",0.801,0,0.427,38.8,48.7,0.0563,NA,"K01494",0.996972754793138,1,FALSE,FALSE,FALSE,FALSE
"K20971",0.214,0,0.234,-79,66.2,0.0844,NA,"K20971",0.962962962962963,1,FALSE,FALSE,FALSE,FALSE
"K01609",0.836,0,0.594,-39.1,73.2,0.0378,NA,"K01609",0.996972754793138,1,FALSE,FALSE,FALSE,FALSE
"K07660",0.403,0,0.976,-2.41,80.6,0.00212,NA,"K07660",0.996972754793138,1,FALSE,FALSE,FALSE,FALSE
"K11744",0.423,0,0.355,-28.8,31,0.0656,NA,"K11744",0.996972754793138,1,FALSE,FALSE,FALSE,FALSE
"K05297",0.174,0,0.546,49.5,81.8,0.0428,NA,"K05297",0.996972754793138,1,FALSE,FALSE,FALSE,FALSE
"K17382",0.0498,0,0.621,-21.3,42.9,0.0351,NA,"K17382",0.996972754793138,1,FALSE,FALSE,FALSE,FALSE
"K01297",0.692,0,0.248,41.2,35.6,0.0818,NA,"K01297",0.969507427677873,1,FALSE,FALSE,FALSE,FALSE
"K03894",0.0398,0,0.271,71.2,64.5,0.078,NA,"K03894,K03897",0.987654320987654,1,FALSE,FALSE,FALSE,FALSE
"K03705",0.582,0,0.363,-106,117,0.0644,NA,"K03705",0.996972754793138,1,FALSE,FALSE,FALSE,FALSE
"K01283",0.114,0,0.0108,127,49.4,0.18,NA,"K01283",0.428571428571429,1,FALSE,FALSE,FALSE,FALSE
"K10763",0.512,0,0.478,115,162,0.0503,NA,"K10763",0.996972754793138,1,FALSE,FALSE,FALSE,FALSE
"K13695",0.174,0,0.308,88.5,86.6,0.0722,NA,"K13695",0.996972754793138,1,FALSE,FALSE,FALSE,FALSE
"K13694",0.229,0,0.476,59.2,83,0.0506,NA,"K13694",0.996972754793138,1,FALSE,FALSE,FALSE,FALSE
"K02099",0.279,0,0.383,28.1,32.1,0.0619,NA,"K02099",0.996972754793138,1,FALSE,FALSE,FALSE,FALSE
"K21703",0.229,0,0.345,48.6,51.4,0.0669,NA,"K21703",0.996972754793138,1,FALSE,FALSE,FALSE,FALSE
"K00558",0.512,0,0.677,-6.35,15.2,0.0295,NA,"K00558",0.996972754793138,1,FALSE,FALSE,FALSE,FALSE
"K03284",0.856,0,0.106,-163,100,0.114,NA,"K03284",0.834645669291339,1,FALSE,FALSE,FALSE,FALSE
"K11897",0.249,0,0.394,19.4,22.7,0.0604,NA,"K11897",0.996972754793138,1,FALSE,FALSE,FALSE,FALSE
"K11899",0.0498,0,0.603,19.7,37.9,0.0369,NA,"K11899",0.996972754793138,1,FALSE,FALSE,FALSE,FALSE
"K11890",0.264,0,0.287,24.4,22.9,0.0755,NA,"K11890",0.996972754793138,1,FALSE,FALSE,FALSE,FALSE
"K11915",0.154,0,0.296,27.2,26,0.0741,NA,"K11915",0.996972754793138,1,FALSE,FALSE,FALSE,FALSE
"K03744",0.622,0,0.945,-3.15,45.7,0.00488,NA,"K03744",0.996972754793138,1,FALSE,FALSE,FALSE,FALSE
"K23061",0.209,0,0.123,56.6,36.5,0.109,NA,"K23061,K23062,K23063,K23064",0.84016393442623,1,FALSE,FALSE,FALSE,FALSE
"K06894",0.552,0,0.896,-4.99,38,0.00931,NA,"K06894",0.996972754793138,1,FALSE,FALSE,FALSE,FALSE
"K05367",0.383,0,0.179,43.4,32.2,0.0951,NA,"K05367",0.903128153380424,1,FALSE,FALSE,FALSE,FALSE
"K09157",0.0299,0,0.0652,-137,73.9,0.13,NA,"K09157",0.73589164785553,1,FALSE,FALSE,FALSE,FALSE
"K07124",0.746,0,0.611,-20.8,40.7,0.0361,NA,"K07124",0.996972754793138,1,FALSE,FALSE,FALSE,FALSE
"K24217",0.502,0,0.277,-41.5,38,0.0771,NA,"K24217",0.991410164638511,1,FALSE,FALSE,FALSE,FALSE
"K09011",0.0448,0,0.715,-68.9,188,0.0259,NA,"K09011",0.996972754793138,1,FALSE,FALSE,FALSE,FALSE
"K19173",0.0299,0,0.513,-28.7,43.8,0.0464,NA,"K19173,K19174",0.996972754793138,1,FALSE,FALSE,FALSE,FALSE
"K19175",0.0547,0,0.649,-14.8,32.4,0.0323,NA,"K19175",0.996972754793138,1,FALSE,FALSE,FALSE,FALSE
"K19172",0.0746,0,0.444,22.2,29,0.0543,NA,"K19172",0.996972754793138,1,FALSE,FALSE,FALSE,FALSE
"K19171",0.0796,0,0.215,35.4,28.5,0.0878,NA,"K19171",0.949646643109541,1,FALSE,FALSE,FALSE,FALSE
"K19170",0.104,0,0.35,22.2,23.7,0.0662,NA,"K19170",0.996972754793138,1,FALSE,FALSE,FALSE,FALSE
"K19169",0.114,0,0.97,-0.933,24.5,0.0027,NA,"K19169",0.996972754793138,1,FALSE,FALSE,FALSE,FALSE
"K00620",0.677,0,0.601,62.9,120,0.0371,NA,"K00620",0.996972754793138,1,FALSE,FALSE,FALSE,FALSE
"K22320",0.149,0,0.00351,-133,45.2,0.205,NA,"K22320",0.307894736842105,1,FALSE,FALSE,FALSE,FALSE
"K22319",0.0945,0,0.00617,-139,50.2,0.193,NA,"K22319",0.388823529411765,1,FALSE,FALSE,FALSE,FALSE
"K22318",0.0547,0,0.408,70.2,84.7,0.0587,NA,"K22318",0.996972754793138,1,FALSE,FALSE,FALSE,FALSE
"K22317",0.144,0,0.0105,-121,46.8,0.18,NA,"K22317",0.428571428571429,1,FALSE,FALSE,FALSE,FALSE
"K22302",0.114,0,0.475,-17.9,25,0.0507,NA,"K22302",0.996972754793138,1,FALSE,FALSE,FALSE,FALSE
"K02574",0.0547,0,0.012,287,113,0.177,NA,"K02574",0.444444444444444,1,FALSE,FALSE,FALSE,FALSE
"K02573",0.0547,0,0.012,287,113,0.177,NA,"K02573",0.444444444444444,1,FALSE,FALSE,FALSE,FALSE
"K01520",0.781,0,0.282,54.1,50.1,0.0763,NA,"K01520",0.996972754793138,1,FALSE,FALSE,FALSE,FALSE
"K05895",0.433,0,0.0186,-155,65.2,0.166,NA,"K05895",0.553571428571428,1,FALSE,FALSE,FALSE,FALSE
"K14347",0.577,0,0.844,-8.94,45.3,0.014,NA,"K14347",0.996972754793138,1,FALSE,FALSE,FALSE,FALSE
"K00784",0.557,0,0.52,16.9,26.2,0.0457,NA,"K00784",0.996972754793138,1,FALSE,FALSE,FALSE,FALSE
"K23743",0.124,0,0.812,-10.2,43,0.0169,NA,"K23743",0.996972754793138,1,FALSE,FALSE,FALSE,FALSE
"K28317",0.0498,0,0.533,57.8,92.5,0.0442,NA,"K28317",0.996972754793138,1,FALSE,FALSE,FALSE,FALSE
"K06402",0.234,0,0.142,58.3,39.5,0.104,NA,"K06402",0.855646100116414,1,FALSE,FALSE,FALSE,FALSE
"K05567",0.383,0,0.492,51.1,74.2,0.0488,NA,"K05567",0.996972754793138,1,FALSE,FALSE,FALSE,FALSE
"K05571",0.418,0,0.555,37.7,63.9,0.0418,NA,"K05571",0.996972754793138,1,FALSE,FALSE,FALSE,FALSE
"K18353",0.109,0,0.358,44.8,48.6,0.0651,NA,"K18353",0.996972754793138,1,FALSE,FALSE,FALSE,FALSE
"K04749",0.259,0,0.0512,74.3,37.9,0.138,NA,"K04749",0.700534759358289,1,FALSE,FALSE,FALSE,FALSE
"K09689",0.204,0,0.835,-7.39,35.5,0.0147,NA,"K09689,K10107",0.996972754793138,1,FALSE,FALSE,FALSE,FALSE
"K06320",0.194,0,0.927,2.4,26.2,0.00649,NA,"K06320",0.996972754793138,1,FALSE,FALSE,FALSE,FALSE
"K09688",0.199,0,0.899,-4.12,32.3,0.00902,NA,"K09688",0.996972754793138,1,FALSE,FALSE,FALSE,FALSE
"K28186",0.144,0,0.125,53.6,34.7,0.109,NA,"K28186",0.844504021447721,1,FALSE,FALSE,FALSE,FALSE
"K00116",0.567,0,0.51,-32,48.4,0.0467,NA,"K00116",0.996972754793138,1,FALSE,FALSE,FALSE,FALSE
"K21429",0.0299,0,0.476,30.9,43.2,0.0506,NA,"K21429",0.996972754793138,1,FALSE,FALSE,FALSE,FALSE
"K13683",0.0746,0,0.0318,90.7,41.9,0.152,NA,"K13683",0.64657980456026,1,FALSE,FALSE,FALSE,FALSE
"K02377",0.244,0,0.0141,53.6,21.6,0.173,NA,"K02377",0.47972972972973,1,FALSE,FALSE,FALSE,FALSE
"K01711",0.443,0,0.319,16.2,16.2,0.0707,NA,"K01711",0.996972754793138,1,FALSE,FALSE,FALSE,FALSE
"K03207",0.0995,0,0.229,49.8,41.3,0.0852,NA,"K03207",0.959933222036728,1,FALSE,FALSE,FALSE,FALSE
"K07248",0.343,0,0.739,7.58,22.7,0.0237,NA,"K07248",0.996972754793138,1,FALSE,FALSE,FALSE,FALSE
"K01174",0.353,0,0.226,37.8,31.2,0.0857,NA,"K01174",0.95959595959596,1,FALSE,FALSE,FALSE,FALSE
"K03291",0.254,0,0.947,2.83,42.7,0.00469,NA,"K03291",0.996972754793138,1,FALSE,FALSE,FALSE,FALSE
"K04517",0.736,0,0.85,-19.1,101,0.0134,NA,"K04517",0.996972754793138,1,FALSE,FALSE,FALSE,FALSE
"K01192",0.219,0,0.228,45.2,37.4,0.0854,NA,"K01192",0.95959595959596,1,FALSE,FALSE,FALSE,FALSE
"K02498",0.557,0,0.826,-17,77.4,0.0156,NA,"K02498",0.996972754793138,1,FALSE,FALSE,FALSE,FALSE
"K10778",0.577,0,0.414,31.9,38.9,0.058,NA,"K10778",0.996972754793138,1,FALSE,FALSE,FALSE,FALSE
"K03810",0.159,0,0.0339,115,53.7,0.15,NA,"K03810",0.64657980456026,1,FALSE,FALSE,FALSE,FALSE
"K05946",0.234,0,0.718,10.1,28,0.0257,NA,"K05946",0.996972754793138,1,FALSE,FALSE,FALSE,FALSE
"K19333",0.284,0,0.0327,80.9,37.6,0.151,NA,"K19333",0.64657980456026,1,FALSE,FALSE,FALSE,FALSE
"K18581",0.209,0,0.00523,80.8,28.6,0.196,NA,"K18581",0.363194444444444,1,FALSE,FALSE,FALSE,FALSE
"K15652",0.119,0,0.536,31.2,50.2,0.044,NA,"K15652",0.996972754793138,1,FALSE,FALSE,FALSE,FALSE
"K24112",0.0896,0,0.342,-85.2,89.4,0.0674,NA,"K24112",0.996972754793138,1,FALSE,FALSE,FALSE,FALSE
"K24110",0.0846,0,0.973,-1.8,53.6,0.00238,NA,"K24110",0.996972754793138,1,FALSE,FALSE,FALSE,FALSE
"K24109",0.0846,0,0.912,10.9,98.7,0.00784,NA,"K24109",0.996972754793138,1,FALSE,FALSE,FALSE,FALSE
"K24108",0.169,0,0.623,47.8,97,0.0349,NA,"K24108",0.996972754793138,1,FALSE,FALSE,FALSE,FALSE
"K27502",0.0697,0,0.193,146,112,0.0922,NA,"K27502",0.927342256214149,1,FALSE,FALSE,FALSE,FALSE
"K27684",0.0697,0,0.193,146,112,0.0922,NA,"K27684",0.927342256214149,1,FALSE,FALSE,FALSE,FALSE
"K02007",0.0647,0,0.906,-17.3,147,0.00834,NA,"K02007,K02008",0.996972754793138,1,FALSE,FALSE,FALSE,FALSE
"K16915",0.0348,0,0.00815,126,47,0.186,NA,"K16915",0.404455445544554,1,FALSE,FALSE,FALSE,FALSE
"K03404",0.0299,0,0.618,63.9,128,0.0354,NA,"K03404",0.996972754793138,1,FALSE,FALSE,FALSE,FALSE
"K03405",0.388,0,0.00118,-182,55.4,0.227,NA,"K03405",0.248214285714286,1,FALSE,FALSE,FALSE,FALSE
"K02224",0.493,0,0.607,-38.7,75.1,0.0365,NA,"K02224",0.996972754793138,1,FALSE,FALSE,FALSE,FALSE
"K02188",0.284,0,0.788,14.6,54.3,0.0191,NA,"K02188",0.996972754793138,1,FALSE,FALSE,FALSE,FALSE
"K06042",0.448,0,0.0504,-165,83.6,0.138,NA,"K00595,K02189,K03394,K05936,K06042",0.692307692307692,1,FALSE,FALSE,FALSE,FALSE
"K02234",0.438,0,0.307,-41.1,40.2,0.0724,NA,"K02234",0.996972754793138,1,FALSE,FALSE,FALSE,FALSE
"K02230",0.393,0,0.00228,-216,69.8,0.214,NA,"K02230",0.289024390243902,1,FALSE,FALSE,FALSE,FALSE
"K03795",0.239,0,0.204,53.1,41.7,0.0899,NA,"K03795",0.943482224247949,1,FALSE,FALSE,FALSE,FALSE
"K02225",0.373,0,0.361,-78.8,86.1,0.0647,NA,"K02225",0.996972754793138,1,FALSE,FALSE,FALSE,FALSE
"K03148",0.244,0,0.432,44.3,56.2,0.0558,NA,"K03148",0.996972754793138,1,FALSE,FALSE,FALSE,FALSE
"K03150",0.189,0,0.794,15.3,58.6,0.0185,NA,"K03150",0.996972754793138,1,FALSE,FALSE,FALSE,FALSE
"K00067",0.687,0,0.76,6.74,22.1,0.0217,NA,"K00067",0.996972754793138,1,FALSE,FALSE,FALSE,FALSE
"K01790",0.677,0,0.477,16,22.4,0.0504,NA,"K01790",0.996972754793138,1,FALSE,FALSE,FALSE,FALSE
"K01021",0.109,0,0.123,-62.5,40.4,0.109,NA,"K01021",0.84016393442623,1,FALSE,FALSE,FALSE,FALSE
"K23164",0.383,0,0.0981,35.9,21.6,0.117,NA,"K23164",0.817803660565724,1,FALSE,FALSE,FALSE,FALSE
"K19159",0.204,0,0.388,19,22,0.0613,NA,"K19159",0.996972754793138,1,FALSE,FALSE,FALSE,FALSE
"K19158",0.179,0,0.701,8.6,22.4,0.0272,NA,"K19158",0.996972754793138,1,FALSE,FALSE,FALSE,FALSE
"K06080",0.129,0,0.916,17.9,170,0.00749,NA,"K06080",0.996972754793138,1,FALSE,FALSE,FALSE,FALSE
"K02673",0.398,0,0.41,33.2,40.2,0.0584,NA,"K02673",0.996972754793138,1,FALSE,FALSE,FALSE,FALSE
"K28854",0.189,0,0.932,6.68,78.3,0.00605,NA,"K28854",0.996972754793138,1,FALSE,FALSE,FALSE,FALSE
"K02843",0.353,0,0.815,15.8,67.3,0.0166,NA,"K02843",0.996972754793138,1,FALSE,FALSE,FALSE,FALSE
"K02849",0.0796,0,0.34,93.3,97.6,0.0676,NA,"K02849",0.996972754793138,1,FALSE,FALSE,FALSE,FALSE
"K01579",0.711,0,0.305,38,36.9,0.0728,NA,"K01579",0.996972754793138,1,FALSE,FALSE,FALSE,FALSE
"K02647",0.373,0,0.851,-10.2,54.3,0.0133,NA,"K02647",0.996972754793138,1,FALSE,FALSE,FALSE,FALSE
"K17247",0.552,0,0.76,17.3,56.4,0.0217,NA,"K17247",0.996972754793138,1,FALSE,FALSE,FALSE,FALSE
"K07147",0.557,0,0.873,-15,93.5,0.0114,NA,"K07147",0.996972754793138,1,FALSE,FALSE,FALSE,FALSE
"K03606",0.174,0,0.148,46,31.7,0.102,NA,"K03606",0.859284890426759,1,FALSE,FALSE,FALSE,FALSE
"K18554",0.119,0,0.429,44.9,56.6,0.0561,NA,"K18554",0.996972754793138,1,FALSE,FALSE,FALSE,FALSE
"K22441",0.418,0,0.91,-3.72,33,0.00798,NA,"K22441",0.996972754793138,1,FALSE,FALSE,FALSE,FALSE
"K16135",0.458,0,0.364,27.1,29.8,0.0643,NA,"K16135",0.996972754793138,1,FALSE,FALSE,FALSE,FALSE
"K03928",0.259,0,0.504,-25.5,38,0.0474,NA,"K03928",0.996972754793138,1,FALSE,FALSE,FALSE,FALSE
"K07192",0.353,0,0.122,55.7,35.8,0.109,NA,"K07192",0.84016393442623,1,FALSE,FALSE,FALSE,FALSE
"K21005",0.0199,0,0.608,29.6,57.6,0.0364,NA,"K21005",0.996972754793138,1,FALSE,FALSE,FALSE,FALSE
"K18479",0.303,0,0.65,-10.4,22.8,0.0322,NA,"K18479",0.996972754793138,1,FALSE,FALSE,FALSE,FALSE
"K02056",0.433,0,0.835,5.84,28,0.0148,NA,"K02056",0.996972754793138,1,FALSE,FALSE,FALSE,FALSE
"K01304",0.244,0,0.799,6.51,25.5,0.0181,NA,"K01304",0.996972754793138,1,FALSE,FALSE,FALSE,FALSE
"K01815",0.433,0,0.589,-13.6,25.2,0.0383,NA,"K01815",0.996972754793138,1,FALSE,FALSE,FALSE,FALSE
"K03119",0.303,0,0.74,11.6,34.9,0.0236,NA,"K03119",0.996972754793138,1,FALSE,FALSE,FALSE,FALSE
"K23188",0.388,0,0.877,4.7,30.3,0.011,NA,"K23188",0.996972754793138,1,FALSE,FALSE,FALSE,FALSE
"K23187",0.264,0,0.967,-1.3,31.6,0.00291,NA,"K23187",0.996972754793138,1,FALSE,FALSE,FALSE,FALSE
"K23186",0.274,0,0.936,-2.34,28.9,0.00572,NA,"K23186",0.996972754793138,1,FALSE,FALSE,FALSE,FALSE
"K23185",0.109,0,0.975,-1.91,59.9,0.00226,NA,"K23185",0.996972754793138,1,FALSE,FALSE,FALSE,FALSE
"K00216",0.204,0,0.518,-27.4,42.4,0.0458,NA,"K00216",0.996972754793138,1,FALSE,FALSE,FALSE,FALSE
"K02361",0.199,0,0.511,-31.3,47.6,0.0466,NA,"K02361",0.996972754793138,1,FALSE,FALSE,FALSE,FALSE
"K02363",0.194,0,0.745,-16.8,51.5,0.0231,NA,"K02363",0.996972754793138,1,FALSE,FALSE,FALSE,FALSE
"K01252",0.189,0,0.842,-10.1,50.6,0.0141,NA,"K01252",0.996972754793138,1,FALSE,FALSE,FALSE,FALSE
"K04782",0.269,0,0.973,-1.07,31.1,0.00244,NA,"K04782",0.996972754793138,1,FALSE,FALSE,FALSE,FALSE
"K01788",0.239,0,0.976,-0.908,29.8,0.00216,NA,"K01788",0.996972754793138,1,FALSE,FALSE,FALSE,FALSE
"K07154",0.507,0,0.649,7.69,16.9,0.0323,NA,"K07154",0.996972754793138,1,FALSE,FALSE,FALSE,FALSE
"K12243",0.0746,0,0.426,54.7,68.7,0.0564,NA,"K12243",0.996972754793138,1,FALSE,FALSE,FALSE,FALSE
"K14698",0.0249,0,0.89,7.32,52.7,0.00984,NA,"K14698",0.996972754793138,1,FALSE,FALSE,FALSE,FALSE
"K14699",0.0199,0,0.471,-40.9,56.6,0.0511,NA,"K14699",0.996972754793138,1,FALSE,FALSE,FALSE,FALSE
"K07120",0.473,0,0.905,-6.93,57.9,0.00848,NA,"K07120",0.996972754793138,1,FALSE,FALSE,FALSE,FALSE
"K01034",0.0995,0,0.402,-104,123,0.0594,NA,"K01034",0.996972754793138,1,FALSE,FALSE,FALSE,FALSE
"K01035",0.0597,0,0.426,-88.9,111,0.0565,NA,"K01035",0.996972754793138,1,FALSE,FALSE,FALSE,FALSE
"K15532",0.284,0,0.801,8.18,32.4,0.0179,NA,"K15532",0.996972754793138,1,FALSE,FALSE,FALSE,FALSE
"K13633",0.592,0,0.0249,-98.6,43.6,0.158,NA,"K13633",0.6225,1,FALSE,FALSE,FALSE,FALSE
"K01821",0.592,0,0.223,35.8,29.2,0.0864,NA,"K01821",0.958727429062769,1,FALSE,FALSE,FALSE,FALSE
"K11909",0.0498,0,0.699,-51,132,0.0274,NA,"K11908,K11909",0.996972754793138,1,FALSE,FALSE,FALSE,FALSE
"K11894",0.104,0,0.399,28.4,33.6,0.0599,NA,"K11894",0.996972754793138,1,FALSE,FALSE,FALSE,FALSE
"K13700",0.129,0,0.771,-11.4,38.9,0.0207,NA,"K13700",0.996972754793138,1,FALSE,FALSE,FALSE,FALSE
"K06991",0.418,0,0.207,37.3,29.5,0.0895,NA,"K06991",0.943482224247949,1,FALSE,FALSE,FALSE,FALSE
"K03453",0.627,0,0.225,31.3,25.7,0.086,NA,"K03453",0.95959595959596,1,FALSE,FALSE,FALSE,FALSE
"K05813",0.388,0,0.558,-22.4,38.2,0.0416,NA,"K05813",0.996972754793138,1,FALSE,FALSE,FALSE,FALSE
"K05814",0.408,0,0.795,-8.26,31.8,0.0184,NA,"K05814",0.996972754793138,1,FALSE,FALSE,FALSE,FALSE
"K00449",0.428,0,0.178,-57,42.1,0.0955,NA,"K00449",0.9026369168357,1,FALSE,FALSE,FALSE,FALSE
"K03331",0.134,0,0.19,-37.8,28.8,0.0928,NA,"K03331",0.925925925925926,1,FALSE,FALSE,FALSE,FALSE
"K05982",0.159,0,0.0947,67.5,40.2,0.118,NA,"K05982",0.8080204778157,1,FALSE,FALSE,FALSE,FALSE
"K23492",0.0547,0,0.764,-9.96,33.1,0.0213,NA,"K23492",0.996972754793138,1,FALSE,FALSE,FALSE,FALSE
"K00484",0.159,0,0.52,-21.1,32.8,0.0456,NA,"K00484",0.996972754793138,1,FALSE,FALSE,FALSE,FALSE
"K02509",0.348,0,0.587,14.6,26.8,0.0385,NA,"K02509",0.996972754793138,1,FALSE,FALSE,FALSE,FALSE
"K05921",0.224,0,0.705,10.3,27.3,0.0269,NA,"K05921",0.996972754793138,1,FALSE,FALSE,FALSE,FALSE
"K00151",0.378,0,0.778,8.14,28.8,0.02,NA,"K00151",0.996972754793138,1,FALSE,FALSE,FALSE,FALSE
"K00455",0.159,0,0.421,22.2,27.5,0.057,NA,"K00455",0.996972754793138,1,FALSE,FALSE,FALSE,FALSE
"K09471",0.522,0,0.793,10,38.3,0.0186,NA,"K09471",0.996972754793138,1,FALSE,FALSE,FALSE,FALSE
"K06995",0.453,0,0.275,33.9,31,0.0773,NA,"K06995",0.991410164638511,1,FALSE,FALSE,FALSE,FALSE
"K02508",0.0945,0,0.985,0.597,31.3,0.00135,NA,"K02508",0.996972754793138,1,FALSE,FALSE,FALSE,FALSE
"K12984",0.129,0,0.837,9.82,47.6,0.0146,NA,"K12984",0.996972754793138,1,FALSE,FALSE,FALSE,FALSE
"K03324",0.552,0,0.379,-56.4,64,0.0624,NA,"K03324",0.996972754793138,1,FALSE,FALSE,FALSE,FALSE
"K20498",0.0697,0,0.0476,105,52.9,0.14,NA,"K20498",0.677966101694915,1,FALSE,FALSE,FALSE,FALSE
"K17324",0.328,0,0.395,-47.5,55.8,0.0603,NA,"K17321,K17322,K17323,K17324,K17325",0.996972754793138,1,FALSE,FALSE,FALSE,FALSE
"K07389",0.0697,0,0.711,-10.2,27.6,0.0263,NA,"K07389",0.996972754793138,1,FALSE,FALSE,FALSE,FALSE
"K22491",0.373,0,0.15,-93.1,64.4,0.102,NA,"K22491",0.862068965517241,1,FALSE,FALSE,FALSE,FALSE
"K00875",0.119,0,0.243,-72.7,62,0.0828,NA,"K00875",0.967614533965245,1,FALSE,FALSE,FALSE,FALSE
"K00039",0.0697,0,0.575,35.9,63.9,0.0398,NA,"K00039",0.996972754793138,1,FALSE,FALSE,FALSE,FALSE
"K10544",0.294,0,0.303,33.9,32.9,0.0729,NA,"K10544",0.996972754793138,1,FALSE,FALSE,FALSE,FALSE
"K10545",0.333,0,0.477,20.4,28.7,0.0505,NA,"K10545",0.996972754793138,1,FALSE,FALSE,FALSE,FALSE
"K10543",0.303,0,0.336,29.9,31.1,0.0682,NA,"K10543",0.996972754793138,1,FALSE,FALSE,FALSE,FALSE
"K08970",0.269,0,0.199,-47.4,36.7,0.091,NA,"K08970",0.936911487758946,1,FALSE,FALSE,FALSE,FALSE
"K06859",0.0746,0,0.594,17.3,32.5,0.0378,NA,"K06859",0.996972754793138,1,FALSE,FALSE,FALSE,FALSE
"K13408",0.0896,0,0.123,44.3,28.6,0.109,NA,"K13408",0.84016393442623,1,FALSE,FALSE,FALSE,FALSE
"K13409",0.0746,0,0.658,15.1,34.1,0.0314,NA,"K13409",0.996972754793138,1,FALSE,FALSE,FALSE,FALSE
"K06351",0.154,0,0.864,-9.22,53.6,0.0122,NA,"K06351",0.996972754793138,1,FALSE,FALSE,FALSE,FALSE
"K17950",0.0498,0,0.345,49.3,52.1,0.0669,NA,"K17950",0.996972754793138,1,FALSE,FALSE,FALSE,FALSE
"K21645",0.423,0,0.537,20.2,32.6,0.0438,NA,"K21645",0.996972754793138,1,FALSE,FALSE,FALSE,FALSE
"K15578",0.249,0,0.0172,-72,30,0.168,NA,"K15578",0.524390243902439,1,FALSE,FALSE,FALSE,FALSE
"K15577",0.269,0,0.0202,-68.9,29.4,0.164,NA,"K15576,K15577",0.572625698324022,1,FALSE,FALSE,FALSE,FALSE
"K01563",0.109,0,0.231,41.6,34.6,0.0849,NA,"K01563",0.96089850249584,1,FALSE,FALSE,FALSE,FALSE
"K11606",0.204,0,0.102,-110,66.6,0.116,NA,"K11606",0.821256038647343,1,FALSE,FALSE,FALSE,FALSE
"K11605",0.204,0,0.102,-110,66.6,0.116,NA,"K11605",0.821256038647343,1,FALSE,FALSE,FALSE,FALSE
"K11607",0.204,0,0.102,-110,66.6,0.116,NA,"K11607",0.821256038647343,1,FALSE,FALSE,FALSE,FALSE
"K11604",0.204,0,0.102,-110,66.6,0.116,NA,"K11604",0.821256038647343,1,FALSE,FALSE,FALSE,FALSE
"K03366",0.179,0,0.287,-36.1,33.8,0.0754,NA,"K03366",0.996972754793138,1,FALSE,FALSE,FALSE,FALSE
"K13063",0.0299,0,0.593,-37,69,0.0379,NA,"K13063",0.996972754793138,1,FALSE,FALSE,FALSE,FALSE
"K09979",0.0746,0,0.597,-71.2,134,0.0375,NA,"K05997,K09979",0.996972754793138,1,FALSE,FALSE,FALSE,FALSE
"K03462",0.0945,0,0.581,-17.5,31.6,0.0391,NA,"K03462",0.996972754793138,1,FALSE,FALSE,FALSE,FALSE
"K02058",0.333,0,0.778,8.76,31,0.0201,NA,"K02058",0.996972754793138,1,FALSE,FALSE,FALSE,FALSE
"K18910",0.169,0,0.161,-60.3,42.9,0.0993,NA,"K18910",0.874049945711183,1,FALSE,FALSE,FALSE,FALSE
"K04033",0.358,0,0.0782,48.2,27.3,0.125,NA,"K04033",0.782,1,FALSE,FALSE,FALSE,FALSE
"K09014",0.587,0,0.904,-8.74,72.6,0.00853,NA,"K09013,K09014",0.996972754793138,1,FALSE,FALSE,FALSE,FALSE
"K09015",0.562,0,0.768,-21.1,71.4,0.0209,NA,"K09015",0.996972754793138,1,FALSE,FALSE,FALSE,FALSE
"K00880",0.184,0,0.579,-25.8,46.5,0.0394,NA,"K00880",0.996972754793138,1,FALSE,FALSE,FALSE,FALSE
"K18471",0.144,0,0.862,-9.98,57.5,0.0123,NA,"K18471",0.996972754793138,1,FALSE,FALSE,FALSE,FALSE
"K28061",0.0199,0,0.17,-72.9,53,0.0971,NA,"K28061",0.883264462809917,1,FALSE,FALSE,FALSE,FALSE
"K18802",0.189,0,0.123,-73.3,47.3,0.109,NA,"K18802",0.84016393442623,1,FALSE,FALSE,FALSE,FALSE
"K03337",0.443,0,0.286,26.3,24.6,0.0756,NA,"K03335,K03336,K03337",0.996972754793138,1,FALSE,FALSE,FALSE,FALSE
"K00010",0.438,0,0.16,33.8,23.9,0.0995,NA,"K00010",0.874049945711183,1,FALSE,FALSE,FALSE,FALSE
"K03338",0.443,0,0.428,19.4,24.5,0.0562,NA,"K03338",0.996972754793138,1,FALSE,FALSE,FALSE,FALSE
"K25317",0.0697,0,0.284,-43.1,40.1,0.0759,NA,"K25317",0.996972754793138,1,FALSE,FALSE,FALSE,FALSE
"K07704",0.109,0,0.46,45.9,62,0.0525,NA,"K07704",0.996972754793138,1,FALSE,FALSE,FALSE,FALSE
"K10119",0.333,0,0.933,4.05,47.8,0.00601,NA,"K10119",0.996972754793138,1,FALSE,FALSE,FALSE,FALSE
"K03835",0.0995,0,0.533,41.7,66.7,0.0443,NA,"K03835",0.996972754793138,1,FALSE,FALSE,FALSE,FALSE
"K05776",0.249,0,0.389,-41.8,48.4,0.0611,NA,"K05776",0.996972754793138,1,FALSE,FALSE,FALSE,FALSE
"K16328",0.0547,0,0.809,-28.4,118,0.0171,NA,"K16328",0.996972754793138,1,FALSE,FALSE,FALSE,FALSE
"K16329",0.184,0,0.933,-4.71,56.4,0.00592,NA,"K16329",0.996972754793138,1,FALSE,FALSE,FALSE,FALSE
"K16862",0.0299,0,0.345,-58.6,61.9,0.067,NA,"K16862",0.996972754793138,1,FALSE,FALSE,FALSE,FALSE
"K21417",0.214,0,0.971,1.1,30.4,0.00257,NA,"K21417",0.996972754793138,1,FALSE,FALSE,FALSE,FALSE
"K21416",0.189,0,0.914,4.01,37.1,0.00767,NA,"K21416",0.996972754793138,1,FALSE,FALSE,FALSE,FALSE
"K19615",0.0448,0,0.645,19.4,42.1,0.0327,NA,"K19615",0.996972754793138,1,FALSE,FALSE,FALSE,FALSE
"K19130",0.0547,0,0.627,-16.8,34.5,0.0345,NA,"K19130",0.996972754793138,1,FALSE,FALSE,FALSE,FALSE
"K07012",0.0746,0,0.481,-24.5,34.7,0.05,NA,"K07012",0.996972754793138,1,FALSE,FALSE,FALSE,FALSE
"K15342",0.104,0,0.73,10.5,30.5,0.0245,NA,"K15342",0.996972754793138,1,FALSE,FALSE,FALSE,FALSE
"K00477",0.154,0,0.803,8.93,35.7,0.0177,NA,"K00477",0.996972754793138,1,FALSE,FALSE,FALSE,FALSE
"K13075",0.468,0,0.724,-7.47,21.1,0.0251,NA,"K13075",0.996972754793138,1,FALSE,FALSE,FALSE,FALSE
"K09943",0.114,0,0.132,60.4,39.9,0.107,NA,"K09943",0.855646100116414,1,FALSE,FALSE,FALSE,FALSE
"K21563",0.124,0,0.384,31.5,36.1,0.0617,NA,"K21563",0.996972754793138,1,FALSE,FALSE,FALSE,FALSE
"K24699",0.104,0,0.348,-37.1,39.5,0.0665,NA,"K24699",0.996972754793138,1,FALSE,FALSE,FALSE,FALSE
"K06720",0.149,0,0.763,21.6,71.4,0.0214,NA,"K06720",0.996972754793138,1,FALSE,FALSE,FALSE,FALSE
"K06718",0.0796,0,0.557,48.1,81.7,0.0417,NA,"K06718",0.996972754793138,1,FALSE,FALSE,FALSE,FALSE
"K01501",0.284,0,0.154,-38.5,26.9,0.101,NA,"K01501",0.8710407239819,1,FALSE,FALSE,FALSE,FALSE
"K00450",0.194,0,0.272,31.1,28.3,0.0778,NA,"K00450",0.987654320987654,1,FALSE,FALSE,FALSE,FALSE
"K09461",0.209,0,0.00225,117,37.9,0.214,NA,"K09461",0.289024390243902,1,FALSE,FALSE,FALSE,FALSE
"K01075",0.299,0,0.831,-13.1,61.5,0.0151,NA,"K01075",0.996972754793138,1,FALSE,FALSE,FALSE,FALSE
"K00180",0.0348,0,0.963,-3.85,83.3,0.00328,NA,"K00179,K00180",0.996972754793138,1,FALSE,FALSE,FALSE,FALSE
"K10236",0.244,0,0.728,11.4,32.8,0.0247,NA,"K10236",0.996972754793138,1,FALSE,FALSE,FALSE,FALSE
"K10237",0.229,0,0.747,10.6,32.9,0.0229,NA,"K10237,K10238",0.996972754793138,1,FALSE,FALSE,FALSE,FALSE
"K12532",0.0199,0,0.682,-19.6,47.8,0.0291,NA,"K12530,K12532",0.996972754793138,1,FALSE,FALSE,FALSE,FALSE
"K11003",0.0796,0,0.779,7.59,27,0.0199,NA,"K11003",0.996972754793138,1,FALSE,FALSE,FALSE,FALSE
"K22390",0.114,0,0.621,-24.5,49.4,0.0351,NA,"K22390",0.996972754793138,1,FALSE,FALSE,FALSE,FALSE
"K02745",0.0597,0,0.296,-40.7,38.9,0.0741,NA,"K02745,K02746,K02747",0.996972754793138,1,FALSE,FALSE,FALSE,FALSE
"K02744",0.0547,0,0.237,-53.3,45,0.0838,NA,"K02744",0.96419853539463,1,FALSE,FALSE,FALSE,FALSE
"K08302",0.0746,0,0.774,-14.7,50.9,0.0204,NA,"K08302",0.996972754793138,1,FALSE,FALSE,FALSE,FALSE
"K12537",0.269,0,0.0374,-99.1,47.3,0.147,NA,"K12537",0.64657980456026,1,FALSE,FALSE,FALSE,FALSE
"K12536",0.284,0,0.164,-62.2,44.6,0.0985,NA,"K12536",0.881720430107527,1,FALSE,FALSE,FALSE,FALSE
"K16567",0.204,0,0.782,8.8,31.8,0.0196,NA,"K16567",0.996972754793138,1,FALSE,FALSE,FALSE,FALSE
"K16554",0.289,0,0.679,10.2,24.5,0.0294,NA,"K16554",0.996972754793138,1,FALSE,FALSE,FALSE,FALSE
"K20988",0.124,0,0.596,14.6,27.5,0.0376,NA,"K20988",0.996972754793138,1,FALSE,FALSE,FALSE,FALSE
"K20920",0.149,0,0.551,16.3,27.4,0.0423,NA,"K20920",0.996972754793138,1,FALSE,FALSE,FALSE,FALSE
"K07157",0.478,0,0.187,-126,95.4,0.0934,NA,"K07157",0.918467583497053,1,FALSE,FALSE,FALSE,FALSE
"K03152",0.313,0,0.461,27.1,36.7,0.0523,NA,"K03152",0.996972754793138,1,FALSE,FALSE,FALSE,FALSE
"K00758",0.373,0,0.774,11.9,41.3,0.0204,NA,"K00758",0.996972754793138,1,FALSE,FALSE,FALSE,FALSE
"K21024",0.194,0,0.152,-151,105,0.101,NA,"K21024",0.866590649942988,1,FALSE,FALSE,FALSE,FALSE
"K08720",0.0796,0,0.994,0.609,77.9,0.000555,NA,"K08720",0.997391129841461,1,FALSE,FALSE,FALSE,FALSE
"K01692",0.483,0,0.658,26,58.8,0.0314,NA,"K01692",0.996972754793138,1,FALSE,FALSE,FALSE,FALSE
"K17230",0.313,0,0.826,-6.81,30.9,0.0156,NA,"K17230",0.996972754793138,1,FALSE,FALSE,FALSE,FALSE
"K01173",0.333,0,0.0996,34,20.6,0.116,NA,"K01173",0.819672131147541,1,FALSE,FALSE,FALSE,FALSE
"K02858",0.229,0,0.676,-21.6,51.6,0.0296,NA,"K02858",0.996972754793138,1,FALSE,FALSE,FALSE,FALSE
"K13735",0.0846,0,0.101,-115,69.8,0.116,NA,"K13735",0.821256038647343,1,FALSE,FALSE,FALSE,FALSE
"K01639",0.0647,0,0.943,-3.29,45.9,0.00507,NA,"K01639",0.996972754793138,1,FALSE,FALSE,FALSE,FALSE
"K00885",0.0448,0,0.917,-6.4,61.5,0.00738,NA,"K00885",0.996972754793138,1,FALSE,FALSE,FALSE,FALSE
"K25260",0.0945,0,0.121,-48.5,31.2,0.11,NA,"K25260",0.84016393442623,1,FALSE,FALSE,FALSE,FALSE
"K22104",0.114,0,0.617,-16.9,33.8,0.0355,NA,"K22104",0.996972754793138,1,FALSE,FALSE,FALSE,FALSE
"K05832",0.204,0,0.0113,-172,67.3,0.178,NA,"K05832,K05833",0.437984496124031,1,FALSE,FALSE,FALSE,FALSE
"K05523",0.0199,0,0.882,10.2,69.1,0.0105,NA,"K05523",0.996972754793138,1,FALSE,FALSE,FALSE,FALSE
"K26400",0.398,0,0.196,-75.8,58.5,0.0916,NA,"K26400",0.931558935361217,1,FALSE,FALSE,FALSE,FALSE
"K10221",0.0995,0,0.826,10.7,48.4,0.0156,NA,"K10221",0.996972754793138,1,FALSE,FALSE,FALSE,FALSE
"K10220",0.119,0,0.722,14.9,41.9,0.0252,NA,"K10220",0.996972754793138,1,FALSE,FALSE,FALSE,FALSE
"K04100",0.0697,0,0.95,4.2,67.4,0.00442,NA,"K04100,K04101,K10219",0.996972754793138,1,FALSE,FALSE,FALSE,FALSE
"K05275",0.632,0,0.236,28.2,23.7,0.084,NA,"K05275",0.96419853539463,1,FALSE,FALSE,FALSE,FALSE
"K16845",0.0149,0,0.868,-14.1,84.9,0.0118,NA,"K16845,K16846",0.996972754793138,1,FALSE,FALSE,FALSE,FALSE
"K28643",0.0249,0,0.0574,-221,116,0.134,NA,"K28643",0.712158808933003,1,FALSE,FALSE,FALSE,FALSE
"K28642",0.0249,0,0.0574,-221,116,0.134,NA,"K28642",0.712158808933003,1,FALSE,FALSE,FALSE,FALSE
"K03078",0.0846,0,0.715,-17.8,48.6,0.0259,NA,"K03078",0.996972754793138,1,FALSE,FALSE,FALSE,FALSE
"K03079",0.139,0,0.887,-5.66,39.9,0.0101,NA,"K03079",0.996972754793138,1,FALSE,FALSE,FALSE,FALSE
"K03077",0.363,0,0.227,35.5,29.3,0.0855,NA,"K03077",0.95959595959596,1,FALSE,FALSE,FALSE,FALSE
"K07452",0.244,0,0.844,3.97,20.1,0.014,NA,"K07452",0.996972754793138,1,FALSE,FALSE,FALSE,FALSE
"K19147",0.239,0,0.974,-0.68,20.4,0.00236,NA,"K19147",0.996972754793138,1,FALSE,FALSE,FALSE,FALSE
"K21898",0.0199,0,0.112,85.5,53.5,0.112,NA,"K21898",0.84016393442623,1,FALSE,FALSE,FALSE,FALSE
"K10227",0.463,0,0.105,53.1,32.6,0.115,NA,"K10227",0.830696202531646,1,FALSE,FALSE,FALSE,FALSE
"K10228",0.443,0,0.0155,83.6,34.2,0.171,NA,"K10228,K10229",0.5,1,FALSE,FALSE,FALSE,FALSE
"K00007",0.114,0,0.943,3.91,54.9,0.00505,NA,"K00007",0.996972754793138,1,FALSE,FALSE,FALSE,FALSE
"K21620",0.169,0,0.549,26.4,44,0.0425,NA,"K21620",0.996972754793138,1,FALSE,FALSE,FALSE,FALSE
"K00854",0.632,0,0.0626,45.8,24.4,0.132,NA,"K00854",0.731651376146789,1,FALSE,FALSE,FALSE,FALSE
"K09690",0.403,0,0.194,-31.1,23.8,0.0921,NA,"K09690",0.927342256214149,1,FALSE,FALSE,FALSE,FALSE
"K00571",0.328,0,0.0274,73,32.8,0.156,NA,"K00571",0.64018691588785,1,FALSE,FALSE,FALSE,FALSE
"K22874",0.0149,0,0.145,84.3,57.6,0.103,NA,"K22874",0.855646100116414,1,FALSE,FALSE,FALSE,FALSE
"K03380",0.139,0,0.438,52,66.8,0.055,NA,"K03380",0.996972754793138,1,FALSE,FALSE,FALSE,FALSE
"K22952",0.0348,0,0.845,8.75,44.7,0.0139,NA,"K22952",0.996972754793138,1,FALSE,FALSE,FALSE,FALSE
"K08475",0.0995,0,0.937,2.96,37.4,0.0056,NA,"K08475",0.996972754793138,1,FALSE,FALSE,FALSE,FALSE
"K08478",0.0896,0,0.547,22.4,37.1,0.0427,NA,"K08478",0.996972754793138,1,FALSE,FALSE,FALSE,FALSE
"K19610",0.174,0,0.956,3.07,55,0.00396,NA,"K19610",0.996972754793138,1,FALSE,FALSE,FALSE,FALSE
"K21993",0.169,0,0.631,14.6,30.4,0.034,NA,"K21993",0.996972754793138,1,FALSE,FALSE,FALSE,FALSE
"K23182",0.0647,0,0.988,-0.918,59.8,0.00109,NA,"K23182",0.996972754793138,1,FALSE,FALSE,FALSE,FALSE
"K23181",0.0547,0,0.852,9.45,50.6,0.0132,NA,"K23181",0.996972754793138,1,FALSE,FALSE,FALSE,FALSE
"K02448",0.209,0,0.00183,104,32.8,0.219,NA,"K02448",0.289024390243902,1,FALSE,FALSE,FALSE,FALSE
"K04748",0.308,0,0.00209,102,32.6,0.216,NA,"K04748",0.289024390243902,1,FALSE,FALSE,FALSE,FALSE
"K01602",0.0647,0,0.305,-42.1,40.9,0.0727,NA,"K01601,K01602",0.996972754793138,1,FALSE,FALSE,FALSE,FALSE
"K04651",0.119,0,0.877,7.67,49.5,0.011,NA,"K04651,K04652,K04653",0.996972754793138,1,FALSE,FALSE,FALSE,FALSE
"K19641",0.0149,0,0.737,23.7,70.3,0.0238,NA,"K19641,K23548,K23549",0.996972754793138,1,FALSE,FALSE,FALSE,FALSE
"K04654",0.109,0,0.406,49.8,59.9,0.0589,NA,"K04654,K04655,K04656",0.996972754793138,1,FALSE,FALSE,FALSE,FALSE
"K01193",0.502,0,0.634,9.25,19.4,0.0338,NA,"K01193",0.996972754793138,1,FALSE,FALSE,FALSE,FALSE
"K00883",0.552,0,0.419,29.1,35.9,0.0573,NA,"K00883",0.996972754793138,1,FALSE,FALSE,FALSE,FALSE
"K01631",0.483,0,0.0417,61,29.7,0.144,NA,"K01631",0.6515625,1,FALSE,FALSE,FALSE,FALSE
"K18983",0.149,0,0.255,33.7,29.5,0.0807,NA,"K18983",0.983037779491133,1,FALSE,FALSE,FALSE,FALSE
"K01674",0.144,0,0.507,-17.6,26.5,0.0471,NA,"K01674",0.996972754793138,1,FALSE,FALSE,FALSE,FALSE
"K21621",0.0945,0,0.365,-49.5,54.5,0.0642,NA,"K21621",0.996972754793138,1,FALSE,FALSE,FALSE,FALSE
"K01720",0.378,0,0.844,-5.9,29.9,0.014,NA,"K01720",0.996972754793138,1,FALSE,FALSE,FALSE,FALSE
"K12132",0.448,0,0.467,23.2,31.9,0.0516,NA,"K12132",0.996972754793138,1,FALSE,FALSE,FALSE,FALSE
"K24410",0.0149,0,0.636,31.7,66.9,0.0336,NA,"K24410",0.996972754793138,1,FALSE,FALSE,FALSE,FALSE
"K09936",0.617,0,0.847,-6.02,31.1,0.0137,NA,"K09936",0.996972754793138,1,FALSE,FALSE,FALSE,FALSE
"K01999",0.746,0,0.0208,-156,67.2,0.163,NA,"K01999",0.577777777777778,1,FALSE,FALSE,FALSE,FALSE
"K14189",0.209,0,0.7,9.41,24.4,0.0274,NA,"K14189",0.996972754793138,1,FALSE,FALSE,FALSE,FALSE
"K21833",0.224,0,0.28,-103,95.1,0.0766,NA,"K21833,K21834,K25960,K25961",0.99290780141844,1,FALSE,FALSE,FALSE,FALSE
"K08264",0.219,0,0.166,63,45.4,0.098,NA,"K08264",0.882978723404255,1,FALSE,FALSE,FALSE,FALSE
"K21826",0.343,0,0.232,-109,91,0.0847,NA,"K21826",0.962962962962963,1,FALSE,FALSE,FALSE,FALSE
"K00479",0.378,0,0.0393,106,51,0.145,NA,"K00479",0.64657980456026,1,FALSE,FALSE,FALSE,FALSE
"K04757",0.229,0,0.0977,62.6,37.6,0.117,NA,"K04757",0.817725752508361,1,FALSE,FALSE,FALSE,FALSE
"K07280",0.0945,0,0.215,43.9,35.3,0.0878,NA,"K07280",0.949646643109541,1,FALSE,FALSE,FALSE,FALSE
"K23514",0.249,0,0.363,-30,32.9,0.0644,NA,"K23514",0.996972754793138,1,FALSE,FALSE,FALSE,FALSE
"K10021",0.154,0,0.56,-29.9,51.3,0.0413,NA,"K10021",0.996972754793138,1,FALSE,FALSE,FALSE,FALSE
"K09992",0.259,0,0.125,40.9,26.6,0.109,NA,"K09992",0.844504021447721,1,FALSE,FALSE,FALSE,FALSE
"K08476",0.0249,0,0.839,-9.73,47.8,0.0144,NA,"K08476",0.996972754793138,1,FALSE,FALSE,FALSE,FALSE
"K03523",0.358,0,0.659,23.3,52.8,0.0313,NA,"K03523",0.996972754793138,1,FALSE,FALSE,FALSE,FALSE
"K18816",0.184,0,0.647,-16.3,35.6,0.0325,NA,"K18816",0.996972754793138,1,FALSE,FALSE,FALSE,FALSE
"K13727",0.124,0,0.289,-93.2,87.7,0.0751,NA,"K13727",0.996972754793138,1,FALSE,FALSE,FALSE,FALSE
"K00114",0.214,0,0.528,-29.6,46.8,0.0447,NA,"K00114",0.996972754793138,1,FALSE,FALSE,FALSE,FALSE
"K21012",0.129,0,0.352,-40.3,43.2,0.066,NA,"K21006,K21007,K21008,K21009,K21010,K21012",0.996972754793138,1,FALSE,FALSE,FALSE,FALSE
"K21011",0.189,0,0.815,-6.53,27.8,0.0166,NA,"K21011",0.996972754793138,1,FALSE,FALSE,FALSE,FALSE
"K08738",0.343,0,0.749,-14.7,46.1,0.0227,NA,"K08738",0.996972754793138,1,FALSE,FALSE,FALSE,FALSE
"K07335",0.647,0,0.463,-20.3,27.6,0.0521,NA,"K07335",0.996972754793138,1,FALSE,FALSE,FALSE,FALSE
"K23537",0.647,0,0.463,-20.3,27.6,0.0521,NA,"K23537",0.996972754793138,1,FALSE,FALSE,FALSE,FALSE
"K23535",0.647,0,0.463,-20.3,27.6,0.0521,NA,"K23535",0.996972754793138,1,FALSE,FALSE,FALSE,FALSE
"K23536",0.647,0,0.463,-20.3,27.6,0.0521,NA,"K23536",0.996972754793138,1,FALSE,FALSE,FALSE,FALSE
"K19339",0.194,0,0.755,7.55,24.2,0.0221,NA,"K19339",0.996972754793138,1,FALSE,FALSE,FALSE,FALSE
"K06135",0.244,0,0.95,-3.47,55.4,0.00444,NA,"K06135",0.996972754793138,1,FALSE,FALSE,FALSE,FALSE
"K06136",0.279,0,0.911,-5.49,49.1,0.00792,NA,"K06136",0.996972754793138,1,FALSE,FALSE,FALSE,FALSE
"K06137",0.269,0,0.549,-27.4,45.7,0.0425,NA,"K06137",0.996972754793138,1,FALSE,FALSE,FALSE,FALSE
"K06138",0.313,0,0.706,-12.2,32.4,0.0268,NA,"K06138",0.996972754793138,1,FALSE,FALSE,FALSE,FALSE
"K06139",0.269,0,0.855,-9.52,52,0.013,NA,"K06139",0.996972754793138,1,FALSE,FALSE,FALSE,FALSE
"K20975",0.393,0,0.458,38.5,51.7,0.0526,NA,"K20975",0.996972754793138,1,FALSE,FALSE,FALSE,FALSE
"K22468",0.542,0,0.661,13.6,31.1,0.0311,NA,"K22468",0.996972754793138,1,FALSE,FALSE,FALSE,FALSE
"K11913",0.0945,0,0.121,43.6,28,0.11,NA,"K11913",0.84016393442623,1,FALSE,FALSE,FALSE,FALSE
"K11898",0.149,0,0.556,15.3,25.9,0.0418,NA,"K11898",0.996972754793138,1,FALSE,FALSE,FALSE,FALSE
"K02043",0.229,0,0.165,48.8,35,0.0983,NA,"K02043",0.882978723404255,1,FALSE,FALSE,FALSE,FALSE
"K06166",0.239,0,0.393,25.9,30.3,0.0605,NA,"K05780,K05781,K06163,K06164,K06166",0.996972754793138,1,FALSE,FALSE,FALSE,FALSE
"K06165",0.244,0,0.403,26.4,31.5,0.0593,NA,"K06165",0.996972754793138,1,FALSE,FALSE,FALSE,FALSE
"K06162",0.269,0,0.405,23.7,28.4,0.059,NA,"K06162",0.996972754793138,1,FALSE,FALSE,FALSE,FALSE
"K05774",0.388,0,0.266,41.7,37.4,0.0788,NA,"K05774",0.987654320987654,1,FALSE,FALSE,FALSE,FALSE
"K06167",0.308,0,0.307,45.1,44,0.0724,NA,"K06167",0.996972754793138,1,FALSE,FALSE,FALSE,FALSE
"K07214",0.119,0,0.973,-1.48,43.7,0.0024,NA,"K07214",0.996972754793138,1,FALSE,FALSE,FALSE,FALSE
"K08676",0.179,0,0.407,-30.9,37.2,0.0588,NA,"K08676",0.996972754793138,1,FALSE,FALSE,FALSE,FALSE
"K21699",0.388,0,0.0349,-112,52.9,0.149,NA,"K21699",0.64657980456026,1,FALSE,FALSE,FALSE,FALSE
"K00822",0.443,0,0.000866,-249,73.5,0.233,NA,"K00822",0.238157894736842,1,FALSE,FALSE,FALSE,FALSE
"K09988",0.154,0,0.439,-45.7,58.9,0.0549,NA,"K09988",0.996972754793138,1,FALSE,FALSE,FALSE,FALSE
"K07171",0.274,0,0.696,9.53,24.4,0.0277,NA,"K07171",0.996972754793138,1,FALSE,FALSE,FALSE,FALSE
"K17763",0.159,0,0.448,27.2,35.8,0.0538,NA,"K17752,K17762,K17763",0.996972754793138,1,FALSE,FALSE,FALSE,FALSE
"K05518",0.144,0,0.7,15,38.9,0.0274,NA,"K05518",0.996972754793138,1,FALSE,FALSE,FALSE,FALSE
"K03367",0.0697,0,0.183,-55.6,41.6,0.0944,NA,"K03367",0.913173652694611,1,FALSE,FALSE,FALSE,FALSE
"K08217",0.149,0,0.688,20.7,51.4,0.0285,NA,"K08217",0.996972754793138,1,FALSE,FALSE,FALSE,FALSE
"K21832",0.313,0,0.756,-26.4,84.7,0.0221,NA,"K21832",0.996972754793138,1,FALSE,FALSE,FALSE,FALSE
"K00303",0.413,0,0.729,-17.5,50.6,0.0246,NA,"K00303",0.996972754793138,1,FALSE,FALSE,FALSE,FALSE
"K00304",0.423,0,0.886,-9.02,63,0.0102,NA,"K00304",0.996972754793138,1,FALSE,FALSE,FALSE,FALSE
"K00302",0.413,0,0.729,-17.5,50.6,0.0246,NA,"K00302",0.996972754793138,1,FALSE,FALSE,FALSE,FALSE
"K00305",0.418,0,0.465,-44.2,60.3,0.0518,NA,"K00305",0.996972754793138,1,FALSE,FALSE,FALSE,FALSE
"K00148",0.408,0,0.209,-60.1,47.7,0.089,NA,"K00148",0.946188340807175,1,FALSE,FALSE,FALSE,FALSE
"K01995",0.721,0,0.233,-82.7,69.1,0.0845,NA,"K01995",0.962962962962963,1,FALSE,FALSE,FALSE,FALSE
"K01998",0.726,0,0.0803,-115,65.6,0.124,NA,"K01998",0.784046692607004,1,FALSE,FALSE,FALSE,FALSE
"K08295",0.209,0,0.00208,124,39.8,0.216,NA,"K08295",0.289024390243902,1,FALSE,FALSE,FALSE,FALSE
"K01432",0.0896,0,0.0369,93.4,44.5,0.147,NA,"K01432",0.64657980456026,1,FALSE,FALSE,FALSE,FALSE
"K02759",0.189,0,0.274,-65.6,59.8,0.0775,NA,"K02759",0.991316931982634,1,FALSE,FALSE,FALSE,FALSE
"K02760",0.199,0,0.322,-57.7,58.1,0.0703,NA,"K02760",0.996972754793138,1,FALSE,FALSE,FALSE,FALSE
"K09705",0.313,0,0.629,-14.7,30.2,0.0343,NA,"K09705",0.996972754793138,1,FALSE,FALSE,FALSE,FALSE
"K13771",0.537,0,0.0142,98.8,39.9,0.173,NA,"K13771",0.47972972972973,1,FALSE,FALSE,FALSE,FALSE
"K10552",0.264,0,0.573,-23.5,41.6,0.04,NA,"K10552,K10553,K10554",0.996972754793138,1,FALSE,FALSE,FALSE,FALSE
"K10232",0.164,0,0.327,-53.8,54.8,0.0695,NA,"K10232",0.996972754793138,1,FALSE,FALSE,FALSE,FALSE
"K10233",0.164,0,0.327,-53.8,54.8,0.0695,NA,"K10233",0.996972754793138,1,FALSE,FALSE,FALSE,FALSE
"K10234",0.164,0,0.327,-53.8,54.8,0.0695,NA,"K10234",0.996972754793138,1,FALSE,FALSE,FALSE,FALSE
"K07046",0.363,0,0.696,-10.8,27.5,0.0277,NA,"K07046",0.996972754793138,1,FALSE,FALSE,FALSE,FALSE
"K03534",0.423,0,0.568,-17.4,30.3,0.0405,NA,"K03534",0.996972754793138,1,FALSE,FALSE,FALSE,FALSE
"K18336",0.473,0,0.806,6.64,27,0.0175,NA,"K18336",0.996972754793138,1,FALSE,FALSE,FALSE,FALSE
"K16850",0.0896,0,0.987,-0.71,43.9,0.00115,NA,"K16850",0.996972754793138,1,FALSE,FALSE,FALSE,FALSE
"K09698",0.149,0,0.911,16.5,147,0.00795,NA,"K09698",0.996972754793138,1,FALSE,FALSE,FALSE,FALSE
"K02341",0.672,0,0.799,10.7,42.2,0.018,NA,"K02341",0.996972754793138,1,FALSE,FALSE,FALSE,FALSE
"K09931",0.0796,0,0.721,-18.4,51.4,0.0254,NA,"K09931",0.996972754793138,1,FALSE,FALSE,FALSE,FALSE
"K02613",0.383,0,0.785,8.35,30.5,0.0194,NA,"K02613",0.996972754793138,1,FALSE,FALSE,FALSE,FALSE
"K10947",0.433,0,0.32,-41,41,0.0706,NA,"K10947",0.996972754793138,1,FALSE,FALSE,FALSE,FALSE
"K22106",0.119,0,0.81,-11,45.5,0.0171,NA,"K22106",0.996972754793138,1,FALSE,FALSE,FALSE,FALSE
"K21573",0.0597,0,0.736,-27.2,80.5,0.024,NA,"K21572,K21573",0.996972754793138,1,FALSE,FALSE,FALSE,FALSE
"K19267",0.507,0,0.405,-19.7,23.6,0.059,NA,"K19267",0.996972754793138,1,FALSE,FALSE,FALSE,FALSE
"K20968",0.0746,0,0.855,-8.48,46.3,0.013,NA,"K20968",0.996972754793138,1,FALSE,FALSE,FALSE,FALSE
"K07501",0.0945,0,0.716,-69.6,191,0.0259,NA,"K07501",0.996972754793138,1,FALSE,FALSE,FALSE,FALSE
"K15789",0.159,0,0.295,-104,99.4,0.0743,NA,"K15789",0.996972754793138,1,FALSE,FALSE,FALSE,FALSE
"K26958",0.179,0,0.8,93.7,369,0.018,NA,"K26958",0.996972754793138,1,FALSE,FALSE,FALSE,FALSE
"K18139",0.562,0,0.731,15.3,44.4,0.0244,NA,"K18139",0.996972754793138,1,FALSE,FALSE,FALSE,FALSE
"K13017",0.0697,0,0.884,-7.16,48.8,0.0104,NA,"K13017",0.996972754793138,1,FALSE,FALSE,FALSE,FALSE
"K01715",0.179,0,0.598,-18.7,35.4,0.0374,NA,"K01715",0.996972754793138,1,FALSE,FALSE,FALSE,FALSE
"K26060",0.0746,0,0.537,-33.9,54.8,0.0438,NA,"K26060",0.996972754793138,1,FALSE,FALSE,FALSE,FALSE
"K03709",0.184,0,0.86,36.1,204,0.0125,NA,"K03709",0.996972754793138,1,FALSE,FALSE,FALSE,FALSE
"K11707",0.0846,0,0.0649,111,59.9,0.13,NA,"K11707",0.734162895927602,1,FALSE,FALSE,FALSE,FALSE
"K11710",0.0896,0,0.34,49.5,51.7,0.0676,NA,"K11710",0.996972754793138,1,FALSE,FALSE,FALSE,FALSE
"K11708",0.0846,0,0.0649,111,59.9,0.13,NA,"K11708",0.734162895927602,1,FALSE,FALSE,FALSE,FALSE
"K11709",0.0846,0,0.0649,111,59.9,0.13,NA,"K11709",0.734162895927602,1,FALSE,FALSE,FALSE,FALSE
"K00252",0.582,0,0.386,65.5,75.3,0.0615,NA,"K00252",0.996972754793138,1,FALSE,FALSE,FALSE,FALSE
"K07487",0.289,0,0.309,-18.2,17.9,0.072,NA,"K07487",0.996972754793138,1,FALSE,FALSE,FALSE,FALSE
"K07481",0.284,0,0.883,-2.51,17,0.0105,NA,"K07481",0.996972754793138,1,FALSE,FALSE,FALSE,FALSE
"K01136",0.0348,0,0.194,119,90.9,0.092,NA,"K01136",0.927342256214149,1,FALSE,FALSE,FALSE,FALSE
"K01135",0.144,0,0.00461,96,33.5,0.199,NA,"K01135",0.343382352941176,1,FALSE,FALSE,FALSE,FALSE
"K07302",0.453,0,0.542,-24.2,39.6,0.0432,NA,"K07302",0.996972754793138,1,FALSE,FALSE,FALSE,FALSE
"K07303",0.468,0,0.668,-17.3,40.2,0.0304,NA,"K07303",0.996972754793138,1,FALSE,FALSE,FALSE,FALSE
"K09955",0.219,0,0.00757,107,39.6,0.188,NA,"K09955",0.404455445544554,1,FALSE,FALSE,FALSE,FALSE
"K07130",0.303,0,0.357,23.9,25.9,0.0654,NA,"K07130",0.996972754793138,1,FALSE,FALSE,FALSE,FALSE
"K07098",0.577,0,0.3,-45,43.3,0.0735,NA,"K07098",0.996972754793138,1,FALSE,FALSE,FALSE,FALSE
"K08976",0.159,0,0.702,102,267,0.0272,NA,"K08976",0.996972754793138,1,FALSE,FALSE,FALSE,FALSE
"K09165",0.458,0,0.852,-8.96,48,0.0132,NA,"K09165",0.996972754793138,1,FALSE,FALSE,FALSE,FALSE
"K22074",0.303,0,0.372,70.5,78.8,0.0633,NA,"K22074",0.996972754793138,1,FALSE,FALSE,FALSE,FALSE
"K06229",0.0547,0,0.748,-34.3,107,0.0228,NA,"K06229",0.996972754793138,1,FALSE,FALSE,FALSE,FALSE
"K15518",0.129,0,0.168,-217,157,0.0976,NA,"K15518",0.883264462809917,1,FALSE,FALSE,FALSE,FALSE
"K08972",0.383,0,0.734,-66.4,195,0.0241,NA,"K08972",0.996972754793138,1,FALSE,FALSE,FALSE,FALSE
"K08999",0.169,0,0.965,-6.05,136,0.00315,NA,"K08999",0.996972754793138,1,FALSE,FALSE,FALSE,FALSE
"K00162",0.184,0,0.886,51.1,357,0.0102,NA,"K00161,K00162",0.996972754793138,1,FALSE,FALSE,FALSE,FALSE
"K15987",0.244,0,0.0805,178,102,0.124,NA,"K15987",0.784046692607004,1,FALSE,FALSE,FALSE,FALSE
"K16066",0.353,0,0.512,-44.1,67.2,0.0465,NA,"K16066",0.996972754793138,1,FALSE,FALSE,FALSE,FALSE
"K03921",0.0647,0,0.337,-122,127,0.0681,NA,"K03921",0.996972754793138,1,FALSE,FALSE,FALSE,FALSE
"K26061",0.463,0,0.741,-17.5,53,0.0234,NA,"K26061",0.996972754793138,1,FALSE,FALSE,FALSE,FALSE
"K00452",0.154,0,0.607,16.3,31.6,0.0365,NA,"K00452",0.996972754793138,1,FALSE,FALSE,FALSE,FALSE
"K01880",0.234,0,0.633,-62,129,0.0339,NA,"K01880",0.996972754793138,1,FALSE,FALSE,FALSE,FALSE
"K00453",0.463,0,0.895,4.6,34.7,0.00941,NA,"K00453",0.996972754793138,1,FALSE,FALSE,FALSE,FALSE
"K01758",0.249,0,0.482,35.4,50.2,0.0499,NA,"K01758",0.996972754793138,1,FALSE,FALSE,FALSE,FALSE
"K07027",0.547,0,0.761,11.8,38.6,0.0216,NA,"K07027",0.996972754793138,1,FALSE,FALSE,FALSE,FALSE
"K15519",0.159,0,0.105,-279,171,0.115,NA,"K15519",0.830696202531646,1,FALSE,FALSE,FALSE,FALSE
"K10764",0.537,0,0.187,-102,77,0.0934,NA,"K10764",0.918467583497053,1,FALSE,FALSE,FALSE,FALSE
"K25152",0.0846,0,0.11,-82.7,51.5,0.113,NA,"K25152",0.84016393442623,1,FALSE,FALSE,FALSE,FALSE
"K10206",0.0547,0,0.45,-38.3,50.5,0.0536,NA,"K10206",0.996972754793138,1,FALSE,FALSE,FALSE,FALSE
"K26960",0.169,0,0.779,54.3,194,0.0199,NA,"K26960",0.996972754793138,1,FALSE,FALSE,FALSE,FALSE
"K00248",0.433,0,0.363,-65.7,72.1,0.0644,NA,"K00248",0.996972754793138,1,FALSE,FALSE,FALSE,FALSE
"K04565",0.478,0,0.019,82.9,35.1,0.165,NA,"K04565",0.555555555555556,1,FALSE,FALSE,FALSE,FALSE
"K13444",0.219,0,0.649,20.4,44.7,0.0323,NA,"K13444",0.996972754793138,1,FALSE,FALSE,FALSE,FALSE
"K00529",0.413,0,0.1,37.7,22.8,0.116,NA,"K00529",0.819672131147541,1,FALSE,FALSE,FALSE,FALSE
"K06988",0.458,0,0.349,20.1,21.4,0.0665,NA,"K06988",0.996972754793138,1,FALSE,FALSE,FALSE,FALSE
"K01958",0.363,0,0.84,-30.2,150,0.0143,NA,"K01958",0.996972754793138,1,FALSE,FALSE,FALSE,FALSE
"K19033",0.0796,0,0.746,80.8,249,0.023,NA,"K19033",0.996972754793138,1,FALSE,FALSE,FALSE,FALSE
"K22391",0.0249,0,0.562,56.5,97.2,0.0412,NA,"K22391",0.996972754793138,1,FALSE,FALSE,FALSE,FALSE
"K00486",0.0597,0,0.621,119,240,0.0351,NA,"K00486",0.996972754793138,1,FALSE,FALSE,FALSE,FALSE
"K05995",0.323,0,0.778,9.37,33.3,0.02,NA,"K05995",0.996972754793138,1,FALSE,FALSE,FALSE,FALSE
"K17609",0.0249,0,0.927,-8.93,97.2,0.00652,NA,"K17609",0.996972754793138,1,FALSE,FALSE,FALSE,FALSE
"K06872",0.522,0,0.54,-23.8,38.7,0.0435,NA,"K06872",0.996972754793138,1,FALSE,FALSE,FALSE,FALSE
"K27772",0.0398,0,0.938,-9.09,116,0.00553,NA,"K27772",0.996972754793138,1,FALSE,FALSE,FALSE,FALSE
"K06973",0.209,0,0.594,-102,191,0.0378,NA,"K06973",0.996972754793138,1,FALSE,FALSE,FALSE,FALSE
"K22124",0.0697,0,0.499,26.9,39.7,0.048,NA,"K22124",0.996972754793138,1,FALSE,FALSE,FALSE,FALSE
"K16839",0.119,0,0.931,4.27,49.2,0.00615,NA,"K16839",0.996972754793138,1,FALSE,FALSE,FALSE,FALSE
"K22934",0.303,0,0.54,24.3,39.5,0.0435,NA,"K22934",0.996972754793138,1,FALSE,FALSE,FALSE,FALSE
"K16055",0.0199,0,0.718,70.4,194,0.0257,NA,"K16055",0.996972754793138,1,FALSE,FALSE,FALSE,FALSE
"K00697",0.398,0,0.276,52.7,48.2,0.0772,NA,"K00697",0.991410164638511,1,FALSE,FALSE,FALSE,FALSE
"K24158",0.398,0,0.244,-74.6,63.8,0.0826,NA,"K24158",0.967614533965245,1,FALSE,FALSE,FALSE,FALSE
"K06140",0.532,0,0.476,29.8,41.8,0.0506,NA,"K06140",0.996972754793138,1,FALSE,FALSE,FALSE,FALSE
"K03282",0.861,0,0.962,-5.21,108,0.00341,NA,"K03282",0.996972754793138,1,FALSE,FALSE,FALSE,FALSE
"K13532",0.129,0,0.686,-28.2,69.6,0.0287,NA,"K13532",0.996972754793138,1,FALSE,FALSE,FALSE,FALSE
"K06211",0.214,0,0.738,10.4,30.9,0.0238,NA,"K06211",0.996972754793138,1,FALSE,FALSE,FALSE,FALSE
"K01251",0.692,0,0.968,3.36,83.4,0.00285,NA,"K01251",0.996972754793138,1,FALSE,FALSE,FALSE,FALSE
"K01372",0.0348,0,0.881,-17.2,115,0.0106,NA,"K01372",0.996972754793138,1,FALSE,FALSE,FALSE,FALSE
"K00045",0.393,0,0.45,-28.5,37.6,0.0536,NA,"K00045",0.996972754793138,1,FALSE,FALSE,FALSE,FALSE
"K09967",0.199,0,0.303,29.7,28.7,0.073,NA,"K09967",0.996972754793138,1,FALSE,FALSE,FALSE,FALSE
"K09190",0.184,0,0.535,-48.5,78,0.044,NA,"K09190",0.996972754793138,1,FALSE,FALSE,FALSE,FALSE
"K20846",0.0448,0,0.0356,80.8,38.2,0.148,NA,"K20846",0.64657980456026,1,FALSE,FALSE,FALSE,FALSE
"K21162",0.0498,0,0.0735,-236,131,0.127,NA,"K21162",0.773684210526316,1,FALSE,FALSE,FALSE,FALSE
"K11381",0.134,0,0.245,46.9,40.1,0.0825,NA,"K11381",0.967614533965245,1,FALSE,FALSE,FALSE,FALSE
"K12339",0.418,0,0.768,20.4,69.1,0.0209,NA,"K12339",0.996972754793138,1,FALSE,FALSE,FALSE,FALSE
"K06885",0.184,0,0.154,104,72.8,0.101,NA,"K06885",0.8710407239819,1,FALSE,FALSE,FALSE,FALSE
"K08138",0.0597,0,0.995,-0.319,46.7,0.000484,NA,"K08138",0.998194221508828,1,FALSE,FALSE,FALSE,FALSE
"K01805",0.577,0,0.00131,72.6,22.3,0.225,NA,"K01805",0.248214285714286,1,FALSE,FALSE,FALSE,FALSE
"K00936",0.209,0,0.412,-45.3,55.1,0.0581,NA,"K00936",0.996972754793138,1,FALSE,FALSE,FALSE,FALSE
"K18911",0.254,0,0.993,0.44,49.3,0.000632,NA,"K18911",0.996987951807229,1,FALSE,FALSE,FALSE,FALSE
"K01463",0.174,0,0.967,-8.9,214,0.00295,NA,"K01463",0.996972754793138,1,FALSE,FALSE,FALSE,FALSE
"K05770",0.318,0,0.441,23.8,30.8,0.0546,NA,"K05770",0.996972754793138,1,FALSE,FALSE,FALSE,FALSE
"K21552",0.0597,0,0.596,-51.3,96.5,0.0377,NA,"K21552",0.996972754793138,1,FALSE,FALSE,FALSE,FALSE
"K25151",0.0846,0,0.309,-56.1,55,0.0721,NA,"K25151",0.996972754793138,1,FALSE,FALSE,FALSE,FALSE
"K25153",0.104,0,0.568,-27.8,48.7,0.0405,NA,"K25153",0.996972754793138,1,FALSE,FALSE,FALSE,FALSE
"K00074",0.567,0,0.652,16.6,36.7,0.032,NA,"K00074",0.996972754793138,1,FALSE,FALSE,FALSE,FALSE
"K20866",0.149,0,0.000348,-220,60.4,0.25,NA,"K20866",0.174,1,FALSE,FALSE,FALSE,FALSE
"K18682",0.179,0,0.8,93.7,369,0.018,NA,"K18682",0.996972754793138,1,FALSE,FALSE,FALSE,FALSE
"K17103",0.607,0,0.11,193,121,0.113,NA,"K17103",0.84016393442623,1,FALSE,FALSE,FALSE,FALSE
"K27956",0.0647,0,0.663,93.4,214,0.0309,NA,"K27956",0.996972754793138,1,FALSE,FALSE,FALSE,FALSE
"K26996",0.184,0,0.4,32.3,38.3,0.0596,NA,"K26996",0.996972754793138,1,FALSE,FALSE,FALSE,FALSE
"K07588",0.199,0,0.166,178,128,0.098,NA,"K07588",0.882978723404255,1,FALSE,FALSE,FALSE,FALSE
"K00752",0.0398,0,0.211,148,118,0.0885,NA,"K00752",0.946188340807175,1,FALSE,FALSE,FALSE,FALSE
"K18575",0.388,0,0.287,-40.1,37.5,0.0755,NA,"K18575",0.996972754793138,1,FALSE,FALSE,FALSE,FALSE
"K00812",0.547,0,0.729,-11.7,33.6,0.0246,NA,"K00812",0.996972754793138,1,FALSE,FALSE,FALSE,FALSE
"K00294",0.189,0,0.00987,-400,153,0.182,NA,"K00294",0.421794871794872,1,FALSE,FALSE,FALSE,FALSE
"K21571",0.0498,0,0.878,48.2,313,0.0109,NA,"K21571",0.996972754793138,1,FALSE,FALSE,FALSE,FALSE
"K01838",0.154,0,0.0624,73.4,39.2,0.132,NA,"K01838",0.731651376146789,1,FALSE,FALSE,FALSE,FALSE
"K00691",0.0547,0,0.0681,293,160,0.129,NA,"K00691",0.751655629139073,1,FALSE,FALSE,FALSE,FALSE
"K01966",0.209,0,0.677,51.5,123,0.0296,NA,"K01966",0.996972754793138,1,FALSE,FALSE,FALSE,FALSE
"K07037",0.154,0,0.734,79.2,233,0.0241,NA,"K07037",0.996972754793138,1,FALSE,FALSE,FALSE,FALSE
"K20742",0.149,0,0.973,-7.56,227,0.00236,NA,"K20742",0.996972754793138,1,FALSE,FALSE,FALSE,FALSE
"K03696",0.398,0,0.778,18.3,65.1,0.02,NA,"K03696",0.996972754793138,1,FALSE,FALSE,FALSE,FALSE
"K22136",0.179,0,0.8,93.7,369,0.018,NA,"K22136",0.996972754793138,1,FALSE,FALSE,FALSE,FALSE
"K00819",0.279,0,0.99,-1.34,109,0.000872,NA,"K00819",0.996978851963746,1,FALSE,FALSE,FALSE,FALSE
"K25137",0.119,0,0.898,-32.1,251,0.00909,NA,"K25137",0.996972754793138,1,FALSE,FALSE,FALSE,FALSE
"K13052",0.154,0,0.734,79.2,233,0.0241,NA,"K13052",0.996972754793138,1,FALSE,FALSE,FALSE,FALSE
"K01847",0.333,0,0.956,-2.93,52.9,0.00393,NA,"K01847",0.996972754793138,1,FALSE,FALSE,FALSE,FALSE
"K06013",0.194,0,0.84,-31.9,158,0.0143,NA,"K06013",0.996972754793138,1,FALSE,FALSE,FALSE,FALSE
"K06881",0.184,0,0.846,-57.1,294,0.0138,NA,"K06881",0.996972754793138,1,FALSE,FALSE,FALSE,FALSE
"K09958",0.398,0,0.914,3.16,29.3,0.00766,NA,"K09958",0.996972754793138,1,FALSE,FALSE,FALSE,FALSE
"K00721",0.199,0,0.325,90.3,91.4,0.0698,NA,"K00721",0.996972754793138,1,FALSE,FALSE,FALSE,FALSE
"K01465",0.796,0,0.734,-19,55.8,0.0241,NA,"K01465",0.996972754793138,1,FALSE,FALSE,FALSE,FALSE
"K09952",0.0299,0,0.843,13.8,69.3,0.0141,NA,"K09952",0.996972754793138,1,FALSE,FALSE,FALSE,FALSE
"K06330",0.219,0,0.941,2.61,35,0.00529,NA,"K06330",0.996972754793138,1,FALSE,FALSE,FALSE,FALSE
"K13993",0.453,0,0.403,21.1,25.1,0.0593,NA,"K13993",0.996972754793138,1,FALSE,FALSE,FALSE,FALSE
"K01219",0.0199,0,0.574,32.6,57.9,0.0399,NA,"K01219",0.996972754793138,1,FALSE,FALSE,FALSE,FALSE
"K08978",0.214,0,0.0308,-69.9,32.1,0.152,NA,"K08978",0.64657980456026,1,FALSE,FALSE,FALSE,FALSE
"K00359",0.134,0,0.373,134,150,0.0632,NA,"K00359",0.996972754793138,1,FALSE,FALSE,FALSE,FALSE
"K07456",0.179,0,0.8,93.7,369,0.018,NA,"K07456",0.996972754793138,1,FALSE,FALSE,FALSE,FALSE
"K11031",0.0199,0,0.611,-64,126,0.0361,NA,"K11031",0.996972754793138,1,FALSE,FALSE,FALSE,FALSE
"K07141",0.776,0,0.835,-7.3,35,0.0148,NA,"K07141",0.996972754793138,1,FALSE,FALSE,FALSE,FALSE
"K16870",0.408,0,0.964,0.86,18.8,0.00324,NA,"K16870",0.996972754793138,1,FALSE,FALSE,FALSE,FALSE
"K08156",0.0945,0,0.324,113,115,0.0699,NA,"K08156",0.996972754793138,1,FALSE,FALSE,FALSE,FALSE
"K00131",0.239,0,0.906,-9.58,80.8,0.0084,NA,"K00131",0.996972754793138,1,FALSE,FALSE,FALSE,FALSE
"K28560",0.129,0,0.773,-11.4,39.5,0.0205,NA,"K28560",0.996972754793138,1,FALSE,FALSE,FALSE,FALSE
"K01697",0.388,0,0.506,34.9,52.3,0.0472,NA,"K01697",0.996972754793138,1,FALSE,FALSE,FALSE,FALSE
"K09946",0.323,0,0.796,8.32,32.2,0.0183,NA,"K09946",0.996972754793138,1,FALSE,FALSE,FALSE,FALSE
"K26602",0.204,0,0.225,30.8,25.3,0.0859,NA,"K26602",0.95959595959596,1,FALSE,FALSE,FALSE,FALSE
"K01281",0.0398,0,0.44,61.1,79.1,0.0547,NA,"K01281",0.996972754793138,1,FALSE,FALSE,FALSE,FALSE
"K22757",0.0796,0,0.738,69.3,207,0.0237,NA,"K22757",0.996972754793138,1,FALSE,FALSE,FALSE,FALSE
"K26959",0.179,0,0.8,93.7,369,0.018,NA,"K26959",0.996972754793138,1,FALSE,FALSE,FALSE,FALSE
"K02473",0.0746,0,0.699,-14,36.1,0.0274,NA,"K02473",0.996972754793138,1,FALSE,FALSE,FALSE,FALSE
"K02474",0.264,0,0.975,0.705,22.6,0.00221,NA,"K02474",0.996972754793138,1,FALSE,FALSE,FALSE,FALSE
"K00754",0.179,0,0.8,93.7,369,0.018,NA,"K00754",0.996972754793138,1,FALSE,FALSE,FALSE,FALSE
"K08641",0.289,0,0.62,-15.4,31,0.0352,NA,"K08641",0.996972754793138,1,FALSE,FALSE,FALSE,FALSE
"K18122",0.0249,0,0.95,-7.32,117,0.00445,NA,"K18122",0.996972754793138,1,FALSE,FALSE,FALSE,FALSE
"K27683",0.0398,0,0.892,-22.1,163,0.00963,NA,"K27683",0.996972754793138,1,FALSE,FALSE,FALSE,FALSE
"K00809",0.0547,0,0.618,97,194,0.0354,NA,"K00809",0.996972754793138,1,FALSE,FALSE,FALSE,FALSE
"K23499",0.0647,0,0.557,72.7,123,0.0417,NA,"K23499",0.996972754793138,1,FALSE,FALSE,FALSE,FALSE
"K03930",0.149,0,0.145,-63.5,43.4,0.103,NA,"K03930",0.855646100116414,1,FALSE,FALSE,FALSE,FALSE
"K06915",0.652,0,0.752,-13.8,43.6,0.0224,NA,"K06915",0.996972754793138,1,FALSE,FALSE,FALSE,FALSE
"K00886",0.229,0,0.804,24.3,97.8,0.0176,NA,"K00886",0.996972754793138,1,FALSE,FALSE,FALSE,FALSE
"K20830",0.0149,0,0.646,40.5,88,0.0326,NA,"K20830",0.996972754793138,1,FALSE,FALSE,FALSE,FALSE
"K00024",0.483,0,0.37,114,127,0.0636,NA,"K00024",0.996972754793138,1,FALSE,FALSE,FALSE,FALSE
"K12257",0.239,0,0.6,-117,224,0.0372,NA,"K12257",0.996972754793138,1,FALSE,FALSE,FALSE,FALSE
"K09005",0.358,0,0.795,-10.7,41.2,0.0185,NA,"K09005",0.996972754793138,1,FALSE,FALSE,FALSE,FALSE
"K09164",0.219,0,0.893,29.3,217,0.00956,NA,"K09164",0.996972754793138,1,FALSE,FALSE,FALSE,FALSE
"K11942",0.184,0,0.126,111,72.5,0.108,NA,"K11942",0.844504021447721,1,FALSE,FALSE,FALSE,FALSE
"K01829",0.0199,0,0.901,-14.1,113,0.00879,NA,"K01829",0.996972754793138,1,FALSE,FALSE,FALSE,FALSE
"K02825",0.572,0,0.602,-90.5,173,0.037,NA,"K02825",0.996972754793138,1,FALSE,FALSE,FALSE,FALSE
"K28749",0.0846,0,0.955,-1.87,33,0.00402,NA,"K28749",0.996972754793138,1,FALSE,FALSE,FALSE,FALSE
"K18333",0.0746,0,0.58,-25.6,46.2,0.0393,NA,"K18333",0.996972754793138,1,FALSE,FALSE,FALSE,FALSE
"K00041",0.348,0,0.706,12.9,34.1,0.0268,NA,"K00041",0.996972754793138,1,FALSE,FALSE,FALSE,FALSE
"K01685",0.249,0,0.51,28.5,43.1,0.0468,NA,"K01685",0.996972754793138,1,FALSE,FALSE,FALSE,FALSE
"K23007",0.249,0,0.625,-18.3,37.4,0.0347,NA,"K23007",0.996972754793138,1,FALSE,FALSE,FALSE,FALSE
"K15921",0.0846,0,0.806,15.9,64.5,0.0175,NA,"K15921",0.996972754793138,1,FALSE,FALSE,FALSE,FALSE
"K01206",0.154,0,0.0768,103,57.9,0.125,NA,"K01206",0.781376518218624,1,FALSE,FALSE,FALSE,FALSE
"K02291",0.383,0,0.368,-38,42,0.0639,NA,"K02291",0.996972754793138,1,FALSE,FALSE,FALSE,FALSE
"K15746",0.124,0,0.256,-79.1,69.5,0.0804,NA,"K15746",0.983858570330515,1,FALSE,FALSE,FALSE,FALSE
"K14441",0.498,0,0.755,27.4,87.5,0.0222,NA,"K14441",0.996972754793138,1,FALSE,FALSE,FALSE,FALSE
"K01426",0.9,0,0.415,-33.1,40.6,0.0578,NA,"K01426",0.996972754793138,1,FALSE,FALSE,FALSE,FALSE
"K06889",0.706,0,0.567,14.4,25.2,0.0406,NA,"K06889",0.996972754793138,1,FALSE,FALSE,FALSE,FALSE
"K01823",0.338,0,0.346,34.5,36.5,0.0668,NA,"K01823",0.996972754793138,1,FALSE,FALSE,FALSE,FALSE
"K00367",0.0299,0,0.769,78.9,268,0.0209,NA,"K00367",0.996972754793138,1,FALSE,FALSE,FALSE,FALSE
"K03436",0.269,0,0.432,-53.4,67.8,0.0557,NA,"K03436",0.996972754793138,1,FALSE,FALSE,FALSE,FALSE
"K00054",0.104,0,0.0477,67.7,34,0.14,NA,"K00054",0.677966101694915,1,FALSE,FALSE,FALSE,FALSE
"K03783",0.433,0,0.961,-2.71,55.2,0.00348,NA,"K03783",0.996972754793138,1,FALSE,FALSE,FALSE,FALSE
"K01597",0.0498,0,0.892,-26.9,198,0.00967,NA,"K01597",0.996972754793138,1,FALSE,FALSE,FALSE,FALSE
"K09793",0.303,0,0.667,79.8,185,0.0306,NA,"K09793",0.996972754793138,1,FALSE,FALSE,FALSE,FALSE
"K15255",0.0896,0,0.834,-27.6,132,0.0149,NA,"K15255",0.996972754793138,1,FALSE,FALSE,FALSE,FALSE
"K18890",0.294,0,0.475,117,164,0.0506,NA,"K18890",0.996972754793138,1,FALSE,FALSE,FALSE,FALSE
"K18672",0.159,0,0.702,102,267,0.0272,NA,"K18672",0.996972754793138,1,FALSE,FALSE,FALSE,FALSE
"K20853",0.0199,0,0.0804,83.4,47.5,0.124,NA,"K20853",0.784046692607004,1,FALSE,FALSE,FALSE,FALSE
"K01565",0.0746,0,0.00942,97.1,37,0.183,NA,"K01565",0.413793103448276,1,FALSE,FALSE,FALSE,FALSE
"K05970",0.0796,0,0.113,235,147,0.112,NA,"K05970",0.84016393442623,1,FALSE,FALSE,FALSE,FALSE
"K20885",0.0647,0,0.898,8.26,64.5,0.00908,NA,"K20885",0.996972754793138,1,FALSE,FALSE,FALSE,FALSE
"K16899",0.323,0,0.00892,364,138,0.184,NA,"K16899",0.413063063063063,1,FALSE,FALSE,FALSE,FALSE
"K07054",0.677,0,0.187,50.7,38.3,0.0934,NA,"K07054",0.918467583497053,1,FALSE,FALSE,FALSE,FALSE
"K05606",0.303,0,0.88,-28.8,191,0.0107,NA,"K05606",0.996972754793138,1,FALSE,FALSE,FALSE,FALSE
"K01808",0.423,0,0.283,55.3,51.4,0.076,NA,"K01808",0.996972754793138,1,FALSE,FALSE,FALSE,FALSE
"K02371",0.119,0,0.313,155,153,0.0716,NA,"K02371",0.996972754793138,1,FALSE,FALSE,FALSE,FALSE
"K06384",0.473,0,0.0268,85.8,38.5,0.156,NA,"K06384",0.638095238095238,1,FALSE,FALSE,FALSE,FALSE
"K06902",0.423,0,0.0771,-81.7,46,0.125,NA,"K06902",0.781376518218624,1,FALSE,FALSE,FALSE,FALSE
"K15865",0.308,0,0.762,-38.1,126,0.0215,NA,"K15865",0.996972754793138,1,FALSE,FALSE,FALSE,FALSE
"K06878",0.393,0,0.576,-24.8,44.2,0.0397,NA,"K06878",0.996972754793138,1,FALSE,FALSE,FALSE,FALSE
"K18889",0.318,0,0.404,53,63.4,0.0591,NA,"K18889",0.996972754793138,1,FALSE,FALSE,FALSE,FALSE
"K21064",0.144,0,0.393,98.2,115,0.0606,NA,"K21064",0.996972754793138,1,FALSE,FALSE,FALSE,FALSE
"K19776",0.0597,0,0.844,-15.5,78.8,0.014,NA,"K19776,K21086",0.996972754793138,1,FALSE,FALSE,FALSE,FALSE
"K08194",0.274,0,0.335,31,32.1,0.0683,NA,"K08194",0.996972754793138,1,FALSE,FALSE,FALSE,FALSE
"K04081",0.0448,0,0.318,123,123,0.0708,NA,"K01646,K01675,K01910,K02255,K02466,K02467,K02468,K02972,K04081,K04333,K05964,K07309,K07349,K07470,K07592,K08314,K08349,K08350,K11732,K11932,K12943,K13497,K13630,K15827,K15828,K15829,K15830,K15831,K15833,K18325,K19148,K19234,K19688,K20263,K20264,K21085,K21089,K22650,K23676,K24147",0.996972754793138,1,FALSE,FALSE,FALSE,FALSE
"K03482",0.0498,0,0.462,58.1,78.9,0.0521,NA,"K03482",0.996972754793138,1,FALSE,FALSE,FALSE,FALSE
"K02750",0.104,0,0.226,61.4,50.5,0.0858,NA,"K02750",0.95959595959596,1,FALSE,FALSE,FALSE,FALSE
"K01232",0.0796,0,0.277,60.6,55.6,0.077,NA,"K01232",0.991410164638511,1,FALSE,FALSE,FALSE,FALSE
"K00389",0.294,0,0.0628,54.3,29,0.131,NA,"K00389",0.731651376146789,1,FALSE,FALSE,FALSE,FALSE
"K13629",0.0846,0,0.462,-27,36.7,0.0522,NA,"K13629",0.996972754793138,1,FALSE,FALSE,FALSE,FALSE
"K07675",0.214,0,0.962,-1.33,27.5,0.00342,NA,"K07675",0.996972754793138,1,FALSE,FALSE,FALSE,FALSE
"K18297",0.383,0,0.16,-72.2,51.2,0.0994,NA,"K18297",0.874049945711183,1,FALSE,FALSE,FALSE,FALSE
"K03445",0.0896,0,0.927,5.46,59.4,0.00652,NA,"K03445",0.996972754793138,1,FALSE,FALSE,FALSE,FALSE
"K28669",0.119,0,0.707,16.5,43.9,0.0266,NA,"K28669",0.996972754793138,1,FALSE,FALSE,FALSE,FALSE
"K03827",0.438,0,0.5,-23.9,35.3,0.0478,NA,"K03827",0.996972754793138,1,FALSE,FALSE,FALSE,FALSE
"K19048",0.0945,0,0.743,-15.9,48.5,0.0233,NA,"K19048",0.996972754793138,1,FALSE,FALSE,FALSE,FALSE
"K01811",0.169,0,0.954,-3.51,60.5,0.00411,NA,"K01811",0.996972754793138,1,FALSE,FALSE,FALSE,FALSE
"K16345",0.323,0,0.86,4.7,26.7,0.0125,NA,"K16345",0.996972754793138,1,FALSE,FALSE,FALSE,FALSE
"K19354",0.0697,0,0.775,61.1,214,0.0202,NA,"K00361,K01085,K01557,K02485,K02505,K02507,K02679,K02680,K02682,K02794,K02846,K02852,K02853,K02854,K03425,K03468,K03971,K04753,K05790,K05804,K05839,K07643,K07676,K07757,K07771,K08137,K08278,K08308,K09475,K09996,K09997,K11736,K11929,K11934,K11938,K12147,K12148,K12151,K12288,K12289,K12290,K12974,K12975,K13301,K13631,K13632,K13918,K15548,K16693,K18324,K18697,K19162,K19354,K21090,K25859,K25864,K26149",0.996972754793138,1,FALSE,FALSE,FALSE,FALSE
"K02844",0.303,0,0.856,13,71.8,0.0129,NA,"K02844",0.996972754793138,1,FALSE,FALSE,FALSE,FALSE
"K02841",0.269,0,0.576,-83.2,149,0.0396,NA,"K02841",0.996972754793138,1,FALSE,FALSE,FALSE,FALSE
"K16704",0.0945,0,0.589,-79.8,147,0.0384,NA,"K16704",0.996972754793138,1,FALSE,FALSE,FALSE,FALSE
"K02805",0.144,0,0.855,-5.66,31,0.013,NA,"K02805",0.996972754793138,1,FALSE,FALSE,FALSE,FALSE
"K12582",0.0746,0,0.0943,170,101,0.118,NA,"K12582",0.806837606837607,1,FALSE,FALSE,FALSE,FALSE
"K03293",0.313,0,0.486,-30.1,43.2,0.0495,NA,"K03293",0.996972754793138,1,FALSE,FALSE,FALSE,FALSE
"K07726",0.284,0,0.408,-16.5,19.9,0.0587,NA,"K07726",0.996972754793138,1,FALSE,FALSE,FALSE,FALSE
"K00090",0.428,0,0.618,-31.9,63.9,0.0354,NA,"K00090",0.996972754793138,1,FALSE,FALSE,FALSE,FALSE
"K02525",0.328,0,0.811,8.69,36.3,0.017,NA,"K02525",0.996972754793138,1,FALSE,FALSE,FALSE,FALSE
"K08351",0.119,0,4.95e-05,157,37.8,0.282,NA,"K08351",0.108,0.2475,FALSE,FALSE,FALSE,FALSE
"K12368",0.418,0,0.139,-133,89.3,0.105,NA,"K12368",0.855646100116414,1,FALSE,FALSE,FALSE,FALSE
"K12369",0.413,0,0.23,-131,109,0.085,NA,"K12369,K12370",0.959933222036728,1,FALSE,FALSE,FALSE,FALSE
"K12371",0.438,0,0.698,-26.9,69.2,0.0276,NA,"K12371",0.996972754793138,1,FALSE,FALSE,FALSE,FALSE
"K12372",0.413,0,0.199,-99.5,77.2,0.0911,NA,"K12372",0.936911487758946,1,FALSE,FALSE,FALSE,FALSE
"K13641",0.274,0,0.0942,67.6,40.2,0.118,NA,"K13641",0.806837606837607,1,FALSE,FALSE,FALSE,FALSE
"K15771",0.159,0,0.984,-1.34,68.8,0.00138,NA,"K15771",0.996972754793138,1,FALSE,FALSE,FALSE,FALSE
"K03788",0.0896,0,0.622,25.5,51.7,0.0349,NA,"K03788",0.996972754793138,1,FALSE,FALSE,FALSE,FALSE
"K26148",0.383,0,0.71,19.3,51.9,0.0264,NA,"K26148",0.996972754793138,1,FALSE,FALSE,FALSE,FALSE
"K24163",0.597,0,0.488,-20.7,29.8,0.0492,NA,"K24163",0.996972754793138,1,FALSE,FALSE,FALSE,FALSE
"K11102",0.308,0,0.932,6.98,82.1,0.00603,NA,"K11102",0.996972754793138,1,FALSE,FALSE,FALSE,FALSE
"K22015",0.0796,0,0.495,44,64.3,0.0484,NA,"K05796,K08315,K15832,K22015",0.996972754793138,1,FALSE,FALSE,FALSE,FALSE
"K13587",0.458,0,0.263,-83.8,74.7,0.0792,NA,"K13587",0.987654320987654,1,FALSE,FALSE,FALSE,FALSE
"K09994",0.0498,0,0.373,81.2,91,0.0632,NA,"K09994",0.996972754793138,1,FALSE,FALSE,FALSE,FALSE
"K02526",0.204,0,0.31,-27.6,27.2,0.072,NA,"K02526",0.996972754793138,1,FALSE,FALSE,FALSE,FALSE
"K03762",0.592,0,0.811,-9.44,39.5,0.0169,NA,"K03762",0.996972754793138,1,FALSE,FALSE,FALSE,FALSE
"K12518",0.0697,0,0.845,-7.73,39.5,0.0139,NA,"K12518",0.996972754793138,1,FALSE,FALSE,FALSE,FALSE
"K12519",0.0597,0,0.772,14,48.4,0.0205,NA,"K12519",0.996972754793138,1,FALSE,FALSE,FALSE,FALSE
"K07346",0.279,0,0.208,33.1,26.2,0.0892,NA,"K07346",0.946188340807175,1,FALSE,FALSE,FALSE,FALSE
"K13888",0.333,0,0.0865,-54.8,31.8,0.121,NA,"K13888",0.796847635726795,1,FALSE,FALSE,FALSE,FALSE
"K02005",0.448,0,0.846,5.7,29.3,0.0138,NA,"K02005",0.996972754793138,1,FALSE,FALSE,FALSE,FALSE
"K05685",0.328,0,0.0524,-67.1,34.4,0.137,NA,"K05685",0.700534759358289,1,FALSE,FALSE,FALSE,FALSE
"K16347",0.179,0,0.0379,145,69.2,0.147,NA,"K16347",0.64657980456026,1,FALSE,FALSE,FALSE,FALSE
"K16348",0.219,0,0.115,170,108,0.111,NA,"K16348",0.84016393442623,1,FALSE,FALSE,FALSE,FALSE
"K19215",0.0348,0,0.411,66.9,81.2,0.0583,NA,"K03895,K07352,K07353,K07354,K07355,K07356,K08088,K14062,K16076,K18141,K18920,K18921,K19215,K21264",0.996972754793138,1,FALSE,FALSE,FALSE,FALSE
"K17850",0.284,0,0.323,31.8,32.1,0.07,NA,"K17850",0.996972754793138,1,FALSE,FALSE,FALSE,FALSE
"K22051",0.114,0,0.504,122,182,0.0474,NA,"K22051",0.996972754793138,1,FALSE,FALSE,FALSE,FALSE
"K09456",0.468,0,0.245,75.5,64.8,0.0824,NA,"K09456",0.967614533965245,1,FALSE,FALSE,FALSE,FALSE
"K03477",0.0697,0,0.845,10.5,53.8,0.0139,NA,"K03477",0.996972754793138,1,FALSE,FALSE,FALSE,FALSE
"K03476",0.0647,0,0.921,4.84,48.9,0.00701,NA,"K03476",0.996972754793138,1,FALSE,FALSE,FALSE,FALSE
"K11737",0.328,0,0.554,-19,32.1,0.0419,NA,"K11737",0.996972754793138,1,FALSE,FALSE,FALSE,FALSE
"K07322",0.249,0,0.3,30.9,29.8,0.0734,NA,"K07322",0.996972754793138,1,FALSE,FALSE,FALSE,FALSE
"K05874",0.114,0,0.893,-7.79,57.7,0.00957,NA,"K05874",0.996972754793138,1,FALSE,FALSE,FALSE,FALSE
"K16210",0.0945,0,0.586,66.2,122,0.0386,NA,"K16210",0.996972754793138,1,FALSE,FALSE,FALSE,FALSE
"K13020",0.169,0,0.108,81,50.2,0.114,NA,"K13020",0.839813374805599,1,FALSE,FALSE,FALSE,FALSE
"K23508",0.323,0,0.424,26.5,33.1,0.0567,NA,"K10820,K23508",0.996972754793138,1,FALSE,FALSE,FALSE,FALSE
"K01042",0.468,0,0.012,-63,24.9,0.177,NA,"K01042",0.444444444444444,1,FALSE,FALSE,FALSE,FALSE
"K01531",0.303,0,0.929,2.02,22.5,0.00634,NA,"K01531",0.996972754793138,1,FALSE,FALSE,FALSE,FALSE
"K19334",0.124,0,0.428,33,41.6,0.0562,NA,"K19334",0.996972754793138,1,FALSE,FALSE,FALSE,FALSE
"K22397",0.0995,0,0.158,81.8,57.8,0.0999,NA,"K22397",0.874049945711183,1,FALSE,FALSE,FALSE,FALSE
"K22396",0.0498,0,0.935,6.18,75.5,0.0058,NA,"K22396",0.996972754793138,1,FALSE,FALSE,FALSE,FALSE
"K01198",0.294,0,0.139,43,29,0.105,NA,"K01198",0.855646100116414,1,FALSE,FALSE,FALSE,FALSE
"K00433",0.667,0,0.0577,-83.5,43.8,0.134,NA,"K00433",0.712345679012346,1,FALSE,FALSE,FALSE,FALSE
"K00483",0.254,0,0.129,60.6,39.8,0.107,NA,"K00483",0.855437665782493,1,FALSE,FALSE,FALSE,FALSE
"K02511",0.0448,0,1,0.0289,59.1,3.46e-05,NA,"K02511",1,1,FALSE,FALSE,FALSE,FALSE
"K06141",0.0796,0,0.429,-47.2,59.6,0.056,NA,"K06141",0.996972754793138,1,FALSE,FALSE,FALSE,FALSE
"K01002",0.0945,0,0.577,-63.9,114,0.0396,NA,"K01002",0.996972754793138,1,FALSE,FALSE,FALSE,FALSE
"K02315",0.129,0,0.523,17.9,27.9,0.0453,NA,"K02315",0.996972754793138,1,FALSE,FALSE,FALSE,FALSE
"K02317",0.114,0,0.504,122,182,0.0474,NA,"K02317",0.996972754793138,1,FALSE,FALSE,FALSE,FALSE
"K22294",0.423,0,0.787,21,77.8,0.0191,NA,"K22294",0.996972754793138,1,FALSE,FALSE,FALSE,FALSE
"K13255",0.279,0,0.642,15.6,33.6,0.033,NA,"K13255",0.996972754793138,1,FALSE,FALSE,FALSE,FALSE
"K03800",0.398,0,0.523,35.5,55.5,0.0453,NA,"K03800",0.996972754793138,1,FALSE,FALSE,FALSE,FALSE
"K15634",0.169,0,0.822,-23.6,105,0.0159,NA,"K15634",0.996972754793138,1,FALSE,FALSE,FALSE,FALSE
"K03831",0.219,0,0.227,133,110,0.0856,NA,"K03831",0.95959595959596,1,FALSE,FALSE,FALSE,FALSE
"K02795",0.124,0,0.14,103,69.7,0.104,NA,"K02795",0.855646100116414,1,FALSE,FALSE,FALSE,FALSE
"K11746",0.0647,0,0.576,29.3,52.4,0.0397,NA,"K11746",0.996972754793138,1,FALSE,FALSE,FALSE,FALSE
"K11745",0.0896,0,0.132,78,51.6,0.107,NA,"K11745",0.855646100116414,1,FALSE,FALSE,FALSE,FALSE
"K01804",0.333,0,0.224,43.5,35.6,0.0862,NA,"K01804",0.95959595959596,1,FALSE,FALSE,FALSE,FALSE
"K00853",0.234,0,0.393,24.3,28.4,0.0605,NA,"K00853",0.996972754793138,1,FALSE,FALSE,FALSE,FALSE
"K05806",0.0647,0,0.768,30,101,0.0209,NA,"K05806",0.996972754793138,1,FALSE,FALSE,FALSE,FALSE
"K02504",0.0647,0,0.333,-78.2,80.5,0.0686,NA,"K02504",0.996972754793138,1,FALSE,FALSE,FALSE,FALSE
"K11734",0.313,0,0.842,-27.9,140,0.0141,NA,"K11734",0.996972754793138,1,FALSE,FALSE,FALSE,FALSE
"K14588",0.0846,0,0.652,39.3,87.1,0.032,NA,"K14588",0.996972754793138,1,FALSE,FALSE,FALSE,FALSE
"K00117",0.363,0,0.234,-48.5,40.6,0.0844,NA,"K00117",0.962962962962963,1,FALSE,FALSE,FALSE,FALSE
"K07347",0.239,0,0.228,31.3,25.9,0.0855,NA,"K07347",0.95959595959596,1,FALSE,FALSE,FALSE,FALSE
"K15540",0.169,0,0.699,10.6,27.4,0.0275,NA,"K15540",0.996972754793138,1,FALSE,FALSE,FALSE,FALSE
"K01975",0.577,0,0.574,22.4,39.8,0.0398,NA,"K01975",0.996972754793138,1,FALSE,FALSE,FALSE,FALSE
"K01582",0.0995,0,0.862,11.4,65.4,0.0123,NA,"K01582",0.996972754793138,1,FALSE,FALSE,FALSE,FALSE
"K06222",0.458,0,1.48e-05,-116,26,0.3,NA,"K06222",0.074,0.074,FALSE,FALSE,TRUE,TRUE
"K18316",0.0299,0,0.738,20,59.8,0.0237,NA,"K18315,K18316,K18317",0.996972754793138,1,FALSE,FALSE,FALSE,FALSE
"K05908",0.0348,0,0.887,7.74,54.4,0.0101,NA,"K05908",0.996972754793138,1,FALSE,FALSE,FALSE,FALSE
"K18058",0.0945,0,0.636,12.8,27.1,0.0336,NA,"K18058",0.996972754793138,1,FALSE,FALSE,FALSE,FALSE
"K07474",0.0945,0,0.699,-10.1,26.1,0.0274,NA,"K07474",0.996972754793138,1,FALSE,FALSE,FALSE,FALSE
"K15125",0.194,0,0.552,15.9,26.7,0.0422,NA,"K15125",0.996972754793138,1,FALSE,FALSE,FALSE,FALSE
"K16235",0.249,0,0.271,32.4,29.3,0.078,NA,"K16235",0.987654320987654,1,FALSE,FALSE,FALSE,FALSE
"K00547",0.209,0,0.684,18.4,45.2,0.0289,NA,"K00547",0.996972754793138,1,FALSE,FALSE,FALSE,FALSE
"K15551",0.433,0,0.956,-1.98,36.2,0.00388,NA,"K15551",0.996972754793138,1,FALSE,FALSE,FALSE,FALSE
"K10831",0.403,0,0.817,8.29,35.7,0.0165,NA,"K10831",0.996972754793138,1,FALSE,FALSE,FALSE,FALSE
"K15552",0.433,0,0.956,-1.98,36.2,0.00388,NA,"K15552",0.996972754793138,1,FALSE,FALSE,FALSE,FALSE
"K15554",0.706,0,0.858,-6.12,34.2,0.0127,NA,"K15554",0.996972754793138,1,FALSE,FALSE,FALSE,FALSE
"K17938",0.209,0,0.683,-26.3,64.3,0.029,NA,"K17938",0.996972754793138,1,FALSE,FALSE,FALSE,FALSE
"K08161",0.294,0,0.239,37.7,32,0.0834,NA,"K08161",0.966046887631366,1,FALSE,FALSE,FALSE,FALSE
"K18968",0.234,0,0.585,31.9,58.4,0.0387,NA,"K18968",0.996972754793138,1,FALSE,FALSE,FALSE,FALSE
"K14591",0.0746,0,0.763,-17.1,56.7,0.0214,NA,"K14591",0.996972754793138,1,FALSE,FALSE,FALSE,FALSE
"K23107",0.403,0,0.605,-17.5,33.8,0.0367,NA,"K23107",0.996972754793138,1,FALSE,FALSE,FALSE,FALSE
"K12500",0.114,0,0.192,161,123,0.0925,NA,"K12500",0.927342256214149,1,FALSE,FALSE,FALSE,FALSE
"K07149",0.428,0,0.0168,86.8,36,0.169,NA,"K07149",0.521604938271605,1,FALSE,FALSE,FALSE,FALSE
"K23240",0.214,0,0.409,33.1,40,0.0586,NA,"K23240",0.996972754793138,1,FALSE,FALSE,FALSE,FALSE
"K03577",0.274,0,0.0294,-128,58.3,0.154,NA,"K03577",0.64657980456026,1,FALSE,FALSE,FALSE,FALSE
"K05802",0.448,0,0.108,-103,63.5,0.114,NA,"K05802",0.839813374805599,1,FALSE,FALSE,FALSE,FALSE
"K26735",0.234,0,0.32,42,42.1,0.0705,NA,"K26735",0.996972754793138,1,FALSE,FALSE,FALSE,FALSE
"K08223",0.567,0,0.924,4.28,44.9,0.00676,NA,"K08223",0.996972754793138,1,FALSE,FALSE,FALSE,FALSE
"K19591",0.532,0,0.2,-99.5,77.3,0.0909,NA,"K19591",0.938086303939963,1,FALSE,FALSE,FALSE,FALSE
"K02068",0.119,0,0.422,43.8,54.4,0.057,NA,"K02068",0.996972754793138,1,FALSE,FALSE,FALSE,FALSE
"K06917",0.378,0,0.298,41.5,39.8,0.0737,NA,"K06917",0.996972754793138,1,FALSE,FALSE,FALSE,FALSE
"K16136",0.0896,0,0.961,-3.24,66.2,0.00347,NA,"K16136",0.996972754793138,1,FALSE,FALSE,FALSE,FALSE
"K07345",0.204,0,0.383,24.1,27.5,0.0618,NA,"K07345",0.996972754793138,1,FALSE,FALSE,FALSE,FALSE
"K07351",0.0398,0,0.36,86.6,94.4,0.0649,NA,"K01169,K02506,K02615,K03289,K07351,K08320,K08348,K11685,K13650,K14064,K15722,K18837",0.996972754793138,1,FALSE,FALSE,FALSE,FALSE
"K06048",0.393,0,0.028,77.5,35,0.155,NA,"K06048",0.64657980456026,1,FALSE,FALSE,FALSE,FALSE
"K25495",0.164,0,0.703,13.3,34.8,0.0271,NA,"K25495",0.996972754793138,1,FALSE,FALSE,FALSE,FALSE
"K28299",0.104,0,0.945,-2.05,29.9,0.00486,NA,"K28299",0.996972754793138,1,FALSE,FALSE,FALSE,FALSE
"K18831",0.249,0,0.341,-19.1,20,0.0675,NA,"K18831",0.996972754793138,1,FALSE,FALSE,FALSE,FALSE
"K01575",0.164,0,0.589,-26.7,49.4,0.0384,NA,"K01575",0.996972754793138,1,FALSE,FALSE,FALSE,FALSE
"K19611",0.139,0,0.655,23.2,51.7,0.0317,NA,"K19611",0.996972754793138,1,FALSE,FALSE,FALSE,FALSE
"K02364",0.0945,0,0.847,-9.79,50.8,0.0137,NA,"K02364",0.996972754793138,1,FALSE,FALSE,FALSE,FALSE
"K08225",0.0746,0,0.723,-21.3,60.1,0.0251,NA,"K08225",0.996972754793138,1,FALSE,FALSE,FALSE,FALSE
"K01295",0.398,0,0.422,21.1,26.3,0.0569,NA,"K01295",0.996972754793138,1,FALSE,FALSE,FALSE,FALSE
"K06218",0.219,0,0.781,5.67,20.4,0.0197,NA,"K06218",0.996972754793138,1,FALSE,FALSE,FALSE,FALSE
"K08317",0.0896,0,0.453,35.2,46.8,0.0532,NA,"K08317",0.996972754793138,1,FALSE,FALSE,FALSE,FALSE
"K12973",0.0746,0,0.813,22,92.9,0.0168,NA,"K12973",0.996972754793138,1,FALSE,FALSE,FALSE,FALSE
"K01250",0.0995,0,0.702,23.8,62,0.0272,NA,"K01250",0.996972754793138,1,FALSE,FALSE,FALSE,FALSE
"K10004",0.313,0,0.786,-29.3,108,0.0193,NA,"K10004",0.996972754793138,1,FALSE,FALSE,FALSE,FALSE
"K10002",0.313,0,0.502,53.4,79.4,0.0476,NA,"K10002,K10003",0.996972754793138,1,FALSE,FALSE,FALSE,FALSE
"K10001",0.328,0,0.704,31.4,82.8,0.0269,NA,"K10001",0.996972754793138,1,FALSE,FALSE,FALSE,FALSE
"K02566",0.264,0,0.543,74.4,122,0.0431,NA,"K02566",0.996972754793138,1,FALSE,FALSE,FALSE,FALSE
"K03756",0.144,0,0.419,-27.2,33.6,0.0573,NA,"K03756",0.996972754793138,1,FALSE,FALSE,FALSE,FALSE
"K07646",0.716,0,0.622,-18.3,37,0.0349,NA,"K07646",0.996972754793138,1,FALSE,FALSE,FALSE,FALSE
"K01548",0.642,0,0.783,-9.2,33.3,0.0196,NA,"K01548",0.996972754793138,1,FALSE,FALSE,FALSE,FALSE
"K01547",0.642,0,0.783,-9.2,33.3,0.0196,NA,"K01547",0.996972754793138,1,FALSE,FALSE,FALSE,FALSE
"K01546",0.642,0,0.783,-9.2,33.3,0.0196,NA,"K01546",0.996972754793138,1,FALSE,FALSE,FALSE,FALSE
"K23123",0.134,0,0.93,-4.72,53.9,0.00621,NA,"K23123",0.996972754793138,1,FALSE,FALSE,FALSE,FALSE
"K05522",0.219,0,0.402,117,139,0.0595,NA,"K05522",0.996972754793138,1,FALSE,FALSE,FALSE,FALSE
"K01834",0.468,0,0.689,-27.8,69.2,0.0284,NA,"K01834",0.996972754793138,1,FALSE,FALSE,FALSE,FALSE
"K02019",0.433,0,0.676,-37.5,89.8,0.0296,NA,"K02019",0.996972754793138,1,FALSE,FALSE,FALSE,FALSE
"K28853",0.144,0,0.723,21.8,61.5,0.0251,NA,"K28853",0.996972754793138,1,FALSE,FALSE,FALSE,FALSE
"K01051",0.144,0,0.778,12,42.6,0.02,NA,"K01051",0.996972754793138,1,FALSE,FALSE,FALSE,FALSE
"K06890",0.209,0,0.978,2.99,108,0.00197,NA,"K06890",0.996972754793138,1,FALSE,FALSE,FALSE,FALSE
"K25180",0.179,0,0.392,53.6,62.5,0.0607,NA,"K25180",0.996972754793138,1,FALSE,FALSE,FALSE,FALSE
"K25181",0.184,0,0.123,59.2,38.1,0.109,NA,"K25181",0.84016393442623,1,FALSE,FALSE,FALSE,FALSE
"K25182",0.189,0,0.158,-51.7,36.5,0.1,NA,"K25182",0.874049945711183,1,FALSE,FALSE,FALSE,FALSE
"K25183",0.204,0,0.958,-2.45,46.7,0.00372,NA,"K25183",0.996972754793138,1,FALSE,FALSE,FALSE,FALSE
"K23777",0.194,0,0.073,103,57.2,0.127,NA,"K23777",0.773684210526316,1,FALSE,FALSE,FALSE,FALSE
"K22044",0.612,0,0.84,-9.53,47.2,0.0143,NA,"K22044",0.996972754793138,1,FALSE,FALSE,FALSE,FALSE
"K10038",0.169,0,0.907,5.96,51.1,0.00827,NA,"K10038",0.996972754793138,1,FALSE,FALSE,FALSE,FALSE
"K11924",0.214,0,0.0454,-229,114,0.141,NA,"K11924",0.665689149560117,1,FALSE,FALSE,FALSE,FALSE
"K18904",0.363,0,0.869,5.53,33.4,0.0117,NA,"K18904",0.996972754793138,1,FALSE,FALSE,FALSE,FALSE
"K03492",0.0846,0,0.639,31.8,67.8,0.0333,NA,"K03492",0.996972754793138,1,FALSE,FALSE,FALSE,FALSE
"K19235",0.114,0,0.504,122,182,0.0474,NA,"K19235",0.996972754793138,1,FALSE,FALSE,FALSE,FALSE
"K08313",0.0398,0,0.47,61.2,84.6,0.0512,NA,"K04334,K04336,K05877,K08313,K12299,K13620,K16711,K18140,K18142,K25875",0.996972754793138,1,FALSE,FALSE,FALSE,FALSE
"K13889",0.259,0,0.887,13.4,94.1,0.0101,NA,"K13889",0.996972754793138,1,FALSE,FALSE,FALSE,FALSE
"K13890",0.174,0,0.309,-51.6,50.6,0.0721,NA,"K13890",0.996972754793138,1,FALSE,FALSE,FALSE,FALSE
"K13891",0.229,0,0.926,3.77,40.7,0.00657,NA,"K13891",0.996972754793138,1,FALSE,FALSE,FALSE,FALSE
"K11534",0.214,0,0.146,-114,77.7,0.103,NA,"K11534",0.855646100116414,1,FALSE,FALSE,FALSE,FALSE
"K08160",0.0995,0,0.347,-40.5,43,0.0667,NA,"K08160",0.996972754793138,1,FALSE,FALSE,FALSE,FALSE
"K20861",0.0647,0,0.768,30,101,0.0209,NA,"K20861",0.996972754793138,1,FALSE,FALSE,FALSE,FALSE
"K23778",0.154,0,0.96,1.58,31.5,0.00354,NA,"K23778",0.996972754793138,1,FALSE,FALSE,FALSE,FALSE
"K03893",0.468,0,0.324,-27.7,28,0.0699,NA,"K03893",0.996972754793138,1,FALSE,FALSE,FALSE,FALSE
"K10678",0.0647,0,0.768,30,101,0.0209,NA,"K10678",0.996972754793138,1,FALSE,FALSE,FALSE,FALSE
"K11073",0.473,0,0.596,-60.8,114,0.0377,NA,"K11073,K11074,K11075,K11076",0.996972754793138,1,FALSE,FALSE,FALSE,FALSE
"K03212",0.114,0,0.85,13.3,70.1,0.0134,NA,"K03212",0.996972754793138,1,FALSE,FALSE,FALSE,FALSE
"K00156",0.403,0,0.234,-35.6,29.8,0.0844,NA,"K00156",0.962962962962963,1,FALSE,FALSE,FALSE,FALSE
"K19127",0.0398,0,0.731,-14.7,42.5,0.0244,NA,"K19127",0.996972754793138,1,FALSE,FALSE,FALSE,FALSE
"K19128",0.0498,0,0.755,-11,35.4,0.0221,NA,"K19128,K19129",0.996972754793138,1,FALSE,FALSE,FALSE,FALSE
"K09476",0.0647,0,0.768,30,101,0.0209,NA,"K09476",0.996972754793138,1,FALSE,FALSE,FALSE,FALSE
"K00763",0.851,0,0.491,-65.9,95.5,0.0488,NA,"K00763",0.996972754793138,1,FALSE,FALSE,FALSE,FALSE
"K15555",0.647,0,0.574,21.3,37.7,0.0399,NA,"K15555",0.996972754793138,1,FALSE,FALSE,FALSE,FALSE
"K04091",0.507,0,0.0572,68.2,35.7,0.134,NA,"K04091",0.712158808933003,1,FALSE,FALSE,FALSE,FALSE
"K15553",0.572,0,0.111,51.8,32.4,0.113,NA,"K15553",0.84016393442623,1,FALSE,FALSE,FALSE,FALSE
"K00299",0.562,0,0.248,42.8,37,0.0819,NA,"K00299",0.969507427677873,1,FALSE,FALSE,FALSE,FALSE
"K13053",0.229,0,0.427,87.4,110,0.0564,NA,"K13053",0.996972754793138,1,FALSE,FALSE,FALSE,FALSE
"K06929",0.478,0,0.896,12.5,95.4,0.00931,NA,"K06929",0.996972754793138,1,FALSE,FALSE,FALSE,FALSE
"K11940",0.214,0,0.727,59.3,170,0.0248,NA,"K11940",0.996972754793138,1,FALSE,FALSE,FALSE,FALSE
"K09982",0.149,0,0.847,9.85,50.9,0.0137,NA,"K09982",0.996972754793138,1,FALSE,FALSE,FALSE,FALSE
"K16840",0.269,0,0.936,4.16,51.4,0.00573,NA,"K16840",0.996972754793138,1,FALSE,FALSE,FALSE,FALSE
"K03457",0.617,0,0.879,-5.99,39.3,0.0108,NA,"K03457",0.996972754793138,1,FALSE,FALSE,FALSE,FALSE
"K16841",0.468,0,0.332,-29.4,30.2,0.0688,NA,"K16841",0.996972754793138,1,FALSE,FALSE,FALSE,FALSE
"K22601",0.0697,0,0.311,74.7,73.6,0.0718,NA,"K22601",0.996972754793138,1,FALSE,FALSE,FALSE,FALSE
"K22602",0.169,0,0.000987,-115,34.5,0.231,NA,"K22602",0.243181818181818,1,FALSE,FALSE,FALSE,FALSE
"K00839",0.269,0,0.441,-37.2,48.2,0.0546,NA,"K00839",0.996972754793138,1,FALSE,FALSE,FALSE,FALSE
"K02083",0.249,0,0.612,-20.9,41.2,0.036,NA,"K02083",0.996972754793138,1,FALSE,FALSE,FALSE,FALSE
"K15770",0.219,0,0.391,37.2,43.2,0.0609,NA,"K15770",0.996972754793138,1,FALSE,FALSE,FALSE,FALSE
"K15772",0.164,0,0.949,3.41,53.5,0.00452,NA,"K15772",0.996972754793138,1,FALSE,FALSE,FALSE,FALSE
"K01224",0.164,0,0.638,-15.8,33.5,0.0334,NA,"K01224",0.996972754793138,1,FALSE,FALSE,FALSE,FALSE
"K12308",0.398,0,0.183,60.5,45.3,0.0942,NA,"K12308",0.913173652694611,1,FALSE,FALSE,FALSE,FALSE
"K02778",0.0547,0,0.399,68.7,81.4,0.0598,NA,"K02778",0.996972754793138,1,FALSE,FALSE,FALSE,FALSE
"K06884",0.348,0,0.644,-16.7,36.1,0.0328,NA,"K06884",0.996972754793138,1,FALSE,FALSE,FALSE,FALSE
"K09016",0.164,0,0.931,-5.29,61.3,0.00611,NA,"K09016",0.996972754793138,1,FALSE,FALSE,FALSE,FALSE
"K09024",0.139,0,0.985,-0.681,35.7,0.00135,NA,"K09024",0.996972754793138,1,FALSE,FALSE,FALSE,FALSE
"K09019",0.269,0,0.724,-11.5,32.5,0.0251,NA,"K09019",0.996972754793138,1,FALSE,FALSE,FALSE,FALSE
"K09023",0.109,0,0.839,13,63.9,0.0145,NA,"K09023",0.996972754793138,1,FALSE,FALSE,FALSE,FALSE
"K09020",0.144,0,0.296,-48.5,46.4,0.074,NA,"K09020",0.996972754793138,1,FALSE,FALSE,FALSE,FALSE
"K09018",0.124,0,0.35,-48,51.2,0.0662,NA,"K09018",0.996972754793138,1,FALSE,FALSE,FALSE,FALSE
"K11535",0.234,0,0.672,59.8,141,0.03,NA,"K11535",0.996972754793138,1,FALSE,FALSE,FALSE,FALSE
"K07243",0.577,0,0.0681,61.9,33.7,0.129,NA,"K07243",0.751655629139073,1,FALSE,FALSE,FALSE,FALSE
"K07224",0.259,0,0.0537,56.5,29.1,0.136,NA,"K07224,K16301",0.704834605597964,1,FALSE,FALSE,FALSE,FALSE
"K23518",0.279,0,0.575,24.4,43.4,0.0398,NA,"K23518",0.996972754793138,1,FALSE,FALSE,FALSE,FALSE
"K03670",0.408,0,0.758,-14.6,47.4,0.0219,NA,"K03670",0.996972754793138,1,FALSE,FALSE,FALSE,FALSE
"K03669",0.408,0,0.758,-14.6,47.4,0.0219,NA,"K03669",0.996972754793138,1,FALSE,FALSE,FALSE,FALSE
"K00301",0.149,0,0.897,-4.52,34.7,0.00922,NA,"K00301",0.996972754793138,1,FALSE,FALSE,FALSE,FALSE
"K12149",0.114,0,0.504,122,182,0.0474,NA,"K12149",0.996972754793138,1,FALSE,FALSE,FALSE,FALSE
"K08162",0.179,0,0.187,61.3,46.3,0.0935,NA,"K08162",0.918467583497053,1,FALSE,FALSE,FALSE,FALSE
"K02779",0.139,0,0.815,11.8,50.5,0.0166,NA,"K02779",0.996972754793138,1,FALSE,FALSE,FALSE,FALSE
"K22041",0.418,0,0.451,19,25.2,0.0535,NA,"K22041",0.996972754793138,1,FALSE,FALSE,FALSE,FALSE
"K12152",0.468,0,0.981,-2.08,85.6,0.00173,NA,"K12152",0.996972754793138,1,FALSE,FALSE,FALSE,FALSE
"K13069",0.139,0,0.0564,52.8,27.5,0.135,NA,"K13069",0.710526315789474,1,FALSE,FALSE,FALSE,FALSE
"K08281",0.597,0,0.799,7.92,31,0.0181,NA,"K08281",0.996972754793138,1,FALSE,FALSE,FALSE,FALSE
"K01008",0.478,0,0.685,-11.5,28.3,0.0287,NA,"K01008",0.996972754793138,1,FALSE,FALSE,FALSE,FALSE
"K21028",0.0896,0,0.993,0.554,59,0.000665,NA,"K21028",0.996987951807229,1,FALSE,FALSE,FALSE,FALSE
"K00840",0.239,0,0.267,-88.4,79.4,0.0787,NA,"K00840",0.987654320987654,1,FALSE,FALSE,FALSE,FALSE
"K09975",0.587,0,0.338,40,41.6,0.068,NA,"K09975",0.996972754793138,1,FALSE,FALSE,FALSE,FALSE
"K05984",0.0746,0,0.427,-72,90.5,0.0563,NA,"K05984",0.996972754793138,1,FALSE,FALSE,FALSE,FALSE
"K04064",0.214,0,0.0361,-91.7,43.4,0.148,NA,"K04064",0.64657980456026,1,FALSE,FALSE,FALSE,FALSE
"K03490",0.0697,0,0.338,63.5,66.1,0.0679,NA,"K03490",0.996972754793138,1,FALSE,FALSE,FALSE,FALSE
"K24204",0.124,0,0.946,6.95,102,0.00483,NA,"K24204",0.996972754793138,1,FALSE,FALSE,FALSE,FALSE
"K16370",0.159,0,0.825,8.6,38.9,0.0157,NA,"K16370",0.996972754793138,1,FALSE,FALSE,FALSE,FALSE
"K07225",0.274,0,0.922,-3.21,32.8,0.00693,NA,"K07225",0.996972754793138,1,FALSE,FALSE,FALSE,FALSE
"K17641",0.0945,0,0.555,-23.9,40.4,0.0418,NA,"K17641",0.996972754793138,1,FALSE,FALSE,FALSE,FALSE
"K18475",0.0746,0,0.352,31.5,33.8,0.066,NA,"K18475",0.996972754793138,1,FALSE,FALSE,FALSE,FALSE
"K21976",0.0647,0,0.869,15.3,93,0.0117,NA,"K21976",0.996972754793138,1,FALSE,FALSE,FALSE,FALSE
"K21974",0.0647,0,0.869,15.3,93,0.0117,NA,"K21974",0.996972754793138,1,FALSE,FALSE,FALSE,FALSE
"K21973",0.0697,0,0.584,45.2,82.4,0.0388,NA,"K21973",0.996972754793138,1,FALSE,FALSE,FALSE,FALSE
"K21972",0.0647,0,0.869,15.3,93,0.0117,NA,"K21972",0.996972754793138,1,FALSE,FALSE,FALSE,FALSE
"K19303",0.144,0,0.412,78.3,95.2,0.0582,NA,"K19303",0.996972754793138,1,FALSE,FALSE,FALSE,FALSE
"K02791",0.149,0,0.433,32.8,41.7,0.0556,NA,"K02791",0.996972754793138,1,FALSE,FALSE,FALSE,FALSE
"K01561",0.328,0,0.594,-11.7,21.9,0.0379,NA,"K01561",0.996972754793138,1,FALSE,FALSE,FALSE,FALSE
"K07639",0.294,0,0.913,6.93,63.6,0.00772,NA,"K07639",0.996972754793138,1,FALSE,FALSE,FALSE,FALSE
"K03758",0.413,0,0.0788,-87.7,49.7,0.124,NA,"K03758",0.784046692607004,1,FALSE,FALSE,FALSE,FALSE
"K12941",0.274,0,0.89,4.81,34.8,0.0098,NA,"K12941",0.996972754793138,1,FALSE,FALSE,FALSE,FALSE
"K12940",0.134,0,0.857,-8.37,46.2,0.0128,NA,"K12940",0.996972754793138,1,FALSE,FALSE,FALSE,FALSE
"K14057",0.209,0,0.277,-34.8,31.9,0.077,NA,"K14057",0.991410164638511,1,FALSE,FALSE,FALSE,FALSE
"K22419",0.259,0,0.768,7.28,24.7,0.0209,NA,"K22419",0.996972754793138,1,FALSE,FALSE,FALSE,FALSE
"K18900",0.522,0,0.00917,-91.1,34.6,0.183,NA,"K18900",0.413063063063063,1,FALSE,FALSE,FALSE,FALSE
"K11743",0.234,0,0.205,-96.8,76.2,0.0897,NA,"K11743",0.943482224247949,1,FALSE,FALSE,FALSE,FALSE
"K11742",0.234,0,0.205,-96.8,76.2,0.0897,NA,"K11742",0.943482224247949,1,FALSE,FALSE,FALSE,FALSE
"K04775",0.0796,0,0.644,74.9,162,0.0328,NA,"K04775",0.996972754793138,1,FALSE,FALSE,FALSE,FALSE
"K21757",0.493,0,0.0107,83.3,32.3,0.18,NA,"K21757",0.428571428571429,1,FALSE,FALSE,FALSE,FALSE
"K05847",0.662,0,0.748,-16.6,51.7,0.0228,NA,"K05847",0.996972754793138,1,FALSE,FALSE,FALSE,FALSE
"K05846",0.677,0,0.253,-56.3,49.2,0.0809,NA,"K05845,K05846",0.97986057319907,1,FALSE,FALSE,FALSE,FALSE
"K19586",0.114,0,0.339,48,50.1,0.0678,NA,"K19586",0.996972754793138,1,FALSE,FALSE,FALSE,FALSE
"K19585",0.114,0,0.339,48,50.1,0.0678,NA,"K19585",0.996972754793138,1,FALSE,FALSE,FALSE,FALSE
"K19587",0.164,0,0.285,73.3,68.4,0.0757,NA,"K19587",0.996972754793138,1,FALSE,FALSE,FALSE,FALSE
"K08322",0.139,0,0.412,43.9,53.3,0.0582,NA,"K08322",0.996972754793138,1,FALSE,FALSE,FALSE,FALSE
"K08173",0.139,0,0.331,56.8,58.3,0.069,NA,"K08173",0.996972754793138,1,FALSE,FALSE,FALSE,FALSE
"K22293",0.269,0,0.448,22.7,29.8,0.0539,NA,"K22293",0.996972754793138,1,FALSE,FALSE,FALSE,FALSE
"K14063",0.383,0,0.41,18.9,22.9,0.0584,NA,"K14063",0.996972754793138,1,FALSE,FALSE,FALSE,FALSE
"K00146",0.279,0,0.942,2.46,34.1,0.00512,NA,"K00146",0.996972754793138,1,FALSE,FALSE,FALSE,FALSE
"K00276",0.154,0,0.958,1.49,28.2,0.00375,NA,"K00276",0.996972754793138,1,FALSE,FALSE,FALSE,FALSE
"K02618",0.313,0,0.983,-0.69,31.4,0.00156,NA,"K02618",0.996972754793138,1,FALSE,FALSE,FALSE,FALSE
"K02609",0.393,0,0.984,0.619,31,0.00142,NA,"K02609,K02610,K02611,K02612",0.996972754793138,1,FALSE,FALSE,FALSE,FALSE
"K15866",0.418,0,0.629,14.2,29.3,0.0343,NA,"K15866",0.996972754793138,1,FALSE,FALSE,FALSE,FALSE
"K02614",0.403,0,0.99,-0.38,29.8,0.000904,NA,"K02614",0.996978851963746,1,FALSE,FALSE,FALSE,FALSE
"K07823",0.478,0,0.664,-16.2,37.3,0.0308,NA,"K07823",0.996972754793138,1,FALSE,FALSE,FALSE,FALSE
"K01912",0.403,0,0.97,1.16,30.4,0.00271,NA,"K01912",0.996972754793138,1,FALSE,FALSE,FALSE,FALSE
"K02616",0.294,0,0.219,32.2,26.1,0.0872,NA,"K02616",0.958005249343832,1,FALSE,FALSE,FALSE,FALSE
"K02617",0.184,0,0.637,-15.1,31.9,0.0335,NA,"K02617",0.996972754793138,1,FALSE,FALSE,FALSE,FALSE
"K08566",0.0398,0,0.671,26,61.2,0.0301,NA,"K08566",0.996972754793138,1,FALSE,FALSE,FALSE,FALSE
"K05594",0.328,0,0.0144,214,86.7,0.172,NA,"K05594",0.483221476510067,1,FALSE,FALSE,FALSE,FALSE
"K23239",0.343,0,0.68,-13.9,33.7,0.0292,NA,"K23239",0.996972754793138,1,FALSE,FALSE,FALSE,FALSE
"K05876",0.0647,0,0.869,15.3,93,0.0117,NA,"K05876",0.996972754793138,1,FALSE,FALSE,FALSE,FALSE
"K05358",0.204,0,0.0544,-63.1,32.6,0.136,NA,"K05358",0.704834605597964,1,FALSE,FALSE,FALSE,FALSE
"K02623",0.318,0,0.0567,71.9,37.5,0.135,NA,"K02623",0.710526315789474,1,FALSE,FALSE,FALSE,FALSE
"K25986",0.284,0,0.459,-56.4,76,0.0525,NA,"K25986",0.996972754793138,1,FALSE,FALSE,FALSE,FALSE
"K03929",0.219,0,0.783,10.1,36.6,0.0196,NA,"K03929",0.996972754793138,1,FALSE,FALSE,FALSE,FALSE
"K10013",0.129,0,0.885,-6,41.3,0.0103,NA,"K10013",0.996972754793138,1,FALSE,FALSE,FALSE,FALSE
"K03304",0.199,0,0.743,-7.63,23.3,0.0232,NA,"K03304",0.996972754793138,1,FALSE,FALSE,FALSE,FALSE
"K16868",0.149,0,0.45,51.2,67.8,0.0535,NA,"K16868",0.996972754793138,1,FALSE,FALSE,FALSE,FALSE
"K24847",0.274,0,0.318,-49.6,49.6,0.0707,NA,"K24847",0.996972754793138,1,FALSE,FALSE,FALSE,FALSE
"K01996",0.706,0,0.633,-35.5,74.2,0.0339,NA,"K01996",0.996972754793138,1,FALSE,FALSE,FALSE,FALSE
"K03712",0.219,0,0.328,-52.1,53.1,0.0693,NA,"K03712",0.996972754793138,1,FALSE,FALSE,FALSE,FALSE
"K08159",0.169,0,0.62,-25.9,52.2,0.0352,NA,"K08159",0.996972754793138,1,FALSE,FALSE,FALSE,FALSE
"K22129",0.199,0,0.593,-12.9,24.1,0.0379,NA,"K22129",0.996972754793138,1,FALSE,FALSE,FALSE,FALSE
"K22024",0.308,0,0.568,-12.8,22.4,0.0405,NA,"K22024",0.996972754793138,1,FALSE,FALSE,FALSE,FALSE
"K08324",0.199,0,0.2,-44.1,34.3,0.0907,NA,"K08324",0.938086303939963,1,FALSE,FALSE,FALSE,FALSE
"K08994",0.393,0,0.336,-32.4,33.6,0.0682,NA,"K08994",0.996972754793138,1,FALSE,FALSE,FALSE,FALSE
"K00598",0.408,0,0.211,-69.4,55.4,0.0885,NA,"K00598",0.946188340807175,1,FALSE,FALSE,FALSE,FALSE
"K12945",0.383,0,0.415,33.7,41.3,0.0578,NA,"K12945",0.996972754793138,1,FALSE,FALSE,FALSE,FALSE
"K21975",0.0597,0,0.866,-10.3,61.4,0.0119,NA,"K21975",0.996972754793138,1,FALSE,FALSE,FALSE,FALSE
"K13688",0.313,0,0.33,26.3,27,0.069,NA,"K13688",0.996972754793138,1,FALSE,FALSE,FALSE,FALSE
"K07810",0.214,0,0.792,8.7,32.9,0.0187,NA,"K07810",0.996972754793138,1,FALSE,FALSE,FALSE,FALSE
"K07665",0.294,0,0.514,25.4,38.8,0.0463,NA,"K07665",0.996972754793138,1,FALSE,FALSE,FALSE,FALSE
"K07644",0.284,0,0.85,7.44,39.2,0.0134,NA,"K07644",0.996972754793138,1,FALSE,FALSE,FALSE,FALSE
"K08169",0.149,0,0.327,-51.7,52.6,0.0695,NA,"K08169",0.996972754793138,1,FALSE,FALSE,FALSE,FALSE
"K06044",0.403,0,0.32,-42.2,42.4,0.0705,NA,"K01236,K06044",0.996972754793138,1,FALSE,FALSE,FALSE,FALSE
"K22958",0.0647,0,0.109,77.6,48.1,0.113,NA,"K22958",0.84016393442623,1,FALSE,FALSE,FALSE,FALSE
"K03805",0.174,0,0.765,-16.2,53.9,0.0212,NA,"K03805",0.996972754793138,1,FALSE,FALSE,FALSE,FALSE
"K02810",0.194,0,0.486,-20.7,29.7,0.0494,NA,"K02810",0.996972754793138,1,FALSE,FALSE,FALSE,FALSE
"K16077",0.139,0,0.262,32.4,28.8,0.0794,NA,"K16077",0.987654320987654,1,FALSE,FALSE,FALSE,FALSE
"K06016",0.522,0,0.637,-15,31.8,0.0335,NA,"K06016",0.996972754793138,1,FALSE,FALSE,FALSE,FALSE
"K08167",0.328,0,0.539,19.4,31.6,0.0436,NA,"K08167",0.996972754793138,1,FALSE,FALSE,FALSE,FALSE
"K00370",0.294,0,0.00157,88.2,27.5,0.222,NA,"K00370,K00371,K00373,K00374",0.261666666666667,1,FALSE,FALSE,FALSE,FALSE
"K11616",0.249,0,0.738,-9.19,27.4,0.0237,NA,"K11616",0.996972754793138,1,FALSE,FALSE,FALSE,FALSE
"K11208",0.214,0,0.0908,76,44.7,0.12,NA,"K11208",0.796847635726795,1,FALSE,FALSE,FALSE,FALSE
"K28525",0.239,0,0.441,18.2,23.6,0.0546,NA,"K28525",0.996972754793138,1,FALSE,FALSE,FALSE,FALSE
"K21613",0.174,0,0.311,52.1,51.3,0.0718,NA,"K21613",0.996972754793138,1,FALSE,FALSE,FALSE,FALSE
"K11738",0.194,0,0.158,-64.9,45.8,0.0999,NA,"K11738",0.874049945711183,1,FALSE,FALSE,FALSE,FALSE
"K13654",0.229,0,0.244,35.5,30.4,0.0825,NA,"K13654",0.967614533965245,1,FALSE,FALSE,FALSE,FALSE
"K00137",0.358,0,0.0148,101,41.2,0.172,NA,"K00137",0.483660130718954,1,FALSE,FALSE,FALSE,FALSE
"K02053",0.557,0,0.267,52.5,47.2,0.0786,NA,"K02053",0.987654320987654,1,FALSE,FALSE,FALSE,FALSE
"K03737",0.0896,0,0.955,-3.29,58,0.00402,NA,"K03737",0.996972754793138,1,FALSE,FALSE,FALSE,FALSE
"K21023",0.527,0,0.931,3.9,45.1,0.00613,NA,"K21023",0.996972754793138,1,FALSE,FALSE,FALSE,FALSE
"K14053",0.0448,0,0.519,49.1,76,0.0457,NA,"K14053",0.996972754793138,1,FALSE,FALSE,FALSE,FALSE
"K10231",0.0597,0,0.32,43.1,43.3,0.0705,NA,"K10231",0.996972754793138,1,FALSE,FALSE,FALSE,FALSE
"K22597",0.0945,0,0.39,37.7,43.8,0.0609,NA,"K22597",0.996972754793138,1,FALSE,FALSE,FALSE,FALSE
"K18143",0.144,0,0.55,25.4,42.3,0.0424,NA,"K18143",0.996972754793138,1,FALSE,FALSE,FALSE,FALSE
"K18144",0.169,0,0.756,13.1,42.2,0.022,NA,"K18144",0.996972754793138,1,FALSE,FALSE,FALSE,FALSE
"K18146",0.0647,0,0.895,5.87,44.6,0.00933,NA,"K18146",0.996972754793138,1,FALSE,FALSE,FALSE,FALSE
"K00208",0.547,0,0.683,22.2,54.3,0.029,NA,"K00208",0.996972754793138,1,FALSE,FALSE,FALSE,FALSE
"K13816",0.149,0,0.0996,-109,65.9,0.116,NA,"K13816",0.819672131147541,1,FALSE,FALSE,FALSE,FALSE
"K11250",0.199,0,0.493,-26.7,38.9,0.0487,NA,"K11250",0.996972754793138,1,FALSE,FALSE,FALSE,FALSE
"K15583",0.174,0,0.141,109,73.9,0.104,NA,"K15583",0.855646100116414,1,FALSE,FALSE,FALSE,FALSE
"K07673",0.184,0,0.037,75.1,35.8,0.147,NA,"K07673",0.64657980456026,1,FALSE,FALSE,FALSE,FALSE
"K07684",0.239,0,0.0379,67.3,32.2,0.147,NA,"K07684",0.64657980456026,1,FALSE,FALSE,FALSE,FALSE
"K06039",0.0896,0,0.24,132,112,0.0833,NA,"K00112,K06039",0.967614533965245,1,FALSE,FALSE,FALSE,FALSE
"K07232",0.413,0,0.845,-18.1,92.2,0.0139,NA,"K07232",0.996972754793138,1,FALSE,FALSE,FALSE,FALSE
"K06197",0.204,0,0.0041,82.4,28.4,0.202,NA,"K06197",0.333064516129032,1,FALSE,FALSE,FALSE,FALSE
"K07300",0.532,0,0.221,35.5,28.9,0.0867,NA,"K07300",0.958727429062769,1,FALSE,FALSE,FALSE,FALSE
"K21744",0.299,0,0.188,50.8,38.5,0.0931,NA,"K21744",0.922473012757606,1,FALSE,FALSE,FALSE,FALSE
"K07169",0.0945,0,0.567,-31.2,54.5,0.0406,NA,"K07169",0.996972754793138,1,FALSE,FALSE,FALSE,FALSE
"K21087",0.308,0,0.0329,-243,113,0.151,NA,"K21087",0.64657980456026,1,FALSE,FALSE,FALSE,FALSE
"K02796",0.0846,0,0.333,140,144,0.0686,NA,"K02796",0.996972754793138,1,FALSE,FALSE,FALSE,FALSE
"K23242",0.249,0,0.133,-89.3,59.2,0.106,NA,"K23242",0.855646100116414,1,FALSE,FALSE,FALSE,FALSE
"K07313",0.0647,0,0.768,30,101,0.0209,NA,"K07313",0.996972754793138,1,FALSE,FALSE,FALSE,FALSE
"K07245",0.274,0,0.0638,-91.3,49,0.131,NA,"K07245",0.731651376146789,1,FALSE,FALSE,FALSE,FALSE
"K07156",0.522,0,0.705,-16.4,43.3,0.0269,NA,"K07156",0.996972754793138,1,FALSE,FALSE,FALSE,FALSE
"K02345",0.0896,0,0.511,35.2,53.5,0.0466,NA,"K02345",0.996972754793138,1,FALSE,FALSE,FALSE,FALSE
"K10857",0.154,0,0.813,13.3,56.1,0.0168,NA,"K10857",0.996972754793138,1,FALSE,FALSE,FALSE,FALSE
"K03516",0.0746,0,0.645,40.9,88.6,0.0327,NA,"K03516",0.996972754793138,1,FALSE,FALSE,FALSE,FALSE
"K05875",0.0647,0,0.869,15.3,93,0.0117,NA,"K05875",0.996972754793138,1,FALSE,FALSE,FALSE,FALSE
"K27078",0.164,0,0.461,21.2,28.7,0.0523,NA,"K27078",0.996972754793138,1,FALSE,FALSE,FALSE,FALSE
"K02402",0.149,0,0.132,79.1,52.4,0.106,NA,"K02402",0.855646100116414,1,FALSE,FALSE,FALSE,FALSE
"K02403",0.144,0,0.15,101,69.7,0.102,NA,"K02403",0.862068965517241,1,FALSE,FALSE,FALSE,FALSE
"K01087",0.373,0,0.0442,98.3,48.5,0.142,NA,"K01087",0.65922619047619,1,FALSE,FALSE,FALSE,FALSE
"K10538",0.308,0,0.539,24.1,39.3,0.0435,NA,"K10537,K10538,K10539",0.996972754793138,1,FALSE,FALSE,FALSE,FALSE
"K07782",0.164,0,0.678,-63.5,152,0.0295,NA,"K07782",0.996972754793138,1,FALSE,FALSE,FALSE,FALSE
"K10010",0.438,0,0.344,-51.2,54,0.0671,NA,"K10010",0.996972754793138,1,FALSE,FALSE,FALSE,FALSE
"K10009",0.552,0,0.68,-16.8,40.6,0.0292,NA,"K10009",0.996972754793138,1,FALSE,FALSE,FALSE,FALSE
"K05396",0.254,0,0.274,50.1,45.6,0.0776,NA,"K05396",0.991316931982634,1,FALSE,FALSE,FALSE,FALSE
"K02424",0.438,0,0.549,-18.7,31.2,0.0425,NA,"K02424",0.996972754793138,1,FALSE,FALSE,FALSE,FALSE
"K02425",0.0647,0,0.869,15.3,93,0.0117,NA,"K02425",0.996972754793138,1,FALSE,FALSE,FALSE,FALSE
"K02423",0.428,0,0.698,14.1,36.1,0.0276,NA,"K02423",0.996972754793138,1,FALSE,FALSE,FALSE,FALSE
"K07781",0.0647,0,0.333,-78.2,80.5,0.0686,NA,"K07781",0.996972754793138,1,FALSE,FALSE,FALSE,FALSE
"K07458",0.259,0,0.291,29.3,27.7,0.0749,NA,"K07458",0.996972754793138,1,FALSE,FALSE,FALSE,FALSE
"K07701",0.0647,0,0.768,30,101,0.0209,NA,"K07701",0.996972754793138,1,FALSE,FALSE,FALSE,FALSE
"K07703",0.0647,0,0.768,30,101,0.0209,NA,"K07703",0.996972754793138,1,FALSE,FALSE,FALSE,FALSE
"K28482",0.0647,0,0.768,30,101,0.0209,NA,"K28482",0.996972754793138,1,FALSE,FALSE,FALSE,FALSE
"K11106",0.0647,0,0.768,30,101,0.0209,NA,"K11106",0.996972754793138,1,FALSE,FALSE,FALSE,FALSE
"K03288",0.214,0,0.64,15.7,33.6,0.0332,NA,"K03288",0.996972754793138,1,FALSE,FALSE,FALSE,FALSE
"K17737",0.408,0,0.788,-13.4,49.8,0.019,NA,"K17737",0.996972754793138,1,FALSE,FALSE,FALSE,FALSE
"K04093",0.209,0,0.211,-47.3,37.7,0.0886,NA,"K04093",0.946188340807175,1,FALSE,FALSE,FALSE,FALSE
"K18841",0.0597,0,0.825,-8.41,38.1,0.0157,NA,"K18841",0.996972754793138,1,FALSE,FALSE,FALSE,FALSE
"K18842",0.0448,0,0.872,6.26,38.7,0.0115,NA,"K18842",0.996972754793138,1,FALSE,FALSE,FALSE,FALSE
"K07172",0.0647,0,0.272,37.2,33.7,0.0779,NA,"K07172",0.987654320987654,1,FALSE,FALSE,FALSE,FALSE
"K17733",0.194,0,0.938,-2.26,29.1,0.0055,NA,"K17733",0.996972754793138,1,FALSE,FALSE,FALSE,FALSE
"K01023",0.0597,0,0.981,0.947,38.9,0.00173,NA,"K01023",0.996972754793138,1,FALSE,FALSE,FALSE,FALSE
"K01081",0.294,0,0.883,-4.9,33.2,0.0105,NA,"K01081",0.996972754793138,1,FALSE,FALSE,FALSE,FALSE
"K13635",0.179,0,0.731,-23.7,68.7,0.0244,NA,"K13635",0.996972754793138,1,FALSE,FALSE,FALSE,FALSE
"K19338",0.303,0,0.551,13.1,21.9,0.0424,NA,"K19338",0.996972754793138,1,FALSE,FALSE,FALSE,FALSE
"K08172",0.239,0,0.719,-8.75,24.3,0.0255,NA,"K08172",0.996972754793138,1,FALSE,FALSE,FALSE,FALSE
"K01241",0.493,0,0.0476,-171,85.7,0.14,NA,"K01241",0.677966101694915,1,FALSE,FALSE,FALSE,FALSE
"K09961",0.0746,0,0.197,-38.4,29.7,0.0914,NA,"K09961",0.933649289099526,1,FALSE,FALSE,FALSE,FALSE
"K06909",0.174,0,0.768,6.05,20.5,0.0209,NA,"K06909",0.996972754793138,1,FALSE,FALSE,FALSE,FALSE
"K14744",0.159,0,0.515,-20.7,31.7,0.0462,NA,"K14744",0.996972754793138,1,FALSE,FALSE,FALSE,FALSE
"K07455",0.0647,0,0.266,32.8,29.4,0.0788,NA,"K07455",0.987654320987654,1,FALSE,FALSE,FALSE,FALSE
"K14052",0.453,0,0.626,12.4,25.5,0.0346,NA,"K14052",0.996972754793138,1,FALSE,FALSE,FALSE,FALSE
"K16703",0.174,0,0.948,2.05,31.2,0.00467,NA,"K16703",0.996972754793138,1,FALSE,FALSE,FALSE,FALSE
"K16710",0.239,0,0.348,-22.2,23.7,0.0665,NA,"K16710",0.996972754793138,1,FALSE,FALSE,FALSE,FALSE
"K16695",0.0547,0,0.845,-10.1,51.5,0.0139,NA,"K16695",0.996972754793138,1,FALSE,FALSE,FALSE,FALSE
"K03208",0.289,0,0.925,2.44,25.8,0.0067,NA,"K03208",0.996972754793138,1,FALSE,FALSE,FALSE,FALSE
"K03818",0.139,0,0.309,35.6,34.9,0.0721,NA,"K03818",0.996972754793138,1,FALSE,FALSE,FALSE,FALSE
"K13684",0.0448,0,0.449,61.1,80.4,0.0537,NA,"K13684",0.996972754793138,1,FALSE,FALSE,FALSE,FALSE
"K03819",0.0448,0,0.478,58.4,82.1,0.0504,NA,"K03819",0.996972754793138,1,FALSE,FALSE,FALSE,FALSE
"K21084",0.279,0,0.704,-18.3,48.2,0.0269,NA,"K21084",0.996972754793138,1,FALSE,FALSE,FALSE,FALSE
"K07799",0.398,0,0.518,-36.1,55.8,0.0459,NA,"K07799",0.996972754793138,1,FALSE,FALSE,FALSE,FALSE
"K07788",0.338,0,0.216,-138,111,0.0876,NA,"K07788",0.951541850220264,1,FALSE,FALSE,FALSE,FALSE
"K07789",0.308,0,0.712,-57.2,155,0.0262,NA,"K07789",0.996972754793138,1,FALSE,FALSE,FALSE,FALSE
"K18326",0.333,0,0.849,-7.48,39.3,0.0135,NA,"K18326",0.996972754793138,1,FALSE,FALSE,FALSE,FALSE
"K07642",0.299,0,0.713,10.7,29.1,0.0261,NA,"K07642",0.996972754793138,1,FALSE,FALSE,FALSE,FALSE
"K07664",0.289,0,0.972,1.11,31.9,0.00246,NA,"K07664",0.996972754793138,1,FALSE,FALSE,FALSE,FALSE
"K11645",0.0846,0,0.272,89.3,81.1,0.0778,NA,"K11645",0.987654320987654,1,FALSE,FALSE,FALSE,FALSE
"K21449",0.219,0,0.413,-23.5,28.6,0.0581,NA,"K21449",0.996972754793138,1,FALSE,FALSE,FALSE,FALSE
"K01486",0.313,0,0.827,-11.8,53.9,0.0155,NA,"K01486",0.996972754793138,1,FALSE,FALSE,FALSE,FALSE
"K23243",0.318,0,0.614,21.8,43.2,0.0358,NA,"K23243",0.996972754793138,1,FALSE,FALSE,FALSE,FALSE
"K07262",0.363,0,0.992,-1.34,142,0.000672,NA,"K07262",0.996987951807229,1,FALSE,FALSE,FALSE,FALSE
"K02757",0.149,0,0.329,-44.4,45.4,0.0692,NA,"K02757",0.996972754793138,1,FALSE,FALSE,FALSE,FALSE
"K03488",0.124,0,0.575,-28.4,50.7,0.0397,NA,"K03488",0.996972754793138,1,FALSE,FALSE,FALSE,FALSE
"K09470",0.0647,0,0.768,30,101,0.0209,NA,"K09470",0.996972754793138,1,FALSE,FALSE,FALSE,FALSE
"K10541",0.144,0,0.953,-5.76,97.9,0.00417,NA,"K10540,K10541,K10542",0.996972754793138,1,FALSE,FALSE,FALSE,FALSE
"K11733",0.249,0,0.841,8.82,44,0.0142,NA,"K11733",0.996972754793138,1,FALSE,FALSE,FALSE,FALSE
"K19803",0.119,0,0.611,44.1,86.6,0.0361,NA,"K19803",0.996972754793138,1,FALSE,FALSE,FALSE,FALSE
"K08276",0.229,0,0.432,-32.5,41.3,0.0558,NA,"K08276",0.996972754793138,1,FALSE,FALSE,FALSE,FALSE
"K03919",0.348,0,0.148,105,72.5,0.102,NA,"K03919",0.859284890426759,1,FALSE,FALSE,FALSE,FALSE
"K07687",0.234,0,0.996,0.179,32.1,0.000395,NA,"K07687",0.998396150761828,1,FALSE,FALSE,FALSE,FALSE
"K07677",0.149,0,0.458,26.5,35.6,0.0526,NA,"K07677",0.996972754793138,1,FALSE,FALSE,FALSE,FALSE
"K00113",0.0945,0,0.415,71.6,87.6,0.0578,NA,"K00113",0.996972754793138,1,FALSE,FALSE,FALSE,FALSE
"K07649",0.488,0,0.493,20.8,30.3,0.0486,NA,"K07649",0.996972754793138,1,FALSE,FALSE,FALSE,FALSE
"K01911",0.323,0,0.339,100,105,0.0678,NA,"K01911",0.996972754793138,1,FALSE,FALSE,FALSE,FALSE
"K00343",0.647,0,0.777,-27.9,98.5,0.0201,NA,"K00337,K00338,K00339,K00340,K00341,K00343",0.996972754793138,1,FALSE,FALSE,FALSE,FALSE
"K00342",0.572,0,0.976,-3.74,124,0.00214,NA,"K00342",0.996972754793138,1,FALSE,FALSE,FALSE,FALSE
"K00336",0.458,0,0.342,-48.1,50.5,0.0674,NA,"K00336",0.996972754793138,1,FALSE,FALSE,FALSE,FALSE
"K00335",0.592,0,0.903,-14.9,122,0.00863,NA,"K00334,K00335",0.996972754793138,1,FALSE,FALSE,FALSE,FALSE
"K13378",0.294,0,0.913,15,137,0.00774,NA,"K13378",0.996972754793138,1,FALSE,FALSE,FALSE,FALSE
"K00331",0.622,0,0.825,-21.9,98.7,0.0157,NA,"K00331",0.996972754793138,1,FALSE,FALSE,FALSE,FALSE
"K00330",0.642,0,0.159,117,83.1,0.0996,NA,"K00330",0.874049945711183,1,FALSE,FALSE,FALSE,FALSE
"K10017",0.204,0,0.629,51.1,106,0.0343,NA,"K10017",0.996972754793138,1,FALSE,FALSE,FALSE,FALSE
"K10015",0.209,0,0.999,-0.08,74.7,7.59e-05,NA,"K10015,K10016",0.999599759855914,1,FALSE,FALSE,FALSE,FALSE
"K10014",0.0846,0,0.433,57.9,73.7,0.0556,NA,"K10014",0.996972754793138,1,FALSE,FALSE,FALSE,FALSE
"K21990",0.289,0,0.453,-25.5,34,0.0532,NA,"K21990",0.996972754793138,1,FALSE,FALSE,FALSE,FALSE
"K14261",0.368,0,0.0685,193,105,0.129,NA,"K14261",0.754405286343612,1,FALSE,FALSE,FALSE,FALSE
"K27884",0.124,0,0.236,-108,90.7,0.084,NA,"K27884,K27885",0.96419853539463,1,FALSE,FALSE,FALSE,FALSE
"K04103",0.0796,0,0.475,-39.1,54.6,0.0507,NA,"K04103",0.996972754793138,1,FALSE,FALSE,FALSE,FALSE
"K19265",0.572,0,0.771,13.4,45.8,0.0207,NA,"K19265",0.996972754793138,1,FALSE,FALSE,FALSE,FALSE
"K03322",0.507,0,0.821,-6,26.5,0.0161,NA,"K03322",0.996972754793138,1,FALSE,FALSE,FALSE,FALSE
"K02045",0.592,0,0.0991,86.7,52.3,0.117,NA,"K02045,K02046,K02047",0.819672131147541,1,FALSE,FALSE,FALSE,FALSE
"K02048",0.299,0,0.979,-2.81,106,0.00189,NA,"K02048",0.996972754793138,1,FALSE,FALSE,FALSE,FALSE
"K17209",0.0398,0,0.302,58.8,56.8,0.0731,NA,"K17208,K17209,K17210",0.996972754793138,1,FALSE,FALSE,FALSE,FALSE
"K15835",0.109,0,0.903,-6.67,54.7,0.00864,NA,"K15835",0.996972754793138,1,FALSE,FALSE,FALSE,FALSE
"K03214",0.104,0,0.677,76.8,184,0.0296,NA,"K03214",0.996972754793138,1,FALSE,FALSE,FALSE,FALSE
"K05811",0.0796,0,0.547,-35.4,58.7,0.0427,NA,"K05811",0.996972754793138,1,FALSE,FALSE,FALSE,FALSE
"K03761",0.468,0,0.976,1.07,35.2,0.00215,NA,"K03761",0.996972754793138,1,FALSE,FALSE,FALSE,FALSE
"K21021",0.284,0,0.548,-19.9,33,0.0426,NA,"K21021",0.996972754793138,1,FALSE,FALSE,FALSE,FALSE
"K28191",0.0547,0,0.514,24.8,38,0.0463,NA,"K28191",0.996972754793138,1,FALSE,FALSE,FALSE,FALSE
"K22300",0.0647,0,0.747,-16.2,50.1,0.0229,NA,"K22300",0.996972754793138,1,FALSE,FALSE,FALSE,FALSE
"K14059",0.303,0,0.728,5.61,16.1,0.0247,NA,"K14059",0.996972754793138,1,FALSE,FALSE,FALSE,FALSE
"K18838",0.0697,0,0.931,4.26,49.4,0.00611,NA,"K18838",0.996972754793138,1,FALSE,FALSE,FALSE,FALSE
"K02381",0.0746,0,0.649,-22.4,49.1,0.0323,NA,"K02381",0.996972754793138,1,FALSE,FALSE,FALSE,FALSE
"K06191",0.299,0,0.0944,168,100,0.118,NA,"K06191",0.806837606837607,1,FALSE,FALSE,FALSE,FALSE
"K03647",0.338,0,0.596,45.6,85.8,0.0377,NA,"K03647",0.996972754793138,1,FALSE,FALSE,FALSE,FALSE
"K15974",0.0846,0,0.5,72.3,107,0.0478,NA,"K15974",0.996972754793138,1,FALSE,FALSE,FALSE,FALSE
"K02077",0.323,0,0.415,24.8,30.3,0.0579,NA,"K02077",0.996972754793138,1,FALSE,FALSE,FALSE,FALSE
"K02075",0.274,0,0.278,33.5,30.8,0.0769,NA,"K02075",0.99214846538187,1,FALSE,FALSE,FALSE,FALSE
"K02783",0.0945,0,0.165,57.2,41,0.0984,NA,"K02781,K02782,K02783",0.882978723404255,1,FALSE,FALSE,FALSE,FALSE
"K00068",0.0547,0,0.265,59.8,53.5,0.0789,NA,"K00068",0.987654320987654,1,FALSE,FALSE,FALSE,FALSE
"K07241",0.184,0,0.604,25.8,49.7,0.0368,NA,"K07241",0.996972754793138,1,FALSE,FALSE,FALSE,FALSE
"K02753",0.0945,0,0.877,7.34,47.3,0.011,NA,"K02753",0.996972754793138,1,FALSE,FALSE,FALSE,FALSE
"K15834",0.0597,0,0.848,-10,52.2,0.0136,NA,"K15834",0.996972754793138,1,FALSE,FALSE,FALSE,FALSE
"K21759",0.0498,0,0.245,87.3,74.8,0.0824,NA,"K21759",0.967614533965245,1,FALSE,FALSE,FALSE,FALSE
"K01612",0.0498,0,0.245,87.3,74.8,0.0824,NA,"K01612",0.967614533965245,1,FALSE,FALSE,FALSE,FALSE
"K22489",0.0846,0,0.000457,160,44.9,0.245,NA,"K22489",0.180384615384615,1,FALSE,FALSE,FALSE,FALSE
"K09612",0.149,0,0.239,55.2,46.7,0.0834,NA,"K09612",0.966046887631366,1,FALSE,FALSE,FALSE,FALSE
"K00951",0.433,0,0.293,47.7,45.2,0.0746,NA,"K00951",0.996972754793138,1,FALSE,FALSE,FALSE,FALSE
"K01706",0.408,0,0.303,-32.3,31.3,0.073,NA,"K01706",0.996972754793138,1,FALSE,FALSE,FALSE,FALSE
"K03535",0.333,0,0.603,-19.9,38.3,0.0369,NA,"K03535",0.996972754793138,1,FALSE,FALSE,FALSE,FALSE
"K02681",0.0647,0,0.71,30.8,82.7,0.0264,NA,"K02681",0.996972754793138,1,FALSE,FALSE,FALSE,FALSE
"K08227",0.144,0,0.934,15.3,184,0.0059,NA,"K08227",0.996972754793138,1,FALSE,FALSE,FALSE,FALSE
"K10193",0.109,0,0.722,-16.3,45.7,0.0253,NA,"K10193",0.996972754793138,1,FALSE,FALSE,FALSE,FALSE
"K10194",0.109,0,0.722,-16.3,45.7,0.0253,NA,"K10194",0.996972754793138,1,FALSE,FALSE,FALSE,FALSE
"K10192",0.109,0,0.722,-16.3,45.7,0.0253,NA,"K10192",0.996972754793138,1,FALSE,FALSE,FALSE,FALSE
"K02532",0.124,0,0.489,22.2,32,0.0491,NA,"K02532",0.996972754793138,1,FALSE,FALSE,FALSE,FALSE
"K02100",0.104,0,0.0642,97.9,52.6,0.131,NA,"K02100",0.734018264840183,1,FALSE,FALSE,FALSE,FALSE
"K01730",0.0547,0,0.526,68.7,108,0.045,NA,"K01730",0.996972754793138,1,FALSE,FALSE,FALSE,FALSE
"K07217",0.279,0,0.0458,-66.3,33,0.141,NA,"K07217",0.667151162790698,1,FALSE,FALSE,FALSE,FALSE
"K05343",0.353,0,0.351,40.7,43.5,0.0661,NA,"K05343",0.996972754793138,1,FALSE,FALSE,FALSE,FALSE
"K19168",0.269,0,0.385,23.6,27.1,0.0616,NA,"K19168",0.996972754793138,1,FALSE,FALSE,FALSE,FALSE
"K07387",0.189,0,0.435,-42,53.7,0.0554,NA,"K07387",0.996972754793138,1,FALSE,FALSE,FALSE,FALSE
"K18093",0.204,0,0.543,-43.6,71.6,0.0431,NA,"K18093",0.996972754793138,1,FALSE,FALSE,FALSE,FALSE
"K06989",0.234,0,0.142,53.7,36.4,0.104,NA,"K06989",0.855646100116414,1,FALSE,FALSE,FALSE,FALSE
"K05710",0.373,0,0.154,53.4,37.3,0.101,NA,"K05710",0.8710407239819,1,FALSE,FALSE,FALSE,FALSE
"K05966",0.0846,0,0.199,-119,92.1,0.0909,NA,"K05966",0.936911487758946,1,FALSE,FALSE,FALSE,FALSE
"K01643",0.0498,0,0.486,-59.7,85.6,0.0494,NA,"K01643",0.996972754793138,1,FALSE,FALSE,FALSE,FALSE
"K01644",0.532,0,0.342,29.4,30.9,0.0673,NA,"K01644",0.996972754793138,1,FALSE,FALSE,FALSE,FALSE
"K07700",0.0647,0,0.291,-93.4,88.2,0.0748,NA,"K07700,K07702",0.996972754793138,1,FALSE,FALSE,FALSE,FALSE
"K07150",0.139,0,0.0369,192,91.2,0.147,NA,"K07150",0.64657980456026,1,FALSE,FALSE,FALSE,FALSE
"K11935",0.109,0,0.75,10.6,33.2,0.0226,NA,"K11931,K11935",0.996972754793138,1,FALSE,FALSE,FALSE,FALSE
"K11936",0.279,0,0.996,-0.135,26,0.000369,NA,"K11936",0.998396150761828,1,FALSE,FALSE,FALSE,FALSE
"K11937",0.0945,0,0.753,12.2,38.6,0.0223,NA,"K11937",0.996972754793138,1,FALSE,FALSE,FALSE,FALSE
"K01460",0.0896,0,0.726,14.9,42.4,0.0249,NA,"K01460",0.996972754793138,1,FALSE,FALSE,FALSE,FALSE
"K02430",0.0896,0,0.821,-12.4,54.4,0.0161,NA,"K02430",0.996972754793138,1,FALSE,FALSE,FALSE,FALSE
"K06221",0.413,0,0.134,-49.5,32.9,0.106,NA,"K06221",0.855646100116414,1,FALSE,FALSE,FALSE,FALSE
"K07666",0.408,0,0.667,-22.7,52.8,0.0306,NA,"K07666",0.996972754793138,1,FALSE,FALSE,FALSE,FALSE
"K07645",0.398,0,0.981,1.16,50,0.00165,NA,"K07645",0.996972754793138,1,FALSE,FALSE,FALSE,FALSE
"K03923",0.328,0,0.679,16.2,39.2,0.0294,NA,"K03923",0.996972754793138,1,FALSE,FALSE,FALSE,FALSE
"K15777",0.627,0,0.0417,63.6,31,0.144,NA,"K15777",0.6515625,1,FALSE,FALSE,FALSE,FALSE
"K07238",0.428,0,0.921,-2.47,24.9,0.00703,NA,"K07238",0.996972754793138,1,FALSE,FALSE,FALSE,FALSE
"K03649",0.264,0,0.663,-12.6,28.8,0.0309,NA,"K03649",0.996972754793138,1,FALSE,FALSE,FALSE,FALSE
"K07229",0.299,0,0.46,-33.5,45.2,0.0524,NA,"K07229",0.996972754793138,1,FALSE,FALSE,FALSE,FALSE
"K09251",0.124,0,0.877,-10.4,67.3,0.0109,NA,"K09251",0.996972754793138,1,FALSE,FALSE,FALSE,FALSE
"K11530",0.194,0,0.191,-41.1,31.3,0.0926,NA,"K11530",0.927342256214149,1,FALSE,FALSE,FALSE,FALSE
"K08321",0.0647,0,0.191,80.1,61,0.0926,NA,"K08321,K10555,K10556,K10557,K10558,K11216",0.927342256214149,1,FALSE,FALSE,FALSE,FALSE
"K11531",0.0846,0,0.636,23,48.5,0.0336,NA,"K11531",0.996972754793138,1,FALSE,FALSE,FALSE,FALSE
"K26607",0.0398,0,0.813,15.7,66.3,0.0168,NA,"K26607",0.996972754793138,1,FALSE,FALSE,FALSE,FALSE
"K26604",0.0547,0,0.93,3.95,45.1,0.0062,NA,"K26604",0.996972754793138,1,FALSE,FALSE,FALSE,FALSE
"K00932",0.0498,0,0.752,-23,72.6,0.0224,NA,"K00932,K03838",0.996972754793138,1,FALSE,FALSE,FALSE,FALSE
"K01630",0.129,0,0.68,15.6,37.8,0.0293,NA,"K01630",0.996972754793138,1,FALSE,FALSE,FALSE,FALSE
"K01708",0.358,0,0.667,-15.1,34.9,0.0306,NA,"K01708",0.996972754793138,1,FALSE,FALSE,FALSE,FALSE
"K07724",0.0846,0,0.596,38,71.4,0.0377,NA,"K07724",0.996972754793138,1,FALSE,FALSE,FALSE,FALSE
"K03814",0.592,0,0.135,-168,112,0.106,NA,"K03814",0.855646100116414,1,FALSE,FALSE,FALSE,FALSE
"K12957",0.129,0,0.925,-3.54,37.6,0.00668,NA,"K12957",0.996972754793138,1,FALSE,FALSE,FALSE,FALSE
"K28825",0.154,0,0.32,86,86.2,0.0705,NA,"K28825",0.996972754793138,1,FALSE,FALSE,FALSE,FALSE
"K03290",0.0448,0,0.911,5.95,52.9,0.00797,NA,"K03290",0.996972754793138,1,FALSE,FALSE,FALSE,FALSE
"K04691",0.333,0,0.791,35.4,133,0.0188,NA,"K04691",0.996972754793138,1,FALSE,FALSE,FALSE,FALSE
"K03623",0.204,0,0.92,3.76,37.4,0.00713,NA,"K03623",0.996972754793138,1,FALSE,FALSE,FALSE,FALSE
"K21695",0.368,0,0.111,-93.6,58.5,0.113,NA,"K21695",0.84016393442623,1,FALSE,FALSE,FALSE,FALSE
"K08996",0.0547,0,0.214,107,86,0.088,NA,"K08996",0.948581560283688,1,FALSE,FALSE,FALSE,FALSE
"K14392",0.129,0,0.907,-14.9,127,0.00832,NA,"K14392",0.996972754793138,1,FALSE,FALSE,FALSE,FALSE
"K13928",0.209,0,0.469,-32.8,45.3,0.0513,NA,"K13928",0.996972754793138,1,FALSE,FALSE,FALSE,FALSE
"K13935",0.219,0,0.992,-0.398,39.5,0.000714,NA,"K13935",0.996987951807229,1,FALSE,FALSE,FALSE,FALSE
"K13934",0.239,0,0.388,-33.6,38.8,0.0613,NA,"K13929,K13930,K13931,K13932,K13933,K13934",0.996972754793138,1,FALSE,FALSE,FALSE,FALSE
"K12516",0.0398,0,0.382,-48.7,55.6,0.062,NA,"K12516",0.996972754793138,1,FALSE,FALSE,FALSE,FALSE
"K07490",0.0796,0,0.168,127,91.4,0.0977,NA,"K07490",0.883264462809917,1,FALSE,FALSE,FALSE,FALSE
"K06155",0.0945,0,0.985,-1.07,56.5,0.00134,NA,"K06155",0.996972754793138,1,FALSE,FALSE,FALSE,FALSE
"K02438",0.438,0,0.73,13.3,38.4,0.0245,NA,"K02438",0.996972754793138,1,FALSE,FALSE,FALSE,FALSE
"K06156",0.104,0,0.789,14,52.4,0.0189,NA,"K06156",0.996972754793138,1,FALSE,FALSE,FALSE,FALSE
"K05816",0.119,0,0.763,-33,109,0.0214,NA,"K05816",0.996972754793138,1,FALSE,FALSE,FALSE,FALSE
"K05815",0.403,0,0.459,23.1,31.1,0.0525,NA,"K05815",0.996972754793138,1,FALSE,FALSE,FALSE,FALSE
"K00823",0.373,0,0.697,12,30.7,0.0276,NA,"K00823",0.996972754793138,1,FALSE,FALSE,FALSE,FALSE
"K27311",0.169,0,0.443,86.4,112,0.0544,NA,"K27311",0.996972754793138,1,FALSE,FALSE,FALSE,FALSE
"K12963",0.179,0,1,0.000581,31.5,1.31e-06,NA,"K12963",1,1,FALSE,FALSE,FALSE,FALSE
"K12962",0.184,0,0.775,-8.89,31,0.0203,NA,"K12962",0.996972754793138,1,FALSE,FALSE,FALSE,FALSE
"K07264",0.174,0,0.381,-26.3,30,0.0622,NA,"K07264",0.996972754793138,1,FALSE,FALSE,FALSE,FALSE
"K13014",0.209,0,0.347,-28.1,29.8,0.0666,NA,"K10012,K13014",0.996972754793138,1,FALSE,FALSE,FALSE,FALSE
"K10011",0.174,0,0.381,-26.3,30,0.0622,NA,"K10011",0.996972754793138,1,FALSE,FALSE,FALSE,FALSE
"K07806",0.169,0,0.292,-31.6,29.9,0.0746,NA,"K07806",0.996972754793138,1,FALSE,FALSE,FALSE,FALSE
"K05794",0.0597,0,0.0391,-89.3,43,0.146,NA,"K05794",0.64657980456026,1,FALSE,FALSE,FALSE,FALSE
"K13021",0.423,0,0.446,25.2,33,0.0541,NA,"K13021",0.996972754793138,1,FALSE,FALSE,FALSE,FALSE
"K16322",0.279,0,0.898,20,156,0.00911,NA,"K16322",0.996972754793138,1,FALSE,FALSE,FALSE,FALSE
"K07290",0.373,0,0.151,110,76.1,0.102,NA,"K07290",0.863844393592677,1,FALSE,FALSE,FALSE,FALSE
"K11103",0.731,0,0.717,23.9,65.8,0.0257,NA,"K11103",0.996972754793138,1,FALSE,FALSE,FALSE,FALSE
"K21602",0.0746,0,0.562,33.1,57,0.0412,NA,"K21602",0.996972754793138,1,FALSE,FALSE,FALSE,FALSE
"K08092",0.104,0,0.934,-3.74,44.8,0.00591,NA,"K08092",0.996972754793138,1,FALSE,FALSE,FALSE,FALSE
"K18673",0.0846,0,0.228,65.8,54.4,0.0855,NA,"K18673",0.95959595959596,1,FALSE,FALSE,FALSE,FALSE
"K03833",0.333,0,0.0489,-47.5,23.9,0.139,NA,"K03833",0.684210526315789,1,FALSE,FALSE,FALSE,FALSE
"K00427",0.0697,0,0.964,-4.07,89.3,0.00323,NA,"K00427",0.996972754793138,1,FALSE,FALSE,FALSE,FALSE
"K14348",0.104,0,0.0443,-169,83.3,0.142,NA,"K14348",0.65922619047619,1,FALSE,FALSE,FALSE,FALSE
"K00005",0.164,0,0.712,-12.1,32.8,0.0262,NA,"K00005",0.996972754793138,1,FALSE,FALSE,FALSE,FALSE
"K01521",0.104,0,0.0702,-167,91.9,0.128,NA,"K01521",0.761388286334056,1,FALSE,FALSE,FALSE,FALSE
"K23163",0.572,0,0.0522,84,43,0.137,NA,"K23163",0.700534759358289,1,FALSE,FALSE,FALSE,FALSE
"K02856",0.119,0,0.759,17.3,56.2,0.0218,NA,"K02856",0.996972754793138,1,FALSE,FALSE,FALSE,FALSE
"K02855",0.0796,0,0.834,14,67,0.0149,NA,"K02855",0.996972754793138,1,FALSE,FALSE,FALSE,FALSE
"K00848",0.214,0,0.96,2.06,41.6,0.00352,NA,"K00848",0.996972754793138,1,FALSE,FALSE,FALSE,FALSE
"K01813",0.109,0,0.942,3.65,50.1,0.00517,NA,"K01813",0.996972754793138,1,FALSE,FALSE,FALSE,FALSE
"K01629",0.0846,0,0.7,-24.4,63.2,0.0273,NA,"K01629",0.996972754793138,1,FALSE,FALSE,FALSE,FALSE
"K10559",0.259,0,0.194,-47.5,36.5,0.092,NA,"K10559",0.927342256214149,1,FALSE,FALSE,FALSE,FALSE
"K10562",0.239,0,0.2,-50.6,39.4,0.0908,NA,"K10562",0.938086303939963,1,FALSE,FALSE,FALSE,FALSE
"K10560",0.249,0,0.305,-42.7,41.5,0.0727,NA,"K10560",0.996972754793138,1,FALSE,FALSE,FALSE,FALSE
"K10561",0.249,0,0.305,-42.7,41.5,0.0727,NA,"K10561",0.996972754793138,1,FALSE,FALSE,FALSE,FALSE
"K02380",0.279,0,0.301,-31.6,30.5,0.0733,NA,"K02380",0.996972754793138,1,FALSE,FALSE,FALSE,FALSE
"K27243",0.0398,0,0.787,13,48.1,0.0192,NA,"K27243",0.996972754793138,1,FALSE,FALSE,FALSE,FALSE
"K18478",0.0796,0,0.334,42.9,44.2,0.0685,NA,"K18478",0.996972754793138,1,FALSE,FALSE,FALSE,FALSE
"K08318",0.0448,0,0.638,-21.9,46.5,0.0334,NA,"K08318",0.996972754793138,1,FALSE,FALSE,FALSE,FALSE
"K01671",0.0398,0,0.989,-0.732,52.4,0.00099,NA,"K01671",0.996975806451613,1,FALSE,FALSE,FALSE,FALSE
"K15922",0.0796,0,0.872,-6.3,39.2,0.0114,NA,"K15922",0.996972754793138,1,FALSE,FALSE,FALSE,FALSE
"K07714",0.0547,0,0.771,-11.7,40.1,0.0207,NA,"K07714",0.996972754793138,1,FALSE,FALSE,FALSE,FALSE
"K02481",0.134,0,0.575,16.3,29.1,0.0398,NA,"K02481",0.996972754793138,1,FALSE,FALSE,FALSE,FALSE
"K03549",0.517,0,0.795,-16.2,62.1,0.0185,NA,"K03549",0.996972754793138,1,FALSE,FALSE,FALSE,FALSE
"K15383",0.129,0,0.145,52.1,35.6,0.103,NA,"K15383",0.855646100116414,1,FALSE,FALSE,FALSE,FALSE
"K20940",0.0597,0,0.183,50.8,38,0.0943,NA,"K20940",0.913173652694611,1,FALSE,FALSE,FALSE,FALSE
"K11475",0.109,0,0.00522,95.8,33.9,0.196,NA,"K11475",0.363194444444444,1,FALSE,FALSE,FALSE,FALSE
"K03862",0.159,0,0.701,9.97,25.9,0.0273,NA,"K03862",0.996972754793138,1,FALSE,FALSE,FALSE,FALSE
"K03863",0.139,0,0.166,40.7,29.3,0.0982,NA,"K03863",0.882978723404255,1,FALSE,FALSE,FALSE,FALSE
"K01768",0.284,0,0.177,47.9,35.3,0.0957,NA,"K01768",0.899390243902439,1,FALSE,FALSE,FALSE,FALSE
"K07010",0.602,0,0.96,-2.01,39.6,0.0036,NA,"K07010",0.996972754793138,1,FALSE,FALSE,FALSE,FALSE
"K07044",0.134,0,0.0141,101,40.9,0.173,NA,"K07044",0.47972972972973,1,FALSE,FALSE,FALSE,FALSE
"K01104",0.284,0,0.983,0.666,30.6,0.00154,NA,"K01104",0.996972754793138,1,FALSE,FALSE,FALSE,FALSE
"K07117",0.109,0,0.988,4.18,282,0.00105,NA,"K07117",0.996972754793138,1,FALSE,FALSE,FALSE,FALSE
"K25901",0.388,0,0.673,25.3,59.9,0.03,NA,"K25901",0.996972754793138,1,FALSE,FALSE,FALSE,FALSE
"K11711",0.0796,0,0.503,63,94,0.0475,NA,"K11711",0.996972754793138,1,FALSE,FALSE,FALSE,FALSE
"K11712",0.0448,0,0.382,81.5,93.1,0.0619,NA,"K11712",0.996972754793138,1,FALSE,FALSE,FALSE,FALSE
"K04090",0.164,0,0.171,-108,78.5,0.0969,NA,"K04090",0.883264462809917,1,FALSE,FALSE,FALSE,FALSE
"K13794",0.0547,0,0.718,14,38.6,0.0256,NA,"K13794",0.996972754793138,1,FALSE,FALSE,FALSE,FALSE
"K13796",0.119,0,0.403,26.7,31.8,0.0593,NA,"K13796",0.996972754793138,1,FALSE,FALSE,FALSE,FALSE
"K13795",0.0647,0,0.678,15.9,38.2,0.0294,NA,"K13795",0.996972754793138,1,FALSE,FALSE,FALSE,FALSE
"K01167",0.204,0,0.385,40.1,46,0.0616,NA,"K01167",0.996972754793138,1,FALSE,FALSE,FALSE,FALSE
"K21019",0.189,0,0.384,58.6,67.1,0.0618,NA,"K21019",0.996972754793138,1,FALSE,FALSE,FALSE,FALSE
"K20034",0.264,0,0.0875,-49.1,28.6,0.121,NA,"K20034",0.796847635726795,1,FALSE,FALSE,FALSE,FALSE
"K06196",0.408,0,0.152,84.5,58.7,0.101,NA,"K06196",0.866590649942988,1,FALSE,FALSE,FALSE,FALSE
"K00003",0.687,0,0.93,11.5,130,0.00625,NA,"K00003",0.996972754793138,1,FALSE,FALSE,FALSE,FALSE
"K03932",0.204,0,0.441,-27.6,35.8,0.0547,NA,"K03932",0.996972754793138,1,FALSE,FALSE,FALSE,FALSE
"K07032",0.473,0,0.5,32.2,47.7,0.0478,NA,"K07032",0.996972754793138,1,FALSE,FALSE,FALSE,FALSE
"K22108",0.254,0,0.0918,72.5,42.8,0.119,NA,"K22108",0.798260869565217,1,FALSE,FALSE,FALSE,FALSE
"K07213",0.398,0,0.939,-2.44,32,0.0054,NA,"K07213",0.996972754793138,1,FALSE,FALSE,FALSE,FALSE
"K07002",0.493,0,0.843,7.4,37.3,0.0141,NA,"K07002",0.996972754793138,1,FALSE,FALSE,FALSE,FALSE
"K09983",0.388,0,0.0188,162,68.3,0.166,NA,"K09983",0.555555555555556,1,FALSE,FALSE,FALSE,FALSE
"K06953",0.279,0,0.359,31.4,34.1,0.065,NA,"K06953",0.996972754793138,1,FALSE,FALSE,FALSE,FALSE
"K07577",0.353,0,0.788,-8.68,32.2,0.0191,NA,"K07577",0.996972754793138,1,FALSE,FALSE,FALSE,FALSE
"K00102",0.269,0,0.961,-2.2,45.5,0.00343,NA,"K00102",0.996972754793138,1,FALSE,FALSE,FALSE,FALSE
"K18118",0.522,0,0.419,-26.5,32.7,0.0574,NA,"K18118",0.996972754793138,1,FALSE,FALSE,FALSE,FALSE
"K01596",0.254,0,0.777,11.3,39.9,0.0201,NA,"K01596",0.996972754793138,1,FALSE,FALSE,FALSE,FALSE
"K04561",0.269,0,0.00022,119,31.5,0.258,NA,"K04561",0.1375,1,FALSE,FALSE,FALSE,FALSE
"K00261",0.149,0,0.76,-14.1,46.3,0.0216,NA,"K00261",0.996972754793138,1,FALSE,FALSE,FALSE,FALSE
"K01455",0.0547,0,0.0697,62.8,34.4,0.128,NA,"K01455",0.761388286334056,1,FALSE,FALSE,FALSE,FALSE
"K15358",0.0896,0,0.86,-10.3,58.2,0.0125,NA,"K15358",0.996972754793138,1,FALSE,FALSE,FALSE,FALSE
"K20449",0.0846,0,0.899,11.4,89.5,0.00904,NA,"K20449",0.996972754793138,1,FALSE,FALSE,FALSE,FALSE
"K09740",0.0846,0,0.899,11.4,89.5,0.00904,NA,"K09740",0.996972754793138,1,FALSE,FALSE,FALSE,FALSE
"K18029",0.159,0,0.0821,56,32.1,0.123,NA,"K18029,K18030",0.78585086042065,1,FALSE,FALSE,FALSE,FALSE
"K00481",0.458,0,0.52,32.9,51,0.0457,NA,"K00481",0.996972754793138,1,FALSE,FALSE,FALSE,FALSE
"K20035",0.463,0,0.71,-41.5,112,0.0264,NA,"K20035",0.996972754793138,1,FALSE,FALSE,FALSE,FALSE
"K08683",0.572,0,0.615,35.4,70.3,0.0357,NA,"K08683",0.996972754793138,1,FALSE,FALSE,FALSE,FALSE
"K12508",0.154,0,0.31,30.3,29.7,0.0719,NA,"K12508",0.996972754793138,1,FALSE,FALSE,FALSE,FALSE
"K20036",0.0498,0,0.988,-1.74,116,0.00107,NA,"K20036",0.996972754793138,1,FALSE,FALSE,FALSE,FALSE
"K01026",0.164,0,0.0296,84,38.3,0.153,NA,"K01026",0.64657980456026,1,FALSE,FALSE,FALSE,FALSE
"K11472",0.363,0,0.337,39.8,41.4,0.068,NA,"K11472",0.996972754793138,1,FALSE,FALSE,FALSE,FALSE
"K11473",0.443,0,0.565,33.8,58.7,0.0408,NA,"K11473",0.996972754793138,1,FALSE,FALSE,FALSE,FALSE
"K02434",0.687,0,0.428,-149,188,0.0562,NA,"K02434,K02435",0.996972754793138,1,FALSE,FALSE,FALSE,FALSE
"K02433",0.711,0,0.279,-75.4,69.4,0.0768,NA,"K02433",0.992176386913229,1,FALSE,FALSE,FALSE,FALSE
"K28060",0.0796,0,0.976,-1.92,63.9,0.00213,NA,"K28060",0.996972754793138,1,FALSE,FALSE,FALSE,FALSE
"K18480",0.393,0,0.418,47.2,58.2,0.0574,NA,"K18480",0.996972754793138,1,FALSE,FALSE,FALSE,FALSE
"K07018",0.542,0,0.71,-63.5,171,0.0264,NA,"K07018",0.996972754793138,1,FALSE,FALSE,FALSE,FALSE
"K00141",0.0995,0,0.171,44.5,32.4,0.0969,NA,"K00141",0.883264462809917,1,FALSE,FALSE,FALSE,FALSE
"K07183",0.378,0,0.898,-7.25,56.7,0.00907,NA,"K07183",0.996972754793138,1,FALSE,FALSE,FALSE,FALSE
"K26139",0.443,0,0.00947,90.2,34.4,0.183,NA,"K26139",0.413793103448276,1,FALSE,FALSE,FALSE,FALSE
"K26138",0.438,0,0.0485,66,33.3,0.139,NA,"K26138",0.681179775280899,1,FALSE,FALSE,FALSE,FALSE
"K07246",0.403,0,0.0411,51.2,24.9,0.144,NA,"K07246",0.6515625,1,FALSE,FALSE,FALSE,FALSE
"K02533",0.463,0,0.965,3.11,70.1,0.00315,NA,"K02533",0.996972754793138,1,FALSE,FALSE,FALSE,FALSE
"K07395",0.229,0,0.366,-29.2,32.3,0.064,NA,"K07395",0.996972754793138,1,FALSE,FALSE,FALSE,FALSE
"K00485",0.0945,0,0.575,19.4,34.6,0.0398,NA,"K00485",0.996972754793138,1,FALSE,FALSE,FALSE,FALSE
"K09386",0.244,0,0.771,-10.5,35.9,0.0207,NA,"K09386",0.996972754793138,1,FALSE,FALSE,FALSE,FALSE
"K07161",0.189,0,0.517,-31.2,48.1,0.0459,NA,"K07161",0.996972754793138,1,FALSE,FALSE,FALSE,FALSE
"K03519",0.194,0,0.598,-18.9,35.8,0.0374,NA,"K03519",0.996972754793138,1,FALSE,FALSE,FALSE,FALSE
"K03520",0.189,0,0.748,-13,40.3,0.0228,NA,"K03520",0.996972754793138,1,FALSE,FALSE,FALSE,FALSE
"K03518",0.189,0,0.748,-13,40.3,0.0228,NA,"K03518",0.996972754793138,1,FALSE,FALSE,FALSE,FALSE
"K06857",0.0498,0,0.000692,292,84.6,0.237,NA,"K06857",0.21625,1,FALSE,FALSE,FALSE,FALSE
"K07219",0.149,0,0.465,26.6,36.3,0.0519,NA,"K07219",0.996972754793138,1,FALSE,FALSE,FALSE,FALSE
"K01041",0.433,0,0.963,3.35,72.8,0.00326,NA,"K01041",0.996972754793138,1,FALSE,FALSE,FALSE,FALSE
"K22186",0.144,0,0.405,23.5,28.1,0.0591,NA,"K22186",0.996972754793138,1,FALSE,FALSE,FALSE,FALSE
"K00523",0.244,0,0.789,-43.7,163,0.019,NA,"K00523",0.996972754793138,1,FALSE,FALSE,FALSE,FALSE
"K28842",0.338,0,0.258,-83.7,73.7,0.0802,NA,"K28842",0.987654320987654,1,FALSE,FALSE,FALSE,FALSE
"K05972",0.244,0,0.216,52.4,42.1,0.0877,NA,"K05972",0.951541850220264,1,FALSE,FALSE,FALSE,FALSE
"K15520",0.164,0,0.491,42.4,61.5,0.0489,NA,"K15520",0.996972754793138,1,FALSE,FALSE,FALSE,FALSE
"K00376",0.169,0,0.843,5.15,26,0.014,NA,"K00376",0.996972754793138,1,FALSE,FALSE,FALSE,FALSE
"K07218",0.179,0,0.901,3.1,24.9,0.00881,NA,"K07218",0.996972754793138,1,FALSE,FALSE,FALSE,FALSE
"K19340",0.164,0,0.854,4.84,26.3,0.013,NA,"K19340",0.996972754793138,1,FALSE,FALSE,FALSE,FALSE
"K19341",0.179,0,0.901,3.1,24.9,0.00881,NA,"K19341",0.996972754793138,1,FALSE,FALSE,FALSE,FALSE
"K19342",0.184,0,0.857,-4.63,25.6,0.0128,NA,"K19342",0.996972754793138,1,FALSE,FALSE,FALSE,FALSE
"K19743",0.0746,0,0.321,51.8,52,0.0704,NA,"K19743",0.996972754793138,1,FALSE,FALSE,FALSE,FALSE
"K07273",0.348,0,0.762,-19.2,63.3,0.0215,NA,"K07273",0.996972754793138,1,FALSE,FALSE,FALSE,FALSE
"K20269",0.0149,0,0.559,-40.3,69,0.0414,NA,"K20269",0.996972754793138,1,FALSE,FALSE,FALSE,FALSE
"K00101",0.299,0,0.595,27.5,51.6,0.0377,NA,"K00101",0.996972754793138,1,FALSE,FALSE,FALSE,FALSE
"K22515",0.0697,0,0.00626,322,116,0.192,NA,"K22515",0.388823529411765,1,FALSE,FALSE,FALSE,FALSE
"K03342",0.134,0,0.00812,287,107,0.186,NA,"K03342",0.404455445544554,1,FALSE,FALSE,FALSE,FALSE
"K26185",0.0796,0,0.0264,89,39.8,0.157,NA,"K26185",0.638095238095238,1,FALSE,FALSE,FALSE,FALSE
"K09703",0.229,0,0.0753,46.1,25.8,0.126,NA,"K09703",0.779503105590062,1,FALSE,FALSE,FALSE,FALSE
"K06923",0.388,0,0.947,-11.9,178,0.00473,NA,"K06923",0.996972754793138,1,FALSE,FALSE,FALSE,FALSE
"K01523",0.547,0,0.442,-52.8,68.6,0.0545,NA,"K01523",0.996972754793138,1,FALSE,FALSE,FALSE,FALSE
"K01496",0.552,0,0.318,-163,162,0.0709,NA,"K01496",0.996972754793138,1,FALSE,FALSE,FALSE,FALSE
"K07399",0.333,0,0.706,-108,284,0.0268,NA,"K07399",0.996972754793138,1,FALSE,FALSE,FALSE,FALSE
"K13522",0.0697,0,0.0116,-126,49.6,0.178,NA,"K13522",0.442748091603053,1,FALSE,FALSE,FALSE,FALSE
"K01464",0.473,0,0.859,5.58,31.4,0.0126,NA,"K01464",0.996972754793138,1,FALSE,FALSE,FALSE,FALSE
"K17723",0.353,0,0.0456,-103,51,0.141,NA,"K17722,K17723",0.666666666666667,1,FALSE,FALSE,FALSE,FALSE
"K13010",0.0746,0,0.831,5.81,27.3,0.0151,NA,"K13010",0.996972754793138,1,FALSE,FALSE,FALSE,FALSE
"K09966",0.0995,0,0.118,68.2,43.4,0.111,NA,"K09966",0.84016393442623,1,FALSE,FALSE,FALSE,FALSE
"K15052",0.313,0,0.13,-48.5,31.9,0.107,NA,"K15052",0.855646100116414,1,FALSE,FALSE,FALSE,FALSE
"K02431",0.244,0,0.866,-6.97,41.2,0.012,NA,"K02431",0.996972754793138,1,FALSE,FALSE,FALSE,FALSE
"K06442",0.423,0,0.605,-87.4,169,0.0367,NA,"K06442",0.996972754793138,1,FALSE,FALSE,FALSE,FALSE
"K18997",0.313,0,0.773,-8.72,30.2,0.0205,NA,"K18997",0.996972754793138,1,FALSE,FALSE,FALSE,FALSE
"K05516",0.303,0,0.98,-0.846,32.9,0.00182,NA,"K05516",0.996972754793138,1,FALSE,FALSE,FALSE,FALSE
"K17218",0.249,0,0.668,10.1,23.6,0.0304,NA,"K17218",0.996972754793138,1,FALSE,FALSE,FALSE,FALSE
"K09959",0.338,0,0.629,-26.6,55,0.0343,NA,"K09959",0.996972754793138,1,FALSE,FALSE,FALSE,FALSE
"K15511",0.0647,0,0.0793,191,109,0.124,NA,"K04110,K15511,K15512,K15513,K15546",0.784046692607004,1,FALSE,FALSE,FALSE,FALSE
"K15514",0.0448,0,0.0405,151,73.3,0.145,NA,"K15514",0.648562300319489,1,FALSE,FALSE,FALSE,FALSE
"K18013",0.0299,0,0.914,-4.94,45.9,0.00764,NA,"K18013",0.996972754793138,1,FALSE,FALSE,FALSE,FALSE
"K17735",0.244,0,0.123,146,94.2,0.109,NA,"K17735",0.84016393442623,1,FALSE,FALSE,FALSE,FALSE
"K03802",0.124,0,0.0305,130,59.8,0.153,NA,"K03802",0.64657980456026,1,FALSE,FALSE,FALSE,FALSE
"K18199",0.209,0,0.48,-20.6,29.1,0.0501,NA,"K18199",0.996972754793138,1,FALSE,FALSE,FALSE,FALSE
"K00612",0.279,0,0.563,28.4,49.1,0.041,NA,"K00612",0.996972754793138,1,FALSE,FALSE,FALSE,FALSE
"K02667",0.249,0,0.171,99.2,72.2,0.0969,NA,"K02667",0.883264462809917,1,FALSE,FALSE,FALSE,FALSE
"K02668",0.209,0,0.071,78.3,43.2,0.128,NA,"K02668",0.763326226012793,1,FALSE,FALSE,FALSE,FALSE
"K07028",0.229,0,0.163,55.1,39.4,0.0987,NA,"K07028",0.880129589632829,1,FALSE,FALSE,FALSE,FALSE
"K02624",0.483,0,0.944,3.9,55.2,0.00501,NA,"K02624",0.996972754793138,1,FALSE,FALSE,FALSE,FALSE
"K02657",0.259,0,0.0362,272,129,0.148,NA,"K02657",0.64657980456026,1,FALSE,FALSE,FALSE,FALSE
"K02658",0.244,0,0.0464,259,129,0.141,NA,"K02658,K02659,K02660,K06596",0.671965317919075,1,FALSE,FALSE,FALSE,FALSE
"K03224",0.0945,0,0.918,-3.21,31,0.00734,NA,"K03224",0.996972754793138,1,FALSE,FALSE,FALSE,FALSE
"K18981",0.279,0,0.418,28,34.5,0.0574,NA,"K18981",0.996972754793138,1,FALSE,FALSE,FALSE,FALSE
"K02484",0.229,0,0.0283,316,143,0.155,NA,"K02484",0.64657980456026,1,FALSE,FALSE,FALSE,FALSE
"K01031",0.214,0,0.652,19.5,43.3,0.032,NA,"K01031,K01032",0.996972754793138,1,FALSE,FALSE,FALSE,FALSE
"K10979",0.592,0,0.639,13.1,27.9,0.0332,NA,"K10979",0.996972754793138,1,FALSE,FALSE,FALSE,FALSE
"K01971",0.552,0,0.447,20,26.2,0.0539,NA,"K01971",0.996972754793138,1,FALSE,FALSE,FALSE,FALSE
"K02049",0.572,0,0.56,17.2,29.5,0.0413,NA,"K02049",0.996972754793138,1,FALSE,FALSE,FALSE,FALSE
"K01470",0.408,0,0.35,23.2,24.8,0.0662,NA,"K01470",0.996972754793138,1,FALSE,FALSE,FALSE,FALSE
"K24206",0.418,0,0.965,-1.59,36.4,0.0031,NA,"K24206",0.996972754793138,1,FALSE,FALSE,FALSE,FALSE
"K28556",0.169,0,0.854,-6.84,37.1,0.0131,NA,"K28556",0.996972754793138,1,FALSE,FALSE,FALSE,FALSE
"K04118",0.164,0,0.269,-43.9,39.6,0.0783,NA,"K04118",0.987654320987654,1,FALSE,FALSE,FALSE,FALSE
"K09922",0.269,0,0.117,96,61,0.111,NA,"K09922",0.84016393442623,1,FALSE,FALSE,FALSE,FALSE
"K02204",0.413,0,0.0965,-86.8,52,0.118,NA,"K02204",0.815126050420168,1,FALSE,FALSE,FALSE,FALSE
"K16267",0.0398,0,0.666,137,316,0.0307,NA,"K16267",0.996972754793138,1,FALSE,FALSE,FALSE,FALSE
"K01551",0.0945,0,0.239,38.1,32.2,0.0835,NA,"K01551",0.966046887631366,1,FALSE,FALSE,FALSE,FALSE
"K02054",0.537,0,0.528,21.4,33.9,0.0447,NA,"K02054",0.996972754793138,1,FALSE,FALSE,FALSE,FALSE
"K02052",0.473,0,0.229,46.2,38.3,0.0851,NA,"K02052",0.959933222036728,1,FALSE,FALSE,FALSE,FALSE
"K18166",0.114,0,0.258,50.6,44.6,0.0802,NA,"K18166",0.987654320987654,1,FALSE,FALSE,FALSE,FALSE
"K00472",0.169,0,0.331,80.8,82.9,0.0689,NA,"K00472",0.996972754793138,1,FALSE,FALSE,FALSE,FALSE
"K27597",0.154,0,0.00429,157,54.4,0.201,NA,"K27597",0.338461538461538,1,FALSE,FALSE,FALSE,FALSE
"K16898",0.303,0,0.0107,356,138,0.18,NA,"K16898",0.428571428571429,1,FALSE,FALSE,FALSE,FALSE
"K28280",0.159,0,0.0441,-46.2,22.8,0.142,NA,"K28280",0.65922619047619,1,FALSE,FALSE,FALSE,FALSE
"K11477",0.259,0,0.706,-10.1,26.7,0.0268,NA,"K11477",0.996972754793138,1,FALSE,FALSE,FALSE,FALSE
"K16422",0.0398,0,0.0787,131,73.9,0.124,NA,"K16422",0.784046692607004,1,FALSE,FALSE,FALSE,FALSE
"K07336",0.393,0,0.119,-64.7,41.3,0.11,NA,"K07336",0.84016393442623,1,FALSE,FALSE,FALSE,FALSE
"K16090",0.378,0,0.0808,-72.7,41.4,0.123,NA,"K16090",0.784466019417476,1,FALSE,FALSE,FALSE,FALSE
"K06919",0.139,0,0.206,29.7,23.4,0.0895,NA,"K06919",0.943482224247949,1,FALSE,FALSE,FALSE,FALSE
"K16319",0.0199,0,0.0492,101,51,0.139,NA,"K16319,K16320",0.684210526315789,1,FALSE,FALSE,FALSE,FALSE
"K06985",0.398,0,0.941,-5.99,81,0.00524,NA,"K06985",0.996972754793138,1,FALSE,FALSE,FALSE,FALSE
"K01469",0.154,0,0.907,7.31,62.4,0.00831,NA,"K01469",0.996972754793138,1,FALSE,FALSE,FALSE,FALSE
"K05570",0.373,0,0.724,12.5,35.3,0.025,NA,"K05570",0.996972754793138,1,FALSE,FALSE,FALSE,FALSE
"K04518",0.617,0,0.715,27.5,75.1,0.0259,NA,"K04518",0.996972754793138,1,FALSE,FALSE,FALSE,FALSE
"K02051",0.587,0,0.789,-8.5,31.8,0.0189,NA,"K02051",0.996972754793138,1,FALSE,FALSE,FALSE,FALSE
"K05603",0.443,0,0.354,42.5,45.7,0.0658,NA,"K05603",0.996972754793138,1,FALSE,FALSE,FALSE,FALSE
"K01458",0.418,0,0.882,-8.96,60.4,0.0105,NA,"K01458",0.996972754793138,1,FALSE,FALSE,FALSE,FALSE
"K03769",0.373,0,0.671,12.4,29.1,0.0302,NA,"K03769",0.996972754793138,1,FALSE,FALSE,FALSE,FALSE
"K07516",0.249,0,0.453,34,45.2,0.0533,NA,"K07516",0.996972754793138,1,FALSE,FALSE,FALSE,FALSE
"K00043",0.0796,0,0.744,-13.2,40.6,0.0231,NA,"K00043",0.996972754793138,1,FALSE,FALSE,FALSE,FALSE
"K06373",0.353,0,0.702,-52.8,138,0.0272,NA,"K06373",0.996972754793138,1,FALSE,FALSE,FALSE,FALSE
"K06374",0.353,0,0.702,-52.8,138,0.0272,NA,"K06374",0.996972754793138,1,FALSE,FALSE,FALSE,FALSE
"K13926",0.214,0,0.537,-15,24.3,0.0438,NA,"K13926",0.996972754793138,1,FALSE,FALSE,FALSE,FALSE
"K22589",0.144,0,0.611,-67.6,133,0.0361,NA,"K22589",0.996972754793138,1,FALSE,FALSE,FALSE,FALSE
"K12663",0.224,0,0.617,-66.5,133,0.0355,NA,"K12663",0.996972754793138,1,FALSE,FALSE,FALSE,FALSE
"K01545",0.244,0,0.22,-97,78.8,0.087,NA,"K01545",0.958727429062769,1,FALSE,FALSE,FALSE,FALSE
"K08987",0.318,0,0.582,21.4,38.9,0.039,NA,"K08987",0.996972754793138,1,FALSE,FALSE,FALSE,FALSE
"K09694",0.139,0,0.147,99,68,0.103,NA,"K09694,K09695",0.855646100116414,1,FALSE,FALSE,FALSE,FALSE
"K01725",0.184,0,0.208,-37.8,29.9,0.0892,NA,"K01725",0.946188340807175,1,FALSE,FALSE,FALSE,FALSE
"K02584",0.0199,0,0.774,18.7,65,0.0204,NA,"K02584",0.996972754793138,1,FALSE,FALSE,FALSE,FALSE
"K14987",0.174,0,0.846,-5.95,30.6,0.0138,NA,"K14987",0.996972754793138,1,FALSE,FALSE,FALSE,FALSE
"K01337",0.0547,0,0.00107,270,81.4,0.229,NA,"K01337",0.243181818181818,1,FALSE,FALSE,FALSE,FALSE
"K19967",0.0299,0,0.652,79.8,177,0.032,NA,"K19967,K21679",0.996972754793138,1,FALSE,FALSE,FALSE,FALSE
"K03736",0.408,0,0.0838,52.6,30.3,0.122,NA,"K03736",0.790566037735849,1,FALSE,FALSE,FALSE,FALSE
"K03735",0.468,0,0.0994,45,27.2,0.117,NA,"K03735",0.819672131147541,1,FALSE,FALSE,FALSE,FALSE
"K05602",0.229,0,0.615,17.2,34.2,0.0357,NA,"K05602",0.996972754793138,1,FALSE,FALSE,FALSE,FALSE
"K05597",0.134,0,0.0978,-99,59.5,0.117,NA,"K05597",0.817725752508361,1,FALSE,FALSE,FALSE,FALSE
"K28138",0.0697,0,0.244,67.1,57.4,0.0826,NA,"K28138",0.967614533965245,1,FALSE,FALSE,FALSE,FALSE
"K13774",0.174,0,0.911,6.58,58.8,0.00794,NA,"K13774",0.996972754793138,1,FALSE,FALSE,FALSE,FALSE
"K13778",0.184,0,0.0236,202,88.3,0.16,NA,"K13778",0.607692307692308,1,FALSE,FALSE,FALSE,FALSE
"K11731",0.189,0,0.037,181,86.2,0.147,NA,"K11731",0.64657980456026,1,FALSE,FALSE,FALSE,FALSE
"K13779",0.169,0,0.237,77.2,65,0.0838,NA,"K13779",0.96419853539463,1,FALSE,FALSE,FALSE,FALSE
"K13777",0.184,0,0.0236,202,88.3,0.16,NA,"K13777",0.607692307692308,1,FALSE,FALSE,FALSE,FALSE
"K00255",0.249,0,0.0148,144,58.8,0.172,NA,"K00255",0.483660130718954,1,FALSE,FALSE,FALSE,FALSE
"K16904",0.0945,0,0.758,-9.8,31.7,0.0219,NA,"K16904",0.996972754793138,1,FALSE,FALSE,FALSE,FALSE
"K01974",0.109,0,0.818,-11.4,49.3,0.0163,NA,"K01974",0.996972754793138,1,FALSE,FALSE,FALSE,FALSE
"K14415",0.338,0,0.453,-23.5,31.2,0.0532,NA,"K14415",0.996972754793138,1,FALSE,FALSE,FALSE,FALSE
"K14414",0.129,0,0.684,-15.9,38.9,0.0289,NA,"K14414",0.996972754793138,1,FALSE,FALSE,FALSE,FALSE
"K16639",0.284,0,0.933,6.06,72.5,0.00593,NA,"K16639",0.996972754793138,1,FALSE,FALSE,FALSE,FALSE
"K06134",0.333,0,0.399,56.2,66.5,0.0598,NA,"K06134",0.996972754793138,1,FALSE,FALSE,FALSE,FALSE
"K09667",0.204,0,0.0134,-101,40.6,0.174,NA,"K09667",0.475177304964539,1,FALSE,FALSE,FALSE,FALSE
"K01709",0.274,0,0.397,-22.6,26.6,0.06,NA,"K01709",0.996972754793138,1,FALSE,FALSE,FALSE,FALSE
"K00978",0.303,0,0.564,-15,26,0.0409,NA,"K00978",0.996972754793138,1,FALSE,FALSE,FALSE,FALSE
"K05712",0.269,0,0.596,14.2,26.8,0.0376,NA,"K05712",0.996972754793138,1,FALSE,FALSE,FALSE,FALSE
"K26183",0.0846,0,0.04,77.8,37.6,0.145,NA,"K26183",0.647249190938511,1,FALSE,FALSE,FALSE,FALSE
"K26182",0.179,0,0.761,8.58,28.1,0.0216,NA,"K26182",0.996972754793138,1,FALSE,FALSE,FALSE,FALSE
"K26180",0.0896,0,0.501,22.4,33.2,0.0478,NA,"K26180",0.996972754793138,1,FALSE,FALSE,FALSE,FALSE
"K26179",0.0896,0,0.241,46.7,39.7,0.0831,NA,"K26179",0.967614533965245,1,FALSE,FALSE,FALSE,FALSE
"K26181",0.0995,0,0.23,41.3,34.3,0.085,NA,"K26181",0.959933222036728,1,FALSE,FALSE,FALSE,FALSE
"K26184",0.104,0,0.321,34.1,34.2,0.0704,NA,"K26184",0.996972754793138,1,FALSE,FALSE,FALSE,FALSE
"K01505",0.184,0,0.14,-42.7,28.8,0.105,NA,"K01505",0.855646100116414,1,FALSE,FALSE,FALSE,FALSE
"K18587",0.0647,0,0.49,53.5,77.3,0.049,NA,"K18587",0.996972754793138,1,FALSE,FALSE,FALSE,FALSE
"K02471",0.294,0,0.39,-39.3,45.6,0.061,NA,"K02471",0.996972754793138,1,FALSE,FALSE,FALSE,FALSE
"K07063",0.0846,0,0.157,223,157,0.1,NA,"K07063",0.874049945711183,1,FALSE,FALSE,FALSE,FALSE
"K08983",0.259,0,0.362,51.9,56.8,0.0646,NA,"K08983",0.996972754793138,1,FALSE,FALSE,FALSE,FALSE
"K10819",0.0647,0,0.577,89.3,160,0.0395,NA,"K10819",0.996972754793138,1,FALSE,FALSE,FALSE,FALSE
"K12070",0.0498,0,0.664,13.6,31.3,0.0308,NA,"K12070,K12071",0.996972754793138,1,FALSE,FALSE,FALSE,FALSE
"K12069",0.0398,0,0.848,-8.72,45.6,0.0136,NA,"K12069",0.996972754793138,1,FALSE,FALSE,FALSE,FALSE
"K00217",0.144,0,0.816,-6.28,27,0.0165,NA,"K00217",0.996972754793138,1,FALSE,FALSE,FALSE,FALSE
"K04098",0.154,0,0.74,-9.26,27.9,0.0235,NA,"K04098",0.996972754793138,1,FALSE,FALSE,FALSE,FALSE
"K17749",0.0299,0,0.263,55.9,49.8,0.0793,NA,"K17749",0.987654320987654,1,FALSE,FALSE,FALSE,FALSE
"K01247",0.517,0,0.565,24.1,41.7,0.0409,NA,"K01247",0.996972754793138,1,FALSE,FALSE,FALSE,FALSE
"K07518",0.109,0,0.0189,307,129,0.166,NA,"K07518",0.555555555555556,1,FALSE,FALSE,FALSE,FALSE
"K18208",0.264,0,0.813,-24.4,103,0.0167,NA,"K18208",0.996972754793138,1,FALSE,FALSE,FALSE,FALSE
"K06893",0.318,0,0.927,-1.92,21,0.00648,NA,"K06893",0.996972754793138,1,FALSE,FALSE,FALSE,FALSE
"K18302",0.343,0,0.503,-78.3,117,0.0475,NA,"K18302",0.996972754793138,1,FALSE,FALSE,FALSE,FALSE
"K18303",0.274,0,0.576,-112,201,0.0397,NA,"K18303",0.996972754793138,1,FALSE,FALSE,FALSE,FALSE
"K01578",0.114,0,0.659,32.4,73.2,0.0313,NA,"K01578",0.996972754793138,1,FALSE,FALSE,FALSE,FALSE
"K18661",0.119,0,0.101,115,69.8,0.116,NA,"K18661",0.821256038647343,1,FALSE,FALSE,FALSE,FALSE
"K25034",0.154,0,0.222,211,172,0.0865,NA,"K25034",0.958727429062769,1,FALSE,FALSE,FALSE,FALSE
"K07341",0.159,0,0.523,15.3,23.9,0.0454,NA,"K07341",0.996972754793138,1,FALSE,FALSE,FALSE,FALSE
"K01857",0.408,0,0.468,-34.5,47.4,0.0515,NA,"K01857",0.996972754793138,1,FALSE,FALSE,FALSE,FALSE
"K11443",0.139,0,0.137,106,71.1,0.105,NA,"K11443",0.855646100116414,1,FALSE,FALSE,FALSE,FALSE
"K20628",0.0299,0,0.934,4.31,51.7,0.00591,NA,"K20628",0.996972754793138,1,FALSE,FALSE,FALSE,FALSE
"K01707",0.448,0,0.21,-34.9,27.7,0.0889,NA,"K01707",0.946188340807175,1,FALSE,FALSE,FALSE,FALSE
"K21686",0.313,0,0.935,-6.65,81.9,0.00575,NA,"K21686",0.996972754793138,1,FALSE,FALSE,FALSE,FALSE
"K07110",0.179,0,0.6,40,76,0.0373,NA,"K07110",0.996972754793138,1,FALSE,FALSE,FALSE,FALSE
"K18453",0.289,0,0.429,-165,209,0.0561,NA,"K18453",0.996972754793138,1,FALSE,FALSE,FALSE,FALSE
"K16165",0.313,0,0.107,54.7,33.8,0.114,NA,"K16165",0.837245696400626,1,FALSE,FALSE,FALSE,FALSE
"K22296",0.104,0,0.0296,64.8,29.6,0.153,NA,"K22296",0.64657980456026,1,FALSE,FALSE,FALSE,FALSE
"K14267",0.418,0,0.881,-9.77,64.9,0.0107,NA,"K14267",0.996972754793138,1,FALSE,FALSE,FALSE,FALSE
"K09691",0.279,0,0.687,-10.4,25.9,0.0286,NA,"K09691",0.996972754793138,1,FALSE,FALSE,FALSE,FALSE
"K05973",0.244,0,0.63,66.1,137,0.0341,NA,"K05973",0.996972754793138,1,FALSE,FALSE,FALSE,FALSE
"K07816",0.313,0,0.712,11.6,31.2,0.0262,NA,"K07816",0.996972754793138,1,FALSE,FALSE,FALSE,FALSE
"K00496",0.104,0,0.222,52.2,42.5,0.0866,NA,"K00496",0.958727429062769,1,FALSE,FALSE,FALSE,FALSE
"K01849",0.0249,0,0.0858,150,86.9,0.121,NA,"K01849",0.79537037037037,1,FALSE,FALSE,FALSE,FALSE
"K01965",0.179,0,0.47,-51.6,71.3,0.0513,NA,"K01965",0.996972754793138,1,FALSE,FALSE,FALSE,FALSE
"K11811",0.423,0,0.596,12.9,24.3,0.0376,NA,"K11811",0.996972754793138,1,FALSE,FALSE,FALSE,FALSE
"K22348",0.174,0,0.154,-153,107,0.101,NA,"K22348",0.8710407239819,1,FALSE,FALSE,FALSE,FALSE
"K01155",0.0398,0,0.857,11.4,63,0.0128,NA,"K01155",0.996972754793138,1,FALSE,FALSE,FALSE,FALSE
"K18313",0.328,0,0.364,30,33,0.0644,NA,"K18313",0.996972754793138,1,FALSE,FALSE,FALSE,FALSE
"K01584",0.303,0,0.835,-8.88,42.6,0.0148,NA,"K01584",0.996972754793138,1,FALSE,FALSE,FALSE,FALSE
"K05913",0.0945,0,0.974,0.951,28.8,0.00234,NA,"K05913",0.996972754793138,1,FALSE,FALSE,FALSE,FALSE
"K25026",0.343,0,0.336,48.6,50.4,0.0682,NA,"K25026",0.996972754793138,1,FALSE,FALSE,FALSE,FALSE
"K01950",0.144,0,0.558,37.3,63.6,0.0416,NA,"K01950",0.996972754793138,1,FALSE,FALSE,FALSE,FALSE
"K22522",0.562,0,0.476,-40.3,56.5,0.0505,NA,"K22522",0.996972754793138,1,FALSE,FALSE,FALSE,FALSE
"K01537",0.159,0,0.213,93,74.5,0.0882,NA,"K01537",0.946666666666667,1,FALSE,FALSE,FALSE,FALSE
"K10844",0.289,0,0.828,34.8,160,0.0154,NA,"K10844",0.996972754793138,1,FALSE,FALSE,FALSE,FALSE
"K13876",0.114,0,0.409,35.7,43.1,0.0586,NA,"K13876",0.996972754793138,1,FALSE,FALSE,FALSE,FALSE
"K13875",0.279,0,0.384,37.9,43.4,0.0617,NA,"K13875",0.996972754793138,1,FALSE,FALSE,FALSE,FALSE
"K10547",0.279,0,0.354,38.4,41.3,0.0657,NA,"K10547",0.996972754793138,1,FALSE,FALSE,FALSE,FALSE
"K10548",0.284,0,0.341,39,40.9,0.0675,NA,"K10548",0.996972754793138,1,FALSE,FALSE,FALSE,FALSE
"K10546",0.284,0,0.341,39,40.9,0.0675,NA,"K10546",0.996972754793138,1,FALSE,FALSE,FALSE,FALSE
"K22185",0.149,0,0.0312,107,49.1,0.152,NA,"K22185",0.64657980456026,1,FALSE,FALSE,FALSE,FALSE
"K14274",0.0746,0,0.535,40.8,65.7,0.044,NA,"K14274",0.996972754793138,1,FALSE,FALSE,FALSE,FALSE
"K09008",0.174,0,0.0232,-132,57.7,0.16,NA,"K09008",0.606770833333333,1,FALSE,FALSE,FALSE,FALSE
"K00332",0.308,0,0.0627,-171,91.4,0.132,NA,"K00332",0.731651376146789,1,FALSE,FALSE,FALSE,FALSE
"K00333",0.358,0,0.665,-51,117,0.0307,NA,"K00333",0.996972754793138,1,FALSE,FALSE,FALSE,FALSE
"K18901",0.169,0,0.446,-42.9,56.1,0.054,NA,"K18901,K18902",0.996972754793138,1,FALSE,FALSE,FALSE,FALSE
"K18903",0.0846,0,0.36,-50.9,55.5,0.0649,NA,"K18903",0.996972754793138,1,FALSE,FALSE,FALSE,FALSE
"K22209",0.114,0,0.761,9.08,29.8,0.0216,NA,"K22209",0.996972754793138,1,FALSE,FALSE,FALSE,FALSE
"K18242",0.0348,0,0.00404,474,163,0.202,NA,"K14578,K18242,K18243",0.333064516129032,1,FALSE,FALSE,FALSE,FALSE
"K01801",0.0249,0,0.295,78.4,74.6,0.0743,NA,"K01801",0.996972754793138,1,FALSE,FALSE,FALSE,FALSE
"K18982",0.134,0,0.22,-57.6,46.9,0.0868,NA,"K18982",0.958727429062769,1,FALSE,FALSE,FALSE,FALSE
"K22622",0.0796,0,0.319,52.4,52.5,0.0706,NA,"K22622",0.996972754793138,1,FALSE,FALSE,FALSE,FALSE
"K17225",0.0796,0,0.319,52.4,52.5,0.0706,NA,"K17225",0.996972754793138,1,FALSE,FALSE,FALSE,FALSE
"K19666",0.0448,0,0.564,-26.3,45.5,0.0409,NA,"K19666",0.996972754793138,1,FALSE,FALSE,FALSE,FALSE
"K13061",0.0995,0,0.506,-24.2,36.4,0.0472,NA,"K13061",0.996972754793138,1,FALSE,FALSE,FALSE,FALSE
"K16216",0.184,0,0.69,-29.3,73.4,0.0283,NA,"K16216",0.996972754793138,1,FALSE,FALSE,FALSE,FALSE
"K22476",0.294,0,0.45,-54.3,71.7,0.0536,NA,"K22476",0.996972754793138,1,FALSE,FALSE,FALSE,FALSE
"K18640",0.124,0,0.818,6.87,29.8,0.0163,NA,"K18640",0.996972754793138,1,FALSE,FALSE,FALSE,FALSE
"K00635",0.119,0,0.0576,63.3,33.2,0.134,NA,"K00635",0.712345679012346,1,FALSE,FALSE,FALSE,FALSE
"K08678",0.164,0,0.0106,94.1,36.5,0.18,NA,"K08678",0.428571428571429,1,FALSE,FALSE,FALSE,FALSE
"K00104",0.592,0,0.493,38,55.4,0.0486,NA,"K00104",0.996972754793138,1,FALSE,FALSE,FALSE,FALSE
"K13598",0.219,0,0.97,-9.32,244,0.00271,NA,"K13598",0.996972754793138,1,FALSE,FALSE,FALSE,FALSE
"K15778",0.333,0,0.496,119,174,0.0483,NA,"K15778",0.996972754793138,1,FALSE,FALSE,FALSE,FALSE
"K09990",0.279,0,0.927,-3.16,34.5,0.0065,NA,"K09990",0.996972754793138,1,FALSE,FALSE,FALSE,FALSE
"K01559",0.0846,0,0.88,6.09,40.3,0.0107,NA,"K01559",0.996972754793138,1,FALSE,FALSE,FALSE,FALSE
"K23247",0.104,0,0.763,9.43,31.2,0.0214,NA,"K23247",0.996972754793138,1,FALSE,FALSE,FALSE,FALSE
"K07250",0.289,0,0.138,52.6,35.3,0.105,NA,"K07250",0.855646100116414,1,FALSE,FALSE,FALSE,FALSE
"K22549",0.239,0,0.103,52.9,32.3,0.115,NA,"K22549",0.824,1,FALSE,FALSE,FALSE,FALSE
"K22550",0.249,0,0.117,41.4,26.3,0.111,NA,"K22550",0.84016393442623,1,FALSE,FALSE,FALSE,FALSE
"K21061",0.249,0,0.151,46.1,32,0.102,NA,"K21061",0.863844393592677,1,FALSE,FALSE,FALSE,FALSE
"K21062",0.403,0,0.037,77.4,36.9,0.147,NA,"K21062",0.64657980456026,1,FALSE,FALSE,FALSE,FALSE
"K19746",0.388,0,0.94,-5.21,69.6,0.0053,NA,"K19746",0.996972754793138,1,FALSE,FALSE,FALSE,FALSE
"K00109",0.164,0,0.234,-46.8,39.2,0.0843,NA,"K00109",0.962962962962963,1,FALSE,FALSE,FALSE,FALSE
"K01576",0.0547,0,0.465,25,34.2,0.0518,NA,"K01576",0.996972754793138,1,FALSE,FALSE,FALSE,FALSE
"K07086",0.0995,0,0.385,-36.8,42.3,0.0616,NA,"K07086",0.996972754793138,1,FALSE,FALSE,FALSE,FALSE
"K02502",0.433,0,0.638,-70,149,0.0334,NA,"K02502",0.996972754793138,1,FALSE,FALSE,FALSE,FALSE
"K08086",0.333,0,0.952,-4.3,71.6,0.00426,NA,"K08086",0.996972754793138,1,FALSE,FALSE,FALSE,FALSE
"K01817",0.647,0,0.683,-18,43.9,0.029,NA,"K01817",0.996972754793138,1,FALSE,FALSE,FALSE,FALSE
"K16557",0.129,0,0.149,75.9,52.3,0.102,NA,"K16557",0.859284890426759,1,FALSE,FALSE,FALSE,FALSE
"K05818",0.0498,0,0.984,0.66,32.9,0.00142,NA,"K05818",0.996972754793138,1,FALSE,FALSE,FALSE,FALSE
"K07045",0.284,0,0.0635,37.6,20.2,0.131,NA,"K07045",0.731651376146789,1,FALSE,FALSE,FALSE,FALSE
"K02793",0.204,0,0.779,-83.3,296,0.02,NA,"K02793",0.996972754793138,1,FALSE,FALSE,FALSE,FALSE
"K06023",0.249,0,0.809,55.2,228,0.0172,NA,"K06023",0.996972754793138,1,FALSE,FALSE,FALSE,FALSE
"K01476",0.343,0,0.723,-24.1,68,0.0251,NA,"K01476",0.996972754793138,1,FALSE,FALSE,FALSE,FALSE
"K06446",0.129,0,0.112,57.3,35.9,0.112,NA,"K06446",0.84016393442623,1,FALSE,FALSE,FALSE,FALSE
"K17754",0.0249,0,0.115,130,82.3,0.112,NA,"K17754",0.84016393442623,1,FALSE,FALSE,FALSE,FALSE
"K00038",0.179,0,0.869,3.97,24,0.0117,NA,"K00038",0.996972754793138,1,FALSE,FALSE,FALSE,FALSE
"K03379",0.0348,0,0.99,0.486,37.6,0.000915,NA,"K03379",0.996978851963746,1,FALSE,FALSE,FALSE,FALSE
"K14731",0.0697,0,0.249,39.7,34.3,0.0817,NA,"K14731",0.970381917381138,1,FALSE,FALSE,FALSE,FALSE
"K21528",0.139,0,0.783,6.45,23.4,0.0195,NA,"K21528",0.996972754793138,1,FALSE,FALSE,FALSE,FALSE
"K07075",0.0746,0,0.705,-12.1,31.8,0.0269,NA,"K07075",0.996972754793138,1,FALSE,FALSE,FALSE,FALSE
"K07062",0.184,0,0.247,30.1,25.9,0.0821,NA,"K07062",0.969387755102041,1,FALSE,FALSE,FALSE,FALSE
"K03205",0.174,0,0.235,-41.4,34.8,0.0841,NA,"K03205",0.963904840032814,1,FALSE,FALSE,FALSE,FALSE
"K18320",0.0448,0,0.481,-30.4,43,0.05,NA,"K18320",0.996972754793138,1,FALSE,FALSE,FALSE,FALSE
"K07344",0.0995,0,0.176,-39.6,29.2,0.0957,NA,"K07344,K20529,K20530,K20532,K20533",0.896130346232179,1,FALSE,FALSE,FALSE,FALSE
"K20266",0.119,0,0.112,-43.6,27.3,0.112,NA,"K20266",0.84016393442623,1,FALSE,FALSE,FALSE,FALSE
"K20267",0.0647,0,0.272,-43.3,39.4,0.0778,NA,"K20267",0.987654320987654,1,FALSE,FALSE,FALSE,FALSE
"K20531",0.119,0,0.123,-41.9,27.1,0.109,NA,"K20531",0.84016393442623,1,FALSE,FALSE,FALSE,FALSE
"K20528",0.104,0,0.081,-52.2,29.8,0.123,NA,"K20527,K20528",0.784883720930233,1,FALSE,FALSE,FALSE,FALSE
"K28279",0.104,0,0.117,-38.8,24.6,0.111,NA,"K28279",0.84016393442623,1,FALSE,FALSE,FALSE,FALSE
"K01166",0.199,0,0.644,-20.2,43.6,0.0328,NA,"K01166",0.996972754793138,1,FALSE,FALSE,FALSE,FALSE
"K06443",0.0846,0,0.565,-38.4,66.6,0.0408,NA,"K06443",0.996972754793138,1,FALSE,FALSE,FALSE,FALSE
"K10027",0.134,0,0.375,-48.2,54.2,0.0629,NA,"K10027",0.996972754793138,1,FALSE,FALSE,FALSE,FALSE
"K00824",0.279,0,0.268,-93.2,83.9,0.0785,NA,"K00824",0.987654320987654,1,FALSE,FALSE,FALSE,FALSE
"K04566",0.0647,0,0.585,36.3,66.5,0.0387,NA,"K04566",0.996972754793138,1,FALSE,FALSE,FALSE,FALSE
"K11532",0.0348,0,7.74e-05,516,128,0.275,NA,"K11532",0.108,0.387,FALSE,FALSE,FALSE,FALSE
"K07096",0.0547,0,0.441,-51.4,66.6,0.0547,NA,"K07096",0.996972754793138,1,FALSE,FALSE,FALSE,FALSE
"K09981",0.209,0,0.988,-0.529,35.8,0.00105,NA,"K09981",0.996972754793138,1,FALSE,FALSE,FALSE,FALSE
"K22067",0.348,0,0.0827,-96.3,55.2,0.123,NA,"K22067",0.78912213740458,1,FALSE,FALSE,FALSE,FALSE
"K00126",0.274,0,0.398,-45,53.1,0.06,NA,"K00126",0.996972754793138,1,FALSE,FALSE,FALSE,FALSE
"K06904",0.139,0,0.838,5.06,24.7,0.0145,NA,"K06904",0.996972754793138,1,FALSE,FALSE,FALSE,FALSE
"K21511",0.0199,0,0.34,55.1,57.6,0.0676,NA,"K21511",0.996972754793138,1,FALSE,FALSE,FALSE,FALSE
"K26961",0.0249,0,0.653,22.7,50.4,0.0319,NA,"K26961",0.996972754793138,1,FALSE,FALSE,FALSE,FALSE
"K07266",0.149,0,0.768,-9.24,31.3,0.0209,NA,"K07266",0.996972754793138,1,FALSE,FALSE,FALSE,FALSE
"K08988",0.264,0,0.545,-25.2,41.6,0.043,NA,"K08988",0.996972754793138,1,FALSE,FALSE,FALSE,FALSE
"K03294",0.353,0,0.756,-12.5,40.3,0.0221,NA,"K03294",0.996972754793138,1,FALSE,FALSE,FALSE,FALSE
"K18829",0.154,0,0.834,4.79,22.8,0.0149,NA,"K18829",0.996972754793138,1,FALSE,FALSE,FALSE,FALSE
"K18828",0.159,0,0.387,19.8,22.9,0.0613,NA,"K18828",0.996972754793138,1,FALSE,FALSE,FALSE,FALSE
"K00227",0.124,0,0.941,-7.51,101,0.00528,NA,"K00227",0.996972754793138,1,FALSE,FALSE,FALSE,FALSE
"K14981",0.119,0,0.693,86,218,0.028,NA,"K14981",0.996972754793138,1,FALSE,FALSE,FALSE,FALSE
"K09991",0.109,0,0.925,29.6,316,0.00664,NA,"K09991,K13592,K17662,K25884",0.996972754793138,1,FALSE,FALSE,FALSE,FALSE
"K16560",0.109,0,0.831,26,122,0.0151,NA,"K16560",0.996972754793138,1,FALSE,FALSE,FALSE,FALSE
"K09956",0.229,0,0.104,-60.9,37.3,0.115,NA,"K09956",0.82670906200318,1,FALSE,FALSE,FALSE,FALSE
"K00955",0.308,0,0.0336,112,52.1,0.15,NA,"K00955",0.64657980456026,1,FALSE,FALSE,FALSE,FALSE
"K12255",0.313,0,0.438,-33.1,42.6,0.055,NA,"K12255",0.996972754793138,1,FALSE,FALSE,FALSE,FALSE
"K11740",0.129,0,0.637,-14.2,30,0.0335,NA,"K11740",0.996972754793138,1,FALSE,FALSE,FALSE,FALSE
"K26273",0.0249,0,0.121,234,150,0.11,NA,"K26273",0.84016393442623,1,FALSE,FALSE,FALSE,FALSE
"K01156",0.0945,0,0.504,-17.8,26.5,0.0474,NA,"K01156",0.996972754793138,1,FALSE,FALSE,FALSE,FALSE
"K07316",0.104,0,0.473,-18.2,25.3,0.0509,NA,"K07316",0.996972754793138,1,FALSE,FALSE,FALSE,FALSE
"K04094",0.254,0,0.961,16,329,0.00344,NA,"K04094",0.996972754793138,1,FALSE,FALSE,FALSE,FALSE
"K22736",0.294,0,0.584,-13.5,24.6,0.0389,NA,"K22736",0.996972754793138,1,FALSE,FALSE,FALSE,FALSE
"K00570",0.229,0,0.442,32.5,42.3,0.0545,NA,"K00570",0.996972754793138,1,FALSE,FALSE,FALSE,FALSE
"K09984",0.308,0,0.579,15.8,28.5,0.0393,NA,"K09984",0.996972754793138,1,FALSE,FALSE,FALSE,FALSE
"K01581",0.378,0,0.0583,-117,61.5,0.134,NA,"K01581",0.716216216216216,1,FALSE,FALSE,FALSE,FALSE
"K13622",0.104,0,0.65,-64.2,141,0.0322,NA,"K13622",0.996972754793138,1,FALSE,FALSE,FALSE,FALSE
"K13623",0.104,0,0.65,-64.2,141,0.0322,NA,"K13623",0.996972754793138,1,FALSE,FALSE,FALSE,FALSE
"K00643",0.139,0,0.0728,-128,70.8,0.127,NA,"K00643",0.773684210526316,1,FALSE,FALSE,FALSE,FALSE
"K23264",0.383,0,0.914,21.4,198,0.00765,NA,"K23264,K23265,K23269",0.996972754793138,1,FALSE,FALSE,FALSE,FALSE
"K01623",0.214,0,0.926,5.83,62.7,0.00659,NA,"K01623",0.996972754793138,1,FALSE,FALSE,FALSE,FALSE
"K03879",0.104,0,0.719,-73.2,203,0.0256,NA,"K03879",0.996972754793138,1,FALSE,FALSE,FALSE,FALSE
"K12574",0.428,0,0.915,-19.9,186,0.00757,NA,"K12574",0.996972754793138,1,FALSE,FALSE,FALSE,FALSE
"K28098",0.289,0,0.322,-98,98.6,0.0703,NA,"K28098",0.996972754793138,1,FALSE,FALSE,FALSE,FALSE
"K13599",0.134,0,0.989,3.69,269,0.000974,NA,"K13599",0.996975806451613,1,FALSE,FALSE,FALSE,FALSE
"K12506",0.164,0,0.697,-98.7,253,0.0276,NA,"K12506",0.996972754793138,1,FALSE,FALSE,FALSE,FALSE
"K22438",0.0995,0,0.346,63.8,67.6,0.0668,NA,"K22438",0.996972754793138,1,FALSE,FALSE,FALSE,FALSE
"K22617",0.284,0,0.339,-165,172,0.0677,NA,"K22617",0.996972754793138,1,FALSE,FALSE,FALSE,FALSE
"K01006",0.139,0,0.0847,-278,160,0.122,NA,"K01006",0.793071161048689,1,FALSE,FALSE,FALSE,FALSE
"K07482",0.279,0,0.81,-4.95,20.6,0.017,NA,"K07482",0.996972754793138,1,FALSE,FALSE,FALSE,FALSE
"K20997",0.154,0,0.145,55.6,38,0.103,NA,"K20997",0.855646100116414,1,FALSE,FALSE,FALSE,FALSE
"K16079",0.134,0,0.424,-70.4,87.8,0.0568,NA,"K16079",0.996972754793138,1,FALSE,FALSE,FALSE,FALSE
"K00015",0.239,0,0.053,78.2,40.2,0.137,NA,"K00015",0.704787234042553,1,FALSE,FALSE,FALSE,FALSE
"K01449",0.413,0,0.318,-53.1,52.9,0.0709,NA,"K01449",0.996972754793138,1,FALSE,FALSE,FALSE,FALSE
"K01235",0.114,0,0.174,152,111,0.0963,NA,"K01235",0.891393442622951,1,FALSE,FALSE,FALSE,FALSE
"K07742",0.274,0,0.568,32.6,56.9,0.0405,NA,"K07742",0.996972754793138,1,FALSE,FALSE,FALSE,FALSE
"K19686",0.0746,0,0.775,-12.5,43.6,0.0203,NA,"K19686",0.996972754793138,1,FALSE,FALSE,FALSE,FALSE
"K00035",0.154,0,0.716,15,41.3,0.0258,NA,"K00035",0.996972754793138,1,FALSE,FALSE,FALSE,FALSE
"K06871",0.154,0,0.69,-15.3,38.3,0.0283,NA,"K06871",0.996972754793138,1,FALSE,FALSE,FALSE,FALSE
"K08685",0.129,0,0.421,-31.7,39.3,0.0571,NA,"K08685",0.996972754793138,1,FALSE,FALSE,FALSE,FALSE
"K28561",0.0299,0,0.535,157,253,0.0441,NA,"K28561",0.996972754793138,1,FALSE,FALSE,FALSE,FALSE
"K04092",0.254,0,0.755,58,186,0.0221,NA,"K04092",0.996972754793138,1,FALSE,FALSE,FALSE,FALSE
"K00283",0.159,0,0.035,201,94.7,0.149,NA,"K00282,K00283",0.64657980456026,1,FALSE,FALSE,FALSE,FALSE
"K09965",0.0647,0,0.119,-162,104,0.11,NA,"K09965",0.84016393442623,1,FALSE,FALSE,FALSE,FALSE
"K19336",0.0299,0,0.485,50.7,72.4,0.0496,NA,"K19336",0.996972754793138,1,FALSE,FALSE,FALSE,FALSE
"K19335",0.0149,0,0.708,-37.1,98.8,0.0266,NA,"K19335",0.996972754793138,1,FALSE,FALSE,FALSE,FALSE
"K17675",0.189,0,0.159,223,157,0.0997,NA,"K17675",0.874049945711183,1,FALSE,FALSE,FALSE,FALSE
"K07736",0.303,0,0.16,-98.5,69.9,0.0994,NA,"K07736",0.874049945711183,1,FALSE,FALSE,FALSE,FALSE
"K01181",0.194,0,0.649,-13.7,29.9,0.0323,NA,"K01181",0.996972754793138,1,FALSE,FALSE,FALSE,FALSE
"K18162",0.114,0,0.157,222,156,0.1,NA,"K18162",0.874049945711183,1,FALSE,FALSE,FALSE,FALSE
"K13589",0.114,0,0.274,-142,129,0.0776,NA,"K13589",0.991316931982634,1,FALSE,FALSE,FALSE,FALSE
"K01406",0.279,0,0.795,-8.53,32.8,0.0184,NA,"K01406",0.996972754793138,1,FALSE,FALSE,FALSE,FALSE
"K01209",0.194,0,0.101,60.9,36.9,0.116,NA,"K01209",0.821256038647343,1,FALSE,FALSE,FALSE,FALSE
"K06113",0.0846,0,0.0135,159,63.7,0.174,NA,"K06113",0.475352112676056,1,FALSE,FALSE,FALSE,FALSE
"K15229",0.119,0,0.768,-10.4,35.4,0.0209,NA,"K15228,K15229",0.996972754793138,1,FALSE,FALSE,FALSE,FALSE
"K08151",0.179,0,0.857,9.8,54.4,0.0128,NA,"K08151",0.996972754793138,1,FALSE,FALSE,FALSE,FALSE
"K11177",0.244,0,0.00252,74.7,24.4,0.212,NA,"K11177,K11178",0.3,1,FALSE,FALSE,FALSE,FALSE
"K13483",0.239,0,0.00127,77.8,23.8,0.226,NA,"K13483",0.248214285714286,1,FALSE,FALSE,FALSE,FALSE
"K16048",0.104,0,0.749,-11.3,35.4,0.0227,NA,"K16048",0.996972754793138,1,FALSE,FALSE,FALSE,FALSE
"K01115",0.164,0,0.136,45,30.1,0.105,NA,"K01115",0.855646100116414,1,FALSE,FALSE,FALSE,FALSE
"K00476",0.0199,0,0.0517,-220,113,0.137,NA,"K00476",0.700534759358289,1,FALSE,FALSE,FALSE,FALSE
"K00782",0.373,0,0.377,-30.1,34,0.0627,NA,"K00782,K18928,K18929",0.996972754793138,1,FALSE,FALSE,FALSE,FALSE
"K18337",0.0448,0,0.88,-18,119,0.0107,NA,"K18337",0.996972754793138,1,FALSE,FALSE,FALSE,FALSE
"K12661",0.0995,0,0.454,-22.2,29.6,0.0531,NA,"K12661",0.996972754793138,1,FALSE,FALSE,FALSE,FALSE
"K21883",0.104,0,0.194,-59.5,45.7,0.092,NA,"K21883",0.927342256214149,1,FALSE,FALSE,FALSE,FALSE
"K03560",0.368,0,0.267,-75.4,67.7,0.0787,NA,"K03560",0.987654320987654,1,FALSE,FALSE,FALSE,FALSE
"K03953",0.0995,0,0.252,119,103,0.0811,NA,"K03953",0.976744186046512,1,FALSE,FALSE,FALSE,FALSE
"K28868",0.159,0,0.804,14.1,56.9,0.0176,NA,"K28868",0.996972754793138,1,FALSE,FALSE,FALSE,FALSE
"K27332",0.0448,0,0.0605,79,41.8,0.133,NA,"K27332",0.727163461538462,1,FALSE,FALSE,FALSE,FALSE
"K06905",0.303,0,0.494,-13.3,19.4,0.0485,NA,"K06905",0.996972754793138,1,FALSE,FALSE,FALSE,FALSE
"K06906",0.254,0,0.987,-0.34,21.5,0.00112,NA,"K06906",0.996972754793138,1,FALSE,FALSE,FALSE,FALSE
"K06908",0.249,0,0.961,-1.09,22.3,0.00348,NA,"K06908",0.996972754793138,1,FALSE,FALSE,FALSE,FALSE
"K06907",0.338,0,0.932,1.51,17.8,0.00601,NA,"K06907",0.996972754793138,1,FALSE,FALSE,FALSE,FALSE
"K06903",0.308,0,0.952,1.07,17.8,0.00424,NA,"K06903",0.996972754793138,1,FALSE,FALSE,FALSE,FALSE
"K08640",0.0249,0,0.32,-119,119,0.0706,NA,"K08640",0.996972754793138,1,FALSE,FALSE,FALSE,FALSE
"K03309",0.0448,0,0.807,-46.6,190,0.0174,NA,"K03309",0.996972754793138,1,FALSE,FALSE,FALSE,FALSE
"K00273",0.0249,0,0.709,32.6,87.2,0.0265,NA,"K00273",0.996972754793138,1,FALSE,FALSE,FALSE,FALSE
"K09457",0.254,0,0.531,61.9,98.7,0.0444,NA,"K09457",0.996972754793138,1,FALSE,FALSE,FALSE,FALSE
"K13525",0.0249,0,0.372,322,360,0.0633,NA,"K13525,K24073,K24078",0.996972754793138,1,FALSE,FALSE,FALSE,FALSE
"K00856",0.144,0,0.655,77,172,0.0317,NA,"K00856",0.996972754793138,1,FALSE,FALSE,FALSE,FALSE
"K23677",0.164,0,0.95,3.82,61,0.00444,NA,"K23677",0.996972754793138,1,FALSE,FALSE,FALSE,FALSE
"K07092",0.179,0,0.679,19.4,46.7,0.0294,NA,"K07092",0.996972754793138,1,FALSE,FALSE,FALSE,FALSE
"K28223",0.0249,0,0.558,50.8,86.6,0.0416,NA,"K28223",0.996972754793138,1,FALSE,FALSE,FALSE,FALSE
"K12062",0.0448,0,0.825,11.9,54.1,0.0156,NA,"K12062",0.996972754793138,1,FALSE,FALSE,FALSE,FALSE
"K21908",0.139,0,0.0734,102,56.6,0.127,NA,"K21908",0.773684210526316,1,FALSE,FALSE,FALSE,FALSE
"K18369",0.0796,0,0.147,43.1,29.6,0.103,NA,"K18369",0.855646100116414,1,FALSE,FALSE,FALSE,FALSE
"K14986",0.0796,0,0.0122,-83,32.8,0.176,NA,"K14986",0.445255474452555,1,FALSE,FALSE,FALSE,FALSE
"K07746",0.234,0,0.618,-10.9,21.8,0.0353,NA,"K07746",0.996972754793138,1,FALSE,FALSE,FALSE,FALSE
"K08995",0.378,0,0.695,-14.6,37.2,0.0278,NA,"K08995",0.996972754793138,1,FALSE,FALSE,FALSE,FALSE
"K09803",0.184,0,0.587,14.2,26,0.0386,NA,"K09803",0.996972754793138,1,FALSE,FALSE,FALSE,FALSE
"K10254",0.104,0,0.501,27.4,40.6,0.0477,NA,"K10254",0.996972754793138,1,FALSE,FALSE,FALSE,FALSE
"K01533",0.557,0,0.0394,-78.9,38.1,0.145,NA,"K01533",0.64657980456026,1,FALSE,FALSE,FALSE,FALSE
"K07233",0.219,0,0.678,-22.6,54.4,0.0295,NA,"K07233",0.996972754793138,1,FALSE,FALSE,FALSE,FALSE
"K03194",0.134,0,0.753,8.99,28.6,0.0223,NA,"K03194",0.996972754793138,1,FALSE,FALSE,FALSE,FALSE
"K03197",0.139,0,0.81,7.98,33.2,0.0171,NA,"K03197",0.996972754793138,1,FALSE,FALSE,FALSE,FALSE
"K03198",0.134,0,0.93,-3.38,38.2,0.00628,NA,"K03198",0.996972754793138,1,FALSE,FALSE,FALSE,FALSE
"K03199",0.139,0,0.659,14.5,32.7,0.0313,NA,"K03199",0.996972754793138,1,FALSE,FALSE,FALSE,FALSE
"K03200",0.124,0,0.879,-4.66,30.5,0.0108,NA,"K03200",0.996972754793138,1,FALSE,FALSE,FALSE,FALSE
"K03201",0.139,0,0.659,14.5,32.7,0.0313,NA,"K03201",0.996972754793138,1,FALSE,FALSE,FALSE,FALSE
"K03203",0.139,0,0.659,14.5,32.7,0.0313,NA,"K03203",0.996972754793138,1,FALSE,FALSE,FALSE,FALSE
"K03204",0.139,0,0.659,14.5,32.7,0.0313,NA,"K03204",0.996972754793138,1,FALSE,FALSE,FALSE,FALSE
"K03195",0.139,0,0.659,14.5,32.7,0.0313,NA,"K03195",0.996972754793138,1,FALSE,FALSE,FALSE,FALSE
"K03196",0.139,0,0.659,14.5,32.7,0.0313,NA,"K03196",0.996972754793138,1,FALSE,FALSE,FALSE,FALSE
"K22905",0.0647,0,0.0374,-85,40.6,0.147,NA,"K22905",0.64657980456026,1,FALSE,FALSE,FALSE,FALSE
"K05337",0.194,0,0.622,-22.1,44.7,0.035,NA,"K05337",0.996972754793138,1,FALSE,FALSE,FALSE,FALSE
"K05898",0.164,0,0.577,-15.3,27.4,0.0396,NA,"K05898",0.996972754793138,1,FALSE,FALSE,FALSE,FALSE
"K03300",0.448,0,0.0352,-114,53.6,0.149,NA,"K03300",0.64657980456026,1,FALSE,FALSE,FALSE,FALSE
"K22879",0.164,0,0.00914,-115,43.7,0.183,NA,"K22879",0.413063063063063,1,FALSE,FALSE,FALSE,FALSE
"K17760",0.0697,0,0.915,6.37,59.5,0.00758,NA,"K17760",0.996972754793138,1,FALSE,FALSE,FALSE,FALSE
"K27837",0.333,0,0.547,43.3,71.7,0.0427,NA,"K27837",0.996972754793138,1,FALSE,FALSE,FALSE,FALSE
"K07133",0.0995,0,0.385,-33.9,39,0.0616,NA,"K07133",0.996972754793138,1,FALSE,FALSE,FALSE,FALSE
"K06601",0.124,0,0.0645,-343,184,0.131,NA,"K06601,K06602",0.734162895927602,1,FALSE,FALSE,FALSE,FALSE
"K00064",0.458,0,0.882,3.16,21.3,0.0105,NA,"K00064",0.996972754793138,1,FALSE,FALSE,FALSE,FALSE
"K26744",0.0796,0,0.484,26.1,37.3,0.0497,NA,"K26744",0.996972754793138,1,FALSE,FALSE,FALSE,FALSE
"K00692",0.149,0,0.23,41.9,34.8,0.085,NA,"K00692",0.959933222036728,1,FALSE,FALSE,FALSE,FALSE
"K07535",0.0498,0,0.707,14,37.2,0.0267,NA,"K07535",0.996972754793138,1,FALSE,FALSE,FALSE,FALSE
"K16516",0.0896,0,0.539,-21,34.1,0.0436,NA,"K16516",0.996972754793138,1,FALSE,FALSE,FALSE,FALSE
"K02229",0.338,0,0.091,-134,78.7,0.12,NA,"K02229",0.796847635726795,1,FALSE,FALSE,FALSE,FALSE
"K02228",0.303,0,0.0344,-137,64.4,0.149,NA,"K02228",0.64657980456026,1,FALSE,FALSE,FALSE,FALSE
"K15063",0.0249,0,0.785,-49,179,0.0193,NA,"K15063",0.996972754793138,1,FALSE,FALSE,FALSE,FALSE
"K11163",0.0995,0,0.191,-40.4,30.8,0.0927,NA,"K11163",0.927342256214149,1,FALSE,FALSE,FALSE,FALSE
"K23948",0.174,0,0.271,-38.3,34.7,0.0781,NA,"K23948",0.987654320987654,1,FALSE,FALSE,FALSE,FALSE
"K18197",0.0547,0,0.896,-8.33,63.4,0.00932,NA,"K18197",0.996972754793138,1,FALSE,FALSE,FALSE,FALSE
"K24967",0.453,0,0.459,-21.4,28.9,0.0525,NA,"K24967",0.996972754793138,1,FALSE,FALSE,FALSE,FALSE
"K07722",0.0398,0,0.0753,-118,66.2,0.126,NA,"K07722",0.779503105590062,1,FALSE,FALSE,FALSE,FALSE
"K05886",0.0697,0,0.924,13.3,140,0.00674,NA,"K05886",0.996972754793138,1,FALSE,FALSE,FALSE,FALSE
"K13609",0.318,0,0.211,68.6,54.6,0.0887,NA,"K13609",0.946188340807175,1,FALSE,FALSE,FALSE,FALSE
"K18459",0.164,0,0.143,80.5,54.7,0.104,NA,"K18459",0.855646100116414,1,FALSE,FALSE,FALSE,FALSE
"K10621",0.109,0,0.675,13.9,33.2,0.0297,NA,"K10621",0.996972754793138,1,FALSE,FALSE,FALSE,FALSE
"K22303",0.239,0,0.163,37.1,26.6,0.0987,NA,"K22303",0.880129589632829,1,FALSE,FALSE,FALSE,FALSE
"K02277",0.338,0,0.03,-80.3,36.8,0.153,NA,"K02277",0.64657980456026,1,FALSE,FALSE,FALSE,FALSE
"K05797",0.0697,0,0.342,39.4,41.4,0.0673,NA,"K05797",0.996972754793138,1,FALSE,FALSE,FALSE,FALSE
"K18383",0.124,0,0.986,0.486,28.6,0.00121,NA,"K18383",0.996972754793138,1,FALSE,FALSE,FALSE,FALSE
"K15066",0.0249,0,0.914,5.69,52.5,0.00768,NA,"K15066",0.996972754793138,1,FALSE,FALSE,FALSE,FALSE
"K24012",0.0746,0,0.0712,81.7,45,0.128,NA,"K24012",0.763326226012793,1,FALSE,FALSE,FALSE,FALSE
"K15782",0.269,0,0.0377,62,29.6,0.147,NA,"K15782",0.64657980456026,1,FALSE,FALSE,FALSE,FALSE
"K22737",0.109,0,0.637,58.8,125,0.0334,NA,"K22737",0.996972754793138,1,FALSE,FALSE,FALSE,FALSE
"K01843",0.204,0,0.652,35.4,78.4,0.032,NA,"K01843",0.996972754793138,1,FALSE,FALSE,FALSE,FALSE
"K13582",0.0846,0,0.437,-277,356,0.0551,NA,"K13582",0.996972754793138,1,FALSE,FALSE,FALSE,FALSE
"K12252",0.284,0,0.926,-5.5,59,0.00661,NA,"K12252",0.996972754793138,1,FALSE,FALSE,FALSE,FALSE
"K09826",0.0995,0,0.0204,-324,139,0.164,NA,"K09826",0.572625698324022,1,FALSE,FALSE,FALSE,FALSE
"K01854",0.234,0,0.249,34.5,29.9,0.0817,NA,"K01854",0.970381917381138,1,FALSE,FALSE,FALSE,FALSE
"K10564",0.0846,0,0.437,-277,356,0.0551,NA,"K10564",0.996972754793138,1,FALSE,FALSE,FALSE,FALSE
"K10565",0.0846,0,0.437,-277,356,0.0551,NA,"K10565",0.996972754793138,1,FALSE,FALSE,FALSE,FALSE
"K21603",0.0846,0,0.437,-277,356,0.0551,NA,"K21603",0.996972754793138,1,FALSE,FALSE,FALSE,FALSE
"K10235",0.104,0,0.0315,-350,161,0.152,NA,"K10235",0.64657980456026,1,FALSE,FALSE,FALSE,FALSE
"K13772",0.0846,0,0.437,-277,356,0.0551,NA,"K13772",0.996972754793138,1,FALSE,FALSE,FALSE,FALSE
"K22217",0.0846,0,0.437,-277,356,0.0551,NA,"K22217",0.996972754793138,1,FALSE,FALSE,FALSE,FALSE
"K22215",0.0995,0,0.052,-265,136,0.137,NA,"K22215",0.700534759358289,1,FALSE,FALSE,FALSE,FALSE
"K18098",0.139,0,0.328,-109,111,0.0693,NA,"K18098",0.996972754793138,1,FALSE,FALSE,FALSE,FALSE
"K16783",0.124,0,0.0903,90.1,52.9,0.12,NA,"K16783",0.796847635726795,1,FALSE,FALSE,FALSE,FALSE
"K16784",0.219,0,0.0414,110,53.8,0.144,NA,"K16784",0.6515625,1,FALSE,FALSE,FALSE,FALSE
"K21700",0.144,0,0.169,126,91.2,0.0975,NA,"K21700",0.883264462809917,1,FALSE,FALSE,FALSE,FALSE
"K01133",0.318,0,0.0117,-140,55.2,0.177,NA,"K01133",0.443181818181818,1,FALSE,FALSE,FALSE,FALSE
"K18234",0.164,0,0.309,-25.9,25.4,0.0722,NA,"K18234",0.996972754793138,1,FALSE,FALSE,FALSE,FALSE
"K18918",0.0746,0,0.589,16.3,30.1,0.0383,NA,"K18918",0.996972754793138,1,FALSE,FALSE,FALSE,FALSE
"K07104",0.338,0,0.00604,226,81.4,0.193,NA,"K07104",0.388823529411765,1,FALSE,FALSE,FALSE,FALSE
"K05568",0.393,0,0.539,52.2,84.7,0.0436,NA,"K05568",0.996972754793138,1,FALSE,FALSE,FALSE,FALSE
"K05569",0.398,0,0.38,65.1,73.9,0.0623,NA,"K05569",0.996972754793138,1,FALSE,FALSE,FALSE,FALSE
"K11357",0.0846,0,0.437,-277,356,0.0551,NA,"K11357",0.996972754793138,1,FALSE,FALSE,FALSE,FALSE
"K07716",0.0846,0,0.437,-277,356,0.0551,NA,"K07716",0.996972754793138,1,FALSE,FALSE,FALSE,FALSE
"K18305",0.0697,0,0.0546,71.6,37,0.136,NA,"K18305",0.704834605597964,1,FALSE,FALSE,FALSE,FALSE
"K12256",0.299,0,0.55,38.5,64.3,0.0424,NA,"K12256",0.996972754793138,1,FALSE,FALSE,FALSE,FALSE
"K06952",0.129,0,0.416,32.9,40.3,0.0577,NA,"K06952",0.996972754793138,1,FALSE,FALSE,FALSE,FALSE
"K08744",0.0945,0,0.526,26.2,41.2,0.045,NA,"K08744",0.996972754793138,1,FALSE,FALSE,FALSE,FALSE
"K04343",0.274,0,0.284,-40.4,37.6,0.0759,NA,"K04343",0.996972754793138,1,FALSE,FALSE,FALSE,FALSE
"K02488",0.179,0,0.287,-40.8,38.2,0.0754,NA,"K02488",0.996972754793138,1,FALSE,FALSE,FALSE,FALSE
"K25885",0.0846,0,0.437,-277,356,0.0551,NA,"K25885",0.996972754793138,1,FALSE,FALSE,FALSE,FALSE
"K09949",0.104,0,0.382,-301,343,0.062,NA,"K09949,K12989,K18996",0.996972754793138,1,FALSE,FALSE,FALSE,FALSE
"K03937",0.0945,0,0.689,33.2,82.9,0.0284,NA,"K03937",0.996972754793138,1,FALSE,FALSE,FALSE,FALSE
"K01004",0.254,0,0.726,-24.7,70.4,0.0249,NA,"K01004",0.996972754793138,1,FALSE,FALSE,FALSE,FALSE
"K22684",0.149,0,0.213,37.1,29.7,0.0883,NA,"K22684",0.946666666666667,1,FALSE,FALSE,FALSE,FALSE
"K00720",0.0348,0,0.688,28,69.8,0.0285,NA,"K00720",0.996972754793138,1,FALSE,FALSE,FALSE,FALSE
"K07504",0.149,0,0.17,-31.6,22.9,0.0972,NA,"K07504",0.883264462809917,1,FALSE,FALSE,FALSE,FALSE
"K13786",0.0846,0,0.437,-277,356,0.0551,NA,"K13786",0.996972754793138,1,FALSE,FALSE,FALSE,FALSE
"K27080",0.239,0,0.57,17.5,30.8,0.0403,NA,"K27080",0.996972754793138,1,FALSE,FALSE,FALSE,FALSE
"K21829",0.259,0,0.0838,129,74.1,0.122,NA,"K21829",0.790566037735849,1,FALSE,FALSE,FALSE,FALSE
"K14083",0.0995,0,0.721,44.7,125,0.0254,NA,"K14083",0.996972754793138,1,FALSE,FALSE,FALSE,FALSE
"K16568",0.279,0,0.878,3.96,25.8,0.0109,NA,"K16568",0.996972754793138,1,FALSE,FALSE,FALSE,FALSE
"K20807",0.149,0,0.431,28.6,36.2,0.0558,NA,"K20807",0.996972754793138,1,FALSE,FALSE,FALSE,FALSE
"K01721",0.164,0,0.775,-9.45,33,0.0203,NA,"K01721",0.996972754793138,1,FALSE,FALSE,FALSE,FALSE
"K00895",0.0995,0,0.515,-153,235,0.0462,NA,"K00895",0.996972754793138,1,FALSE,FALSE,FALSE,FALSE
"K27497",0.104,0,0.135,175,117,0.106,NA,"K27497",0.855646100116414,1,FALSE,FALSE,FALSE,FALSE
"K08299",0.0995,0,0.074,188,105,0.126,NA,"K08299",0.775681341719078,1,FALSE,FALSE,FALSE,FALSE
"K17509",0.109,0,0.165,86.4,62,0.0983,NA,"K17509",0.882978723404255,1,FALSE,FALSE,FALSE,FALSE
"K00314",0.0846,0,0.427,57.6,72.3,0.0564,NA,"K00314",0.996972754793138,1,FALSE,FALSE,FALSE,FALSE
"K00315",0.134,0,0.262,-208,185,0.0795,NA,"K00315",0.987654320987654,1,FALSE,FALSE,FALSE,FALSE
"K09702",0.204,0,0.364,29.4,32.3,0.0644,NA,"K09702",0.996972754793138,1,FALSE,FALSE,FALSE,FALSE
"K13503",0.0846,0,0.437,-277,356,0.0551,NA,"K13503",0.996972754793138,1,FALSE,FALSE,FALSE,FALSE
"K01938",0.239,0,0.869,9.7,58.6,0.0117,NA,"K01938",0.996972754793138,1,FALSE,FALSE,FALSE,FALSE
"K06606",0.214,0,0.237,30.9,26.1,0.0838,NA,"K06606",0.96419853539463,1,FALSE,FALSE,FALSE,FALSE
"K17213",0.169,0,0.335,34.5,35.7,0.0684,NA,"K17213",0.996972754793138,1,FALSE,FALSE,FALSE,FALSE
"K17215",0.159,0,0.521,23.9,37.2,0.0456,NA,"K17215",0.996972754793138,1,FALSE,FALSE,FALSE,FALSE
"K17214",0.164,0,0.332,34.9,35.9,0.0688,NA,"K17214",0.996972754793138,1,FALSE,FALSE,FALSE,FALSE
"K25027",0.214,0,0.00743,136,50.2,0.188,NA,"K25027",0.403804347826087,1,FALSE,FALSE,FALSE,FALSE
"K22086",0.0995,0,0.00439,284,98.5,0.2,NA,"K22086",0.338461538461538,1,FALSE,FALSE,FALSE,FALSE
"K22085",0.109,0,0.00139,394,121,0.224,NA,"K22084,K22085",0.248214285714286,1,FALSE,FALSE,FALSE,FALSE
"K21134",0.189,0,0.423,-29.9,37.2,0.0569,NA,"K21134",0.996972754793138,1,FALSE,FALSE,FALSE,FALSE
"K21137",0.179,0,0.662,-17.4,39.7,0.031,NA,"K21137",0.996972754793138,1,FALSE,FALSE,FALSE,FALSE
"K21136",0.149,0,0.428,-36.2,45.5,0.0563,NA,"K21136",0.996972754793138,1,FALSE,FALSE,FALSE,FALSE
"K15975",0.244,0,0.657,-48,108,0.0315,NA,"K15975",0.996972754793138,1,FALSE,FALSE,FALSE,FALSE
"K16653",0.159,0,0.0936,-59.8,35.5,0.119,NA,"K16653",0.806368330464716,1,FALSE,FALSE,FALSE,FALSE
"K14136",0.0945,0,0.372,-28.5,31.9,0.0633,NA,"K14136",0.996972754793138,1,FALSE,FALSE,FALSE,FALSE
"K09769",0.229,0,0.52,-178,276,0.0457,NA,"K09769",0.996972754793138,1,FALSE,FALSE,FALSE,FALSE
"K09957",0.219,0,0.224,52.9,43.4,0.0861,NA,"K09957",0.95959595959596,1,FALSE,FALSE,FALSE,FALSE
"K00808",0.119,0,0.915,4.6,42.9,0.00759,NA,"K00808",0.996972754793138,1,FALSE,FALSE,FALSE,FALSE
"K09795",0.0846,0,0.437,-277,356,0.0551,NA,"K09795",0.996972754793138,1,FALSE,FALSE,FALSE,FALSE
"K26399",0.234,0,0.27,-32.3,29.2,0.0781,NA,"K26399",0.987654320987654,1,FALSE,FALSE,FALSE,FALSE
"K19181",0.124,0,0.0796,69,39.1,0.124,NA,"K19181",0.784046692607004,1,FALSE,FALSE,FALSE,FALSE
"K02638",0.0746,0,0.932,13.3,155,0.00607,NA,"K02638,K16552,K16553,K16559,K16563,K16565",0.996972754793138,1,FALSE,FALSE,FALSE,FALSE
"K06867",0.194,0,0.603,-23.5,45.2,0.0369,NA,"K06867",0.996972754793138,1,FALSE,FALSE,FALSE,FALSE
"K14977",0.323,0,0.869,-6.33,38.3,0.0117,NA,"K14977",0.996972754793138,1,FALSE,FALSE,FALSE,FALSE
"K01055",0.323,0,0.139,-74,49.8,0.105,NA,"K01055",0.855646100116414,1,FALSE,FALSE,FALSE,FALSE
"K00448",0.413,0,0.206,-65.8,51.9,0.0895,NA,"K00448",0.943482224247949,1,FALSE,FALSE,FALSE,FALSE
"K02133",0.109,0,0.724,-41.5,117,0.0251,NA,"K02133",0.996972754793138,1,FALSE,FALSE,FALSE,FALSE
"K22843",0.269,0,0.315,59.3,58.9,0.0713,NA,"K22843",0.996972754793138,1,FALSE,FALSE,FALSE,FALSE
"K09799",0.129,0,0.136,80.1,53.5,0.105,NA,"K09799",0.855646100116414,1,FALSE,FALSE,FALSE,FALSE
"K00949",0.279,0,0.652,-66.3,147,0.032,NA,"K00949",0.996972754793138,1,FALSE,FALSE,FALSE,FALSE
"K24819",0.0846,0,0.437,-277,356,0.0551,NA,"K24819",0.996972754793138,1,FALSE,FALSE,FALSE,FALSE
"K26065",0.279,0,0.0375,-211,101,0.147,NA,"K26065",0.64657980456026,1,FALSE,FALSE,FALSE,FALSE
"K26064",0.184,0,0.313,-54.7,54.1,0.0715,NA,"K26064",0.996972754793138,1,FALSE,FALSE,FALSE,FALSE
"K03381",0.313,0,0.426,22.4,28,0.0565,NA,"K03381",0.996972754793138,1,FALSE,FALSE,FALSE,FALSE
"K10676",0.0597,0,0.795,-9.04,34.8,0.0184,NA,"K10676",0.996972754793138,1,FALSE,FALSE,FALSE,FALSE
"K24258",0.104,0,0.448,24,31.5,0.0539,NA,"K24258",0.996972754793138,1,FALSE,FALSE,FALSE,FALSE
"K00663",0.124,0,0.168,85.7,61.9,0.0977,NA,"K00663",0.883264462809917,1,FALSE,FALSE,FALSE,FALSE
"K19689",0.259,0,0.0844,71.1,41,0.122,NA,"K19689",0.793071161048689,1,FALSE,FALSE,FALSE,FALSE
"K08688",0.114,0,0.124,71,45.9,0.109,NA,"K08688",0.842391304347826,1,FALSE,FALSE,FALSE,FALSE
"K23248",0.0796,0,0.436,28.2,36.2,0.0552,NA,"K23248",0.996972754793138,1,FALSE,FALSE,FALSE,FALSE
"K09684",0.333,0,0.141,71.1,48.1,0.104,NA,"K09684",0.855646100116414,1,FALSE,FALSE,FALSE,FALSE
"K23462",0.0796,0,0.0688,74.1,40.5,0.129,NA,"K23462",0.756043956043956,1,FALSE,FALSE,FALSE,FALSE
"K23463",0.229,0,0.805,-6.05,24.5,0.0175,NA,"K23463",0.996972754793138,1,FALSE,FALSE,FALSE,FALSE
"K23464",0.194,0,0.81,7.27,30.1,0.0171,NA,"K23464",0.996972754793138,1,FALSE,FALSE,FALSE,FALSE
"K23465",0.199,0,0.983,-0.598,28.1,0.00151,NA,"K23465",0.996972754793138,1,FALSE,FALSE,FALSE,FALSE
"K21617",0.0149,0,0.0654,155,83.7,0.13,NA,"K21617",0.735955056179775,1,FALSE,FALSE,FALSE,FALSE
"K16873",0.0448,0,0.227,60.9,50.3,0.0855,NA,"K16873",0.95959595959596,1,FALSE,FALSE,FALSE,FALSE
"K25873",0.0249,0,0.0614,83.9,44.6,0.132,NA,"K25873",0.731651376146789,1,FALSE,FALSE,FALSE,FALSE
"K20249",0.0149,0,0.161,74.2,52.7,0.0994,NA,"K20249",0.874049945711183,1,FALSE,FALSE,FALSE,FALSE
"K01621",0.299,0,0.58,-17.2,31.1,0.0392,NA,"K01621",0.996972754793138,1,FALSE,FALSE,FALSE,FALSE
"K20539",0.0647,0,0.164,67.8,48.6,0.0985,NA,"K20539",0.881720430107527,1,FALSE,FALSE,FALSE,FALSE
"K13028",0.0547,0,0.267,-36.6,32.8,0.0787,NA,"K13028",0.987654320987654,1,FALSE,FALSE,FALSE,FALSE
"K14166",0.114,0,0.369,-46.2,51.3,0.0636,NA,"K14166",0.996972754793138,1,FALSE,FALSE,FALSE,FALSE
"K04747",0.0945,0,0.47,-44.6,61.6,0.0513,NA,"K04747",0.996972754793138,1,FALSE,FALSE,FALSE,FALSE
"K02305",0.199,0,0.00291,106,35.1,0.209,NA,"K02305",0.307894736842105,1,FALSE,FALSE,FALSE,FALSE
"K00368",0.249,0,0.342,36.1,37.9,0.0674,NA,"K00368",0.996972754793138,1,FALSE,FALSE,FALSE,FALSE
"K21564",0.124,0,0.782,28.6,103,0.0197,NA,"K21564",0.996972754793138,1,FALSE,FALSE,FALSE,FALSE
"K22025",0.119,0,0.411,-35.1,42.6,0.0583,NA,"K22025",0.996972754793138,1,FALSE,FALSE,FALSE,FALSE
"K10709",0.0796,0,0.777,10.5,37,0.0201,NA,"K10709",0.996972754793138,1,FALSE,FALSE,FALSE,FALSE
"K07473",0.0746,0,0.708,11.4,30.5,0.0266,NA,"K07473",0.996972754793138,1,FALSE,FALSE,FALSE,FALSE
"K01635",0.0299,0,0.427,31.7,39.8,0.0564,NA,"K01635",0.996972754793138,1,FALSE,FALSE,FALSE,FALSE
"K01473",0.259,0,0.212,24.7,19.7,0.0884,NA,"K01473",0.946666666666667,1,FALSE,FALSE,FALSE,FALSE
"K03202",0.0547,0,0.875,6.06,38.6,0.0111,NA,"K03202",0.996972754793138,1,FALSE,FALSE,FALSE,FALSE
"K05373",0.0697,0,0.635,-20.7,43.6,0.0337,NA,"K05373",0.996972754793138,1,FALSE,FALSE,FALSE,FALSE
"K05878",0.343,0,0.872,6.74,41.8,0.0114,NA,"K05878",0.996972754793138,1,FALSE,FALSE,FALSE,FALSE
"K05879",0.224,0,0.84,9.68,47.9,0.0143,NA,"K05879",0.996972754793138,1,FALSE,FALSE,FALSE,FALSE
"K00862",0.104,0,0.564,-31.3,54.3,0.0409,NA,"K00862",0.996972754793138,1,FALSE,FALSE,FALSE,FALSE
"K01628",0.149,0,0.938,-3.14,40.4,0.0055,NA,"K01628",0.996972754793138,1,FALSE,FALSE,FALSE,FALSE
"K15783",0.189,0,0.297,34.3,32.7,0.074,NA,"K15783",0.996972754793138,1,FALSE,FALSE,FALSE,FALSE
"K15784",0.184,0,0.18,48,35.7,0.0949,NA,"K15784",0.905432595573441,1,FALSE,FALSE,FALSE,FALSE
"K03652",0.507,0,0.234,-44.8,37.5,0.0844,NA,"K03652",0.962962962962963,1,FALSE,FALSE,FALSE,FALSE
"K00004",0.269,0,0.308,27.1,26.5,0.0723,NA,"K00004",0.996972754793138,1,FALSE,FALSE,FALSE,FALSE
"K23245",0.0995,0,0.395,27.6,32.4,0.0603,NA,"K23245",0.996972754793138,1,FALSE,FALSE,FALSE,FALSE
"K23244",0.0647,0,0.206,-48.8,38.4,0.0896,NA,"K23244",0.943482224247949,1,FALSE,FALSE,FALSE,FALSE
"K23246",0.0647,0,0.0523,68.2,34.9,0.137,NA,"K23246",0.700534759358289,1,FALSE,FALSE,FALSE,FALSE
"K24268",0.0199,0,0.77,14.4,49.2,0.0207,NA,"K24268",0.996972754793138,1,FALSE,FALSE,FALSE,FALSE
"K12978",0.0896,0,0.149,-190,131,0.102,NA,"K12978",0.859284890426759,1,FALSE,FALSE,FALSE,FALSE
"K15408",0.129,0,0.786,10.4,38.1,0.0193,NA,"K15408",0.996972754793138,1,FALSE,FALSE,FALSE,FALSE
"K02351",0.289,0,0.581,31.1,56.2,0.0392,NA,"K02351",0.996972754793138,1,FALSE,FALSE,FALSE,FALSE
"K20938",0.403,0,0.915,-4.46,41.5,0.00761,NA,"K20938",0.996972754793138,1,FALSE,FALSE,FALSE,FALSE
"K09472",0.413,0,0.314,41,40.6,0.0713,NA,"K09472",0.996972754793138,1,FALSE,FALSE,FALSE,FALSE
"K06350",0.234,0,0.469,-27.1,37.4,0.0513,NA,"K06350",0.996972754793138,1,FALSE,FALSE,FALSE,FALSE
"K11263",0.174,0,0.106,-132,81.5,0.114,NA,"K11263",0.834645669291339,1,FALSE,FALSE,FALSE,FALSE
"K25029",0.0149,0,0.777,-16.4,57.9,0.0201,NA,"K25029",0.996972754793138,1,FALSE,FALSE,FALSE,FALSE
"K10710",0.139,0,0.652,13.8,30.6,0.032,NA,"K10710",0.996972754793138,1,FALSE,FALSE,FALSE,FALSE
"K19510",0.104,0,0.818,7.67,33.3,0.0163,NA,"K19510",0.996972754793138,1,FALSE,FALSE,FALSE,FALSE
"K21911",0.0796,0,0.159,-177,125,0.0997,NA,"K21910,K21911",0.874049945711183,1,FALSE,FALSE,FALSE,FALSE
"K21909",0.0896,0,0.111,-136,85.1,0.113,NA,"K21054,K21909",0.84016393442623,1,FALSE,FALSE,FALSE,FALSE
"K17204",0.104,0,0.469,-26.7,36.8,0.0514,NA,"K17202,K17203,K17204",0.996972754793138,1,FALSE,FALSE,FALSE,FALSE
"K18201",0.274,0,0.0388,95.3,45.8,0.146,NA,"K18201",0.64657980456026,1,FALSE,FALSE,FALSE,FALSE
"K22551",0.149,0,0.115,55.9,35.4,0.111,NA,"K22551",0.84016393442623,1,FALSE,FALSE,FALSE,FALSE
"K18334",0.269,0,0.855,5.37,29.2,0.013,NA,"K18334",0.996972754793138,1,FALSE,FALSE,FALSE,FALSE
"K00096",0.0348,0,0.0837,153,88.3,0.122,NA,"K00096",0.790566037735849,1,FALSE,FALSE,FALSE,FALSE
"K06978",0.373,0,0.845,4.72,24.1,0.0139,NA,"K06978",0.996972754793138,1,FALSE,FALSE,FALSE,FALSE
"K21252",0.0299,0,0.671,28.4,66.9,0.0301,NA,"K21252",0.996972754793138,1,FALSE,FALSE,FALSE,FALSE
"K05884",0.0796,0,0.637,-19.2,40.6,0.0335,NA,"K05884",0.996972754793138,1,FALSE,FALSE,FALSE,FALSE
"K05346",0.249,0,0.76,-10.3,33.5,0.0217,NA,"K05346",0.996972754793138,1,FALSE,FALSE,FALSE,FALSE
"K00128",0.388,0,0.706,-12.3,32.7,0.0267,NA,"K00128",0.996972754793138,1,FALSE,FALSE,FALSE,FALSE
"K01506",0.313,0,0.177,63.5,46.9,0.0956,NA,"K01506",0.899390243902439,1,FALSE,FALSE,FALSE,FALSE
"K19687",0.0796,0,0.286,-78.9,73.8,0.0756,NA,"K19687",0.996972754793138,1,FALSE,FALSE,FALSE,FALSE
"K07076",0.0896,0,0.401,42.4,50.3,0.0596,NA,"K07076",0.996972754793138,1,FALSE,FALSE,FALSE,FALSE
"K16555",0.0846,0,0.849,10.9,57.3,0.0135,NA,"K16555",0.996972754793138,1,FALSE,FALSE,FALSE,FALSE
"K16556",0.0846,0,0.414,52.3,63.8,0.0579,NA,"K16556",0.996972754793138,1,FALSE,FALSE,FALSE,FALSE
"K16558",0.0846,0,0.45,62.2,82.2,0.0536,NA,"K16558",0.996972754793138,1,FALSE,FALSE,FALSE,FALSE
"K16562",0.0796,0,0.718,27.3,75.6,0.0256,NA,"K16562,K16564",0.996972754793138,1,FALSE,FALSE,FALSE,FALSE
"K16566",0.423,0,0.944,-1.98,28.2,0.00498,NA,"K16566",0.996972754793138,1,FALSE,FALSE,FALSE,FALSE
"K22935",0.0995,0,0.584,48.4,88.2,0.0389,NA,"K22935",0.996972754793138,1,FALSE,FALSE,FALSE,FALSE
"K01820",0.244,0,0.559,27.4,46.8,0.0414,NA,"K01820",0.996972754793138,1,FALSE,FALSE,FALSE,FALSE
"K12685",0.179,0,0.237,40.8,34.3,0.0838,NA,"K12685",0.96419853539463,1,FALSE,FALSE,FALSE,FALSE
"K17205",0.0199,0,0.864,-10.4,60.7,0.0122,NA,"K17205,K17206,K17207",0.996972754793138,1,FALSE,FALSE,FALSE,FALSE
"K00046",0.254,0,0.802,-6.71,26.7,0.0178,NA,"K00046",0.996972754793138,1,FALSE,FALSE,FALSE,FALSE
"K15785",0.209,0,0.521,24.6,38.3,0.0456,NA,"K15785",0.996972754793138,1,FALSE,FALSE,FALSE,FALSE
"K15786",0.189,0,0.0443,80.5,39.8,0.142,NA,"K15786",0.65922619047619,1,FALSE,FALSE,FALSE,FALSE
"K14205",0.532,0,0.511,-29.4,44.6,0.0466,NA,"K14205",0.996972754793138,1,FALSE,FALSE,FALSE,FALSE
"K26731",0.0746,0,0.782,-13.8,49.7,0.0196,NA,"K26731",0.996972754793138,1,FALSE,FALSE,FALSE,FALSE
"K11537",0.0299,0,0.822,-22.9,102,0.0159,NA,"K11537",0.996972754793138,1,FALSE,FALSE,FALSE,FALSE
"K01417",0.0498,0,0.906,-4.46,37.7,0.0084,NA,"K01417",0.996972754793138,1,FALSE,FALSE,FALSE,FALSE
"K26730",0.0597,0,0.206,-84.7,66.8,0.0895,NA,"K26730",0.943482224247949,1,FALSE,FALSE,FALSE,FALSE
"K01195",0.0547,0,0.536,26,41.8,0.0439,NA,"K01195",0.996972754793138,1,FALSE,FALSE,FALSE,FALSE
"K15923",0.109,0,0.631,28.8,59.8,0.0341,NA,"K15923",0.996972754793138,1,FALSE,FALSE,FALSE,FALSE
"K15924",0.0597,0,0.055,-246,127,0.136,NA,"K15924",0.704834605597964,1,FALSE,FALSE,FALSE,FALSE
"K01569",0.0697,0,0.659,-20.2,45.8,0.0313,NA,"K01569",0.996972754793138,1,FALSE,FALSE,FALSE,FALSE
"K09932",0.338,0,0.146,-42.6,29.2,0.103,NA,"K09932",0.855646100116414,1,FALSE,FALSE,FALSE,FALSE
"K09003",0.114,0,0.618,-58.6,117,0.0354,NA,"K09003",0.996972754793138,1,FALSE,FALSE,FALSE,FALSE
"K09166",0.124,0,0.785,15.8,57.6,0.0194,NA,"K09166",0.996972754793138,1,FALSE,FALSE,FALSE,FALSE
"K01201",0.0896,0,0.259,132,117,0.08,NA,"K01201",0.987654320987654,1,FALSE,FALSE,FALSE,FALSE
"K03332",0.249,0,0.974,0.89,27.6,0.00229,NA,"K03332",0.996972754793138,1,FALSE,FALSE,FALSE,FALSE
"K11383",0.194,0,0.491,-136,197,0.0489,NA,"K11383",0.996972754793138,1,FALSE,FALSE,FALSE,FALSE
"K08982",0.104,0,0.0133,119,47.5,0.174,NA,"K08982",0.475,1,FALSE,FALSE,FALSE,FALSE
"K20999",0.0597,0,0.147,99.8,68.5,0.103,NA,"K20999",0.855646100116414,1,FALSE,FALSE,FALSE,FALSE
"K07074",0.239,0,0.367,-24.8,27.4,0.064,NA,"K07074",0.996972754793138,1,FALSE,FALSE,FALSE,FALSE
"K01728",0.109,0,0.288,-41.9,39.4,0.0753,NA,"K01728",0.996972754793138,1,FALSE,FALSE,FALSE,FALSE
"K07480",0.0249,0,0.513,90.6,138,0.0464,NA,"K07480",0.996972754793138,1,FALSE,FALSE,FALSE,FALSE
"K09805",0.0149,0,0.26,-109,96.4,0.0798,NA,"K09805",0.987654320987654,1,FALSE,FALSE,FALSE,FALSE
"K07339",0.0398,0,0.121,58.1,37.3,0.11,NA,"K07339",0.84016393442623,1,FALSE,FALSE,FALSE,FALSE
"K21574",0.0348,0,0.791,-50.7,191,0.0188,NA,"K21574",0.996972754793138,1,FALSE,FALSE,FALSE,FALSE
"K03918",0.0448,0,0.616,-98.3,196,0.0356,NA,"K03918",0.996972754793138,1,FALSE,FALSE,FALSE,FALSE
"K19997",0.0398,0,0.848,11.2,58.1,0.0136,NA,"K19997",0.996972754793138,1,FALSE,FALSE,FALSE,FALSE
"K17947",0.0746,0,0.826,-9.19,41.7,0.0156,NA,"K17947",0.996972754793138,1,FALSE,FALSE,FALSE,FALSE
"K19005",0.373,0,0.972,-1.31,37.7,0.00247,NA,"K19005",0.996972754793138,1,FALSE,FALSE,FALSE,FALSE
"K01641",0.0249,0,0.718,-72.1,200,0.0256,NA,"K01641",0.996972754793138,1,FALSE,FALSE,FALSE,FALSE
"K13236",0.0498,0,0.133,239,158,0.106,NA,"K13236",0.855646100116414,1,FALSE,FALSE,FALSE,FALSE
"K08715",0.0597,0,0.56,-118,202,0.0414,NA,"K08715",0.996972754793138,1,FALSE,FALSE,FALSE,FALSE
"K07559",0.0597,0,0.318,-49.1,49,0.0709,NA,"K07559",0.996972754793138,1,FALSE,FALSE,FALSE,FALSE
"K02839",0.0697,0,0.26,48.8,43.2,0.0798,NA,"K02839",0.987654320987654,1,FALSE,FALSE,FALSE,FALSE
"K01798",0.0299,0,0.846,-58.4,300,0.0138,NA,"K01798",0.996972754793138,1,FALSE,FALSE,FALSE,FALSE
"K00034",0.194,0,0.287,49.6,46.5,0.0754,NA,"K00034",0.996972754793138,1,FALSE,FALSE,FALSE,FALSE
"K20483",0.0348,0,0.747,-19.2,59.2,0.0229,NA,"K20483",0.996972754793138,1,FALSE,FALSE,FALSE,FALSE
"K20274",0.0647,0,0.624,26.3,53.5,0.0348,NA,"K20274",0.996972754793138,1,FALSE,FALSE,FALSE,FALSE
"K17362",0.0597,0,0.844,-8.48,43.2,0.0139,NA,"K17362",0.996972754793138,1,FALSE,FALSE,FALSE,FALSE
"K12454",0.0249,0,0.47,-82.7,114,0.0512,NA,"K12454",0.996972754793138,1,FALSE,FALSE,FALSE,FALSE
"K08646",0.0398,0,0.726,23.6,67.4,0.0249,NA,"K08646",0.996972754793138,1,FALSE,FALSE,FALSE,FALSE
"K15773",0.239,0,0.533,14.2,22.7,0.0442,NA,"K15773",0.996972754793138,1,FALSE,FALSE,FALSE,FALSE
"K13485",0.244,0,0.557,23,39.1,0.0416,NA,"K13485",0.996972754793138,1,FALSE,FALSE,FALSE,FALSE
"K25649",0.0796,0,0.34,31,32.4,0.0676,NA,"K25649",0.996972754793138,1,FALSE,FALSE,FALSE,FALSE
"K17319",0.204,0,0.366,53,58.5,0.064,NA,"K17318,K17319,K17320",0.996972754793138,1,FALSE,FALSE,FALSE,FALSE
"K24003",0.0299,0,0.408,-67.7,81.7,0.0587,NA,"K24003",0.996972754793138,1,FALSE,FALSE,FALSE,FALSE
"K24004",0.0249,0,0.831,-41.8,196,0.0151,NA,"K24004",0.996972754793138,1,FALSE,FALSE,FALSE,FALSE
"K28691",0.0249,0,0.0172,-220,91.7,0.168,NA,"K28691",0.524390243902439,1,FALSE,FALSE,FALSE,FALSE
"K23359",0.0498,0,0.0147,-182,74.1,0.172,NA,"K23359",0.483660130718954,1,FALSE,FALSE,FALSE,FALSE
"K28761",0.0299,0,0.000469,-259,72.7,0.244,NA,"K28761",0.180384615384615,1,FALSE,FALSE,FALSE,FALSE
"K22548",0.209,0,0.0906,62.2,36.6,0.12,NA,"K22548",0.796847635726795,1,FALSE,FALSE,FALSE,FALSE
"K01846",0.0348,0,0.471,35.9,49.6,0.0512,NA,"K01846,K19268",0.996972754793138,1,FALSE,FALSE,FALSE,FALSE
"K06151",0.194,0,0.736,9.35,27.6,0.024,NA,"K06151",0.996972754793138,1,FALSE,FALSE,FALSE,FALSE
"K06152",0.199,0,0.863,-4.55,26.4,0.0122,NA,"K06152",0.996972754793138,1,FALSE,FALSE,FALSE,FALSE
"K13995",0.0796,0,0.0321,61.9,28.7,0.151,NA,"K13995",0.64657980456026,1,FALSE,FALSE,FALSE,FALSE
"K17243",0.0547,0,0.316,-38.3,38.1,0.0711,NA,"K17241,K17242,K17243",0.996972754793138,1,FALSE,FALSE,FALSE,FALSE
"K05341",0.0597,0,0.0772,93.6,52.7,0.125,NA,"K05341",0.781376518218624,1,FALSE,FALSE,FALSE,FALSE
"K28637",0.0348,0,0.915,26.5,249,0.00756,NA,"K00290,K28637",0.996972754793138,1,FALSE,FALSE,FALSE,FALSE
"K26058",0.0249,0,0.0882,-268,156,0.121,NA,"K26058",0.796847635726795,1,FALSE,FALSE,FALSE,FALSE
"K11603",0.0796,0,0.409,30.9,37.4,0.0586,NA,"K11603",0.996972754793138,1,FALSE,FALSE,FALSE,FALSE
"K13775",0.284,0,0.919,-5.85,57.5,0.00721,NA,"K13775",0.996972754793138,1,FALSE,FALSE,FALSE,FALSE
"K03851",0.154,0,0.169,-122,88.4,0.0973,NA,"K03851",0.883264462809917,1,FALSE,FALSE,FALSE,FALSE
"K04102",0.0647,0,0.946,-2.12,31.4,0.00479,NA,"K04102",0.996972754793138,1,FALSE,FALSE,FALSE,FALSE
"K21801",0.0896,0,0.773,-11.7,40.7,0.0204,NA,"K21801",0.996972754793138,1,FALSE,FALSE,FALSE,FALSE
"K25044",0.0945,0,0.0122,-121,47.8,0.177,NA,"K25044",0.445255474452555,1,FALSE,FALSE,FALSE,FALSE
"K01796",0.274,0,0.642,15.8,33.9,0.033,NA,"K01796",0.996972754793138,1,FALSE,FALSE,FALSE,FALSE
"K01474",0.189,0,0.312,20.4,20.1,0.0717,NA,"K01474",0.996972754793138,1,FALSE,FALSE,FALSE,FALSE
"K22297",0.144,0,0.828,39.7,182,0.0154,NA,"K22297",0.996972754793138,1,FALSE,FALSE,FALSE,FALSE
"K15270",0.149,0,0.538,16.1,26.1,0.0437,NA,"K15270",0.996972754793138,1,FALSE,FALSE,FALSE,FALSE
"K07048",0.159,0,0.0631,-53,28.4,0.131,NA,"K07048",0.731651376146789,1,FALSE,FALSE,FALSE,FALSE
"K00696",0.0299,0,0.116,-262,166,0.111,NA,"K00696",0.84016393442623,1,FALSE,FALSE,FALSE,FALSE
"K22314",0.249,0,0.0345,-228,107,0.149,NA,"K22314",0.64657980456026,1,FALSE,FALSE,FALSE,FALSE
"K08482",0.224,0,0.813,-6.52,27.6,0.0168,NA,"K08482",0.996972754793138,1,FALSE,FALSE,FALSE,FALSE
"K13924",0.249,0,0.318,-23.1,23,0.0708,NA,"K13924",0.996972754793138,1,FALSE,FALSE,FALSE,FALSE
"K06898",0.0697,0,0.0806,64.3,36.6,0.124,NA,"K06898,K09121",0.784046692607004,1,FALSE,FALSE,FALSE,FALSE
"K06864",0.114,0,0.07,65.9,36.2,0.128,NA,"K06864",0.761388286334056,1,FALSE,FALSE,FALSE,FALSE
"K24157",0.114,0,0.175,118,86.4,0.096,NA,"K24157",0.894683026584867,1,FALSE,FALSE,FALSE,FALSE
"K28073",0.0348,0,0.00646,-110,39.9,0.192,NA,"K28073",0.388823529411765,1,FALSE,FALSE,FALSE,FALSE
"K28519",0.0995,0,0.245,-39.5,33.9,0.0824,NA,"K28519",0.967614533965245,1,FALSE,FALSE,FALSE,FALSE
"K21309",0.0249,0,0.00225,279,90.3,0.214,NA,"K21307,K21308,K21309",0.289024390243902,1,FALSE,FALSE,FALSE,FALSE
"K11414",0.299,0,0.187,-57.9,43.7,0.0935,NA,"K11414",0.918467583497053,1,FALSE,FALSE,FALSE,FALSE
"K19702",0.0896,0,0.261,-49.9,44.3,0.0797,NA,"K19702",0.987654320987654,1,FALSE,FALSE,FALSE,FALSE
"K16922",0.259,0,0.00346,-79.2,26.8,0.205,NA,"K16922",0.307894736842105,1,FALSE,FALSE,FALSE,FALSE
"K06986",0.134,0,0.367,-60.8,67.3,0.064,NA,"K06986",0.996972754793138,1,FALSE,FALSE,FALSE,FALSE
"K23470",0.0597,0,0.754,-11.1,35.2,0.0223,NA,"K23470",0.996972754793138,1,FALSE,FALSE,FALSE,FALSE
"K07051",0.0597,0,0.801,11.6,46.1,0.0179,NA,"K07051",0.996972754793138,1,FALSE,FALSE,FALSE,FALSE
"K16255",0.0199,0,0.0638,321,172,0.131,NA,"K16255",0.731651376146789,1,FALSE,FALSE,FALSE,FALSE
"K28188",0.0348,0,0.726,-16.3,46.4,0.0249,NA,"K28188",0.996972754793138,1,FALSE,FALSE,FALSE,FALSE
"K15856",0.119,0,0.149,-34.4,23.8,0.102,NA,"K15856",0.859284890426759,1,FALSE,FALSE,FALSE,FALSE
"K22252",0.0995,0,0.348,26.4,28.1,0.0665,NA,"K22252",0.996972754793138,1,FALSE,FALSE,FALSE,FALSE
"K00016",0.169,0,0.77,-12,40.9,0.0208,NA,"K00016",0.996972754793138,1,FALSE,FALSE,FALSE,FALSE
"K03738",0.0199,0,0.62,-56.9,115,0.0352,NA,"K03738",0.996972754793138,1,FALSE,FALSE,FALSE,FALSE
"K21498",0.239,0,0.777,-5.58,19.7,0.0201,NA,"K21498",0.996972754793138,1,FALSE,FALSE,FALSE,FALSE
"K07334",0.139,0,0.443,18.2,23.6,0.0544,NA,"K07334",0.996972754793138,1,FALSE,FALSE,FALSE,FALSE
"K23127",0.139,0,0.339,40.3,42.1,0.0678,NA,"K23127",0.996972754793138,1,FALSE,FALSE,FALSE,FALSE
"K18372",0.124,0,0.448,-25.6,33.7,0.0538,NA,"K18372",0.996972754793138,1,FALSE,FALSE,FALSE,FALSE
"K01904",0.109,0,0.388,-34,39.3,0.0612,NA,"K01904",0.996972754793138,1,FALSE,FALSE,FALSE,FALSE
"K01482",0.219,0,0.248,54.3,46.9,0.0818,NA,"K01482",0.969507427677873,1,FALSE,FALSE,FALSE,FALSE
"K00528",0.164,0,0.78,18.7,66.9,0.0198,NA,"K00528",0.996972754793138,1,FALSE,FALSE,FALSE,FALSE
"K03319",0.144,0,0.0251,-89.5,39.7,0.158,NA,"K03319",0.624378109452736,1,FALSE,FALSE,FALSE,FALSE
"K21900",0.289,0,0.842,6.5,32.6,0.0141,NA,"K21900",0.996972754793138,1,FALSE,FALSE,FALSE,FALSE
"K00098",0.224,0,0.69,-12.7,31.8,0.0283,NA,"K00098",0.996972754793138,1,FALSE,FALSE,FALSE,FALSE
"K01574",0.0597,0,0.281,-67.4,62.4,0.0763,NA,"K01574",0.995747696669029,1,FALSE,FALSE,FALSE,FALSE
"K17223",0.0299,0,0.0397,345,167,0.145,NA,"K17223",0.64657980456026,1,FALSE,FALSE,FALSE,FALSE
"K17226",0.199,0,0.102,-69.5,42.3,0.116,NA,"K17226",0.821256038647343,1,FALSE,FALSE,FALSE,FALSE
"K17227",0.0348,0,0.654,-55.9,124,0.0318,NA,"K17227",0.996972754793138,1,FALSE,FALSE,FALSE,FALSE
"K17222",0.0299,0,0.0397,345,167,0.145,NA,"K17222",0.64657980456026,1,FALSE,FALSE,FALSE,FALSE
"K17224",0.0299,0,0.0397,345,167,0.145,NA,"K17224",0.64657980456026,1,FALSE,FALSE,FALSE,FALSE
"K22082",0.0796,0,0.645,18,39,0.0327,NA,"K22081,K22082",0.996972754793138,1,FALSE,FALSE,FALSE,FALSE
"K16871",0.169,0,0.734,10.1,29.7,0.0241,NA,"K16871",0.996972754793138,1,FALSE,FALSE,FALSE,FALSE
"K07123",0.0746,0,0.609,-17.6,34.3,0.0363,NA,"K07123",0.996972754793138,1,FALSE,FALSE,FALSE,FALSE
"K27838",0.109,0,0.378,-27.6,31.2,0.0625,NA,"K27838",0.996972754793138,1,FALSE,FALSE,FALSE,FALSE
"K15024",0.0498,0,0.92,-6.38,63.4,0.00714,NA,"K15024",0.996972754793138,1,FALSE,FALSE,FALSE,FALSE
"K03365",0.109,0,0.0248,118,52.1,0.158,NA,"K03365",0.6225,1,FALSE,FALSE,FALSE,FALSE
"K28692",0.279,0,0.1,-44.4,26.9,0.116,NA,"K28692,K28693",0.819672131147541,1,FALSE,FALSE,FALSE,FALSE
"K01941",0.274,0,0.122,-40.9,26.4,0.109,NA,"K01941",0.84016393442623,1,FALSE,FALSE,FALSE,FALSE
"K01457",0.299,0,0.0356,-52.2,24.7,0.148,NA,"K01457",0.64657980456026,1,FALSE,FALSE,FALSE,FALSE
"K06972",0.0448,0,0.0761,-246,138,0.125,NA,"K06972",0.781376518218624,1,FALSE,FALSE,FALSE,FALSE
"K05303",0.0995,0,0.365,-26.6,29.3,0.0642,NA,"K05303",0.996972754793138,1,FALSE,FALSE,FALSE,FALSE
"K00468",0.229,0,0.429,41.9,52.8,0.0561,NA,"K00468",0.996972754793138,1,FALSE,FALSE,FALSE,FALSE
"K17239",0.0199,0,0.00235,-161,52.1,0.213,NA,"K17237,K17238,K17239",0.289024390243902,1,FALSE,FALSE,FALSE,FALSE
"K09968",0.0199,0,0.0103,-166,64,0.181,NA,"K09968",0.428571428571429,1,FALSE,FALSE,FALSE,FALSE
"K17486",0.0199,0,0.00656,411,150,0.191,NA,"K17486",0.388823529411765,1,FALSE,FALSE,FALSE,FALSE
"K00988",0.0249,0,0.371,71.2,79.5,0.0634,NA,"K00988",0.996972754793138,1,FALSE,FALSE,FALSE,FALSE
"K08355",0.0746,0,0.876,-8.65,55.5,0.0111,NA,"K08355",0.996972754793138,1,FALSE,FALSE,FALSE,FALSE
"K19696",0.189,0,0.792,-15.9,60.3,0.0187,NA,"K19696",0.996972754793138,1,FALSE,FALSE,FALSE,FALSE
"K03328",0.159,0,0.405,-34.7,41.6,0.059,NA,"K03328",0.996972754793138,1,FALSE,FALSE,FALSE,FALSE
"K22579",0.214,0,0.0283,217,98.1,0.155,NA,"K22579",0.64657980456026,1,FALSE,FALSE,FALSE,FALSE
"K16259",0.0498,0,0.167,111,79.7,0.0979,NA,"K16256,K16257,K16258,K16259",0.883264462809917,1,FALSE,FALSE,FALSE,FALSE
"K23995",0.0547,0,0.651,37.1,81.9,0.0321,NA,"K23995",0.996972754793138,1,FALSE,FALSE,FALSE,FALSE
"K16254",0.0149,0,0.0233,162,70.9,0.16,NA,"K16254",0.606770833333333,1,FALSE,FALSE,FALSE,FALSE
"K06400",0.0398,0,0.362,50.3,55,0.0647,NA,"K06400",0.996972754793138,1,FALSE,FALSE,FALSE,FALSE
"K16844",0.0348,0,0.396,47.9,56.3,0.0602,NA,"K16844",0.996972754793138,1,FALSE,FALSE,FALSE,FALSE
"K04486",0.129,0,0.192,172,131,0.0925,NA,"K04486",0.927342256214149,1,FALSE,FALSE,FALSE,FALSE
"K05791",0.129,0,0.526,24.4,38.4,0.045,NA,"K05791",0.996972754793138,1,FALSE,FALSE,FALSE,FALSE
"K05793",0.0597,0,0.373,-30.9,34.6,0.0632,NA,"K05793",0.996972754793138,1,FALSE,FALSE,FALSE,FALSE
"K05795",0.144,0,0.712,13.8,37.3,0.0262,NA,"K05795",0.996972754793138,1,FALSE,FALSE,FALSE,FALSE
"K05792",0.0448,0,0.773,-15.4,53.4,0.0205,NA,"K05792",0.996972754793138,1,FALSE,FALSE,FALSE,FALSE
"K01191",0.159,0,0.436,46.8,59.9,0.0553,NA,"K01191",0.996972754793138,1,FALSE,FALSE,FALSE,FALSE
"K07077",0.189,0,0.799,-10.5,41.3,0.0181,NA,"K07077",0.996972754793138,1,FALSE,FALSE,FALSE,FALSE
"K10118",0.244,0,0.0391,82.5,39.7,0.146,NA,"K10118",0.64657980456026,1,FALSE,FALSE,FALSE,FALSE
"K04045",0.129,0,0.83,-5.71,26.6,0.0152,NA,"K04045",0.996972754793138,1,FALSE,FALSE,FALSE,FALSE
"K13580",0.189,0,0.0889,-87.4,51.1,0.12,NA,"K13580",0.796847635726795,1,FALSE,FALSE,FALSE,FALSE
"K28476",0.0299,0,0.0319,151,69.9,0.151,NA,"K28476",0.64657980456026,1,FALSE,FALSE,FALSE,FALSE
"K03780",0.0299,0,0.721,13.8,38.7,0.0253,NA,"K03780",0.996972754793138,1,FALSE,FALSE,FALSE,FALSE
"K03779",0.0299,0,0.721,13.8,38.7,0.0253,NA,"K03779",0.996972754793138,1,FALSE,FALSE,FALSE,FALSE
"K17285",0.109,0,0.67,40.5,94.8,0.0303,NA,"K17285",0.996972754793138,1,FALSE,FALSE,FALSE,FALSE
"K28179",0.0149,0,0.000282,351,95,0.254,NA,"K18425,K28178,K28179,K28180",0.156666666666667,1,FALSE,FALSE,FALSE,FALSE
"K11735",0.358,0,0.94,2.87,38.3,0.00532,NA,"K11735",0.996972754793138,1,FALSE,FALSE,FALSE,FALSE
"K27848",0.0249,0,0.511,-42.4,64.4,0.0466,NA,"K27848",0.996972754793138,1,FALSE,FALSE,FALSE,FALSE
"K15054",0.0199,0,0.436,36.5,46.7,0.0553,NA,"K15054",0.996972754793138,1,FALSE,FALSE,FALSE,FALSE
"K07807",0.0945,0,0.392,37.1,43.3,0.0606,NA,"K07807",0.996972754793138,1,FALSE,FALSE,FALSE,FALSE
"K00055",0.0448,0,0.42,32.6,40.3,0.0571,NA,"K00055",0.996972754793138,1,FALSE,FALSE,FALSE,FALSE
"K20329",0.0995,0,0.838,-16.3,79.6,0.0146,NA,"K20329",0.996972754793138,1,FALSE,FALSE,FALSE,FALSE
"K09709",0.139,0,0.87,4.64,28.3,0.0116,NA,"K09709",0.996972754793138,1,FALSE,FALSE,FALSE,FALSE
"K14470",0.0149,0,0.0419,176,85.7,0.144,NA,"K14470",0.651702786377709,1,FALSE,FALSE,FALSE,FALSE
"K14448",0.0249,0,0.226,157,129,0.0857,NA,"K14448",0.95959595959596,1,FALSE,FALSE,FALSE,FALSE
"K13247",0.0249,0,0.158,75.8,53.5,0.1,NA,"K13247",0.874049945711183,1,FALSE,FALSE,FALSE,FALSE
"K28615",0.0597,0,0.0321,97.9,45.3,0.151,NA,"K28615",0.64657980456026,1,FALSE,FALSE,FALSE,FALSE
"K21622",0.0945,0,0.949,-3.64,56.4,0.00458,NA,"K21622",0.996972754793138,1,FALSE,FALSE,FALSE,FALSE
"K01342",0.0348,0,0.55,64.3,107,0.0425,NA,"K01342",0.996972754793138,1,FALSE,FALSE,FALSE,FALSE
"K21310",0.0299,0,0.504,33.9,50.7,0.0474,NA,"K21310",0.996972754793138,1,FALSE,FALSE,FALSE,FALSE
"K22112",0.0746,0,0.0132,118,47.2,0.175,NA,"K22112",0.474820143884892,1,FALSE,FALSE,FALSE,FALSE
"K16652",0.0199,0,0.307,-55.9,54.5,0.0725,NA,"K16652",0.996972754793138,1,FALSE,FALSE,FALSE,FALSE
"K26005",0.0149,0,0.00449,229,79.8,0.2,NA,"K15515,K26005",0.340151515151515,1,FALSE,FALSE,FALSE,FALSE
"K10255",0.209,0,0.0371,113,53.8,0.147,NA,"K10255",0.64657980456026,1,FALSE,FALSE,FALSE,FALSE
"K17865",0.224,0,0.465,-61.5,84.1,0.0518,NA,"K17865",0.996972754793138,1,FALSE,FALSE,FALSE,FALSE
"K09252",0.0149,0,0.0968,118,70.7,0.117,NA,"K09252",0.815126050420168,1,FALSE,FALSE,FALSE,FALSE
"K22087",0.0498,0,0.263,42.8,38.1,0.0794,NA,"K22087",0.987654320987654,1,FALSE,FALSE,FALSE,FALSE
"K07979",0.139,0,0.0327,170,79,0.151,NA,"K07979",0.64657980456026,1,FALSE,FALSE,FALSE,FALSE
"K19156",0.0597,0,0.271,34.1,30.9,0.078,NA,"K19156",0.987654320987654,1,FALSE,FALSE,FALSE,FALSE
"K00881",0.0299,0,0.874,-8.75,54.9,0.0113,NA,"K00881",0.996972754793138,1,FALSE,FALSE,FALSE,FALSE
"K01186",0.0398,0,0.886,-7.55,52.5,0.0102,NA,"K01186",0.996972754793138,1,FALSE,FALSE,FALSE,FALSE
"K17838",0.0896,0,0.375,-54.8,61.6,0.0629,NA,"K17838",0.996972754793138,1,FALSE,FALSE,FALSE,FALSE
"K07755",0.0249,0,0.482,35.8,50.8,0.0499,NA,"K07755",0.996972754793138,1,FALSE,FALSE,FALSE,FALSE
"K06882",0.0149,0,0.807,-25.1,102,0.0174,NA,"K06882",0.996972754793138,1,FALSE,FALSE,FALSE,FALSE
"K09835",0.0199,0,0.617,31.2,62.3,0.0355,NA,"K09835",0.996972754793138,1,FALSE,FALSE,FALSE,FALSE
"K16167",0.129,0,0.219,-107,86.4,0.087,NA,"K16167",0.958005249343832,1,FALSE,FALSE,FALSE,FALSE
"K05937",0.149,0,0.397,-41.5,48.9,0.06,NA,"K05937",0.996972754793138,1,FALSE,FALSE,FALSE,FALSE
"K21949",0.0398,0,0.659,27.1,61.4,0.0313,NA,"K21949",0.996972754793138,1,FALSE,FALSE,FALSE,FALSE
"K25010",0.0498,0,0.487,56.3,80.8,0.0493,NA,"K25010",0.996972754793138,1,FALSE,FALSE,FALSE,FALSE
"K01134",0.0199,0,0.984,-2.8,137,0.00144,NA,"K01134",0.996972754793138,1,FALSE,FALSE,FALSE,FALSE
"K16238",0.393,0,0.634,13.6,28.6,0.0338,NA,"K16238",0.996972754793138,1,FALSE,FALSE,FALSE,FALSE
"K19670",0.109,0,0.89,8,58,0.00977,NA,"K19670",0.996972754793138,1,FALSE,FALSE,FALSE,FALSE
"K00206",0.0846,0,0.808,12.2,50.3,0.0172,NA,"K00206",0.996972754793138,1,FALSE,FALSE,FALSE,FALSE
"K23424",0.0149,0,0.942,5.55,75.7,0.0052,NA,"K23424",0.996972754793138,1,FALSE,FALSE,FALSE,FALSE
"K00232",0.139,0,0.467,39.2,53.7,0.0516,NA,"K00232",0.996972754793138,1,FALSE,FALSE,FALSE,FALSE
"K06937",0.0697,0,0.00195,170,54.2,0.217,NA,"K06937",0.289024390243902,1,FALSE,FALSE,FALSE,FALSE
"K01205",0.0299,0,0.237,84.5,71.3,0.0837,NA,"K01205",0.96419853539463,1,FALSE,FALSE,FALSE,FALSE
"K19053",0.0199,0,0.978,-4.34,157,0.00195,NA,"K19053",0.996972754793138,1,FALSE,FALSE,FALSE,FALSE
"K03301",0.0995,0,0.243,43,36.6,0.0828,NA,"K03301",0.967614533965245,1,FALSE,FALSE,FALSE,FALSE
"K18785",0.0348,0,0.43,-45.2,57.1,0.056,NA,"K18785",0.996972754793138,1,FALSE,FALSE,FALSE,FALSE
"K07454",0.209,0,0.174,24.1,17.7,0.0962,NA,"K07454",0.891393442622951,1,FALSE,FALSE,FALSE,FALSE
"K05989",0.149,0,0.442,28.4,36.8,0.0545,NA,"K05989",0.996972754793138,1,FALSE,FALSE,FALSE,FALSE
"K01114",0.199,0,0.811,-6.25,26.2,0.0169,NA,"K01114",0.996972754793138,1,FALSE,FALSE,FALSE,FALSE
"K15915",0.0249,0,0.552,29.4,49.2,0.0422,NA,"K15915",0.996972754793138,1,FALSE,FALSE,FALSE,FALSE
"K19068",0.0547,0,0.185,48.9,36.8,0.0938,NA,"K19068",0.915841584158416,1,FALSE,FALSE,FALSE,FALSE
"K22205",0.0896,0,0.786,-27.4,101,0.0192,NA,"K22205",0.996972754793138,1,FALSE,FALSE,FALSE,FALSE
"K03768",0.0199,0,0.813,22,93.2,0.0168,NA,"K03768",0.996972754793138,1,FALSE,FALSE,FALSE,FALSE
"K14259",0.0448,0,0.441,41.5,53.7,0.0546,NA,"K14259",0.996972754793138,1,FALSE,FALSE,FALSE,FALSE
"K10860",0.0547,0,0.304,63.5,61.6,0.0728,NA,"K10860",0.996972754793138,1,FALSE,FALSE,FALSE,FALSE
"K25196",0.0448,0,0.547,-45.3,75,0.0428,NA,"K25196",0.996972754793138,1,FALSE,FALSE,FALSE,FALSE
"K23257",0.129,0,0.896,20.3,154,0.0093,NA,"K23257",0.996972754793138,1,FALSE,FALSE,FALSE,FALSE
"K07100",0.313,0,0.554,-21.9,37,0.0419,NA,"K07100",0.996972754793138,1,FALSE,FALSE,FALSE,FALSE
"K01818",0.0348,0,0.931,7.25,83.1,0.00619,NA,"K01818",0.996972754793138,1,FALSE,FALSE,FALSE,FALSE
"K00078",0.184,0,0.672,18,42.3,0.0301,NA,"K00078",0.996972754793138,1,FALSE,FALSE,FALSE,FALSE
"K08093",0.159,0,0.00649,97.9,35.6,0.191,NA,"K08093",0.388823529411765,1,FALSE,FALSE,FALSE,FALSE
"K13665",0.0249,0,0.52,56.5,87.7,0.0456,NA,"K13665",0.996972754793138,1,FALSE,FALSE,FALSE,FALSE
"K01517",0.0547,0,0.35,33.6,35.8,0.0662,NA,"K01517",0.996972754793138,1,FALSE,FALSE,FALSE,FALSE
"K01060",0.159,0,0.243,45.4,38.8,0.0827,NA,"K01060",0.967614533965245,1,FALSE,FALSE,FALSE,FALSE
"K07720",0.139,0,0.832,12.3,57.8,0.0151,NA,"K07720",0.996972754793138,1,FALSE,FALSE,FALSE,FALSE
"K07488",0.0199,0,0.799,15,58.9,0.0181,NA,"K07488",0.996972754793138,1,FALSE,FALSE,FALSE,FALSE
"K27877",0.194,0,0.621,17.9,36.1,0.0351,NA,"K27877",0.996972754793138,1,FALSE,FALSE,FALSE,FALSE
"K15045",0.0299,0,0.424,33.1,41.3,0.0567,NA,"K15045",0.996972754793138,1,FALSE,FALSE,FALSE,FALSE
"K07317",0.0597,0,0.9,4.21,33.5,0.00892,NA,"K07317",0.996972754793138,1,FALSE,FALSE,FALSE,FALSE
"K01739",0.478,0,0.951,-2.86,46.6,0.00436,NA,"K01739",0.996972754793138,1,FALSE,FALSE,FALSE,FALSE
"K07741",0.0796,0,0.309,25.5,25,0.0722,NA,"K07741",0.996972754793138,1,FALSE,FALSE,FALSE,FALSE
"K01400",0.0945,0,0.46,-80.3,109,0.0524,NA,"K01400",0.996972754793138,1,FALSE,FALSE,FALSE,FALSE
"K18346",0.139,0,0.667,15.9,36.8,0.0305,NA,"K18346",0.996972754793138,1,FALSE,FALSE,FALSE,FALSE
"K09704",0.0796,0,0.727,39.3,112,0.0248,NA,"K09704",0.996972754793138,1,FALSE,FALSE,FALSE,FALSE
"K11687",0.0199,0,0.853,15.4,82.6,0.0132,NA,"K11687",0.996972754793138,1,FALSE,FALSE,FALSE,FALSE
"K24915",0.184,0,0.762,-10.4,34.1,0.0215,NA,"K24915",0.996972754793138,1,FALSE,FALSE,FALSE,FALSE
"K13018",0.144,0,0.179,34,25.2,0.0952,NA,"K13018",0.903128153380424,1,FALSE,FALSE,FALSE,FALSE
"K18574",0.0149,0,0.733,-59.7,175,0.0242,NA,"K18574",0.996972754793138,1,FALSE,FALSE,FALSE,FALSE
"K09776",0.0995,0,0.327,-110,112,0.0696,NA,"K09776",0.996972754793138,1,FALSE,FALSE,FALSE,FALSE
"K11089",0.0597,0,0.416,-32.2,39.5,0.0577,NA,"K11089",0.996972754793138,1,FALSE,FALSE,FALSE,FALSE
"K13049",0.0995,0,0.19,-50.8,38.7,0.0927,NA,"K13049",0.925925925925926,1,FALSE,FALSE,FALSE,FALSE
"K24700",0.189,0,0.985,-0.614,32,0.00136,NA,"K24700",0.996972754793138,1,FALSE,FALSE,FALSE,FALSE
"K09474",0.0597,0,0.206,-48.3,38.1,0.0897,NA,"K09474",0.943482224247949,1,FALSE,FALSE,FALSE,FALSE
"K07502",0.124,0,0.297,189,180,0.074,NA,"K07502",0.996972754793138,1,FALSE,FALSE,FALSE,FALSE
"K06877",0.274,0,0.312,33.2,32.8,0.0717,NA,"K06877",0.996972754793138,1,FALSE,FALSE,FALSE,FALSE
"K09765",0.0299,0,0.00826,-260,97.4,0.186,NA,"K09765",0.404901960784314,1,FALSE,FALSE,FALSE,FALSE
"K07276",0.0348,0,0.742,116,352,0.0233,NA,"K06977,K07276,K09065,K12526,K22478,K22881,K23169,K23170",0.996972754793138,1,FALSE,FALSE,FALSE,FALSE
"K06983",0.0249,0,0.402,-113,135,0.0595,NA,"K06983",0.996972754793138,1,FALSE,FALSE,FALSE,FALSE
"K25578",0.0945,0,0.125,-153,99.4,0.109,NA,"K25578",0.844504021447721,1,FALSE,FALSE,FALSE,FALSE
"K13238",0.0398,0,0.797,63,244,0.0183,NA,"K13238",0.996972754793138,1,FALSE,FALSE,FALSE,FALSE
"K22770",0.234,0,0.498,-38.7,57,0.0481,NA,"K22770",0.996972754793138,1,FALSE,FALSE,FALSE,FALSE
"K22769",0.239,0,0.377,-54.5,61.6,0.0626,NA,"K22769",0.996972754793138,1,FALSE,FALSE,FALSE,FALSE
"K12254",0.254,0,0.701,22.5,58.5,0.0273,NA,"K12254",0.996972754793138,1,FALSE,FALSE,FALSE,FALSE
"K11004",0.0597,0,0.535,20.3,32.7,0.0441,NA,"K11004",0.996972754793138,1,FALSE,FALSE,FALSE,FALSE
"K13874",0.0647,0,0.128,-197,129,0.108,NA,"K13874",0.853333333333333,1,FALSE,FALSE,FALSE,FALSE
"K00235",0.0398,0,0.026,-340,151,0.157,NA,"K00235",0.634146341463415,1,FALSE,FALSE,FALSE,FALSE
"K18300",0.204,0,0.72,-42.3,118,0.0254,NA,"K18300",0.996972754793138,1,FALSE,FALSE,FALSE,FALSE
"K21025",0.104,0,0.876,18.2,116,0.0111,NA,"K21025",0.996972754793138,1,FALSE,FALSE,FALSE,FALSE
"K03785",0.0697,0,0.645,-20,43.3,0.0327,NA,"K03785",0.996972754793138,1,FALSE,FALSE,FALSE,FALSE
"K13007",0.179,0,0.659,27.7,62.6,0.0313,NA,"K13007",0.996972754793138,1,FALSE,FALSE,FALSE,FALSE
"K21147",0.179,0,0.158,56.6,40,0.0999,NA,"K21147",0.874049945711183,1,FALSE,FALSE,FALSE,FALSE
"K19300",0.0846,0,0.141,-76.8,52,0.104,NA,"K19300",0.855646100116414,1,FALSE,FALSE,FALSE,FALSE
"K18844",0.0348,0,0.0902,-131,76.9,0.12,NA,"K18844",0.796847635726795,1,FALSE,FALSE,FALSE,FALSE
"K18145",0.0249,0,0.745,16,49,0.0231,NA,"K18145",0.996972754793138,1,FALSE,FALSE,FALSE,FALSE
"K13815",0.0498,0,0.0242,-203,89.2,0.159,NA,"K13815",0.614213197969543,1,FALSE,FALSE,FALSE,FALSE
"K10715",0.0398,0,0.0165,-257,106,0.169,NA,"K10715",0.518867924528302,1,FALSE,FALSE,FALSE,FALSE
"K23722",0.0945,0,0.228,-92.6,76.6,0.0854,NA,"K23722",0.95959595959596,1,FALSE,FALSE,FALSE,FALSE
"K27862",0.0199,0,0.0312,-123,56.5,0.152,NA,"K27862",0.64657980456026,1,FALSE,FALSE,FALSE,FALSE
"K23274",0.114,0,0.41,-32.5,39.3,0.0584,NA,"K23274",0.996972754793138,1,FALSE,FALSE,FALSE,FALSE
"K23275",0.104,0,0.334,-38.4,39.6,0.0686,NA,"K23275",0.996972754793138,1,FALSE,FALSE,FALSE,FALSE
"K07512",0.0896,0,0.0292,-82,37.3,0.154,NA,"K07512",0.64657980456026,1,FALSE,FALSE,FALSE,FALSE
"K27079",0.164,0,0.543,-24,39.3,0.0432,NA,"K27079",0.996972754793138,1,FALSE,FALSE,FALSE,FALSE
"K03759",0.0796,0,0.189,-50.4,38.2,0.093,NA,"K03759",0.9228515625,1,FALSE,FALSE,FALSE,FALSE
"K27042",0.209,0,0.767,57.9,195,0.0211,NA,"K27042",0.996972754793138,1,FALSE,FALSE,FALSE,FALSE
"K06992",0.194,0,0.22,-77.7,63.1,0.0869,NA,"K06992",0.958727429062769,1,FALSE,FALSE,FALSE,FALSE
"K02688",0.0995,0,0.841,-8.23,40.9,0.0143,NA,"K02688",0.996972754793138,1,FALSE,FALSE,FALSE,FALSE
"K06598",0.199,0,0.68,-89.3,216,0.0292,NA,"K06598",0.996972754793138,1,FALSE,FALSE,FALSE,FALSE
"K06597",0.0995,0,0.696,-36.9,94.4,0.0277,NA,"K06597",0.996972754793138,1,FALSE,FALSE,FALSE,FALSE
"K12990",0.114,0,0.774,-7.47,25.9,0.0204,NA,"K12990",0.996972754793138,1,FALSE,FALSE,FALSE,FALSE
"K03692",0.0199,0,0.00802,-201,75,0.187,NA,"K03692",0.404455445544554,1,FALSE,FALSE,FALSE,FALSE
"K18073",0.0398,0,0.161,-56,39.7,0.0993,NA,"K18073",0.874049945711183,1,FALSE,FALSE,FALSE,FALSE
"K12686",0.204,0,0.722,12.9,36.1,0.0252,NA,"K12686",0.996972754793138,1,FALSE,FALSE,FALSE,FALSE
"K21071",0.179,0,0.145,-167,114,0.103,NA,"K21071",0.855646100116414,1,FALSE,FALSE,FALSE,FALSE
"K05020",0.119,0,0.779,-11.1,39.5,0.0199,NA,"K05020",0.996972754793138,1,FALSE,FALSE,FALSE,FALSE
"K25232",0.299,0,0.512,63,96,0.0465,NA,"K25232",0.996972754793138,1,FALSE,FALSE,FALSE,FALSE
"K03793",0.0498,0,0.0794,284,161,0.124,NA,"K03793",0.784046692607004,1,FALSE,FALSE,FALSE,FALSE
"K09167",0.338,0,0.168,-62.2,45,0.0975,NA,"K09167",0.883264462809917,1,FALSE,FALSE,FALSE,FALSE
"K08081",0.0448,0,0.294,-149,141,0.0744,NA,"K08081",0.996972754793138,1,FALSE,FALSE,FALSE,FALSE
"K19594",0.0547,0,0.655,-25.2,56.2,0.0317,NA,"K19594,K19595",0.996972754793138,1,FALSE,FALSE,FALSE,FALSE
"K07131",0.109,0,0.869,-13,78.8,0.0117,NA,"K07131",0.996972754793138,1,FALSE,FALSE,FALSE,FALSE
"K06945",0.104,0,0.81,17.1,70.8,0.0171,NA,"K06945",0.996972754793138,1,FALSE,FALSE,FALSE,FALSE
"K12979",0.179,0,0.945,-3.35,48.6,0.00488,NA,"K12979",0.996972754793138,1,FALSE,FALSE,FALSE,FALSE
"K09925",0.0448,0,0.822,-7.89,35.1,0.0159,NA,"K09925",0.996972754793138,1,FALSE,FALSE,FALSE,FALSE
"K18240",0.0498,0,0.882,-16.1,108,0.0105,NA,"K18240",0.996972754793138,1,FALSE,FALSE,FALSE,FALSE
"K05841",0.0597,0,0.799,10.7,42,0.0181,NA,"K05841",0.996972754793138,1,FALSE,FALSE,FALSE,FALSE
"K20523",0.0697,0,0.354,-71.8,77.3,0.0657,NA,"K20523",0.996972754793138,1,FALSE,FALSE,FALSE,FALSE
"K15983",0.0498,0,0.466,-28.8,39.4,0.0517,NA,"K15983",0.996972754793138,1,FALSE,FALSE,FALSE,FALSE
"K08094",0.159,0,0.0169,79.8,33.1,0.168,NA,"K08094",0.521604938271605,1,FALSE,FALSE,FALSE,FALSE
"K00153",0.0846,0,0.724,89.5,253,0.025,NA,"K00153",0.996972754793138,1,FALSE,FALSE,FALSE,FALSE
"K13280",0.124,0,0.992,-0.45,43.5,0.000733,NA,"K13280",0.996987951807229,1,FALSE,FALSE,FALSE,FALSE
"K26249",0.114,0,0.866,29.4,175,0.0119,NA,"K26249",0.996972754793138,1,FALSE,FALSE,FALSE,FALSE
"K16164",0.134,0,0.262,42.1,37.4,0.0794,NA,"K16164",0.987654320987654,1,FALSE,FALSE,FALSE,FALSE
"K05548",0.348,0,0.4,-24.1,28.6,0.0597,NA,"K05548",0.996972754793138,1,FALSE,FALSE,FALSE,FALSE
"K22553",0.0398,0,0.541,-26.3,42.9,0.0434,NA,"K22553",0.996972754793138,1,FALSE,FALSE,FALSE,FALSE
"K06610",0.0498,0,0.298,51,48.8,0.0738,NA,"K06610",0.996972754793138,1,FALSE,FALSE,FALSE,FALSE
"K20023",0.104,0,0.126,65.6,42.7,0.108,NA,"K20023",0.844504021447721,1,FALSE,FALSE,FALSE,FALSE
"K02164",0.169,0,0.00317,87.6,29.3,0.207,NA,"K02164",0.307894736842105,1,FALSE,FALSE,FALSE,FALSE
"K16047",0.0547,0,0.486,-28.2,40.4,0.0495,NA,"K16047",0.996972754793138,1,FALSE,FALSE,FALSE,FALSE
"K02554",0.0746,0,0.885,3.98,27.5,0.0103,NA,"K02554",0.996972754793138,1,FALSE,FALSE,FALSE,FALSE
"K04073",0.0746,0,0.754,8.73,27.9,0.0222,NA,"K04073",0.996972754793138,1,FALSE,FALSE,FALSE,FALSE
"K01666",0.184,0,0.593,11.2,20.9,0.038,NA,"K01666",0.996972754793138,1,FALSE,FALSE,FALSE,FALSE
"K00446",0.174,0,0.433,29.8,37.8,0.0557,NA,"K00446",0.996972754793138,1,FALSE,FALSE,FALSE,FALSE
"K18833",0.0796,0,0.12,73,46.8,0.11,NA,"K18833",0.84016393442623,1,FALSE,FALSE,FALSE,FALSE
"K25676",0.164,0,0.118,66.2,42.2,0.111,NA,"K25676",0.84016393442623,1,FALSE,FALSE,FALSE,FALSE
"K25677",0.164,0,0.118,66.2,42.2,0.111,NA,"K25677",0.84016393442623,1,FALSE,FALSE,FALSE,FALSE
"K25678",0.164,0,0.118,66.2,42.2,0.111,NA,"K25678",0.84016393442623,1,FALSE,FALSE,FALSE,FALSE
"K09814",0.164,0,0.605,22.7,43.9,0.0367,NA,"K09813,K09814",0.996972754793138,1,FALSE,FALSE,FALSE,FALSE
"K03392",0.104,0,0.662,11.9,27.3,0.031,NA,"K03392",0.996972754793138,1,FALSE,FALSE,FALSE,FALSE
"K14337",0.0846,0,0.724,89.5,253,0.025,NA,"K14337",0.996972754793138,1,FALSE,FALSE,FALSE,FALSE
"K00309",0.0746,0,0.00344,218,73.7,0.205,NA,"K00309",0.307894736842105,1,FALSE,FALSE,FALSE,FALSE
"K18926",0.244,0,0.628,-33.5,69.1,0.0344,NA,"K18926",0.996972754793138,1,FALSE,FALSE,FALSE,FALSE
"K00619",0.169,0,0.302,-201,195,0.0731,NA,"K00619",0.996972754793138,1,FALSE,FALSE,FALSE,FALSE
"K05881",0.388,0,0.843,13.7,69.1,0.0141,NA,"K05881",0.996972754793138,1,FALSE,FALSE,FALSE,FALSE
"K07067",0.219,0,0.98,4.68,182,0.00182,NA,"K07067",0.996972754793138,1,FALSE,FALSE,FALSE,FALSE
"K10242",0.0796,0,0.411,59.3,72,0.0583,NA,"K10242",0.996972754793138,1,FALSE,FALSE,FALSE,FALSE
"K18198",0.0348,0,0.602,-32,61.3,0.037,NA,"K18198",0.996972754793138,1,FALSE,FALSE,FALSE,FALSE
"K13315",0.0796,0,0.76,-22.8,74.5,0.0217,NA,"K13315",0.996972754793138,1,FALSE,FALSE,FALSE,FALSE
"K18215",0.0597,0,0.48,41.3,58.4,0.0501,NA,"K18215",0.996972754793138,1,FALSE,FALSE,FALSE,FALSE
"K03090",0.174,0,0.817,15.3,66.1,0.0165,NA,"K03090",0.996972754793138,1,FALSE,FALSE,FALSE,FALSE
"K15521",0.139,0,0.96,-5.13,102,0.00358,NA,"K15521",0.996972754793138,1,FALSE,FALSE,FALSE,FALSE
"K21345",0.104,0,0.733,17.1,50.2,0.0242,NA,"K21345",0.996972754793138,1,FALSE,FALSE,FALSE,FALSE
"K02476",0.154,0,0.304,41.1,39.8,0.0729,NA,"K02476",0.996972754793138,1,FALSE,FALSE,FALSE,FALSE
"K04477",0.109,0,0.793,45.9,174,0.0187,NA,"K04477",0.996972754793138,1,FALSE,FALSE,FALSE,FALSE
"K16139",0.0348,0,0.328,59.8,61,0.0693,NA,"K16139",0.996972754793138,1,FALSE,FALSE,FALSE,FALSE
"K17228",0.239,0,0.34,26.9,28.1,0.0677,NA,"K17228",0.996972754793138,1,FALSE,FALSE,FALSE,FALSE
"K09764",0.199,0,0.269,108,97.2,0.0784,NA,"K09764",0.987654320987654,1,FALSE,FALSE,FALSE,FALSE
"K01421",0.239,0,0.604,42,80.9,0.0368,NA,"K01421",0.996972754793138,1,FALSE,FALSE,FALSE,FALSE
"K24116",0.313,0,0.0315,48.7,22.5,0.152,NA,"K24116",0.64657980456026,1,FALSE,FALSE,FALSE,FALSE
"K16147",0.343,0,0.808,14.3,58.7,0.0172,NA,"K16147",0.996972754793138,1,FALSE,FALSE,FALSE,FALSE
"K16146",0.114,0,0.0513,-259,132,0.138,NA,"K16146",0.700534759358289,1,FALSE,FALSE,FALSE,FALSE
"K05549",0.274,0,0.5,21.9,32.4,0.0479,NA,"K05549,K05550,K05784",0.996972754793138,1,FALSE,FALSE,FALSE,FALSE
"K05783",0.289,0,0.753,9.59,30.5,0.0223,NA,"K05783",0.996972754793138,1,FALSE,FALSE,FALSE,FALSE
"K03464",0.308,0,0.808,-8.04,33.1,0.0172,NA,"K03464",0.996972754793138,1,FALSE,FALSE,FALSE,FALSE
"K16163",0.109,0,0.0448,136,67.2,0.142,NA,"K16163",0.662721893491124,1,FALSE,FALSE,FALSE,FALSE
"K12554",0.0299,0,0.443,61.4,79.8,0.0545,NA,"K12554",0.996972754793138,1,FALSE,FALSE,FALSE,FALSE
"K14956",0.259,0,0.716,-39.4,108,0.0258,NA,"K14956",0.996972754793138,1,FALSE,FALSE,FALSE,FALSE
"K10843",0.159,0,0.957,15.6,286,0.00387,NA,"K10843",0.996972754793138,1,FALSE,FALSE,FALSE,FALSE
"K06605",0.164,0,0.0767,48,27,0.125,NA,"K06605",0.781376518218624,1,FALSE,FALSE,FALSE,FALSE
"K06609",0.169,0,0.351,28.4,30.4,0.0661,NA,"K06609",0.996972754793138,1,FALSE,FALSE,FALSE,FALSE
"K25365",0.109,0,0.231,171,142,0.0849,NA,"K25365",0.96089850249584,1,FALSE,FALSE,FALSE,FALSE
"K18887",0.254,0,0.833,35.2,167,0.0149,NA,"K18887",0.996972754793138,1,FALSE,FALSE,FALSE,FALSE
"K18888",0.254,0,0.833,35.2,167,0.0149,NA,"K18888",0.996972754793138,1,FALSE,FALSE,FALSE,FALSE
"K21687",0.0796,0,0.314,-76.6,75.9,0.0713,NA,"K21687",0.996972754793138,1,FALSE,FALSE,FALSE,FALSE
"K14520",0.0149,0,0.0346,146,68.7,0.149,NA,"K14520",0.64657980456026,1,FALSE,FALSE,FALSE,FALSE
"K08368",0.159,0,0.115,43.6,27.5,0.112,NA,"K08368",0.84016393442623,1,FALSE,FALSE,FALSE,FALSE
"K22894",0.104,0,0.659,17.4,39.4,0.0313,NA,"K22894",0.996972754793138,1,FALSE,FALSE,FALSE,FALSE
"K12583",0.0846,0,0.00467,176,61.4,0.199,NA,"K12583",0.343382352941176,1,FALSE,FALSE,FALSE,FALSE
"K28762",0.368,0,0.311,43.1,42.5,0.0718,NA,"K28762",0.996972754793138,1,FALSE,FALSE,FALSE,FALSE
"K09009",0.159,0,0.74,-72.9,219,0.0236,NA,"K09009",0.996972754793138,1,FALSE,FALSE,FALSE,FALSE
"K20469",0.194,0,0.18,216,161,0.095,NA,"K20469",0.905432595573441,1,FALSE,FALSE,FALSE,FALSE
"K18455",0.104,0,0.962,-9.05,189,0.0034,NA,"K18455",0.996972754793138,1,FALSE,FALSE,FALSE,FALSE
"K21688",0.169,0,0.933,-11.8,139,0.00601,NA,"K21688",0.996972754793138,1,FALSE,FALSE,FALSE,FALSE
"K23842",0.129,0,0.932,18.5,216,0.00607,NA,"K10005,K10008,K23842",0.996972754793138,1,FALSE,FALSE,FALSE,FALSE
"K27095",0.124,0,0.229,-223,185,0.0851,NA,"K27095",0.959933222036728,1,FALSE,FALSE,FALSE,FALSE
"K02478",0.0995,0,0.978,-3.78,134,0.002,NA,"K02478",0.996972754793138,1,FALSE,FALSE,FALSE,FALSE
"K11410",0.159,0,0.881,19,127,0.0106,NA,"K11410",0.996972754793138,1,FALSE,FALSE,FALSE,FALSE
"K18290",0.149,0,0.18,106,78.5,0.0949,NA,"K18290",0.905432595573441,1,FALSE,FALSE,FALSE,FALSE
"K23555",0.114,0,0.958,-9.35,177,0.00373,NA,"K23555",0.996972754793138,1,FALSE,FALSE,FALSE,FALSE
"K06976",0.149,0,0.182,152,114,0.0945,NA,"K06976",0.913173652694611,1,FALSE,FALSE,FALSE,FALSE
"K06117",0.149,0,0.0258,-320,143,0.157,NA,"K06117",0.634146341463415,1,FALSE,FALSE,FALSE,FALSE
"K04074",0.264,0,0.897,-35.7,276,0.00917,NA,"K04074",0.996972754793138,1,FALSE,FALSE,FALSE,FALSE
"K16014",0.0796,0,0.417,-95.9,118,0.0576,NA,"K16014",0.996972754793138,1,FALSE,FALSE,FALSE,FALSE
"K07586",0.179,0,0.000103,286,72.1,0.27,NA,"K07586",0.108,0.515,FALSE,FALSE,FALSE,FALSE
"K01239",0.0896,0,0.14,-165,111,0.105,NA,"K01239",0.855646100116414,1,FALSE,FALSE,FALSE,FALSE
"K17883",0.0199,0,0.881,11.5,76.8,0.0106,NA,"K17883",0.996972754793138,1,FALSE,FALSE,FALSE,FALSE
"K22010",0.189,0,0.337,-55.3,57.4,0.0681,NA,"K22010",0.996972754793138,1,FALSE,FALSE,FALSE,FALSE
"K22213",0.0647,0,0.427,33.3,41.8,0.0564,NA,"K22213",0.996972754793138,1,FALSE,FALSE,FALSE,FALSE
"K04104",0.0796,0,0.319,-129,129,0.0706,NA,"K04104",0.996972754793138,1,FALSE,FALSE,FALSE,FALSE
"K28614",0.0796,0,0.634,20.8,43.7,0.0338,NA,"K28614",0.996972754793138,1,FALSE,FALSE,FALSE,FALSE
"K18701",0.0348,0,0.0451,123,61,0.142,NA,"K18701",0.665191740412979,1,FALSE,FALSE,FALSE,FALSE
"K03429",0.134,0,0.896,-7.26,55.6,0.00925,NA,"K03429",0.996972754793138,1,FALSE,FALSE,FALSE,FALSE
"K28682",0.129,0,0.00237,92.4,30,0.213,NA,"K28682",0.289024390243902,1,FALSE,FALSE,FALSE,FALSE
"K27501",0.224,0,0.00742,78.9,29.2,0.188,NA,"K27501",0.403804347826087,1,FALSE,FALSE,FALSE,FALSE
"K28683",0.0746,0,0.0566,84.4,44,0.135,NA,"K28683",0.710526315789474,1,FALSE,FALSE,FALSE,FALSE
"K28684",0.0597,0,0.0158,128,52.7,0.17,NA,"K28684",0.506410256410256,1,FALSE,FALSE,FALSE,FALSE
"K01466",0.264,0,0.621,21.4,43.1,0.0351,NA,"K01466",0.996972754793138,1,FALSE,FALSE,FALSE,FALSE
"K00365",0.114,0,0.122,131,84.6,0.109,NA,"K00365",0.84016393442623,1,FALSE,FALSE,FALSE,FALSE
"K12528",0.124,0,0.747,15.9,49.1,0.0229,NA,"K12528",0.996972754793138,1,FALSE,FALSE,FALSE,FALSE
"K19190",0.0697,0,0.437,58,74.5,0.0552,NA,"K19190",0.996972754793138,1,FALSE,FALSE,FALSE,FALSE
"K06413",0.239,0,0.742,11.1,33.6,0.0234,NA,"K06413",0.996972754793138,1,FALSE,FALSE,FALSE,FALSE
"K07155",0.0697,0,0.707,-19.4,51.7,0.0266,NA,"K07155",0.996972754793138,1,FALSE,FALSE,FALSE,FALSE
"K20902",0.159,0,0.866,10.6,62.6,0.0119,NA,"K20902",0.996972754793138,1,FALSE,FALSE,FALSE,FALSE
"K06324",0.0448,0,0.364,40,43.9,0.0644,NA,"K06324",0.996972754793138,1,FALSE,FALSE,FALSE,FALSE
"K26749",0.0547,0,0.226,-60,49.4,0.0858,NA,"K26749",0.95959595959596,1,FALSE,FALSE,FALSE,FALSE
"K22270",0.139,0,0.799,8.83,34.7,0.0181,NA,"K22270",0.996972754793138,1,FALSE,FALSE,FALSE,FALSE
"K16148",0.129,0,0.666,27.5,63.7,0.0306,NA,"K16148",0.996972754793138,1,FALSE,FALSE,FALSE,FALSE
"K15526",0.0995,0,0.583,50.5,91.8,0.039,NA,"K15526",0.996972754793138,1,FALSE,FALSE,FALSE,FALSE
"K07442",0.129,0,0.567,58.8,103,0.0406,NA,"K03727,K07442,K13572,K13573",0.996972754793138,1,FALSE,FALSE,FALSE,FALSE
"K13527",0.0945,0,0.489,67.9,98.1,0.0491,NA,"K03432,K03433,K13527,K13570,K13571,K20814",0.996972754793138,1,FALSE,FALSE,FALSE,FALSE
"K24033",0.0746,0,0.374,88.1,98.8,0.0631,NA,"K24033",0.996972754793138,1,FALSE,FALSE,FALSE,FALSE
"K25144",0.0647,0,0.632,27.1,56.6,0.034,NA,"K25142,K25144",0.996972754793138,1,FALSE,FALSE,FALSE,FALSE
"K07695",0.0846,0,0.293,-72.4,68.7,0.0745,NA,"K07695",0.996972754793138,1,FALSE,FALSE,FALSE,FALSE
"K07682",0.104,0,0.738,-21.7,64.7,0.0238,NA,"K07682",0.996972754793138,1,FALSE,FALSE,FALSE,FALSE
"K12952",0.0398,0,0.427,-38.5,48.4,0.0563,NA,"K12952",0.996972754793138,1,FALSE,FALSE,FALSE,FALSE
"K24131",0.264,0,0.11,97.2,60.6,0.113,NA,"K24131",0.84016393442623,1,FALSE,FALSE,FALSE,FALSE
"K23393",0.114,0,0.242,94.7,80.7,0.0829,NA,"K07009,K23393",0.967614533965245,1,FALSE,FALSE,FALSE,FALSE
"K27681",0.104,0,0.843,42.5,214,0.0141,NA,"K27681",0.996972754793138,1,FALSE,FALSE,FALSE,FALSE
"K18917",0.229,0,0.49,29.3,42.3,0.0489,NA,"K18917",0.996972754793138,1,FALSE,FALSE,FALSE,FALSE
"K11358",0.0398,0,0.114,91.8,57.9,0.112,NA,"K11358",0.84016393442623,1,FALSE,FALSE,FALSE,FALSE
"K24120",0.124,0,0.679,-91,220,0.0294,NA,"K24120",0.996972754793138,1,FALSE,FALSE,FALSE,FALSE
"K07030",0.224,0,0.796,65.4,253,0.0183,NA,"K01926,K07030",0.996972754793138,1,FALSE,FALSE,FALSE,FALSE
"K03296",0.254,0,0.783,83.8,305,0.0195,NA,"K03296",0.996972754793138,1,FALSE,FALSE,FALSE,FALSE
"K16649",0.129,0,0.165,148,106,0.0982,NA,"K16649",0.882978723404255,1,FALSE,FALSE,FALSE,FALSE
"K02074",0.154,0,0.385,40.8,46.9,0.0617,NA,"K02074",0.996972754793138,1,FALSE,FALSE,FALSE,FALSE
"K23987",0.0746,0,0.798,-12.6,49.2,0.0182,NA,"K23987",0.996972754793138,1,FALSE,FALSE,FALSE,FALSE
"K16650",0.104,0,0.857,15.2,84.2,0.0128,NA,"K16650",0.996972754793138,1,FALSE,FALSE,FALSE,FALSE
"K08372",0.124,0,0.28,172,159,0.0765,NA,"K08372",0.99290780141844,1,FALSE,FALSE,FALSE,FALSE
"K09118",0.139,0,0.81,-32.4,134,0.0171,NA,"K09118",0.996972754793138,1,FALSE,FALSE,FALSE,FALSE
"K06979",0.189,0,0.639,-24.5,52.1,0.0333,NA,"K06979",0.996972754793138,1,FALSE,FALSE,FALSE,FALSE
"K00231",0.254,0,0.453,-58.8,78.1,0.0533,NA,"K00231",0.996972754793138,1,FALSE,FALSE,FALSE,FALSE
"K07319",0.114,0,0.916,6.83,64.8,0.00747,NA,"K07319",0.996972754793138,1,FALSE,FALSE,FALSE,FALSE
"K10006",0.139,0,0.509,50.6,76.5,0.0469,NA,"K10006",0.996972754793138,1,FALSE,FALSE,FALSE,FALSE
"K10007",0.139,0,0.874,12,75.9,0.0112,NA,"K10007",0.996972754793138,1,FALSE,FALSE,FALSE,FALSE
"K01858",0.149,0,0.859,-12,67.4,0.0127,NA,"K01858",0.996972754793138,1,FALSE,FALSE,FALSE,FALSE
"K00392",0.114,0,0.279,99.5,91.6,0.0768,NA,"K00392",0.992176386913229,1,FALSE,FALSE,FALSE,FALSE
"K21401",0.0995,0,0.826,60.3,273,0.0156,NA,"K21401",0.996972754793138,1,FALSE,FALSE,FALSE,FALSE
"K25149",0.104,0,0.205,43.2,33.9,0.0898,NA,"K25149",0.943482224247949,1,FALSE,FALSE,FALSE,FALSE
"K25150",0.104,0,0.205,43.2,33.9,0.0898,NA,"K25150",0.943482224247949,1,FALSE,FALSE,FALSE,FALSE
"K25588",0.0945,0,0.196,82.4,63.5,0.0916,NA,"K25588",0.931558935361217,1,FALSE,FALSE,FALSE,FALSE
"K01005",0.239,0,0.479,50,70.6,0.0502,NA,"K01005",0.996972754793138,1,FALSE,FALSE,FALSE,FALSE
"K18230",0.0796,0,0.0169,152,63.2,0.168,NA,"K18230",0.521604938271605,1,FALSE,FALSE,FALSE,FALSE
"K11602",0.0448,0,0.0397,93.2,45,0.145,NA,"K11602",0.64657980456026,1,FALSE,FALSE,FALSE,FALSE
"K11601",0.0448,0,0.0397,93.2,45,0.145,NA,"K11601",0.64657980456026,1,FALSE,FALSE,FALSE,FALSE
"K02497",0.239,0,0.772,49.2,169,0.0206,NA,"K02497",0.996972754793138,1,FALSE,FALSE,FALSE,FALSE
"K14519",0.104,0,0.129,95.7,62.7,0.108,NA,"K14519",0.855437665782493,1,FALSE,FALSE,FALSE,FALSE
"K04768",0.199,0,0.971,7.71,214,0.00255,NA,"K04768",0.996972754793138,1,FALSE,FALSE,FALSE,FALSE
"K00008",0.0746,0,0.626,18.5,38,0.0346,NA,"K00008",0.996972754793138,1,FALSE,FALSE,FALSE,FALSE
"K25064",0.0498,0,0.00702,185,67.7,0.19,NA,"K25062,K25063,K25064",0.403448275862069,1,FALSE,FALSE,FALSE,FALSE
"K00594",0.109,0,0.0381,119,57.2,0.146,NA,"K00594",0.64657980456026,1,FALSE,FALSE,FALSE,FALSE
"K17755",0.0348,0,0.0246,135,59.4,0.159,NA,"K17755",0.621212121212121,1,FALSE,FALSE,FALSE,FALSE
"K28029",0.234,0,0.0485,66.3,33.4,0.139,NA,"K28029",0.681179775280899,1,FALSE,FALSE,FALSE,FALSE
"K16927",0.0697,0,0.000108,268,67.7,0.27,NA,"K16927",0.108,0.54,FALSE,FALSE,FALSE,FALSE
"K22336",0.0647,0,0.0342,115,53.9,0.149,NA,"K22336",0.64657980456026,1,FALSE,FALSE,FALSE,FALSE
"K19311",0.0398,0,0.833,-12.4,58.6,0.015,NA,"K19311",0.996972754793138,1,FALSE,FALSE,FALSE,FALSE
"K13950",0.0896,0,0.482,58.5,83.1,0.0499,NA,"K13950",0.996972754793138,1,FALSE,FALSE,FALSE,FALSE
"K01218",0.0398,0,0.314,46,45.6,0.0714,NA,"K01218",0.996972754793138,1,FALSE,FALSE,FALSE,FALSE
"K16925",0.224,0,0.552,-55,92.4,0.0422,NA,"K16925",0.996972754793138,1,FALSE,FALSE,FALSE,FALSE
"K07228",0.229,0,0.768,-44.4,150,0.0209,NA,"K07228",0.996972754793138,1,FALSE,FALSE,FALSE,FALSE
"K26732",0.229,0,0.768,-44.4,150,0.0209,NA,"K26732",0.996972754793138,1,FALSE,FALSE,FALSE,FALSE
"K25286",0.234,0,0.469,25.1,34.6,0.0513,NA,"K25286",0.996972754793138,1,FALSE,FALSE,FALSE,FALSE
"K22107",0.0896,0,0.896,10.6,81.2,0.00924,NA,"K22107",0.996972754793138,1,FALSE,FALSE,FALSE,FALSE
"K02798",0.194,0,0.143,80.5,54.8,0.104,NA,"K02798",0.855646100116414,1,FALSE,FALSE,FALSE,FALSE
"K13892",0.104,0,0.988,-1.02,68.5,0.00105,NA,"K13892",0.996972754793138,1,FALSE,FALSE,FALSE,FALSE
"K16515",0.0498,0,0.737,-10.8,32,0.0238,NA,"K16515",0.996972754793138,1,FALSE,FALSE,FALSE,FALSE
"K11947",0.0697,0,0.824,-11.9,53.5,0.0158,NA,"K11947",0.996972754793138,1,FALSE,FALSE,FALSE,FALSE
"K26740",0.0299,0,0.81,-13.1,54.3,0.017,NA,"K26740",0.996972754793138,1,FALSE,FALSE,FALSE,FALSE
"K21600",0.264,0,0.104,112,68.4,0.115,NA,"K21600",0.82670906200318,1,FALSE,FALSE,FALSE,FALSE
"K22844",0.0697,0,0.0815,-77.7,44.4,0.123,NA,"K22844",0.78585086042065,1,FALSE,FALSE,FALSE,FALSE
"K05880",0.0498,0,0.862,16.1,92.1,0.0124,NA,"K05880",0.996972754793138,1,FALSE,FALSE,FALSE,FALSE
"K07495",0.0348,0,0.049,66,33.3,0.139,NA,"K07495",0.684210526315789,1,FALSE,FALSE,FALSE,FALSE
"K21344",0.229,0,0.68,20,48.3,0.0293,NA,"K21344",0.996972754793138,1,FALSE,FALSE,FALSE,FALSE
"K11021",0.0896,0,0.698,-12,30.7,0.0276,NA,"K11021",0.996972754793138,1,FALSE,FALSE,FALSE,FALSE
"K15852",0.0448,0,0.607,114,221,0.0365,NA,"K15852,K18927,K19213,K20801",0.996972754793138,1,FALSE,FALSE,FALSE,FALSE
"K11023",0.0299,0,0.302,-61.7,59.7,0.0731,NA,"K11023",0.996972754793138,1,FALSE,FALSE,FALSE,FALSE
"K12531",0.0149,0,0.87,-8.07,49.3,0.0116,NA,"K12531",0.996972754793138,1,FALSE,FALSE,FALSE,FALSE
"K16872",0.239,0,0.557,77.9,133,0.0416,NA,"K16872",0.996972754793138,1,FALSE,FALSE,FALSE,FALSE
"K14056",0.0796,0,0.461,-52.5,71.1,0.0523,NA,"K14056",0.996972754793138,1,FALSE,FALSE,FALSE,FALSE
"K00316",0.0697,0,0.842,-8.43,42.4,0.0141,NA,"K00316",0.996972754793138,1,FALSE,FALSE,FALSE,FALSE
"K28380",0.0149,0,0.489,57.3,82.6,0.0491,NA,"K28380",0.996972754793138,1,FALSE,FALSE,FALSE,FALSE
"K06282",0.0697,0,0.986,0.967,56.1,0.00122,NA,"K03605,K06282",0.996972754793138,1,FALSE,FALSE,FALSE,FALSE
"K06281",0.0547,0,0.357,68.4,74.2,0.0652,NA,"K06281",0.996972754793138,1,FALSE,FALSE,FALSE,FALSE
"K12143",0.0299,0,0.783,16.3,59.1,0.0196,NA,"K12143",0.996972754793138,1,FALSE,FALSE,FALSE,FALSE
"K12138",0.0348,0,0.851,14,74.3,0.0133,NA,"K12136,K12138",0.996972754793138,1,FALSE,FALSE,FALSE,FALSE
"K12137",0.0647,0,0.719,-16.3,45.1,0.0256,NA,"K12137",0.996972754793138,1,FALSE,FALSE,FALSE,FALSE
"K19659",0.0299,0,0.663,33.8,77.5,0.0309,NA,"K19659,K22954",0.996972754793138,1,FALSE,FALSE,FALSE,FALSE
"K19113",0.139,0,0.748,-16.8,52.3,0.0228,NA,"K19113",0.996972754793138,1,FALSE,FALSE,FALSE,FALSE
"K12678",0.0547,0,0.792,13.4,50.7,0.0187,NA,"K12678",0.996972754793138,1,FALSE,FALSE,FALSE,FALSE
"K12527",0.0249,0,0.887,-8.08,56.7,0.0101,NA,"K12527",0.996972754793138,1,FALSE,FALSE,FALSE,FALSE
"K12529",0.0199,0,0.887,-9.74,68.5,0.0101,NA,"K12529",0.996972754793138,1,FALSE,FALSE,FALSE,FALSE
"K00087",0.0746,0,0.816,10.7,46,0.0165,NA,"K00087",0.996972754793138,1,FALSE,FALSE,FALSE,FALSE
"K13479",0.0796,0,0.853,-8.29,44.7,0.0131,NA,"K13479",0.996972754793138,1,FALSE,FALSE,FALSE,FALSE
"K10952",0.0299,0,0.603,-24.8,47.6,0.0369,NA,"K10952",0.996972754793138,1,FALSE,FALSE,FALSE,FALSE
"K04018",0.0398,0,0.21,106,84.5,0.0888,NA,"K04018",0.946188340807175,1,FALSE,FALSE,FALSE,FALSE
"K20755",0.0398,0,0.922,-8.12,83.1,0.00692,NA,"K20755",0.996972754793138,1,FALSE,FALSE,FALSE,FALSE
"K07078",0.169,0,0.0443,133,65.7,0.142,NA,"K07078",0.65922619047619,1,FALSE,FALSE,FALSE,FALSE
"K06926",0.0647,0,0.871,4.39,27.1,0.0115,NA,"K06926",0.996972754793138,1,FALSE,FALSE,FALSE,FALSE
"K18367",0.0995,0,0.971,-2.61,70.6,0.00262,NA,"K18367",0.996972754793138,1,FALSE,FALSE,FALSE,FALSE
"K02598",0.104,0,0.675,-24.6,58.7,0.0297,NA,"K02598",0.996972754793138,1,FALSE,FALSE,FALSE,FALSE
"K02464",0.0299,0,0.829,9.42,43.6,0.0153,NA,"K02464",0.996972754793138,1,FALSE,FALSE,FALSE,FALSE
"K08659",0.0348,0,0.0716,-75.8,41.9,0.127,NA,"K08659",0.763326226012793,1,FALSE,FALSE,FALSE,FALSE
"K03757",0.0348,0,0.961,2.77,56.1,0.0035,NA,"K03757",0.996972754793138,1,FALSE,FALSE,FALSE,FALSE
"K00385",0.0149,0,0.798,-20,78,0.0182,NA,"K00385,K16346,K16950,K16951",0.996972754793138,1,FALSE,FALSE,FALSE,FALSE
"K11921",0.289,0,0.236,-39.7,33.4,0.0839,NA,"K11921",0.96419853539463,1,FALSE,FALSE,FALSE,FALSE
"K13480",0.0199,0,0.366,-65.3,72.1,0.064,NA,"K13480",0.996972754793138,1,FALSE,FALSE,FALSE,FALSE
"K10906",0.0149,0,0.687,23.2,57.5,0.0286,NA,"K10906",0.996972754793138,1,FALSE,FALSE,FALSE,FALSE
"K06900",0.0249,0,0.839,-8.77,43.2,0.0144,NA,"K06900,K25555",0.996972754793138,1,FALSE,FALSE,FALSE,FALSE
"K03223",0.0846,0,0.539,-20.7,33.7,0.0436,NA,"K03223",0.996972754793138,1,FALSE,FALSE,FALSE,FALSE
"K04054",0.0448,0,0.453,-27,35.9,0.0533,NA,"K04054",0.996972754793138,1,FALSE,FALSE,FALSE,FALSE
"K04052",0.0199,0,0.969,2.33,60.1,0.00275,NA,"K04049,K04050,K04051,K04052,K04057,K23476",0.996972754793138,1,FALSE,FALSE,FALSE,FALSE
"K03221",0.0448,0,0.342,33.3,35,0.0674,NA,"K03221",0.996972754793138,1,FALSE,FALSE,FALSE,FALSE
"K04060",0.0348,0,0.889,-5.46,39.1,0.00989,NA,"K04060",0.996972754793138,1,FALSE,FALSE,FALSE,FALSE
"K04059",0.0199,0,0.969,2.33,60.1,0.00275,NA,"K04059",0.996972754793138,1,FALSE,FALSE,FALSE,FALSE
"K04056",0.0498,0,0.832,7.29,34.3,0.0151,NA,"K04056",0.996972754793138,1,FALSE,FALSE,FALSE,FALSE
"K03225",0.109,0,0.672,11.7,27.6,0.03,NA,"K03225",0.996972754793138,1,FALSE,FALSE,FALSE,FALSE
"K02769",0.0348,0,0.492,-43.4,63,0.0488,NA,"K02769",0.996972754793138,1,FALSE,FALSE,FALSE,FALSE
"K21965",0.119,0,0.802,-8.64,34.5,0.0178,NA,"K21965",0.996972754793138,1,FALSE,FALSE,FALSE,FALSE
"K09945",0.279,0,0.521,-25,38.9,0.0455,NA,"K09945",0.996972754793138,1,FALSE,FALSE,FALSE,FALSE
"K07812",0.0597,0,0.58,33.8,60.9,0.0393,NA,"K07812",0.996972754793138,1,FALSE,FALSE,FALSE,FALSE
"K16636",0.0149,0,0.452,43.3,57.5,0.0534,NA,"K16636",0.996972754793138,1,FALSE,FALSE,FALSE,FALSE
"K28187",0.0796,0,0.239,35.3,29.9,0.0834,NA,"K28187",0.966046887631366,1,FALSE,FALSE,FALSE,FALSE
"K07505",0.0299,0,0.504,-27.4,40.9,0.0474,NA,"K07505",0.996972754793138,1,FALSE,FALSE,FALSE,FALSE
"K05873",0.0846,0,0.91,-5.53,49.1,0.00799,NA,"K05873",0.996972754793138,1,FALSE,FALSE,FALSE,FALSE
"K16923",0.104,0,0.0913,-84.7,49.9,0.119,NA,"K16923",0.798076923076923,1,FALSE,FALSE,FALSE,FALSE
"K16638",0.0249,0,0.328,41.3,42.2,0.0693,NA,"K16638",0.996972754793138,1,FALSE,FALSE,FALSE,FALSE
"K23876",0.0149,0,0.349,-61.8,65.8,0.0665,NA,"K23876",0.996972754793138,1,FALSE,FALSE,FALSE,FALSE
"K20431",0.0149,0,0.661,-21.6,49.2,0.0311,NA,"K20431",0.996972754793138,1,FALSE,FALSE,FALSE,FALSE
"K09137",0.0945,0,0.662,-16.2,36.9,0.031,NA,"K09137",0.996972754793138,1,FALSE,FALSE,FALSE,FALSE
"K24285",0.0149,0,0.17,-64.5,46.9,0.0971,NA,"K24285",0.883264462809917,1,FALSE,FALSE,FALSE,FALSE
"K03410",0.159,0,0.988,-0.491,33,0.00106,NA,"K03410",0.996972754793138,1,FALSE,FALSE,FALSE,FALSE
"K18365",0.0448,0,0.21,-47.8,38.1,0.0887,NA,"K18365",0.946188340807175,1,FALSE,FALSE,FALSE,FALSE
"K18366",0.0448,0,0.21,-47.8,38.1,0.0887,NA,"K18366",0.946188340807175,1,FALSE,FALSE,FALSE,FALSE
"K01617",0.0697,0,0.993,0.263,28.9,0.000644,NA,"K01617",0.996987951807229,1,FALSE,FALSE,FALSE,FALSE
"K18364",0.0547,0,0.453,-26.5,35.2,0.0532,NA,"K18364",0.996972754793138,1,FALSE,FALSE,FALSE,FALSE
"K10217",0.0597,0,0.933,2.5,29.7,0.00597,NA,"K10217",0.996972754793138,1,FALSE,FALSE,FALSE,FALSE
"K16242",0.0149,0,0.804,-17.3,69.7,0.0176,NA,"K16242",0.996972754793138,1,FALSE,FALSE,FALSE,FALSE
"K05713",0.0299,0,0.424,-31.4,39.2,0.0567,NA,"K05713",0.996972754793138,1,FALSE,FALSE,FALSE,FALSE
"K05714",0.0249,0,0.585,-23.3,42.6,0.0388,NA,"K05714",0.996972754793138,1,FALSE,FALSE,FALSE,FALSE
"K22450",0.0398,0,0.99,-0.749,59.7,0.000889,NA,"K22450",0.996978851963746,1,FALSE,FALSE,FALSE,FALSE
"K03465",0.0299,0,0.866,-9.33,55.4,0.0119,NA,"K03465",0.996972754793138,1,FALSE,FALSE,FALSE,FALSE
"K07536",0.0249,0,0.943,-3.79,53.3,0.00504,NA,"K07536",0.996972754793138,1,FALSE,FALSE,FALSE,FALSE
"K04117",0.0299,0,0.372,42,47,0.0633,NA,"K04117",0.996972754793138,1,FALSE,FALSE,FALSE,FALSE
"K04116",0.0299,0,0.674,18.5,43.9,0.0299,NA,"K04116",0.996972754793138,1,FALSE,FALSE,FALSE,FALSE
"K16880",0.0299,0,0.0542,89,46,0.136,NA,"K16876,K16877,K16880",0.704834605597964,1,FALSE,FALSE,FALSE,FALSE
"K16879",0.0199,0,0.123,86.3,55.6,0.109,NA,"K16879",0.84016393442623,1,FALSE,FALSE,FALSE,FALSE
"K18067",0.0149,0,0.26,54.1,48,0.0798,NA,"K18067",0.987654320987654,1,FALSE,FALSE,FALSE,FALSE
"K18068",0.0348,0,0.935,2.75,33.9,0.00575,NA,"K18068",0.996972754793138,1,FALSE,FALSE,FALSE,FALSE
"K01086",0.0448,0,0.885,-10,69.3,0.0103,NA,"K01086",0.996972754793138,1,FALSE,FALSE,FALSE,FALSE
"K19640",0.0498,0,0.344,41.5,43.7,0.0671,NA,"K19640",0.996972754793138,1,FALSE,FALSE,FALSE,FALSE
"K03620",0.0149,0,0.362,68.7,75.1,0.0647,NA,"K03620",0.996972754793138,1,FALSE,FALSE,FALSE,FALSE
"K00150",0.119,0,0.515,48.4,74.2,0.0462,NA,"K00150",0.996972754793138,1,FALSE,FALSE,FALSE,FALSE
"K13002",0.0348,0,0.048,109,54.7,0.14,NA,"K13002",0.677966101694915,1,FALSE,FALSE,FALSE,FALSE
"K01787",0.0199,0,0.638,-30.3,64.4,0.0334,NA,"K01787",0.996972754793138,1,FALSE,FALSE,FALSE,FALSE
"K02347",0.119,0,0.648,-30.7,67.2,0.0324,NA,"K02347",0.996972754793138,1,FALSE,FALSE,FALSE,FALSE
"K03333",0.199,0,0.016,61.3,25.2,0.17,NA,"K03333",0.509554140127389,1,FALSE,FALSE,FALSE,FALSE
"K21196",0.104,0,0.851,-10.6,56.5,0.0133,NA,"K21196",0.996972754793138,1,FALSE,FALSE,FALSE,FALSE
"K17069",0.0199,0,0.865,11.8,69.1,0.0121,NA,"K17069",0.996972754793138,1,FALSE,FALSE,FALSE,FALSE
"K18285",0.0299,0,0.82,53,233,0.0161,NA,"K18285",0.996972754793138,1,FALSE,FALSE,FALSE,FALSE
"K08166",0.0896,0,0.524,-29.3,45.9,0.0452,NA,"K08166",0.996972754793138,1,FALSE,FALSE,FALSE,FALSE
"K19225",0.0896,0,0.53,96.8,154,0.0445,NA,"K19225",0.996972754793138,1,FALSE,FALSE,FALSE,FALSE
"K19166",0.154,0,0.778,6.95,24.6,0.0201,NA,"K19166",0.996972754793138,1,FALSE,FALSE,FALSE,FALSE
"K27493",0.0199,0,0.0459,272,135,0.141,NA,"K27493",0.667151162790698,1,FALSE,FALSE,FALSE,FALSE
"K21003",0.0199,0,0.572,41.4,73.2,0.0401,NA,"K21003",0.996972754793138,1,FALSE,FALSE,FALSE,FALSE
"K21739",0.0299,0,0.913,5.31,48.6,0.00774,NA,"K21739",0.996972754793138,1,FALSE,FALSE,FALSE,FALSE
"K11784",0.0299,0,0.82,53,233,0.0161,NA,"K11784",0.996972754793138,1,FALSE,FALSE,FALSE,FALSE
"K11622",0.129,0,0.928,24.3,268,0.00643,NA,"K00887,K11622",0.996972754793138,1,FALSE,FALSE,FALSE,FALSE
"K01771",0.0846,0,0.961,1.61,33,0.00345,NA,"K01771",0.996972754793138,1,FALSE,FALSE,FALSE,FALSE
"K06888",0.144,0,0.554,-33.1,55.9,0.0419,NA,"K06888",0.996972754793138,1,FALSE,FALSE,FALSE,FALSE
"K16213",0.0199,0,0.737,28.3,84,0.0238,NA,"K16212,K16213",0.996972754793138,1,FALSE,FALSE,FALSE,FALSE
"K26997",0.0149,0,0.544,63.9,105,0.043,NA,"K26997",0.996972754793138,1,FALSE,FALSE,FALSE,FALSE
"K05593",0.0398,0,0.869,15.5,94.3,0.0117,NA,"K05593",0.996972754793138,1,FALSE,FALSE,FALSE,FALSE
"K09384",0.0597,0,0.0218,-69.9,30.2,0.162,NA,"K09384",0.586021505376344,1,FALSE,FALSE,FALSE,FALSE
"K25767",0.0199,0,0.398,-46.1,54.4,0.0599,NA,"K25767",0.996972754793138,1,FALSE,FALSE,FALSE,FALSE
"K05979",0.164,0,0.0237,92.3,40.5,0.159,NA,"K05979",0.607692307692308,1,FALSE,FALSE,FALSE,FALSE
"K06921",0.0299,0,0.0859,75.7,43.9,0.121,NA,"K06921",0.79537037037037,1,FALSE,FALSE,FALSE,FALSE
"K24126",0.0498,0,0.613,-56,110,0.0359,NA,"K24126",0.996972754793138,1,FALSE,FALSE,FALSE,FALSE
"K04756",0.0448,0,0.623,-113,229,0.0349,NA,"K04756",0.996972754793138,1,FALSE,FALSE,FALSE,FALSE
"K08097",0.0448,0,0.915,-4.66,43.7,0.00756,NA,"K08097",0.996972754793138,1,FALSE,FALSE,FALSE,FALSE
"K11785",0.0299,0,0.82,53,233,0.0161,NA,"K11785",0.996972754793138,1,FALSE,FALSE,FALSE,FALSE
"K11783",0.0299,0,0.82,53,233,0.0161,NA,"K11783",0.996972754793138,1,FALSE,FALSE,FALSE,FALSE
"K12452",0.0249,0,0.617,-32,63.8,0.0355,NA,"K12452",0.996972754793138,1,FALSE,FALSE,FALSE,FALSE
"K07031",0.0249,0,0.406,46.9,56.4,0.0589,NA,"K07031",0.996972754793138,1,FALSE,FALSE,FALSE,FALSE
"K19422",0.0448,0,0.181,-93.3,69.5,0.0947,NA,"K19422",0.909547738693467,1,FALSE,FALSE,FALSE,FALSE
"K20810",0.0249,0,0.968,-6.68,165,0.00288,NA,"K20810",0.996972754793138,1,FALSE,FALSE,FALSE,FALSE
"K18815",0.0995,0,0.372,55.9,62.5,0.0633,NA,"K18815",0.996972754793138,1,FALSE,FALSE,FALSE,FALSE
"K08222",0.124,0,0.919,-19.2,188,0.00724,NA,"K08222",0.996972754793138,1,FALSE,FALSE,FALSE,FALSE
"K00274",0.0697,0,0.47,32.2,44.4,0.0513,NA,"K00274",0.996972754793138,1,FALSE,FALSE,FALSE,FALSE
"K27087",0.0199,0,0.268,-79.1,71.1,0.0785,NA,"K27086,K27087",0.987654320987654,1,FALSE,FALSE,FALSE,FALSE
"K20798",0.0149,0,0.976,5.53,186,0.0021,NA,"K20798",0.996972754793138,1,FALSE,FALSE,FALSE,FALSE
"K23825",0.0348,0,0.633,-64.6,135,0.0339,NA,"K23825",0.996972754793138,1,FALSE,FALSE,FALSE,FALSE
"K00712",0.109,0,0.674,-12.9,30.6,0.0299,NA,"K00712",0.996972754793138,1,FALSE,FALSE,FALSE,FALSE
"K21159",0.249,0,0.248,35.2,30.4,0.0819,NA,"K21159",0.969507427677873,1,FALSE,FALSE,FALSE,FALSE
"K00540",0.0398,0,0.604,-66.4,128,0.0368,NA,"K00540,K15510",0.996972754793138,1,FALSE,FALSE,FALSE,FALSE
"K19003",0.0498,0,0.118,-137,87.2,0.111,NA,"K19003",0.84016393442623,1,FALSE,FALSE,FALSE,FALSE
"K26110",0.0995,0,0.132,-121,80.1,0.107,NA,"K26110",0.855646100116414,1,FALSE,FALSE,FALSE,FALSE
"K27853",0.0398,0,0.786,14.8,54.7,0.0192,NA,"K27853",0.996972754793138,1,FALSE,FALSE,FALSE,FALSE
"K13015",0.204,0,0.515,18.4,28.3,0.0462,NA,"K13015",0.996972754793138,1,FALSE,FALSE,FALSE,FALSE
"K25028",0.149,0,0.654,-14.7,32.6,0.0319,NA,"K25028",0.996972754793138,1,FALSE,FALSE,FALSE,FALSE
"K14952",0.0149,0,0.978,-5.71,209,0.00193,NA,"K14952",0.996972754793138,1,FALSE,FALSE,FALSE,FALSE
"K22733",0.0149,0,0.0819,-224,128,0.123,NA,"K22733",0.78585086042065,1,FALSE,FALSE,FALSE,FALSE
"K17640",0.0299,0,0.673,29.5,69.8,0.03,NA,"K17640",0.996972754793138,1,FALSE,FALSE,FALSE,FALSE
"K08221",0.224,0,0.585,27.8,50.9,0.0387,NA,"K08221",0.996972754793138,1,FALSE,FALSE,FALSE,FALSE
"K23155",0.0647,0,0.545,-41.7,68.7,0.043,NA,"K23155",0.996972754793138,1,FALSE,FALSE,FALSE,FALSE
"K21685",0.0249,0,0.357,100,109,0.0653,NA,"K21685",0.996972754793138,1,FALSE,FALSE,FALSE,FALSE
"K13658",0.0398,0,0.642,-22.6,48.6,0.033,NA,"K13658",0.996972754793138,1,FALSE,FALSE,FALSE,FALSE
"K18457",0.0348,0,0.337,45.2,47,0.068,NA,"K18457",0.996972754793138,1,FALSE,FALSE,FALSE,FALSE
"K03343",0.104,0,0.492,-59.5,86.5,0.0487,NA,"K03343",0.996972754793138,1,FALSE,FALSE,FALSE,FALSE
"K26365",0.0398,0,0.255,-43.2,37.9,0.0807,NA,"K26365",0.983037779491133,1,FALSE,FALSE,FALSE,FALSE
"K06336",0.109,0,0.421,-35.2,43.7,0.0571,NA,"K06336",0.996972754793138,1,FALSE,FALSE,FALSE,FALSE
"K27545",0.0498,0,0.671,-77.2,181,0.0302,NA,"K27545",0.996972754793138,1,FALSE,FALSE,FALSE,FALSE
"K18546",0.0199,0,0.167,-239,172,0.098,NA,"K18546",0.883264462809917,1,FALSE,FALSE,FALSE,FALSE
"K12234",0.0597,0,0.881,15.1,101,0.0106,NA,"K12234",0.996972754793138,1,FALSE,FALSE,FALSE,FALSE
"K11779",0.0299,0,0.7,-46.7,121,0.0274,NA,"K11779",0.996972754793138,1,FALSE,FALSE,FALSE,FALSE
"K14941",0.0547,0,0.834,21.8,104,0.0149,NA,"K11212,K14941",0.996972754793138,1,FALSE,FALSE,FALSE,FALSE
"K00803",0.149,0,0.49,-20.7,29.9,0.0489,NA,"K00803",0.996972754793138,1,FALSE,FALSE,FALSE,FALSE
"K10713",0.0995,0,0.545,-30.5,50.3,0.0429,NA,"K10713",0.996972754793138,1,FALSE,FALSE,FALSE,FALSE
"K15629",0.0249,0,0.951,3.42,56.1,0.00433,NA,"K15629",0.996972754793138,1,FALSE,FALSE,FALSE,FALSE
"K15372",0.0796,0,0.303,46.3,44.9,0.0729,NA,"K15372",0.996972754793138,1,FALSE,FALSE,FALSE,FALSE
"K08717",0.129,0,0.801,-11.8,46.6,0.0179,NA,"K08717",0.996972754793138,1,FALSE,FALSE,FALSE,FALSE
"K20484",0.0199,0,0.63,-26.3,54.6,0.0341,NA,"K20484",0.996972754793138,1,FALSE,FALSE,FALSE,FALSE
"K22580",0.0149,0,0.342,-107,112,0.0674,NA,"K22580",0.996972754793138,1,FALSE,FALSE,FALSE,FALSE
"K20275",0.0796,0,0.659,-17.7,40.1,0.0313,NA,"K20275",0.996972754793138,1,FALSE,FALSE,FALSE,FALSE
"K21492",0.0199,0,0.795,28.3,109,0.0184,NA,"K21492",0.996972754793138,1,FALSE,FALSE,FALSE,FALSE
"K19200",0.139,0,0.365,-24,26.4,0.0642,NA,"K19200",0.996972754793138,1,FALSE,FALSE,FALSE,FALSE
"K16138",0.154,0,0.992,0.393,39.5,0.000705,NA,"K16138",0.996987951807229,1,FALSE,FALSE,FALSE,FALSE
"K12991",0.0398,0,0.407,-31.7,38.2,0.0588,NA,"K12991",0.996972754793138,1,FALSE,FALSE,FALSE,FALSE
"K18289",0.159,0,0.701,9.68,25.1,0.0273,NA,"K18289",0.996972754793138,1,FALSE,FALSE,FALSE,FALSE
"K15733",0.0199,0,0.0544,265,137,0.136,NA,"K15733",0.704834605597964,1,FALSE,FALSE,FALSE,FALSE
"K28275",0.0448,0,0.736,15.7,46.4,0.0239,NA,"K28275,K28276",0.996972754793138,1,FALSE,FALSE,FALSE,FALSE
"K18351",0.0398,0,0.401,120,143,0.0596,NA,"K18351,K18352",0.996972754793138,1,FALSE,FALSE,FALSE,FALSE
"K14194",0.0149,0,0.0671,211,115,0.129,NA,"K14194",0.747216035634744,1,FALSE,FALSE,FALSE,FALSE
"K22298",0.0199,0,0.00817,200,74.9,0.186,NA,"K22298",0.404455445544554,1,FALSE,FALSE,FALSE,FALSE
"K10037",0.0398,0,0.993,-0.78,84.7,0.000653,NA,"K10036,K10037",0.996987951807229,1,FALSE,FALSE,FALSE,FALSE
"K17624",0.0199,0,0.245,180,154,0.0824,NA,"K17624",0.967614533965245,1,FALSE,FALSE,FALSE,FALSE
"K00561",0.0348,0,0.00392,333,114,0.203,NA,"K00561",0.332203389830508,1,FALSE,FALSE,FALSE,FALSE
"K26989",0.0149,0,0.145,144,98.4,0.103,NA,"K26989",0.855646100116414,1,FALSE,FALSE,FALSE,FALSE
"K00441",0.0199,0,0.0872,92.3,53.7,0.121,NA,"K00441",0.796847635726795,1,FALSE,FALSE,FALSE,FALSE
"K28189",0.0199,0,0.115,162,102,0.112,NA,"K28189",0.84016393442623,1,FALSE,FALSE,FALSE,FALSE
"K21885",0.119,0,0.484,-61.3,87.3,0.0497,NA,"K21885",0.996972754793138,1,FALSE,FALSE,FALSE,FALSE
"K17329",0.0448,0,0.124,157,102,0.109,NA,"K17329,K17330,K17331",0.842391304347826,1,FALSE,FALSE,FALSE,FALSE
"K05888",0.0746,0,0.319,103,103,0.0706,NA,"K05888",0.996972754793138,1,FALSE,FALSE,FALSE,FALSE
"K09809",0.119,0,0.298,39.2,37.6,0.0737,NA,"K09809",0.996972754793138,1,FALSE,FALSE,FALSE,FALSE
"K22907",0.0199,0,0.365,63.2,69.6,0.0642,NA,"K09153,K22907",0.996972754793138,1,FALSE,FALSE,FALSE,FALSE
"K15637",0.0299,0,0.056,262,136,0.135,NA,"K15637",0.708860759493671,1,FALSE,FALSE,FALSE,FALSE
"K14340",0.144,0,0.719,12.2,33.9,0.0255,NA,"K14340",0.996972754793138,1,FALSE,FALSE,FALSE,FALSE
"K19978",0.0348,0,0.0216,228,98.3,0.162,NA,"K19978",0.586021505376344,1,FALSE,FALSE,FALSE,FALSE
"K01233",0.0149,0,0.309,-54.9,53.9,0.0721,NA,"K01233",0.996972754793138,1,FALSE,FALSE,FALSE,FALSE
"K01654",0.0348,0,0.356,61.8,66.8,0.0655,NA,"K01654",0.996972754793138,1,FALSE,FALSE,FALSE,FALSE
"K21749",0.0398,0,0.272,47.3,43,0.0778,NA,"K21749",0.987654320987654,1,FALSE,FALSE,FALSE,FALSE
"K00897",0.0199,0,0.16,246,174,0.0996,NA,"K00897",0.874049945711183,1,FALSE,FALSE,FALSE,FALSE
"K17246",0.0299,0,0.851,11.7,62,0.0134,NA,"K17244,K17246",0.996972754793138,1,FALSE,FALSE,FALSE,FALSE
"K17245",0.0398,0,0.69,20.3,50.8,0.0283,NA,"K17245",0.996972754793138,1,FALSE,FALSE,FALSE,FALSE
"K27494",0.0597,0,0.0147,134,54.3,0.172,NA,"K27494",0.483660130718954,1,FALSE,FALSE,FALSE,FALSE
"K27495",0.0199,0,0.0655,258,139,0.13,NA,"K27495",0.735955056179775,1,FALSE,FALSE,FALSE,FALSE
"K21480",0.0199,0,0.984,-2.7,131,0.00146,NA,"K21480",0.996972754793138,1,FALSE,FALSE,FALSE,FALSE
"K11384",0.164,0,0.458,-194,261,0.0526,NA,"K06123,K07713,K11384,K14268,K18298,K20972,K20973,K22345",0.996972754793138,1,FALSE,FALSE,FALSE,FALSE
"K22474",0.134,0,0.699,-12.1,31.2,0.0275,NA,"K22474",0.996972754793138,1,FALSE,FALSE,FALSE,FALSE
"K12549",0.0199,0,0.998,0.122,45.1,0.000192,NA,"K12549",0.999399158822351,1,FALSE,FALSE,FALSE,FALSE
"K13472",0.0846,0,0.703,13.5,35.3,0.027,NA,"K13472",0.996972754793138,1,FALSE,FALSE,FALSE,FALSE
"K22747",0.164,0,0.204,-43.5,34.1,0.09,NA,"K22747",0.943482224247949,1,FALSE,FALSE,FALSE,FALSE
"K19157",0.0149,0,0.475,41.3,57.8,0.0506,NA,"K19157",0.996972754793138,1,FALSE,FALSE,FALSE,FALSE
"K23057",0.189,0,0.146,-295,202,0.103,NA,"K23057",0.855646100116414,1,FALSE,FALSE,FALSE,FALSE
"K23056",0.189,0,0.146,-295,202,0.103,NA,"K23056",0.855646100116414,1,FALSE,FALSE,FALSE,FALSE
"K23055",0.189,0,0.146,-295,202,0.103,NA,"K23055",0.855646100116414,1,FALSE,FALSE,FALSE,FALSE
"K23058",0.174,0,0.521,-144,225,0.0455,NA,"K23058",0.996972754793138,1,FALSE,FALSE,FALSE,FALSE
"K22250",0.164,0,0.144,-142,96.6,0.103,NA,"K22250",0.855646100116414,1,FALSE,FALSE,FALSE,FALSE
"K02848",0.169,0,0.654,-45.5,101,0.0318,NA,"K02848",0.996972754793138,1,FALSE,FALSE,FALSE,FALSE
"K13541",0.199,0,0.307,-205,200,0.0724,NA,"K13541",0.996972754793138,1,FALSE,FALSE,FALSE,FALSE
"K27076",0.104,0,0.731,-12.2,35.6,0.0244,NA,"K27076",0.996972754793138,1,FALSE,FALSE,FALSE,FALSE
"K27077",0.104,0,0.555,21.4,36.2,0.0419,NA,"K27077",0.996972754793138,1,FALSE,FALSE,FALSE,FALSE
"K23993",0.209,0,0.975,3.33,107,0.00221,NA,"K23993",0.996972754793138,1,FALSE,FALSE,FALSE,FALSE
"K08195",0.224,0,0.674,-18.7,44.5,0.0298,NA,"K08195",0.996972754793138,1,FALSE,FALSE,FALSE,FALSE
"K19296",0.154,0,0.929,-11.3,127,0.00632,NA,"K00066,K01795,K16081,K19290,K19291,K19292,K19293,K19295,K19296",0.996972754793138,1,FALSE,FALSE,FALSE,FALSE
"K19744",0.214,0,0.422,31.5,39.2,0.0569,NA,"K19744",0.996972754793138,1,FALSE,FALSE,FALSE,FALSE
"K13655",0.0746,0,0.223,37,30.2,0.0864,NA,"K13655",0.958727429062769,1,FALSE,FALSE,FALSE,FALSE
"K13651",0.0647,0,0.174,45.7,33.5,0.0962,NA,"K13651",0.891393442622951,1,FALSE,FALSE,FALSE,FALSE
"K17879",0.0896,0,0.877,5.33,34.5,0.011,NA,"K17879",0.996972754793138,1,FALSE,FALSE,FALSE,FALSE
"K13487",0.174,0,0.0819,-149,85.3,0.123,NA,"K11444,K13487,K13488,K13489,K13490,K13491",0.78585086042065,1,FALSE,FALSE,FALSE,FALSE
"K13486",0.169,0,0.625,-60.5,123,0.0347,NA,"K13486,K18100",0.996972754793138,1,FALSE,FALSE,FALSE,FALSE
"K01039",0.249,0,0.614,-27.1,53.7,0.0357,NA,"K01039",0.996972754793138,1,FALSE,FALSE,FALSE,FALSE
"K01040",0.249,0,0.614,-27.1,53.7,0.0357,NA,"K01040",0.996972754793138,1,FALSE,FALSE,FALSE,FALSE
"K02625",0.154,0,0.425,-43.3,54.3,0.0565,NA,"K02625",0.996972754793138,1,FALSE,FALSE,FALSE,FALSE
"K04061",0.308,0,0.354,54.3,58.5,0.0657,NA,"K04061",0.996972754793138,1,FALSE,FALSE,FALSE,FALSE
"K18843",0.199,0,0.359,22.4,24.4,0.0651,NA,"K18843",0.996972754793138,1,FALSE,FALSE,FALSE,FALSE
"K01267",0.189,0,0.37,-218,243,0.0636,NA,"K01267,K01960,K21711",0.996972754793138,1,FALSE,FALSE,FALSE,FALSE
"K13776",0.149,0,0.394,90.3,106,0.0604,NA,"K13776",0.996972754793138,1,FALSE,FALSE,FALSE,FALSE
"K17623",0.0995,0,0.468,95.8,132,0.0514,NA,"K17623",0.996972754793138,1,FALSE,FALSE,FALSE,FALSE
"K02203",0.154,0,0.24,102,86.5,0.0833,NA,"K02203",0.967614533965245,1,FALSE,FALSE,FALSE,FALSE
"K06160",0.184,0,0.877,-5.92,38.1,0.011,NA,"K06160",0.996972754793138,1,FALSE,FALSE,FALSE,FALSE
"K07690",0.169,0,0.9,7.24,57.7,0.0089,NA,"K07690",0.996972754793138,1,FALSE,FALSE,FALSE,FALSE
"K22349",0.0498,0,0.483,-25.9,36.9,0.0498,NA,"K22349",0.996972754793138,1,FALSE,FALSE,FALSE,FALSE
"K22350",0.0647,0,0.338,-47.8,49.7,0.068,NA,"K22350",0.996972754793138,1,FALSE,FALSE,FALSE,FALSE
"K01003",0.179,0,0.115,-347,219,0.111,NA,"K01003",0.84016393442623,1,FALSE,FALSE,FALSE,FALSE
"K11919",0.0647,0,0.0096,96.5,36.9,0.182,NA,"K11919",0.413793103448276,1,FALSE,FALSE,FALSE,FALSE
"K11918",0.0647,0,0.0096,96.5,36.9,0.182,NA,"K11918",0.413793103448276,1,FALSE,FALSE,FALSE,FALSE
"K18072",0.0348,0,0.525,-26.3,41.3,0.0451,NA,"K18072",0.996972754793138,1,FALSE,FALSE,FALSE,FALSE
"K23467",0.184,0,0.84,6.13,30.2,0.0144,NA,"K23467",0.996972754793138,1,FALSE,FALSE,FALSE,FALSE
"K07326",0.139,0,0.917,2.85,27.1,0.00743,NA,"K07326",0.996972754793138,1,FALSE,FALSE,FALSE,FALSE
"K23466",0.144,0,0.749,9.11,28.4,0.0227,NA,"K23466",0.996972754793138,1,FALSE,FALSE,FALSE,FALSE
"K00394",0.154,0,0.658,18.3,41.2,0.0315,NA,"K00394",0.996972754793138,1,FALSE,FALSE,FALSE,FALSE
"K21407",0.149,0,0.333,-56.1,57.8,0.0686,NA,"K21407",0.996972754793138,1,FALSE,FALSE,FALSE,FALSE
"K18923",0.164,0,0.408,-18.3,22.1,0.0587,NA,"K18923",0.996972754793138,1,FALSE,FALSE,FALSE,FALSE
"K00032",0.109,0,0.537,-43,69.5,0.0438,NA,"K00032",0.996972754793138,1,FALSE,FALSE,FALSE,FALSE
"K11441",0.114,0,0.567,-32.6,56.8,0.0406,NA,"K11441",0.996972754793138,1,FALSE,FALSE,FALSE,FALSE
"K18299",0.244,0,0.706,-35.7,94.5,0.0268,NA,"K18299",0.996972754793138,1,FALSE,FALSE,FALSE,FALSE
"K12538",0.119,0,0.103,-101,61.4,0.116,NA,"K12538",0.824,1,FALSE,FALSE,FALSE,FALSE
"K19353",0.159,0,0.777,-12.4,43.5,0.0201,NA,"K19353",0.996972754793138,1,FALSE,FALSE,FALSE,FALSE
"K04099",0.0299,0,0.183,-53.3,39.9,0.0943,NA,"K04099",0.913173652694611,1,FALSE,FALSE,FALSE,FALSE
"K07023",0.0498,0,0.676,-18.7,44.5,0.0297,NA,"K07023",0.996972754793138,1,FALSE,FALSE,FALSE,FALSE
"K01856",0.308,0,0.0227,73.2,31.9,0.161,NA,"K01856",0.600529100529101,1,FALSE,FALSE,FALSE,FALSE
"K20330",0.0199,0,0.334,54.2,55.9,0.0685,NA,"K20330",0.996972754793138,1,FALSE,FALSE,FALSE,FALSE
"K16124",0.0249,0,0.652,24.2,53.4,0.032,NA,"K16124",0.996972754793138,1,FALSE,FALSE,FALSE,FALSE
"K00505",0.0597,0,0.554,20,33.6,0.042,NA,"K00505",0.996972754793138,1,FALSE,FALSE,FALSE,FALSE
"K10816",0.0199,0,0.971,1.81,50.4,0.00255,NA,"K10814,K10815,K10816",0.996972754793138,1,FALSE,FALSE,FALSE,FALSE
"K19231",0.0348,0,0.138,55.5,37.3,0.105,NA,"K19231",0.855646100116414,1,FALSE,FALSE,FALSE,FALSE
"K13299",0.164,0,0.541,-49.8,81.4,0.0433,NA,"K13299",0.996972754793138,1,FALSE,FALSE,FALSE,FALSE
"K16291",0.214,0,0.908,-6.59,56.8,0.00823,NA,"K16291",0.996972754793138,1,FALSE,FALSE,FALSE,FALSE
"K24018",0.199,0,0.399,-192,227,0.0598,NA,"K24018",0.996972754793138,1,FALSE,FALSE,FALSE,FALSE
"K13974",0.0945,0,0.3,-33.9,32.6,0.0735,NA,"K13974",0.996972754793138,1,FALSE,FALSE,FALSE,FALSE
"K21825",0.204,0,0.352,-75.4,80.8,0.066,NA,"K21825",0.996972754793138,1,FALSE,FALSE,FALSE,FALSE
"K08369",0.0945,0,0.903,-4.61,37.7,0.00867,NA,"K08369",0.996972754793138,1,FALSE,FALSE,FALSE,FALSE
"K14335",0.129,0,0.856,-13.7,75.6,0.0129,NA,"K14335",0.996972754793138,1,FALSE,FALSE,FALSE,FALSE
"K00466",0.0547,0,0.826,-8.02,36.4,0.0156,NA,"K00466",0.996972754793138,1,FALSE,FALSE,FALSE,FALSE
"K17060",0.174,0,0.441,-45.6,59,0.0547,NA,"K17060,K17061",0.996972754793138,1,FALSE,FALSE,FALSE,FALSE
"K18540",0.129,0,0.423,-33.3,41.4,0.0569,NA,"K18540",0.996972754793138,1,FALSE,FALSE,FALSE,FALSE
"K14475",0.199,0,0.696,-17.2,43.9,0.0278,NA,"K14475",0.996972754793138,1,FALSE,FALSE,FALSE,FALSE
"K03486",0.189,0,0.908,4.4,37.9,0.00824,NA,"K03486",0.996972754793138,1,FALSE,FALSE,FALSE,FALSE
"K21135",0.134,0,0.308,-65.6,64.2,0.0723,NA,"K21133,K21135",0.996972754793138,1,FALSE,FALSE,FALSE,FALSE
"K08085",0.124,0,0.463,-41.4,56.3,0.052,NA,"K08085",0.996972754793138,1,FALSE,FALSE,FALSE,FALSE
"K09934",0.169,0,0.488,-30.6,44,0.0492,NA,"K09934",0.996972754793138,1,FALSE,FALSE,FALSE,FALSE
"K13789",0.318,0,0.276,-63.6,58.2,0.0772,NA,"K13789",0.991410164638511,1,FALSE,FALSE,FALSE,FALSE
"K19954",0.174,0,0.158,81.2,57.3,0.1,NA,"K19954",0.874049945711183,1,FALSE,FALSE,FALSE,FALSE
"K17736",0.204,0,0.833,-24.9,118,0.0149,NA,"K17736",0.996972754793138,1,FALSE,FALSE,FALSE,FALSE
"K27492",0.209,0,0.923,-10.4,108,0.00687,NA,"K27492",0.996972754793138,1,FALSE,FALSE,FALSE,FALSE
"K00471",0.164,0,0.953,-3.53,59.6,0.0042,NA,"K00471",0.996972754793138,1,FALSE,FALSE,FALSE,FALSE
"K21830",0.149,0,0.926,-10.5,113,0.00658,NA,"K21830",0.996972754793138,1,FALSE,FALSE,FALSE,FALSE
"K03816",0.284,0,0.724,-45.5,129,0.025,NA,"K03816",0.996972754793138,1,FALSE,FALSE,FALSE,FALSE
"K11916",0.0597,0,0.4,35.6,42.2,0.0597,NA,"K11916",0.996972754793138,1,FALSE,FALSE,FALSE,FALSE
"K01959",0.199,0,0.539,-49.5,80.5,0.0436,NA,"K01959",0.996972754793138,1,FALSE,FALSE,FALSE,FALSE
"K24655",0.0746,0,0.0254,-72.6,32.2,0.158,NA,"K24655",0.628712871287129,1,FALSE,FALSE,FALSE,FALSE
"K14188",0.0348,0,0.0598,-336,177,0.133,NA,"K03739,K03740,K05739,K06343,K14188,K19419,K23978,K25114,K25115,K25118",0.723429951690821,1,FALSE,FALSE,FALSE,FALSE
"K10681",0.0199,0,0.184,-101,75.5,0.094,NA,"K10681",0.913604766633565,1,FALSE,FALSE,FALSE,FALSE
"K18345",0.0348,0,0.353,-186,201,0.0658,NA,"K18345",0.996972754793138,1,FALSE,FALSE,FALSE,FALSE
"K02491",0.0945,0,0.756,-63.6,204,0.022,NA,"K02248,K02249,K02254,K02491,K03794,K05340,K06299,K06300,K06302,K06306,K06327,K06347,K06348,K06422,K06431,K06432,K06714,K11620,K11637,K11638,K11686,K18115,K19449,K21465,K21935",0.996972754793138,1,FALSE,FALSE,FALSE,FALSE
"K05967",0.0945,0,0.276,104,95.2,0.0773,NA,"K05967",0.991410164638511,1,FALSE,FALSE,FALSE,FALSE
"K25575",0.0746,0,0.441,-140,181,0.0547,NA,"K16188,K25575",0.996972754793138,1,FALSE,FALSE,FALSE,FALSE
"K06308",0.114,0,0.201,190,149,0.0905,NA,"K02826,K02828,K02829,K06301,K06303,K06308,K25109",0.938375350140056,1,FALSE,FALSE,FALSE,FALSE
"K06295",0.119,0,0.883,-32.8,222,0.0105,NA,"K06295",0.996972754793138,1,FALSE,FALSE,FALSE,FALSE
"K11615",0.0896,0,0.53,37.2,59,0.0446,NA,"K11614,K11615",0.996972754793138,1,FALSE,FALSE,FALSE,FALSE
"K06296",0.0945,0,0.485,113,161,0.0496,NA,"K06296",0.996972754793138,1,FALSE,FALSE,FALSE,FALSE
"K06297",0.0945,0,0.485,113,161,0.0496,NA,"K06297",0.996972754793138,1,FALSE,FALSE,FALSE,FALSE
"K06307",0.0647,0,0.438,-41.7,53.7,0.055,NA,"K06307",0.996972754793138,1,FALSE,FALSE,FALSE,FALSE
"K20391",0.0697,0,0.575,90.3,161,0.0398,NA,"K03206,K09683,K09963,K16323,K20391",0.996972754793138,1,FALSE,FALSE,FALSE,FALSE
"K11625",0.0249,0,0.947,-3.15,47.1,0.00474,NA,"K11625",0.996972754793138,1,FALSE,FALSE,FALSE,FALSE
"K11635",0.0448,0,0.729,-20.1,57.8,0.0246,NA,"K11635",0.996972754793138,1,FALSE,FALSE,FALSE,FALSE
"K11636",0.0498,0,0.77,-16.7,57.2,0.0207,NA,"K11636",0.996972754793138,1,FALSE,FALSE,FALSE,FALSE
"K28830",0.0199,0,0.284,95.8,89.3,0.0759,NA,"K22222,K28830",0.996972754793138,1,FALSE,FALSE,FALSE,FALSE
"K07282",0.0896,0,0.34,86.4,90.3,0.0676,NA,"K07282",0.996972754793138,1,FALSE,FALSE,FALSE,FALSE
"K21488",0.0597,0,0.139,60,40.3,0.105,NA,"K21488",0.855646100116414,1,FALSE,FALSE,FALSE,FALSE
"K20109",0.0498,0,0.363,81.3,89.2,0.0645,NA,"K20109",0.996972754793138,1,FALSE,FALSE,FALSE,FALSE
"K06418",0.119,0,0.883,-32.8,222,0.0105,NA,"K06418",0.996972754793138,1,FALSE,FALSE,FALSE,FALSE
"K19081",0.0199,0,0.823,14.3,63.7,0.0159,NA,"K19081",0.996972754793138,1,FALSE,FALSE,FALSE,FALSE
"K18349",0.0697,0,0.385,43.9,50.4,0.0616,NA,"K18349",0.996972754793138,1,FALSE,FALSE,FALSE,FALSE
"K11632",0.119,0,0.883,-32.8,222,0.0105,NA,"K11632",0.996972754793138,1,FALSE,FALSE,FALSE,FALSE
"K11631",0.119,0,0.883,-32.8,222,0.0105,NA,"K11631",0.996972754793138,1,FALSE,FALSE,FALSE,FALSE
"K24948",0.0498,0,0.369,-158,175,0.0637,NA,"K24948",0.996972754793138,1,FALSE,FALSE,FALSE,FALSE
"K24949",0.0498,0,0.369,-158,175,0.0637,NA,"K24949",0.996972754793138,1,FALSE,FALSE,FALSE,FALSE
"K24950",0.0498,0,0.369,-158,175,0.0637,NA,"K24950",0.996972754793138,1,FALSE,FALSE,FALSE,FALSE
"K03700",0.0995,0,0.842,-62.3,312,0.0141,NA,"K00260,K00841,K02244,K02245,K02246,K02250,K02859,K03093,K03471,K03700,K03706,K05822,K05823,K06286,K07105,K07570,K07658,K08724,K09682,K11619,K12263,K13275,K13300,K13767,K16509,K16787,K17217,K18692,K23675,K23734",0.996972754793138,1,FALSE,FALSE,FALSE,FALSE
"K11476",0.0945,0,0.342,60.4,63.4,0.0674,NA,"K11476",0.996972754793138,1,FALSE,FALSE,FALSE,FALSE
"K25031",0.134,0,0.103,174,106,0.115,NA,"K25031",0.824,1,FALSE,FALSE,FALSE,FALSE
"K06314",0.119,0,0.883,-32.8,222,0.0105,NA,"K06314",0.996972754793138,1,FALSE,FALSE,FALSE,FALSE
"K01447",0.0398,0,0.00722,-361,133,0.189,NA,"K01447,K08600",0.403804347826087,1,FALSE,FALSE,FALSE,FALSE
"K06317",0.119,0,0.883,-32.8,222,0.0105,NA,"K06317",0.996972754793138,1,FALSE,FALSE,FALSE,FALSE
"K06436",0.119,0,0.883,-32.8,222,0.0105,NA,"K06436",0.996972754793138,1,FALSE,FALSE,FALSE,FALSE
"K06423",0.119,0,0.883,-32.8,222,0.0105,NA,"K06423",0.996972754793138,1,FALSE,FALSE,FALSE,FALSE
"K04769",0.119,0,0.883,-32.8,222,0.0105,NA,"K04769",0.996972754793138,1,FALSE,FALSE,FALSE,FALSE
"K06409",0.119,0,0.883,-32.8,222,0.0105,NA,"K06409",0.996972754793138,1,FALSE,FALSE,FALSE,FALSE
"K06382",0.119,0,0.883,-32.8,222,0.0105,NA,"K06382",0.996972754793138,1,FALSE,FALSE,FALSE,FALSE
"K07590",0.119,0,0.883,-32.8,222,0.0105,NA,"K07590",0.996972754793138,1,FALSE,FALSE,FALSE,FALSE
"K16786",0.119,0,0.0883,306,179,0.121,NA,"K16786",0.796847635726795,1,FALSE,FALSE,FALSE,FALSE
"K06294",0.119,0,0.883,-32.8,222,0.0105,NA,"K06294",0.996972754793138,1,FALSE,FALSE,FALSE,FALSE
"K16937",0.119,0,0.489,-26.8,38.7,0.0491,NA,"K16937",0.996972754793138,1,FALSE,FALSE,FALSE,FALSE
"K21959",0.119,0,0.79,-11.7,44,0.0189,NA,"K21959",0.996972754793138,1,FALSE,FALSE,FALSE,FALSE
"K08152",0.0846,0,0.824,-10.7,48,0.0157,NA,"K08152",0.996972754793138,1,FALSE,FALSE,FALSE,FALSE
"K13281",0.164,0,0.85,-13.1,69,0.0135,NA,"K13281",0.996972754793138,1,FALSE,FALSE,FALSE,FALSE
"K14665",0.109,0,0.187,-136,103,0.0934,NA,"K14665",0.918467583497053,1,FALSE,FALSE,FALSE,FALSE
"K25308",0.114,0,0.513,48.4,73.8,0.0464,NA,"K25290,K25308",0.996972754793138,1,FALSE,FALSE,FALSE,FALSE
"K21567",0.134,0,0.678,-48.5,117,0.0295,NA,"K21567",0.996972754793138,1,FALSE,FALSE,FALSE,FALSE
"K06325",0.0647,0,0.886,-7.89,55,0.0102,NA,"K06325",0.996972754793138,1,FALSE,FALSE,FALSE,FALSE
"K21828",0.0149,0,0.0284,-324,147,0.155,NA,"K21828",0.64657980456026,1,FALSE,FALSE,FALSE,FALSE
"K01182",0.139,0,0.682,18.8,45.8,0.0291,NA,"K01182",0.996972754793138,1,FALSE,FALSE,FALSE,FALSE
"K20108",0.0249,0,0.986,-2.87,165,0.00123,NA,"K20108,K20895",0.996972754793138,1,FALSE,FALSE,FALSE,FALSE
"K06896",0.0299,0,0.231,-154,128,0.085,NA,"K06896,K21453",0.96089850249584,1,FALSE,FALSE,FALSE,FALSE
"K01567",0.119,0,0.883,-32.8,222,0.0105,NA,"K01567",0.996972754793138,1,FALSE,FALSE,FALSE,FALSE
"K02205",0.169,0,0.126,-66.7,43.4,0.108,NA,"K02205",0.844504021447721,1,FALSE,FALSE,FALSE,FALSE
"K06428",0.0498,0,0.369,-158,175,0.0637,NA,"K06428",0.996972754793138,1,FALSE,FALSE,FALSE,FALSE
"K24708",0.119,0,0.0883,306,179,0.121,NA,"K24708",0.796847635726795,1,FALSE,FALSE,FALSE,FALSE
"K25156",0.0995,0,0.0673,172,93.3,0.129,NA,"K25154,K25155,K25156",0.747777777777778,1,FALSE,FALSE,FALSE,FALSE
"K08713",0.0995,0,0.55,-39.2,65.6,0.0424,NA,"K08713",0.996972754793138,1,FALSE,FALSE,FALSE,FALSE
"K13730",0.0199,0,0.00941,-308,117,0.183,NA,"K13730",0.413793103448276,1,FALSE,FALSE,FALSE,FALSE
"K02443",0.164,0,0.525,-28.7,45.1,0.0451,NA,"K02443",0.996972754793138,1,FALSE,FALSE,FALSE,FALSE
"K14983",0.0746,0,0.466,-92.9,127,0.0517,NA,"K14983",0.996972754793138,1,FALSE,FALSE,FALSE,FALSE
"K14982",0.0796,0,0.502,-93.1,138,0.0476,NA,"K14982,K28635",0.996972754793138,1,FALSE,FALSE,FALSE,FALSE
"K21903",0.0995,0,0.328,183,187,0.0694,NA,"K21903",0.996972754793138,1,FALSE,FALSE,FALSE,FALSE
"K20480",0.0647,0,0.477,36.3,51,0.0504,NA,"K20480",0.996972754793138,1,FALSE,FALSE,FALSE,FALSE
"K06425",0.0945,0,0.485,113,161,0.0496,NA,"K06425",0.996972754793138,1,FALSE,FALSE,FALSE,FALSE
"K25110",0.154,0,0.396,-36.2,42.6,0.0602,NA,"K25110,K25111,K25130",0.996972754793138,1,FALSE,FALSE,FALSE,FALSE
"K14647",0.104,0,0.76,-32.2,105,0.0217,NA,"K14647",0.996972754793138,1,FALSE,FALSE,FALSE,FALSE
"K23983",0.104,0,0.329,-158,161,0.0692,NA,"K23786,K23983",0.996972754793138,1,FALSE,FALSE,FALSE,FALSE
"K10041",0.119,0,0.883,-32.8,222,0.0105,NA,"K10041",0.996972754793138,1,FALSE,FALSE,FALSE,FALSE
"K10039",0.119,0,0.883,-32.8,222,0.0105,NA,"K10039",0.996972754793138,1,FALSE,FALSE,FALSE,FALSE
"K10040",0.119,0,0.883,-32.8,222,0.0105,NA,"K10040",0.996972754793138,1,FALSE,FALSE,FALSE,FALSE
"K20487",0.0796,0,0.89,7.57,54.8,0.0098,NA,"K20487",0.996972754793138,1,FALSE,FALSE,FALSE,FALSE
"K15973",0.219,0,0.216,49.5,39.9,0.0876,NA,"K15973",0.951541850220264,1,FALSE,FALSE,FALSE,FALSE
"K03484",0.0896,0,0.653,30.2,67,0.0319,NA,"K03484",0.996972754793138,1,FALSE,FALSE,FALSE,FALSE
"K01117",0.0149,0,0.417,-87.8,108,0.0576,NA,"K01117",0.996972754793138,1,FALSE,FALSE,FALSE,FALSE
"K02827",0.119,0,0.883,-32.8,222,0.0105,NA,"K02827",0.996972754793138,1,FALSE,FALSE,FALSE,FALSE
"K06311",0.0945,0,0.485,113,161,0.0496,NA,"K06311",0.996972754793138,1,FALSE,FALSE,FALSE,FALSE
"K06312",0.0945,0,0.485,113,161,0.0496,NA,"K06312",0.996972754793138,1,FALSE,FALSE,FALSE,FALSE
"K10810",0.0995,0,0.111,-236,147,0.113,NA,"K00686,K06345,K06433,K07717,K07719,K10810,K16919,K16921",0.84016393442623,1,FALSE,FALSE,FALSE,FALSE
"K03491",0.0647,0,0.825,-12.5,56.4,0.0157,NA,"K03491",0.996972754793138,1,FALSE,FALSE,FALSE,FALSE
"K06334",0.104,0,0.343,129,136,0.0672,NA,"K06334",0.996972754793138,1,FALSE,FALSE,FALSE,FALSE
"K06333",0.0945,0,0.485,113,161,0.0496,NA,"K06333",0.996972754793138,1,FALSE,FALSE,FALSE,FALSE
"K06332",0.0945,0,0.485,113,161,0.0496,NA,"K06332",0.996972754793138,1,FALSE,FALSE,FALSE,FALSE
"K18924",0.114,0,0.728,29.2,83.8,0.0247,NA,"K18924",0.996972754793138,1,FALSE,FALSE,FALSE,FALSE
"K18925",0.124,0,0.353,99.2,107,0.0658,NA,"K18925",0.996972754793138,1,FALSE,FALSE,FALSE,FALSE
"K19575",0.0746,0,0.655,-22.5,50.3,0.0317,NA,"K19575",0.996972754793138,1,FALSE,FALSE,FALSE,FALSE
"K07446",0.0249,0,0.832,-14.4,67.8,0.015,NA,"K07446",0.996972754793138,1,FALSE,FALSE,FALSE,FALSE
"K15737",0.0746,0,0.555,-24.9,42.1,0.0419,NA,"K15737",0.996972754793138,1,FALSE,FALSE,FALSE,FALSE
"K01777",0.0597,0,0.331,42.6,43.7,0.0689,NA,"K01777",0.996972754793138,1,FALSE,FALSE,FALSE,FALSE
"K21494",0.0299,0,0.118,64.3,41,0.111,NA,"K21494",0.84016393442623,1,FALSE,FALSE,FALSE,FALSE
"K09124",0.0498,0,0.0379,69.4,33.2,0.147,NA,"K09124",0.64657980456026,1,FALSE,FALSE,FALSE,FALSE
"K02086",0.144,0,0.827,11.8,53.8,0.0155,NA,"K02086",0.996972754793138,1,FALSE,FALSE,FALSE,FALSE
"K03698",0.119,0,0.0883,306,179,0.121,NA,"K03698",0.796847635726795,1,FALSE,FALSE,FALSE,FALSE
"K25159",0.114,0,0.471,53.8,74.5,0.0511,NA,"K25159",0.996972754793138,1,FALSE,FALSE,FALSE,FALSE
"K12555",0.119,0,0.883,-32.8,222,0.0105,NA,"K12555",0.996972754793138,1,FALSE,FALSE,FALSE,FALSE
"K06304",0.0498,0,0.369,-158,175,0.0637,NA,"K06304",0.996972754793138,1,FALSE,FALSE,FALSE,FALSE
"K28810",0.109,0,0.405,-56.7,67.9,0.059,NA,"K28810",0.996972754793138,1,FALSE,FALSE,FALSE,FALSE
"K06198",0.124,0,0.0439,83.9,41.4,0.142,NA,"K06198",0.65922619047619,1,FALSE,FALSE,FALSE,FALSE
"K06372",0.0647,0,0.799,-14.2,55.6,0.0181,NA,"K06372",0.996972754793138,1,FALSE,FALSE,FALSE,FALSE
"K02236",0.0746,0,0.42,149,184,0.0572,NA,"K02236,K18244",0.996972754793138,1,FALSE,FALSE,FALSE,FALSE
"K00958",0.164,0,0.529,-42.6,67.5,0.0446,NA,"K00958",0.996972754793138,1,FALSE,FALSE,FALSE,FALSE
"K00366",0.0547,0,0.763,-48.4,160,0.0214,NA,"K00366,K03334",0.996972754793138,1,FALSE,FALSE,FALSE,FALSE
"K09145",0.0398,0,0.533,-104,167,0.0442,NA,"K09145",0.996972754793138,1,FALSE,FALSE,FALSE,FALSE
"K06398",0.119,0,0.883,-32.8,222,0.0105,NA,"K06398",0.996972754793138,1,FALSE,FALSE,FALSE,FALSE
"K27959",0.0398,0,0.286,-64.7,60.5,0.0757,NA,"K27959",0.996972754793138,1,FALSE,FALSE,FALSE,FALSE
"K07444",0.144,0,0.967,-11.7,280,0.00297,NA,"K07444",0.996972754793138,1,FALSE,FALSE,FALSE,FALSE
"K23356",0.119,0,0.504,76.3,114,0.0474,NA,"K23356",0.996972754793138,1,FALSE,FALSE,FALSE,FALSE
"K25143",0.0597,0,0.624,-32.8,66.8,0.0348,NA,"K25143",0.996972754793138,1,FALSE,FALSE,FALSE,FALSE
"K22552",0.0398,0,0.755,-12.8,40.8,0.0222,NA,"K22552",0.996972754793138,1,FALSE,FALSE,FALSE,FALSE
"K21755",0.0896,0,0.41,-62.7,75.9,0.0585,NA,"K06371,K21755",0.996972754793138,1,FALSE,FALSE,FALSE,FALSE
"K18104",0.0896,0,0.796,14.4,55.5,0.0184,NA,"K18104",0.996972754793138,1,FALSE,FALSE,FALSE,FALSE
"K18907",0.0945,0,0.485,113,161,0.0496,NA,"K18907",0.996972754793138,1,FALSE,FALSE,FALSE,FALSE
"K06607",0.104,0,0.0781,-313,177,0.125,NA,"K06607",0.782,1,FALSE,FALSE,FALSE,FALSE
"K26057",0.0647,0,0.138,-121,81,0.105,NA,"K26057",0.855646100116414,1,FALSE,FALSE,FALSE,FALSE
"K11210",0.0995,0,0.415,41.3,50.6,0.0578,NA,"K11210",0.996972754793138,1,FALSE,FALSE,FALSE,FALSE
"K08986",0.0995,0,0.291,56.6,53.4,0.0749,NA,"K08986",0.996972754793138,1,FALSE,FALSE,FALSE,FALSE
"K21497",0.0199,0,0.599,30.4,57.7,0.0373,NA,"K21497",0.996972754793138,1,FALSE,FALSE,FALSE,FALSE
"K13542",0.0846,0,0.729,-50.8,146,0.0246,NA,"K13542",0.996972754793138,1,FALSE,FALSE,FALSE,FALSE
"K06416",0.119,0,0.883,-32.8,222,0.0105,NA,"K06416",0.996972754793138,1,FALSE,FALSE,FALSE,FALSE
"K04780",0.0547,0,0.956,-7.44,135,0.0039,NA,"K04780",0.996972754793138,1,FALSE,FALSE,FALSE,FALSE
"K08651",0.0945,0,0.284,64.7,60.3,0.0759,NA,"K08651",0.996972754793138,1,FALSE,FALSE,FALSE,FALSE
"K00158",0.0547,0,0.46,-129,174,0.0524,NA,"K00158,K00929",0.996972754793138,1,FALSE,FALSE,FALSE,FALSE
"K16326",0.0896,0,0.985,-0.988,52.1,0.00134,NA,"K16326",0.996972754793138,1,FALSE,FALSE,FALSE,FALSE
"K27601",0.0199,0,0.444,-62.3,81.2,0.0543,NA,"K27601",0.996972754793138,1,FALSE,FALSE,FALSE,FALSE
"K11626",0.114,0,0.996,-0.356,73.4,0.000344,NA,"K11626",0.998396150761828,1,FALSE,FALSE,FALSE,FALSE
"K06310",0.0945,0,0.485,113,161,0.0496,NA,"K06310",0.996972754793138,1,FALSE,FALSE,FALSE,FALSE
"K21960",0.0348,0,0.272,-61,55.4,0.0779,NA,"K21960",0.987654320987654,1,FALSE,FALSE,FALSE,FALSE
"K11634",0.0896,0,0.462,59.1,80.2,0.0522,NA,"K11633,K11634",0.996972754793138,1,FALSE,FALSE,FALSE,FALSE
"K18231",0.114,0,0.904,8.53,70.6,0.00856,NA,"K18231",0.996972754793138,1,FALSE,FALSE,FALSE,FALSE
"K21113",0.0896,0,0.271,80.6,73,0.0781,NA,"K21113",0.987654320987654,1,FALSE,FALSE,FALSE,FALSE
"K18941",0.119,0,0.238,114,95.9,0.0837,NA,"K18941",0.966046887631366,1,FALSE,FALSE,FALSE,FALSE
"K18940",0.114,0,0.301,94.1,90.6,0.0734,NA,"K18940",0.996972754793138,1,FALSE,FALSE,FALSE,FALSE
"K13955",0.0647,0,0.972,4.73,134,0.00249,NA,"K13955",0.996972754793138,1,FALSE,FALSE,FALSE,FALSE
"K06313",0.119,0,0.883,-32.8,222,0.0105,NA,"K06313",0.996972754793138,1,FALSE,FALSE,FALSE,FALSE
"K21713",0.0199,0,0.679,28.2,68,0.0294,NA,"K21713",0.996972754793138,1,FALSE,FALSE,FALSE,FALSE
"K13853",0.119,0,0.0883,306,179,0.121,NA,"K13853",0.796847635726795,1,FALSE,FALSE,FALSE,FALSE
"K07145",0.104,0,0.583,74.4,135,0.039,NA,"K07145",0.996972754793138,1,FALSE,FALSE,FALSE,FALSE
"K15976",0.129,0,0.207,119,94.2,0.0894,NA,"K15976",0.943482224247949,1,FALSE,FALSE,FALSE,FALSE
"K18220",0.129,0,0.924,5.4,56.2,0.0068,NA,"K18220",0.996972754793138,1,FALSE,FALSE,FALSE,FALSE
"K19273",0.0448,0,0.909,8.43,74,0.00808,NA,"K19273",0.996972754793138,1,FALSE,FALSE,FALSE,FALSE
"K26141",0.114,0,0.634,-21.3,44.7,0.0338,NA,"K26141",0.996972754793138,1,FALSE,FALSE,FALSE,FALSE
"K14338",0.139,0,0.872,-7.84,48.6,0.0114,NA,"K14338",0.996972754793138,1,FALSE,FALSE,FALSE,FALSE
"K09779",0.119,0,0.124,176,114,0.109,NA,"K09779",0.842391304347826,1,FALSE,FALSE,FALSE,FALSE
"K11923",0.119,0,0.883,-32.8,222,0.0105,NA,"K11923",0.996972754793138,1,FALSE,FALSE,FALSE,FALSE
"K14672",0.0299,0,0.21,-92.6,73.6,0.0888,NA,"K14672",0.946188340807175,1,FALSE,FALSE,FALSE,FALSE
"K09775",0.114,0,0.724,17.5,49.4,0.0251,NA,"K09775",0.996972754793138,1,FALSE,FALSE,FALSE,FALSE
"K25147",0.0398,0,0.602,-25,47.9,0.037,NA,"K25147,K25148",0.996972754793138,1,FALSE,FALSE,FALSE,FALSE
"K09951",0.129,0,0.885,-15.4,106,0.0103,NA,"K09951",0.996972754793138,1,FALSE,FALSE,FALSE,FALSE
"K06335",0.0796,0,0.272,-175,159,0.0779,NA,"K06335",0.987654320987654,1,FALSE,FALSE,FALSE,FALSE
"K01446",0.0299,0,0.194,-227,174,0.0919,NA,"K01446",0.927342256214149,1,FALSE,FALSE,FALSE,FALSE
"K19430",0.0597,0,0.562,27.8,47.9,0.0412,NA,"K19430",0.996972754793138,1,FALSE,FALSE,FALSE,FALSE
"K19424",0.0547,0,0.201,-55.6,43.3,0.0906,NA,"K19424",0.938375350140056,1,FALSE,FALSE,FALSE,FALSE
"K19420",0.119,0,0.423,-62.7,78.1,0.0568,NA,"K19420",0.996972754793138,1,FALSE,FALSE,FALSE,FALSE
"K07017",0.0995,0,0.856,-7.46,41.1,0.0129,NA,"K07017",0.996972754793138,1,FALSE,FALSE,FALSE,FALSE
"K13530",0.0846,0,0.982,-3.72,161,0.00163,NA,"K13530",0.996972754793138,1,FALSE,FALSE,FALSE,FALSE
"K13531",0.0796,0,0.244,149,128,0.0826,NA,"K13531",0.967614533965245,1,FALSE,FALSE,FALSE,FALSE
"K24311",0.0597,0,0.383,-42.7,48.9,0.0618,NA,"K24311,K28372",0.996972754793138,1,FALSE,FALSE,FALSE,FALSE
"K06328",0.119,0,0.883,-32.8,222,0.0105,NA,"K06328",0.996972754793138,1,FALSE,FALSE,FALSE,FALSE
"K00175",0.0995,0,0.563,59.3,102,0.0411,NA,"K00174,K00175",0.996972754793138,1,FALSE,FALSE,FALSE,FALSE
"K06411",0.119,0,0.883,-32.8,222,0.0105,NA,"K06411",0.996972754793138,1,FALSE,FALSE,FALSE,FALSE
"K06410",0.119,0,0.883,-32.8,222,0.0105,NA,"K06410",0.996972754793138,1,FALSE,FALSE,FALSE,FALSE
"K06414",0.114,0,0.357,-71.3,77.2,0.0653,NA,"K06414",0.996972754793138,1,FALSE,FALSE,FALSE,FALSE
"K17828",0.124,0,0.659,40.3,91.2,0.0313,NA,"K17828",0.996972754793138,1,FALSE,FALSE,FALSE,FALSE
"K02823",0.124,0,0.659,40.3,91.2,0.0313,NA,"K02823",0.996972754793138,1,FALSE,FALSE,FALSE,FALSE
"K03091",0.119,0,0.883,-32.8,222,0.0105,NA,"K03091",0.996972754793138,1,FALSE,FALSE,FALSE,FALSE
"K06383",0.119,0,0.883,-32.8,222,0.0105,NA,"K06383",0.996972754793138,1,FALSE,FALSE,FALSE,FALSE
"K08384",0.119,0,0.883,-32.8,222,0.0105,NA,"K08384",0.996972754793138,1,FALSE,FALSE,FALSE,FALSE
"K15640",0.129,0,0.816,12.5,53.5,0.0165,NA,"K15640",0.996972754793138,1,FALSE,FALSE,FALSE,FALSE
"K13237",0.0299,0,0.114,-152,96,0.112,NA,"K13237",0.84016393442623,1,FALSE,FALSE,FALSE,FALSE
"K01208",0.0846,0,0.973,2.48,74.2,0.00237,NA,"K01208",0.996972754793138,1,FALSE,FALSE,FALSE,FALSE
"K13566",0.0746,0,0.196,-113,86.9,0.0915,NA,"K13566",0.931558935361217,1,FALSE,FALSE,FALSE,FALSE
"K08966",0.144,0,0.524,-33.3,52.2,0.0452,NA,"K08966",0.996972754793138,1,FALSE,FALSE,FALSE,FALSE
"K20118",0.119,0,0.883,-32.8,222,0.0105,NA,"K20118",0.996972754793138,1,FALSE,FALSE,FALSE,FALSE
"K03480",0.109,0,0.587,-32.1,58.9,0.0385,NA,"K03480",0.996972754793138,1,FALSE,FALSE,FALSE,FALSE
"K09763",0.144,0,0.173,85.5,62.4,0.0966,NA,"K09763",0.889003083247688,1,FALSE,FALSE,FALSE,FALSE
"K06408",0.119,0,0.883,-32.8,222,0.0105,NA,"K06408",0.996972754793138,1,FALSE,FALSE,FALSE,FALSE
"K06407",0.119,0,0.883,-32.8,222,0.0105,NA,"K06407",0.996972754793138,1,FALSE,FALSE,FALSE,FALSE
"K06406",0.119,0,0.883,-32.8,222,0.0105,NA,"K06406",0.996972754793138,1,FALSE,FALSE,FALSE,FALSE
"K06405",0.119,0,0.883,-32.8,222,0.0105,NA,"K06405",0.996972754793138,1,FALSE,FALSE,FALSE,FALSE
"K06404",0.119,0,0.883,-32.8,222,0.0105,NA,"K06404",0.996972754793138,1,FALSE,FALSE,FALSE,FALSE
"K06403",0.119,0,0.883,-32.8,222,0.0105,NA,"K06403",0.996972754793138,1,FALSE,FALSE,FALSE,FALSE
"K06379",0.119,0,0.883,-32.8,222,0.0105,NA,"K06379",0.996972754793138,1,FALSE,FALSE,FALSE,FALSE
"K06378",0.119,0,0.883,-32.8,222,0.0105,NA,"K06378",0.996972754793138,1,FALSE,FALSE,FALSE,FALSE
"K23060",0.119,0,0.433,-67.7,86.1,0.0556,NA,"K23060",0.996972754793138,1,FALSE,FALSE,FALSE,FALSE
"K00634",0.0846,0,0.888,-5.56,39.4,0.00999,NA,"K00634",0.996972754793138,1,FALSE,FALSE,FALSE,FALSE
"K07699",0.119,0,0.951,4.73,76.2,0.00441,NA,"K07699",0.996972754793138,1,FALSE,FALSE,FALSE,FALSE
"K06399",0.114,0,0.969,3.23,82.2,0.00278,NA,"K06399",0.996972754793138,1,FALSE,FALSE,FALSE,FALSE
"K06397",0.119,0,0.883,-32.8,222,0.0105,NA,"K06397",0.996972754793138,1,FALSE,FALSE,FALSE,FALSE
"K06396",0.119,0,0.883,-32.8,222,0.0105,NA,"K06396",0.996972754793138,1,FALSE,FALSE,FALSE,FALSE
"K06395",0.119,0,0.883,-32.8,222,0.0105,NA,"K06395",0.996972754793138,1,FALSE,FALSE,FALSE,FALSE
"K06394",0.119,0,0.883,-32.8,222,0.0105,NA,"K06394",0.996972754793138,1,FALSE,FALSE,FALSE,FALSE
"K06393",0.119,0,0.883,-32.8,222,0.0105,NA,"K06393",0.996972754793138,1,FALSE,FALSE,FALSE,FALSE
"K06392",0.119,0,0.883,-32.8,222,0.0105,NA,"K06392",0.996972754793138,1,FALSE,FALSE,FALSE,FALSE
"K06391",0.119,0,0.883,-32.8,222,0.0105,NA,"K06391",0.996972754793138,1,FALSE,FALSE,FALSE,FALSE
"K06390",0.119,0,0.883,-32.8,222,0.0105,NA,"K06390",0.996972754793138,1,FALSE,FALSE,FALSE,FALSE
"K03716",0.119,0,0.883,-32.8,222,0.0105,NA,"K03716",0.996972754793138,1,FALSE,FALSE,FALSE,FALSE
"K25564",0.0348,0,0.664,34.6,79.6,0.0308,NA,"K25564",0.996972754793138,1,FALSE,FALSE,FALSE,FALSE
"K02247",0.0846,0,0.98,1.56,63.7,0.00174,NA,"K02247",0.996972754793138,1,FALSE,FALSE,FALSE,FALSE
"K02243",0.0896,0,0.583,-32.9,59.7,0.039,NA,"K02243",0.996972754793138,1,FALSE,FALSE,FALSE,FALSE
"K16881",0.0199,0,0.933,6.77,80.8,0.00594,NA,"K16881",0.996972754793138,1,FALSE,FALSE,FALSE,FALSE
"K23774",0.119,0,0.0883,306,179,0.121,NA,"K23774",0.796847635726795,1,FALSE,FALSE,FALSE,FALSE
"K06438",0.119,0,0.883,-32.8,222,0.0105,NA,"K06438",0.996972754793138,1,FALSE,FALSE,FALSE,FALSE
"K06012",0.119,0,0.883,-32.8,222,0.0105,NA,"K06012",0.996972754793138,1,FALSE,FALSE,FALSE,FALSE
"K02239",0.119,0,0.883,-32.8,222,0.0105,NA,"K02239",0.996972754793138,1,FALSE,FALSE,FALSE,FALSE
"K17216",0.104,0,0.0781,-313,177,0.125,NA,"K17216",0.782,1,FALSE,FALSE,FALSE,FALSE
"K17462",0.104,0,0.0781,-313,177,0.125,NA,"K17462",0.782,1,FALSE,FALSE,FALSE,FALSE
"K21468",0.119,0,0.883,-32.8,222,0.0105,NA,"K21468",0.996972754793138,1,FALSE,FALSE,FALSE,FALSE
"K06318",0.119,0,0.883,-32.8,222,0.0105,NA,"K06318",0.996972754793138,1,FALSE,FALSE,FALSE,FALSE
"K06370",0.119,0,0.883,-32.8,222,0.0105,NA,"K06370",0.996972754793138,1,FALSE,FALSE,FALSE,FALSE
"K06375",0.119,0,0.951,4.73,76.2,0.00441,NA,"K06375",0.996972754793138,1,FALSE,FALSE,FALSE,FALSE
"K06401",0.119,0,0.883,-32.8,222,0.0105,NA,"K06401",0.996972754793138,1,FALSE,FALSE,FALSE,FALSE
"K06380",0.119,0,0.883,-32.8,222,0.0105,NA,"K06380",0.996972754793138,1,FALSE,FALSE,FALSE,FALSE
"K06417",0.119,0,0.883,-32.8,222,0.0105,NA,"K06417",0.996972754793138,1,FALSE,FALSE,FALSE,FALSE
"K04076",0.119,0,0.883,-32.8,222,0.0105,NA,"K04076",0.996972754793138,1,FALSE,FALSE,FALSE,FALSE
"K06298",0.119,0,0.883,-32.8,222,0.0105,NA,"K06298",0.996972754793138,1,FALSE,FALSE,FALSE,FALSE
"K01994",0.109,0,0.46,56.3,76.1,0.0524,NA,"K01994",0.996972754793138,1,FALSE,FALSE,FALSE,FALSE
"K13770",0.159,0,0.612,-127,249,0.036,NA,"K13770",0.996972754793138,1,FALSE,FALSE,FALSE,FALSE
"K25113",0.0398,0,0.0195,-310,132,0.165,NA,"K25113",0.563583815028902,1,FALSE,FALSE,FALSE,FALSE
"K06426",0.119,0,0.883,-32.8,222,0.0105,NA,"K06426",0.996972754793138,1,FALSE,FALSE,FALSE,FALSE
"K20608",0.104,0,0.0141,366,148,0.173,NA,"K20608",0.47972972972973,1,FALSE,FALSE,FALSE,FALSE
"K06288",0.0846,0,0.571,32.9,58,0.0402,NA,"K06288",0.996972754793138,1,FALSE,FALSE,FALSE,FALSE
"K16789",0.0697,0,0.874,10.8,68.3,0.0112,NA,"K16789",0.996972754793138,1,FALSE,FALSE,FALSE,FALSE
"K26993",0.0896,0,0.382,40.5,46.2,0.062,NA,"K26993",0.996972754793138,1,FALSE,FALSE,FALSE,FALSE
"K10907",0.119,0,0.883,-32.8,222,0.0105,NA,"K10907",0.996972754793138,1,FALSE,FALSE,FALSE,FALSE
"K07035",0.0945,0,0.817,-26.3,114,0.0164,NA,"K07035",0.996972754793138,1,FALSE,FALSE,FALSE,FALSE
"K18567",0.144,0,0.721,-13.8,38.6,0.0254,NA,"K18567",0.996972754793138,1,FALSE,FALSE,FALSE,FALSE
"K24951",0.0647,0,0.321,-52,52.3,0.0703,NA,"K24951",0.996972754793138,1,FALSE,FALSE,FALSE,FALSE
"K00903",0.149,0,0.439,34.7,44.8,0.0548,NA,"K00903",0.996972754793138,1,FALSE,FALSE,FALSE,FALSE
"K06283",0.119,0,0.883,-32.8,222,0.0105,NA,"K06283",0.996972754793138,1,FALSE,FALSE,FALSE,FALSE
"K06386",0.119,0,0.883,-32.8,222,0.0105,NA,"K06386",0.996972754793138,1,FALSE,FALSE,FALSE,FALSE
"K06381",0.139,0,0.637,-85.8,181,0.0335,NA,"K06381",0.996972754793138,1,FALSE,FALSE,FALSE,FALSE
"K20201",0.129,0,0.904,-16,133,0.00856,NA,"K20201",0.996972754793138,1,FALSE,FALSE,FALSE,FALSE
"K06387",0.119,0,0.883,-32.8,222,0.0105,NA,"K06387",0.996972754793138,1,FALSE,FALSE,FALSE,FALSE
"K19701",0.104,0,0.763,-21,69.5,0.0214,NA,"K19701",0.996972754793138,1,FALSE,FALSE,FALSE,FALSE
"K21902",0.0547,0,0.0517,-262,134,0.137,NA,"K21902",0.700534759358289,1,FALSE,FALSE,FALSE,FALSE
"K21464",0.119,0,0.883,-32.8,222,0.0105,NA,"K21464",0.996972754793138,1,FALSE,FALSE,FALSE,FALSE
"K00435",0.174,0,0.964,2.42,53.7,0.0032,NA,"K00435",0.996972754793138,1,FALSE,FALSE,FALSE,FALSE
"K06305",0.119,0,0.883,-32.8,222,0.0105,NA,"K06305",0.996972754793138,1,FALSE,FALSE,FALSE,FALSE
"K18967",0.0647,0,0.159,-226,160,0.0997,NA,"K18967",0.874049945711183,1,FALSE,FALSE,FALSE,FALSE
"K06595",0.0896,0,0.684,31.8,78,0.0289,NA,"K06595",0.996972754793138,1,FALSE,FALSE,FALSE,FALSE
"K05339",0.0498,0,0.369,-158,175,0.0637,NA,"K05339",0.996972754793138,1,FALSE,FALSE,FALSE,FALSE
"K05338",0.0498,0,0.369,-158,175,0.0637,NA,"K05338",0.996972754793138,1,FALSE,FALSE,FALSE,FALSE
"K00491",0.124,0,0.689,-79.8,199,0.0284,NA,"K00491",0.996972754793138,1,FALSE,FALSE,FALSE,FALSE
"K16234",0.139,0,0.577,-16.7,29.9,0.0396,NA,"K16234",0.996972754793138,1,FALSE,FALSE,FALSE,FALSE
"K12988",0.0746,0,0.254,36.6,32,0.0808,NA,"K12988",0.980694980694981,1,FALSE,FALSE,FALSE,FALSE
"K11311",0.0498,0,0.726,-12.8,36.5,0.0249,NA,"K05599,K05600,K11311",0.996972754793138,1,FALSE,FALSE,FALSE,FALSE
"K26062",0.104,0,0.168,-92.8,67.1,0.0976,NA,"K26062",0.883264462809917,1,FALSE,FALSE,FALSE,FALSE
"K21904",0.0995,0,0.1,-60.1,36.4,0.116,NA,"K21904",0.819672131147541,1,FALSE,FALSE,FALSE,FALSE
"K28221",0.0448,0,0.145,-61.8,42.2,0.103,NA,"K28221",0.855646100116414,1,FALSE,FALSE,FALSE,FALSE
"K28222",0.0448,0,0.145,-61.8,42.2,0.103,NA,"K28222",0.855646100116414,1,FALSE,FALSE,FALSE,FALSE
"K28220",0.0448,0,0.145,-61.8,42.2,0.103,NA,"K28220",0.855646100116414,1,FALSE,FALSE,FALSE,FALSE
"K01822",0.0448,0,0.0637,-76.8,41.2,0.131,NA,"K01822",0.731651376146789,1,FALSE,FALSE,FALSE,FALSE
"K16050",0.0398,0,0.166,-53.9,38.7,0.0981,NA,"K16050",0.882978723404255,1,FALSE,FALSE,FALSE,FALSE
"K15982",0.0448,0,0.145,-61.8,42.2,0.103,NA,"K15982",0.855646100116414,1,FALSE,FALSE,FALSE,FALSE
"K05296",0.0498,0,0.201,-53.8,41.9,0.0905,NA,"K05296",0.938375350140056,1,FALSE,FALSE,FALSE,FALSE
"K18687",0.0448,0,0.145,-61.8,42.2,0.103,NA,"K18687",0.855646100116414,1,FALSE,FALSE,FALSE,FALSE
"K16049",0.0448,0,0.145,-61.8,42.2,0.103,NA,"K16049",0.855646100116414,1,FALSE,FALSE,FALSE,FALSE
"K28228",0.0448,0,0.145,-61.8,42.2,0.103,NA,"K28228",0.855646100116414,1,FALSE,FALSE,FALSE,FALSE
"K28229",0.0448,0,0.145,-61.8,42.2,0.103,NA,"K28229",0.855646100116414,1,FALSE,FALSE,FALSE,FALSE
"K28232",0.0448,0,0.145,-61.8,42.2,0.103,NA,"K28232",0.855646100116414,1,FALSE,FALSE,FALSE,FALSE
"K28226",0.0448,0,0.145,-61.8,42.2,0.103,NA,"K28226",0.855646100116414,1,FALSE,FALSE,FALSE,FALSE
"K28227",0.0448,0,0.145,-61.8,42.2,0.103,NA,"K28227",0.855646100116414,1,FALSE,FALSE,FALSE,FALSE
"K28230",0.0448,0,0.145,-61.8,42.2,0.103,NA,"K28230",0.855646100116414,1,FALSE,FALSE,FALSE,FALSE
"K28231",0.0448,0,0.145,-61.8,42.2,0.103,NA,"K28231",0.855646100116414,1,FALSE,FALSE,FALSE,FALSE
"K28225",0.0448,0,0.145,-61.8,42.2,0.103,NA,"K28225",0.855646100116414,1,FALSE,FALSE,FALSE,FALSE
"K17989",0.169,0,0.102,-57.6,35.1,0.116,NA,"K17989",0.821256038647343,1,FALSE,FALSE,FALSE,FALSE
"K28678",0.0597,0,0.538,23.2,37.6,0.0437,NA,"K28678",0.996972754793138,1,FALSE,FALSE,FALSE,FALSE
"K18991",0.179,0,0.383,-28.5,32.6,0.0618,NA,"K18991",0.996972754793138,1,FALSE,FALSE,FALSE,FALSE
"K22027",0.154,0,0.819,-6.15,26.8,0.0163,NA,"K22027",0.996972754793138,1,FALSE,FALSE,FALSE,FALSE
"K05301",0.0448,0,0.277,-50,45.8,0.0771,NA,"K05301",0.991410164638511,1,FALSE,FALSE,FALSE,FALSE
"K00386",0.0448,0,0.277,-50,45.8,0.0771,NA,"K00386",0.991410164638511,1,FALSE,FALSE,FALSE,FALSE
"K09122",0.109,0,0.33,-37.6,38.5,0.069,NA,"K09122",0.996972754793138,1,FALSE,FALSE,FALSE,FALSE
"K19691",0.0348,0,0.12,-76.3,48.9,0.11,NA,"K19691",0.84016393442623,1,FALSE,FALSE,FALSE,FALSE
"K26580",0.154,0,0.778,-7.62,27,0.02,NA,"K26580",0.996972754793138,1,FALSE,FALSE,FALSE,FALSE
"K11264",0.0199,0,0.276,-52.1,47.6,0.0773,NA,"K11264",0.991410164638511,1,FALSE,FALSE,FALSE,FALSE
"K18292",0.0995,0,0.713,-12.6,34.2,0.0261,NA,"K18292",0.996972754793138,1,FALSE,FALSE,FALSE,FALSE
"K18291",0.0846,0,0.533,-24.3,38.9,0.0442,NA,"K18291",0.996972754793138,1,FALSE,FALSE,FALSE,FALSE
"K09123",0.209,0,0.134,55,36.5,0.106,NA,"K09123",0.855646100116414,1,FALSE,FALSE,FALSE,FALSE
"K10622",0.0299,0,0.94,2.83,37.3,0.00539,NA,"K10622",0.996972754793138,1,FALSE,FALSE,FALSE,FALSE
"K03396",0.139,0,0.0181,-83.2,34.9,0.167,NA,"K03396",0.545180722891566,1,FALSE,FALSE,FALSE,FALSE
"K27108",0.189,0,0.209,-50,39.7,0.0889,NA,"K27108",0.946188340807175,1,FALSE,FALSE,FALSE,FALSE
"K09129",0.0995,0,0.351,-28.6,30.5,0.0662,NA,"K09129",0.996972754793138,1,FALSE,FALSE,FALSE,FALSE
"K12253",0.0896,0,0.149,-61.5,42.4,0.102,NA,"K12253",0.859284890426759,1,FALSE,FALSE,FALSE,FALSE
"K15234",0.0149,0,0.949,3.55,55.9,0.0045,NA,"K15234",0.996972754793138,1,FALSE,FALSE,FALSE,FALSE
"K22505",0.0249,0,0.411,36.5,44.3,0.0582,NA,"K13285,K22505",0.996972754793138,1,FALSE,FALSE,FALSE,FALSE
"K22487",0.0199,0,0.33,47.3,48.4,0.0691,NA,"K13286,K13287,K22487,K22488,K22506,K22507,K22508,K22509,K22510",0.996972754793138,1,FALSE,FALSE,FALSE,FALSE
"K22486",0.0149,0,0.272,56.8,51.6,0.0778,NA,"K22486,K22513",0.987654320987654,1,FALSE,FALSE,FALSE,FALSE
"K22511",0.0249,0,0.775,12.3,42.8,0.0203,NA,"K22504,K22511",0.996972754793138,1,FALSE,FALSE,FALSE,FALSE
"K00669",0.0348,0,0.563,-22,38,0.041,NA,"K00669",0.996972754793138,1,FALSE,FALSE,FALSE,FALSE
"K10677",0.0149,0,0.12,98.2,62.8,0.11,NA,"K10677",0.84016393442623,1,FALSE,FALSE,FALSE,FALSE
"K25596",0.0448,0,0.161,56.5,40.1,0.0993,NA,"K25596",0.874049945711183,1,FALSE,FALSE,FALSE,FALSE
"K01160",0.0796,0,0.819,6.07,26.4,0.0163,NA,"K01160",0.996972754793138,1,FALSE,FALSE,FALSE,FALSE
"K23138",0.159,0,0.796,-10.7,41.4,0.0184,NA,"K23138",0.996972754793138,1,FALSE,FALSE,FALSE,FALSE
"K05363",0.0547,0,0.427,-56.7,71.2,0.0564,NA,"K05363",0.996972754793138,1,FALSE,FALSE,FALSE,FALSE
"K02803",0.0498,0,0.791,13.1,49.5,0.0188,NA,"K02803",0.996972754793138,1,FALSE,FALSE,FALSE,FALSE
"K08884",0.0796,0,0.933,4.29,51.1,0.00595,NA,"K08884",0.996972754793138,1,FALSE,FALSE,FALSE,FALSE
"K27097",0.0597,0,0.195,60.2,46.3,0.0918,NA,"K27097",0.931232091690544,1,FALSE,FALSE,FALSE,FALSE
"K27088",0.0149,0,0.885,10.3,71.2,0.0102,NA,"K27088",0.996972754793138,1,FALSE,FALSE,FALSE,FALSE
"K01500",0.0398,0,0.0888,102,59.6,0.12,NA,"K01500",0.796847635726795,1,FALSE,FALSE,FALSE,FALSE
"K23980",0.0448,0,0.283,-83.7,77.7,0.0761,NA,"K23980",0.996972754793138,1,FALSE,FALSE,FALSE,FALSE
"K25230",0.0299,0,0.131,-77.8,51.3,0.107,NA,"K25230",0.855646100116414,1,FALSE,FALSE,FALSE,FALSE
"K21302",0.0348,0,0.078,-108,60.8,0.125,NA,"K21302",0.782,1,FALSE,FALSE,FALSE,FALSE
"K01212",0.104,0,0.0468,98.1,49.1,0.14,NA,"K01212",0.672413793103448,1,FALSE,FALSE,FALSE,FALSE
"K09692",0.129,0,0.739,-12.7,38,0.0236,NA,"K09692",0.996972754793138,1,FALSE,FALSE,FALSE,FALSE
"K04618",0.0299,0,0.959,2.97,57.4,0.00367,NA,"K04618",0.996972754793138,1,FALSE,FALSE,FALSE,FALSE
"K13671",0.0597,0,0.941,6.19,83.8,0.00523,NA,"K13671",0.996972754793138,1,FALSE,FALSE,FALSE,FALSE
"K25952",0.0846,0,0.84,7.99,39.5,0.0143,NA,"K25952",0.996972754793138,1,FALSE,FALSE,FALSE,FALSE
"K24694",0.0249,0,0.0386,-122,58.5,0.146,NA,"K24694",0.64657980456026,1,FALSE,FALSE,FALSE,FALSE
"K24695",0.0199,0,0.0735,-108,60,0.126,NA,"K24695",0.773684210526316,1,FALSE,FALSE,FALSE,FALSE
"K24696",0.0249,0,0.0386,-122,58.5,0.146,NA,"K24696",0.64657980456026,1,FALSE,FALSE,FALSE,FALSE
"K24693",0.0249,0,0.0386,-122,58.5,0.146,NA,"K24693",0.64657980456026,1,FALSE,FALSE,FALSE,FALSE
"K24697",0.0249,0,0.0386,-122,58.5,0.146,NA,"K24697",0.64657980456026,1,FALSE,FALSE,FALSE,FALSE
"K24698",0.0249,0,0.0386,-122,58.5,0.146,NA,"K24698",0.64657980456026,1,FALSE,FALSE,FALSE,FALSE
"K16237",0.0199,0,0.589,-151,279,0.0383,NA,"K06860,K07465,K08256,K11611,K15525,K16237,K18958,K21514,K22306,K22311",0.996972754793138,1,FALSE,FALSE,FALSE,FALSE
"K18232",0.0149,0,0.855,-57.1,312,0.013,NA,"K18232",0.996972754793138,1,FALSE,FALSE,FALSE,FALSE
"K16168",0.119,0,0.113,-168,105,0.112,NA,"K16168",0.84016393442623,1,FALSE,FALSE,FALSE,FALSE
"K11355",0.0199,0,0.924,-14.5,151,0.0068,NA,"K11355",0.996972754793138,1,FALSE,FALSE,FALSE,FALSE
"K25140",0.0597,0,0.758,-25.6,82.7,0.0219,NA,"K25140,K25141",0.996972754793138,1,FALSE,FALSE,FALSE,FALSE
"K10200",0.0448,0,0.267,105,94.6,0.0786,NA,"K10200",0.987654320987654,1,FALSE,FALSE,FALSE,FALSE
"K10201",0.0249,0,0.859,19.5,110,0.0126,NA,"K10201,K10202",0.996972754793138,1,FALSE,FALSE,FALSE,FALSE
"K02352",0.0299,0,0.0597,103,54.1,0.133,NA,"K02352",0.723429951690821,1,FALSE,FALSE,FALSE,FALSE
"K17810",0.0448,0,0.744,36.4,111,0.0231,NA,"K17810",0.996972754793138,1,FALSE,FALSE,FALSE,FALSE
"K15878",0.0199,0,0.767,26,87.9,0.021,NA,"K15878",0.996972754793138,1,FALSE,FALSE,FALSE,FALSE
"K02626",0.0149,0,0.855,-57.1,312,0.013,NA,"K02626",0.996972754793138,1,FALSE,FALSE,FALSE,FALSE
"K23262",0.0348,0,0.581,88.7,161,0.0391,NA,"K23262",0.996972754793138,1,FALSE,FALSE,FALSE,FALSE
"K25672",0.0547,0,0.344,50.6,53.3,0.0671,NA,"K25672",0.996972754793138,1,FALSE,FALSE,FALSE,FALSE
"K01634",0.0299,0,0.997,0.412,94.9,0.000308,NA,"K01634",0.998997995991984,1,FALSE,FALSE,FALSE,FALSE
"K18909",0.0398,0,0.626,47.9,98,0.0346,NA,"K18909",0.996972754793138,1,FALSE,FALSE,FALSE,FALSE
"K18908",0.0299,0,0.702,-22.3,58.1,0.0272,NA,"K18908",0.996972754793138,1,FALSE,FALSE,FALSE,FALSE
"K01727",0.0398,0,0.0582,177,93.2,0.134,NA,"K01727",0.716216216216216,1,FALSE,FALSE,FALSE,FALSE
"K05342",0.0647,0,0.0387,206,98.7,0.146,NA,"K05342",0.64657980456026,1,FALSE,FALSE,FALSE,FALSE
"K00360",0.0149,0,0.855,-57.1,312,0.013,NA,"K00360",0.996972754793138,1,FALSE,FALSE,FALSE,FALSE
"K09693",0.0846,0,0.775,-40.8,143,0.0203,NA,"K09693",0.996972754793138,1,FALSE,FALSE,FALSE,FALSE
"K25675",0.0647,0,0.455,-118,157,0.0529,NA,"K25674,K25675",0.996972754793138,1,FALSE,FALSE,FALSE,FALSE
"K21471",0.0348,0,0.61,-85.9,168,0.0362,NA,"K21471",0.996972754793138,1,FALSE,FALSE,FALSE,FALSE
"K22247",0.0597,0,0.705,-12.9,34,0.0269,NA,"K22247",0.996972754793138,1,FALSE,FALSE,FALSE,FALSE
"K13940",0.0149,0,0.855,-57.1,312,0.013,NA,"K13940",0.996972754793138,1,FALSE,FALSE,FALSE,FALSE
"K01180",0.0199,0,0.447,-67.2,88.2,0.0539,NA,"K01180",0.996972754793138,1,FALSE,FALSE,FALSE,FALSE
"K02062",0.0149,0,0.211,97.6,77.8,0.0886,NA,"K02062",0.946188340807175,1,FALSE,FALSE,FALSE,FALSE
"K28149",0.0149,0,0.777,20.2,71,0.0201,NA,"K28149",0.996972754793138,1,FALSE,FALSE,FALSE,FALSE
"K18195",0.0199,0,0.108,-262,163,0.114,NA,"K18195",0.839813374805599,1,FALSE,FALSE,FALSE,FALSE
"K02103",0.104,0,0.212,74.5,59.5,0.0884,NA,"K02103",0.946666666666667,1,FALSE,FALSE,FALSE,FALSE
"K03882",0.0149,0,0.0307,-255,117,0.152,NA,"K03882",0.64657980456026,1,FALSE,FALSE,FALSE,FALSE
"K01054",0.0498,0,0.389,-117,136,0.0611,NA,"K01054",0.996972754793138,1,FALSE,FALSE,FALSE,FALSE
"K09706",0.0199,0,0.831,18.2,85.1,0.0152,NA,"K09706",0.996972754793138,1,FALSE,FALSE,FALSE,FALSE
"K13058",0.0199,0,0.643,-61.6,133,0.0329,NA,"K13058",0.996972754793138,1,FALSE,FALSE,FALSE,FALSE
"K18335",0.119,0,0.491,-80.9,117,0.0488,NA,"K18335",0.996972754793138,1,FALSE,FALSE,FALSE,FALSE
"K23545",0.0896,0,0.58,-39.7,71.8,0.0392,NA,"K23545",0.996972754793138,1,FALSE,FALSE,FALSE,FALSE
"K23547",0.0896,0,0.58,-39.7,71.8,0.0392,NA,"K23547",0.996972754793138,1,FALSE,FALSE,FALSE,FALSE
"K23546",0.0896,0,0.58,-39.7,71.8,0.0392,NA,"K23546",0.996972754793138,1,FALSE,FALSE,FALSE,FALSE
"K28465",0.0796,0,0.405,-122,146,0.0591,NA,"K18905,K28465",0.996972754793138,1,FALSE,FALSE,FALSE,FALSE
"K19813",0.114,0,0.635,18,37.8,0.0336,NA,"K19813",0.996972754793138,1,FALSE,FALSE,FALSE,FALSE
"K19620",0.0846,0,0.591,-40.5,75.3,0.0381,NA,"K19620",0.996972754793138,1,FALSE,FALSE,FALSE,FALSE
"K28747",0.0547,0,0.914,-5.37,49.7,0.00766,NA,"K28747",0.996972754793138,1,FALSE,FALSE,FALSE,FALSE
"K18009",0.0746,0,0.555,18.4,31.2,0.0418,NA,"K18009",0.996972754793138,1,FALSE,FALSE,FALSE,FALSE
"K12953",0.0149,0,0.605,-51.9,100,0.0367,NA,"K12953",0.996972754793138,1,FALSE,FALSE,FALSE,FALSE
"K10020",0.154,0,0.918,4.91,47.7,0.00729,NA,"K10018,K10020",0.996972754793138,1,FALSE,FALSE,FALSE,FALSE
"K10019",0.144,0,0.864,-7.54,43.9,0.0122,NA,"K10019",0.996972754793138,1,FALSE,FALSE,FALSE,FALSE
"K05991",0.0149,0,0.425,134,168,0.0565,NA,"K05991",0.996972754793138,1,FALSE,FALSE,FALSE,FALSE
"K00467",0.0348,0,0.914,-6.12,56.3,0.00771,NA,"K00467",0.996972754793138,1,FALSE,FALSE,FALSE,FALSE
"K15067",0.0299,0,0.402,50.1,59.7,0.0594,NA,"K15067",0.996972754793138,1,FALSE,FALSE,FALSE,FALSE
"K04127",0.0199,0,0.9,10.3,81.7,0.00895,NA,"K04127",0.996972754793138,1,FALSE,FALSE,FALSE,FALSE
"K14727",0.0199,0,0.663,-77.5,178,0.0309,NA,"K14727",0.996972754793138,1,FALSE,FALSE,FALSE,FALSE
"K10190",0.104,0,0.991,-0.929,86.5,0.000761,NA,"K10188,K10189,K10190",0.996987951807229,1,FALSE,FALSE,FALSE,FALSE
"K20486",0.0746,0,0.908,-6.97,60.5,0.00817,NA,"K20486",0.996972754793138,1,FALSE,FALSE,FALSE,FALSE
"K00320",0.0199,0,0.543,94.6,155,0.0432,NA,"K00320",0.996972754793138,1,FALSE,FALSE,FALSE,FALSE
"K01431",0.0299,0,0.952,-6.93,115,0.00426,NA,"K01431",0.996972754793138,1,FALSE,FALSE,FALSE,FALSE
"K24648",0.0945,0,0.933,-12.8,151,0.00601,NA,"K24648",0.996972754793138,1,FALSE,FALSE,FALSE,FALSE
"K09681",0.109,0,0.419,136,168,0.0573,NA,"K01308,K09681,K11629,K11630,K13533",0.996972754793138,1,FALSE,FALSE,FALSE,FALSE
"K17910",0.119,0,0.419,30.2,37.2,0.0574,NA,"K17910",0.996972754793138,1,FALSE,FALSE,FALSE,FALSE
"K04720",0.0995,0,0.386,73.4,84.5,0.0614,NA,"K04720",0.996972754793138,1,FALSE,FALSE,FALSE,FALSE
"K09388",0.0896,0,0.31,213,209,0.072,NA,"K07315,K09388,K19224",0.996972754793138,1,FALSE,FALSE,FALSE,FALSE
"K01361",0.0448,0,0.474,143,199,0.0508,NA,"K00306,K01177,K01361,K07079,K11944,K22445,K24966,K24987",0.996972754793138,1,FALSE,FALSE,FALSE,FALSE
"K21285",0.0697,0,0.821,-36.3,160,0.0161,NA,"K06388,K06389,K07698,K11814,K21285,K23989",0.996972754793138,1,FALSE,FALSE,FALSE,FALSE
"K07692",0.114,0,0.244,239,204,0.0826,NA,"K06209,K06285,K07692,K07718,K25528,K28166",0.967614533965245,1,FALSE,FALSE,FALSE,FALSE
"K13626",0.144,0,0.32,-42,42.1,0.0705,NA,"K13626",0.996972754793138,1,FALSE,FALSE,FALSE,FALSE
"K09766",0.0398,0,0.639,-26.4,56,0.0333,NA,"K09766",0.996972754793138,1,FALSE,FALSE,FALSE,FALSE
"K18770",0.0348,0,0.582,31.6,57.4,0.039,NA,"K18770",0.996972754793138,1,FALSE,FALSE,FALSE,FALSE
"K26990",0.0846,0,0.495,118,173,0.0484,NA,"K03489,K03697,K06315,K11691,K11692,K23253,K23598,K26990",0.996972754793138,1,FALSE,FALSE,FALSE,FALSE
"K26992",0.0896,0,0.336,-71.7,74.4,0.0682,NA,"K26992",0.996972754793138,1,FALSE,FALSE,FALSE,FALSE
"K08693",0.0746,0,0.379,61.6,69.8,0.0624,NA,"K08693,K26745",0.996972754793138,1,FALSE,FALSE,FALSE,FALSE
"K14940",0.0547,0,0.331,152,156,0.0689,NA,"K14940",0.996972754793138,1,FALSE,FALSE,FALSE,FALSE
"K24989",0.0597,0,0.352,66.3,71,0.066,NA,"K24989",0.996972754793138,1,FALSE,FALSE,FALSE,FALSE
"K03693",0.0746,0,0.355,161,173,0.0656,NA,"K03693",0.996972754793138,1,FALSE,FALSE,FALSE,FALSE
"K20859",0.0299,0,0.837,-14.4,69.8,0.0146,NA,"K20859",0.996972754793138,1,FALSE,FALSE,FALSE,FALSE
"K22981",0.0597,0,0.128,258,169,0.108,NA,"K16044,K21479,K22981",0.853333333333333,1,FALSE,FALSE,FALSE,FALSE
"K21114",0.0398,0,0.272,84.3,76.6,0.0778,NA,"K21114",0.987654320987654,1,FALSE,FALSE,FALSE,FALSE
"K03483",0.0945,0,0.161,81.3,57.8,0.0993,NA,"K03483",0.874049945711183,1,FALSE,FALSE,FALSE,FALSE
"K18654",0.0846,0,0.642,-33.2,71.3,0.033,NA,"K18654",0.996972754793138,1,FALSE,FALSE,FALSE,FALSE
"K00076",0.0995,0,0.334,39.4,40.7,0.0684,NA,"K00076",0.996972754793138,1,FALSE,FALSE,FALSE,FALSE
"K02385",0.139,0,0.168,-55.8,40.3,0.0977,NA,"K02385",0.883264462809917,1,FALSE,FALSE,FALSE,FALSE
"K25086",0.0896,0,0.0622,323,172,0.132,NA,"K25086,K25087,K25088",0.731651376146789,1,FALSE,FALSE,FALSE,FALSE
"K28891",0.0796,0,0.0142,312,126,0.173,NA,"K28891",0.47972972972973,1,FALSE,FALSE,FALSE,FALSE
"K02241",0.0647,0,0.393,-61.4,71.8,0.0605,NA,"K02241",0.996972754793138,1,FALSE,FALSE,FALSE,FALSE
"K28526",0.0547,0,0.637,22.1,46.7,0.0334,NA,"K28526",0.996972754793138,1,FALSE,FALSE,FALSE,FALSE
"K00680",0.0348,0,0.496,33.3,48.8,0.0483,NA,"K00680",0.996972754793138,1,FALSE,FALSE,FALSE,FALSE
"K24117",0.0945,0,0.403,39.3,46.9,0.0593,NA,"K24117",0.996972754793138,1,FALSE,FALSE,FALSE,FALSE
"K16957",0.114,0,0.882,7.71,51.9,0.0105,NA,"K16957",0.996972754793138,1,FALSE,FALSE,FALSE,FALSE
"K16958",0.0995,0,0.35,65,69.4,0.0663,NA,"K16958,K16959",0.996972754793138,1,FALSE,FALSE,FALSE,FALSE
"K16960",0.0796,0,0.612,27.1,53.5,0.0359,NA,"K16960",0.996972754793138,1,FALSE,FALSE,FALSE,FALSE
"K10780",0.0945,0,0.517,121,186,0.046,NA,"K10780",0.996972754793138,1,FALSE,FALSE,FALSE,FALSE
"K16849",0.0299,0,0.166,83.4,60,0.098,NA,"K16849",0.882978723404255,1,FALSE,FALSE,FALSE,FALSE
"K21140",0.0398,0,0.198,66.6,51.5,0.0912,NA,"K21140",0.936613055818354,1,FALSE,FALSE,FALSE,FALSE
"K00710",0.0299,0,0.837,-14.4,69.8,0.0146,NA,"K00710",0.996972754793138,1,FALSE,FALSE,FALSE,FALSE
"K06322",0.0299,0,0.684,-29.5,72.5,0.0288,NA,"K06322",0.996972754793138,1,FALSE,FALSE,FALSE,FALSE
"K13006",0.0149,0,0.846,11.4,58.6,0.0138,NA,"K13006",0.996972754793138,1,FALSE,FALSE,FALSE,FALSE
"K06439",0.0597,0,0.952,-3.38,55.9,0.00429,NA,"K06439,K06440",0.996972754793138,1,FALSE,FALSE,FALSE,FALSE
"K16236",0.0547,0,0.631,-37.2,77.2,0.0341,NA,"K16236",0.996972754793138,1,FALSE,FALSE,FALSE,FALSE
"K06342",0.0896,0,0.463,-66.4,90.4,0.052,NA,"K06341,K06342",0.996972754793138,1,FALSE,FALSE,FALSE,FALSE
"K07696",0.0697,0,0.444,-59.4,77.5,0.0543,NA,"K07683,K07696,K10851",0.996972754793138,1,FALSE,FALSE,FALSE,FALSE
"K02006",0.0498,0,0.691,70.5,177,0.0282,NA,"K02006,K02009",0.996972754793138,1,FALSE,FALSE,FALSE,FALSE
"K05934",0.139,0,0.0701,64.2,35.3,0.128,NA,"K05934",0.761388286334056,1,FALSE,FALSE,FALSE,FALSE
"K16901",0.0299,0,0.282,-48.5,44.9,0.0763,NA,"K16901",0.996972754793138,1,FALSE,FALSE,FALSE,FALSE
"K06434",0.109,0,0.87,13.7,83.2,0.0116,NA,"K06434",0.996972754793138,1,FALSE,FALSE,FALSE,FALSE
"K28880",0.119,0,0.689,-29,72.3,0.0284,NA,"K28880",0.996972754793138,1,FALSE,FALSE,FALSE,FALSE
"K00801",0.119,0,0.0274,273,123,0.156,NA,"K00801",0.64018691588785,1,FALSE,FALSE,FALSE,FALSE
"K06208",0.0995,0,0.959,8.26,160,0.00366,NA,"K06208",0.996972754793138,1,FALSE,FALSE,FALSE,FALSE
"K22443",0.0448,0,0.261,66,58.5,0.0797,NA,"K22443",0.987654320987654,1,FALSE,FALSE,FALSE,FALSE
"K01743",0.0299,0,0.931,4.56,53,0.00611,NA,"K01743",0.996972754793138,1,FALSE,FALSE,FALSE,FALSE
"K18939",0.0896,0,0.487,-91.7,132,0.0493,NA,"K18939",0.996972754793138,1,FALSE,FALSE,FALSE,FALSE
"K10938",0.0796,0,0.755,15,48.1,0.0222,NA,"K10938",0.996972754793138,1,FALSE,FALSE,FALSE,FALSE
"K10133",0.0299,0,0.166,83.4,60,0.098,NA,"K10133",0.882978723404255,1,FALSE,FALSE,FALSE,FALSE
"K23398",0.0597,0,0.738,10.3,30.7,0.0238,NA,"K23398",0.996972754793138,1,FALSE,FALSE,FALSE,FALSE
"K04019",0.0647,0,0.559,-43.4,74.1,0.0415,NA,"K04019",0.996972754793138,1,FALSE,FALSE,FALSE,FALSE
"K04023",0.0796,0,0.107,-53.9,33.3,0.114,NA,"K04023",0.837245696400626,1,FALSE,FALSE,FALSE,FALSE
"K06329",0.0547,0,0.582,30.5,55.3,0.0391,NA,"K06329",0.996972754793138,1,FALSE,FALSE,FALSE,FALSE
"K23183",0.0597,0,0.746,21,64.7,0.023,NA,"K23183",0.996972754793138,1,FALSE,FALSE,FALSE,FALSE
"K23184",0.0348,0,0.775,-16.9,59,0.0203,NA,"K23184",0.996972754793138,1,FALSE,FALSE,FALSE,FALSE
"K06429",0.0697,0,0.954,3.9,67,0.00413,NA,"K06429",0.996972754793138,1,FALSE,FALSE,FALSE,FALSE
"K23776",0.0945,0,0.871,10.8,66.3,0.0115,NA,"K23776",0.996972754793138,1,FALSE,FALSE,FALSE,FALSE
"K22342",0.109,0,0.213,36.1,28.9,0.0881,NA,"K22342,K22344",0.946666666666667,1,FALSE,FALSE,FALSE,FALSE
"K22343",0.0945,0,0.171,41.8,30.4,0.0969,NA,"K22343",0.883264462809917,1,FALSE,FALSE,FALSE,FALSE
"K00917",0.0149,0,0.897,6.6,51,0.00917,NA,"K00917",0.996972754793138,1,FALSE,FALSE,FALSE,FALSE
"K11815",0.0647,0,0.606,36.3,70.3,0.0366,NA,"K11815",0.996972754793138,1,FALSE,FALSE,FALSE,FALSE
"K10711",0.0746,0,0.299,78.8,75.7,0.0736,NA,"K10711",0.996972754793138,1,FALSE,FALSE,FALSE,FALSE
"K19540",0.0597,0,0.672,28.4,67.2,0.03,NA,"K19540",0.996972754793138,1,FALSE,FALSE,FALSE,FALSE
"K07069",0.109,0,0.959,-2.37,46.4,0.00361,NA,"K07069",0.996972754793138,1,FALSE,FALSE,FALSE,FALSE
"K16173",0.0498,0,0.378,174,197,0.0625,NA,"K16173",0.996972754793138,1,FALSE,FALSE,FALSE,FALSE
"K18702",0.0746,0,0.222,51.4,42,0.0865,NA,"K18702",0.958727429062769,1,FALSE,FALSE,FALSE,FALSE
"K16838",0.0398,0,0.838,14,68.1,0.0146,NA,"K16838",0.996972754793138,1,FALSE,FALSE,FALSE,FALSE
"K06338",0.0348,0,0.893,-8.03,59.5,0.00957,NA,"K06338",0.996972754793138,1,FALSE,FALSE,FALSE,FALSE
"K18235",0.119,0,0.962,1.43,29.7,0.00341,NA,"K18235",0.996972754793138,1,FALSE,FALSE,FALSE,FALSE
"K15584",0.104,0,0.996,0.171,37.1,0.000327,NA,"K10824,K15584",0.998396150761828,1,FALSE,FALSE,FALSE,FALSE
"K15585",0.109,0,0.785,-11.3,41.2,0.0194,NA,"K15585,K15586",0.996972754793138,1,FALSE,FALSE,FALSE,FALSE
"K15587",0.0995,0,0.827,-10.5,47.6,0.0156,NA,"K15587",0.996972754793138,1,FALSE,FALSE,FALSE,FALSE
"K23684",0.0199,0,0.283,185,171,0.0762,NA,"K07449,K10212,K23684",0.996972754793138,1,FALSE,FALSE,FALSE,FALSE
"K08174",0.0547,0,0.248,-76.2,65.7,0.0818,NA,"K08174",0.969507427677873,1,FALSE,FALSE,FALSE,FALSE
"K24995",0.0249,0,0.402,-47.1,56,0.0595,NA,"K24995",0.996972754793138,1,FALSE,FALSE,FALSE,FALSE
"K19286",0.0398,0,0.882,-15.9,107,0.0105,NA,"K19286",0.996972754793138,1,FALSE,FALSE,FALSE,FALSE
"K14597",0.0398,0,0.804,-15,60.6,0.0176,NA,"K10210,K14597",0.996972754793138,1,FALSE,FALSE,FALSE,FALSE
"K21463",0.0149,0,0.294,205,195,0.0745,NA,"K21463",0.996972754793138,1,FALSE,FALSE,FALSE,FALSE
"K22369",0.0448,0,0.842,32.2,161,0.0142,NA,"K22369",0.996972754793138,1,FALSE,FALSE,FALSE,FALSE
"K05519",0.0398,0,0.952,10.2,169,0.0043,NA,"K05519,K06608,K07650,K11440,K16199,K16200,K16202,K16331,K26739,K26932",0.996972754793138,1,FALSE,FALSE,FALSE,FALSE
"K16902",0.0149,0,0.466,-41.9,57.4,0.0517,NA,"K16902",0.996972754793138,1,FALSE,FALSE,FALSE,FALSE
"K10211",0.0149,0,0.294,205,195,0.0745,NA,"K10211",0.996972754793138,1,FALSE,FALSE,FALSE,FALSE
"K10120",0.0348,0,0.154,63.9,44.7,0.101,NA,"K10120,K10121,K10122",0.8710407239819,1,FALSE,FALSE,FALSE,FALSE
"K02538",0.0299,0,0.16,108,76.6,0.0995,NA,"K02538",0.874049945711183,1,FALSE,FALSE,FALSE,FALSE
"K07680",0.0597,0,0.517,-51.8,79.9,0.0459,NA,"K07680",0.996972754793138,1,FALSE,FALSE,FALSE,FALSE
"K06046",0.0199,0,0.65,26.1,57.4,0.0322,NA,"K06046",0.996972754793138,1,FALSE,FALSE,FALSE,FALSE
"K06290",0.0746,0,0.383,49.9,57.1,0.0619,NA,"K06290",0.996972754793138,1,FALSE,FALSE,FALSE,FALSE
"K06289",0.0697,0,0.355,48.2,52,0.0656,NA,"K06289",0.996972754793138,1,FALSE,FALSE,FALSE,FALSE
"K07770",0.0597,0,0.179,173,128,0.0951,NA,"K07770,K22043",0.903128153380424,1,FALSE,FALSE,FALSE,FALSE
"K19082",0.0149,0,0.801,-20.8,82.4,0.0179,NA,"K19082",0.996972754793138,1,FALSE,FALSE,FALSE,FALSE
"K20989",0.0149,0,0.294,205,195,0.0745,NA,"K20989",0.996972754793138,1,FALSE,FALSE,FALSE,FALSE
"K03339",0.0348,0,0.602,22.8,43.6,0.037,NA,"K03339",0.996972754793138,1,FALSE,FALSE,FALSE,FALSE
"K22103",0.0448,0,0.741,-24.5,74,0.0235,NA,"K22103",0.996972754793138,1,FALSE,FALSE,FALSE,FALSE
"K04041",0.0448,0,0.264,176,157,0.0792,NA,"K04041",0.987654320987654,1,FALSE,FALSE,FALSE,FALSE
"K20485",0.0149,0,0.726,-21.1,60.2,0.0249,NA,"K20485",0.996972754793138,1,FALSE,FALSE,FALSE,FALSE
"K10708",0.0697,0,0.156,60.6,42.5,0.101,NA,"K10708",0.874049945711183,1,FALSE,FALSE,FALSE,FALSE
"K16170",0.0398,0,0.171,65.8,47.9,0.097,NA,"K16170",0.883264462809917,1,FALSE,FALSE,FALSE,FALSE
"K25519",0.0448,0,0.129,79.1,51.9,0.107,NA,"K25519",0.855437665782493,1,FALSE,FALSE,FALSE,FALSE
"K16956",0.0149,0,0.294,205,195,0.0745,NA,"K16956",0.996972754793138,1,FALSE,FALSE,FALSE,FALSE
"K01568",0.0149,0,0.299,-67.4,64.7,0.0736,NA,"K01568",0.996972754793138,1,FALSE,FALSE,FALSE,FALSE
"K11640",0.0498,0,0.564,-40.3,69.7,0.041,NA,"K11640,K11641",0.996972754793138,1,FALSE,FALSE,FALSE,FALSE
"K24620",0.0448,0,0.615,55.1,109,0.0357,NA,"K24620",0.996972754793138,1,FALSE,FALSE,FALSE,FALSE
"K10208",0.0498,0,0.314,-127,126,0.0713,NA,"K10208",0.996972754793138,1,FALSE,FALSE,FALSE,FALSE
"K10209",0.0348,0,0.761,-18.6,61.1,0.0216,NA,"K10209",0.996972754793138,1,FALSE,FALSE,FALSE,FALSE
"K14387",0.0149,0,0.294,205,195,0.0745,NA,"K14387",0.996972754793138,1,FALSE,FALSE,FALSE,FALSE
"K22109",0.0647,0,0.846,31.2,160,0.0138,NA,"K22109",0.996972754793138,1,FALSE,FALSE,FALSE,FALSE
"K19350",0.0398,0,0.768,-17.5,59.3,0.0209,NA,"K19350",0.996972754793138,1,FALSE,FALSE,FALSE,FALSE
"K00617",0.0149,0,0.294,205,195,0.0745,NA,"K00617",0.996972754793138,1,FALSE,FALSE,FALSE,FALSE
"K19242",0.0299,0,0.867,-11.8,70.2,0.0119,NA,"K19242",0.996972754793138,1,FALSE,FALSE,FALSE,FALSE
"K16203",0.189,0,0.0983,-115,69.4,0.117,NA,"K16203",0.817803660565724,1,FALSE,FALSE,FALSE,FALSE
"K16201",0.0348,0,0.467,-59.1,81.1,0.0516,NA,"K16201",0.996972754793138,1,FALSE,FALSE,FALSE,FALSE
"K06971",0.0995,0,0.264,-49.1,43.9,0.0791,NA,"K06971",0.987654320987654,1,FALSE,FALSE,FALSE,FALSE
"K11194",0.0149,0,0.294,205,195,0.0745,NA,"K11194",0.996972754793138,1,FALSE,FALSE,FALSE,FALSE
"K11195",0.0149,0,0.294,205,195,0.0745,NA,"K11195",0.996972754793138,1,FALSE,FALSE,FALSE,FALSE
"K11196",0.0149,0,0.294,205,195,0.0745,NA,"K11196",0.996972754793138,1,FALSE,FALSE,FALSE,FALSE
"K02771",0.0149,0,0.294,205,195,0.0745,NA,"K02771",0.996972754793138,1,FALSE,FALSE,FALSE,FALSE
"K02775",0.0697,0,0.697,15.8,40.5,0.0277,NA,"K02774,K02775",0.996972754793138,1,FALSE,FALSE,FALSE,FALSE
"K02773",0.0597,0,0.533,29.5,47.1,0.0443,NA,"K02773",0.996972754793138,1,FALSE,FALSE,FALSE,FALSE
"K21131",0.0199,0,0.808,-16.4,67.4,0.0173,NA,"K21131",0.996972754793138,1,FALSE,FALSE,FALSE,FALSE
"K18294",0.0746,0,0.386,-46.1,53.1,0.0614,NA,"K18294",0.996972754793138,1,FALSE,FALSE,FALSE,FALSE
"K17236",0.0348,0,0.828,15.5,71.3,0.0154,NA,"K17234,K17235,K17236",0.996972754793138,1,FALSE,FALSE,FALSE,FALSE
"K07691",0.0597,0,0.183,-116,86.4,0.0943,NA,"K07691",0.913173652694611,1,FALSE,FALSE,FALSE,FALSE
"K18980",0.0199,0,0.122,-85.1,54.9,0.109,NA,"K18980",0.84016393442623,1,FALSE,FALSE,FALSE,FALSE
"K01780",0.0199,0,0.577,-32.1,57.5,0.0396,NA,"K01780",0.996972754793138,1,FALSE,FALSE,FALSE,FALSE
"K19973",0.0547,0,0.548,-26.9,44.8,0.0426,NA,"K19973",0.996972754793138,1,FALSE,FALSE,FALSE,FALSE
"K19976",0.0299,0,0.12,-141,90.4,0.11,NA,"K19975,K19976",0.84016393442623,1,FALSE,FALSE,FALSE,FALSE
"K02251",0.0299,0,0.526,-51.6,81.2,0.045,NA,"K02251",0.996972754793138,1,FALSE,FALSE,FALSE,FALSE
"K17869",0.0348,0,0.545,49.9,82.2,0.043,NA,"K17869",0.996972754793138,1,FALSE,FALSE,FALSE,FALSE
"K26609",0.0398,0,0.326,57.8,58.7,0.0696,NA,"K26609",0.996972754793138,1,FALSE,FALSE,FALSE,FALSE
"K00132",0.0149,0,0.302,-53.1,51.3,0.0732,NA,"K00132",0.996972754793138,1,FALSE,FALSE,FALSE,FALSE
"K04027",0.0149,0,0.302,-53.1,51.3,0.0732,NA,"K04027",0.996972754793138,1,FALSE,FALSE,FALSE,FALSE
"K21000",0.0896,0,0.12,71.1,45.5,0.11,NA,"K21000",0.84016393442623,1,FALSE,FALSE,FALSE,FALSE
"K09459",0.0498,0,0.361,50.7,55.3,0.0648,NA,"K09459",0.996972754793138,1,FALSE,FALSE,FALSE,FALSE
"K01841",0.0547,0,0.241,58.7,49.9,0.083,NA,"K01841",0.967614533965245,1,FALSE,FALSE,FALSE,FALSE
"K20488",0.0547,0,0.579,-44.3,79.8,0.0393,NA,"K20488",0.996972754793138,1,FALSE,FALSE,FALSE,FALSE
"K01678",0.0149,0,0.623,28.4,57.6,0.0349,NA,"K01678",0.996972754793138,1,FALSE,FALSE,FALSE,FALSE
"K01677",0.0149,0,0.623,28.4,57.6,0.0349,NA,"K01677",0.996972754793138,1,FALSE,FALSE,FALSE,FALSE
"K24411",0.0299,0,0.0523,-129,66.3,0.137,NA,"K24411",0.700534759358289,1,FALSE,FALSE,FALSE,FALSE
"K20268",0.0149,0,0.0266,-195,87.2,0.156,NA,"K20268",0.638095238095238,1,FALSE,FALSE,FALSE,FALSE
"K14333",0.0149,0,0.409,-72.6,87.6,0.0586,NA,"K14333",0.996972754793138,1,FALSE,FALSE,FALSE,FALSE
"K24954",0.0398,0,0.0833,61.3,35.2,0.122,NA,"K24954",0.790566037735849,1,FALSE,FALSE,FALSE,FALSE
"K24955",0.0398,0,0.0747,68.3,38.1,0.126,NA,"K24955",0.779503105590062,1,FALSE,FALSE,FALSE,FALSE
"K19163",0.0498,0,0.334,34.2,35.3,0.0685,NA,"K19163",0.996972754793138,1,FALSE,FALSE,FALSE,FALSE
"K02182",0.0597,0,0.558,29.6,50.5,0.0416,NA,"K02182",0.996972754793138,1,FALSE,FALSE,FALSE,FALSE
"K08282",0.0448,0,0.452,-54.4,72.1,0.0534,NA,"K08282",0.996972754793138,1,FALSE,FALSE,FALSE,FALSE
"K04940",0.144,0,0.141,-41.9,28.4,0.104,NA,"K04940",0.855646100116414,1,FALSE,FALSE,FALSE,FALSE
"K13574",0.0697,0,0.00646,-172,62.5,0.192,NA,"K13574",0.388823529411765,1,FALSE,FALSE,FALSE,FALSE
"K25184",0.0448,0,0.527,70.1,110,0.0449,NA,"K25184,K25187,K25188,K25189,K25190",0.996972754793138,1,FALSE,FALSE,FALSE,FALSE
"K17939",0.0199,0,0.0643,-119,64.1,0.131,NA,"K17939",0.734018264840183,1,FALSE,FALSE,FALSE,FALSE
"K06984",0.0398,0,0.797,-28.7,112,0.0182,NA,"K00200,K00201,K00202,K00672,K01499,K06913,K06914,K06984,K07072,K07144,K07749,K09154,K09733,K10714,K15740,K18853",0.996972754793138,1,FALSE,FALSE,FALSE,FALSE
"K17830",0.0199,0,0.0801,-105,59.5,0.124,NA,"K17830",0.784046692607004,1,FALSE,FALSE,FALSE,FALSE
"K09128",0.0149,0,0.37,83.5,92.9,0.0636,NA,"K09128",0.996972754793138,1,FALSE,FALSE,FALSE,FALSE
"K25517",0.0398,0,0.333,-37.6,38.8,0.0686,NA,"K25517",0.996972754793138,1,FALSE,FALSE,FALSE,FALSE
"K01577",0.0299,0,0.351,-68.3,73.1,0.0661,NA,"K01577",0.996972754793138,1,FALSE,FALSE,FALSE,FALSE
"K18578",0.0299,0,0.0894,-128,75.1,0.12,NA,"K18578",0.796847635726795,1,FALSE,FALSE,FALSE,FALSE
"K15223",0.0149,0,0.321,210,211,0.0704,NA,"K15223",0.996972754793138,1,FALSE,FALSE,FALSE,FALSE
"K00772",0.0448,0,0.912,8.97,81.5,0.0078,NA,"K00772",0.996972754793138,1,FALSE,FALSE,FALSE,FALSE
"K26601",0.0299,0,0.222,71.3,58.2,0.0865,NA,"K26601",0.958727429062769,1,FALSE,FALSE,FALSE,FALSE
"K22616",0.0149,0,0.321,210,211,0.0704,NA,"K22616",0.996972754793138,1,FALSE,FALSE,FALSE,FALSE
"K09960",0.0348,0,0.246,-44.1,37.9,0.0822,NA,"K09960",0.967741935483871,1,FALSE,FALSE,FALSE,FALSE
"K19731",0.0299,0,0.883,-9.14,62.3,0.0104,NA,"K19731",0.996972754793138,1,FALSE,FALSE,FALSE,FALSE
"K17725",0.0597,0,0.536,-24.6,39.8,0.0439,NA,"K17725",0.996972754793138,1,FALSE,FALSE,FALSE,FALSE
"K21678",0.0348,0,0.494,-208,304,0.0485,NA,"K00091,K06045,K07492,K13543,K18373,K18374,K18379,K18380,K18381,K21678,K22895",0.996972754793138,1,FALSE,FALSE,FALSE,FALSE
"K21393",0.0896,0,0.723,12,33.9,0.0251,NA,"K21393",0.996972754793138,1,FALSE,FALSE,FALSE,FALSE
"K05819",0.124,0,0.904,-3.28,27.3,0.00852,NA,"K05819",0.996972754793138,1,FALSE,FALSE,FALSE,FALSE
"K21802",0.109,0,0.496,19.2,28.1,0.0483,NA,"K21802",0.996972754793138,1,FALSE,FALSE,FALSE,FALSE
"K13060",0.0348,0,0.57,45.5,79.9,0.0403,NA,"K13060,K18304",0.996972754793138,1,FALSE,FALSE,FALSE,FALSE
"K03285",0.0348,0,0.494,-208,304,0.0485,NA,"K03285",0.996972754793138,1,FALSE,FALSE,FALSE,FALSE
"K20250",0.0149,0,0.646,-30,65.1,0.0326,NA,"K20250",0.996972754793138,1,FALSE,FALSE,FALSE,FALSE
"K22704",0.0199,0,0.36,-72.5,79.1,0.0649,NA,"K14658,K14659,K14666,K22704",0.996972754793138,1,FALSE,FALSE,FALSE,FALSE
"K23016",0.0647,0,0.442,-62.8,81.4,0.0546,NA,"K23016",0.996972754793138,1,FALSE,FALSE,FALSE,FALSE
"K08677",0.0498,0,0.271,-86.9,78.7,0.078,NA,"K08677",0.987654320987654,1,FALSE,FALSE,FALSE,FALSE
"K11192",0.0498,0,0.278,-62.7,57.7,0.0768,NA,"K11192",0.99214846538187,1,FALSE,FALSE,FALSE,FALSE
"K19622",0.0299,0,0.879,-20.7,136,0.0108,NA,"K19622",0.996972754793138,1,FALSE,FALSE,FALSE,FALSE
"K20277",0.0249,0,0.307,-82.2,80.3,0.0724,NA,"K20277",0.996972754793138,1,FALSE,FALSE,FALSE,FALSE
"K16856",0.0746,0,0.919,4.11,40.3,0.00723,NA,"K16856",0.996972754793138,1,FALSE,FALSE,FALSE,FALSE
"K07230",0.129,0,0.63,16.8,34.9,0.0341,NA,"K07230",0.996972754793138,1,FALSE,FALSE,FALSE,FALSE
"K12141",0.0299,0,0.55,-34,56.8,0.0424,NA,"K12140,K12141",0.996972754793138,1,FALSE,FALSE,FALSE,FALSE
"K11474",0.0796,0,0.621,-24.3,49,0.035,NA,"K11474",0.996972754793138,1,FALSE,FALSE,FALSE,FALSE
"K19164",0.0597,0,0.404,30,35.9,0.0592,NA,"K19164",0.996972754793138,1,FALSE,FALSE,FALSE,FALSE
"K08178",0.0498,0,0.527,40.7,64.3,0.0449,NA,"K08178",0.996972754793138,1,FALSE,FALSE,FALSE,FALSE
"K24707",0.0448,0,0.564,-97.4,168,0.041,NA,"K24707",0.996972754793138,1,FALSE,FALSE,FALSE,FALSE
"K23271",0.0547,0,0.868,-14.4,86.5,0.0118,NA,"K23271",0.996972754793138,1,FALSE,FALSE,FALSE,FALSE
"K20429",0.0448,0,0.597,48.6,92,0.0375,NA,"K20429",0.996972754793138,1,FALSE,FALSE,FALSE,FALSE
"K24087",0.0249,0,0.924,-6.7,70.5,0.00673,NA,"K24087,K28274",0.996972754793138,1,FALSE,FALSE,FALSE,FALSE
"K23015",0.0249,0,0.388,-111,128,0.0613,NA,"K16696,K16700,K16708,K16709,K18819,K23015,K25957,K25958",0.996972754793138,1,FALSE,FALSE,FALSE,FALSE
"K12291",0.0299,0,0.543,-51.5,84.5,0.0431,NA,"K00048,K12291",0.996972754793138,1,FALSE,FALSE,FALSE,FALSE
"K09473",0.0348,0,0.349,-69.1,73.6,0.0664,NA,"K09473",0.996972754793138,1,FALSE,FALSE,FALSE,FALSE
"K00737",0.0149,0,0.941,8.18,110,0.00525,NA,"K00737,K19155",0.996972754793138,1,FALSE,FALSE,FALSE,FALSE
"K23238",0.0398,0,0.937,5.81,73.9,0.00557,NA,"K23238",0.996972754793138,1,FALSE,FALSE,FALSE,FALSE
"K28214",0.0448,0,0.644,-22.9,49.6,0.0328,NA,"K28214",0.996972754793138,1,FALSE,FALSE,FALSE,FALSE
"K01093",0.0249,0,0.707,22.9,61,0.0266,NA,"K01093",0.996972754793138,1,FALSE,FALSE,FALSE,FALSE
"K19734",0.0149,0,0.443,48.8,63.5,0.0544,NA,"K19734,K22956",0.996972754793138,1,FALSE,FALSE,FALSE,FALSE
"K12944",0.0746,0,0.491,26.3,38.1,0.0489,NA,"K12944",0.996972754793138,1,FALSE,FALSE,FALSE,FALSE
"K14596",0.0448,0,0.432,-53.3,67.7,0.0557,NA,"K14596",0.996972754793138,1,FALSE,FALSE,FALSE,FALSE
"K23721",0.0299,0,0.938,4.43,56.7,0.00553,NA,"K23721",0.996972754793138,1,FALSE,FALSE,FALSE,FALSE
"K11082",0.0249,0,0.646,28.1,61.1,0.0326,NA,"K11081,K11082,K11084",0.996972754793138,1,FALSE,FALSE,FALSE,FALSE
"K11083",0.0199,0,0.583,34,61.9,0.0389,NA,"K11083",0.996972754793138,1,FALSE,FALSE,FALSE,FALSE
"K15547",0.0547,0,0.115,54,34.1,0.111,NA,"K15547",0.84016393442623,1,FALSE,FALSE,FALSE,FALSE
"K15549",0.0597,0,0.121,55,35.3,0.11,NA,"K15549",0.84016393442623,1,FALSE,FALSE,FALSE,FALSE
"K28520",0.0149,0,0.682,-26.7,65,0.0291,NA,"K28520",0.996972754793138,1,FALSE,FALSE,FALSE,FALSE
"K08196",0.0448,0,0.998,-0.152,66.5,0.000162,NA,"K08196",0.999399158822351,1,FALSE,FALSE,FALSE,FALSE
"K05817",0.0448,0,0.893,7.31,54.2,0.00956,NA,"K05817",0.996972754793138,1,FALSE,FALSE,FALSE,FALSE
"K16878",0.0149,0,0.0428,149,73.1,0.143,NA,"K16878",0.65922619047619,1,FALSE,FALSE,FALSE,FALSE
"K16874",0.0249,0,0.0879,88.7,51.7,0.121,NA,"K16874",0.796847635726795,1,FALSE,FALSE,FALSE,FALSE
"K16707",0.0199,0,0.128,-115,75.2,0.108,NA,"K16707",0.853333333333333,1,FALSE,FALSE,FALSE,FALSE
"K13277",0.0299,0,0.483,-119,170,0.0497,NA,"K13277",0.996972754793138,1,FALSE,FALSE,FALSE,FALSE
"K01216",0.0398,0,0.293,-70.4,66.7,0.0746,NA,"K01216",0.996972754793138,1,FALSE,FALSE,FALSE,FALSE
"K08164",0.0647,0,0.874,10.5,66.2,0.0112,NA,"K08164",0.996972754793138,1,FALSE,FALSE,FALSE,FALSE
"K23984",0.0149,0,0.829,15.2,70.2,0.0153,NA,"K23984",0.996972754793138,1,FALSE,FALSE,FALSE,FALSE
"K03481",0.0299,0,0.423,63.1,78.6,0.0568,NA,"K03481",0.996972754793138,1,FALSE,FALSE,FALSE,FALSE
"K25617",0.0299,0,0.483,-119,170,0.0497,NA,"K25617",0.996972754793138,1,FALSE,FALSE,FALSE,FALSE
"K25619",0.0299,0,0.483,-119,170,0.0497,NA,"K25619",0.996972754793138,1,FALSE,FALSE,FALSE,FALSE
"K13276",0.0448,0,0.467,-39.1,53.7,0.0516,NA,"K13276",0.996972754793138,1,FALSE,FALSE,FALSE,FALSE
"K19355",0.0348,0,0.4,69.5,82.4,0.0596,NA,"K19355",0.996972754793138,1,FALSE,FALSE,FALSE,FALSE
"K17734",0.0299,0,0.483,-119,170,0.0497,NA,"K17734",0.996972754793138,1,FALSE,FALSE,FALSE,FALSE
"K17195",0.0498,0,0.312,-58.1,57.3,0.0717,NA,"K17195",0.996972754793138,1,FALSE,FALSE,FALSE,FALSE
"K25673",0.0448,0,0.478,99.3,140,0.0503,NA,"K22301,K25673",0.996972754793138,1,FALSE,FALSE,FALSE,FALSE
"K16918",0.0299,0,0.483,-119,170,0.0497,NA,"K16918",0.996972754793138,1,FALSE,FALSE,FALSE,FALSE
"K16920",0.0299,0,0.483,-119,170,0.0497,NA,"K16920",0.996972754793138,1,FALSE,FALSE,FALSE,FALSE
"K24072",0.0299,0,0.0434,-284,140,0.143,NA,"K24072",0.65922619047619,1,FALSE,FALSE,FALSE,FALSE
"K22299",0.0547,0,0.405,-63.6,76.2,0.059,NA,"K22299",0.996972754793138,1,FALSE,FALSE,FALSE,FALSE
"K19429",0.0348,0,0.395,65.4,76.8,0.0603,NA,"K19429",0.996972754793138,1,FALSE,FALSE,FALSE,FALSE
"K21493",0.0398,0,0.143,71.5,48.6,0.104,NA,"K21493",0.855646100116414,1,FALSE,FALSE,FALSE,FALSE
"K21701",0.0498,0,0.453,-136,181,0.0532,NA,"K21701",0.996972754793138,1,FALSE,FALSE,FALSE,FALSE
"K16423",0.0149,0,0.059,110,57.7,0.133,NA,"K16423",0.719512195121951,1,FALSE,FALSE,FALSE,FALSE
"K25271",0.0299,0,0.0772,69.7,39.3,0.125,NA,"K25271",0.781376518218624,1,FALSE,FALSE,FALSE,FALSE
"K25272",0.0348,0,0.0406,77.6,37.6,0.145,NA,"K25272",0.648562300319489,1,FALSE,FALSE,FALSE,FALSE
"K12055",0.0249,0,0.432,36.6,46.5,0.0557,NA,"K12055",0.996972754793138,1,FALSE,FALSE,FALSE,FALSE
"K25904",0.0348,0,0.571,-20.6,36.3,0.0402,NA,"K25904",0.996972754793138,1,FALSE,FALSE,FALSE,FALSE
"K25903",0.0249,0,0.859,7.41,41.5,0.0126,NA,"K25903",0.996972754793138,1,FALSE,FALSE,FALSE,FALSE
"K11912",0.0945,0,0.8,9.21,36.4,0.0179,NA,"K11912",0.996972754793138,1,FALSE,FALSE,FALSE,FALSE
"K24867",0.0647,0,0.175,56.5,41.5,0.096,NA,"K15864,K19344,K19345,K22225,K24867,K24868",0.894683026584867,1,FALSE,FALSE,FALSE,FALSE
"K18295",0.0697,0,0.317,48,47.8,0.071,NA,"K18295",0.996972754793138,1,FALSE,FALSE,FALSE,FALSE
"K21495",0.109,0,0.95,-1.65,26.4,0.00444,NA,"K21495",0.996972754793138,1,FALSE,FALSE,FALSE,FALSE
"K11623",0.0199,0,0.67,-22.7,53.3,0.0302,NA,"K11623,K11624",0.996972754793138,1,FALSE,FALSE,FALSE,FALSE
"K25599",0.0249,0,0.786,86,317,0.0192,NA,"K00701,K01062,K01227,K03340,K03856,K08260,K17077,K21142,K23059,K25599",0.996972754793138,1,FALSE,FALSE,FALSE,FALSE
"K20435",0.0149,0,0.211,-87.4,69.7,0.0885,NA,"K20435",0.946188340807175,1,FALSE,FALSE,FALSE,FALSE
"K26741",0.0348,0,0.569,-41.7,73.1,0.0404,NA,"K20460,K26741",0.996972754793138,1,FALSE,FALSE,FALSE,FALSE
"K08168",0.0348,0,0.619,29.9,60,0.0352,NA,"K08168",0.996972754793138,1,FALSE,FALSE,FALSE,FALSE
"K20922",0.0299,0,0.74,12.8,38.6,0.0235,NA,"K20922",0.996972754793138,1,FALSE,FALSE,FALSE,FALSE
"K07669",0.0299,0,0.901,-31.2,251,0.0088,NA,"K07669",0.996972754793138,1,FALSE,FALSE,FALSE,FALSE
"K20199",0.0299,0,0.437,-55.3,71,0.0551,NA,"K20199",0.996972754793138,1,FALSE,FALSE,FALSE,FALSE
"K25671",0.0149,0,0.451,-53.2,70.3,0.0535,NA,"K25670,K25671",0.996972754793138,1,FALSE,FALSE,FALSE,FALSE
"K21298",0.0299,0,0.752,-23,72.7,0.0224,NA,"K21298",0.996972754793138,1,FALSE,FALSE,FALSE,FALSE
"K08869",0.0398,0,0.612,34.9,68.6,0.036,NA,"K08869",0.996972754793138,1,FALSE,FALSE,FALSE,FALSE
"K23374",0.0149,0,0.358,-61.6,66.9,0.0651,NA,"K23374,K23375",0.996972754793138,1,FALSE,FALSE,FALSE,FALSE
"K20461",0.0448,0,0.968,-2.63,64.8,0.00288,NA,"K20459,K20461",0.996972754793138,1,FALSE,FALSE,FALSE,FALSE
"K17880",0.0348,0,0.332,-73.9,75.9,0.0688,NA,"K17880",0.996972754793138,1,FALSE,FALSE,FALSE,FALSE
"K18786",0.0149,0,0.0742,-197,110,0.126,NA,"K18786",0.776150627615063,1,FALSE,FALSE,FALSE,FALSE
"K17803",0.0149,0,0.0337,166,77.6,0.15,NA,"K06928,K17803",0.64657980456026,1,FALSE,FALSE,FALSE,FALSE
"K25814",0.0249,0,0.122,123,79.2,0.11,NA,"K25814",0.84016393442623,1,FALSE,FALSE,FALSE,FALSE
"K07813",0.0348,0,0.274,71.9,65.6,0.0775,NA,"K07813",0.991316931982634,1,FALSE,FALSE,FALSE,FALSE
"K10674",0.0348,0,0.0772,256,144,0.125,NA,"K10674",0.781376518218624,1,FALSE,FALSE,FALSE,FALSE
"K28794",0.0149,0,0.272,-64,58.1,0.0779,NA,"K28794",0.987654320987654,1,FALSE,FALSE,FALSE,FALSE
"K18814",0.0249,0,0.854,11.4,61.7,0.013,NA,"K18814",0.996972754793138,1,FALSE,FALSE,FALSE,FALSE
"K07008",0.0199,0,0.242,77,65.5,0.083,NA,"K07008",0.967614533965245,1,FALSE,FALSE,FALSE,FALSE
"K21164",0.0249,0,0.71,-20.7,55.7,0.0264,NA,"K21164",0.996972754793138,1,FALSE,FALSE,FALSE,FALSE
"K15654",0.0199,0,0.348,-73.5,78.2,0.0665,NA,"K15654",0.996972754793138,1,FALSE,FALSE,FALSE,FALSE
"K26858",0.0149,0,0.628,29.2,60.2,0.0344,NA,"K26858",0.996972754793138,1,FALSE,FALSE,FALSE,FALSE
"K24288",0.0149,0,0.451,-57.1,75.6,0.0535,NA,"K24288",0.996972754793138,1,FALSE,FALSE,FALSE,FALSE
"K22618",0.119,0,0.529,-31.5,50,0.0447,NA,"K22618",0.996972754793138,1,FALSE,FALSE,FALSE,FALSE
"K18650",0.0149,0,0.483,-58.7,83.6,0.0497,NA,"K18650",0.996972754793138,1,FALSE,FALSE,FALSE,FALSE
"K18277",0.0448,0,0.306,48.3,47.1,0.0726,NA,"K18277",0.996972754793138,1,FALSE,FALSE,FALSE,FALSE
"K00480",0.0299,0,0.642,-18.2,39.1,0.033,NA,"K00480",0.996972754793138,1,FALSE,FALSE,FALSE,FALSE
"K24084",0.0199,0,0.112,75.7,47.4,0.113,NA,"K24084",0.84016393442623,1,FALSE,FALSE,FALSE,FALSE
"K27873",0.0149,0,0.777,-16.7,59,0.0201,NA,"K27873",0.996972754793138,1,FALSE,FALSE,FALSE,FALSE
"K25099",0.0697,0,0.674,-60.1,143,0.0299,NA,"K01266,K04708,K16327,K19733,K20816,K22968,K25096,K25097,K25098,K25099,K25883",0.996972754793138,1,FALSE,FALSE,FALSE,FALSE
"K01593",0.0796,0,0.652,39.3,87,0.032,NA,"K01593",0.996972754793138,1,FALSE,FALSE,FALSE,FALSE
"K18552",0.0746,0,0.684,-40.7,99.9,0.0289,NA,"K18552",0.996972754793138,1,FALSE,FALSE,FALSE,FALSE
"K06118",0.0746,0,0.418,95.4,118,0.0575,NA,"K06118",0.996972754793138,1,FALSE,FALSE,FALSE,FALSE
"K22216",0.0896,0,0.0205,-235,101,0.163,NA,"K22216",0.572625698324022,1,FALSE,FALSE,FALSE,FALSE
"K19732",0.0647,0,0.305,-69.2,67.3,0.0726,NA,"K19732",0.996972754793138,1,FALSE,FALSE,FALSE,FALSE
"K22955",0.0547,0,0.0605,-86.7,45.9,0.133,NA,"K22955",0.727163461538462,1,FALSE,FALSE,FALSE,FALSE
"K07766",0.0149,0,0.508,-43.5,65.6,0.047,NA,"K07766",0.996972754793138,1,FALSE,FALSE,FALSE,FALSE
"K11725",0.0199,0,0.466,-42.5,58.2,0.0517,NA,"K00539,K11725,K28789",0.996972754793138,1,FALSE,FALSE,FALSE,FALSE
"K11816",0.0547,0,0.555,29.9,50.7,0.0418,NA,"K11816",0.996972754793138,1,FALSE,FALSE,FALSE,FALSE
"K00317",0.0249,0,0.862,-9.51,54.7,0.0123,NA,"K00317",0.996972754793138,1,FALSE,FALSE,FALSE,FALSE
"K00596",0.0249,0,0.981,-1.16,49.3,0.00167,NA,"K00596",0.996972754793138,1,FALSE,FALSE,FALSE,FALSE
"K08691",0.0199,0,0.894,-48.7,364,0.00947,NA,"K08691",0.996972754793138,1,FALSE,FALSE,FALSE,FALSE
"K24846",0.0249,0,0.597,-30,56.5,0.0376,NA,"K24846",0.996972754793138,1,FALSE,FALSE,FALSE,FALSE
"K14447",0.0199,0,0.894,-48.7,364,0.00947,NA,"K14447,K14449,K14451,K14660",0.996972754793138,1,FALSE,FALSE,FALSE,FALSE
"K14446",0.0249,0,0.649,-121,265,0.0323,NA,"K14446",0.996972754793138,1,FALSE,FALSE,FALSE,FALSE
"K25775",0.0249,0,0.774,19.4,67.6,0.0203,NA,"K25775",0.996972754793138,1,FALSE,FALSE,FALSE,FALSE
"K11739",0.0746,0,0.234,-44.3,37.1,0.0842,NA,"K11739",0.962962962962963,1,FALSE,FALSE,FALSE,FALSE
"K26976",0.0697,0,0.751,-8.34,26.2,0.0226,NA,"K26976",0.996972754793138,1,FALSE,FALSE,FALSE,FALSE
"K20273",0.0149,0,0.551,59,98.8,0.0423,NA,"K20273",0.996972754793138,1,FALSE,FALSE,FALSE,FALSE
"K21022",0.0796,0,0.499,27.4,40.4,0.0479,NA,"K21022",0.996972754793138,1,FALSE,FALSE,FALSE,FALSE
"K18028",0.0299,0,0.12,62.8,40.2,0.11,NA,"K15357,K18028",0.84016393442623,1,FALSE,FALSE,FALSE,FALSE
"K17229",0.0149,0,0.853,14.8,80.1,0.0131,NA,"K17229",0.996972754793138,1,FALSE,FALSE,FALSE,FALSE
"K21607",0.0149,0,0.74,-34.3,103,0.0236,NA,"K21607",0.996972754793138,1,FALSE,FALSE,FALSE,FALSE
"K21014",0.0199,0,0.451,-54.7,72.3,0.0535,NA,"K21014",0.996972754793138,1,FALSE,FALSE,FALSE,FALSE
"K10215",0.0796,0,0.903,-8.21,67.1,0.00868,NA,"K10215",0.996972754793138,1,FALSE,FALSE,FALSE,FALSE
"K14974",0.0249,0,0.315,43.4,43,0.0712,NA,"K14974",0.996972754793138,1,FALSE,FALSE,FALSE,FALSE
"K01459",0.0149,0,0.304,-66,64,0.0729,NA,"K01459",0.996972754793138,1,FALSE,FALSE,FALSE,FALSE
"K10300",0.0348,0,0.328,-34.5,35.3,0.0693,NA,"K10300",0.996972754793138,1,FALSE,FALSE,FALSE,FALSE
"K13670",0.0348,0,0.394,-33.5,39.3,0.0604,NA,"K13670",0.996972754793138,1,FALSE,FALSE,FALSE,FALSE
"K18700",0.0597,0,0.804,-8.59,34.5,0.0176,NA,"K18700",0.996972754793138,1,FALSE,FALSE,FALSE,FALSE
"K07546",0.0597,0,0.397,26.3,31,0.0601,NA,"K07546",0.996972754793138,1,FALSE,FALSE,FALSE,FALSE
"K27041",0.0597,0,0.958,6.6,126,0.00371,NA,"K18135,K27041",0.996972754793138,1,FALSE,FALSE,FALSE,FALSE
"K06600",0.0597,0,0.0044,175,60.6,0.2,NA,"K06600",0.338461538461538,1,FALSE,FALSE,FALSE,FALSE
"K16051",0.0299,0,0.206,-51.7,40.8,0.0895,NA,"K16051",0.943482224247949,1,FALSE,FALSE,FALSE,FALSE
"K19711",0.0498,0,0.745,41.6,128,0.0231,NA,"K19711",0.996972754793138,1,FALSE,FALSE,FALSE,FALSE
"K20949",0.0199,0,0.472,35.9,49.8,0.051,NA,"K20949",0.996972754793138,1,FALSE,FALSE,FALSE,FALSE
"K20948",0.0398,0,0.922,3.16,32,0.00699,NA,"K20948",0.996972754793138,1,FALSE,FALSE,FALSE,FALSE
"K02661",0.0647,0,0.622,-47.9,97,0.035,NA,"K02661",0.996972754793138,1,FALSE,FALSE,FALSE,FALSE
"K21758",0.0846,0,0.515,-23.6,36.3,0.0461,NA,"K21758",0.996972754793138,1,FALSE,FALSE,FALSE,FALSE
"K11917",0.0697,0,0.636,21.2,44.7,0.0336,NA,"K11917",0.996972754793138,1,FALSE,FALSE,FALSE,FALSE
"K22347",0.0149,0,0.719,24.6,68.3,0.0255,NA,"K22347",0.996972754793138,1,FALSE,FALSE,FALSE,FALSE
"K25035",0.0547,0,0.658,27.5,62,0.0314,NA,"K25035",0.996972754793138,1,FALSE,FALSE,FALSE,FALSE
"K04034",0.0348,0,0.364,34.2,37.6,0.0644,NA,"K04034",0.996972754793138,1,FALSE,FALSE,FALSE,FALSE
"K08481",0.0149,0,0.00328,228,76.5,0.206,NA,"K08481",0.307894736842105,1,FALSE,FALSE,FALSE,FALSE
"K14623",0.0199,0,0.941,-4.11,55.7,0.00523,NA,"K14623",0.996972754793138,1,FALSE,FALSE,FALSE,FALSE
"K08721",0.0448,0,0.311,-94.2,92.8,0.0718,NA,"K08721",0.996972754793138,1,FALSE,FALSE,FALSE,FALSE
"K18296",0.0647,0,0.618,-30.1,60.3,0.0354,NA,"K18296",0.996972754793138,1,FALSE,FALSE,FALSE,FALSE
"K07544",0.0149,0,0.55,-44.4,74.2,0.0424,NA,"K07544",0.996972754793138,1,FALSE,FALSE,FALSE,FALSE
"K18148",0.0597,0,0.948,2.88,43.7,0.00467,NA,"K18148",0.996972754793138,1,FALSE,FALSE,FALSE,FALSE
"K21020",0.0498,0,0.746,40.1,123,0.023,NA,"K21020",0.996972754793138,1,FALSE,FALSE,FALSE,FALSE
"K26973",0.0597,0,0.838,-5.49,26.9,0.0145,NA,"K26973",0.996972754793138,1,FALSE,FALSE,FALSE,FALSE
"K26974",0.0647,0,0.966,-1.18,27.7,0.00302,NA,"K26974",0.996972754793138,1,FALSE,FALSE,FALSE,FALSE
"K26975",0.0647,0,0.966,-1.18,27.7,0.00302,NA,"K26975",0.996972754793138,1,FALSE,FALSE,FALSE,FALSE
"K26977",0.0597,0,0.834,-5.87,28,0.0148,NA,"K26977",0.996972754793138,1,FALSE,FALSE,FALSE,FALSE
"K07318",0.0249,0,0.554,27.3,46.1,0.042,NA,"K07318",0.996972754793138,1,FALSE,FALSE,FALSE,FALSE
"K13016",0.0249,0,0.868,-8.21,49.3,0.0118,NA,"K13016",0.996972754793138,1,FALSE,FALSE,FALSE,FALSE
"K01535",0.0398,0,0.0162,111,45.6,0.169,NA,"K01535",0.512658227848101,1,FALSE,FALSE,FALSE,FALSE
"K20947",0.0199,0,0.466,32.5,44.6,0.0517,NA,"K20947",0.996972754793138,1,FALSE,FALSE,FALSE,FALSE
"K27195",0.0299,0,0.934,-3.31,40,0.00587,NA,"K27195",0.996972754793138,1,FALSE,FALSE,FALSE,FALSE
"K00518",0.0348,0,0.726,25.7,73.1,0.0249,NA,"K00518",0.996972754793138,1,FALSE,FALSE,FALSE,FALSE
"K07821",0.0199,0,0.53,49.4,78.6,0.0445,NA,"K07821,K08356",0.996972754793138,1,FALSE,FALSE,FALSE,FALSE
"K25886",0.0149,0,0.938,3.66,47.4,0.00548,NA,"K25886",0.996972754793138,1,FALSE,FALSE,FALSE,FALSE
"K21364",0.0149,0,0.0609,106,56,0.132,NA,"K21364",0.73021582733813,1,FALSE,FALSE,FALSE,FALSE
"K28158",0.0796,0,0.405,24.3,29.1,0.0591,NA,"K28158",0.996972754793138,1,FALSE,FALSE,FALSE,FALSE
"K00590",0.0149,0,0.187,-69.3,52.4,0.0934,NA,"K00590",0.918467583497053,1,FALSE,FALSE,FALSE,FALSE
"K15876",0.0299,0,0.644,29.1,62.9,0.0328,NA,"K15876",0.996972754793138,1,FALSE,FALSE,FALSE,FALSE
"K00469",0.0149,0,0.905,-17.7,148,0.00847,NA,"K00469",0.996972754793138,1,FALSE,FALSE,FALSE,FALSE
"K12954",0.0199,0,0.0348,151,71.1,0.149,NA,"K12954",0.64657980456026,1,FALSE,FALSE,FALSE,FALSE
"K20327",0.0199,0,0.35,79.1,84.5,0.0662,NA,"K20327",0.996972754793138,1,FALSE,FALSE,FALSE,FALSE
"K25589",0.0547,0,0.62,27.6,55.5,0.0352,NA,"K25589",0.996972754793138,1,FALSE,FALSE,FALSE,FALSE
"K07190",0.0149,0,0.245,-316,271,0.0824,NA,"K01138,K01240,K07190,K25877",0.967614533965245,1,FALSE,FALSE,FALSE,FALSE
"K15359",0.0299,0,0.747,12.7,39.5,0.0229,NA,"K15359",0.996972754793138,1,FALSE,FALSE,FALSE,FALSE
"K00298",0.0199,0,0.383,40.9,46.8,0.0619,NA,"K00298",0.996972754793138,1,FALSE,FALSE,FALSE,FALSE
"K02479",0.0199,0,0.669,46.7,109,0.0304,NA,"K02479",0.996972754793138,1,FALSE,FALSE,FALSE,FALSE
"K21681",0.0249,0,0.379,-40.8,46.4,0.0623,NA,"K21681",0.996972754793138,1,FALSE,FALSE,FALSE,FALSE
"K28297",0.0199,0,0.153,91.8,64,0.101,NA,"K28297",0.870307167235495,1,FALSE,FALSE,FALSE,FALSE
"K20158",0.0149,0,0.103,164,100,0.115,NA,"K20158",0.824,1,FALSE,FALSE,FALSE,FALSE
"K27500",0.0149,0,0.766,19.2,64.5,0.0211,NA,"K27500",0.996972754793138,1,FALSE,FALSE,FALSE,FALSE
"K27674",0.0199,0,0.835,13.3,63.7,0.0148,NA,"K27674",0.996972754793138,1,FALSE,FALSE,FALSE,FALSE
"K24101",0.0149,0,0.326,-110,112,0.0696,NA,"K24101",0.996972754793138,1,FALSE,FALSE,FALSE,FALSE
"K25621",0.0149,0,0.563,33.4,57.7,0.041,NA,"K25621",0.996972754793138,1,FALSE,FALSE,FALSE,FALSE
"K22463",0.0149,0,0.905,8.1,67.8,0.00847,NA,"K22463",0.996972754793138,1,FALSE,FALSE,FALSE,FALSE
"K20762",0.0199,0,0.0806,-95.7,54.5,0.124,NA,"K20762",0.784046692607004,1,FALSE,FALSE,FALSE,FALSE
"K23086",0.0199,0,0.334,-78.7,81.3,0.0685,NA,"K23086",0.996972754793138,1,FALSE,FALSE,FALSE,FALSE
"K21961",0.0149,0,0.675,28.4,67.8,0.0297,NA,"K21961",0.996972754793138,1,FALSE,FALSE,FALSE,FALSE
"K00122",0.0149,0,0.417,89.6,110,0.0576,NA,"K00122",0.996972754793138,1,FALSE,FALSE,FALSE,FALSE
"K18382",0.0348,0,0.985,0.737,38.3,0.00136,NA,"K18382",0.996972754793138,1,FALSE,FALSE,FALSE,FALSE
"K14358",0.0398,0,0.806,19,77.3,0.0175,NA,"K14358",0.996972754793138,1,FALSE,FALSE,FALSE,FALSE
"K19126",0.0199,0,0.974,-2.11,63.8,0.00234,NA,"K19046,K19123,K19124,K19125,K19126",0.996972754793138,1,FALSE,FALSE,FALSE,FALSE
"K03395",0.0149,0,0.235,163,137,0.0842,NA,"K03395",0.963904840032814,1,FALSE,FALSE,FALSE,FALSE
"K19165",0.0149,0,0.44,51.5,66.4,0.0548,NA,"K19165",0.996972754793138,1,FALSE,FALSE,FALSE,FALSE
"K00984",0.0299,0,0.0899,98.9,58,0.12,NA,"K00984",0.796847635726795,1,FALSE,FALSE,FALSE,FALSE
"K12987",0.0398,0,0.872,-7.75,48.1,0.0114,NA,"K12987",0.996972754793138,1,FALSE,FALSE,FALSE,FALSE
"K18131",0.0348,0,0.342,130,137,0.0673,NA,"K18131",0.996972754793138,1,FALSE,FALSE,FALSE,FALSE
"K06599",0.0448,0,0.627,47.6,97.6,0.0345,NA,"K06599",0.996972754793138,1,FALSE,FALSE,FALSE,FALSE
"K19882",0.0149,0,0.722,-32.9,92.4,0.0253,NA,"K19882",0.996972754793138,1,FALSE,FALSE,FALSE,FALSE
"K26972",0.0299,0,0.457,29.9,40.2,0.0528,NA,"K26972",0.996972754793138,1,FALSE,FALSE,FALSE,FALSE
"K15373",0.0149,0,0.834,-17.1,81.5,0.0149,NA,"K15373",0.996972754793138,1,FALSE,FALSE,FALSE,FALSE
"K26980",0.0149,0,0.852,-12.1,64.3,0.0133,NA,"K26980",0.996972754793138,1,FALSE,FALSE,FALSE,FALSE
"K28300",0.0149,0,0.343,-50.3,52.9,0.0672,NA,"K28300",0.996972754793138,1,FALSE,FALSE,FALSE,FALSE
"K16712",0.0149,0,0.919,-5.1,50,0.00722,NA,"K16712",0.996972754793138,1,FALSE,FALSE,FALSE,FALSE
"K21512",0.0199,0,0.383,-37,42.3,0.0618,NA,"K21512",0.996972754793138,1,FALSE,FALSE,FALSE,FALSE
"K28267",0.0199,0,0.449,-36.8,48.6,0.0537,NA,"K28267",0.996972754793138,1,FALSE,FALSE,FALSE,FALSE
"K20272",0.0199,0,0.372,-38.8,43.4,0.0632,NA,"K20272",0.996972754793138,1,FALSE,FALSE,FALSE,FALSE
"K01009",0.0149,0,0.269,-66.6,60.1,0.0784,NA,"K01009,K22424,K23148,K23150",0.987654320987654,1,FALSE,FALSE,FALSE,FALSE
"K06887",0.0149,0,0.294,-56.1,53.3,0.0744,NA,"K06887",0.996972754793138,1,FALSE,FALSE,FALSE,FALSE
"K11077",0.0199,0,0.803,-11.3,45.1,0.0177,NA,"K11077,K11078,K11079,K11080",0.996972754793138,1,FALSE,FALSE,FALSE,FALSE
"K10673",0.0149,0,0.35,47.6,50.7,0.0663,NA,"K10673",0.996972754793138,1,FALSE,FALSE,FALSE,FALSE
