"variant","af","filter.pvalue","lrt.pvalue","beta","beta.std.err","variant_h2","notes","cluster_variants","p_adj_BH","p_adj_bonferroni","rejected_BH_005","rejected_bonferroni_005","rejected_BH_010","rejected_bonferroni_010"
"K03721",0.483,0,0.513,42.5,64.8,0.0464,NA,"K03721",0.975103734439834,1,FALSE,FALSE,FALSE,FALSE
"K03790",0.552,0,0.0165,-97.5,40.3,0.169,NA,"K03790",0.58041958041958,1,FALSE,FALSE,FALSE,FALSE
"K20959",0.0299,0,0.864,24.8,144,0.0122,NA,"K06604,K10909,K10915,K10918,K10921,K10922,K11018,K12277,K12512,K12514,K12515,K20919,K20955,K20959,K20962,K20965,K28162",0.986782133090246,1,FALSE,FALSE,FALSE,FALSE
"K07274",0.502,0,0.144,59.4,40.5,0.104,NA,"K07274",0.869047619047619,1,FALSE,FALSE,FALSE,FALSE
"K03578",0.692,0,0.617,-45.9,91.6,0.0355,NA,"K03578,K13288",0.981408107284365,1,FALSE,FALSE,FALSE,FALSE
"K07003",0.403,0,0.874,-7.77,48.8,0.0113,NA,"K07003",0.989359293638216,1,FALSE,FALSE,FALSE,FALSE
"K07216",0.179,0,0.165,63,45.2,0.0983,NA,"K07216",0.886143931256713,1,FALSE,FALSE,FALSE,FALSE
"K07001",0.91,0,0.907,5.55,47.5,0.00828,NA,"K07001",0.992884864165589,1,FALSE,FALSE,FALSE,FALSE
"K13938",0.378,0,0.561,42.5,72.9,0.0413,NA,"K13938",0.981408107284365,1,FALSE,FALSE,FALSE,FALSE
"K01495",0.965,0,0.19,119,90.4,0.0927,NA,"K01495",0.925925925925926,1,FALSE,FALSE,FALSE,FALSE
"K07589",0.323,0,0.364,51.5,56.7,0.0643,NA,"K07589",0.954968944099379,1,FALSE,FALSE,FALSE,FALSE
"K01560",0.522,0,0.501,20.9,31,0.0477,NA,"K01560",0.975103734439834,1,FALSE,FALSE,FALSE,FALSE
"K02073",0.801,0,0.0913,-67.8,39.9,0.119,NA,"K02071,K02072,K02073",0.808130081300813,1,FALSE,FALSE,FALSE,FALSE
"K01061",0.821,0,0.58,-23.8,43,0.0393,NA,"K01061",0.981408107284365,1,FALSE,FALSE,FALSE,FALSE
"K08310",0.299,0,0.791,11,41.3,0.0188,NA,"K08310",0.986782133090246,1,FALSE,FALSE,FALSE,FALSE
"K03651",0.796,0,0.346,35.8,37.8,0.0668,NA,"K03651",0.954968944099379,1,FALSE,FALSE,FALSE,FALSE
"K01273",0.692,0,0.638,18.4,38.9,0.0334,NA,"K01273",0.981408107284365,1,FALSE,FALSE,FALSE,FALSE
"K05952",0.269,0,0.317,64.8,64.7,0.0709,NA,"K05952",0.954968944099379,1,FALSE,FALSE,FALSE,FALSE
"K06933",0.0448,0,0.399,64,75.8,0.0598,NA,"K06933",0.962578899909829,1,FALSE,FALSE,FALSE,FALSE
"K02030",0.896,0,0.00123,-244,74.5,0.226,NA,"K02030",0.3075,1,FALSE,FALSE,FALSE,FALSE
"K03811",0.562,0,0.121,54.3,34.9,0.11,NA,"K03811",0.855345911949686,1,FALSE,FALSE,FALSE,FALSE
"K09824",0.294,0,0.3,-45.8,44.1,0.0734,NA,"K09824",0.954968944099379,1,FALSE,FALSE,FALSE,FALSE
"K09964",0.493,0,0.161,-47,33.4,0.0992,NA,"K09964",0.88235294117647,1,FALSE,FALSE,FALSE,FALSE
"K10916",0.0597,0,0.83,-23,107,0.0153,NA,"K10916",0.986782133090246,1,FALSE,FALSE,FALSE,FALSE
"K15268",0.463,0,0.348,-30.4,32.3,0.0666,NA,"K15268",0.954968944099379,1,FALSE,FALSE,FALSE,FALSE
"K09823",0.642,0,0.167,112,80.5,0.0979,NA,"K09823",0.8870116156283,1,FALSE,FALSE,FALSE,FALSE
"K04764",0.687,0,0.714,42.8,117,0.026,NA,"K02427,K03071,K03089,K03562,K03643,K03694,K04764,K05527,K06179,K06916,K07390,K07657,K07708,K08305,K08311",0.986782133090246,1,FALSE,FALSE,FALSE,FALSE
"K00569",0.318,0,0.00847,145,54.4,0.185,NA,"K00569",0.497674418604651,1,FALSE,FALSE,FALSE,FALSE
"K08289",0.522,0,0.758,19,61.4,0.0219,NA,"K08289",0.986782133090246,1,FALSE,FALSE,FALSE,FALSE
"K01489",0.726,0,0.641,-30,64.2,0.0331,NA,"K01489",0.981408107284365,1,FALSE,FALSE,FALSE,FALSE
"K06518",0.617,0,0.958,-2.41,45.5,0.00375,NA,"K06518",0.997296173044925,1,FALSE,FALSE,FALSE,FALSE
"K01141",0.512,0,0.516,55.8,85.7,0.0461,NA,"K01141",0.975103734439834,1,FALSE,FALSE,FALSE,FALSE
"K15537",0.408,0,0.0723,61.4,34,0.127,NA,"K15537",0.760869565217391,1,FALSE,FALSE,FALSE,FALSE
"K09912",0.428,0,0.624,-35.4,72.1,0.0348,NA,"K09912",0.981408107284365,1,FALSE,FALSE,FALSE,FALSE
"K06956",0.572,0,0.465,35,47.7,0.0518,NA,"K06956",0.972832600878945,1,FALSE,FALSE,FALSE,FALSE
"K17290",0.642,0,0.602,-19.2,36.8,0.037,NA,"K17290",0.981408107284365,1,FALSE,FALSE,FALSE,FALSE
"K00768",0.567,0,0.995,-0.305,46.5,0.000465,NA,"K00768",0.999799839871897,1,FALSE,FALSE,FALSE,FALSE
"K02233",0.572,0,0.804,11.5,46.1,0.0176,NA,"K02233",0.986782133090246,1,FALSE,FALSE,FALSE,FALSE
"K02231",0.562,0,0.878,7.85,51.2,0.0109,NA,"K02231",0.990747009704356,1,FALSE,FALSE,FALSE,FALSE
"K08602",0.318,0,0.96,-3.43,68.6,0.00354,NA,"K08602",0.997713573061734,1,FALSE,FALSE,FALSE,FALSE
"K05526",0.443,0,0.92,8.13,80.6,0.00715,NA,"K05526",0.992884864165589,1,FALSE,FALSE,FALSE,FALSE
"K06073",0.144,0,0.0912,208,123,0.119,NA,"K03632,K03633,K03804,K06073,K06074,K08154,K08722,K09907",0.808130081300813,1,FALSE,FALSE,FALSE,FALSE
"K00344",0.91,0,0.467,-36.7,50.3,0.0516,NA,"K00344",0.972832600878945,1,FALSE,FALSE,FALSE,FALSE
"K21712",0.144,0,0.787,-14,51.6,0.0192,NA,"K21712",0.986782133090246,1,FALSE,FALSE,FALSE,FALSE
"K00425",0.975,0,0.135,-104,69.4,0.106,NA,"K00425",0.855345911949686,1,FALSE,FALSE,FALSE,FALSE
"K00426",0.98,0,0.458,-60.5,81.3,0.0526,NA,"K00426",0.972832600878945,1,FALSE,FALSE,FALSE,FALSE
"K00424",0.363,0,0.842,11.5,57.4,0.0142,NA,"K00424",0.986782133090246,1,FALSE,FALSE,FALSE,FALSE
"K03825",0.458,0,0.767,-9.66,32.6,0.021,NA,"K03825",0.986782133090246,1,FALSE,FALSE,FALSE,FALSE
"K09941",0.269,0,0.692,28.9,72.9,0.0281,NA,"K09941",0.986782133090246,1,FALSE,FALSE,FALSE,FALSE
"K08224",0.821,0,0.548,-18.1,30.1,0.0426,NA,"K08224",0.980565371024735,1,FALSE,FALSE,FALSE,FALSE
"K07043",0.527,0,0.295,-67.7,64.5,0.0742,NA,"K07043",0.952380952380952,1,FALSE,FALSE,FALSE,FALSE
"K06970",0.502,0,0.918,-6.27,60.9,0.00731,NA,"K06970",0.992884864165589,1,FALSE,FALSE,FALSE,FALSE
"K02656",0.458,0,0.0274,155,69.8,0.156,NA,"K02656",0.650684931506849,1,FALSE,FALSE,FALSE,FALSE
"K00651",0.483,0,0.36,62.9,68.5,0.065,NA,"K00651",0.954968944099379,1,FALSE,FALSE,FALSE,FALSE
"K01258",0.433,0,0.00243,183,59.7,0.213,NA,"K01258",0.383783783783784,1,FALSE,FALSE,FALSE,FALSE
"K07733",0.428,0,0.0609,39.1,20.7,0.132,NA,"K07733",0.746428571428572,1,FALSE,FALSE,FALSE,FALSE
"K03630",0.871,0,0.832,-22.1,104,0.015,NA,"K03630",0.986782133090246,1,FALSE,FALSE,FALSE,FALSE
"K07451",0.358,0,0.111,32.6,20.3,0.113,NA,"K07451",0.83710407239819,1,FALSE,FALSE,FALSE,FALSE
"K07448",0.353,0,0.318,18.9,18.9,0.0708,NA,"K07448",0.954968944099379,1,FALSE,FALSE,FALSE,FALSE
"K01153",0.498,0,0.158,26.1,18.4,0.0999,NA,"K01153",0.878754171301446,1,FALSE,FALSE,FALSE,FALSE
"K01154",0.527,0,0.24,22.4,19,0.0833,NA,"K01154",0.946765498652291,1,FALSE,FALSE,FALSE,FALSE
"K03427",0.542,0,0.398,15.9,18.8,0.0599,NA,"K03427",0.962578899909829,1,FALSE,FALSE,FALSE,FALSE
"K02651",0.542,0,0.261,-38.3,34,0.0797,NA,"K02651",0.946765498652291,1,FALSE,FALSE,FALSE,FALSE
"K02278",0.323,0,0.164,-60.1,43.1,0.0985,NA,"K02278",0.886143931256713,1,FALSE,FALSE,FALSE,FALSE
"K02279",0.527,0,0.599,-18.2,34.5,0.0373,NA,"K02279",0.981408107284365,1,FALSE,FALSE,FALSE,FALSE
"K02280",0.458,0,0.0405,-79.4,38.5,0.145,NA,"K02280",0.710069444444444,1,FALSE,FALSE,FALSE,FALSE
"K02283",0.622,0,0.0316,-80.5,37.2,0.152,NA,"K02283",0.666666666666667,1,FALSE,FALSE,FALSE,FALSE
"K12510",0.582,0,0.152,-49.1,34.1,0.102,NA,"K12510",0.874717832957111,1,FALSE,FALSE,FALSE,FALSE
"K12511",0.502,0,0.251,-36.1,31.4,0.0813,NA,"K12511",0.946765498652291,1,FALSE,FALSE,FALSE,FALSE
"K12513",0.493,0,0.121,-67.3,43.2,0.11,NA,"K12513",0.855345911949686,1,FALSE,FALSE,FALSE,FALSE
"K03442",0.542,0,0.554,30.1,50.8,0.042,NA,"K03442",0.980565371024735,1,FALSE,FALSE,FALSE,FALSE
"K20534",0.542,0,0.677,-13.2,31.7,0.0296,NA,"K20534",0.986782133090246,1,FALSE,FALSE,FALSE,FALSE
"K16089",0.308,0,0.0146,72.1,29.3,0.172,NA,"K16089",0.575187969924812,1,FALSE,FALSE,FALSE,FALSE
"K02014",0.741,0,0.395,107,126,0.0603,NA,"K02014,K02523,K03474,K03559,K03561,K03634,K04744,K05807,K06215,K06346,K06960,K06994,K07177,K07277,K08681,K09762,K09772",0.962578899909829,1,FALSE,FALSE,FALSE,FALSE
"K21088",0.129,0,0.822,9.95,44.2,0.0159,NA,"K21088",0.986782133090246,1,FALSE,FALSE,FALSE,FALSE
"K03829",0.547,0,0.171,-49.7,36.1,0.097,NA,"K03829",0.893970893970894,1,FALSE,FALSE,FALSE,FALSE
"K13274",0.164,0,0.4,65,77.2,0.0596,NA,"K13274",0.962578899909829,1,FALSE,FALSE,FALSE,FALSE
"K06895",0.786,0,0.799,-10,39.3,0.0181,NA,"K06895",0.986782133090246,1,FALSE,FALSE,FALSE,FALSE
"K00799",0.692,0,0.977,-3.13,109,0.00204,NA,"K00799,K11209",0.999594073472701,1,FALSE,FALSE,FALSE,FALSE
"K03547",0.806,0,0.547,-26.2,43.5,0.0427,NA,"K03547",0.980565371024735,1,FALSE,FALSE,FALSE,FALSE
"K03546",0.677,0,0.689,-19.8,49.6,0.0284,NA,"K03546",0.986782133090246,1,FALSE,FALSE,FALSE,FALSE
"K07178",0.507,0,0.613,24.8,48.9,0.0359,NA,"K07178",0.981408107284365,1,FALSE,FALSE,FALSE,FALSE
"K06876",0.308,0,0.94,-2.17,28.9,0.00531,NA,"K06876",0.993874102239121,1,FALSE,FALSE,FALSE,FALSE
"K25656",0.214,0,0.979,1.34,50.8,0.00187,NA,"K25656",0.999594073472701,1,FALSE,FALSE,FALSE,FALSE
"K02362",0.353,0,0.645,-18.9,41,0.0327,NA,"K02362",0.981735159817352,1,FALSE,FALSE,FALSE,FALSE
"K10829",0.294,0,0.843,8.61,43.5,0.014,NA,"K10829",0.986782133090246,1,FALSE,FALSE,FALSE,FALSE
"K23227",0.353,0,0.681,-16.1,39.1,0.0292,NA,"K23227",0.986782133090246,1,FALSE,FALSE,FALSE,FALSE
"K23228",0.348,0,0.633,-18.3,38.3,0.0339,NA,"K23228",0.981408107284365,1,FALSE,FALSE,FALSE,FALSE
"K06159",0.169,0,0.427,36.3,45.6,0.0563,NA,"K06159",0.962578899909829,1,FALSE,FALSE,FALSE,FALSE
"K05375",0.373,0,0.522,-22.7,35.4,0.0454,NA,"K05375",0.975791433891993,1,FALSE,FALSE,FALSE,FALSE
"K03896",0.209,0,0.834,9.4,44.7,0.0149,NA,"K03896",0.986782133090246,1,FALSE,FALSE,FALSE,FALSE
"K10531",0.189,0,0.377,-36.4,41,0.0627,NA,"K10531",0.960264900662252,1,FALSE,FALSE,FALSE,FALSE
"K02445",0.299,0,0.552,-26.7,44.8,0.0422,NA,"K02445",0.980565371024735,1,FALSE,FALSE,FALSE,FALSE
"K01126",0.851,0,0.855,-8.22,44.8,0.013,NA,"K01126",0.986782133090246,1,FALSE,FALSE,FALSE,FALSE
"K06940",0.642,0,0.352,-46.2,49.5,0.0659,NA,"K06940",0.954968944099379,1,FALSE,FALSE,FALSE,FALSE
"K00633",0.0597,0,0.962,2.39,49.6,0.00342,NA,"K00633",0.99875415282392,1,FALSE,FALSE,FALSE,FALSE
"K00661",0.592,0,0.395,-23.5,27.5,0.0603,NA,"K00661",0.962578899909829,1,FALSE,FALSE,FALSE,FALSE
"K16317",0.0249,0,0.546,86.4,143,0.0429,NA,"K00702,K07457,K13062,K15850,K16317,K17108,K20956",0.980565371024735,1,FALSE,FALSE,FALSE,FALSE
"K07089",0.373,0,0.192,40.9,31.3,0.0924,NA,"K07089",0.930568948891032,1,FALSE,FALSE,FALSE,FALSE
"K01096",0.139,0,0.0511,226,115,0.138,NA,"K01096,K05775,K09998,K09999,K10000",0.738439306358382,1,FALSE,FALSE,FALSE,FALSE
"K07118",0.627,0,0.0625,49.6,26.5,0.132,NA,"K07118",0.746428571428572,1,FALSE,FALSE,FALSE,FALSE
"K07275",0.652,0,0.133,82.7,54.9,0.106,NA,"K07275",0.855345911949686,1,FALSE,FALSE,FALSE,FALSE
"K00975",0.672,0,0.901,-5.38,43.1,0.00885,NA,"K00975",0.992884864165589,1,FALSE,FALSE,FALSE,FALSE
"K02042",0.532,0,0.97,1.28,33.6,0.00269,NA,"K02042",0.99938182567484,1,FALSE,FALSE,FALSE,FALSE
"K02041",0.517,0,0.835,6.87,33,0.0148,NA,"K02041",0.986782133090246,1,FALSE,FALSE,FALSE,FALSE
"K02044",0.567,0,0.512,-20.2,30.7,0.0465,NA,"K02044",0.975103734439834,1,FALSE,FALSE,FALSE,FALSE
"K10126",0.443,0,0.011,-130,50.6,0.179,NA,"K10126",0.534188034188034,1,FALSE,FALSE,FALSE,FALSE
"K19802",0.418,0,0.0639,67.1,36,0.131,NA,"K19802",0.74835886214442,1,FALSE,FALSE,FALSE,FALSE
"K26272",0.134,0,0.0936,64.2,38.1,0.119,NA,"K26272",0.808130081300813,1,FALSE,FALSE,FALSE,FALSE
"K03315",0.323,0,0.111,80.3,50.2,0.113,NA,"K03315",0.83710407239819,1,FALSE,FALSE,FALSE,FALSE
"K14155",0.502,0,0.632,21.9,45.6,0.0339,NA,"K14155",0.981408107284365,1,FALSE,FALSE,FALSE,FALSE
"K16924",0.0697,0,0.0654,-145,78.3,0.13,NA,"K16924",0.74835886214442,1,FALSE,FALSE,FALSE,FALSE
"K01552",0.264,0,0.05,-111,56.3,0.138,NA,"K01552",0.736151603498542,1,FALSE,FALSE,FALSE,FALSE
"K16785",0.274,0,0.453,-51.6,68.6,0.0533,NA,"K16785",0.972832600878945,1,FALSE,FALSE,FALSE,FALSE
"K00700",0.861,0,0.38,-33.9,38.5,0.0623,NA,"K00700",0.962578899909829,1,FALSE,FALSE,FALSE,FALSE
"K00705",0.577,0,0.743,-13.5,41.3,0.0233,NA,"K00705",0.986782133090246,1,FALSE,FALSE,FALSE,FALSE
"K00688",0.786,0,0.756,-13.4,43.2,0.022,NA,"K00688",0.986782133090246,1,FALSE,FALSE,FALSE,FALSE
"K03556",0.373,0,0.363,-32.1,35.2,0.0646,NA,"K03556",0.954968944099379,1,FALSE,FALSE,FALSE,FALSE
"K08974",0.154,0,0.294,55.9,53.1,0.0744,NA,"K08974",0.952380952380952,1,FALSE,FALSE,FALSE,FALSE
"K07152",0.771,0,0.389,70.3,81.4,0.0611,NA,"K07152",0.962578899909829,1,FALSE,FALSE,FALSE,FALSE
"K09796",0.617,0,0.453,49.6,65.9,0.0533,NA,"K09796",0.972832600878945,1,FALSE,FALSE,FALSE,FALSE
"K06949",0.915,0,0.743,-19.9,60.7,0.0233,NA,"K06949",0.986782133090246,1,FALSE,FALSE,FALSE,FALSE
"K07862",0.393,0,0.761,-17.7,58,0.0216,NA,"K07862",0.986782133090246,1,FALSE,FALSE,FALSE,FALSE
"K07126",0.637,0,0.738,-13.6,40.5,0.0238,NA,"K07126",0.986782133090246,1,FALSE,FALSE,FALSE,FALSE
"K13041",0.0498,0,0.296,97.1,92.7,0.074,NA,"K08357,K08358,K08359,K13040,K13041",0.952380952380952,1,FALSE,FALSE,FALSE,FALSE
"K19713",0.0647,0,0.475,-37.2,52,0.0507,NA,"K19713",0.972832600878945,1,FALSE,FALSE,FALSE,FALSE
"K11249",0.537,0,0.00141,-139,43,0.224,NA,"K11249",0.320454545454545,1,FALSE,FALSE,FALSE,FALSE
"K01200",0.219,0,0.00446,130,45.1,0.2,NA,"K01200",0.41171875,1,FALSE,FALSE,FALSE,FALSE
"K02024",0.254,0,0.0958,78.8,47.1,0.118,NA,"K02024",0.808130081300813,1,FALSE,FALSE,FALSE,FALSE
"K06967",0.353,0,0.779,-17.7,63.2,0.0199,NA,"K06967",0.986782133090246,1,FALSE,FALSE,FALSE,FALSE
"K03778",0.498,0,0.244,-56.9,48.7,0.0825,NA,"K03778",0.946765498652291,1,FALSE,FALSE,FALSE,FALSE
"K03781",0.95,0,0.127,81.3,53,0.108,NA,"K03781",0.855345911949686,1,FALSE,FALSE,FALSE,FALSE
"K00865",0.726,0,0.354,-44.3,47.7,0.0658,NA,"K00865",0.954968944099379,1,FALSE,FALSE,FALSE,FALSE
"K03299",0.761,0,0.617,15.2,30.4,0.0355,NA,"K03299",0.981408107284365,1,FALSE,FALSE,FALSE,FALSE
"K22131",0.204,0,0.683,-14.9,36.5,0.029,NA,"K22131",0.986782133090246,1,FALSE,FALSE,FALSE,FALSE
"K01816",0.607,0,0.797,-10.1,39.3,0.0182,NA,"K01816",0.986782133090246,1,FALSE,FALSE,FALSE,FALSE
"K22130",0.254,0,0.391,23.5,27.3,0.0609,NA,"K21948,K22130",0.962578899909829,1,FALSE,FALSE,FALSE,FALSE
"K08319",0.199,0,0.554,-20.4,34.5,0.042,NA,"K08319",0.980565371024735,1,FALSE,FALSE,FALSE,FALSE
"K13652",0.294,0,0.867,5.79,34.5,0.0119,NA,"K13652",0.987021857923497,1,FALSE,FALSE,FALSE,FALSE
"K09927",0.687,0,0.52,-25.8,40,0.0456,NA,"K09927",0.975791433891993,1,FALSE,FALSE,FALSE,FALSE
"K07168",0.642,0,0.878,-5.08,33,0.0109,NA,"K07168",0.990747009704356,1,FALSE,FALSE,FALSE,FALSE
"K03325",0.512,0,0.566,16,27.9,0.0407,NA,"K03325",0.981408107284365,1,FALSE,FALSE,FALSE,FALSE
"K07793",0.716,0,0.585,17.3,31.6,0.0388,NA,"K07793",0.981408107284365,1,FALSE,FALSE,FALSE,FALSE
"K07795",0.766,0,0.566,18.4,32.1,0.0407,NA,"K07795",0.981408107284365,1,FALSE,FALSE,FALSE,FALSE
"K16514",0.323,0,0.407,20.2,24.3,0.0588,NA,"K16514",0.962578899909829,1,FALSE,FALSE,FALSE,FALSE
"K07774",0.453,0,0.426,-26.8,33.6,0.0564,NA,"K07774",0.962578899909829,1,FALSE,FALSE,FALSE,FALSE
"K02440",0.547,0,0.763,-12.5,41.5,0.0214,NA,"K02440",0.986782133090246,1,FALSE,FALSE,FALSE,FALSE
"K00864",0.935,0,0.0313,-110,50.8,0.152,NA,"K00864",0.663135593220339,1,FALSE,FALSE,FALSE,FALSE
"K02444",0.532,0,0.0713,-119,65.4,0.127,NA,"K02444",0.75369978858351,1,FALSE,FALSE,FALSE,FALSE
"K07485",0.184,0,0.908,-3.01,26,0.00821,NA,"K07485",0.992884864165589,1,FALSE,FALSE,FALSE,FALSE
"K00111",0.955,0,0.0218,-137,59.2,0.162,NA,"K00111",0.612359550561798,1,FALSE,FALSE,FALSE,FALSE
"K09794",0.582,0,0.0306,-119,54.5,0.153,NA,"K09794",0.65531914893617,1,FALSE,FALSE,FALSE,FALSE
"K25316",0.502,0,0.499,-25.8,38.1,0.0479,NA,"K25316",0.975103734439834,1,FALSE,FALSE,FALSE,FALSE
"K01779",0.716,0,0.195,33.5,25.7,0.0918,NA,"K01779",0.931232091690544,1,FALSE,FALSE,FALSE,FALSE
"K09021",0.214,0,0.576,29.2,52.2,0.0397,NA,"K09021",0.981408107284365,1,FALSE,FALSE,FALSE,FALSE
"K13252",0.0199,0,0.771,26.3,90.4,0.0206,NA,"K13252",0.986782133090246,1,FALSE,FALSE,FALSE,FALSE
"K10536",0.527,0,0.523,20.7,32.4,0.0453,NA,"K10536",0.975791433891993,1,FALSE,FALSE,FALSE,FALSE
"K20265",0.149,0,0.537,-35.1,56.7,0.0438,NA,"K20265",0.97676107480029,1,FALSE,FALSE,FALSE,FALSE
"K01130",0.388,0,0.108,43.3,26.8,0.114,NA,"K01130",0.832049306625578,1,FALSE,FALSE,FALSE,FALSE
"K24118",0.0896,0,0.73,16,46.3,0.0245,NA,"K24118",0.986782133090246,1,FALSE,FALSE,FALSE,FALSE
"K06076",0.662,0,0.326,81.8,83.1,0.0696,NA,"K06076",0.954968944099379,1,FALSE,FALSE,FALSE,FALSE
"K19285",0.239,0,0.408,-43.7,52.7,0.0587,NA,"K19285",0.962578899909829,1,FALSE,FALSE,FALSE,FALSE
"K06132",0.587,0,0.166,61.6,44.3,0.0981,NA,"K06132",0.8870116156283,1,FALSE,FALSE,FALSE,FALSE
"K19577",0.881,0,0.03,-69.7,31.9,0.153,NA,"K19577",0.653679653679654,1,FALSE,FALSE,FALSE,FALSE
"K03487",0.114,0,0.349,73.7,78.5,0.0664,NA,"K03487",0.954968944099379,1,FALSE,FALSE,FALSE,FALSE
"K01223",0.264,0,0.494,-40,58.4,0.0485,NA,"K01223",0.975103734439834,1,FALSE,FALSE,FALSE,FALSE
"K28433",0.269,0,0.595,-27.4,51.4,0.0378,NA,"K28433",0.981408107284365,1,FALSE,FALSE,FALSE,FALSE
"K25227",0.368,0,0.656,12.4,27.7,0.0316,NA,"K25227",0.982918789331735,1,FALSE,FALSE,FALSE,FALSE
"K16869",0.433,0,0.746,16.9,52.1,0.023,NA,"K16869",0.986782133090246,1,FALSE,FALSE,FALSE,FALSE
"K07261",0.269,0,0.415,46.9,57.5,0.0578,NA,"K07261",0.962578899909829,1,FALSE,FALSE,FALSE,FALSE
"K08303",0.562,0,0.591,-31.6,58.7,0.0382,NA,"K08303",0.981408107284365,1,FALSE,FALSE,FALSE,FALSE
"K03554",0.532,0,0.791,-24.7,93.1,0.0188,NA,"K03554",0.986782133090246,1,FALSE,FALSE,FALSE,FALSE
"K07636",0.801,0,0.848,9.82,51.2,0.0136,NA,"K07636",0.986782133090246,1,FALSE,FALSE,FALSE,FALSE
"K02040",0.975,0,0.333,-124,127,0.0687,NA,"K02040,K19714,K19715",0.954968944099379,1,FALSE,FALSE,FALSE,FALSE
"K01524",0.905,0,0.531,57.9,92.2,0.0445,NA,"K01524",0.97676107480029,1,FALSE,FALSE,FALSE,FALSE
"K00937",0.861,0,0.0964,-82.1,49.1,0.118,NA,"K00937",0.808130081300813,1,FALSE,FALSE,FALSE,FALSE
"K02037",0.945,0,0.628,-65.6,135,0.0344,NA,"K00943,K00995,K02036,K02037,K02038,K03086,K03431,K03789,K04042,K04516,K07738,K13043,K15862,K16363",0.981408107284365,1,FALSE,FALSE,FALSE,FALSE
"K02039",0.92,0,0.696,42.9,110,0.0277,NA,"K02039",0.986782133090246,1,FALSE,FALSE,FALSE,FALSE
"K06201",0.522,0,0.647,16.1,35.1,0.0325,NA,"K06201",0.982685297691373,1,FALSE,FALSE,FALSE,FALSE
"K03386",0.463,0,0.298,45.6,43.7,0.0738,NA,"K03386",0.954968944099379,1,FALSE,FALSE,FALSE,FALSE
"K04767",0.184,0,0.455,61.9,82.7,0.053,NA,"K04767",0.972832600878945,1,FALSE,FALSE,FALSE,FALSE
"K07568",0.871,0,0.334,119,123,0.0685,NA,"K07568",0.954968944099379,1,FALSE,FALSE,FALSE,FALSE
"K00773",0.95,0,0.161,147,105,0.0993,NA,"K00773",0.88235294117647,1,FALSE,FALSE,FALSE,FALSE
"K03072",0.786,0,0.323,-96.3,97.3,0.07,NA,"K03072",0.954968944099379,1,FALSE,FALSE,FALSE,FALSE
"K03074",0.761,0,0.959,2.61,50.9,0.00364,NA,"K03074",0.997296173044925,1,FALSE,FALSE,FALSE,FALSE
"K01092",0.955,0,0.587,-61.7,113,0.0385,NA,"K00099,K00147,K00919,K00931,K01092,K03526,K03527",0.981408107284365,1,FALSE,FALSE,FALSE,FALSE
"K15396",0.453,0,0.51,-52.3,79.2,0.0468,NA,"K15396",0.975103734439834,1,FALSE,FALSE,FALSE,FALSE
"K13643",0.542,0,0.843,-18,90.9,0.014,NA,"K13643",0.986782133090246,1,FALSE,FALSE,FALSE,FALSE
"K04487",0.965,0,0.779,-39.7,141,0.02,NA,"K04487",0.986782133090246,1,FALSE,FALSE,FALSE,FALSE
"K04488",0.711,0,0.876,8.38,53.7,0.0111,NA,"K04488",0.99005424954792,1,FALSE,FALSE,FALSE,FALSE
"K13628",0.582,0,0.733,19.4,56.9,0.0242,NA,"K13628",0.986782133090246,1,FALSE,FALSE,FALSE,FALSE
"K04082",0.468,0,0.619,29.1,58.5,0.0353,NA,"K04044,K04082",0.981408107284365,1,FALSE,FALSE,FALSE,FALSE
"K04755",0.607,0,0.98,1.11,44.1,0.00179,NA,"K04755",0.999594073472701,1,FALSE,FALSE,FALSE,FALSE
"K07751",0.234,0,0.157,146,103,0.1,NA,"K03645,K03840,K05368,K05803,K07479,K07648,K07751,K07773,K09894,K09899,K13498,K14187,K15723,K18657,K19229,K19230",0.878754171301446,1,FALSE,FALSE,FALSE,FALSE
"K06941",0.925,0,0.926,5.21,56.2,0.00658,NA,"K06941",0.993562231759657,1,FALSE,FALSE,FALSE,FALSE
"K15539",0.711,0,0.392,71.8,83.8,0.0607,NA,"K15539",0.962578899909829,1,FALSE,FALSE,FALSE,FALSE
"K17713",0.602,0,0.3,100,96.5,0.0734,NA,"K17713",0.954968944099379,1,FALSE,FALSE,FALSE,FALSE
"K11959",0.557,0,0.0407,-94.9,46,0.145,NA,"K11959,K11960,K11961,K11962",0.710069444444444,1,FALSE,FALSE,FALSE,FALSE
"K01997",0.776,0,0.0104,-160,62.1,0.18,NA,"K01997",0.534188034188034,1,FALSE,FALSE,FALSE,FALSE
"K11963",0.542,0,0.0461,-94.5,47.1,0.141,NA,"K11963",0.736151603498542,1,FALSE,FALSE,FALSE,FALSE
"K03190",0.617,0,0.187,-48.6,36.6,0.0935,NA,"K01428,K03188,K03189,K03190",0.922473012757606,1,FALSE,FALSE,FALSE,FALSE
"K01430",0.602,0,0.209,-46.6,37,0.089,NA,"K01430",0.936379928315412,1,FALSE,FALSE,FALSE,FALSE
"K01429",0.592,0,0.499,-25.1,37,0.048,NA,"K01429",0.975103734439834,1,FALSE,FALSE,FALSE,FALSE
"K03187",0.587,0,0.473,-27,37.6,0.0509,NA,"K03187",0.972832600878945,1,FALSE,FALSE,FALSE,FALSE
"K03192",0.398,0,0.593,-27.4,51.3,0.0379,NA,"K03192",0.981408107284365,1,FALSE,FALSE,FALSE,FALSE
"K03601",0.95,0,0.75,-36.5,114,0.0226,NA,"K03601,K03602",0.986782133090246,1,FALSE,FALSE,FALSE,FALSE
"K18218",0.229,0,0.167,76.9,55.5,0.0978,NA,"K18218",0.8870116156283,1,FALSE,FALSE,FALSE,FALSE
"K07034",0.229,0,0.295,-59.8,57,0.0742,NA,"K07034",0.952380952380952,1,FALSE,FALSE,FALSE,FALSE
"K03310",0.721,0,0.985,0.791,41.1,0.00136,NA,"K03310",0.999594073472701,1,FALSE,FALSE,FALSE,FALSE
"K07576",0.333,0,0.105,40,24.6,0.115,NA,"K07576",0.826771653543307,1,FALSE,FALSE,FALSE,FALSE
"K07112",0.657,0,0.551,18.7,31.3,0.0423,NA,"K07112",0.980565371024735,1,FALSE,FALSE,FALSE,FALSE
"K00287",0.985,0,0.00651,317,115,0.191,NA,"K00287,K00560",0.439864864864865,1,FALSE,FALSE,FALSE,FALSE
"K18588",0.677,0,0.963,-4.76,101,0.00334,NA,"K06189,K18588",0.998756734355574,1,FALSE,FALSE,FALSE,FALSE
"K09801",0.547,0,0.343,65,68.4,0.0672,NA,"K09801",0.954968944099379,1,FALSE,FALSE,FALSE,FALSE
"K06186",0.557,0,0.559,59,101,0.0415,NA,"K01414,K01525,K02494,K03599,K03600,K03656,K03690,K05589,K06186",0.981390449438202,1,FALSE,FALSE,FALSE,FALSE
"K02655",0.448,0,0.388,51,58.9,0.0613,NA,"K02655",0.962578899909829,1,FALSE,FALSE,FALSE,FALSE
"K08084",0.458,0,0.52,38.5,59.8,0.0456,NA,"K08084",0.975791433891993,1,FALSE,FALSE,FALSE,FALSE
"K02671",0.408,0,0.0399,97.6,47.2,0.145,NA,"K02671",0.710069444444444,1,FALSE,FALSE,FALSE,FALSE
"K12942",0.279,0,0.0277,66.6,30,0.155,NA,"K12942",0.650684931506849,1,FALSE,FALSE,FALSE,FALSE
"K18691",0.483,0,0.167,62.4,45,0.0978,NA,"K18691",0.8870116156283,1,FALSE,FALSE,FALSE,FALSE
"K01952",0.612,0,0.372,84.8,94.8,0.0633,NA,"K01952",0.957282552753474,1,FALSE,FALSE,FALSE,FALSE
"K00674",0.876,0,0.424,-141,176,0.0567,NA,"K00674,K00756,K00805,K01094,K01261,K01269,K01436,K02076,K02240,K02490,K02499,K02862,K03048,K03095,K03346,K03708,K03713,K03763,K03886,K03887,K03888,K04766,K05311,K05985,K06019,K06284,K06349,K06385,K06412,K06948,K06962,K07094,K07476,K07533,K07571,K07584,K07651,K07652,K07668,K07697,K07723,K07775,K07777,K08153,K08965,K08969,K09685,K09770,K09777,K09787,K09825,K09976,K10823,K11144,K11145,K11184,K11617,K11618,K16169,K16511,K17472,K19405,K19411,K19955,K21467,K22135,K22927,K24042,K24872,K24873,K25157,K25158,K25288,K25289,K27000,K27245,K27343",0.962578899909829,1,FALSE,FALSE,FALSE,FALSE
"K05595",0.796,0,0.869,-8.42,51.2,0.0117,NA,"K05595",0.988398544131028,1,FALSE,FALSE,FALSE,FALSE
"K09918",0.413,0,0.237,-109,91.6,0.0838,NA,"K05590,K07186,K09918,K18765",0.946765498652291,1,FALSE,FALSE,FALSE,FALSE
"K11041",0.149,0,0.928,4.96,55,0.00638,NA,"K11041",0.993589743589744,1,FALSE,FALSE,FALSE,FALSE
"K03583",0.532,0,0.0476,-138,69.1,0.14,NA,"K03582,K03583",0.736151603498542,1,FALSE,FALSE,FALSE,FALSE
"K03581",0.642,0,0.0161,-112,46,0.17,NA,"K03581",0.579136690647482,1,FALSE,FALSE,FALSE,FALSE
"K14682",0.448,0,0.712,-29.9,81,0.0262,NA,"K14682",0.986782133090246,1,FALSE,FALSE,FALSE,FALSE
"K08304",0.502,0,0.573,-31.3,55.4,0.04,NA,"K08304",0.981408107284365,1,FALSE,FALSE,FALSE,FALSE
"K22132",0.701,0,0.846,12.5,64.3,0.0138,NA,"K22132",0.986782133090246,1,FALSE,FALSE,FALSE,FALSE
"K02426",0.781,0,0.697,-29.4,75.2,0.0277,NA,"K02426",0.986782133090246,1,FALSE,FALSE,FALSE,FALSE
"K11717",0.781,0,0.488,36.6,52.8,0.0492,NA,"K11717",0.97366320830008,1,FALSE,FALSE,FALSE,FALSE
"K01766",0.294,0,0.888,-8.44,59.8,0.01,NA,"K01766",0.992868286160018,1,FALSE,FALSE,FALSE,FALSE
"K00077",0.836,0,0.584,16.4,29.9,0.0389,NA,"K00077",0.981408107284365,1,FALSE,FALSE,FALSE,FALSE
"K05517",0.214,0,0.721,20.4,57.2,0.0253,NA,"K05517",0.986782133090246,1,FALSE,FALSE,FALSE,FALSE
"K08218",0.592,0,0.125,88.6,57.5,0.109,NA,"K08218",0.855345911949686,1,FALSE,FALSE,FALSE,FALSE
"K07286",0.423,0,0.86,-17.3,98.4,0.0125,NA,"K03472,K07286",0.986782133090246,1,FALSE,FALSE,FALSE,FALSE
"K11391",0.413,0,0.806,20.5,83.3,0.0175,NA,"K11391",0.986782133090246,1,FALSE,FALSE,FALSE,FALSE
"K00564",0.846,0,0.321,-86.2,86.6,0.0704,NA,"K00564",0.954968944099379,1,FALSE,FALSE,FALSE,FALSE
"K00346",0.294,0,0.164,84,60.1,0.0986,NA,"K00346,K00347,K00348,K00349,K00350",0.886143931256713,1,FALSE,FALSE,FALSE,FALSE
"K00351",0.308,0,0.0198,124,52.7,0.164,NA,"K00351",0.592814371257485,1,FALSE,FALSE,FALSE,FALSE
"K03734",0.816,0,0.81,10.5,43.6,0.0171,NA,"K03734",0.986782133090246,1,FALSE,FALSE,FALSE,FALSE
"K03308",0.418,0,0.325,43.3,43.9,0.0697,NA,"K03308",0.954968944099379,1,FALSE,FALSE,FALSE,FALSE
"K03644",0.98,0,0.425,57,71.4,0.0566,NA,"K03644",0.962578899909829,1,FALSE,FALSE,FALSE,FALSE
"K03801",0.836,0,0.823,-11.2,50.1,0.0159,NA,"K03801",0.986782133090246,1,FALSE,FALSE,FALSE,FALSE
"K09158",0.602,0,0.37,75.8,84.4,0.0635,NA,"K09158",0.955578512396694,1,FALSE,FALSE,FALSE,FALSE
"K07258",0.816,0,0.659,45.6,103,0.0313,NA,"K07258",0.983363042186572,1,FALSE,FALSE,FALSE,FALSE
"K03642",0.706,0,0.484,57.5,82,0.0497,NA,"K03642",0.972832600878945,1,FALSE,FALSE,FALSE,FALSE
"K05837",0.721,0,0.253,58.9,51.3,0.0811,NA,"K05837",0.946765498652291,1,FALSE,FALSE,FALSE,FALSE
"K05515",0.647,0,0.609,44.9,87.6,0.0363,NA,"K05515",0.981408107284365,1,FALSE,FALSE,FALSE,FALSE
"K00783",0.861,0,0.152,154,107,0.101,NA,"K00783",0.874717832957111,1,FALSE,FALSE,FALSE,FALSE
"K03820",0.736,0,0.729,-22.4,64.6,0.0246,NA,"K03820",0.986782133090246,1,FALSE,FALSE,FALSE,FALSE
"K03184",0.274,0,0.51,37.5,56.8,0.0468,NA,"K03184",0.975103734439834,1,FALSE,FALSE,FALSE,FALSE
"K07404",0.612,0,0.335,31.1,32.2,0.0683,NA,"K07404",0.954968944099379,1,FALSE,FALSE,FALSE,FALSE
"K02521",0.289,0,0.341,71.3,74.7,0.0675,NA,"K02521",0.954968944099379,1,FALSE,FALSE,FALSE,FALSE
"K09806",0.617,0,0.898,8.65,67.5,0.00908,NA,"K09806",0.992884864165589,1,FALSE,FALSE,FALSE,FALSE
"K18138",0.741,0,0.652,-42.8,94.8,0.032,NA,"K18138",0.982815797407296,1,FALSE,FALSE,FALSE,FALSE
"K03585",0.736,0,0.301,-104,100,0.0732,NA,"K03585",0.954968944099379,1,FALSE,FALSE,FALSE,FALSE
"K18136",0.0746,0,0.46,94.7,128,0.0524,NA,"K18136",0.972832600878945,1,FALSE,FALSE,FALSE,FALSE
"K02031",0.836,0,0.052,-127,65.1,0.137,NA,"K02031",0.739189189189189,1,FALSE,FALSE,FALSE,FALSE
"K02032",0.796,0,0.133,-71.7,47.5,0.106,NA,"K02032",0.855345911949686,1,FALSE,FALSE,FALSE,FALSE
"K02035",0.905,0,0.052,-124,63.5,0.137,NA,"K02035",0.739189189189189,1,FALSE,FALSE,FALSE,FALSE
"K02033",0.91,0,0.135,-106,70.4,0.106,NA,"K02033",0.855345911949686,1,FALSE,FALSE,FALSE,FALSE
"K02034",0.9,0,0.152,-108,74.8,0.101,NA,"K02034",0.874717832957111,1,FALSE,FALSE,FALSE,FALSE
"K00383",0.627,0,0.536,-37.2,59.9,0.0439,NA,"K00383",0.97676107480029,1,FALSE,FALSE,FALSE,FALSE
"K07115",0.677,0,0.78,25.6,91.7,0.0198,NA,"K07115",0.986782133090246,1,FALSE,FALSE,FALSE,FALSE
"K03718",0.343,0,0.00318,159,53.3,0.207,NA,"K03718",0.39875,1,FALSE,FALSE,FALSE,FALSE
"K15984",0.592,0,0.723,-24.8,69.7,0.0252,NA,"K15984",0.986782133090246,1,FALSE,FALSE,FALSE,FALSE
"K06149",0.338,0,0.459,-53.5,72,0.0526,NA,"K06149",0.972832600878945,1,FALSE,FALSE,FALSE,FALSE
"K02217",0.254,0,0.666,26.4,61,0.0306,NA,"K02217",0.985832349468713,1,FALSE,FALSE,FALSE,FALSE
"K06144",0.0995,0,0.281,128,118,0.0764,NA,"K03604,K06144,K09911,K09917,K12961,K14762,K15545",0.946765498652291,1,FALSE,FALSE,FALSE,FALSE
"K09760",0.846,0,0.345,-79.6,84.1,0.0669,NA,"K09760",0.954968944099379,1,FALSE,FALSE,FALSE,FALSE
"K03688",0.866,0,0.643,-20.9,45,0.0329,NA,"K03688",0.981408107284365,1,FALSE,FALSE,FALSE,FALSE
"K03117",0.806,0,0.469,-49.3,68,0.0513,NA,"K03117",0.972832600878945,1,FALSE,FALSE,FALSE,FALSE
"K03978",0.866,0,0.13,203,133,0.107,NA,"K00658,K00728,K01338,K01554,K01616,K02372,K02970,K03495,K03555,K03590,K03650,K03797,K03889,K03890,K03891,K03978,K05364,K07462,K07503,K07654,K07670,K07768,K07776,K12503,K12573,K13640,K13787,K18955,K19710,K23258,K24017,K26252,K27043,K27094,K27109",0.855345911949686,1,FALSE,FALSE,FALSE,FALSE
"K02495",0.965,0,0.258,-81.5,71.8,0.0802,NA,"K02495",0.946765498652291,1,FALSE,FALSE,FALSE,FALSE
"K07712",0.667,0,0.388,81.5,94.3,0.0612,NA,"K07712",0.962578899909829,1,FALSE,FALSE,FALSE,FALSE
"K07058",0.98,0,0.145,-264,181,0.103,NA,"K00169,K00172,K07058,K15632,K16905,K17882,K18817,K18896,K21515,K21721,K22113,K22408,K23149,K25543,K27948",0.869047619047619,1,FALSE,FALSE,FALSE,FALSE
"K07560",0.846,0,0.842,11.2,56.2,0.0142,NA,"K07560",0.986782133090246,1,FALSE,FALSE,FALSE,FALSE
"K01610",0.716,0,0.513,45.9,70.1,0.0464,NA,"K01610",0.975103734439834,1,FALSE,FALSE,FALSE,FALSE
"K04083",0.811,0,0.401,91.9,109,0.0596,NA,"K02621,K03666,K04083,K07164",0.962578899909829,1,FALSE,FALSE,FALSE,FALSE
"K04762",0.876,0,0.0297,104,47.6,0.153,NA,"K04762",0.653679653679654,1,FALSE,FALSE,FALSE,FALSE
"K02452",0.378,0,0.158,49.3,34.8,0.0999,NA,"K02452",0.878754171301446,1,FALSE,FALSE,FALSE,FALSE
"K02453",0.468,0,0.0411,77.4,37.7,0.144,NA,"K02453,K02456",0.711072664359862,1,FALSE,FALSE,FALSE,FALSE
"K02454",0.527,0,0.662,23.7,54.2,0.031,NA,"K02454",0.983363042186572,1,FALSE,FALSE,FALSE,FALSE
"K02455",0.398,0,0.957,1.98,36.5,0.00384,NA,"K02455",0.997296173044925,1,FALSE,FALSE,FALSE,FALSE
"K02457",0.433,0,0.548,20.5,34.1,0.0426,NA,"K02457",0.980565371024735,1,FALSE,FALSE,FALSE,FALSE
"K02458",0.438,0,0.259,52.1,46,0.08,NA,"K02458",0.946765498652291,1,FALSE,FALSE,FALSE,FALSE
"K02459",0.458,0,0.0884,62.6,36.6,0.121,NA,"K02459",0.805100182149363,1,FALSE,FALSE,FALSE,FALSE
"K02460",0.458,0,0.0884,62.6,36.6,0.121,NA,"K02460",0.805100182149363,1,FALSE,FALSE,FALSE,FALSE
"K02461",0.438,0,0.542,26.4,43.1,0.0433,NA,"K02461",0.979046242774567,1,FALSE,FALSE,FALSE,FALSE
"K02462",0.428,0,0.318,44.1,44.1,0.0707,NA,"K02462",0.954968944099379,1,FALSE,FALSE,FALSE,FALSE
"K02463",0.303,0,0.0151,113,46.3,0.171,NA,"K02463",0.575187969924812,1,FALSE,FALSE,FALSE,FALSE
"K01082",0.607,0,0.71,24.7,66.5,0.0264,NA,"K01082",0.986782133090246,1,FALSE,FALSE,FALSE,FALSE
"K08312",0.443,0,0.345,81.2,85.8,0.0669,NA,"K08312",0.954968944099379,1,FALSE,FALSE,FALSE,FALSE
"K07400",0.468,0,0.72,33.8,94.1,0.0254,NA,"K07400",0.986782133090246,1,FALSE,FALSE,FALSE,FALSE
"K02242",0.97,0,0.958,3.94,74.8,0.00373,NA,"K02242",0.997296173044925,1,FALSE,FALSE,FALSE,FALSE
"K02170",0.522,0,0.656,28.7,64.4,0.0316,NA,"K02170",0.982918789331735,1,FALSE,FALSE,FALSE,FALSE
"K06959",0.915,0,0.941,-5.77,77.4,0.00529,NA,"K06959",0.993874102239121,1,FALSE,FALSE,FALSE,FALSE
"K04760",0.557,0,0.0189,152,64.2,0.165,NA,"K04760",0.592024539877301,1,FALSE,FALSE,FALSE,FALSE
"K07659",0.483,0,0.154,83,57.9,0.101,NA,"K07659",0.874717832957111,1,FALSE,FALSE,FALSE,FALSE
"K07638",0.677,0,0.456,-70,93.9,0.0528,NA,"K07638",0.972832600878945,1,FALSE,FALSE,FALSE,FALSE
"K01139",0.945,0,0.429,-74.5,94.1,0.056,NA,"K01139",0.963611859838275,1,FALSE,FALSE,FALSE,FALSE
"K03060",0.97,0,0.345,-106,112,0.0669,NA,"K03060",0.954968944099379,1,FALSE,FALSE,FALSE,FALSE
"K06901",0.886,0,0.69,20.1,50.4,0.0283,NA,"K06901",0.986782133090246,1,FALSE,FALSE,FALSE,FALSE
"K13256",0.343,0,0.398,-48.4,57.2,0.0599,NA,"K13256",0.962578899909829,1,FALSE,FALSE,FALSE,FALSE
"K17893",0.0448,0,0.4,-50,59.3,0.0597,NA,"K17893",0.962578899909829,1,FALSE,FALSE,FALSE,FALSE
"K03704",0.96,0,0.766,-38.1,128,0.0211,NA,"K03704",0.986782133090246,1,FALSE,FALSE,FALSE,FALSE
"K00989",0.891,0,0.313,71.8,70.9,0.0716,NA,"K00989",0.954968944099379,1,FALSE,FALSE,FALSE,FALSE
"K00762",0.98,0,0.764,29.2,97.3,0.0213,NA,"K00762",0.986782133090246,1,FALSE,FALSE,FALSE,FALSE
"K02517",0.692,0,0.957,4.5,83.2,0.00383,NA,"K02517",0.997296173044925,1,FALSE,FALSE,FALSE,FALSE
"K05501",0.343,0,0.513,48.6,74.2,0.0464,NA,"K05501",0.975103734439834,1,FALSE,FALSE,FALSE,FALSE
"K10563",0.94,0,0.0281,212,95.9,0.155,NA,"K10563",0.650684931506849,1,FALSE,FALSE,FALSE,FALSE
"K08679",0.597,0,0.269,30.1,27.1,0.0783,NA,"K08679",0.946765498652291,1,FALSE,FALSE,FALSE,FALSE
"K12982",0.229,0,0.315,77.7,77.2,0.0712,NA,"K12982",0.954968944099379,1,FALSE,FALSE,FALSE,FALSE
"K11211",0.239,0,0.275,91,83.1,0.0774,NA,"K11211",0.946765498652291,1,FALSE,FALSE,FALSE,FALSE
"K02527",0.716,0,0.678,-41.5,99.8,0.0294,NA,"K02527",0.986782133090246,1,FALSE,FALSE,FALSE,FALSE
"K02847",0.303,0,0.827,6.01,27.5,0.0155,NA,"K02847",0.986782133090246,1,FALSE,FALSE,FALSE,FALSE
"K15894",0.274,0,0.479,20.3,28.7,0.0502,NA,"K15894",0.972832600878945,1,FALSE,FALSE,FALSE,FALSE
"K15899",0.154,0,0.524,21,32.9,0.0452,NA,"K15899",0.975791433891993,1,FALSE,FALSE,FALSE,FALSE
"K15898",0.189,0,0.485,21.4,30.6,0.0496,NA,"K15898",0.972832600878945,1,FALSE,FALSE,FALSE,FALSE
"K02560",0.174,0,0.585,-53.9,98.7,0.0387,NA,"K02560,K06212",0.981408107284365,1,FALSE,FALSE,FALSE,FALSE
"K03274",0.259,0,0.351,55.3,59.2,0.0661,NA,"K03274",0.954968944099379,1,FALSE,FALSE,FALSE,FALSE
"K00012",0.955,0,0.896,7.08,54.3,0.00924,NA,"K00012",0.992884864165589,1,FALSE,FALSE,FALSE,FALSE
"K22719",0.771,0,0.561,36.2,62.3,0.0412,NA,"K22719",0.981408107284365,1,FALSE,FALSE,FALSE,FALSE
"K00640",0.965,0,0.485,-55.2,78.9,0.0496,NA,"K00640",0.972832600878945,1,FALSE,FALSE,FALSE,FALSE
"K01991",0.692,0,0.711,-18.3,49.5,0.0262,NA,"K01991",0.986782133090246,1,FALSE,FALSE,FALSE,FALSE
"K25307",0.846,0,0.0609,93.8,49.8,0.132,NA,"K25307",0.746428571428572,1,FALSE,FALSE,FALSE,FALSE
"K16692",0.368,0,0.139,45.8,30.9,0.105,NA,"K16692",0.864427860696518,1,FALSE,FALSE,FALSE,FALSE
"K16011",0.572,0,0.632,19.1,39.7,0.034,NA,"K16011",0.981408107284365,1,FALSE,FALSE,FALSE,FALSE
"K00971",0.821,0,0.361,34.1,37.3,0.0647,NA,"K00971",0.954968944099379,1,FALSE,FALSE,FALSE,FALSE
"K01791",0.582,0,0.99,-0.306,23.2,0.000934,NA,"K01791",0.999799839871897,1,FALSE,FALSE,FALSE,FALSE
"K02851",0.478,0,0.0704,55.6,30.5,0.128,NA,"K02851",0.751059322033898,1,FALSE,FALSE,FALSE,FALSE
"K15633",0.652,0,0.755,15,47.8,0.0222,NA,"K15633",0.986782133090246,1,FALSE,FALSE,FALSE,FALSE
"K00567",0.826,0,0.235,55.7,46.8,0.0841,NA,"K00567",0.946765498652291,1,FALSE,FALSE,FALSE,FALSE
"K26937",0.861,0,0.591,-17.4,32.4,0.0381,NA,"K26937",0.981408107284365,1,FALSE,FALSE,FALSE,FALSE
"K05789",0.0995,0,0.857,-9.14,50.5,0.0128,NA,"K05789",0.986782133090246,1,FALSE,FALSE,FALSE,FALSE
"K07507",0.816,0,0.201,-42.2,32.9,0.0906,NA,"K07507",0.932126696832579,1,FALSE,FALSE,FALSE,FALSE
"K10924",0.149,0,0.805,15.1,61,0.0175,NA,"K10924,K10926,K10927,K12276,K12278,K12279,K12280,K12281,K12283,K12284,K12285,K12287",0.986782133090246,1,FALSE,FALSE,FALSE,FALSE
"K19810",0.259,0,0.25,88.5,76.8,0.0815,NA,"K19810",0.946765498652291,1,FALSE,FALSE,FALSE,FALSE
"K00247",0.134,0,0.13,118,77.9,0.107,NA,"K00247",0.855345911949686,1,FALSE,FALSE,FALSE,FALSE
"K00246",0.134,0,0.13,118,77.9,0.107,NA,"K00246",0.855345911949686,1,FALSE,FALSE,FALSE,FALSE
"K00245",0.129,0,0.206,111,87.6,0.0896,NA,"K00245",0.932126696832579,1,FALSE,FALSE,FALSE,FALSE
"K00244",0.129,0,0.206,111,87.6,0.0896,NA,"K00244",0.932126696832579,1,FALSE,FALSE,FALSE,FALSE
"K04568",0.363,0,0.202,84.3,65.9,0.0904,NA,"K04568",0.932126696832579,1,FALSE,FALSE,FALSE,FALSE
"K14445",0.239,0,0.0624,72.8,38.8,0.132,NA,"K14445",0.746428571428572,1,FALSE,FALSE,FALSE,FALSE
"K01613",0.851,0,0.101,106,64.1,0.116,NA,"K01613",0.815831987075929,1,FALSE,FALSE,FALSE,FALSE
"K07486",0.622,0,0.672,-9.71,22.9,0.03,NA,"K07486",0.986204872321691,1,FALSE,FALSE,FALSE,FALSE
"K07397",0.786,0,0.0113,128,50.1,0.178,NA,"K07397",0.534188034188034,1,FALSE,FALSE,FALSE,FALSE
"K07006",0.672,0,0.491,-21.8,31.6,0.0489,NA,"K07006",0.975103734439834,1,FALSE,FALSE,FALSE,FALSE
"K22477",0.204,0,0.268,48.2,43.4,0.0786,NA,"K22477",0.946765498652291,1,FALSE,FALSE,FALSE,FALSE
"K06998",0.781,0,0.718,12,33.1,0.0256,NA,"K06998",0.986782133090246,1,FALSE,FALSE,FALSE,FALSE
"K00549",0.881,0,0.522,25.9,40.4,0.0454,NA,"K00549",0.975791433891993,1,FALSE,FALSE,FALSE,FALSE
"K00638",0.174,0,0.256,55.7,48.9,0.0804,NA,"K00638",0.946765498652291,1,FALSE,FALSE,FALSE,FALSE
"K19000",0.338,0,0.778,-11.5,40.6,0.02,NA,"K19000",0.986782133090246,1,FALSE,FALSE,FALSE,FALSE
"K03312",0.259,0,0.543,20.4,33.5,0.0431,NA,"K03312",0.979474252790781,1,FALSE,FALSE,FALSE,FALSE
"K06147",0.741,0,0.0395,-58.9,28.4,0.145,NA,"K06147",0.710069444444444,1,FALSE,FALSE,FALSE,FALSE
"K02029",0.811,0,0.00119,-222,67.5,0.227,NA,"K02029",0.3075,1,FALSE,FALSE,FALSE,FALSE
"K10218",0.622,0,0.45,24.3,32.2,0.0535,NA,"K10218",0.972832600878945,1,FALSE,FALSE,FALSE,FALSE
"K09962",0.353,0,0.269,38.7,34.9,0.0783,NA,"K09962",0.946765498652291,1,FALSE,FALSE,FALSE,FALSE
"K25590",0.154,0,0.536,28.2,45.5,0.0439,NA,"K25590",0.97676107480029,1,FALSE,FALSE,FALSE,FALSE
"K10912",0.159,0,0.256,93.1,81.7,0.0805,NA,"K10912",0.946765498652291,1,FALSE,FALSE,FALSE,FALSE
"K02000",0.701,0,0.239,-50.6,42.8,0.0834,NA,"K02000,K02001",0.946765498652291,1,FALSE,FALSE,FALSE,FALSE
"K02002",0.706,0,0.419,-33.2,41,0.0573,NA,"K02002",0.962578899909829,1,FALSE,FALSE,FALSE,FALSE
"K26441",0.189,0,0.131,93.4,61.6,0.107,NA,"K26441",0.855345911949686,1,FALSE,FALSE,FALSE,FALSE
"K26939",0.861,0,0.419,86.3,107,0.0573,NA,"K26939",0.962578899909829,1,FALSE,FALSE,FALSE,FALSE
"K15523",0.184,0,4.59e-05,233,56,0.283,NA,"K15523",0.134,0.2295,FALSE,FALSE,FALSE,FALSE
"K26606",0.876,0,0.793,15.2,57.9,0.0186,NA,"K26605,K26606",0.986782133090246,1,FALSE,FALSE,FALSE,FALSE
"K05812",0.478,0,0.923,-6.5,67.2,0.00686,NA,"K05812",0.993562231759657,1,FALSE,FALSE,FALSE,FALSE
"K28207",0.149,0,0.0747,115,64.1,0.126,NA,"K28207",0.765368852459016,1,FALSE,FALSE,FALSE,FALSE
"K03750",0.965,0,0.028,121,54.4,0.155,NA,"K03750",0.650684931506849,1,FALSE,FALSE,FALSE,FALSE
"K03753",0.413,0,0.0745,102,56.8,0.126,NA,"K03753",0.765368852459016,1,FALSE,FALSE,FALSE,FALSE
"K03752",0.94,0,0.182,70.8,52.9,0.0944,NA,"K03752",0.918264379414732,1,FALSE,FALSE,FALSE,FALSE
"K05773",0.119,0,0.0184,153,64.3,0.166,NA,"K05773",0.592024539877301,1,FALSE,FALSE,FALSE,FALSE
"K05772",0.119,0,0.0184,153,64.3,0.166,NA,"K05772",0.592024539877301,1,FALSE,FALSE,FALSE,FALSE
"K02482",0.438,0,0.31,33.5,32.9,0.072,NA,"K02482",0.954968944099379,1,FALSE,FALSE,FALSE,FALSE
"K15977",0.925,0,0.0234,124,54.5,0.16,NA,"K15977",0.635869565217391,1,FALSE,FALSE,FALSE,FALSE
"K09929",0.274,0,0.92,-4.34,43.2,0.00713,NA,"K09929",0.992884864165589,1,FALSE,FALSE,FALSE,FALSE
"K09930",0.537,0,0.451,29.2,38.7,0.0534,NA,"K09930",0.972832600878945,1,FALSE,FALSE,FALSE,FALSE
"K23349",0.169,0,0.0108,161,62.6,0.179,NA,"K23349",0.534188034188034,1,FALSE,FALSE,FALSE,FALSE
"K00123",0.473,0,0.38,40.2,45.7,0.0623,NA,"K00123",0.962578899909829,1,FALSE,FALSE,FALSE,FALSE
"K00124",0.438,0,0.795,-9.12,35.1,0.0184,NA,"K00124",0.986782133090246,1,FALSE,FALSE,FALSE,FALSE
"K00127",0.393,0,0.832,8.92,42,0.0151,NA,"K00127",0.986782133090246,1,FALSE,FALSE,FALSE,FALSE
"K12410",0.582,0,0.279,35.8,32.9,0.0768,NA,"K12410",0.946765498652291,1,FALSE,FALSE,FALSE,FALSE
"K11069",0.259,0,0.0285,85,38.5,0.154,NA,"K11069",0.650684931506849,1,FALSE,FALSE,FALSE,FALSE
"K02055",0.677,0,0.592,-20.5,38.3,0.038,NA,"K02055",0.981408107284365,1,FALSE,FALSE,FALSE,FALSE
"K11070",0.652,0,0.454,-40,53.3,0.0531,NA,"K11070",0.972832600878945,1,FALSE,FALSE,FALSE,FALSE
"K11071",0.662,0,0.697,-20.6,52.8,0.0276,NA,"K11071",0.986782133090246,1,FALSE,FALSE,FALSE,FALSE
"K11072",0.458,0,0.486,26.8,38.4,0.0494,NA,"K11072",0.972832600878945,1,FALSE,FALSE,FALSE,FALSE
"K03796",0.189,0,0.528,52.1,82.5,0.0447,NA,"K03796",0.976418570375829,1,FALSE,FALSE,FALSE,FALSE
"K14058",0.662,0,0.423,-83,103,0.0568,NA,"K00568,K02535,K05539,K14058",0.962578899909829,1,FALSE,FALSE,FALSE,FALSE
"K14055",0.398,0,0.853,-16.5,88.8,0.0132,NA,"K14055",0.986782133090246,1,FALSE,FALSE,FALSE,FALSE
"K01420",0.667,0,0.0421,-168,82.3,0.144,NA,"K01420",0.720890410958904,1,FALSE,FALSE,FALSE,FALSE
"K09792",0.488,0,0.0146,137,55.6,0.172,NA,"K09792",0.575187969924812,1,FALSE,FALSE,FALSE,FALSE
"K09926",0.413,0,0.0554,116,60.2,0.135,NA,"K09926",0.745308310991957,1,FALSE,FALSE,FALSE,FALSE
"K00406",0.587,0,0.204,66.5,52.2,0.0899,NA,"K00406",0.932126696832579,1,FALSE,FALSE,FALSE,FALSE
"K00407",0.577,0,0.306,56.3,54.9,0.0725,NA,"K00407",0.954968944099379,1,FALSE,FALSE,FALSE,FALSE
"K00405",0.527,0,0.364,52.1,57.3,0.0643,NA,"K00404,K00405",0.954968944099379,1,FALSE,FALSE,FALSE,FALSE
"K10954",0.119,0,0.352,-28.5,30.6,0.066,NA,"K10954",0.954968944099379,1,FALSE,FALSE,FALSE,FALSE
"K04770",0.448,0,0.501,51.4,76.3,0.0477,NA,"K04770",0.975103734439834,1,FALSE,FALSE,FALSE,FALSE
"K01716",0.607,0,0.654,-36.3,80.7,0.0318,NA,"K01716",0.982918789331735,1,FALSE,FALSE,FALSE,FALSE
"K03812",0.249,0,0.965,-2.09,47.3,0.00313,NA,"K03812",0.99876058665565,1,FALSE,FALSE,FALSE,FALSE
"K12297",0.483,0,0.419,73.8,91.1,0.0573,NA,"K03528,K03683,K06176,K09895,K09902,K12297",0.962578899909829,1,FALSE,FALSE,FALSE,FALSE
"K00254",0.905,0,0.517,-63.1,97.1,0.046,NA,"K00254",0.975103734439834,1,FALSE,FALSE,FALSE,FALSE
"K15371",0.642,0,0.948,4.29,65.2,0.00466,NA,"K15371",0.99663582842725,1,FALSE,FALSE,FALSE,FALSE
"K01256",0.806,0,0.358,-65.9,71.6,0.0651,NA,"K01256",0.954968944099379,1,FALSE,FALSE,FALSE,FALSE
"K03607",0.398,0,0.443,44,57.2,0.0544,NA,"K03607",0.97027972027972,1,FALSE,FALSE,FALSE,FALSE
"K08968",0.791,0,0.474,-45.7,63.7,0.0508,NA,"K08968",0.972832600878945,1,FALSE,FALSE,FALSE,FALSE
"K03808",0.507,0,0.581,-40.6,73.4,0.0391,NA,"K03808",0.981408107284365,1,FALSE,FALSE,FALSE,FALSE
"K06192",0.502,0,0.5,-53.5,79.1,0.0479,NA,"K06192",0.975103734439834,1,FALSE,FALSE,FALSE,FALSE
"K11392",0.259,0,0.164,129,92.4,0.0986,NA,"K11392",0.886143931256713,1,FALSE,FALSE,FALSE,FALSE
"K00243",0.542,0,0.882,-10.9,73.7,0.0105,NA,"K00243",0.992143658810326,1,FALSE,FALSE,FALSE,FALSE
"K01626",0.821,0,0.33,-117,119,0.069,NA,"K01626",0.954968944099379,1,FALSE,FALSE,FALSE,FALSE
"K09767",0.806,0,0.487,-52.2,75,0.0493,NA,"K09767",0.972832600878945,1,FALSE,FALSE,FALSE,FALSE
"K24866",0.866,0,0.499,61.5,90.9,0.0479,NA,"K24866",0.975103734439834,1,FALSE,FALSE,FALSE,FALSE
"K09969",0.468,0,0.644,-23.8,51.5,0.0328,NA,"K09969",0.981408107284365,1,FALSE,FALSE,FALSE,FALSE
"K09970",0.453,0,0.256,-69.2,60.7,0.0806,NA,"K09970,K09971",0.946765498652291,1,FALSE,FALSE,FALSE,FALSE
"K09972",0.463,0,0.579,-30.2,54.4,0.0394,NA,"K09972",0.981408107284365,1,FALSE,FALSE,FALSE,FALSE
"K02028",0.816,0,8.55e-05,-292,72.8,0.273,NA,"K02028",0.134,0.4275,FALSE,FALSE,FALSE,FALSE
"K19416",0.512,0,0.985,1.72,91.4,0.00134,NA,"K19416",0.999594073472701,1,FALSE,FALSE,FALSE,FALSE
"K11179",0.448,0,0.53,57.6,91.5,0.0446,NA,"K04774,K11179",0.976418570375829,1,FALSE,FALSE,FALSE,FALSE
"K01512",0.552,0,0.177,-43.6,32.2,0.0956,NA,"K01512",0.905834186284544,1,FALSE,FALSE,FALSE,FALSE
"K06969",0.801,0,0.992,-0.634,65.3,0.000688,NA,"K06969",0.999799839871897,1,FALSE,FALSE,FALSE,FALSE
"K05835",0.667,0,0.982,0.992,43.9,0.0016,NA,"K05835",0.999594073472701,1,FALSE,FALSE,FALSE,FALSE
"K05786",0.92,0,0.479,-45.1,63.6,0.0503,NA,"K05786",0.972832600878945,1,FALSE,FALSE,FALSE,FALSE
"K09125",0.726,0,0.596,-21.4,40.3,0.0376,NA,"K09125",0.981408107284365,1,FALSE,FALSE,FALSE,FALSE
"K07484",0.284,0,0.571,15,26.5,0.0402,NA,"K07484",0.981408107284365,1,FALSE,FALSE,FALSE,FALSE
"K07493",0.204,0,0.86,-4.77,26.9,0.0125,NA,"K07493",0.986782133090246,1,FALSE,FALSE,FALSE,FALSE
"K07497",0.861,0,0.368,22.6,25,0.0639,NA,"K07497",0.954968944099379,1,FALSE,FALSE,FALSE,FALSE
"K03220",0.104,0,0.482,35,49.7,0.0499,NA,"K03220",0.972832600878945,1,FALSE,FALSE,FALSE,FALSE
"K03226",0.109,0,0.988,-0.696,46,0.00107,NA,"K03226,K03228",0.999799839871897,1,FALSE,FALSE,FALSE,FALSE
"K03227",0.0995,0,0.395,40.3,47.3,0.0603,NA,"K03227",0.962578899909829,1,FALSE,FALSE,FALSE,FALSE
"K03229",0.104,0,0.498,30.2,44.5,0.0481,NA,"K03229",0.975103734439834,1,FALSE,FALSE,FALSE,FALSE
"K04058",0.0398,0,0.972,2.29,64.1,0.00254,NA,"K04058",0.999589069241833,1,FALSE,FALSE,FALSE,FALSE
"K03230",0.124,0,0.792,11.4,43.1,0.0187,NA,"K03230",0.986782133090246,1,FALSE,FALSE,FALSE,FALSE
"K03219",0.0945,0,0.72,18.5,51.5,0.0254,NA,"K03219",0.986782133090246,1,FALSE,FALSE,FALSE,FALSE
"K07494",0.0995,0,0.855,-6.37,34.9,0.0129,NA,"K07494",0.986782133090246,1,FALSE,FALSE,FALSE,FALSE
"K03695",0.945,0,0.27,116,105,0.0781,NA,"K03695",0.946765498652291,1,FALSE,FALSE,FALSE,FALSE
"K05810",0.915,0,0.636,39.2,82.6,0.0336,NA,"K05810",0.981408107284365,1,FALSE,FALSE,FALSE,FALSE
"K05809",0.159,0,0.572,61.3,108,0.0401,NA,"K02344,K05809,K06866,K09802,K09896,K11183,K11926",0.981408107284365,1,FALSE,FALSE,FALSE,FALSE
"K14170",0.547,0,0.363,67.8,74.3,0.0645,NA,"K14170",0.954968944099379,1,FALSE,FALSE,FALSE,FALSE
"K20966",0.104,0,0.609,-51.2,100,0.0363,NA,"K20966",0.981408107284365,1,FALSE,FALSE,FALSE,FALSE
"K01529",0.264,0,0.229,85,70.5,0.0851,NA,"K01529",0.946765498652291,1,FALSE,FALSE,FALSE,FALSE
"K03720",0.124,0,0.874,13.2,83.2,0.0113,NA,"K03720",0.989359293638216,1,FALSE,FALSE,FALSE,FALSE
"K08309",0.771,0,0.136,85.1,56.8,0.105,NA,"K08309",0.855345911949686,1,FALSE,FALSE,FALSE,FALSE
"K06020",0.856,0,0.851,-20.5,109,0.0133,NA,"K06020",0.986782133090246,1,FALSE,FALSE,FALSE,FALSE
"K21472",0.294,0,0.6,22.6,43,0.0372,NA,"K21472",0.981408107284365,1,FALSE,FALSE,FALSE,FALSE
"K01207",0.881,0,0.28,48.3,44.6,0.0765,NA,"K01207",0.946765498652291,1,FALSE,FALSE,FALSE,FALSE
"K09001",0.831,0,0.0297,123,56.4,0.153,NA,"K09001",0.653679653679654,1,FALSE,FALSE,FALSE,FALSE
"K07106",0.468,0,0.0237,92.2,40.5,0.159,NA,"K07106",0.64054054054054,1,FALSE,FALSE,FALSE,FALSE
"K27882",0.149,0,0.511,-60,91.1,0.0467,NA,"K27882",0.975103734439834,1,FALSE,FALSE,FALSE,FALSE
"K27883",0.149,0,0.511,-60,91.1,0.0467,NA,"K27883",0.975103734439834,1,FALSE,FALSE,FALSE,FALSE
"K02477",0.871,0,0.946,3.81,56.2,0.00481,NA,"K02477",0.995999157717414,1,FALSE,FALSE,FALSE,FALSE
"K03774",0.522,0,0.391,59.3,69,0.0608,NA,"K03774",0.962578899909829,1,FALSE,FALSE,FALSE,FALSE
"K03980",0.891,0,0.195,103,79,0.0917,NA,"K03980",0.931232091690544,1,FALSE,FALSE,FALSE,FALSE
"K02968",0.985,0,0.779,-32,114,0.0199,NA,"K02968,K06146,K12660",0.986782133090246,1,FALSE,FALSE,FALSE,FALSE
"K22042",0.527,0,0.0732,59.9,33.3,0.127,NA,"K22042",0.760869565217391,1,FALSE,FALSE,FALSE,FALSE
"K03717",0.348,0,0.968,2.11,53,0.00282,NA,"K03717",0.998968008255934,1,FALSE,FALSE,FALSE,FALSE
"K14683",0.109,0,0.3,81.4,78.3,0.0735,NA,"K14683",0.954968944099379,1,FALSE,FALSE,FALSE,FALSE
"K08484",0.552,0,0.723,-28.1,79.4,0.0251,NA,"K08484",0.986782133090246,1,FALSE,FALSE,FALSE,FALSE
"K03573",0.249,0,0.158,84.7,59.8,0.0998,NA,"K03573",0.878754171301446,1,FALSE,FALSE,FALSE,FALSE
"K04567",0.955,0,0.598,-56.9,108,0.0374,NA,"K04567",0.981408107284365,1,FALSE,FALSE,FALSE,FALSE
"K02836",0.95,0,0.924,3.83,40.3,0.00673,NA,"K02836",0.993562231759657,1,FALSE,FALSE,FALSE,FALSE
"K03981",0.542,0,0.346,67.6,71.5,0.0668,NA,"K03981",0.954968944099379,1,FALSE,FALSE,FALSE,FALSE
"K04763",0.925,0,0.627,33.4,68.6,0.0345,NA,"K04763",0.981408107284365,1,FALSE,FALSE,FALSE,FALSE
"K03839",0.358,0,0.749,-25.4,79.1,0.0227,NA,"K03839",0.986782133090246,1,FALSE,FALSE,FALSE,FALSE
"K03311",0.443,0,0.296,59.6,56.8,0.0741,NA,"K03311",0.952380952380952,1,FALSE,FALSE,FALSE,FALSE
"K15460",0.408,0,0.411,60.4,73.2,0.0583,NA,"K15460",0.962578899909829,1,FALSE,FALSE,FALSE,FALSE
"K09861",0.736,0,0.932,5.64,66.2,0.00604,NA,"K09861",0.993854630218267,1,FALSE,FALSE,FALSE,FALSE
"K01151",0.303,0,0.72,29.5,82.2,0.0254,NA,"K01151",0.986782133090246,1,FALSE,FALSE,FALSE,FALSE
"K01733",0.93,0,0.814,23,97.7,0.0167,NA,"K01733",0.986782133090246,1,FALSE,FALSE,FALSE,FALSE
"K00872",0.582,0,0.288,90.7,85.1,0.0754,NA,"K00872",0.949241924851681,1,FALSE,FALSE,FALSE,FALSE
"K12524",0.323,0,0.107,135,83.2,0.114,NA,"K01089,K12524",0.830745341614907,1,FALSE,FALSE,FALSE,FALSE
"K00928",0.975,0,0.0153,-322,132,0.171,NA,"K00928,K14581",0.575187969924812,1,FALSE,FALSE,FALSE,FALSE
"K07139",0.254,0,0.0256,177,78.8,0.157,NA,"K07139",0.650684931506849,1,FALSE,FALSE,FALSE,FALSE
"K00265",0.975,0,0.162,140,99.8,0.0991,NA,"K00265",0.88235294117647,1,FALSE,FALSE,FALSE,FALSE
"K00266",0.95,0,0.301,87.3,84.2,0.0733,NA,"K00266",0.954968944099379,1,FALSE,FALSE,FALSE,FALSE
"K01243",0.592,0,0.76,-14,45.6,0.0217,NA,"K01243",0.986782133090246,1,FALSE,FALSE,FALSE,FALSE
"K02227",0.677,0,0.768,16.9,57.2,0.021,NA,"K02227",0.986782133090246,1,FALSE,FALSE,FALSE,FALSE
"K06858",0.303,0,0.512,34.2,52,0.0465,NA,"K06858",0.975103734439834,1,FALSE,FALSE,FALSE,FALSE
"K03809",0.721,0,0.146,71.3,48.8,0.103,NA,"K03809",0.869047619047619,1,FALSE,FALSE,FALSE,FALSE
"K01955",0.96,0,0.0758,159,89.2,0.126,NA,"K01955",0.771894093686354,1,FALSE,FALSE,FALSE,FALSE
"K03588",0.821,0,0.992,-0.907,86,0.000748,NA,"K03588",0.999799839871897,1,FALSE,FALSE,FALSE,FALSE
"K01925",0.975,0,0.527,-62,97.8,0.0449,NA,"K01925",0.976418570375829,1,FALSE,FALSE,FALSE,FALSE
"K03587",0.985,0,0.586,47.8,87.7,0.0386,NA,"K03587",0.981408107284365,1,FALSE,FALSE,FALSE,FALSE
"K03586",0.841,0,0.392,-56.7,66.1,0.0607,NA,"K03586",0.962578899909829,1,FALSE,FALSE,FALSE,FALSE
"K03438",0.95,0,0.95,5.39,86,0.00444,NA,"K03438",0.996642887117079,1,FALSE,FALSE,FALSE,FALSE
"K07121",0.473,0,0.637,42.5,89.8,0.0335,NA,"K07121,K07153",0.981408107284365,1,FALSE,FALSE,FALSE,FALSE
"K07460",0.891,0,0.697,37.4,95.9,0.0276,NA,"K07460",0.986782133090246,1,FALSE,FALSE,FALSE,FALSE
"K03271",0.602,0,0.406,35.9,43.1,0.0589,NA,"K03271",0.962578899909829,1,FALSE,FALSE,FALSE,FALSE
"K28369",0.488,0,0.976,2.26,74.7,0.00215,NA,"K28369",0.999594073472701,1,FALSE,FALSE,FALSE,FALSE
"K00413",0.612,0,0.632,37.8,78.7,0.034,NA,"K00411,K00412,K00413",0.981408107284365,1,FALSE,FALSE,FALSE,FALSE
"K09908",0.418,0,0.304,-85.9,83.3,0.0729,NA,"K09908",0.954968944099379,1,FALSE,FALSE,FALSE,FALSE
"K04772",0.358,0,0.184,90.3,67.8,0.0941,NA,"K04772",0.92,1,FALSE,FALSE,FALSE,FALSE
"K04771",0.697,0,0.851,18.3,96.9,0.0134,NA,"K04771",0.986782133090246,1,FALSE,FALSE,FALSE,FALSE
"K02622",0.766,0,0.689,23.4,58.3,0.0284,NA,"K02622",0.986782133090246,1,FALSE,FALSE,FALSE,FALSE
"K07000",0.507,0,0.908,-10.8,93.5,0.0082,NA,"K07000",0.992884864165589,1,FALSE,FALSE,FALSE,FALSE
"K09920",0.458,0,0.295,80.2,76.4,0.0742,NA,"K09920",0.952380952380952,1,FALSE,FALSE,FALSE,FALSE
"K01515",0.806,0,0.419,32.1,39.7,0.0573,NA,"K01515",0.962578899909829,1,FALSE,FALSE,FALSE,FALSE
"K03272",0.502,0,0.554,31.4,53,0.042,NA,"K03272",0.980565371024735,1,FALSE,FALSE,FALSE,FALSE
"K00982",0.821,0,0.33,-117,119,0.069,NA,"K00982",0.954968944099379,1,FALSE,FALSE,FALSE,FALSE
"K18446",0.542,0,0.53,32.8,52.2,0.0445,NA,"K18446",0.976418570375829,1,FALSE,FALSE,FALSE,FALSE
"K07220",0.672,0,0.324,52,52.6,0.0699,NA,"K07220",0.954968944099379,1,FALSE,FALSE,FALSE,FALSE
"K03306",0.831,0,0.938,2.92,37.2,0.00556,NA,"K03306",0.993854630218267,1,FALSE,FALSE,FALSE,FALSE
"K07184",0.323,0,0.749,-23.6,73.6,0.0227,NA,"K07184",0.986782133090246,1,FALSE,FALSE,FALSE,FALSE
"K02451",0.194,0,0.0435,157,77.2,0.143,NA,"K02451",0.729865771812081,1,FALSE,FALSE,FALSE,FALSE
"K02450",0.189,0,0.0448,168,83.2,0.142,NA,"K02450",0.733118971061093,1,FALSE,FALSE,FALSE,FALSE
"K00974",0.836,0,0.352,-44.5,47.8,0.0659,NA,"K00974",0.954968944099379,1,FALSE,FALSE,FALSE,FALSE
"K01633",0.97,0,0.168,-163,117,0.0977,NA,"K01633",0.8870116156283,1,FALSE,FALSE,FALSE,FALSE
"K08591",0.771,0,0.652,28.5,63,0.032,NA,"K08591",0.982815797407296,1,FALSE,FALSE,FALSE,FALSE
"K09117",0.692,0,0.675,23.8,56.5,0.0298,NA,"K09117",0.986782133090246,1,FALSE,FALSE,FALSE,FALSE
"K01740",0.701,0,0.0485,60.3,30.4,0.139,NA,"K01740",0.736151603498542,1,FALSE,FALSE,FALSE,FALSE
"K15735",0.214,0,0.384,32.4,37.2,0.0618,NA,"K15735",0.962578899909829,1,FALSE,FALSE,FALSE,FALSE
"K01653",0.965,0,0.779,-39.7,141,0.02,NA,"K01653",0.986782133090246,1,FALSE,FALSE,FALSE,FALSE
"K01897",0.915,0,0.316,84.8,84.3,0.0711,NA,"K01897",0.954968944099379,1,FALSE,FALSE,FALSE,FALSE
"K05798",0.0945,0,0.25,91.4,79.3,0.0815,NA,"K05798",0.946765498652291,1,FALSE,FALSE,FALSE,FALSE
"K19302",0.527,0,0.0816,83.1,47.5,0.123,NA,"K19302",0.793621013133208,1,FALSE,FALSE,FALSE,FALSE
"K00052",0.985,0,0.671,-28.8,67.7,0.0301,NA,"K00052",0.986184597295709,1,FALSE,FALSE,FALSE,FALSE
"K05801",0.557,0,0.338,-66.6,69.4,0.0679,NA,"K05801",0.954968944099379,1,FALSE,FALSE,FALSE,FALSE
"K03771",0.657,0,0.144,149,102,0.104,NA,"K03771",0.869047619047619,1,FALSE,FALSE,FALSE,FALSE
"K00097",0.687,0,0.604,-25.3,48.7,0.0368,NA,"K00097",0.981408107284365,1,FALSE,FALSE,FALSE,FALSE
"K06195",0.682,0,0.114,99.8,62.8,0.112,NA,"K06195",0.844444444444444,1,FALSE,FALSE,FALSE,FALSE
"K07080",0.418,0,0.114,57.3,36.1,0.112,NA,"K07080",0.844444444444444,1,FALSE,FALSE,FALSE,FALSE
"K14061",0.114,0,0.635,-42.1,88.5,0.0337,NA,"K14061",0.981408107284365,1,FALSE,FALSE,FALSE,FALSE
"K00018",0.418,0,0.743,-15.5,47.4,0.0232,NA,"K00018",0.986782133090246,1,FALSE,FALSE,FALSE,FALSE
"K06177",0.642,0,0.957,2.94,54,0.00385,NA,"K06177",0.997296173044925,1,FALSE,FALSE,FALSE,FALSE
"K03580",0.627,0,0.5,27,39.9,0.0479,NA,"K03580",0.975103734439834,1,FALSE,FALSE,FALSE,FALSE
"K07175",0.721,0,0.124,-106,68.7,0.109,NA,"K07175",0.855345911949686,1,FALSE,FALSE,FALSE,FALSE
"K03568",0.662,0,0.644,-31.6,68.2,0.0328,NA,"K03568",0.981408107284365,1,FALSE,FALSE,FALSE,FALSE
"K11206",0.552,0,0.136,-103,68.9,0.106,NA,"K11206",0.855345911949686,1,FALSE,FALSE,FALSE,FALSE
"K08301",0.562,0,0.148,121,83.5,0.102,NA,"K08301",0.871613663133098,1,FALSE,FALSE,FALSE,FALSE
"K06287",0.965,0,0.748,-22.4,69.7,0.0228,NA,"K06287",0.986782133090246,1,FALSE,FALSE,FALSE,FALSE
"K03571",0.726,0,0.342,66.9,70.2,0.0674,NA,"K03571",0.954968944099379,1,FALSE,FALSE,FALSE,FALSE
"K03570",0.766,0,0.198,120,93,0.0912,NA,"K03570",0.932126696832579,1,FALSE,FALSE,FALSE,FALSE
"K03569",0.771,0,0.351,84,89.7,0.0662,NA,"K03569",0.954968944099379,1,FALSE,FALSE,FALSE,FALSE
"K12286",0.144,0,0.39,55.4,64.2,0.061,NA,"K12286",0.962578899909829,1,FALSE,FALSE,FALSE,FALSE
"K10925",0.144,0,0.685,-25.5,62.8,0.0288,NA,"K10925",0.986782133090246,1,FALSE,FALSE,FALSE,FALSE
"K12282",0.164,0,0.593,31.5,58.8,0.0379,NA,"K12282",0.981408107284365,1,FALSE,FALSE,FALSE,FALSE
"K00963",0.328,0,0.0809,66.9,38.1,0.123,NA,"K00963",0.793137254901961,1,FALSE,FALSE,FALSE,FALSE
"K00830",0.154,0,0.611,30.3,59.5,0.0361,NA,"K00830",0.981408107284365,1,FALSE,FALSE,FALSE,FALSE
"K00548",0.94,0,0.005,178,62.7,0.197,NA,"K00548",0.41171875,1,FALSE,FALSE,FALSE,FALSE
"K03316",0.308,0,0.455,28,37.4,0.053,NA,"K03316",0.972832600878945,1,FALSE,FALSE,FALSE,FALSE
"K01726",0.97,0,0.839,14.7,72.2,0.0144,NA,"K01726",0.986782133090246,1,FALSE,FALSE,FALSE,FALSE
"K00014",0.915,0,0.575,35.6,63.3,0.0398,NA,"K00014",0.981408107284365,1,FALSE,FALSE,FALSE,FALSE
"K00228",0.721,0,0.348,92.4,98.2,0.0666,NA,"K00228",0.954968944099379,1,FALSE,FALSE,FALSE,FALSE
"K01589",0.985,0,0.619,-44.6,89.6,0.0353,NA,"K01589,K15896,K26290",0.981408107284365,1,FALSE,FALSE,FALSE,FALSE
"K03747",0.279,0,0.217,100,80.9,0.0874,NA,"K03747",0.940207972270364,1,FALSE,FALSE,FALSE,FALSE
"K03499",0.861,0,0.403,-57.4,68.4,0.0593,NA,"K03499",0.962578899909829,1,FALSE,FALSE,FALSE,FALSE
"K03498",0.856,0,0.556,-39.4,66.9,0.0418,NA,"K03498",0.980945659844743,1,FALSE,FALSE,FALSE,FALSE
"K11068",0.91,0,0.929,-4.73,53,0.00633,NA,"K11068",0.993589743589744,1,FALSE,FALSE,FALSE,FALSE
"K06377",0.229,0,0.226,104,85.5,0.0858,NA,"K06377",0.946765498652291,1,FALSE,FALSE,FALSE,FALSE
"K03673",0.617,0,0.0866,94.1,54.6,0.121,NA,"K03673",0.800369685767098,1,FALSE,FALSE,FALSE,FALSE
"K07391",0.896,0,0.973,4.41,131,0.00238,NA,"K07391",0.999589069241833,1,FALSE,FALSE,FALSE,FALSE
"K11258",0.269,0,0.146,135,92.5,0.103,NA,"K11258",0.869047619047619,1,FALSE,FALSE,FALSE,FALSE
"K01687",0.985,0,0.356,-169,182,0.0654,NA,"K01687,K06034,K09539,K11168,K11173,K13039,K15303,K16651,K18371,K22373,K22686,K24263,K27187,K27188",0.954968944099379,1,FALSE,FALSE,FALSE,FALSE
"K28371",0.114,0,0.131,113,74.4,0.107,NA,"K28371",0.855345911949686,1,FALSE,FALSE,FALSE,FALSE
"K02114",0.841,0,0.773,-17.7,61.2,0.0205,NA,"K02114",0.986782133090246,1,FALSE,FALSE,FALSE,FALSE
"K02110",0.766,0,0.827,11.7,53.4,0.0155,NA,"K02110",0.986782133090246,1,FALSE,FALSE,FALSE,FALSE
"K03497",0.95,0,0.758,26.1,84.5,0.0219,NA,"K03497",0.986782133090246,1,FALSE,FALSE,FALSE,FALSE
"K03496",0.94,0,0.833,14.8,70.2,0.015,NA,"K03496",0.986782133090246,1,FALSE,FALSE,FALSE,FALSE
"K06205",0.244,0,0.017,228,94.8,0.168,NA,"K06205",0.590277777777778,1,FALSE,FALSE,FALSE,FALSE
"K03536",0.891,0,0.208,53.4,42.3,0.0892,NA,"K03536",0.936093609360936,1,FALSE,FALSE,FALSE,FALSE
"K02914",0.607,0,0.571,21.1,37.2,0.0402,NA,"K02914",0.981408107284365,1,FALSE,FALSE,FALSE,FALSE
"K16963",0.234,0,0.387,47.3,54.6,0.0613,NA,"K16963",0.962578899909829,1,FALSE,FALSE,FALSE,FALSE
"K16962",0.179,0,0.696,19,48.7,0.0277,NA,"K16961,K16962",0.986782133090246,1,FALSE,FALSE,FALSE,FALSE
"K03629",0.925,0,0.703,47.7,125,0.0271,NA,"K03629,K21677",0.986782133090246,1,FALSE,FALSE,FALSE,FALSE
"K04080",0.537,0,0.491,-46.4,67.3,0.0489,NA,"K04080",0.975103734439834,1,FALSE,FALSE,FALSE,FALSE
"K00835",0.254,0,0.4,58.8,69.7,0.0597,NA,"K00835",0.962578899909829,1,FALSE,FALSE,FALSE,FALSE
"K01176",0.348,0,0.00241,104,33.9,0.213,NA,"K01176",0.383783783783784,1,FALSE,FALSE,FALSE,FALSE
"K01879",0.766,0,0.272,87.6,79.5,0.0779,NA,"K01879",0.946765498652291,1,FALSE,FALSE,FALSE,FALSE
"K01878",0.766,0,0.272,87.6,79.5,0.0779,NA,"K01878",0.946765498652291,1,FALSE,FALSE,FALSE,FALSE
"K23541",0.443,0,0.41,-41.1,49.7,0.0584,NA,"K23541",0.962578899909829,1,FALSE,FALSE,FALSE,FALSE
"K04085",0.746,0,0.924,-5.85,61.2,0.00678,NA,"K04085",0.993562231759657,1,FALSE,FALSE,FALSE,FALSE
"K19745",0.647,0,0.157,-57,40.1,0.1,NA,"K19745",0.878754171301446,1,FALSE,FALSE,FALSE,FALSE
"K00632",0.896,0,0.498,40,58.9,0.048,NA,"K00632",0.975103734439834,1,FALSE,FALSE,FALSE,FALSE
"K01825",0.428,0,0.0732,124,69,0.127,NA,"K01825",0.760869565217391,1,FALSE,FALSE,FALSE,FALSE
"K00230",0.209,0,0.866,-8.6,51,0.0119,NA,"K00230",0.986782133090246,1,FALSE,FALSE,FALSE,FALSE
"K12262",0.662,0,0.0417,112,54.7,0.144,NA,"K12262",0.718213058419244,1,FALSE,FALSE,FALSE,FALSE
"K07459",0.423,0,0.155,29.6,20.7,0.101,NA,"K07459",0.874717832957111,1,FALSE,FALSE,FALSE,FALSE
"K11927",0.756,0,0.675,39,92.9,0.0297,NA,"K11927",0.986782133090246,1,FALSE,FALSE,FALSE,FALSE
"K06193",0.891,0,0.521,28,43.4,0.0456,NA,"K06193",0.975791433891993,1,FALSE,FALSE,FALSE,FALSE
"K23010",0.502,0,0.492,53.2,77.2,0.0488,NA,"K23010",0.975103734439834,1,FALSE,FALSE,FALSE,FALSE
"K01423",0.587,0,0.203,110,86.2,0.0903,NA,"K01423",0.932126696832579,1,FALSE,FALSE,FALSE,FALSE
"K19222",0.751,0,0.231,62.1,51.7,0.0849,NA,"K19222",0.946765498652291,1,FALSE,FALSE,FALSE,FALSE
"K11925",0.184,0,0.206,113,89.2,0.0895,NA,"K11925",0.932126696832579,1,FALSE,FALSE,FALSE,FALSE
"K08984",0.279,0,0.897,-4.35,33.7,0.00915,NA,"K08984",0.992884864165589,1,FALSE,FALSE,FALSE,FALSE
"K10804",0.692,0,0.679,-19.2,46.2,0.0294,NA,"K10804",0.986782133090246,1,FALSE,FALSE,FALSE,FALSE
"K02003",0.98,0,0.456,48.7,65.2,0.0529,NA,"K02003",0.972832600878945,1,FALSE,FALSE,FALSE,FALSE
"K23124",0.507,0,0.846,5.59,28.8,0.0138,NA,"K23124",0.986782133090246,1,FALSE,FALSE,FALSE,FALSE
"K07160",0.841,0,0.198,-52,40.3,0.0912,NA,"K07160",0.932126696832579,1,FALSE,FALSE,FALSE,FALSE
"K01784",0.965,0,0.0538,-128,66.1,0.136,NA,"K01784",0.739189189189189,1,FALSE,FALSE,FALSE,FALSE
"K16087",0.537,0,0.303,36.5,35.4,0.073,NA,"K16087",0.954968944099379,1,FALSE,FALSE,FALSE,FALSE
"K09181",0.333,0,0.0208,166,71.1,0.163,NA,"K09181",0.604651162790698,1,FALSE,FALSE,FALSE,FALSE
"K03113",0.502,0,0.145,92.9,63.5,0.103,NA,"K03113",0.869047619047619,1,FALSE,FALSE,FALSE,FALSE
"K00325",0.667,0,0.793,-9.18,34.9,0.0187,NA,"K00325",0.986782133090246,1,FALSE,FALSE,FALSE,FALSE
"K00324",0.716,0,0.468,-27.4,37.7,0.0515,NA,"K00324",0.972832600878945,1,FALSE,FALSE,FALSE,FALSE
"K02017",0.542,0,0.535,-29.6,47.7,0.044,NA,"K02017",0.97676107480029,1,FALSE,FALSE,FALSE,FALSE
"K02018",0.91,0,0.123,68.8,44.4,0.109,NA,"K02018",0.855345911949686,1,FALSE,FALSE,FALSE,FALSE
"K02020",0.945,0,0.0616,107,56.7,0.132,NA,"K02020",0.746428571428572,1,FALSE,FALSE,FALSE,FALSE
"K02232",0.637,0,0.966,2.27,53.7,0.003,NA,"K02232",0.99876058665565,1,FALSE,FALSE,FALSE,FALSE
"K04068",0.229,0,0.0453,-76.8,38.1,0.141,NA,"K04068",0.733118971061093,1,FALSE,FALSE,FALSE,FALSE
"K21636",0.313,0,0.0257,101,45,0.157,NA,"K21636",0.650684931506849,1,FALSE,FALSE,FALSE,FALSE
"K00648",0.905,0,0.766,22.4,75.3,0.0211,NA,"K00648",0.986782133090246,1,FALSE,FALSE,FALSE,FALSE
"K03672",0.512,0,0.218,52.8,42.7,0.0872,NA,"K03672",0.941226575809199,1,FALSE,FALSE,FALSE,FALSE
"K08219",0.179,0,0.512,30.7,46.7,0.0465,NA,"K08219",0.975103734439834,1,FALSE,FALSE,FALSE,FALSE
"K10094",0.323,0,0.201,42.4,33.1,0.0906,NA,"K10094",0.932126696832579,1,FALSE,FALSE,FALSE,FALSE
"K09939",0.254,0,0.997,-0.244,63.1,0.000274,NA,"K09939",0.999799839871897,1,FALSE,FALSE,FALSE,FALSE
"K03832",0.731,0,0.107,-151,93.3,0.114,NA,"K03832",0.830745341614907,1,FALSE,FALSE,FALSE,FALSE
"K02303",0.955,0,0.00979,147,56.3,0.182,NA,"K02303",0.534188034188034,1,FALSE,FALSE,FALSE,FALSE
"K00363",0.507,0,0.668,-15.9,37,0.0305,NA,"K00363",0.985832349468713,1,FALSE,FALSE,FALSE,FALSE
"K00362",0.537,0,0.913,-4.2,38.4,0.00774,NA,"K00362",0.992884864165589,1,FALSE,FALSE,FALSE,FALSE
"K01620",0.871,0,0.469,32.9,45.3,0.0514,NA,"K01620",0.972832600878945,1,FALSE,FALSE,FALSE,FALSE
"K02441",0.418,0,0.942,-6.18,84.7,0.00517,NA,"K02441",0.99409033347404,1,FALSE,FALSE,FALSE,FALSE
"K02415",0.766,0,0.313,56,55.4,0.0715,NA,"K02415",0.954968944099379,1,FALSE,FALSE,FALSE,FALSE
"K03181",0.468,0,0.75,-28.6,89.6,0.0226,NA,"K03181",0.986782133090246,1,FALSE,FALSE,FALSE,FALSE
"K03179",0.716,0,0.63,43.6,90.4,0.0342,NA,"K03179",0.981408107284365,1,FALSE,FALSE,FALSE,FALSE
"K00631",0.468,0,0.108,106,65.4,0.114,NA,"K00631",0.832049306625578,1,FALSE,FALSE,FALSE,FALSE
"K01356",0.95,0,0.823,-17.2,77,0.0159,NA,"K01356",0.986782133090246,1,FALSE,FALSE,FALSE,FALSE
"K00322",0.468,0,0.997,0.263,66.7,0.000279,NA,"K00322",0.999799839871897,1,FALSE,FALSE,FALSE,FALSE
"K22105",0.463,0,0.725,23.3,66.3,0.0249,NA,"K22105",0.986782133090246,1,FALSE,FALSE,FALSE,FALSE
"K08993",0.313,0,0.946,-4.86,72.1,0.00478,NA,"K08993",0.995999157717414,1,FALSE,FALSE,FALSE,FALSE
"K11065",0.597,0,0.877,9.42,60.9,0.011,NA,"K11065",0.990736556710348,1,FALSE,FALSE,FALSE,FALSE
"K06199",0.96,0,0.901,-11.3,91.2,0.00879,NA,"K06199",0.992884864165589,1,FALSE,FALSE,FALSE,FALSE
"K03147",0.876,0,0.761,12.4,40.9,0.0215,NA,"K03147",0.986782133090246,1,FALSE,FALSE,FALSE,FALSE
"K00788",0.98,0,0.516,54.4,83.5,0.0461,NA,"K00788",0.975103734439834,1,FALSE,FALSE,FALSE,FALSE
"K03154",0.915,0,0.996,0.259,51,0.000359,NA,"K03154",0.999799839871897,1,FALSE,FALSE,FALSE,FALSE
"K03149",0.915,0,0.996,0.259,51,0.000359,NA,"K03149",0.999799839871897,1,FALSE,FALSE,FALSE,FALSE
"K11914",0.0697,0,0.862,-9.47,54.3,0.0124,NA,"K11914",0.986782133090246,1,FALSE,FALSE,FALSE,FALSE
"K11907",0.408,0,0.244,38.7,33.1,0.0826,NA,"K11891,K11892,K11893,K11895,K11896,K11900,K11901,K11907",0.946765498652291,1,FALSE,FALSE,FALSE,FALSE
"K11903",0.408,0,0.203,41.8,32.7,0.0902,NA,"K11903",0.932126696832579,1,FALSE,FALSE,FALSE,FALSE
"K11904",0.493,0,0.862,5.17,29.7,0.0123,NA,"K11904",0.986782133090246,1,FALSE,FALSE,FALSE,FALSE
"K11910",0.219,0,0.9,4.44,35.4,0.00888,NA,"K11910",0.992884864165589,1,FALSE,FALSE,FALSE,FALSE
"K11905",0.229,0,0.746,11,34,0.0229,NA,"K11905",0.986782133090246,1,FALSE,FALSE,FALSE,FALSE
"K11911",0.169,0,0.918,-4.05,39.1,0.00734,NA,"K11911",0.992884864165589,1,FALSE,FALSE,FALSE,FALSE
"K11906",0.388,0,0.686,12.6,31,0.0287,NA,"K11906",0.986782133090246,1,FALSE,FALSE,FALSE,FALSE
"K25223",0.229,0,0.31,-48.8,47.9,0.072,NA,"K25223",0.954968944099379,1,FALSE,FALSE,FALSE,FALSE
"K03892",0.861,0,0.569,23.4,41,0.0404,NA,"K03892",0.981408107284365,1,FALSE,FALSE,FALSE,FALSE
"K07181",0.279,0,0.155,-80.8,56.5,0.101,NA,"K07181",0.874717832957111,1,FALSE,FALSE,FALSE,FALSE
"K05834",0.876,0,0.018,117,49.2,0.167,NA,"K05834",0.592024539877301,1,FALSE,FALSE,FALSE,FALSE
"K01048",0.443,0,0.842,13.5,67.6,0.0141,NA,"K01048",0.986782133090246,1,FALSE,FALSE,FALSE,FALSE
"K08306",0.189,0,0.0689,-79.3,43.4,0.129,NA,"K08306",0.748380129589633,1,FALSE,FALSE,FALSE,FALSE
"K03439",0.98,0,0.733,30.8,90.3,0.0242,NA,"K03439",0.986782133090246,1,FALSE,FALSE,FALSE,FALSE
"K01425",0.731,0,0.453,25.3,33.6,0.0532,NA,"K01425",0.972832600878945,1,FALSE,FALSE,FALSE,FALSE
"K09131",0.378,0,0.782,12.1,43.6,0.0197,NA,"K09131",0.986782133090246,1,FALSE,FALSE,FALSE,FALSE
"K02221",0.91,0,0.559,-61.2,105,0.0415,NA,"K02221",0.981390449438202,1,FALSE,FALSE,FALSE,FALSE
"K02669",0.463,0,0.209,63.2,50.1,0.0891,NA,"K02669",0.936379928315412,1,FALSE,FALSE,FALSE,FALSE
"K02670",0.388,0,0.0921,98.3,58.1,0.119,NA,"K02670",0.808130081300813,1,FALSE,FALSE,FALSE,FALSE
"K07735",0.746,0,0.7,44.8,116,0.0274,NA,"K07735",0.986782133090246,1,FALSE,FALSE,FALSE,FALSE
"K01920",0.701,0,0.638,40.5,86.1,0.0333,NA,"K01920",0.981408107284365,1,FALSE,FALSE,FALSE,FALSE
"K01150",0.458,0,0.483,53.9,76.6,0.0498,NA,"K01150",0.972832600878945,1,FALSE,FALSE,FALSE,FALSE
"K02742",0.398,0,0.897,7.66,59.3,0.00915,NA,"K02742",0.992884864165589,1,FALSE,FALSE,FALSE,FALSE
"K01624",0.925,0,0.697,-27.1,69.6,0.0276,NA,"K01624",0.986782133090246,1,FALSE,FALSE,FALSE,FALSE
"K05596",0.627,0,0.42,29.8,36.9,0.0571,NA,"K05596",0.962578899909829,1,FALSE,FALSE,FALSE,FALSE
"K09807",0.672,0,0.187,61.5,46.5,0.0934,NA,"K09807",0.922473012757606,1,FALSE,FALSE,FALSE,FALSE
"K00058",0.98,0,0.0193,257,109,0.165,NA,"K00058",0.592024539877301,1,FALSE,FALSE,FALSE,FALSE
"K01807",0.731,0,0.546,-39.2,64.8,0.0429,NA,"K01807",0.980565371024735,1,FALSE,FALSE,FALSE,FALSE
"K09888",0.836,0,0.242,115,98.2,0.083,NA,"K09888",0.946765498652291,1,FALSE,FALSE,FALSE,FALSE
"K03185",0.617,0,0.0166,151,62.5,0.169,NA,"K03185",0.58041958041958,1,FALSE,FALSE,FALSE,FALSE
"K18800",0.498,0,0.145,-101,69.3,0.103,NA,"K18800",0.869047619047619,1,FALSE,FALSE,FALSE,FALSE
"K06980",0.791,0,0.0153,-184,75.3,0.171,NA,"K06980",0.575187969924812,1,FALSE,FALSE,FALSE,FALSE
"K09159",0.637,0,0.578,32.6,58.4,0.0395,NA,"K09159",0.981408107284365,1,FALSE,FALSE,FALSE,FALSE
"K00278",0.92,0,0.309,56.1,55,0.0721,NA,"K00278,K03517",0.954968944099379,1,FALSE,FALSE,FALSE,FALSE
"K03597",0.542,0,0.616,-39.9,79.4,0.0356,NA,"K03597",0.981408107284365,1,FALSE,FALSE,FALSE,FALSE
"K03598",0.498,0,0.724,28.1,79.3,0.0251,NA,"K03598",0.986782133090246,1,FALSE,FALSE,FALSE,FALSE
"K03803",0.308,0,0.0367,163,77.3,0.147,NA,"K03613,K03617,K03803",0.710069444444444,1,FALSE,FALSE,FALSE,FALSE
"K00997",0.607,0,0.998,-0.141,68.7,0.000146,NA,"K00997",0.999799839871897,1,FALSE,FALSE,FALSE,FALSE
"K07678",0.433,0,0.862,16.7,95.9,0.0123,NA,"K07678,K09916",0.986782133090246,1,FALSE,FALSE,FALSE,FALSE
"K03215",0.881,0,0.823,12.9,57.7,0.0159,NA,"K03215",0.986782133090246,1,FALSE,FALSE,FALSE,FALSE
"K04765",0.786,0,0.463,55.7,75.8,0.052,NA,"K04765",0.972832600878945,1,FALSE,FALSE,FALSE,FALSE
"K00991",0.731,0,0.896,5.46,41.6,0.0093,NA,"K00991",0.992884864165589,1,FALSE,FALSE,FALSE,FALSE
"K01770",0.632,0,0.916,5.41,51,0.00752,NA,"K01770",0.992884864165589,1,FALSE,FALSE,FALSE,FALSE
"K03787",0.741,0,0.759,-23.4,76.2,0.0218,NA,"K03787",0.986782133090246,1,FALSE,FALSE,FALSE,FALSE
"K00573",0.736,0,0.814,14.7,62.5,0.0167,NA,"K00573",0.986782133090246,1,FALSE,FALSE,FALSE,FALSE
"K06194",0.692,0,0.00664,212,77.3,0.191,NA,"K06194",0.442666666666667,1,FALSE,FALSE,FALSE,FALSE
"K03087",0.443,0,0.99,-1.15,88.5,0.000918,NA,"K03087",0.999799839871897,1,FALSE,FALSE,FALSE,FALSE
"K03563",0.627,0,0.949,-2.83,44.6,0.00451,NA,"K03563",0.996642887117079,1,FALSE,FALSE,FALSE,FALSE
"K01573",0.129,0,0.279,95.9,88.3,0.0767,NA,"K01571,K01573,K20509",0.946765498652291,1,FALSE,FALSE,FALSE,FALSE
"K07263",0.841,0,0.839,13,63.9,0.0144,NA,"K07263",0.986782133090246,1,FALSE,FALSE,FALSE,FALSE
"K01919",0.697,0,0.494,58.9,85.9,0.0485,NA,"K01919",0.975103734439834,1,FALSE,FALSE,FALSE,FALSE
"K07173",0.289,0,0.826,16,72.6,0.0156,NA,"K07173",0.986782133090246,1,FALSE,FALSE,FALSE,FALSE
"K09862",0.567,0,0.439,-32.8,42.4,0.0548,NA,"K09862",0.96952296819788,1,FALSE,FALSE,FALSE,FALSE
"K18778",0.234,0,0.855,15.3,83.7,0.013,NA,"K18778",0.986782133090246,1,FALSE,FALSE,FALSE,FALSE
"K02654",0.687,0,0.44,-49,63.3,0.0548,NA,"K02654",0.969590127809608,1,FALSE,FALSE,FALSE,FALSE
"K02653",0.448,0,0.209,70.1,55.6,0.0891,NA,"K02653",0.936379928315412,1,FALSE,FALSE,FALSE,FALSE
"K02650",0.502,0,0.566,-32.6,56.7,0.0407,NA,"K02650",0.981408107284365,1,FALSE,FALSE,FALSE,FALSE
"K00767",0.96,0,0.123,121,78.2,0.109,NA,"K00767",0.855345911949686,1,FALSE,FALSE,FALSE,FALSE
"K03806",0.493,0,0.431,65.1,82.6,0.0558,NA,"K03806",0.963774597495528,1,FALSE,FALSE,FALSE,FALSE
"K05799",0.627,0,0.000631,-185,53.3,0.239,NA,"K05799",0.3075,1,FALSE,FALSE,FALSE,FALSE
"K00163",0.756,0,0.819,-11.3,49.3,0.0162,NA,"K00163",0.986782133090246,1,FALSE,FALSE,FALSE,FALSE
"K00627",0.98,0,0.361,-89.6,97.8,0.0648,NA,"K00627",0.954968944099379,1,FALSE,FALSE,FALSE,FALSE
"K10913",0.0746,0,0.46,94.7,128,0.0524,NA,"K10913",0.972832600878945,1,FALSE,FALSE,FALSE,FALSE
"K00760",0.821,0,0.568,-37,64.7,0.0405,NA,"K00760",0.981408107284365,1,FALSE,FALSE,FALSE,FALSE
"K03321",0.955,0,0.753,-20,63.4,0.0224,NA,"K03321",0.986782133090246,1,FALSE,FALSE,FALSE,FALSE
"K01918",0.98,0,0.324,-88.4,89.3,0.07,NA,"K00606,K01918",0.954968944099379,1,FALSE,FALSE,FALSE,FALSE
"K00970",0.677,0,0.385,76.4,87.7,0.0616,NA,"K00970",0.962578899909829,1,FALSE,FALSE,FALSE,FALSE
"K01894",0.726,0,0.00356,141,47.8,0.205,NA,"K01894",0.41171875,1,FALSE,FALSE,FALSE,FALSE
"K06206",0.517,0,0.647,-35.3,77,0.0325,NA,"K06206",0.982685297691373,1,FALSE,FALSE,FALSE,FALSE
"K03579",0.716,0,0.649,26.7,58.6,0.0323,NA,"K03579",0.982815797407296,1,FALSE,FALSE,FALSE,FALSE
"K05365",0.458,0,0.538,-52.4,84.9,0.0437,NA,"K05365",0.97676107480029,1,FALSE,FALSE,FALSE,FALSE
"K01682",0.597,0,0.766,15.5,51.9,0.0211,NA,"K01682",0.986782133090246,1,FALSE,FALSE,FALSE,FALSE
"K09910",0.249,0,0.774,29.2,101,0.0204,NA,"K01146,K09910",0.986782133090246,1,FALSE,FALSE,FALSE,FALSE
"K04752",0.682,0,0.954,-5.82,101,0.00407,NA,"K04752",0.997296173044925,1,FALSE,FALSE,FALSE,FALSE
"K04751",0.9,0,0.132,111,73.3,0.107,NA,"K04751",0.855345911949686,1,FALSE,FALSE,FALSE,FALSE
"K02012",0.821,0,0.58,-26.8,48.5,0.0392,NA,"K02012",0.981408107284365,1,FALSE,FALSE,FALSE,FALSE
"K02011",0.821,0,0.625,26,53.2,0.0347,NA,"K02011",0.981408107284365,1,FALSE,FALSE,FALSE,FALSE
"K18675",0.0348,0,0.195,143,110,0.0919,NA,"K18675",0.931232091690544,1,FALSE,FALSE,FALSE,FALSE
"K12373",0.408,0,0.385,29.9,34.4,0.0616,NA,"K12373",0.962578899909829,1,FALSE,FALSE,FALSE,FALSE
"K18676",0.284,0,0.0951,99.3,59.2,0.118,NA,"K18676",0.808130081300813,1,FALSE,FALSE,FALSE,FALSE
"K01179",0.199,0,0.221,49.2,40.1,0.0866,NA,"K01179",0.941226575809199,1,FALSE,FALSE,FALSE,FALSE
"K19694",0.119,0,0.0809,100,57.1,0.123,NA,"K19694",0.793137254901961,1,FALSE,FALSE,FALSE,FALSE
"K01845",0.91,0,0.902,5.48,44.4,0.00875,NA,"K01845",0.992884864165589,1,FALSE,FALSE,FALSE,FALSE
"K15724",0.711,0,0.398,55.3,65.3,0.0599,NA,"K15724",0.962578899909829,1,FALSE,FALSE,FALSE,FALSE
"K18990",0.109,0,0.934,-5.58,66.9,0.00591,NA,"K18990",0.993854630218267,1,FALSE,FALSE,FALSE,FALSE
"K18989",0.109,0,0.934,-5.58,66.9,0.00591,NA,"K18989",0.993854630218267,1,FALSE,FALSE,FALSE,FALSE
"K19304",0.697,0,0.408,58.5,70.5,0.0587,NA,"K19304",0.962578899909829,1,FALSE,FALSE,FALSE,FALSE
"K07259",0.697,0,0.652,-22,48.8,0.032,NA,"K07259",0.982815797407296,1,FALSE,FALSE,FALSE,FALSE
"K07574",0.682,0,0.336,89.7,92.9,0.0683,NA,"K07574",0.954968944099379,1,FALSE,FALSE,FALSE,FALSE
"K03075",0.846,0,0.0276,166,74.8,0.155,NA,"K03075",0.650684931506849,1,FALSE,FALSE,FALSE,FALSE
"K09748",0.965,0,0.247,118,102,0.082,NA,"K09748,K10773",0.946765498652291,1,FALSE,FALSE,FALSE,FALSE
"K24845",0.373,0,0.0139,117,47.2,0.173,NA,"K24843,K24844,K24845",0.569672131147541,1,FALSE,FALSE,FALSE,FALSE
"K03824",0.493,0,0.44,27.6,35.6,0.0548,NA,"K03824",0.969590127809608,1,FALSE,FALSE,FALSE,FALSE
"K02837",0.91,0,0.28,77.9,71.9,0.0766,NA,"K02837",0.946765498652291,1,FALSE,FALSE,FALSE,FALSE
"K03317",0.303,0,0.262,60,53.3,0.0795,NA,"K03317",0.946765498652291,1,FALSE,FALSE,FALSE,FALSE
"K01619",0.736,0,0.544,-29,47.7,0.043,NA,"K01619",0.979474252790781,1,FALSE,FALSE,FALSE,FALSE
"K01839",0.463,0,0.672,26.8,63.2,0.03,NA,"K01839",0.986204872321691,1,FALSE,FALSE,FALSE,FALSE
"K03784",0.403,0,0.0822,96.6,55.3,0.123,NA,"K03784",0.793621013133208,1,FALSE,FALSE,FALSE,FALSE
"K01079",0.771,0,0.388,-47.4,54.8,0.0612,NA,"K01079",0.962578899909829,1,FALSE,FALSE,FALSE,FALSE
"K03566",0.677,0,0.949,4.02,63.3,0.0045,NA,"K03566",0.996642887117079,1,FALSE,FALSE,FALSE,FALSE
"K02282",0.453,0,0.419,-33,40.8,0.0573,NA,"K02282",0.962578899909829,1,FALSE,FALSE,FALSE,FALSE
"K07240",0.711,0,0.385,41.6,47.7,0.0616,NA,"K07240",0.962578899909829,1,FALSE,FALSE,FALSE,FALSE
"K27069",0.114,0,0.593,-42.3,79,0.038,NA,"K27069",0.981408107284365,1,FALSE,FALSE,FALSE,FALSE
"K07407",0.458,0,0.239,40.8,34.6,0.0835,NA,"K07407",0.946765498652291,1,FALSE,FALSE,FALSE,FALSE
"K03307",0.791,0,0.0117,115,45,0.178,NA,"K03307",0.534188034188034,1,FALSE,FALSE,FALSE,FALSE
"K10111",0.517,0,0.0114,98.7,38.6,0.178,NA,"K10111",0.534188034188034,1,FALSE,FALSE,FALSE,FALSE
"K10191",0.0945,0,0.756,-31.2,100,0.022,NA,"K10191",0.986782133090246,1,FALSE,FALSE,FALSE,FALSE
"K10112",0.746,0,0.0469,-100,50.1,0.14,NA,"K10112",0.736151603498542,1,FALSE,FALSE,FALSE,FALSE
"K02025",0.652,0,0.576,-23.5,41.9,0.0397,NA,"K02025",0.981408107284365,1,FALSE,FALSE,FALSE,FALSE
"K02026",0.572,0,0.856,-7.23,39.8,0.0129,NA,"K02026",0.986782133090246,1,FALSE,FALSE,FALSE,FALSE
"K10117",0.473,0,0.709,17,45.7,0.0265,NA,"K10117",0.986782133090246,1,FALSE,FALSE,FALSE,FALSE
"K01190",0.463,0,0.085,64.4,37.2,0.122,NA,"K01190",0.794609665427509,1,FALSE,FALSE,FALSE,FALSE
"K03931",0.0746,0,0.0288,132,60,0.154,NA,"K03931",0.653679653679654,1,FALSE,FALSE,FALSE,FALSE
"K12112",0.0697,0,0.282,131,122,0.0762,NA,"K12112,K12113",0.948217888365837,1,FALSE,FALSE,FALSE,FALSE
"K12111",0.0846,0,0.163,123,87.8,0.0989,NA,"K12111",0.886143931256713,1,FALSE,FALSE,FALSE,FALSE
"K00965",0.463,0,0.907,-6.07,51.8,0.00831,NA,"K00965",0.992884864165589,1,FALSE,FALSE,FALSE,FALSE
"K00849",0.512,0,0.814,-11.9,50.4,0.0167,NA,"K00849",0.986782133090246,1,FALSE,FALSE,FALSE,FALSE
"K01785",0.886,0,0.808,11,45.1,0.0172,NA,"K01785",0.986782133090246,1,FALSE,FALSE,FALSE,FALSE
"K07234",0.483,0,0.33,39.1,40.1,0.069,NA,"K07234",0.954968944099379,1,FALSE,FALSE,FALSE,FALSE
"K21053",0.498,0,0.833,-9.96,47.2,0.0149,NA,"K21053",0.986782133090246,1,FALSE,FALSE,FALSE,FALSE
"K06987",0.527,0,0.846,-8.27,42.6,0.0138,NA,"K06987",0.986782133090246,1,FALSE,FALSE,FALSE,FALSE
"K01270",0.343,0,0.358,50.6,54.9,0.0651,NA,"K01270",0.954968944099379,1,FALSE,FALSE,FALSE,FALSE
"K00769",0.274,0,0.975,2.38,77.3,0.00218,NA,"K00769",0.999594073472701,1,FALSE,FALSE,FALSE,FALSE
"K11750",0.169,0,0.295,73.1,69.7,0.0742,NA,"K11750",0.952380952380952,1,FALSE,FALSE,FALSE,FALSE
"K14652",0.771,0,0.574,-39.1,69.4,0.0398,NA,"K14652",0.981408107284365,1,FALSE,FALSE,FALSE,FALSE
"K00946",0.781,0,0.767,-27.6,93,0.021,NA,"K00946",0.986782133090246,1,FALSE,FALSE,FALSE,FALSE
"K01095",0.498,0,0.741,-19.5,58.9,0.0234,NA,"K01095",0.986782133090246,1,FALSE,FALSE,FALSE,FALSE
"K01662",0.98,0,0.711,48.9,132,0.0263,NA,"K01591,K01662,K13421,K21556",0.986782133090246,1,FALSE,FALSE,FALSE,FALSE
"K00795",0.657,0,0.625,43.2,88.4,0.0346,NA,"K00795",0.981408107284365,1,FALSE,FALSE,FALSE,FALSE
"K02556",0.826,0,0.577,-24.8,44.4,0.0396,NA,"K02556",0.981408107284365,1,FALSE,FALSE,FALSE,FALSE
"K02557",0.826,0,0.132,-75.5,49.9,0.107,NA,"K02557",0.855345911949686,1,FALSE,FALSE,FALSE,FALSE
"K03151",0.537,0,0.484,-59,84.1,0.0497,NA,"K03151",0.972832600878945,1,FALSE,FALSE,FALSE,FALSE
"K07020",0.552,0,0.262,-70.8,63,0.0794,NA,"K07020",0.946765498652291,1,FALSE,FALSE,FALSE,FALSE
"K06968",0.483,0,0.894,11.2,84,0.00949,NA,"K06968",0.992884864165589,1,FALSE,FALSE,FALSE,FALSE
"K06966",0.458,0,0.985,1.76,92.4,0.00135,NA,"K06966",0.999594073472701,1,FALSE,FALSE,FALSE,FALSE
"K06879",0.547,0,0.379,69,78.1,0.0624,NA,"K06879",0.962578899909829,1,FALSE,FALSE,FALSE,FALSE
"K03273",0.637,0,0.0967,58.4,35,0.117,NA,"K03273",0.808130081300813,1,FALSE,FALSE,FALSE,FALSE
"K03485",0.119,0,0.168,158,114,0.0976,NA,"K03485",0.8870116156283,1,FALSE,FALSE,FALSE,FALSE
"K02819",0.308,0,0.837,11.3,54.7,0.0146,NA,"K01226,K02819",0.986782133090246,1,FALSE,FALSE,FALSE,FALSE
"K22900",0.448,0,0.708,-26.5,70.7,0.0265,NA,"K22900",0.986782133090246,1,FALSE,FALSE,FALSE,FALSE
"K09768",0.741,0,0.942,4.66,64,0.00517,NA,"K09768",0.99409033347404,1,FALSE,FALSE,FALSE,FALSE
"K06175",0.373,0,0.24,75.1,63.8,0.0832,NA,"K06175",0.946765498652291,1,FALSE,FALSE,FALSE,FALSE
"K00990",0.706,0,0.83,-20.2,94.4,0.0152,NA,"K00990",0.986782133090246,1,FALSE,FALSE,FALSE,FALSE
"K06142",0.622,0,0.00365,183,62.3,0.204,NA,"K06142",0.41171875,1,FALSE,FALSE,FALSE,FALSE
"K02536",0.716,0,0.678,-41.5,99.8,0.0294,NA,"K02536",0.986782133090246,1,FALSE,FALSE,FALSE,FALSE
"K00677",0.721,0,0.48,-66,93.3,0.0501,NA,"K00677",0.972832600878945,1,FALSE,FALSE,FALSE,FALSE
"K00748",0.716,0,0.678,-41.5,99.8,0.0294,NA,"K00748",0.986782133090246,1,FALSE,FALSE,FALSE,FALSE
"K01962",0.851,0,0.0679,168,91.7,0.129,NA,"K01962",0.74835886214442,1,FALSE,FALSE,FALSE,FALSE
"K08307",0.607,0,0.712,28.7,77.7,0.0262,NA,"K08307",0.986782133090246,1,FALSE,FALSE,FALSE,FALSE
"K01069",0.896,0,0.876,-8.33,53.4,0.0111,NA,"K01069",0.99005424954792,1,FALSE,FALSE,FALSE,FALSE
"K03469",0.861,0,0.518,-30.5,47.1,0.0458,NA,"K03469",0.975791433891993,1,FALSE,FALSE,FALSE,FALSE
"K00761",0.92,0,0.106,-179,111,0.114,NA,"K00761",0.829420970266041,1,FALSE,FALSE,FALSE,FALSE
"K02824",0.547,0,0.806,22.1,89.7,0.0175,NA,"K02824",0.986782133090246,1,FALSE,FALSE,FALSE,FALSE
"K09938",0.463,0,0.138,-104,70.1,0.105,NA,"K09938",0.861423220973783,1,FALSE,FALSE,FALSE,FALSE
"K00537",0.791,0,0.125,-73,47.4,0.109,NA,"K00537",0.855345911949686,1,FALSE,FALSE,FALSE,FALSE
"K03548",0.398,0,0.236,86.5,72.8,0.084,NA,"K03548",0.946765498652291,1,FALSE,FALSE,FALSE,FALSE
"K03564",0.985,0,0.153,137,95.2,0.101,NA,"K03564",0.874717832957111,1,FALSE,FALSE,FALSE,FALSE
"K03567",0.428,0,0.353,61.3,65.9,0.0659,NA,"K03567",0.954968944099379,1,FALSE,FALSE,FALSE,FALSE
"K07287",0.537,0,0.0949,126,74.9,0.118,NA,"K07287",0.808130081300813,1,FALSE,FALSE,FALSE,FALSE
"K07260",0.493,0,0.279,47.2,43.5,0.0767,NA,"K07260",0.946765498652291,1,FALSE,FALSE,FALSE,FALSE
"K01439",0.876,0,0.398,-79.8,94.1,0.06,NA,"K01439",0.962578899909829,1,FALSE,FALSE,FALSE,FALSE
"K07223",0.418,0,0.58,23.1,41.7,0.0393,NA,"K07223",0.981408107284365,1,FALSE,FALSE,FALSE,FALSE
"K02406",0.816,0,0.624,-21.3,43.3,0.0348,NA,"K02406",0.981408107284365,1,FALSE,FALSE,FALSE,FALSE
"K02777",0.254,0,0.795,23.7,91.1,0.0184,NA,"K02777",0.986782133090246,1,FALSE,FALSE,FALSE,FALSE
"K08483",0.642,0,0.358,36.5,39.6,0.0651,NA,"K08483",0.954968944099379,1,FALSE,FALSE,FALSE,FALSE
"K01738",0.871,0,0.714,-23.3,63.5,0.026,NA,"K01738",0.986782133090246,1,FALSE,FALSE,FALSE,FALSE
"K06203",0.607,0,0.741,19.3,58.2,0.0234,NA,"K06203",0.986782133090246,1,FALSE,FALSE,FALSE,FALSE
"K07340",0.468,0,0.196,49,37.8,0.0917,NA,"K07340",0.932126696832579,1,FALSE,FALSE,FALSE,FALSE
"K26392",0.582,0,0.667,-13.3,30.8,0.0305,NA,"K26392",0.985832349468713,1,FALSE,FALSE,FALSE,FALSE
"K05838",0.796,0,0.935,-6.94,84.6,0.00582,NA,"K05838",0.993854630218267,1,FALSE,FALSE,FALSE,FALSE
"K07071",0.801,0,0.3,-68.3,65.7,0.0735,NA,"K07071",0.954968944099379,1,FALSE,FALSE,FALSE,FALSE
"K07095",0.532,0,0.847,-6.99,36.2,0.0137,NA,"K07095",0.986782133090246,1,FALSE,FALSE,FALSE,FALSE
"K07401",0.413,0,0.0208,-133,57,0.163,NA,"K07401",0.604651162790698,1,FALSE,FALSE,FALSE,FALSE
"K04079",0.761,0,0.569,27.2,47.8,0.0404,NA,"K04079",0.981408107284365,1,FALSE,FALSE,FALSE,FALSE
"K00939",0.955,0,0.671,29.6,69.6,0.0301,NA,"K00939",0.986184597295709,1,FALSE,FALSE,FALSE,FALSE
"K01772",0.985,0,0.893,-8.47,62.8,0.00956,NA,"K01772",0.992884864165589,1,FALSE,FALSE,FALSE,FALSE
"K03305",0.547,0,0.0511,84.5,43,0.138,NA,"K03305",0.738439306358382,1,FALSE,FALSE,FALSE,FALSE
"K05785",0.299,0,0.00856,80.5,30.3,0.185,NA,"K05785",0.497674418604651,1,FALSE,FALSE,FALSE,FALSE
"K01953",0.791,0,0.361,33.3,36.4,0.0647,NA,"K01953",0.954968944099379,1,FALSE,FALSE,FALSE,FALSE
"K02565",0.149,0,0.231,103,86.1,0.0849,NA,"K02565",0.946765498652291,1,FALSE,FALSE,FALSE,FALSE
"K01443",0.731,0,0.818,-8.01,34.8,0.0163,NA,"K01443",0.986782133090246,1,FALSE,FALSE,FALSE,FALSE
"K02804",0.398,0,0.71,-13.2,35.3,0.0264,NA,"K02804",0.986782133090246,1,FALSE,FALSE,FALSE,FALSE
"K01886",0.682,0,0.183,108,80.7,0.0944,NA,"K01886",0.918674698795181,1,FALSE,FALSE,FALSE,FALSE
"K03711",0.945,0,0.482,54.8,77.8,0.0499,NA,"K03711",0.972832600878945,1,FALSE,FALSE,FALSE,FALSE
"K01175",0.333,0,0.599,33.6,63.8,0.0374,NA,"K01175",0.981408107284365,1,FALSE,FALSE,FALSE,FALSE
"K01835",0.811,0,0.891,-8.03,58.4,0.00975,NA,"K01835",0.992868286160018,1,FALSE,FALSE,FALSE,FALSE
"K09977",0.289,0,0.583,-36,65.6,0.0389,NA,"K09977",0.981408107284365,1,FALSE,FALSE,FALSE,FALSE
"K01647",0.9,0,0.299,-68.4,65.6,0.0737,NA,"K01647",0.954968944099379,1,FALSE,FALSE,FALSE,FALSE
"K00241",0.801,0,0.364,-33.1,36.4,0.0644,NA,"K00241",0.954968944099379,1,FALSE,FALSE,FALSE,FALSE
"K00242",0.821,0,0.33,-117,119,0.069,NA,"K00242",0.954968944099379,1,FALSE,FALSE,FALSE,FALSE
"K00164",0.706,0,0.375,68.3,76.9,0.0629,NA,"K00164",0.959079283887468,1,FALSE,FALSE,FALSE,FALSE
"K09816",0.602,0,0.994,0.528,67.4,0.000555,NA,"K09816",0.999799839871897,1,FALSE,FALSE,FALSE,FALSE
"K09817",0.612,0,0.652,-29.1,64.4,0.032,NA,"K09817",0.982815797407296,1,FALSE,FALSE,FALSE,FALSE
"K09815",0.587,0,0.366,46.4,51.3,0.064,NA,"K09815",0.954968944099379,1,FALSE,FALSE,FALSE,FALSE
"K19693",0.0846,0,0.143,76.9,52.3,0.104,NA,"K19693",0.869047619047619,1,FALSE,FALSE,FALSE,FALSE
"K04758",0.383,0,0.189,57.7,43.8,0.0929,NA,"K04758",0.92375366568915,1,FALSE,FALSE,FALSE,FALSE
"K04759",0.383,0,0.189,57.7,43.8,0.0929,NA,"K04759",0.92375366568915,1,FALSE,FALSE,FALSE,FALSE
"K10123",0.0746,0,0.46,94.7,128,0.0524,NA,"K10123",0.972832600878945,1,FALSE,FALSE,FALSE,FALSE
"K01433",0.965,0,0.709,29.6,79.3,0.0265,NA,"K01433",0.986782133090246,1,FALSE,FALSE,FALSE,FALSE
"K03722",0.796,0,0.212,87.8,70.2,0.0883,NA,"K03722",0.93804537521815,1,FALSE,FALSE,FALSE,FALSE
"K07285",0.194,0,0.0771,150,84.5,0.125,NA,"K07285",0.777217741935484,1,FALSE,FALSE,FALSE,FALSE
"K03684",0.746,0,0.657,-39,87.6,0.0315,NA,"K03684",0.98294434470377,1,FALSE,FALSE,FALSE,FALSE
"K03608",0.642,0,0.414,-67.3,82.3,0.0579,NA,"K03608",0.962578899909829,1,FALSE,FALSE,FALSE,FALSE
"K03609",0.766,0,0.67,-33.8,79.3,0.0302,NA,"K03609",0.986164262584634,1,FALSE,FALSE,FALSE,FALSE
"K03610",0.766,0,0.67,-33.8,79.3,0.0302,NA,"K03610",0.986164262584634,1,FALSE,FALSE,FALSE,FALSE
"K09906",0.224,0,0.288,87.2,81.9,0.0753,NA,"K09906",0.949241924851681,1,FALSE,FALSE,FALSE,FALSE
"K15461",0.627,0,0.348,-90.6,96.2,0.0666,NA,"K15461",0.954968944099379,1,FALSE,FALSE,FALSE,FALSE
"K00647",0.642,0,0.287,57.1,53.4,0.0755,NA,"K00647",0.949241924851681,1,FALSE,FALSE,FALSE,FALSE
"K03473",0.428,0,0.318,81.8,81.6,0.0708,NA,"K03473",0.954968944099379,1,FALSE,FALSE,FALSE,FALSE
"K06173",0.975,0,0.553,51.5,86.5,0.0421,NA,"K06173",0.980565371024735,1,FALSE,FALSE,FALSE,FALSE
"K01963",0.836,0,0.0485,142,71.7,0.139,NA,"K01963",0.736151603498542,1,FALSE,FALSE,FALSE,FALSE
"K03749",0.547,0,0.836,19.6,94.3,0.0147,NA,"K03749,K05591,K25422",0.986782133090246,1,FALSE,FALSE,FALSE,FALSE
"K03558",0.93,0,0.436,-56.9,73,0.0552,NA,"K03558",0.968458462905376,1,FALSE,FALSE,FALSE,FALSE
"K09790",0.667,0,0.429,46,58.1,0.0561,NA,"K09790",0.963611859838275,1,FALSE,FALSE,FALSE,FALSE
"K00759",0.935,0,0.757,16.4,52.8,0.022,NA,"K00759",0.986782133090246,1,FALSE,FALSE,FALSE,FALSE
"K09747",0.851,0,0.313,95.3,94.2,0.0715,NA,"K09747",0.954968944099379,1,FALSE,FALSE,FALSE,FALSE
"K06188",0.582,0,0.528,20,31.6,0.0448,NA,"K06188",0.976418570375829,1,FALSE,FALSE,FALSE,FALSE
"K09160",0.577,0,0.72,30.7,85.5,0.0255,NA,"K09160",0.986782133090246,1,FALSE,FALSE,FALSE,FALSE
"K01077",0.478,0,0.342,38.1,40,0.0674,NA,"K01077",0.954968944099379,1,FALSE,FALSE,FALSE,FALSE
"K03451",0.179,0,0.967,3.43,82,0.00297,NA,"K03451",0.99876058665565,1,FALSE,FALSE,FALSE,FALSE
"K00563",0.552,0,0.343,-50.6,53.3,0.0672,NA,"K00563",0.954968944099379,1,FALSE,FALSE,FALSE,FALSE
"K01792",0.473,0,0.226,-94.2,77.6,0.0858,NA,"K01792",0.946765498652291,1,FALSE,FALSE,FALSE,FALSE
"K00134",0.975,0,0.549,54.5,90.8,0.0425,NA,"K00134",0.980565371024735,1,FALSE,FALSE,FALSE,FALSE
"K01424",0.826,0,0.261,-47.2,41.9,0.0797,NA,"K01424",0.946765498652291,1,FALSE,FALSE,FALSE,FALSE
"K04773",0.831,0,0.681,31.9,77.5,0.0291,NA,"K04773",0.986782133090246,1,FALSE,FALSE,FALSE,FALSE
"K00219",0.547,0,0.237,63,53.1,0.0838,NA,"K00219",0.946765498652291,1,FALSE,FALSE,FALSE,FALSE
"K03169",0.637,0,0.0143,90.1,36.4,0.173,NA,"K03169",0.575187969924812,1,FALSE,FALSE,FALSE,FALSE
"K07014",0.254,0,0.0556,-157,81.3,0.135,NA,"K07014",0.745308310991957,1,FALSE,FALSE,FALSE,FALSE
"K09904",0.224,0,0.262,95.5,84.9,0.0794,NA,"K09904",0.946765498652291,1,FALSE,FALSE,FALSE,FALSE
"K06899",0.438,0,0.297,-58.3,55.7,0.074,NA,"K06899",0.953757225433526,1,FALSE,FALSE,FALSE,FALSE
"K10716",0.378,0,0.347,-40.7,43.2,0.0667,NA,"K10716",0.954968944099379,1,FALSE,FALSE,FALSE,FALSE
"K04072",0.194,0,0.989,1.2,90.7,0.000934,NA,"K04072",0.999799839871897,1,FALSE,FALSE,FALSE,FALSE
"K07396",0.592,0,0.658,-15.5,35,0.0314,NA,"K07396",0.98326359832636,1,FALSE,FALSE,FALSE,FALSE
"K07084",0.418,0,0.519,-48.7,75.4,0.0457,NA,"K07084",0.975791433891993,1,FALSE,FALSE,FALSE,FALSE
"K21218",0.343,0,0.0689,-159,86.8,0.129,NA,"K10942,K10943,K21218",0.748380129589633,1,FALSE,FALSE,FALSE,FALSE
"K01759",0.816,0,0.972,2.71,76.1,0.00252,NA,"K01759",0.999589069241833,1,FALSE,FALSE,FALSE,FALSE
"K03612",0.423,0,0.52,47.2,73.2,0.0457,NA,"K03612,K03614",0.975791433891993,1,FALSE,FALSE,FALSE,FALSE
"K03615",0.318,0,0.401,43.2,51.3,0.0596,NA,"K03615",0.962578899909829,1,FALSE,FALSE,FALSE,FALSE
"K03616",0.552,0,0.172,115,83.7,0.0966,NA,"K03616",0.893970893970894,1,FALSE,FALSE,FALSE,FALSE
"K10911",0.104,0,0.615,-29.3,58.3,0.0357,NA,"K10911",0.981408107284365,1,FALSE,FALSE,FALSE,FALSE
"K03639",0.97,0,0.0817,103,58.8,0.123,NA,"K03635,K03637,K03639",0.793621013133208,1,FALSE,FALSE,FALSE,FALSE
"K03638",0.711,0,0.119,90.2,57.5,0.11,NA,"K03638",0.853658536585366,1,FALSE,FALSE,FALSE,FALSE
"K03636",0.955,0,0.0257,123,54.7,0.157,NA,"K03636",0.650684931506849,1,FALSE,FALSE,FALSE,FALSE
"K15580",0.567,0,0.172,-74.7,54.5,0.0967,NA,"K15580",0.893970893970894,1,FALSE,FALSE,FALSE,FALSE
"K15581",0.562,0,0.0578,-98.4,51.6,0.134,NA,"K15581",0.746428571428572,1,FALSE,FALSE,FALSE,FALSE
"K15582",0.552,0,0.185,-67.6,50.8,0.0938,NA,"K15582",0.920398009950249,1,FALSE,FALSE,FALSE,FALSE
"K07393",0.577,0,0.393,35.4,41.4,0.0606,NA,"K07393",0.962578899909829,1,FALSE,FALSE,FALSE,FALSE
"K13788",0.572,0,0.0842,-99,57,0.122,NA,"K13788",0.793621013133208,1,FALSE,FALSE,FALSE,FALSE
"K00925",0.786,0,0.787,-12.6,46.4,0.0192,NA,"K00925",0.986782133090246,1,FALSE,FALSE,FALSE,FALSE
"K01989",0.249,0,0.0161,-126,52,0.17,NA,"K01989",0.579136690647482,1,FALSE,FALSE,FALSE,FALSE
"K05541",0.478,0,0.416,68.8,84.5,0.0576,NA,"K05541",0.962578899909829,1,FALSE,FALSE,FALSE,FALSE
"K07039",0.368,0,0.0706,87.8,48.3,0.128,NA,"K07039",0.751059322033898,1,FALSE,FALSE,FALSE,FALSE
"K03611",0.582,0,0.943,6.26,87,0.0051,NA,"K03611",0.994306199915647,1,FALSE,FALSE,FALSE,FALSE
"K03314",0.254,0,0.873,-8.29,51.6,0.0114,NA,"K03314",0.989347234814143,1,FALSE,FALSE,FALSE,FALSE
"K03603",0.244,0,0.511,60.6,92.1,0.0466,NA,"K03603",0.975103734439834,1,FALSE,FALSE,FALSE,FALSE
"K00876",0.428,0,0.35,79.5,85,0.0662,NA,"K00876",0.954968944099379,1,FALSE,FALSE,FALSE,FALSE
"K07289",0.512,0,0.683,27.7,67.7,0.029,NA,"K07289",0.986782133090246,1,FALSE,FALSE,FALSE,FALSE
"K19221",0.672,0,0.424,50.9,63.4,0.0567,NA,"K19221",0.962578899909829,1,FALSE,FALSE,FALSE,FALSE
"K08300",0.796,0,0.706,15.3,40.5,0.0267,NA,"K08300",0.986782133090246,1,FALSE,FALSE,FALSE,FALSE
"K07040",0.905,0,0.746,-19.7,60.9,0.023,NA,"K07040",0.986782133090246,1,FALSE,FALSE,FALSE,FALSE
"K03621",0.776,0,0.944,5.59,79.7,0.00498,NA,"K03621",0.994940978077572,1,FALSE,FALSE,FALSE,FALSE
"K00645",0.96,0,0.125,81.4,52.8,0.109,NA,"K00645",0.855345911949686,1,FALSE,FALSE,FALSE,FALSE
"K02619",0.617,0,0.655,-19,42.5,0.0317,NA,"K02619",0.982918789331735,1,FALSE,FALSE,FALSE,FALSE
"K03415",0.592,0,0.98,-1.61,62.8,0.00181,NA,"K03415",0.999594073472701,1,FALSE,FALSE,FALSE,FALSE
"K14162",0.592,0,0.0791,-120,67.8,0.124,NA,"K14162",0.787128712871287,1,FALSE,FALSE,FALSE,FALSE
"K14161",0.512,0,0.0568,-116,60.5,0.135,NA,"K14161",0.746428571428572,1,FALSE,FALSE,FALSE,FALSE
"K14160",0.453,0,0.825,-13.3,60.2,0.0157,NA,"K14160",0.986782133090246,1,FALSE,FALSE,FALSE,FALSE
"K06415",0.692,0,0.406,51,61.2,0.059,NA,"K06415,K07180,K09786",0.962578899909829,1,FALSE,FALSE,FALSE,FALSE
"K09161",0.159,0,0.355,58.5,63.1,0.0655,NA,"K09161",0.954968944099379,1,FALSE,FALSE,FALSE,FALSE
"K04069",0.323,0,0.0449,94.9,47,0.142,NA,"K04069",0.733118971061093,1,FALSE,FALSE,FALSE,FALSE
"K09953",0.114,0,0.0626,100,53.6,0.132,NA,"K09953",0.746428571428572,1,FALSE,FALSE,FALSE,FALSE
"K00656",0.209,0,0.88,-12.3,81.4,0.0107,NA,"K00656",0.991437584497522,1,FALSE,FALSE,FALSE,FALSE
"K10025",0.194,0,0.167,-131,94.7,0.0978,NA,"K10025",0.8870116156283,1,FALSE,FALSE,FALSE,FALSE
"K10022",0.259,0,0.108,-116,72,0.114,NA,"K10022",0.832049306625578,1,FALSE,FALSE,FALSE,FALSE
"K10024",0.264,0,0.555,-47.9,81.1,0.0418,NA,"K10024",0.980565371024735,1,FALSE,FALSE,FALSE,FALSE
"K10023",0.269,0,0.00207,-194,62.2,0.216,NA,"K10023",0.369642857142857,1,FALSE,FALSE,FALSE,FALSE
"K01142",0.975,0,0.193,237,181,0.0922,NA,"K01142,K01318,K02253,K06293,K06319,K06321,K06340,K06359,K06362,K06366,K06368,K06369,K06427,K06430,K06437,K13037,K15655,K15656,K15657,K16694,K16697,K16698,K16699,K16705,K16706,K18652,K18653,K18938,K19220,K19349,K19417,K19418,K19421,K19423,K19425,K19426,K19432,K19433,K19546,K19547,K19548,K19549,K19550,K20332,K20333,K21466,K25602,K26248,K26991",0.930568948891032,1,FALSE,FALSE,FALSE,FALSE
"K01354",0.751,0,0.472,47.8,66.2,0.0511,NA,"K01354",0.972832600878945,1,FALSE,FALSE,FALSE,FALSE
"K18850",0.572,0,0.445,53.5,69.9,0.0541,NA,"K18850",0.971191619380183,1,FALSE,FALSE,FALSE,FALSE
"K04067",0.189,0,0.417,73,89.8,0.0575,NA,"K04067",0.962578899909829,1,FALSE,FALSE,FALSE,FALSE
"K06181",0.612,0,0.237,74.6,62.8,0.0838,NA,"K06181",0.946765498652291,1,FALSE,FALSE,FALSE,FALSE
"K06891",0.871,0,0.98,2.94,115,0.00181,NA,"K06891",0.999594073472701,1,FALSE,FALSE,FALSE,FALSE
"K21420",0.587,0,0.861,12.9,73.5,0.0124,NA,"K21420",0.986782133090246,1,FALSE,FALSE,FALSE,FALSE
"K00684",0.736,0,0.51,65.2,98.6,0.0468,NA,"K00684",0.975103734439834,1,FALSE,FALSE,FALSE,FALSE
"K06077",0.562,0,0.11,83.5,52,0.113,NA,"K06077",0.83710407239819,1,FALSE,FALSE,FALSE,FALSE
"K03168",0.925,0,0.376,71.4,80.4,0.0628,NA,"K03168",0.960163432073544,1,FALSE,FALSE,FALSE,FALSE
"K00703",0.736,0,0.347,-33.4,35.4,0.0666,NA,"K00703",0.954968944099379,1,FALSE,FALSE,FALSE,FALSE
"K03533",0.0746,0,0.46,94.7,128,0.0524,NA,"K03533",0.972832600878945,1,FALSE,FALSE,FALSE,FALSE
"K07772",0.129,0,0.901,-6.74,53.9,0.00887,NA,"K07772",0.992884864165589,1,FALSE,FALSE,FALSE,FALSE
"K06219",0.343,0,0.74,26.2,78.8,0.0235,NA,"K06219",0.986782133090246,1,FALSE,FALSE,FALSE,FALSE
"K15257",0.443,0,0.0533,138,71,0.137,NA,"K15257",0.739189189189189,1,FALSE,FALSE,FALSE,FALSE
"K15256",0.642,0,0.717,15.2,41.8,0.0258,NA,"K15256",0.986782133090246,1,FALSE,FALSE,FALSE,FALSE
"K01876",0.97,0,0.0409,182,88.6,0.144,NA,"K01876",0.710069444444444,1,FALSE,FALSE,FALSE,FALSE
"K01159",0.905,0,0.424,-63.8,79.7,0.0567,NA,"K01159",0.962578899909829,1,FALSE,FALSE,FALSE,FALSE
"K03646",0.557,0,0.503,44.9,66.8,0.0475,NA,"K03646",0.975103734439834,1,FALSE,FALSE,FALSE,FALSE
"K03641",0.701,0,0.939,-5.36,69.9,0.00544,NA,"K03641",0.993874102239121,1,FALSE,FALSE,FALSE,FALSE
"K03640",0.706,0,0.855,-14,76.2,0.013,NA,"K03640",0.986782133090246,1,FALSE,FALSE,FALSE,FALSE
"K28156",0.0995,0,0.0853,101,58.4,0.122,NA,"K28156",0.794609665427509,1,FALSE,FALSE,FALSE,FALSE
"K00694",0.363,0,0.952,1.95,32.5,0.00426,NA,"K00694",0.997296173044925,1,FALSE,FALSE,FALSE,FALSE
"K20541",0.284,0,0.386,30.8,35.5,0.0615,NA,"K20541,K20543",0.962578899909829,1,FALSE,FALSE,FALSE,FALSE
"K20542",0.368,0,0.678,-13.3,32.1,0.0294,NA,"K20542",0.986782133090246,1,FALSE,FALSE,FALSE,FALSE
"K11688",0.662,0,0.762,-8.75,28.8,0.0215,NA,"K11688",0.986782133090246,1,FALSE,FALSE,FALSE,FALSE
"K11689",0.587,0,0.925,-2.7,28.6,0.00668,NA,"K11689",0.993562231759657,1,FALSE,FALSE,FALSE,FALSE
"K11690",0.547,0,0.995,0.18,28.6,0.000448,NA,"K11690",0.999799839871897,1,FALSE,FALSE,FALSE,FALSE
"K00285",0.607,0,0.251,-60.5,52.6,0.0813,NA,"K00285",0.946765498652291,1,FALSE,FALSE,FALSE,FALSE
"K03576",0.507,0,0.778,14.8,52.4,0.02,NA,"K03576",0.986782133090246,1,FALSE,FALSE,FALSE,FALSE
"K09780",0.826,0,0.586,21.3,39,0.0387,NA,"K09780",0.981408107284365,1,FALSE,FALSE,FALSE,FALSE
"K10806",0.826,0,0.524,46.1,72.3,0.0452,NA,"K10806",0.975791433891993,1,FALSE,FALSE,FALSE,FALSE
"K06190",0.632,0,0.884,-10.7,73.2,0.0103,NA,"K06190",0.992143658810326,1,FALSE,FALSE,FALSE,FALSE
"K07403",0.259,0,0.361,-40.5,44.2,0.0648,NA,"K07403",0.954968944099379,1,FALSE,FALSE,FALSE,FALSE
"K01657",0.905,0,0.866,15.7,93,0.012,NA,"K01657",0.986782133090246,1,FALSE,FALSE,FALSE,FALSE
"K07053",0.697,0,0.484,-44.3,63.2,0.0497,NA,"K07053",0.972832600878945,1,FALSE,FALSE,FALSE,FALSE
"K06178",0.98,0,0.525,-71.1,112,0.0451,NA,"K06178,K15579",0.975836431226766,1,FALSE,FALSE,FALSE,FALSE
"K09901",0.219,0,0.0329,205,95.3,0.151,NA,"K09897,K09901,K15536,K19226,K19227,K19228",0.676954732510288,1,FALSE,FALSE,FALSE,FALSE
"K02336",0.488,0,0.711,-27.7,74.4,0.0263,NA,"K02336",0.986782133090246,1,FALSE,FALSE,FALSE,FALSE
"K07689",0.562,0,0.82,21.5,94.6,0.0161,NA,"K07689",0.986782133090246,1,FALSE,FALSE,FALSE,FALSE
"K13745",0.194,0,0.729,26.5,76.4,0.0246,NA,"K13745",0.986782133090246,1,FALSE,FALSE,FALSE,FALSE
"K00836",0.418,0,0.323,-36.3,36.6,0.07,NA,"K00836",0.954968944099379,1,FALSE,FALSE,FALSE,FALSE
"K13746",0.0448,0,0.432,-85.4,109,0.0557,NA,"K13746",0.964716391246092,1,FALSE,FALSE,FALSE,FALSE
"K13747",0.159,0,0.131,-66.2,43.7,0.107,NA,"K13747",0.855345911949686,1,FALSE,FALSE,FALSE,FALSE
"K07308",0.0697,0,0.249,127,110,0.0817,NA,"K07308",0.946765498652291,1,FALSE,FALSE,FALSE,FALSE
"K07307",0.0697,0,0.249,127,110,0.0817,NA,"K07307",0.946765498652291,1,FALSE,FALSE,FALSE,FALSE
"K07306",0.0697,0,0.249,127,110,0.0817,NA,"K07306",0.946765498652291,1,FALSE,FALSE,FALSE,FALSE
"K11107",0.254,0,0.755,-24,76.8,0.0222,NA,"K11107",0.986782133090246,1,FALSE,FALSE,FALSE,FALSE
"K00526",0.841,0,0.58,36.5,65.9,0.0393,NA,"K00526",0.981408107284365,1,FALSE,FALSE,FALSE,FALSE
"K03972",0.318,0,0.925,-3.42,36.5,0.00665,NA,"K03972",0.993562231759657,1,FALSE,FALSE,FALSE,FALSE
"K03385",0.0746,0,0.319,74.3,74.3,0.0707,NA,"K03385",0.954968944099379,1,FALSE,FALSE,FALSE,FALSE
"K04013",0.0647,0,0.114,149,93.7,0.112,NA,"K04013,K04014,K04015",0.844444444444444,1,FALSE,FALSE,FALSE,FALSE
"K02198",0.587,0,0.318,-68.8,68.7,0.0708,NA,"K02194,K02195,K02197,K02198",0.954968944099379,1,FALSE,FALSE,FALSE,FALSE
"K02199",0.706,0,0.432,-56.5,71.8,0.0557,NA,"K02199",0.964716391246092,1,FALSE,FALSE,FALSE,FALSE
"K02200",0.577,0,0.313,-76.5,75.6,0.0715,NA,"K02200",0.954968944099379,1,FALSE,FALSE,FALSE,FALSE
"K01497",0.816,0,0.981,-1.23,50.8,0.00172,NA,"K01497",0.999594073472701,1,FALSE,FALSE,FALSE,FALSE
"K07231",0.393,0,0.0265,-116,51.9,0.157,NA,"K07231",0.650684931506849,1,FALSE,FALSE,FALSE,FALSE
"K07338",0.358,0,0.464,-36.1,49.1,0.052,NA,"K07338",0.972832600878945,1,FALSE,FALSE,FALSE,FALSE
"K09947",0.348,0,0.221,-71.4,58.2,0.0866,NA,"K09947",0.941226575809199,1,FALSE,FALSE,FALSE,FALSE
"K21470",0.498,0,0.974,-1.44,44.9,0.00228,NA,"K21470",0.999589490968801,1,FALSE,FALSE,FALSE,FALSE
"K02480",0.204,0,0.0406,-107,52.1,0.145,NA,"K02480",0.710069444444444,1,FALSE,FALSE,FALSE,FALSE
"K16012",0.428,0,0.865,-8.68,51,0.0121,NA,"K16012",0.986782133090246,1,FALSE,FALSE,FALSE,FALSE
"K16013",0.443,0,0.464,-38.1,51.9,0.0519,NA,"K16013",0.972832600878945,1,FALSE,FALSE,FALSE,FALSE
"K03724",0.622,0,0.526,-23,36.2,0.045,NA,"K03724",0.975881261595547,1,FALSE,FALSE,FALSE,FALSE
"K02442",0.159,0,0.473,-31.7,44,0.0509,NA,"K02442",0.972832600878945,1,FALSE,FALSE,FALSE,FALSE
"K03748",0.229,0,0.54,31,50.5,0.0434,NA,"K03748",0.977198697068404,1,FALSE,FALSE,FALSE,FALSE
"K00027",0.478,0,0.0465,89.2,44.5,0.141,NA,"K00027",0.736151603498542,1,FALSE,FALSE,FALSE,FALSE
"K26063",0.363,0,0.524,-23.1,36.2,0.0452,NA,"K26063",0.975791433891993,1,FALSE,FALSE,FALSE,FALSE
"K28164",0.0199,0,0.741,24.5,73.9,0.0235,NA,"K28164",0.986782133090246,1,FALSE,FALSE,FALSE,FALSE
"K01745",0.896,0,0.043,96.5,47.4,0.143,NA,"K01745",0.725589225589226,1,FALSE,FALSE,FALSE,FALSE
"K01712",0.866,0,0.399,32.5,38.5,0.0598,NA,"K01712",0.962578899909829,1,FALSE,FALSE,FALSE,FALSE
"K01479",0.388,0,0.12,67,43,0.11,NA,"K01479",0.855345911949686,1,FALSE,FALSE,FALSE,FALSE
"K01468",0.876,0,0.0627,81.3,43.4,0.132,NA,"K01468",0.746428571428572,1,FALSE,FALSE,FALSE,FALSE
"K05836",0.637,0,0.0367,109,52,0.147,NA,"K05836",0.710069444444444,1,FALSE,FALSE,FALSE,FALSE
"K09900",0.0846,0,0.498,-56.7,83.5,0.0481,NA,"K09900",0.975103734439834,1,FALSE,FALSE,FALSE,FALSE
"K00154",0.512,0,0.047,96.2,48.1,0.14,NA,"K00154",0.736151603498542,1,FALSE,FALSE,FALSE,FALSE
"K01585",0.353,0,0.61,22.3,43.6,0.0362,NA,"K01585",0.981408107284365,1,FALSE,FALSE,FALSE,FALSE
"K01480",0.761,0,0.573,-26.5,46.9,0.04,NA,"K01480",0.981408107284365,1,FALSE,FALSE,FALSE,FALSE
"K01713",0.328,0,0.437,-29.9,38.4,0.0551,NA,"K01713",0.968957871396896,1,FALSE,FALSE,FALSE,FALSE
"K01625",0.94,0,0.0674,97.4,53,0.129,NA,"K01625",0.74835886214442,1,FALSE,FALSE,FALSE,FALSE
"K00874",0.721,0,0.212,37,29.5,0.0884,NA,"K00874",0.93804537521815,1,FALSE,FALSE,FALSE,FALSE
"K26933",0.373,0,0.993,0.351,40.4,0.000616,NA,"K26933",0.999799839871897,1,FALSE,FALSE,FALSE,FALSE
"K20525",0.209,0,0.257,56.2,49.4,0.0803,NA,"K20525",0.946765498652291,1,FALSE,FALSE,FALSE,FALSE
"K22110",0.154,0,0.459,39.6,53.3,0.0525,NA,"K22110",0.972832600878945,1,FALSE,FALSE,FALSE,FALSE
"K01729",0.358,0,0.257,46.5,40.9,0.0804,NA,"K01729",0.946765498652291,1,FALSE,FALSE,FALSE,FALSE
"K06946",0.129,0,0.148,117,80.5,0.102,NA,"K06946",0.871613663133098,1,FALSE,FALSE,FALSE,FALSE
"K01667",0.0896,0,0.33,63,64.6,0.069,NA,"K01667",0.954968944099379,1,FALSE,FALSE,FALSE,FALSE
"K08604",0.0995,0,0.594,25.8,48.4,0.0378,NA,"K08604",0.981408107284365,1,FALSE,FALSE,FALSE,FALSE
"K01129",0.866,0,0.596,-54.7,103,0.0376,NA,"K01129",0.981408107284365,1,FALSE,FALSE,FALSE,FALSE
"K17837",0.154,0,0.8,9.73,38.4,0.018,NA,"K17837",0.986782133090246,1,FALSE,FALSE,FALSE,FALSE
"K06897",0.0647,0,0.764,12.7,42.4,0.0213,NA,"K06897",0.986782133090246,1,FALSE,FALSE,FALSE,FALSE
"K19270",0.398,0,0.906,-4.15,35,0.00841,NA,"K19270",0.992884864165589,1,FALSE,FALSE,FALSE,FALSE
"K07038",0.766,0,0.0672,68.1,37,0.129,NA,"K07038",0.74835886214442,1,FALSE,FALSE,FALSE,FALSE
"K09771",0.756,0,0.448,23.4,30.8,0.0538,NA,"K09771",0.972832600878945,1,FALSE,FALSE,FALSE,FALSE
"K01299",0.328,0,0.368,-65.1,72.1,0.0638,NA,"K01299",0.954968944099379,1,FALSE,FALSE,FALSE,FALSE
"K01993",0.328,0,0.066,-58.1,31.4,0.13,NA,"K01993",0.74835886214442,1,FALSE,FALSE,FALSE,FALSE
"K02475",0.124,0,0.401,43.8,52.1,0.0596,NA,"K02475",0.962578899909829,1,FALSE,FALSE,FALSE,FALSE
"K00036",0.905,0,0.73,20.8,60.3,0.0244,NA,"K00036",0.986782133090246,1,FALSE,FALSE,FALSE,FALSE
"K01057",0.672,0,0.402,-43.5,51.8,0.0594,NA,"K01057",0.962578899909829,1,FALSE,FALSE,FALSE,FALSE
"K00033",0.811,0,0.481,-37.7,53.4,0.05,NA,"K00033",0.972832600878945,1,FALSE,FALSE,FALSE,FALSE
"K07794",0.667,0,0.651,15.6,34.4,0.0321,NA,"K07794",0.982815797407296,1,FALSE,FALSE,FALSE,FALSE
"K11527",0.463,0,0.629,15.1,31.2,0.0343,NA,"K11527",0.981408107284365,1,FALSE,FALSE,FALSE,FALSE
"K11902",0.303,0,0.139,44.9,30.2,0.105,NA,"K11902",0.864427860696518,1,FALSE,FALSE,FALSE,FALSE
"K03417",0.557,0,0.47,-37.8,52.2,0.0512,NA,"K03417",0.972832600878945,1,FALSE,FALSE,FALSE,FALSE
"K01659",0.706,0,0.502,34.1,50.7,0.0476,NA,"K01659",0.975103734439834,1,FALSE,FALSE,FALSE,FALSE
"K20455",0.408,0,0.276,66,60.5,0.0772,NA,"K20455",0.946765498652291,1,FALSE,FALSE,FALSE,FALSE
"K09788",0.413,0,0.159,84.2,59.5,0.0998,NA,"K09788",0.881374722838137,1,FALSE,FALSE,FALSE,FALSE
"K01908",0.458,0,0.214,-44.2,35.5,0.088,NA,"K01908",0.93804537521815,1,FALSE,FALSE,FALSE,FALSE
"K04062",0.463,0,0.0322,96.8,44.9,0.151,NA,"K04062",0.670833333333333,1,FALSE,FALSE,FALSE,FALSE
"K10026",0.831,0,0.136,92,61.5,0.105,NA,"K10026",0.855345911949686,1,FALSE,FALSE,FALSE,FALSE
"K06920",0.796,0,0.431,47.4,60.1,0.0558,NA,"K06920",0.963774597495528,1,FALSE,FALSE,FALSE,FALSE
"K20862",0.517,0,0.651,37.8,83.5,0.0321,NA,"K20862",0.982815797407296,1,FALSE,FALSE,FALSE,FALSE
"K03733",0.687,0,0.408,42,50.7,0.0586,NA,"K03733",0.962578899909829,1,FALSE,FALSE,FALSE,FALSE
"K09921",0.552,0,0.731,25.5,74.3,0.0244,NA,"K09921",0.986782133090246,1,FALSE,FALSE,FALSE,FALSE
"K06202",0.443,0,0.788,18.2,67.6,0.0191,NA,"K06202",0.986782133090246,1,FALSE,FALSE,FALSE,FALSE
"K05851",0.323,0,0.36,-80.1,87.3,0.0649,NA,"K05851",0.954968944099379,1,FALSE,FALSE,FALSE,FALSE
"K01776",0.965,0,0.779,-39.7,141,0.02,NA,"K01776",0.986782133090246,1,FALSE,FALSE,FALSE,FALSE
"K08985",0.209,0,0.0569,-157,82,0.135,NA,"K08985",0.746428571428572,1,FALSE,FALSE,FALSE,FALSE
"K20964",0.119,0,0.915,-9.51,89.1,0.00757,NA,"K20964",0.992884864165589,1,FALSE,FALSE,FALSE,FALSE
"K02439",0.438,0,0.76,28.8,94,0.0217,NA,"K02439",0.986782133090246,1,FALSE,FALSE,FALSE,FALSE
"K09811",0.915,0,0.957,-5.33,98.2,0.00385,NA,"K09811",0.997296173044925,1,FALSE,FALSE,FALSE,FALSE
"K09812",0.9,0,0.521,-50.5,78.6,0.0455,NA,"K09812",0.975791433891993,1,FALSE,FALSE,FALSE,FALSE
"K02492",0.871,0,0.764,33.8,112,0.0213,NA,"K00220,K02492,K07556,K09985,K09987,K11352,K13581,K13583,K13584,K13588,K18164",0.986782133090246,1,FALSE,FALSE,FALSE,FALSE
"K03791",0.269,0,0.436,20.8,26.6,0.0553,NA,"K03791",0.968458462905376,1,FALSE,FALSE,FALSE,FALSE
"K14540",0.378,0,0.118,113,71.9,0.111,NA,"K14540",0.851370851370851,1,FALSE,FALSE,FALSE,FALSE
"K00507",0.493,0,0.0982,67,40.3,0.117,NA,"K00507",0.808130081300813,1,FALSE,FALSE,FALSE,FALSE
"K01809",0.423,0,0.0991,68.9,41.6,0.117,NA,"K01809",0.808130081300813,1,FALSE,FALSE,FALSE,FALSE
"K15524",0.114,0,0.636,-29.6,62.4,0.0336,NA,"K15524",0.981408107284365,1,FALSE,FALSE,FALSE,FALSE
"K11200",0.0846,0,0.623,40.5,82.2,0.0349,NA,"K11200",0.981408107284365,1,FALSE,FALSE,FALSE,FALSE
"K02768",0.214,0,0.273,85.7,78,0.0777,NA,"K02768",0.946765498652291,1,FALSE,FALSE,FALSE,FALSE
"K11922",0.0995,0,0.601,37.9,72.5,0.0371,NA,"K11922",0.981408107284365,1,FALSE,FALSE,FALSE,FALSE
"K03710",0.866,0,0.917,-3.85,36.9,0.00739,NA,"K03710",0.992884864165589,1,FALSE,FALSE,FALSE,FALSE
"K07283",0.433,0,0.501,33.4,49.5,0.0477,NA,"K07283",0.975103734439834,1,FALSE,FALSE,FALSE,FALSE
"K03326",0.114,0,0.104,175,107,0.115,NA,"K03326,K07792",0.826771653543307,1,FALSE,FALSE,FALSE,FALSE
"K07685",0.104,0,0.107,144,88.8,0.114,NA,"K07685",0.830745341614907,1,FALSE,FALSE,FALSE,FALSE
"K07674",0.134,0,0.282,101,93.8,0.0763,NA,"K07674",0.948217888365837,1,FALSE,FALSE,FALSE,FALSE
"K02572",0.199,0,0.0173,111,46.2,0.168,NA,"K02572",0.592024539877301,1,FALSE,FALSE,FALSE,FALSE
"K02570",0.284,0,0.34,35.9,37.5,0.0677,NA,"K02569,K02570",0.954968944099379,1,FALSE,FALSE,FALSE,FALSE
"K02567",0.289,0,0.333,34.9,36,0.0686,NA,"K02567,K02568",0.954968944099379,1,FALSE,FALSE,FALSE,FALSE
"K03821",0.527,0,0.972,-1.76,49.9,0.0025,NA,"K03821",0.999589069241833,1,FALSE,FALSE,FALSE,FALSE
"K00626",0.796,0,0.431,-47.8,60.5,0.0559,NA,"K00626",0.963774597495528,1,FALSE,FALSE,FALSE,FALSE
"K00023",0.343,0,0.643,18.3,39.4,0.0329,NA,"K00023",0.981408107284365,1,FALSE,FALSE,FALSE,FALSE
"K09923",0.318,0,0.172,92.6,67.5,0.0968,NA,"K09923",0.893970893970894,1,FALSE,FALSE,FALSE,FALSE
"K07093",0.766,0,0.633,14.3,29.9,0.0339,NA,"K07093",0.981408107284365,1,FALSE,FALSE,FALSE,FALSE
"K03281",0.507,0,0.774,10.5,36.6,0.0204,NA,"K03281",0.986782133090246,1,FALSE,FALSE,FALSE,FALSE
"K05916",0.821,0,0.861,6.94,39.7,0.0124,NA,"K05916",0.986782133090246,1,FALSE,FALSE,FALSE,FALSE
"K12266",0.413,0,0.693,18.4,46.7,0.028,NA,"K12266",0.986782133090246,1,FALSE,FALSE,FALSE,FALSE
"K16137",0.751,0,0.793,-8.23,31.4,0.0186,NA,"K16137",0.986782133090246,1,FALSE,FALSE,FALSE,FALSE
"K23256",0.502,0,0.265,40.1,35.9,0.079,NA,"K23256",0.946765498652291,1,FALSE,FALSE,FALSE,FALSE
"K21606",0.0746,0,0.082,154,87.8,0.123,NA,"K21606",0.793621013133208,1,FALSE,FALSE,FALSE,FALSE
"K01183",0.234,0,0.135,65.4,43.6,0.106,NA,"K01183",0.855345911949686,1,FALSE,FALSE,FALSE,FALSE
"K21741",0.254,0,0.258,36,31.7,0.0802,NA,"K21741",0.946765498652291,1,FALSE,FALSE,FALSE,FALSE
"K08325",0.323,0,0.0536,109,56.1,0.136,NA,"K08325",0.739189189189189,1,FALSE,FALSE,FALSE,FALSE
"K03826",0.259,0,0.629,22.1,45.7,0.0343,NA,"K03826",0.981408107284365,1,FALSE,FALSE,FALSE,FALSE
"K07787",0.353,0,0.833,6.85,32.4,0.015,NA,"K07787",0.986782133090246,1,FALSE,FALSE,FALSE,FALSE
"K07798",0.358,0,0.814,7.59,32.2,0.0167,NA,"K07798",0.986782133090246,1,FALSE,FALSE,FALSE,FALSE
"K07796",0.224,0,0.422,-29.4,36.6,0.0569,NA,"K07796",0.962578899909829,1,FALSE,FALSE,FALSE,FALSE
"K12542",0.557,0,0.0933,-61.3,36.4,0.119,NA,"K12542",0.808130081300813,1,FALSE,FALSE,FALSE,FALSE
"K09758",0.104,0,0.596,-26.7,50.3,0.0376,NA,"K09758",0.981408107284365,1,FALSE,FALSE,FALSE,FALSE
"K13653",0.348,0,0.885,-5.43,37.5,0.0103,NA,"K13653",0.992836355495858,1,FALSE,FALSE,FALSE,FALSE
"K21430",0.816,0,0.791,12.9,48.6,0.0188,NA,"K21430",0.986782133090246,1,FALSE,FALSE,FALSE,FALSE
"K01185",0.259,0,0.793,-7.02,26.7,0.0186,NA,"K01185",0.986782133090246,1,FALSE,FALSE,FALSE,FALSE
"K21029",0.473,0,0.856,-9.36,51.3,0.0129,NA,"K21029",0.986782133090246,1,FALSE,FALSE,FALSE,FALSE
"K01011",0.91,0,0.652,-29,64.1,0.032,NA,"K01011",0.982815797407296,1,FALSE,FALSE,FALSE,FALSE
"K00616",0.975,0,0.788,30.7,114,0.0191,NA,"K00616",0.986782133090246,1,FALSE,FALSE,FALSE,FALSE
"K03776",0.463,0,0.608,-24.1,46.8,0.0364,NA,"K03776",0.981408107284365,1,FALSE,FALSE,FALSE,FALSE
"K09607",0.199,0,0.22,42.6,34.6,0.0868,NA,"K09607",0.941226575809199,1,FALSE,FALSE,FALSE,FALSE
"K07679",0.328,0,0.551,27.5,46.1,0.0423,NA,"K07679",0.980565371024735,1,FALSE,FALSE,FALSE,FALSE
"K25285",0.308,0,0.543,27.5,45.2,0.0432,NA,"K25284,K25285",0.979474252790781,1,FALSE,FALSE,FALSE,FALSE
"K25283",0.403,0,0.529,-22.7,36.1,0.0446,NA,"K25283",0.976418570375829,1,FALSE,FALSE,FALSE,FALSE
"K25282",0.323,0,0.485,25.6,36.6,0.0495,NA,"K25282",0.972832600878945,1,FALSE,FALSE,FALSE,FALSE
"K07267",0.308,0,0.752,17.8,56.5,0.0224,NA,"K07267",0.986782133090246,1,FALSE,FALSE,FALSE,FALSE
"K00878",0.328,0,0.383,-40.6,46.4,0.0619,NA,"K00878",0.962578899909829,1,FALSE,FALSE,FALSE,FALSE
"K03707",0.353,0,0.182,53.7,40.1,0.0946,NA,"K03707",0.918264379414732,1,FALSE,FALSE,FALSE,FALSE
"K15598",0.174,0,0.853,-10.2,55.2,0.0131,NA,"K15598",0.986782133090246,1,FALSE,FALSE,FALSE,FALSE
"K15599",0.169,0,0.266,-60.7,54.4,0.0789,NA,"K15599",0.946765498652291,1,FALSE,FALSE,FALSE,FALSE
"K02050",0.851,0,0.734,-16.8,49.3,0.0241,NA,"K02050",0.986782133090246,1,FALSE,FALSE,FALSE,FALSE
"K15600",0.149,0,0.227,-75.5,62.3,0.0855,NA,"K15600",0.946765498652291,1,FALSE,FALSE,FALSE,FALSE
"K00941",0.667,0,0.28,56.9,52.4,0.0766,NA,"K00941",0.946765498652291,1,FALSE,FALSE,FALSE,FALSE
"K03298",0.284,0,0.908,-4.07,35.3,0.00818,NA,"K03298",0.992884864165589,1,FALSE,FALSE,FALSE,FALSE
"K03765",0.0547,0,0.837,12.3,59.3,0.0146,NA,"K03765",0.986782133090246,1,FALSE,FALSE,FALSE,FALSE
"K01507",0.736,0,0.566,-31.5,54.7,0.0407,NA,"K01507",0.981408107284365,1,FALSE,FALSE,FALSE,FALSE
"K00364",0.239,0,0.156,82.2,57.8,0.1,NA,"K00364",0.878378378378378,1,FALSE,FALSE,FALSE,FALSE
"K10680",0.826,0,0.52,18.6,28.9,0.0456,NA,"K10680",0.975791433891993,1,FALSE,FALSE,FALSE,FALSE
"K05782",0.701,0,0.5,22.7,33.6,0.0478,NA,"K05782",0.975103734439834,1,FALSE,FALSE,FALSE,FALSE
"K23779",0.602,0,0.0622,-55.5,29.6,0.132,NA,"K23779",0.746428571428572,1,FALSE,FALSE,FALSE,FALSE
"K05592",0.91,0,0.293,86.7,82.2,0.0745,NA,"K05592",0.952380952380952,1,FALSE,FALSE,FALSE,FALSE
"K01147",0.239,0,0.143,100,68.2,0.104,NA,"K01147",0.869047619047619,1,FALSE,FALSE,FALSE,FALSE
"K28224",0.512,0,0.417,-30.1,37,0.0575,NA,"K28224",0.962578899909829,1,FALSE,FALSE,FALSE,FALSE
"K01493",0.234,0,0.639,-23.8,50.6,0.0333,NA,"K01493",0.981408107284365,1,FALSE,FALSE,FALSE,FALSE
"K03437",0.627,0,0.838,-10.6,51.7,0.0145,NA,"K03437",0.986782133090246,1,FALSE,FALSE,FALSE,FALSE
"K05524",0.652,0,0.845,-9.83,50.3,0.0139,NA,"K05524",0.986782133090246,1,FALSE,FALSE,FALSE,FALSE
"K07137",0.428,0,0.497,-32.7,48.1,0.0481,NA,"K07137",0.975103734439834,1,FALSE,FALSE,FALSE,FALSE
"K04719",0.458,0,0.000863,-184,54.3,0.233,NA,"K04719",0.3075,1,FALSE,FALSE,FALSE,FALSE
"K06934",0.119,0,0.985,-0.742,38.2,0.00138,NA,"K06934",0.999594073472701,1,FALSE,FALSE,FALSE,FALSE
"K12541",0.547,0,0.0898,-62.5,36.7,0.12,NA,"K12541",0.808130081300813,1,FALSE,FALSE,FALSE,FALSE
"K03565",0.975,0,0.596,56.5,106,0.0376,NA,"K03565",0.981408107284365,1,FALSE,FALSE,FALSE,FALSE
"K08344",0.234,0,0.568,27.7,48.5,0.0405,NA,"K08344",0.981408107284365,1,FALSE,FALSE,FALSE,FALSE
"K06911",0.92,0,0.959,3.05,58.6,0.00369,NA,"K06911",0.997296173044925,1,FALSE,FALSE,FALSE,FALSE
"K00798",0.692,0,0.824,13.8,61.8,0.0158,NA,"K00798",0.986782133090246,1,FALSE,FALSE,FALSE,FALSE
"K07226",0.448,0,0.0405,-81.7,39.6,0.145,NA,"K07226",0.710069444444444,1,FALSE,FALSE,FALSE,FALSE
"K07227",0.0846,0,0.658,43.2,97.6,0.0314,NA,"K07227",0.98326359832636,1,FALSE,FALSE,FALSE,FALSE
"K21936",0.0896,0,0.905,-7.44,61.9,0.00851,NA,"K21936",0.992884864165589,1,FALSE,FALSE,FALSE,FALSE
"K25132",0.507,0,0.852,5.27,28.3,0.0132,NA,"K25132",0.986782133090246,1,FALSE,FALSE,FALSE,FALSE
"K25133",0.567,0,0.644,-14,30.3,0.0328,NA,"K25133",0.981408107284365,1,FALSE,FALSE,FALSE,FALSE
"K02015",0.726,0,0.0357,-76.8,36.3,0.148,NA,"K02015",0.705533596837945,1,FALSE,FALSE,FALSE,FALSE
"K10834",0.488,0,0.931,-2.84,32.7,0.00615,NA,"K10834",0.993808710503843,1,FALSE,FALSE,FALSE,FALSE
"K01916",0.716,0,0.321,-48.5,48.7,0.0704,NA,"K01916",0.954968944099379,1,FALSE,FALSE,FALSE,FALSE
"K07140",0.517,0,0.565,-29.2,50.6,0.0408,NA,"K07140",0.981408107284365,1,FALSE,FALSE,FALSE,FALSE
"K09781",0.682,0,0.33,-35.1,35.9,0.0691,NA,"K09781",0.954968944099379,1,FALSE,FALSE,FALSE,FALSE
"K07256",0.134,0,0.0663,115,62.1,0.13,NA,"K07256",0.74835886214442,1,FALSE,FALSE,FALSE,FALSE
"K07255",0.129,0,0.257,78.7,69.2,0.0803,NA,"K07255",0.946765498652291,1,FALSE,FALSE,FALSE,FALSE
"K03852",0.184,0,0.0341,121,56.8,0.15,NA,"K03852",0.692307692307692,1,FALSE,FALSE,FALSE,FALSE
"K09882",0.219,0,0.39,52.6,61.1,0.0609,NA,"K09882",0.962578899909829,1,FALSE,FALSE,FALSE,FALSE
"K09883",0.219,0,0.39,52.6,61.1,0.0609,NA,"K09883",0.962578899909829,1,FALSE,FALSE,FALSE,FALSE
"K00625",0.269,0,0.679,-20.7,50,0.0294,NA,"K00625",0.986782133090246,1,FALSE,FALSE,FALSE,FALSE
"K00135",0.935,0,0.615,-24.3,48.2,0.0357,NA,"K00135",0.981408107284365,1,FALSE,FALSE,FALSE,FALSE
"K01638",0.9,0,0.0762,111,62.1,0.125,NA,"K01638",0.772819472616633,1,FALSE,FALSE,FALSE,FALSE
"K01637",0.886,0,0.0176,136,56.6,0.167,NA,"K01637",0.592024539877301,1,FALSE,FALSE,FALSE,FALSE
"K01387",0.0995,0,0.253,82.6,72.1,0.081,NA,"K01387",0.946765498652291,1,FALSE,FALSE,FALSE,FALSE
"K00065",0.542,0,0.337,28.2,29.3,0.068,NA,"K00065",0.954968944099379,1,FALSE,FALSE,FALSE,FALSE
"K10110",0.149,0,0.0119,258,102,0.177,NA,"K10108,K10109,K10110",0.534188034188034,1,FALSE,FALSE,FALSE,FALSE
"K07114",0.627,0,0.121,77.3,49.6,0.11,NA,"K07114",0.855345911949686,1,FALSE,FALSE,FALSE,FALSE
"K01046",0.413,0,0.55,19,31.8,0.0424,NA,"K01046",0.980565371024735,1,FALSE,FALSE,FALSE,FALSE
"K06078",0.174,0,0.284,72.4,67.4,0.0759,NA,"K06078",0.949241924851681,1,FALSE,FALSE,FALSE,FALSE
"K19236",0.129,0,0.412,60.3,73.4,0.0582,NA,"K19236",0.962578899909829,1,FALSE,FALSE,FALSE,FALSE
"K08163",0.0945,0,0.522,44.3,69.2,0.0454,NA,"K08163",0.975791433891993,1,FALSE,FALSE,FALSE,FALSE
"K23775",0.871,0,0.946,-3.34,49,0.00483,NA,"K23775",0.995999157717414,1,FALSE,FALSE,FALSE,FALSE
"K04063",0.945,0,0.436,-66,84.5,0.0553,NA,"K04063",0.968458462905376,1,FALSE,FALSE,FALSE,FALSE
"K11203",0.0746,0,0.399,71.3,84.3,0.0599,NA,"K11203",0.962578899909829,1,FALSE,FALSE,FALSE,FALSE
"K02770",0.572,0,0.72,19.2,53.5,0.0255,NA,"K02770",0.986782133090246,1,FALSE,FALSE,FALSE,FALSE
"K10195",0.129,0,0.452,-38.1,50.5,0.0533,NA,"K10195",0.972832600878945,1,FALSE,FALSE,FALSE,FALSE
"K14054",0.0945,0,0.158,165,116,0.1,NA,"K14054",0.878754171301446,1,FALSE,FALSE,FALSE,FALSE
"K03297",0.637,0,0.29,-34.5,32.6,0.075,NA,"K03297",0.952068286277085,1,FALSE,FALSE,FALSE,FALSE
"K00121",0.677,0,0.2,92.3,71.8,0.0907,NA,"K00121",0.932126696832579,1,FALSE,FALSE,FALSE,FALSE
"K01070",0.682,0,0.331,85.3,87.6,0.0689,NA,"K01070",0.954968944099379,1,FALSE,FALSE,FALSE,FALSE
"K00138",0.781,0,0.0623,62.9,33.6,0.132,NA,"K00138",0.746428571428572,1,FALSE,FALSE,FALSE,FALSE
"K21405",0.562,0,0.859,-7.22,40.7,0.0126,NA,"K21405",0.986782133090246,1,FALSE,FALSE,FALSE,FALSE
"K07727",0.383,0,0.08,54.7,31.1,0.124,NA,"K07727",0.788954635108481,1,FALSE,FALSE,FALSE,FALSE
"K06950",0.522,0,0.277,-47.9,43.9,0.077,NA,"K06950",0.946765498652291,1,FALSE,FALSE,FALSE,FALSE
"K01246",0.861,0,0.101,-143,87,0.116,NA,"K01246",0.815831987075929,1,FALSE,FALSE,FALSE,FALSE
"K13481",0.537,0,0.533,-32.2,51.5,0.0442,NA,"K13481,K13482",0.97676107480029,1,FALSE,FALSE,FALSE,FALSE
"K07402",0.846,0,0.919,3.96,38.9,0.00722,NA,"K07402",0.992884864165589,1,FALSE,FALSE,FALSE,FALSE
"K01487",0.622,0,0.0533,-93.5,48.1,0.137,NA,"K01487",0.739189189189189,1,FALSE,FALSE,FALSE,FALSE
"K01607",0.831,0,0.959,2.02,39.1,0.00367,NA,"K01607",0.997296173044925,1,FALSE,FALSE,FALSE,FALSE
"K21745",0.174,0,0.906,5.28,44.6,0.00839,NA,"K21745",0.992884864165589,1,FALSE,FALSE,FALSE,FALSE
"K01483",0.403,0,0.107,-80.9,50,0.114,NA,"K01483",0.830745341614907,1,FALSE,FALSE,FALSE,FALSE
"K01477",0.259,0,0.172,-70.5,51.4,0.0967,NA,"K01477",0.893970893970894,1,FALSE,FALSE,FALSE,FALSE
"K16842",0.582,0,0.631,-20.8,43.1,0.0341,NA,"K16842",0.981408107284365,1,FALSE,FALSE,FALSE,FALSE
"K07127",0.766,0,0.759,12,39,0.0218,NA,"K07127",0.986782133090246,1,FALSE,FALSE,FALSE,FALSE
"K18456",0.313,0,0.289,43.5,40.9,0.0751,NA,"K18456",0.949408672798949,1,FALSE,FALSE,FALSE,FALSE
"K12960",0.328,0,0.627,-27.1,55.8,0.0345,NA,"K12960",0.981408107284365,1,FALSE,FALSE,FALSE,FALSE
"K09017",0.607,0,0.639,-22.8,48.6,0.0333,NA,"K09017",0.981408107284365,1,FALSE,FALSE,FALSE,FALSE
"K11529",0.358,0,0.0115,103,40.4,0.178,NA,"K11529",0.534188034188034,1,FALSE,FALSE,FALSE,FALSE
"K00042",0.557,0,0.655,16.6,37.1,0.0317,NA,"K00042",0.982918789331735,1,FALSE,FALSE,FALSE,FALSE
"K01608",0.388,0,0.565,24.7,42.8,0.0408,NA,"K01608",0.981408107284365,1,FALSE,FALSE,FALSE,FALSE
"K15269",0.318,0,0.893,4.2,31.1,0.00956,NA,"K15269",0.992884864165589,1,FALSE,FALSE,FALSE,FALSE
"K07790",0.0945,0,0.479,-28.2,39.8,0.0502,NA,"K07790",0.972832600878945,1,FALSE,FALSE,FALSE,FALSE
"K02281",0.164,0,0.713,19.4,52.6,0.0261,NA,"K02281",0.986782133090246,1,FALSE,FALSE,FALSE,FALSE
"K06975",0.741,0,0.0357,103,48.6,0.148,NA,"K06975",0.705533596837945,1,FALSE,FALSE,FALSE,FALSE
"K05350",0.174,0,0.876,-6.62,42.5,0.011,NA,"K05350",0.99005424954792,1,FALSE,FALSE,FALSE,FALSE
"K10241",0.109,0,0.936,5.08,63.2,0.0057,NA,"K10241",0.993854630218267,1,FALSE,FALSE,FALSE,FALSE
"K10240",0.109,0,0.936,5.08,63.2,0.0057,NA,"K10240",0.993854630218267,1,FALSE,FALSE,FALSE,FALSE
"K02027",0.786,0,0.54,22.5,36.6,0.0435,NA,"K02027",0.977198697068404,1,FALSE,FALSE,FALSE,FALSE
"K01322",0.398,0,0.226,54.3,44.7,0.0858,NA,"K01322",0.946765498652291,1,FALSE,FALSE,FALSE,FALSE
"K03303",0.527,0,0.751,-10.9,34.2,0.0225,NA,"K03303",0.986782133090246,1,FALSE,FALSE,FALSE,FALSE
"K18930",0.264,0,0.23,49.5,41.1,0.0851,NA,"K18930",0.946765498652291,1,FALSE,FALSE,FALSE,FALSE
"K05825",0.697,0,0.421,32.1,39.8,0.0571,NA,"K05825",0.962578899909829,1,FALSE,FALSE,FALSE,FALSE
"K07146",0.93,0,0.165,110,78.9,0.0982,NA,"K07146",0.886143931256713,1,FALSE,FALSE,FALSE,FALSE
"K07783",0.179,0,0.864,13.8,80.5,0.0122,NA,"K07783",0.986782133090246,1,FALSE,FALSE,FALSE,FALSE
"K07686",0.134,0,0.0974,166,99.6,0.117,NA,"K07686,K07784",0.808130081300813,1,FALSE,FALSE,FALSE,FALSE
"K09913",0.557,0,0.955,3.63,63.7,0.00403,NA,"K09913",0.997296173044925,1,FALSE,FALSE,FALSE,FALSE
"K13936",0.741,0,0.59,-25.3,46.9,0.0382,NA,"K13936",0.981408107284365,1,FALSE,FALSE,FALSE,FALSE
"K24180",0.507,0,0.883,-5.99,40.7,0.0104,NA,"K24180",0.992143658810326,1,FALSE,FALSE,FALSE,FALSE
"K01737",0.905,0,0.556,33.5,56.7,0.0418,NA,"K01737",0.980945659844743,1,FALSE,FALSE,FALSE,FALSE
"K07136",0.249,0,0.0213,121,52.1,0.162,NA,"K07136",0.608571428571429,1,FALSE,FALSE,FALSE,FALSE
"K13529",0.378,0,0.131,89.1,58.8,0.107,NA,"K13529",0.855345911949686,1,FALSE,FALSE,FALSE,FALSE
"K23773",0.517,0,0.423,-42.6,53,0.0569,NA,"K23773",0.962578899909829,1,FALSE,FALSE,FALSE,FALSE
"K02564",0.522,0,0.557,-22.4,38.2,0.0416,NA,"K02564",0.981390449438202,1,FALSE,FALSE,FALSE,FALSE
"K02562",0.154,0,0.413,81.2,98.9,0.0581,NA,"K02562",0.962578899909829,1,FALSE,FALSE,FALSE,FALSE
"K00009",0.343,0,0.254,57.8,50.5,0.0809,NA,"K00009",0.946765498652291,1,FALSE,FALSE,FALSE,FALSE
"K02800",0.353,0,0.312,51.9,51.3,0.0716,NA,"K02800",0.954968944099379,1,FALSE,FALSE,FALSE,FALSE
"K10679",0.229,0,0.377,-32.4,36.5,0.0627,NA,"K10679",0.960264900662252,1,FALSE,FALSE,FALSE,FALSE
"K12264",0.109,0,0.558,36.7,62.6,0.0416,NA,"K12264,K12265",0.981390449438202,1,FALSE,FALSE,FALSE,FALSE
"K07167",0.269,0,0.719,-20,55.7,0.0255,NA,"K07167",0.986782133090246,1,FALSE,FALSE,FALSE,FALSE
"K01669",0.866,0,0.431,-32.3,40.9,0.0559,NA,"K01669",0.963774597495528,1,FALSE,FALSE,FALSE,FALSE
"K06954",0.517,0,0.199,-42.4,32.9,0.091,NA,"K06954,K09701",0.932126696832579,1,FALSE,FALSE,FALSE,FALSE
"K00574",0.771,0,0.642,28.2,60.6,0.033,NA,"K00574",0.981408107284365,1,FALSE,FALSE,FALSE,FALSE
"K22745",0.0199,0,0.428,56.9,71.8,0.0562,NA,"K22745",0.963529941467807,1,FALSE,FALSE,FALSE,FALSE
"K01724",0.761,0,0.37,44.4,49.4,0.0636,NA,"K01724",0.955578512396694,1,FALSE,FALSE,FALSE,FALSE
"K00500",0.577,0,0.677,-20.4,48.9,0.0295,NA,"K00500",0.986782133090246,1,FALSE,FALSE,FALSE,FALSE
"K01907",0.438,0,0.0108,-134,52.1,0.179,NA,"K01907",0.534188034188034,1,FALSE,FALSE,FALSE,FALSE
"K01800",0.562,0,0.243,71.1,60.7,0.0828,NA,"K01800",0.946765498652291,1,FALSE,FALSE,FALSE,FALSE
"K16171",0.333,0,0.644,23.9,51.6,0.0328,NA,"K16171",0.981408107284365,1,FALSE,FALSE,FALSE,FALSE
"K00451",0.617,0,0.848,8.82,45.9,0.0136,NA,"K00451",0.986782133090246,1,FALSE,FALSE,FALSE,FALSE
"K00457",0.657,0,0.513,32.7,50,0.0464,NA,"K00457",0.975103734439834,1,FALSE,FALSE,FALSE,FALSE
"K09935",0.0299,0,0.576,62.2,111,0.0397,NA,"K09935",0.981408107284365,1,FALSE,FALSE,FALSE,FALSE
"K06957",0.274,0,0.0699,172,94.5,0.128,NA,"K06957",0.751059322033898,1,FALSE,FALSE,FALSE,FALSE
"K09749",0.189,0,0.514,59.8,91.6,0.0463,NA,"K09749",0.975103734439834,1,FALSE,FALSE,FALSE,FALSE
"K10125",0.502,0,0.44,-45.7,59.2,0.0547,NA,"K10125",0.969590127809608,1,FALSE,FALSE,FALSE,FALSE
"K00275",0.841,0,0.995,0.305,50.2,0.000431,NA,"K00275",0.999799839871897,1,FALSE,FALSE,FALSE,FALSE
"K07506",0.577,0,0.451,27.6,36.5,0.0535,NA,"K07506",0.972832600878945,1,FALSE,FALSE,FALSE,FALSE
"K13821",0.811,0,0.661,-40.3,91.8,0.0311,NA,"K13821",0.983363042186572,1,FALSE,FALSE,FALSE,FALSE
"K00318",0.234,0,0.86,-11,62.3,0.0125,NA,"K00318",0.986782133090246,1,FALSE,FALSE,FALSE,FALSE
"K11928",0.552,0,0.0957,-100,59.7,0.118,NA,"K11928",0.808130081300813,1,FALSE,FALSE,FALSE,FALSE
"K18954",0.502,0,0.309,33.6,32.9,0.0722,NA,"K18954",0.954968944099379,1,FALSE,FALSE,FALSE,FALSE
"K18893",0.532,0,0.0811,-115,65.5,0.123,NA,"K18893",0.793542074363992,1,FALSE,FALSE,FALSE,FALSE
"K23475",0.0249,0,0.956,4.36,78.2,0.00395,NA,"K23475",0.997296173044925,1,FALSE,FALSE,FALSE,FALSE
"K03760",0.552,0,0.448,-33.3,43.9,0.0538,NA,"K03760",0.972832600878945,1,FALSE,FALSE,FALSE,FALSE
"K06015",0.353,0,0.00206,92.1,29.5,0.216,NA,"K06015",0.369642857142857,1,FALSE,FALSE,FALSE,FALSE
"K15736",0.169,0,0.134,-53.1,35.3,0.106,NA,"K15736",0.855345911949686,1,FALSE,FALSE,FALSE,FALSE
"K05994",0.0945,0,0.492,-30.9,44.9,0.0487,NA,"K05994",0.975103734439834,1,FALSE,FALSE,FALSE,FALSE
"K07661",0.408,0,0.255,83.3,72.9,0.0807,NA,"K07661",0.946765498652291,1,FALSE,FALSE,FALSE,FALSE
"K01751",0.159,0,0.0684,-72,39.3,0.129,NA,"K01751",0.74835886214442,1,FALSE,FALSE,FALSE,FALSE
"K01799",0.214,0,0.234,38.2,32,0.0843,NA,"K01799",0.946765498652291,1,FALSE,FALSE,FALSE,FALSE
"K02167",0.527,0,0.141,-78,52.8,0.104,NA,"K02167",0.868226600985222,1,FALSE,FALSE,FALSE,FALSE
"K00130",0.677,0,0.339,-40.8,42.6,0.0677,NA,"K00130",0.954968944099379,1,FALSE,FALSE,FALSE,FALSE
"K00108",0.587,0,0.574,-23.4,41.5,0.0399,NA,"K00108",0.981408107284365,1,FALSE,FALSE,FALSE,FALSE
"K18555",0.109,0,0.327,98.6,100,0.0695,NA,"K18555",0.954968944099379,1,FALSE,FALSE,FALSE,FALSE
"K11104",0.0249,0,0.729,-23.8,68.7,0.0246,NA,"K11104",0.986782133090246,1,FALSE,FALSE,FALSE,FALSE
"K03292",0.388,0,0.223,35,28.6,0.0864,NA,"K03292",0.942519019442096,1,FALSE,FALSE,FALSE,FALSE
"K07406",0.184,0,0.407,-45.2,54.4,0.0588,NA,"K07406",0.962578899909829,1,FALSE,FALSE,FALSE,FALSE
"K23237",0.0647,0,0.532,-31.1,49.7,0.0443,NA,"K23237",0.97676107480029,1,FALSE,FALSE,FALSE,FALSE
"K01451",0.363,0,0.0638,-70.3,37.7,0.131,NA,"K01451",0.74835886214442,1,FALSE,FALSE,FALSE,FALSE
"K08323",0.343,0,0.785,9.47,34.6,0.0194,NA,"K08323",0.986782133090246,1,FALSE,FALSE,FALSE,FALSE
"K01488",0.363,0,0.542,-44.2,72.3,0.0433,NA,"K01488",0.979046242774567,1,FALSE,FALSE,FALSE,FALSE
"K01812",0.373,0,0.469,25,34.5,0.0513,NA,"K01812",0.972832600878945,1,FALSE,FALSE,FALSE,FALSE
"K00040",0.229,0,0.985,0.695,36.8,0.00134,NA,"K00040",0.999594073472701,1,FALSE,FALSE,FALSE,FALSE
"K13637",0.0995,0,0.287,-63.1,59.1,0.0755,NA,"K13637",0.949241924851681,1,FALSE,FALSE,FALSE,FALSE
"K01686",0.393,0,0.917,3.8,36.5,0.00737,NA,"K01686",0.992884864165589,1,FALSE,FALSE,FALSE,FALSE
"K00986",0.522,0,0.476,12.3,17.2,0.0506,NA,"K00986",0.972832600878945,1,FALSE,FALSE,FALSE,FALSE
"K21966",0.169,0,0.384,-32.5,37.3,0.0617,NA,"K21966",0.962578899909829,1,FALSE,FALSE,FALSE,FALSE
"K07483",0.657,0,0.873,-3.35,20.8,0.0114,NA,"K07483",0.989347234814143,1,FALSE,FALSE,FALSE,FALSE
"K19092",0.348,0,0.755,7.68,24.6,0.0221,NA,"K19092",0.986782133090246,1,FALSE,FALSE,FALSE,FALSE
"K07496",0.104,0,0.735,13.2,38.8,0.024,NA,"K07496",0.986782133090246,1,FALSE,FALSE,FALSE,FALSE
"K23122",0.0348,0,0.586,-31.8,58.3,0.0387,NA,"K23122",0.981408107284365,1,FALSE,FALSE,FALSE,FALSE
"K25562",0.0945,0,0.704,-26.9,70.6,0.027,NA,"K25562",0.986782133090246,1,FALSE,FALSE,FALSE,FALSE
"K23120",0.0299,0,0.333,-65.8,67.9,0.0686,NA,"K23120",0.954968944099379,1,FALSE,FALSE,FALSE,FALSE
"K02016",0.647,0,0.0648,-67.8,36.5,0.131,NA,"K02016",0.74835886214442,1,FALSE,FALSE,FALSE,FALSE
"K12068",0.0547,0,0.878,8.34,54.1,0.0109,NA,"K12068",0.990747009704356,1,FALSE,FALSE,FALSE,FALSE
"K12067",0.0597,0,0.82,12.1,53.2,0.0162,NA,"K12056,K12057,K12060,K12064,K12065,K12066,K12067,K12072",0.986782133090246,1,FALSE,FALSE,FALSE,FALSE
"K12063",0.0896,0,0.989,0.709,49.7,0.00101,NA,"K12063",0.999799839871897,1,FALSE,FALSE,FALSE,FALSE
"K12061",0.0547,0,0.263,61,54.3,0.0794,NA,"K12061",0.946765498652291,1,FALSE,FALSE,FALSE,FALSE
"K12059",0.0348,0,0.186,96.1,72.5,0.0936,NA,"K12059",0.922473012757606,1,FALSE,FALSE,FALSE,FALSE
"K12058",0.0597,0,0.517,30.7,47.4,0.0459,NA,"K12058",0.975103734439834,1,FALSE,FALSE,FALSE,FALSE
"K00520",0.0448,0,0.0683,102,55.8,0.129,NA,"K00520",0.74835886214442,1,FALSE,FALSE,FALSE,FALSE
"K19058",0.0199,0,0.0537,-127,65.5,0.136,NA,"K19058",0.739189189189189,1,FALSE,FALSE,FALSE,FALSE
"K08364",0.0448,0,0.17,-74.9,54.3,0.0973,NA,"K08364",0.892857142857143,1,FALSE,FALSE,FALSE,FALSE
"K08363",0.0498,0,0.0663,102,55.5,0.13,NA,"K08363",0.74835886214442,1,FALSE,FALSE,FALSE,FALSE
"K08365",0.0846,0,0.615,-17.7,35.2,0.0356,NA,"K08365",0.981408107284365,1,FALSE,FALSE,FALSE,FALSE
"K07498",0.189,0,0.188,-44.6,33.8,0.0932,NA,"K07498",0.922473012757606,1,FALSE,FALSE,FALSE,FALSE
"K04053",0.0348,0,0.959,3.54,68,0.00369,NA,"K04053",0.997296173044925,1,FALSE,FALSE,FALSE,FALSE
"K03222",0.114,0,0.996,-0.251,44.6,0.000399,NA,"K03222",0.999799839871897,1,FALSE,FALSE,FALSE,FALSE
"K02493",0.975,0,0.824,-23.2,104,0.0158,NA,"K02493",0.986782133090246,1,FALSE,FALSE,FALSE,FALSE
"K01627",0.736,0,0.757,31.8,102,0.022,NA,"K00979,K01627",0.986782133090246,1,FALSE,FALSE,FALSE,FALSE
"K11751",0.318,0,0.583,-33.2,60.5,0.0389,NA,"K11751",0.981408107284365,1,FALSE,FALSE,FALSE,FALSE
"K03976",0.866,0,0.665,26.3,60.7,0.0307,NA,"K03976",0.985477178423237,1,FALSE,FALSE,FALSE,FALSE
"K06182",0.697,0,0.0942,120,71.6,0.118,NA,"K06182",0.808130081300813,1,FALSE,FALSE,FALSE,FALSE
"K20918",0.0547,0,0.288,61.9,58.1,0.0753,NA,"K20918",0.949241924851681,1,FALSE,FALSE,FALSE,FALSE
"K04335",0.119,0,0.98,-1.17,46.2,0.0018,NA,"K04335",0.999594073472701,1,FALSE,FALSE,FALSE,FALSE
"K04337",0.144,0,0.214,43.9,35.2,0.0881,NA,"K04337",0.93804537521815,1,FALSE,FALSE,FALSE,FALSE
"K04338",0.159,0,0.342,32.5,34.2,0.0673,NA,"K04338,K06214",0.954968944099379,1,FALSE,FALSE,FALSE,FALSE
"K09973",0.473,0,0.286,-55.1,51.5,0.0756,NA,"K09973",0.949241924851681,1,FALSE,FALSE,FALSE,FALSE
"K17686",0.985,0,0.383,-52.9,60.5,0.0619,NA,"K17686",0.962578899909829,1,FALSE,FALSE,FALSE,FALSE
"K24343",0.164,0,0.555,60.8,103,0.0419,NA,"K21217,K24343,K24344",0.980565371024735,1,FALSE,FALSE,FALSE,FALSE
"K09860",0.179,0,0.622,-48.5,98.1,0.035,NA,"K09860",0.981408107284365,1,FALSE,FALSE,FALSE,FALSE
"K02399",0.657,0,0.338,-41.5,43.2,0.068,NA,"K02399",0.954968944099379,1,FALSE,FALSE,FALSE,FALSE
"K02398",0.677,0,0.056,129,67.2,0.135,NA,"K02398",0.746428571428572,1,FALSE,FALSE,FALSE,FALSE
"K02386",0.667,0,0.778,22.6,80.1,0.02,NA,"K02386,K02392,K02393,K02394",0.986782133090246,1,FALSE,FALSE,FALSE,FALSE
"K00575",0.711,0,0.289,37.3,35.1,0.0752,NA,"K00575",0.949408672798949,1,FALSE,FALSE,FALSE,FALSE
"K02387",0.816,0,0.309,-48.3,47.3,0.0721,NA,"K02387,K02388,K02389,K02408,K02409,K02410,K02416",0.954968944099379,1,FALSE,FALSE,FALSE,FALSE
"K02390",0.786,0,0.362,-41.9,45.9,0.0646,NA,"K02390",0.954968944099379,1,FALSE,FALSE,FALSE,FALSE
"K02391",0.582,0,0.539,21.1,34.3,0.0436,NA,"K02391",0.977157360406091,1,FALSE,FALSE,FALSE,FALSE
"K02395",0.761,0,0.565,22.3,38.7,0.0409,NA,"K02395",0.981408107284365,1,FALSE,FALSE,FALSE,FALSE
"K02396",0.821,0,0.539,-28.6,46.4,0.0436,NA,"K02396",0.977157360406091,1,FALSE,FALSE,FALSE,FALSE
"K02397",0.736,0,0.621,-20.2,40.7,0.0351,NA,"K02397",0.981408107284365,1,FALSE,FALSE,FALSE,FALSE
"K06603",0.433,0,0.655,21.3,47.7,0.0317,NA,"K06603",0.982918789331735,1,FALSE,FALSE,FALSE,FALSE
"K02407",0.716,0,0.989,0.642,44.9,0.00101,NA,"K02407",0.999799839871897,1,FALSE,FALSE,FALSE,FALSE
"K02422",0.721,0,0.756,-14.8,47.5,0.022,NA,"K02422",0.986782133090246,1,FALSE,FALSE,FALSE,FALSE
"K10941",0.378,0,0.816,-18.5,79.7,0.0165,NA,"K10941",0.986782133090246,1,FALSE,FALSE,FALSE,FALSE
"K02411",0.711,0,0.964,1.76,39.2,0.00317,NA,"K02411",0.998756734355574,1,FALSE,FALSE,FALSE,FALSE
"K02412",0.687,0,0.513,-29.4,44.8,0.0464,NA,"K02412",0.975103734439834,1,FALSE,FALSE,FALSE,FALSE
"K02413",0.677,0,0.491,-30.2,43.8,0.0488,NA,"K02413",0.975103734439834,1,FALSE,FALSE,FALSE,FALSE
"K02414",0.682,0,0.826,-8.41,38.1,0.0156,NA,"K02414",0.986782133090246,1,FALSE,FALSE,FALSE,FALSE
"K02417",0.806,0,0.582,-25.2,45.7,0.039,NA,"K02417",0.981408107284365,1,FALSE,FALSE,FALSE,FALSE
"K02418",0.776,0,0.715,-15,41.1,0.0259,NA,"K02418",0.986782133090246,1,FALSE,FALSE,FALSE,FALSE
"K02419",0.806,0,0.486,-32.5,46.6,0.0495,NA,"K02419",0.972832600878945,1,FALSE,FALSE,FALSE,FALSE
"K02420",0.786,0,0.933,-3.13,37.2,0.00596,NA,"K02420",0.993854630218267,1,FALSE,FALSE,FALSE,FALSE
"K02421",0.801,0,0.133,-56.6,37.5,0.106,NA,"K02421",0.855345911949686,1,FALSE,FALSE,FALSE,FALSE
"K02401",0.811,0,0.189,-60.9,46.2,0.0931,NA,"K02401",0.92375366568915,1,FALSE,FALSE,FALSE,FALSE
"K02400",0.796,0,0.802,-11.3,45.1,0.0178,NA,"K02400",0.986782133090246,1,FALSE,FALSE,FALSE,FALSE
"K02404",0.572,0,0.891,-7.38,53.6,0.00976,NA,"K02404",0.992868286160018,1,FALSE,FALSE,FALSE,FALSE
"K04562",0.537,0,0.567,29.2,50.9,0.0406,NA,"K04562",0.981408107284365,1,FALSE,FALSE,FALSE,FALSE
"K02405",0.711,0,0.997,-0.15,46.5,0.00023,NA,"K02405",0.999799839871897,1,FALSE,FALSE,FALSE,FALSE
"K03413",0.746,0,0.756,14.5,46.6,0.0221,NA,"K03413",0.986782133090246,1,FALSE,FALSE,FALSE,FALSE
"K03414",0.517,0,0.798,-15.1,59,0.0181,NA,"K03414",0.986782133090246,1,FALSE,FALSE,FALSE,FALSE
"K03407",0.741,0,0.855,8.02,43.8,0.013,NA,"K03407",0.986782133090246,1,FALSE,FALSE,FALSE,FALSE
"K03412",0.741,0,0.738,15.7,46.7,0.0237,NA,"K03412",0.986782133090246,1,FALSE,FALSE,FALSE,FALSE
"K03408",0.721,0,0.71,17.1,45.9,0.0264,NA,"K03408",0.986782133090246,1,FALSE,FALSE,FALSE,FALSE
"K02193",0.567,0,0.437,-53.8,69.1,0.0552,NA,"K02193",0.968957871396896,1,FALSE,FALSE,FALSE,FALSE
"K02196",0.552,0,0.073,-132,73.3,0.127,NA,"K02196",0.760869565217391,1,FALSE,FALSE,FALSE,FALSE
"K04754",0.582,0,0.3,-78.8,75.8,0.0734,NA,"K04754",0.954968944099379,1,FALSE,FALSE,FALSE,FALSE
"K01782",0.562,0,0.338,46.7,48.7,0.0679,NA,"K01782",0.954968944099379,1,FALSE,FALSE,FALSE,FALSE
"K08296",0.851,0,0.0152,174,71.2,0.171,NA,"K08296",0.575187969924812,1,FALSE,FALSE,FALSE,FALSE
"K07320",0.562,0,0.553,51.7,87,0.0421,NA,"K07320",0.980565371024735,1,FALSE,FALSE,FALSE,FALSE
"K08997",0.915,0,0.308,66,64.7,0.0722,NA,"K08997",0.954968944099379,1,FALSE,FALSE,FALSE,FALSE
"K17315",0.502,0,0.976,1.32,44.4,0.00211,NA,"K17315",0.999594073472701,1,FALSE,FALSE,FALSE,FALSE
"K17316",0.443,0,0.839,9.17,45.1,0.0144,NA,"K17316,K17317",0.986782133090246,1,FALSE,FALSE,FALSE,FALSE
"K15329",0.0498,0,0.619,36,72.3,0.0353,NA,"K15329",0.981408107284365,1,FALSE,FALSE,FALSE,FALSE
"K06133",0.552,0,0.9,-3.55,28.1,0.00893,NA,"K06133",0.992884864165589,1,FALSE,FALSE,FALSE,FALSE
"K03770",0.751,0,0.302,86.7,83.7,0.0732,NA,"K03770",0.954968944099379,1,FALSE,FALSE,FALSE,FALSE
"K02237",0.806,0,0.16,101,71.3,0.0995,NA,"K02237",0.882028665931643,1,FALSE,FALSE,FALSE,FALSE
"K28165",0.184,0,0.0707,141,77.6,0.128,NA,"K28165",0.751059322033898,1,FALSE,FALSE,FALSE,FALSE
"K14260",0.657,0,0.767,19.3,64.9,0.0211,NA,"K14260",0.986782133090246,1,FALSE,FALSE,FALSE,FALSE
"K02552",0.343,0,0.436,59,75.6,0.0552,NA,"K02552",0.968458462905376,1,FALSE,FALSE,FALSE,FALSE
"K02551",0.418,0,0.902,-8.59,69.5,0.00876,NA,"K01661,K02551",0.992884864165589,1,FALSE,FALSE,FALSE,FALSE
"K08680",0.234,0,0.568,48.8,85.2,0.0405,NA,"K08680",0.981408107284365,1,FALSE,FALSE,FALSE,FALSE
"K02549",0.408,0,0.241,65.5,55.7,0.0831,NA,"K02549",0.946765498652291,1,FALSE,FALSE,FALSE,FALSE
"K13636",0.134,0,0.565,35,60.6,0.0409,NA,"K13636",0.981408107284365,1,FALSE,FALSE,FALSE,FALSE
"K05939",0.527,0,0.932,-3.29,38.4,0.00608,NA,"K05939",0.993854630218267,1,FALSE,FALSE,FALSE,FALSE
"K09948",0.403,0,0.47,42.3,58.5,0.0512,NA,"K09948",0.972832600878945,1,FALSE,FALSE,FALSE,FALSE
"K05800",0.473,0,0.238,62.8,53,0.0836,NA,"K05800",0.946765498652291,1,FALSE,FALSE,FALSE,FALSE
"K10805",0.721,0,0.647,25.1,54.9,0.0325,NA,"K10805",0.982685297691373,1,FALSE,FALSE,FALSE,FALSE
"K09914",0.373,0,0.196,49.5,38.2,0.0915,NA,"K09914",0.932126696832579,1,FALSE,FALSE,FALSE,FALSE
"K07443",0.607,0,0.549,35.2,58.6,0.0425,NA,"K07443",0.980565371024735,1,FALSE,FALSE,FALSE,FALSE
"K01580",0.114,0,0.883,5.82,39.5,0.0105,NA,"K01580",0.992143658810326,1,FALSE,FALSE,FALSE,FALSE
"K09924",0.473,0,0.788,-10.1,37.5,0.0191,NA,"K09924",0.986782133090246,1,FALSE,FALSE,FALSE,FALSE
"K00432",0.816,0,0.227,55.3,45.6,0.0857,NA,"K00432",0.946765498652291,1,FALSE,FALSE,FALSE,FALSE
"K22083",0.199,0,0.599,-18.5,35.2,0.0373,NA,"K22083",0.981408107284365,1,FALSE,FALSE,FALSE,FALSE
"K00675",0.393,0,0.736,-13.4,39.8,0.0239,NA,"K00675",0.986782133090246,1,FALSE,FALSE,FALSE,FALSE
"K13639",0.552,0,0.143,46.3,31.5,0.104,NA,"K13639",0.869047619047619,1,FALSE,FALSE,FALSE,FALSE
"K03478",0.284,0,0.577,19.2,34.4,0.0395,NA,"K03478",0.981408107284365,1,FALSE,FALSE,FALSE,FALSE
"K01222",0.318,0,0.122,63.2,40.7,0.109,NA,"K01222",0.855345911949686,1,FALSE,FALSE,FALSE,FALSE
"K03387",0.577,0,0.676,-23,55,0.0297,NA,"K03387",0.986782133090246,1,FALSE,FALSE,FALSE,FALSE
"K24119",0.617,0,0.746,21.5,66.3,0.023,NA,"K24119",0.986782133090246,1,FALSE,FALSE,FALSE,FALSE
"K15986",0.323,0,0.468,56.5,77.7,0.0515,NA,"K15986",0.972832600878945,1,FALSE,FALSE,FALSE,FALSE
"K03098",0.547,0,0.53,31.5,50.1,0.0445,NA,"K03098",0.976418570375829,1,FALSE,FALSE,FALSE,FALSE
"K18301",0.393,0,0.771,-11.4,39.2,0.0206,NA,"K18301",0.986782133090246,1,FALSE,FALSE,FALSE,FALSE
"K02297",0.637,0,0.452,-31.2,41.5,0.0533,NA,"K02297",0.972832600878945,1,FALSE,FALSE,FALSE,FALSE
"K02298",0.602,0,0.215,-56.9,45.7,0.0879,NA,"K02298",0.93804537521815,1,FALSE,FALSE,FALSE,FALSE
"K02299",0.642,0,0.377,-39.1,44.1,0.0627,NA,"K02299,K02300",0.960264900662252,1,FALSE,FALSE,FALSE,FALSE
"K02257",0.955,0,0.284,-72.6,67.6,0.0759,NA,"K02257",0.949241924851681,1,FALSE,FALSE,FALSE,FALSE
"K06075",0.617,0,0.563,24,41.4,0.041,NA,"K06075",0.981408107284365,1,FALSE,FALSE,FALSE,FALSE
"K19736",0.209,0,0.23,53.5,44.5,0.085,NA,"K19736",0.946765498652291,1,FALSE,FALSE,FALSE,FALSE
"K01534",0.677,0,0.492,32.4,47.1,0.0487,NA,"K01534",0.975103734439834,1,FALSE,FALSE,FALSE,FALSE
"K00757",0.259,0,0.854,12.2,66.2,0.013,NA,"K00757",0.986782133090246,1,FALSE,FALSE,FALSE,FALSE
"K02503",0.925,0,0.131,92,60.7,0.107,NA,"K02503",0.855345911949686,1,FALSE,FALSE,FALSE,FALSE
"K09859",0.284,0,0.175,74,54.4,0.0959,NA,"K09859",0.900205761316872,1,FALSE,FALSE,FALSE,FALSE
"K07337",0.353,0,0.0707,99.6,54.8,0.128,NA,"K07337",0.751059322033898,1,FALSE,FALSE,FALSE,FALSE
"K07251",0.234,0,0.319,88.3,88.3,0.0707,NA,"K07251,K08723",0.954968944099379,1,FALSE,FALSE,FALSE,FALSE
"K03885",0.96,0,0.704,32.6,85.7,0.027,NA,"K03885",0.986782133090246,1,FALSE,FALSE,FALSE,FALSE
"K09808",0.736,0,0.103,155,94.4,0.115,NA,"K09808,K09810",0.822683706070288,1,FALSE,FALSE,FALSE,FALSE
"K09928",0.602,0,0.348,50.9,54.1,0.0666,NA,"K09928",0.954968944099379,1,FALSE,FALSE,FALSE,FALSE
"K11085",0.731,0,0.767,12.8,43,0.021,NA,"K11085",0.986782133090246,1,FALSE,FALSE,FALSE,FALSE
"K00912",0.716,0,0.678,-41.5,99.8,0.0294,NA,"K00912",0.986782133090246,1,FALSE,FALSE,FALSE,FALSE
"K09791",0.761,0,0.34,-68.3,71.4,0.0677,NA,"K09791",0.954968944099379,1,FALSE,FALSE,FALSE,FALSE
"K05788",0.682,0,0.761,27.8,91.1,0.0216,NA,"K05788",0.986782133090246,1,FALSE,FALSE,FALSE,FALSE
"K08992",0.791,0,0.291,40.3,38,0.0749,NA,"K08992",0.952225130890052,1,FALSE,FALSE,FALSE,FALSE
"K19804",0.418,0,0.0693,128,70.3,0.128,NA,"K19804",0.748380129589633,1,FALSE,FALSE,FALSE,FALSE
"K06169",0.483,0,0.689,30.7,76.8,0.0284,NA,"K06169",0.986782133090246,1,FALSE,FALSE,FALSE,FALSE
"K13634",0.468,0,0.581,-36.8,66.5,0.0392,NA,"K13634",0.981408107284365,1,FALSE,FALSE,FALSE,FALSE
"K00259",0.657,0,0.0308,108,49.7,0.152,NA,"K00259",0.65531914893617,1,FALSE,FALSE,FALSE,FALSE
"K00833",0.776,0,0.482,32.2,45.8,0.0499,NA,"K00833,K01935",0.972832600878945,1,FALSE,FALSE,FALSE,FALSE
"K01012",0.856,0,0.809,-11,45.6,0.0171,NA,"K01012",0.986782133090246,1,FALSE,FALSE,FALSE,FALSE
"K00652",0.597,0,0.346,-44.7,47.3,0.0668,NA,"K00652",0.954968944099379,1,FALSE,FALSE,FALSE,FALSE
"K02169",0.622,0,0.153,71.5,49.9,0.101,NA,"K02169",0.874717832957111,1,FALSE,FALSE,FALSE,FALSE
"K03799",0.806,0,1,0.000764,44.3,1.22e-06,NA,"K03799",1,1,FALSE,FALSE,FALSE,FALSE
"K00892",0.239,0,0.0658,155,83.5,0.13,NA,"K00892",0.74835886214442,1,FALSE,FALSE,FALSE,FALSE
"K03746",0.502,0,0.00319,115,38.6,0.207,NA,"K03746",0.39875,1,FALSE,FALSE,FALSE,FALSE
"K01693",0.746,0,0.555,-28,47.4,0.0419,NA,"K01693",0.980565371024735,1,FALSE,FALSE,FALSE,FALSE
"K01814",0.846,0,0.206,56.4,44.4,0.0897,NA,"K01814",0.932126696832579,1,FALSE,FALSE,FALSE,FALSE
"K11755",0.448,0,0.0116,186,72.9,0.178,NA,"K11755",0.534188034188034,1,FALSE,FALSE,FALSE,FALSE
"K09858",0.687,0,0.998,0.146,58.7,0.000177,NA,"K09858",0.999799839871897,1,FALSE,FALSE,FALSE,FALSE
"K03269",0.726,0,0.0593,146,77,0.133,NA,"K03269",0.746428571428572,1,FALSE,FALSE,FALSE,FALSE
"K00857",0.741,0,0.494,46.8,68.4,0.0485,NA,"K00857",0.975103734439834,1,FALSE,FALSE,FALSE,FALSE
"K02069",0.299,0,0.112,59.1,37,0.112,NA,"K02069",0.838323353293413,1,FALSE,FALSE,FALSE,FALSE
"K02571",0.214,0,0.502,26.6,39.6,0.0476,NA,"K02571",0.975103734439834,1,FALSE,FALSE,FALSE,FALSE
"K03532",0.0697,0,0.638,46.7,99,0.0334,NA,"K03532",0.981408107284365,1,FALSE,FALSE,FALSE,FALSE
"K07811",0.0498,0,0.61,36.6,71.7,0.0362,NA,"K07647,K07811",0.981408107284365,1,FALSE,FALSE,FALSE,FALSE
"K03974",0.244,0,0.00548,230,82.1,0.195,NA,"K03974",0.421538461538461,1,FALSE,FALSE,FALSE,FALSE
"K03969",0.537,0,0.136,80.7,53.8,0.106,NA,"K03969",0.855345911949686,1,FALSE,FALSE,FALSE,FALSE
"K03970",0.234,0,0.0609,147,78.2,0.132,NA,"K03970",0.746428571428572,1,FALSE,FALSE,FALSE,FALSE
"K03973",0.254,0,0.0175,157,65.5,0.167,NA,"K03973",0.592024539877301,1,FALSE,FALSE,FALSE,FALSE
"K01760",0.756,0,0.416,35.5,43.6,0.0577,NA,"K01760",0.962578899909829,1,FALSE,FALSE,FALSE,FALSE
"K06131",0.896,0,0.99,-0.957,78,0.000869,NA,"K06131",0.999799839871897,1,FALSE,FALSE,FALSE,FALSE
"K05779",0.244,0,0.0668,-101,55,0.13,NA,"K05779",0.74835886214442,1,FALSE,FALSE,FALSE,FALSE
"K05778",0.254,0,0.217,-69.4,56.1,0.0874,NA,"K05777,K05778",0.940207972270364,1,FALSE,FALSE,FALSE,FALSE
"K03668",0.592,0,0.183,-70.1,52.4,0.0943,NA,"K03668",0.918674698795181,1,FALSE,FALSE,FALSE,FALSE
"K06938",0.642,0,0.825,-12.4,55.8,0.0157,NA,"K06938",0.986782133090246,1,FALSE,FALSE,FALSE,FALSE
"K03286",0.746,0,0.0735,176,97.6,0.127,NA,"K03286",0.760869565217391,1,FALSE,FALSE,FALSE,FALSE
"K18979",0.866,0,0.13,203,133,0.107,NA,"K18979",0.855345911949686,1,FALSE,FALSE,FALSE,FALSE
"K01448",0.861,0,0.677,40.9,97.9,0.0296,NA,"K01448",0.986782133090246,1,FALSE,FALSE,FALSE,FALSE
"K03572",0.856,0,0.429,81.9,103,0.0562,NA,"K03572",0.963611859838275,1,FALSE,FALSE,FALSE,FALSE
"K04088",0.721,0,0.651,39.7,87.6,0.0321,NA,"K04088",0.982815797407296,1,FALSE,FALSE,FALSE,FALSE
"K04087",0.721,0,0.651,39.7,87.6,0.0321,NA,"K04087",0.982815797407296,1,FALSE,FALSE,FALSE,FALSE
"K09937",0.373,0,0.921,-4.53,45.8,0.00702,NA,"K09937",0.992884864165589,1,FALSE,FALSE,FALSE,FALSE
"K02963",0.93,0,0.919,11.7,115,0.00726,NA,"K02963",0.992884864165589,1,FALSE,FALSE,FALSE,FALSE
"K01810",0.896,0,0.529,43.7,69.4,0.0446,NA,"K01810",0.976418570375829,1,FALSE,FALSE,FALSE,FALSE
"K03409",0.204,0,0.252,75,65.3,0.0812,NA,"K03409",0.946765498652291,1,FALSE,FALSE,FALSE,FALSE
"K00380",0.617,0,0.259,48.5,42.8,0.0801,NA,"K00380",0.946765498652291,1,FALSE,FALSE,FALSE,FALSE
"K00381",0.721,0,0.268,57.5,51.8,0.0785,NA,"K00381",0.946765498652291,1,FALSE,FALSE,FALSE,FALSE
"K00390",0.856,0,0.118,73.4,46.8,0.11,NA,"K00390",0.851370851370851,1,FALSE,FALSE,FALSE,FALSE
"K14060",0.443,0,0.297,19.6,18.7,0.0739,NA,"K14060",0.953757225433526,1,FALSE,FALSE,FALSE,FALSE
"K00868",0.502,0,0.917,3.99,38.4,0.00738,NA,"K00868",0.992884864165589,1,FALSE,FALSE,FALSE,FALSE
"K01058",0.358,0,0.105,80.9,49.6,0.115,NA,"K01058",0.826771653543307,1,FALSE,FALSE,FALSE,FALSE
"K01007",0.652,0,0.543,23.1,38,0.0431,NA,"K01007",0.979474252790781,1,FALSE,FALSE,FALSE,FALSE
"K03675",0.0746,0,0.516,-55.1,84.6,0.0461,NA,"K03675",0.975103734439834,1,FALSE,FALSE,FALSE,FALSE
"K22230",0.388,0,0.399,36.2,42.8,0.0599,NA,"K22230",0.962578899909829,1,FALSE,FALSE,FALSE,FALSE
"K07394",0.368,0,0.506,35.1,52.7,0.0472,NA,"K07394",0.975103734439834,1,FALSE,FALSE,FALSE,FALSE
"K07222",0.483,0,0.702,-12.1,31.7,0.0271,NA,"K07222",0.986782133090246,1,FALSE,FALSE,FALSE,FALSE
"K05844",0.537,0,0.207,72.6,57.4,0.0894,NA,"K05844",0.933273219116321,1,FALSE,FALSE,FALSE,FALSE
"K13985",0.682,0,0.995,0.178,31.5,0.000401,NA,"K13985",0.999799839871897,1,FALSE,FALSE,FALSE,FALSE
"K14051",0.119,0,0.791,19,71.5,0.0188,NA,"K14051",0.986782133090246,1,FALSE,FALSE,FALSE,FALSE
"K03817",0.313,0,0.218,-60.1,48.7,0.0872,NA,"K03817",0.941226575809199,1,FALSE,FALSE,FALSE,FALSE
"K02821",0.264,0,0.99,0.596,46.1,0.000916,NA,"K02821",0.999799839871897,1,FALSE,FALSE,FALSE,FALSE
"K03475",0.244,0,0.529,31.5,50,0.0447,NA,"K03475",0.976418570375829,1,FALSE,FALSE,FALSE,FALSE
"K02822",0.264,0,0.99,0.596,46.1,0.000916,NA,"K02822",0.999799839871897,1,FALSE,FALSE,FALSE,FALSE
"K13590",0.517,0,0.441,-44.1,57.1,0.0546,NA,"K13590",0.97027972027972,1,FALSE,FALSE,FALSE,FALSE
"K01485",0.647,0,0.792,-9.13,34.5,0.0187,NA,"K01485",0.986782133090246,1,FALSE,FALSE,FALSE,FALSE
"K10974",0.269,0,0.0835,50.6,29.1,0.122,NA,"K10974",0.793621013133208,1,FALSE,FALSE,FALSE,FALSE
"K07005",0.318,0,0.202,-61.4,48,0.0904,NA,"K07005",0.932126696832579,1,FALSE,FALSE,FALSE,FALSE
"K00375",0.796,0,0.447,23.3,30.6,0.054,NA,"K00375",0.972832600878945,1,FALSE,FALSE,FALSE,FALSE
"K16263",0.199,0,0.113,-78.1,49,0.112,NA,"K16263",0.843283582089552,1,FALSE,FALSE,FALSE,FALSE
"K05601",0.159,0,0.541,47.6,77.8,0.0434,NA,"K05601",0.978300180831826,1,FALSE,FALSE,FALSE,FALSE
"K11933",0.0945,0,0.564,39.6,68.5,0.0409,NA,"K11933",0.981408107284365,1,FALSE,FALSE,FALSE,FALSE
"K09915",0.607,0,0.774,-18,62.8,0.0204,NA,"K09915",0.986782133090246,1,FALSE,FALSE,FALSE,FALSE
"K07461",0.657,0,0.481,31.6,44.8,0.05,NA,"K07461",0.972832600878945,1,FALSE,FALSE,FALSE,FALSE
"K10910",0.0597,0,0.656,-44,98.6,0.0316,NA,"K10910",0.982918789331735,1,FALSE,FALSE,FALSE,FALSE
"K04046",0.647,0,0.268,-68.1,61.3,0.0785,NA,"K04046",0.946765498652291,1,FALSE,FALSE,FALSE,FALSE
"K01840",0.254,0,0.409,-39.5,47.7,0.0586,NA,"K01840",0.962578899909829,1,FALSE,FALSE,FALSE,FALSE
"K02275",0.841,0,0.837,10.5,51.1,0.0146,NA,"K02275",0.986782133090246,1,FALSE,FALSE,FALSE,FALSE
"K02274",0.801,0,0.963,2.27,49.1,0.00328,NA,"K02274",0.998756734355574,1,FALSE,FALSE,FALSE,FALSE
"K02258",0.537,0,0.62,25.4,51.2,0.0352,NA,"K02258",0.981408107284365,1,FALSE,FALSE,FALSE,FALSE
"K02276",0.706,0,0.816,11.3,48.4,0.0165,NA,"K02276",0.986782133090246,1,FALSE,FALSE,FALSE,FALSE
"K14998",0.672,0,0.936,-4.01,50.1,0.00567,NA,"K14998",0.993854630218267,1,FALSE,FALSE,FALSE,FALSE
"K02259",0.831,0,0.645,22.7,49.3,0.0326,NA,"K02259",0.981735159817352,1,FALSE,FALSE,FALSE,FALSE
"K09954",0.557,0,0.964,2.74,60.5,0.00321,NA,"K09954",0.998756734355574,1,FALSE,FALSE,FALSE,FALSE
"K16052",0.274,0,0.0908,67,39.4,0.12,NA,"K16052",0.808130081300813,1,FALSE,FALSE,FALSE,FALSE
"K12267",0.229,0,0.282,66.6,61.7,0.0763,NA,"K12267",0.948217888365837,1,FALSE,FALSE,FALSE,FALSE
"K05306",0.313,0,0.389,-38.7,44.8,0.0611,NA,"K05306",0.962578899909829,1,FALSE,FALSE,FALSE,FALSE
"K26913",0.0746,0,0.714,-20.6,56.1,0.026,NA,"K26913",0.986782133090246,1,FALSE,FALSE,FALSE,FALSE
"K03430",0.388,0,0.967,1.69,40.7,0.00295,NA,"K03430",0.99876058665565,1,FALSE,FALSE,FALSE,FALSE
"K02010",0.597,0,0.151,45.2,31.3,0.102,NA,"K02010",0.873842592592593,1,FALSE,FALSE,FALSE,FALSE
"K00851",0.692,0,0.956,2.4,43.3,0.00393,NA,"K00851",0.997296173044925,1,FALSE,FALSE,FALSE,FALSE
"K06145",0.507,0,0.681,-22,53.4,0.0291,NA,"K06145",0.986782133090246,1,FALSE,FALSE,FALSE,FALSE
"K09712",0.119,0,0.263,80.7,71.8,0.0793,NA,"K09712",0.946765498652291,1,FALSE,FALSE,FALSE,FALSE
"K08234",0.498,0,0.021,96.7,41.6,0.163,NA,"K08234",0.606936416184971,1,FALSE,FALSE,FALSE,FALSE
"K00456",0.0299,0,0.968,2.95,73.3,0.00286,NA,"K00456",0.998968008255934,1,FALSE,FALSE,FALSE,FALSE
"K00639",0.716,0,0.359,-34.2,37.2,0.065,NA,"K00639",0.954968944099379,1,FALSE,FALSE,FALSE,FALSE
"K00060",0.602,0,0.413,-28.2,34.4,0.0581,NA,"K00060",0.962578899909829,1,FALSE,FALSE,FALSE,FALSE
"K13954",0.199,0,0.936,-3.93,48.8,0.0057,NA,"K13954",0.993854630218267,1,FALSE,FALSE,FALSE,FALSE
"K07025",0.796,0,0.383,36.1,41.3,0.0618,NA,"K07025",0.962578899909829,1,FALSE,FALSE,FALSE,FALSE
"K03658",0.244,0,0.471,-26.9,37.2,0.0511,NA,"K03658",0.972832600878945,1,FALSE,FALSE,FALSE,FALSE
"K01734",0.637,0,0.276,-49.4,45.2,0.0772,NA,"K01734",0.946765498652291,1,FALSE,FALSE,FALSE,FALSE
"K11930",0.0647,0,0.852,-11.4,60.9,0.0133,NA,"K11930",0.986782133090246,1,FALSE,FALSE,FALSE,FALSE
"K15363",0.0896,0,0.138,89.3,60,0.105,NA,"K15363",0.861423220973783,1,FALSE,FALSE,FALSE,FALSE
"K08177",0.527,0,0.997,0.119,33.1,0.000255,NA,"K08177",0.999799839871897,1,FALSE,FALSE,FALSE,FALSE
"K00882",0.577,0,0.943,3.48,48.3,0.0051,NA,"K00882",0.994306199915647,1,FALSE,FALSE,FALSE,FALSE
"K03435",0.423,0,0.846,11.9,61.1,0.0138,NA,"K03435",0.986782133090246,1,FALSE,FALSE,FALSE,FALSE
"K20074",0.731,0,0.143,57.9,39.4,0.104,NA,"K20074",0.869047619047619,1,FALSE,FALSE,FALSE,FALSE
"K02575",0.761,0,0.0389,69.3,33.3,0.146,NA,"K02575",0.710069444444444,1,FALSE,FALSE,FALSE,FALSE
"K00372",0.766,0,0.522,19.7,30.7,0.0454,NA,"K00372",0.975791433891993,1,FALSE,FALSE,FALSE,FALSE
"K00852",0.796,0,0.403,-40.5,48.4,0.0593,NA,"K00852",0.962578899909829,1,FALSE,FALSE,FALSE,FALSE
"K10439",0.741,0,0.681,17.5,42.4,0.0292,NA,"K10439",0.986782133090246,1,FALSE,FALSE,FALSE,FALSE
"K10440",0.657,0,0.706,-13.4,35.5,0.0268,NA,"K10440",0.986782133090246,1,FALSE,FALSE,FALSE,FALSE
"K23509",0.388,0,0.42,29.9,37,0.0572,NA,"K23509",0.962578899909829,1,FALSE,FALSE,FALSE,FALSE
"K02057",0.234,0,0.66,14.3,32.5,0.0313,NA,"K02057",0.983363042186572,1,FALSE,FALSE,FALSE,FALSE
"K10441",0.607,0,0.736,-12.1,35.8,0.0239,NA,"K10441",0.986782133090246,1,FALSE,FALSE,FALSE,FALSE
"K06726",0.463,0,0.583,-23.1,42.1,0.0389,NA,"K06726",0.981408107284365,1,FALSE,FALSE,FALSE,FALSE
"K17836",0.468,0,0.371,-29.2,32.6,0.0634,NA,"K17836",0.956678700361011,1,FALSE,FALSE,FALSE,FALSE
"K13893",0.473,0,0.2,-86.6,67.3,0.0908,NA,"K13893",0.932126696832579,1,FALSE,FALSE,FALSE,FALSE
"K13894",0.537,0,0.566,-44.8,78,0.0407,NA,"K13894,K13895",0.981408107284365,1,FALSE,FALSE,FALSE,FALSE
"K13896",0.388,0,0.941,-5.22,70.8,0.00522,NA,"K13896",0.993874102239121,1,FALSE,FALSE,FALSE,FALSE
"K14761",0.567,0,0.275,58.8,53.7,0.0774,NA,"K14761",0.946765498652291,1,FALSE,FALSE,FALSE,FALSE
"K02510",0.547,0,0.54,17.1,27.8,0.0435,NA,"K02510",0.977198697068404,1,FALSE,FALSE,FALSE,FALSE
"K15509",0.214,0,0.619,-12,24.2,0.0353,NA,"K15509",0.981408107284365,1,FALSE,FALSE,FALSE,FALSE
"K22187",0.488,0,0.768,8.92,30.1,0.021,NA,"K22187",0.986782133090246,1,FALSE,FALSE,FALSE,FALSE
"K11312",0.124,0,0.43,-41,51.9,0.0559,NA,"K11312",0.963774597495528,1,FALSE,FALSE,FALSE,FALSE
"K03830",0.328,0,0.422,-23.9,29.7,0.057,NA,"K03830",0.962578899909829,1,FALSE,FALSE,FALSE,FALSE
"K09909",0.254,0,0.721,28.7,80.3,0.0253,NA,"K09909",0.986782133090246,1,FALSE,FALSE,FALSE,FALSE
"K00428",0.403,0,0.872,-4.51,27.9,0.0114,NA,"K00428",0.989347234814143,1,FALSE,FALSE,FALSE,FALSE
"K20276",0.308,0,0.653,-12.7,28.2,0.0319,NA,"K20276",0.982841661649609,1,FALSE,FALSE,FALSE,FALSE
"K03446",0.731,0,0.435,-46.3,59.1,0.0554,NA,"K03446",0.968458462905376,1,FALSE,FALSE,FALSE,FALSE
"K03543",0.617,0,0.0909,-97.2,57.2,0.12,NA,"K03543",0.808130081300813,1,FALSE,FALSE,FALSE,FALSE
"K03449",0.826,0,0.0378,-108,51.5,0.147,NA,"K03449",0.710069444444444,1,FALSE,FALSE,FALSE,FALSE
"K01753",0.284,0,0.399,-34,40.2,0.0598,NA,"K01753",0.962578899909829,1,FALSE,FALSE,FALSE,FALSE
"K00281",0.851,0,0.0747,-205,114,0.126,NA,"K00281",0.765368852459016,1,FALSE,FALSE,FALSE,FALSE
"K15034",0.851,0,0.165,83.3,59.8,0.0982,NA,"K15034",0.886143931256713,1,FALSE,FALSE,FALSE,FALSE
"K05805",0.602,0,0.836,-16.6,80.2,0.0147,NA,"K05805",0.986782133090246,1,FALSE,FALSE,FALSE,FALSE
"K03834",0.194,0,0.063,169,90.3,0.131,NA,"K03834",0.746445497630332,1,FALSE,FALSE,FALSE,FALSE
"K08682",0.493,0,0.219,82.4,66.9,0.087,NA,"K08682",0.941226575809199,1,FALSE,FALSE,FALSE,FALSE
"K23988",0.0647,0,0.777,-13.5,47.5,0.0201,NA,"K23988",0.986782133090246,1,FALSE,FALSE,FALSE,FALSE
"K03741",0.567,0,0.614,17.1,33.8,0.0358,NA,"K03741",0.981408107284365,1,FALSE,FALSE,FALSE,FALSE
"K25224",0.224,0,0.42,-35.9,44.5,0.0571,NA,"K25224",0.962578899909829,1,FALSE,FALSE,FALSE,FALSE
"K14645",0.239,0,0.717,16.3,45.1,0.0257,NA,"K14645",0.986782133090246,1,FALSE,FALSE,FALSE,FALSE
"K24138",0.398,0,0.281,-59.8,55.3,0.0765,NA,"K24138",0.946765498652291,1,FALSE,FALSE,FALSE,FALSE
"K07386",0.368,0,0.168,104,75.4,0.0976,NA,"K07386",0.8870116156283,1,FALSE,FALSE,FALSE,FALSE
"K04065",0.264,0,0.34,-43,45,0.0676,NA,"K04065",0.954968944099379,1,FALSE,FALSE,FALSE,FALSE
"K09986",0.418,0,0.94,-5.47,72.6,0.00534,NA,"K09986",0.993874102239121,1,FALSE,FALSE,FALSE,FALSE
"K27835",0.338,0,0.311,58.3,57.5,0.0717,NA,"K27835",0.954968944099379,1,FALSE,FALSE,FALSE,FALSE
"K03926",0.294,0,0.452,39.4,52.2,0.0534,NA,"K03926",0.972832600878945,1,FALSE,FALSE,FALSE,FALSE
"K11354",0.244,0,0.554,24,40.5,0.042,NA,"K11354",0.980565371024735,1,FALSE,FALSE,FALSE,FALSE
"K23997",0.821,0,0.0797,87.5,49.7,0.124,NA,"K23997",0.787549407114624,1,FALSE,FALSE,FALSE,FALSE
"K17758",0.637,0,0.00405,134,46.2,0.202,NA,"K17758",0.41171875,1,FALSE,FALSE,FALSE,FALSE
"K01611",0.532,0,0.0956,58.2,34.8,0.118,NA,"K01611",0.808130081300813,1,FALSE,FALSE,FALSE,FALSE
"K01259",0.463,0,0.386,-32.2,37,0.0615,NA,"K01259",0.962578899909829,1,FALSE,FALSE,FALSE,FALSE
"K20977",0.259,0,0.0907,-135,79.3,0.12,NA,"K20977",0.808130081300813,1,FALSE,FALSE,FALSE,FALSE
"K20978",0.259,0,0.0907,-135,79.3,0.12,NA,"K20978",0.808130081300813,1,FALSE,FALSE,FALSE,FALSE
"K13282",0.199,0,0.755,11.7,37.5,0.0221,NA,"K13282",0.986782133090246,1,FALSE,FALSE,FALSE,FALSE
"K07729",0.358,0,0.873,3.92,24.4,0.0114,NA,"K07729",0.989347234814143,1,FALSE,FALSE,FALSE,FALSE
"K14379",0.0647,0,0.626,-18,36.9,0.0346,NA,"K14379",0.981408107284365,1,FALSE,FALSE,FALSE,FALSE
"K01083",0.224,0,0.744,-9.32,28.6,0.0231,NA,"K01083",0.986782133090246,1,FALSE,FALSE,FALSE,FALSE
"K01303",0.353,0,0.0578,67.2,35.2,0.134,NA,"K01303",0.746428571428572,1,FALSE,FALSE,FALSE,FALSE
"K00980",0.234,0,0.36,22.7,24.8,0.0649,NA,"K00980",0.954968944099379,1,FALSE,FALSE,FALSE,FALSE
"K00973",0.856,0,0.175,37.1,27.3,0.096,NA,"K00973",0.900205761316872,1,FALSE,FALSE,FALSE,FALSE
"K01710",0.856,0,0.175,37.1,27.3,0.096,NA,"K01710",0.900205761316872,1,FALSE,FALSE,FALSE,FALSE
"K02429",0.338,0,0.221,41.4,33.7,0.0868,NA,"K02429",0.941226575809199,1,FALSE,FALSE,FALSE,FALSE
"K15727",0.239,0,0.636,14.8,31.2,0.0336,NA,"K15727",0.981408107284365,1,FALSE,FALSE,FALSE,FALSE
"K06079",0.139,0,0.908,6.25,54.3,0.00817,NA,"K06079",0.992884864165589,1,FALSE,FALSE,FALSE,FALSE
"K01684",0.602,0,0.195,42.2,32.4,0.0918,NA,"K01684",0.931232091690544,1,FALSE,FALSE,FALSE,FALSE
"K18622",0.214,0,0.0584,-65.8,34.5,0.134,NA,"K18622",0.746428571428572,1,FALSE,FALSE,FALSE,FALSE
"K19055",0.418,0,0.271,-44.9,40.7,0.078,NA,"K19055",0.946765498652291,1,FALSE,FALSE,FALSE,FALSE
"K03529",0.816,0,0.61,39.9,78.2,0.0362,NA,"K03529,K05896",0.981408107284365,1,FALSE,FALSE,FALSE,FALSE
"K18159",0.0945,0,0.997,0.268,62,0.000306,NA,"K18159",0.999799839871897,1,FALSE,FALSE,FALSE,FALSE
"K00969",0.94,0,0.713,-34.5,93.5,0.0261,NA,"K00969",0.986782133090246,1,FALSE,FALSE,FALSE,FALSE
"K01761",0.239,0,0.144,61,41.6,0.103,NA,"K01761",0.869047619047619,1,FALSE,FALSE,FALSE,FALSE
"K19707",0.119,0,0.127,53.3,34.8,0.108,NA,"K19707",0.855345911949686,1,FALSE,FALSE,FALSE,FALSE
"K20974",0.303,0,0.364,-39,42.9,0.0644,NA,"K20974",0.954968944099379,1,FALSE,FALSE,FALSE,FALSE
"K11939",0.602,0,0.82,-7.79,34.1,0.0162,NA,"K11939",0.986782133090246,1,FALSE,FALSE,FALSE,FALSE
"K00262",0.577,0,0.0597,49.5,26.1,0.133,NA,"K00262",0.746428571428572,1,FALSE,FALSE,FALSE,FALSE
"K00666",0.512,0,0.00111,122,36.8,0.228,NA,"K00666",0.3075,1,FALSE,FALSE,FALSE,FALSE
"K07705",0.164,0,0.544,27.1,44.6,0.0431,NA,"K07705",0.979474252790781,1,FALSE,FALSE,FALSE,FALSE
"K00311",0.577,0,0.739,24.7,74.1,0.0236,NA,"K00311",0.986782133090246,1,FALSE,FALSE,FALSE,FALSE
"K03521",0.871,0,0.035,117,55.1,0.149,NA,"K03521",0.704819277108434,1,FALSE,FALSE,FALSE,FALSE
"K03522",0.861,0,0.0177,127,53.1,0.167,NA,"K03522",0.592024539877301,1,FALSE,FALSE,FALSE,FALSE
"K00681",0.92,0,0.0601,95.8,50.6,0.133,NA,"K00681",0.746428571428572,1,FALSE,FALSE,FALSE,FALSE
"K22452",0.527,0,0.613,27.4,54.1,0.0359,NA,"K22452",0.981408107284365,1,FALSE,FALSE,FALSE,FALSE
"K00020",0.597,0,0.726,-16.7,47.7,0.0249,NA,"K00020",0.986782133090246,1,FALSE,FALSE,FALSE,FALSE
"K05605",0.657,0,0.216,-59.5,48,0.0876,NA,"K05605",0.938314509122502,1,FALSE,FALSE,FALSE,FALSE
"K11538",0.388,0,0.802,10.4,41.2,0.0178,NA,"K11538",0.986782133090246,1,FALSE,FALSE,FALSE,FALSE
"K00249",0.721,0,0.353,39.1,42,0.0659,NA,"K00249",0.954968944099379,1,FALSE,FALSE,FALSE,FALSE
"K00140",0.9,0,0.0547,-99.6,51.5,0.136,NA,"K00140",0.739189189189189,1,FALSE,FALSE,FALSE,FALSE
"K00253",0.542,0,0.345,66.1,69.8,0.0669,NA,"K00253",0.954968944099379,1,FALSE,FALSE,FALSE,FALSE
"K01969",0.726,0,0.483,46.6,66.4,0.0497,NA,"K01969",0.972832600878945,1,FALSE,FALSE,FALSE,FALSE
"K13766",0.517,0,0.86,11.9,67.6,0.0125,NA,"K13766",0.986782133090246,1,FALSE,FALSE,FALSE,FALSE
"K01968",0.587,0,0.887,-8.76,61.3,0.0101,NA,"K01968",0.992836355495858,1,FALSE,FALSE,FALSE,FALSE
"K01640",0.736,0,0.653,18.2,40.6,0.0319,NA,"K01640",0.982841661649609,1,FALSE,FALSE,FALSE,FALSE
"K01028",0.721,0,0.313,40.2,39.8,0.0715,NA,"K01028",0.954968944099379,1,FALSE,FALSE,FALSE,FALSE
"K01029",0.721,0,0.313,40.2,39.8,0.0715,NA,"K01029",0.954968944099379,1,FALSE,FALSE,FALSE,FALSE
"K09696",0.179,0,0.332,59,60.7,0.0687,NA,"K09696,K09697",0.954968944099379,1,FALSE,FALSE,FALSE,FALSE
"K01992",0.891,0,0.209,-58.4,46.3,0.0889,NA,"K01992",0.936379928315412,1,FALSE,FALSE,FALSE,FALSE
"K18473",0.159,0,0.954,4.13,71.2,0.00411,NA,"K18473",0.997296173044925,1,FALSE,FALSE,FALSE,FALSE
"K06880",0.264,0,0.919,3.11,30.5,0.00721,NA,"K06880",0.992884864165589,1,FALSE,FALSE,FALSE,FALSE
"K07491",0.512,0,0.165,-40.1,28.8,0.0983,NA,"K07491",0.886143931256713,1,FALSE,FALSE,FALSE,FALSE
"K00031",0.756,0,0.984,0.791,39.8,0.00141,NA,"K00031",0.999594073472701,1,FALSE,FALSE,FALSE,FALSE
"K22278",0.682,0,0.171,40.2,29.2,0.097,NA,"K22278",0.893970893970894,1,FALSE,FALSE,FALSE,FALSE
"K02676",0.294,0,0.00826,147,55.2,0.186,NA,"K02676",0.491666666666667,1,FALSE,FALSE,FALSE,FALSE
"K00906",0.463,0,0.146,103,70.6,0.103,NA,"K00906",0.869047619047619,1,FALSE,FALSE,FALSE,FALSE
"K14657",0.368,0,0.891,-3.77,27.5,0.00971,NA,"K14657",0.992868286160018,1,FALSE,FALSE,FALSE,FALSE
"K07165",0.488,0,0.847,8.99,46.4,0.0137,NA,"K07165",0.986782133090246,1,FALSE,FALSE,FALSE,FALSE
"K12251",0.438,0,0.136,46.3,30.9,0.106,NA,"K12251",0.855345911949686,1,FALSE,FALSE,FALSE,FALSE
"K13979",0.642,0,0.721,11.9,33.2,0.0253,NA,"K13979",0.986782133090246,1,FALSE,FALSE,FALSE,FALSE
"K24821",0.274,0,0.93,-4.41,50.2,0.00622,NA,"K24821",0.993589743589744,1,FALSE,FALSE,FALSE,FALSE
"K01690",0.612,0,0.834,9.63,46,0.0148,NA,"K01690",0.986782133090246,1,FALSE,FALSE,FALSE,FALSE
"K00845",0.647,0,0.237,63.1,53.2,0.0838,NA,"K00845",0.946765498652291,1,FALSE,FALSE,FALSE,FALSE
"K20950",0.0299,0,0.781,15.1,54.3,0.0197,NA,"K20950",0.986782133090246,1,FALSE,FALSE,FALSE,FALSE
"K01178",0.0846,0,0.638,26.9,57,0.0334,NA,"K01178",0.981408107284365,1,FALSE,FALSE,FALSE,FALSE
"K16211",0.194,0,0.136,85.5,57.1,0.106,NA,"K16211",0.855345911949686,1,FALSE,FALSE,FALSE,FALSE
"K21575",0.109,0,0.851,11.3,60.2,0.0133,NA,"K21575",0.986782133090246,1,FALSE,FALSE,FALSE,FALSE
"K14266",0.109,0,0.0292,160,72.7,0.154,NA,"K14266",0.653679653679654,1,FALSE,FALSE,FALSE,FALSE
"K01187",0.433,0,0.999,0.0732,46,0.000113,NA,"K01187",0.999799839871897,1,FALSE,FALSE,FALSE,FALSE
"K01286",0.418,0,0.0734,46.8,26,0.127,NA,"K01286",0.760869565217391,1,FALSE,FALSE,FALSE,FALSE
"K01556",0.547,0,0.221,42.5,34.6,0.0868,NA,"K01556",0.941226575809199,1,FALSE,FALSE,FALSE,FALSE
"K16091",0.264,0,0.197,-58.6,45.3,0.0913,NA,"K16091",0.932126696832579,1,FALSE,FALSE,FALSE,FALSE
"K11418",0.139,0,0.059,93.3,49.1,0.133,NA,"K11418",0.746428571428572,1,FALSE,FALSE,FALSE,FALSE
"K22479",0.816,0,0.857,-5.49,30.4,0.0128,NA,"K22479",0.986782133090246,1,FALSE,FALSE,FALSE,FALSE
"K07734",0.692,0,0.66,-13.4,30.5,0.0313,NA,"K07734",0.983363042186572,1,FALSE,FALSE,FALSE,FALSE
"K07052",0.771,0,0.953,2.85,48.1,0.00419,NA,"K07052",0.997296173044925,1,FALSE,FALSE,FALSE,FALSE
"K18988",0.204,0,0.335,37.2,38.5,0.0684,NA,"K18988",0.954968944099379,1,FALSE,FALSE,FALSE,FALSE
"K12976",0.418,0,0.27,-46.7,42.3,0.0781,NA,"K12976",0.946765498652291,1,FALSE,FALSE,FALSE,FALSE
"K09933",0.542,0,0.607,30.5,59.2,0.0365,NA,"K09933",0.981408107284365,1,FALSE,FALSE,FALSE,FALSE
"K19271",0.299,0,0.897,6.43,49.4,0.00923,NA,"K19271",0.992884864165589,1,FALSE,FALSE,FALSE,FALSE
"K00263",0.433,0,0.22,-55.1,44.8,0.0869,NA,"K00263",0.941226575809199,1,FALSE,FALSE,FALSE,FALSE
"K19784",0.791,0,0.16,46.4,32.9,0.0995,NA,"K19784",0.882028665931643,1,FALSE,FALSE,FALSE,FALSE
"K03411",0.478,0,0.000892,127,37.6,0.233,NA,"K03411",0.3075,1,FALSE,FALSE,FALSE,FALSE
"K21478",0.0896,0,0.154,145,101,0.101,NA,"K21478",0.874717832957111,1,FALSE,FALSE,FALSE,FALSE
"K02106",0.353,0,0.829,-6.72,31.1,0.0153,NA,"K02106",0.986782133090246,1,FALSE,FALSE,FALSE,FALSE
"K00797",0.567,0,0.127,57.4,37.5,0.108,NA,"K00797",0.855345911949686,1,FALSE,FALSE,FALSE,FALSE
"K16053",0.438,0,0.872,7.52,46.5,0.0115,NA,"K16053",0.989347234814143,1,FALSE,FALSE,FALSE,FALSE
"K01113",0.572,0,0.0263,68.7,30.7,0.157,NA,"K01113",0.650684931506849,1,FALSE,FALSE,FALSE,FALSE
"K17231",0.154,0,0.897,9.88,75.9,0.00923,NA,"K17231",0.992884864165589,1,FALSE,FALSE,FALSE,FALSE
"K02302",0.622,0,0.198,60.6,47,0.0911,NA,"K02302",0.932126696832579,1,FALSE,FALSE,FALSE,FALSE
"K07663",0.308,0,0.933,-3.59,42.9,0.00593,NA,"K07663",0.993854630218267,1,FALSE,FALSE,FALSE,FALSE
"K07641",0.308,0,0.933,-3.59,42.9,0.00593,NA,"K07641",0.993854630218267,1,FALSE,FALSE,FALSE,FALSE
"K06143",0.333,0,0.824,8.85,39.7,0.0158,NA,"K06143",0.986782133090246,1,FALSE,FALSE,FALSE,FALSE
"K11621",0.174,0,0.738,-15.4,45.8,0.0238,NA,"K11621",0.986782133090246,1,FALSE,FALSE,FALSE,FALSE
"K07215",0.239,0,0.951,-2.35,38.2,0.00435,NA,"K07215",0.996646405365751,1,FALSE,FALSE,FALSE,FALSE
"K08981",0.373,0,0.578,42.3,75.8,0.0395,NA,"K08981",0.981408107284365,1,FALSE,FALSE,FALSE,FALSE
"K04047",0.9,0,0.88,-8.97,59.4,0.0107,NA,"K04047",0.991437584497522,1,FALSE,FALSE,FALSE,FALSE
"K07445",0.0398,0,0.658,24.8,55.9,0.0314,NA,"K07445",0.98326359832636,1,FALSE,FALSE,FALSE,FALSE
"K00641",0.587,0,0.522,31.4,49,0.0454,NA,"K00641",0.975791433891993,1,FALSE,FALSE,FALSE,FALSE
"K00019",0.667,0,0.859,7.04,39.4,0.0127,NA,"K00019",0.986782133090246,1,FALSE,FALSE,FALSE,FALSE
"K07221",0.189,0,0.0586,62.7,33,0.134,NA,"K07221",0.746428571428572,1,FALSE,FALSE,FALSE,FALSE
"K02081",0.169,0,0.0864,60.3,35,0.121,NA,"K02081",0.8,1,FALSE,FALSE,FALSE,FALSE
"K16371",0.159,0,0.896,6.9,52.6,0.0093,NA,"K16371",0.992884864165589,1,FALSE,FALSE,FALSE,FALSE
"K02082",0.124,0,0.625,-21.2,43.4,0.0347,NA,"K02082",0.981408107284365,1,FALSE,FALSE,FALSE,FALSE
"K02079",0.0498,0,0.726,23.5,67.1,0.0249,NA,"K02079",0.986782133090246,1,FALSE,FALSE,FALSE,FALSE
"K00899",0.338,0,0.00515,121,42.8,0.197,NA,"K00899",0.41171875,1,FALSE,FALSE,FALSE,FALSE
"K08963",0.542,0,0.0258,91.8,40.9,0.157,NA,"K08963",0.650684931506849,1,FALSE,FALSE,FALSE,FALSE
"K08967",0.463,0,0.00764,116,43,0.188,NA,"K08967",0.460240963855422,1,FALSE,FALSE,FALSE,FALSE
"K09880",0.313,0,0.00162,129,40.3,0.221,NA,"K09880",0.3375,1,FALSE,FALSE,FALSE,FALSE
"K08964",0.438,0,0.00107,131,39.3,0.229,NA,"K08964",0.3075,1,FALSE,FALSE,FALSE,FALSE
"K14287",0.473,0,0.127,68.1,44.4,0.108,NA,"K14287",0.855345911949686,1,FALSE,FALSE,FALSE,FALSE
"K07029",0.682,0,0.375,-37.3,42,0.0628,NA,"K07029",0.959079283887468,1,FALSE,FALSE,FALSE,FALSE
"K09940",0.483,0,0.968,-1.98,50,0.0028,NA,"K09940",0.998968008255934,1,FALSE,FALSE,FALSE,FALSE
"K01434",0.483,0,0.339,30.8,32.1,0.0678,NA,"K01434",0.954968944099379,1,FALSE,FALSE,FALSE,FALSE
"K11741",0.731,0,0.523,-29,45.3,0.0454,NA,"K11741",0.975791433891993,1,FALSE,FALSE,FALSE,FALSE
"K02172",0.418,0,0.57,36.6,64.2,0.0403,NA,"K02172",0.981408107284365,1,FALSE,FALSE,FALSE,FALSE
"K02171",0.423,0,0.341,63.1,66.1,0.0675,NA,"K02171",0.954968944099379,1,FALSE,FALSE,FALSE,FALSE
"K06999",0.896,0,0.873,-10.6,66.4,0.0114,NA,"K06999",0.989347234814143,1,FALSE,FALSE,FALSE,FALSE
"K02496",0.527,0,0.989,1.04,72.7,0.00101,NA,"K02496",0.999799839871897,1,FALSE,FALSE,FALSE,FALSE
"K03182",0.607,0,0.0205,105,45,0.163,NA,"K03182",0.604651162790698,1,FALSE,FALSE,FALSE,FALSE
"K01302",0.189,0,0.0278,193,87.1,0.155,NA,"K01302",0.650684931506849,1,FALSE,FALSE,FALSE,FALSE
"K03732",0.468,0,0.955,3.76,67,0.00398,NA,"K03732",0.997296173044925,1,FALSE,FALSE,FALSE,FALSE
"K01305",0.0896,0,0.33,53.5,54.8,0.0691,NA,"K01305",0.954968944099379,1,FALSE,FALSE,FALSE,FALSE
"K05986",0.169,0,0.0485,123,62.1,0.139,NA,"K05986",0.736151603498542,1,FALSE,FALSE,FALSE,FALSE
"K01407",0.159,0,0.485,62.3,89.1,0.0495,NA,"K01407",0.972832600878945,1,FALSE,FALSE,FALSE,FALSE
"K09974",0.154,0,0.323,35.8,36.2,0.07,NA,"K09974",0.954968944099379,1,FALSE,FALSE,FALSE,FALSE
"K09136",0.612,0,0.559,19.6,33.6,0.0415,NA,"K09136",0.981390449438202,1,FALSE,FALSE,FALSE,FALSE
"K02226",0.269,0,0.803,9.2,36.7,0.0177,NA,"K02226",0.986782133090246,1,FALSE,FALSE,FALSE,FALSE
"K08973",0.587,0,0.894,10.5,78.7,0.00948,NA,"K08973",0.992884864165589,1,FALSE,FALSE,FALSE,FALSE
"K07284",0.413,0,0.729,18.7,54,0.0246,NA,"K07284",0.986782133090246,1,FALSE,FALSE,FALSE,FALSE
"K14980",0.204,0,0.339,61.8,64.5,0.0678,NA,"K14980",0.954968944099379,1,FALSE,FALSE,FALSE,FALSE
"K07715",0.184,0,0.00589,185,66.6,0.194,NA,"K07715",0.426811594202899,1,FALSE,FALSE,FALSE,FALSE
"K07711",0.229,0,0.00265,198,64.9,0.211,NA,"K07711",0.383783783783784,1,FALSE,FALSE,FALSE,FALSE
"K07101",0.224,0,0.696,-23.1,59,0.0277,NA,"K07101",0.986782133090246,1,FALSE,FALSE,FALSE,FALSE
"K07116",0.204,0,0.129,74.2,48.6,0.107,NA,"K07116",0.855345911949686,1,FALSE,FALSE,FALSE,FALSE
"K16088",0.418,0,0.242,44.3,37.7,0.0829,NA,"K16088",0.946765498652291,1,FALSE,FALSE,FALSE,FALSE
"K09989",0.502,0,0.941,4.54,60.8,0.00529,NA,"K09989",0.993874102239121,1,FALSE,FALSE,FALSE,FALSE
"K16092",0.512,0,0.0488,75.3,38,0.139,NA,"K16092",0.736151603498542,1,FALSE,FALSE,FALSE,FALSE
"K04095",0.527,0,0.857,4.03,22.4,0.0128,NA,"K04095",0.986782133090246,1,FALSE,FALSE,FALSE,FALSE
"K03925",0.92,0,0.362,-64,70,0.0647,NA,"K03925",0.954968944099379,1,FALSE,FALSE,FALSE,FALSE
"K07778",0.308,0,0.612,21.9,43.1,0.036,NA,"K07778",0.981408107284365,1,FALSE,FALSE,FALSE,FALSE
"K07693",0.294,0,0.492,35.7,51.9,0.0487,NA,"K07693",0.975103734439834,1,FALSE,FALSE,FALSE,FALSE
"K02686",0.199,0,0.65,24,52.7,0.0322,NA,"K02686",0.982815797407296,1,FALSE,FALSE,FALSE,FALSE
"K16074",0.592,0,0.0528,97.7,50.1,0.137,NA,"K16074",0.739189189189189,1,FALSE,FALSE,FALSE,FALSE
"K03654",0.851,0,0.985,1.05,57,0.0013,NA,"K03654",0.999594073472701,1,FALSE,FALSE,FALSE,FALSE
"K01073",0.219,0,0.278,75,69,0.0769,NA,"K01073",0.946765498652291,1,FALSE,FALSE,FALSE,FALSE
"K00556",0.254,0,0.312,72.2,71.2,0.0717,NA,"K00556",0.954968944099379,1,FALSE,FALSE,FALSE,FALSE
"K01914",0.224,0,0.0619,97,51.7,0.132,NA,"K01914",0.746428571428572,1,FALSE,FALSE,FALSE,FALSE
"K20976",0.323,0,0.0855,73.7,42.7,0.122,NA,"K20976",0.794609665427509,1,FALSE,FALSE,FALSE,FALSE
"K19294",0.264,0,0.639,19.4,41.4,0.0332,NA,"K19294",0.981408107284365,1,FALSE,FALSE,FALSE,FALSE
"K19609",0.209,0,0.177,-52.5,38.7,0.0956,NA,"K19609",0.905834186284544,1,FALSE,FALSE,FALSE,FALSE
"K09007",0.378,0,0.62,-23.3,47,0.0352,NA,"K09007",0.981408107284365,1,FALSE,FALSE,FALSE,FALSE
"K07688",0.0945,0,0.21,65.6,52.2,0.0889,NA,"K07688",0.936663693131133,1,FALSE,FALSE,FALSE,FALSE
"K03455",0.289,0,0.069,83.9,45.9,0.129,NA,"K03455",0.748380129589633,1,FALSE,FALSE,FALSE,FALSE
"K02168",0.403,0,0.296,-34.2,32.6,0.0741,NA,"K02168",0.952380952380952,1,FALSE,FALSE,FALSE,FALSE
"K05564",0.453,0,0.583,-35.9,65.2,0.039,NA,"K05559,K05560,K05561,K05562,K05563,K05564",0.981408107284365,1,FALSE,FALSE,FALSE,FALSE
"K05565",0.711,0,0.504,-38.7,57.8,0.0474,NA,"K05565",0.975103734439834,1,FALSE,FALSE,FALSE,FALSE
"K05566",0.706,0,0.867,9.6,57.3,0.0119,NA,"K05566",0.987021857923497,1,FALSE,FALSE,FALSE,FALSE
"K09857",0.463,0,0.454,-46.3,61.7,0.0531,NA,"K09857",0.972832600878945,1,FALSE,FALSE,FALSE,FALSE
"K15012",0.488,0,0.999,0.0763,74.8,7.23e-05,NA,"K15011,K15012",0.999799839871897,1,FALSE,FALSE,FALSE,FALSE
"K00657",0.612,0,0.223,-47.2,38.7,0.0863,NA,"K00657",0.942519019442096,1,FALSE,FALSE,FALSE,FALSE
"K15726",0.318,0,0.468,27.1,37.3,0.0515,NA,"K15726",0.972832600878945,1,FALSE,FALSE,FALSE,FALSE
"K03594",0.667,0,0.982,-1.48,65.3,0.00161,NA,"K03594",0.999594073472701,1,FALSE,FALSE,FALSE,FALSE
"K02192",0.458,0,0.149,55.5,38.3,0.102,NA,"K02192",0.873108265424913,1,FALSE,FALSE,FALSE,FALSE
"K09978",0.229,0,0.0221,123,53.2,0.161,NA,"K09978",0.613888888888889,1,FALSE,FALSE,FALSE,FALSE
"K01118",0.746,0,0.472,27,37.4,0.051,NA,"K01118",0.972832600878945,1,FALSE,FALSE,FALSE,FALSE
"K21469",0.149,0,0.538,49.6,80.4,0.0437,NA,"K21469",0.97676107480029,1,FALSE,FALSE,FALSE,FALSE
"K11066",0.498,0,0.319,57.1,57.2,0.0706,NA,"K11066",0.954968944099379,1,FALSE,FALSE,FALSE,FALSE
"K08989",0.393,0,0.917,3.82,36.6,0.0074,NA,"K08989",0.992884864165589,1,FALSE,FALSE,FALSE,FALSE
"K09980",0.184,0,0.0366,-96.7,46,0.148,NA,"K09980",0.710069444444444,1,FALSE,FALSE,FALSE,FALSE
"K09919",0.572,0,0.157,-95.9,67.5,0.1,NA,"K09919",0.878754171301446,1,FALSE,FALSE,FALSE,FALSE
"K01254",0.119,0,0.587,42.2,77.6,0.0385,NA,"K01254",0.981408107284365,1,FALSE,FALSE,FALSE,FALSE
"K03525",0.627,0,0.439,58.9,75.9,0.0549,NA,"K03525",0.96952296819788,1,FALSE,FALSE,FALSE,FALSE
"K07257",0.0896,0,0.556,24.2,41,0.0418,NA,"K07257",0.980945659844743,1,FALSE,FALSE,FALSE,FALSE
"K00662",0.189,0,0.147,54.9,37.7,0.103,NA,"K00662",0.871613663133098,1,FALSE,FALSE,FALSE,FALSE
"K03676",0.607,0,0.204,-96.1,75.5,0.0899,NA,"K03676",0.932126696832579,1,FALSE,FALSE,FALSE,FALSE
"K02472",0.358,0,0.476,19,26.6,0.0505,NA,"K02472",0.972832600878945,1,FALSE,FALSE,FALSE,FALSE
"K24336",0.0498,0,0.498,34.7,51.1,0.0481,NA,"K24280,K24336",0.975103734439834,1,FALSE,FALSE,FALSE,FALSE
"K24282",0.0348,0,0.399,44.7,52.9,0.0598,NA,"K24282",0.962578899909829,1,FALSE,FALSE,FALSE,FALSE
"K24284",0.0498,0,0.556,31.7,53.8,0.0418,NA,"K24284",0.980945659844743,1,FALSE,FALSE,FALSE,FALSE
"K24281",0.0398,0,0.536,35.3,57,0.0439,NA,"K24281",0.97676107480029,1,FALSE,FALSE,FALSE,FALSE
"K24283",0.0448,0,0.373,47.4,53.1,0.0632,NA,"K24283",0.957883923985619,1,FALSE,FALSE,FALSE,FALSE
"K24310",0.264,0,0.811,6.95,29,0.017,NA,"K24310",0.986782133090246,1,FALSE,FALSE,FALSE,FALSE
"K13012",0.139,0,0.797,7.35,28.6,0.0182,NA,"K13012",0.986782133090246,1,FALSE,FALSE,FALSE,FALSE
"K24300",0.368,0,0.836,5.61,27.1,0.0147,NA,"K24300",0.986782133090246,1,FALSE,FALSE,FALSE,FALSE
"K00690",0.199,0,0.394,-43.5,50.9,0.0604,NA,"K00690",0.962578899909829,1,FALSE,FALSE,FALSE,FALSE
"K13693",0.154,0,0.0163,-117,48.3,0.169,NA,"K13693",0.58041958041958,1,FALSE,FALSE,FALSE,FALSE
"K15918",0.149,0,0.399,67.8,80.2,0.0598,NA,"K15918",0.962578899909829,1,FALSE,FALSE,FALSE,FALSE
"K07026",0.174,0,0.0443,-103,50.7,0.142,NA,"K07026",0.733118971061093,1,FALSE,FALSE,FALSE,FALSE
"K03153",0.652,0,0.76,-15.1,49.3,0.0217,NA,"K03153",0.986782133090246,1,FALSE,FALSE,FALSE,FALSE
"K14153",0.139,0,0.212,97.4,77.9,0.0883,NA,"K14153",0.93804537521815,1,FALSE,FALSE,FALSE,FALSE
"K02116",0.662,0,0.669,-12,28.1,0.0304,NA,"K02116",0.986143867924528,1,FALSE,FALSE,FALSE,FALSE
"K08998",0.567,0,0.52,26.1,40.5,0.0456,NA,"K08998",0.975791433891993,1,FALSE,FALSE,FALSE,FALSE
"K01271",0.249,0,0.0854,127,73.6,0.122,NA,"K01271",0.794609665427509,1,FALSE,FALSE,FALSE,FALSE
"K06886",0.697,0,0.538,-27.3,44.2,0.0437,NA,"K06886",0.97676107480029,1,FALSE,FALSE,FALSE,FALSE
"K02674",0.338,0,0.1,72.7,44.1,0.116,NA,"K02674",0.811688311688312,1,FALSE,FALSE,FALSE,FALSE
"K02672",0.448,0,0.311,47.6,46.9,0.0718,NA,"K02672",0.954968944099379,1,FALSE,FALSE,FALSE,FALSE
"K00557",0.418,0,0.925,7.01,74.8,0.00665,NA,"K00557",0.993562231759657,1,FALSE,FALSE,FALSE,FALSE
"K13877",0.463,0,0.956,2.13,38.5,0.00392,NA,"K13877",0.997296173044925,1,FALSE,FALSE,FALSE,FALSE
"K12658",0.373,0,0.0505,79.4,40.3,0.138,NA,"K12658",0.736151603498542,1,FALSE,FALSE,FALSE,FALSE
"K21060",0.0398,0,0.883,-7.95,53.8,0.0105,NA,"K21060",0.992143658810326,1,FALSE,FALSE,FALSE,FALSE
"K00847",0.746,0,0.497,19.7,29,0.0482,NA,"K00847",0.975103734439834,1,FALSE,FALSE,FALSE,FALSE
"K01194",0.204,0,0.511,-23.5,35.7,0.0466,NA,"K01194",0.975103734439834,1,FALSE,FALSE,FALSE,FALSE
"K09004",0.149,0,0.934,-3.73,45.1,0.00585,NA,"K09004",0.993854630218267,1,FALSE,FALSE,FALSE,FALSE
"K07059",0.249,0,0.339,-35,36.4,0.0678,NA,"K07059",0.954968944099379,1,FALSE,FALSE,FALSE,FALSE
"K01484",0.438,0,0.443,53.8,70,0.0544,NA,"K01484",0.97027972027972,1,FALSE,FALSE,FALSE,FALSE
"K05520",0.811,0,0.00697,-99.6,36.5,0.19,NA,"K05520",0.443037974683544,1,FALSE,FALSE,FALSE,FALSE
"K03777",0.224,0,0.646,17.7,38.5,0.0326,NA,"K03777",0.982658959537572,1,FALSE,FALSE,FALSE,FALSE
"K19775",0.124,0,0.613,-29.5,58.2,0.0359,NA,"K19775",0.981408107284365,1,FALSE,FALSE,FALSE,FALSE
"K08191",0.478,0,0.767,10.6,35.6,0.0211,NA,"K08191",0.986782133090246,1,FALSE,FALSE,FALSE,FALSE
"K09822",0.0398,0,0.279,-74.3,68.5,0.0767,NA,"K09822",0.946765498652291,1,FALSE,FALSE,FALSE,FALSE
"K11941",0.114,0,0.094,70.1,41.6,0.118,NA,"K11941",0.808130081300813,1,FALSE,FALSE,FALSE,FALSE
"K07667",0.637,0,0.621,24.1,48.7,0.0351,NA,"K07667",0.981408107284365,1,FALSE,FALSE,FALSE,FALSE
"K05555",0.418,0,0.58,-20.2,36.4,0.0392,NA,"K05555",0.981408107284365,1,FALSE,FALSE,FALSE,FALSE
"K09890",0.373,0,0.872,11.1,69,0.0114,NA,"K09890",0.989347234814143,1,FALSE,FALSE,FALSE,FALSE
"K22210",0.279,0,0.439,29.4,37.9,0.0549,NA,"K22210",0.96952296819788,1,FALSE,FALSE,FALSE,FALSE
"K00355",0.642,0,0.723,12.4,34.9,0.0251,NA,"K00355",0.986782133090246,1,FALSE,FALSE,FALSE,FALSE
"K03782",0.667,0,0.447,-24.9,32.7,0.0539,NA,"K03782",0.972832600878945,1,FALSE,FALSE,FALSE,FALSE
"K01278",0.174,0,0.213,84.4,67.5,0.0883,NA,"K01278",0.93804537521815,1,FALSE,FALSE,FALSE,FALSE
"K10748",0.209,0,0.11,80,49.8,0.113,NA,"K10748",0.83710407239819,1,FALSE,FALSE,FALSE,FALSE
"K09773",0.796,0,0.568,28.4,49.7,0.0405,NA,"K09773",0.981408107284365,1,FALSE,FALSE,FALSE,FALSE
"K24160",0.363,0,0.536,16.8,27.1,0.0439,NA,"K24160",0.97676107480029,1,FALSE,FALSE,FALSE,FALSE
"K01750",0.328,0,0.983,-0.705,32.2,0.00155,NA,"K01750",0.999594073472701,1,FALSE,FALSE,FALSE,FALSE
"K03503",0.338,0,0.79,8.3,31,0.0189,NA,"K03503",0.986782133090246,1,FALSE,FALSE,FALSE,FALSE
"K03502",0.378,0,0.931,2.51,28.9,0.00617,NA,"K03502",0.993808710503843,1,FALSE,FALSE,FALSE,FALSE
"K08714",0.144,0,0.0393,-125,60.4,0.145,NA,"K08714",0.710069444444444,1,FALSE,FALSE,FALSE,FALSE
"K23753",0.204,0,0.198,-89.1,69,0.0912,NA,"K23753",0.932126696832579,1,FALSE,FALSE,FALSE,FALSE
"K13953",0.642,0,0.725,-11.3,32,0.025,NA,"K13953",0.986782133090246,1,FALSE,FALSE,FALSE,FALSE
"K01444",0.124,0,0.347,50.1,53.2,0.0666,NA,"K01444",0.954968944099379,1,FALSE,FALSE,FALSE,FALSE
"K26288",0.0547,0,0.818,-14.9,64.9,0.0163,NA,"K26288",0.986782133090246,1,FALSE,FALSE,FALSE,FALSE
"K26059",0.0846,0,0.652,21.3,47,0.032,NA,"K26059",0.982815797407296,1,FALSE,FALSE,FALSE,FALSE
"K02761",0.229,0,0.936,3.91,48.5,0.00571,NA,"K02761",0.993854630218267,1,FALSE,FALSE,FALSE,FALSE
"K01053",0.517,0,0.114,39,24.6,0.112,NA,"K01053",0.844444444444444,1,FALSE,FALSE,FALSE,FALSE
"K07270",0.139,0,0.145,74,50.6,0.103,NA,"K07270",0.869047619047619,1,FALSE,FALSE,FALSE,FALSE
"K00030",0.154,0,0.185,117,88.1,0.0938,NA,"K00030",0.920398009950249,1,FALSE,FALSE,FALSE,FALSE
"K07148",0.542,0,0.205,46.1,36.2,0.0898,NA,"K07148",0.932126696832579,1,FALSE,FALSE,FALSE,FALSE
"K01214",0.552,0,0.397,-31.7,37.3,0.06,NA,"K01214",0.962578899909829,1,FALSE,FALSE,FALSE,FALSE
"K01467",0.478,0,0.125,-55.8,36.2,0.109,NA,"K01467",0.855345911949686,1,FALSE,FALSE,FALSE,FALSE
"K21698",0.313,0,0.425,45.6,57,0.0566,NA,"K21698",0.962578899909829,1,FALSE,FALSE,FALSE,FALSE
"K01284",0.463,0,0.302,61.4,59.3,0.0732,NA,"K01284",0.954968944099379,1,FALSE,FALSE,FALSE,FALSE
"K01555",0.428,0,0.866,6.83,40.3,0.012,NA,"K01555",0.986782133090246,1,FALSE,FALSE,FALSE,FALSE
"K01932",0.0995,0,0.441,51.5,66.7,0.0547,NA,"K01932,K22116",0.97027972027972,1,FALSE,FALSE,FALSE,FALSE
"K22310",0.527,0,0.522,-26.7,41.7,0.0454,NA,"K22310",0.975791433891993,1,FALSE,FALSE,FALSE,FALSE
"K12972",0.672,0,0.94,-2.71,35.9,0.00535,NA,"K12972",0.993874102239121,1,FALSE,FALSE,FALSE,FALSE
"K08082",0.204,0,0.169,93.6,67.8,0.0974,NA,"K08082",0.889473684210526,1,FALSE,FALSE,FALSE,FALSE
"K08083",0.358,0,0.584,33.7,61.4,0.0388,NA,"K08083",0.981408107284365,1,FALSE,FALSE,FALSE,FALSE
"K09797",0.119,0,0.308,65.1,63.7,0.0723,NA,"K09797",0.954968944099379,1,FALSE,FALSE,FALSE,FALSE
"K00992",0.557,0,0.962,3.04,64,0.00337,NA,"K00992",0.99875415282392,1,FALSE,FALSE,FALSE,FALSE
"K07102",0.562,0,0.712,25.3,68.5,0.0262,NA,"K07102",0.986782133090246,1,FALSE,FALSE,FALSE,FALSE
"K03807",0.343,0,0.84,16.2,79.8,0.0144,NA,"K03807",0.986782133090246,1,FALSE,FALSE,FALSE,FALSE
"K02652",0.368,0,0.272,48,43.6,0.0778,NA,"K02652",0.946765498652291,1,FALSE,FALSE,FALSE,FALSE
"K09798",0.448,0,0.984,1.12,55.4,0.00144,NA,"K09798",0.999594073472701,1,FALSE,FALSE,FALSE,FALSE
"K07265",0.269,0,0.635,14.5,30.5,0.0337,NA,"K07265",0.981408107284365,1,FALSE,FALSE,FALSE,FALSE
"K09699",0.597,0,0.285,56,52.3,0.0757,NA,"K09699",0.949241924851681,1,FALSE,FALSE,FALSE,FALSE
"K00167",0.617,0,0.62,23.7,47.9,0.0351,NA,"K00167",0.981408107284365,1,FALSE,FALSE,FALSE,FALSE
"K00166",0.557,0,0.165,70.1,50.2,0.0984,NA,"K00166",0.886143931256713,1,FALSE,FALSE,FALSE,FALSE
"K22292",0.408,0,0.998,-0.14,63.6,0.000156,NA,"K22292",0.999799839871897,1,FALSE,FALSE,FALSE,FALSE
"K16264",0.532,0,0.194,48.7,37.4,0.0919,NA,"K16264",0.931232091690544,1,FALSE,FALSE,FALSE,FALSE
"K15725",0.254,0,0.729,-13.2,38.1,0.0246,NA,"K15725",0.986782133090246,1,FALSE,FALSE,FALSE,FALSE
"K12146",0.0896,0,0.834,13.6,64.9,0.0149,NA,"K12146",0.986782133090246,1,FALSE,FALSE,FALSE,FALSE
"K15836",0.129,0,0.298,36.7,35.2,0.0737,NA,"K15836",0.954968944099379,1,FALSE,FALSE,FALSE,FALSE
"K06024",0.811,0,0.117,112,71.1,0.111,NA,"K06024",0.851370851370851,1,FALSE,FALSE,FALSE,FALSE
"K09707",0.159,0,0.703,-26.1,68.3,0.0271,NA,"K09707",0.986782133090246,1,FALSE,FALSE,FALSE,FALSE
"K25494",0.159,0,0.693,-22,55.6,0.028,NA,"K25494",0.986782133090246,1,FALSE,FALSE,FALSE,FALSE
"K00459",0.846,0,0.222,54.3,44.3,0.0866,NA,"K00459",0.942519019442096,1,FALSE,FALSE,FALSE,FALSE
"K05349",0.617,0,0.979,-0.822,30.8,0.00189,NA,"K05349",0.999594073472701,1,FALSE,FALSE,FALSE,FALSE
"K06200",0.567,0,0.445,32.8,42.9,0.0542,NA,"K06200",0.971191619380183,1,FALSE,FALSE,FALSE,FALSE
"K27802",0.846,0,0.906,8.22,69.6,0.00837,NA,"K27802",0.992884864165589,1,FALSE,FALSE,FALSE,FALSE
"K20881",0.368,0,0.0524,140,71.7,0.137,NA,"K20881",0.739189189189189,1,FALSE,FALSE,FALSE,FALSE
"K01494",0.801,0,0.721,19.6,54.7,0.0253,NA,"K01494",0.986782133090246,1,FALSE,FALSE,FALSE,FALSE
"K20971",0.214,0,0.216,-67.2,54.2,0.0876,NA,"K20971",0.938314509122502,1,FALSE,FALSE,FALSE,FALSE
"K01609",0.836,0,0.925,4.83,51.4,0.00665,NA,"K01609",0.993562231759657,1,FALSE,FALSE,FALSE,FALSE
"K07660",0.403,0,0.409,51,61.6,0.0585,NA,"K07660",0.962578899909829,1,FALSE,FALSE,FALSE,FALSE
"K11744",0.423,0,0.0726,-60.5,33.5,0.127,NA,"K11744",0.760869565217391,1,FALSE,FALSE,FALSE,FALSE
"K05297",0.174,0,0.245,87.4,74.9,0.0824,NA,"K05297",0.946765498652291,1,FALSE,FALSE,FALSE,FALSE
"K17382",0.0498,0,0.774,11.9,41.4,0.0204,NA,"K17382",0.986782133090246,1,FALSE,FALSE,FALSE,FALSE
"K01297",0.692,0,0.0302,79.5,36.4,0.153,NA,"K01297",0.653679653679654,1,FALSE,FALSE,FALSE,FALSE
"K03894",0.0398,0,0.168,128,92.9,0.0976,NA,"K03894,K03897",0.8870116156283,1,FALSE,FALSE,FALSE,FALSE
"K03705",0.582,0,0.713,-24.3,66.1,0.0261,NA,"K03705",0.986782133090246,1,FALSE,FALSE,FALSE,FALSE
"K01283",0.114,0,0.00366,143,48.8,0.204,NA,"K01283",0.41171875,1,FALSE,FALSE,FALSE,FALSE
"K10763",0.512,0,0.232,92.8,77.4,0.0847,NA,"K10763",0.946765498652291,1,FALSE,FALSE,FALSE,FALSE
"K13695",0.174,0,0.0361,148,70,0.148,NA,"K13695",0.710069444444444,1,FALSE,FALSE,FALSE,FALSE
"K13694",0.229,0,0.322,59.3,59.7,0.0702,NA,"K13694",0.954968944099379,1,FALSE,FALSE,FALSE,FALSE
"K02099",0.279,0,0.549,22.5,37.5,0.0425,NA,"K02099",0.980565371024735,1,FALSE,FALSE,FALSE,FALSE
"K21703",0.229,0,0.434,44.6,56.9,0.0555,NA,"K21703",0.968317715305667,1,FALSE,FALSE,FALSE,FALSE
"K00558",0.512,0,0.754,-5.44,17.3,0.0222,NA,"K00558",0.986782133090246,1,FALSE,FALSE,FALSE,FALSE
"K03284",0.856,0,0.123,-99.5,64.2,0.109,NA,"K03284",0.855345911949686,1,FALSE,FALSE,FALSE,FALSE
"K11897",0.249,0,0.737,11.3,33.6,0.0239,NA,"K11897",0.986782133090246,1,FALSE,FALSE,FALSE,FALSE
"K11899",0.0498,0,0.528,29.8,47.2,0.0448,NA,"K11899",0.976418570375829,1,FALSE,FALSE,FALSE,FALSE
"K11890",0.264,0,0.401,28.4,33.8,0.0596,NA,"K11890",0.962578899909829,1,FALSE,FALSE,FALSE,FALSE
"K11915",0.154,0,0.938,3.01,38.4,0.00556,NA,"K11915",0.993854630218267,1,FALSE,FALSE,FALSE,FALSE
"K03744",0.622,0,0.621,20.7,41.8,0.035,NA,"K03744",0.981408107284365,1,FALSE,FALSE,FALSE,FALSE
"K23061",0.209,0,0.485,34.2,48.9,0.0496,NA,"K23061,K23062,K23063,K23064",0.972832600878945,1,FALSE,FALSE,FALSE,FALSE
"K06894",0.552,0,0.526,26.7,42,0.0449,NA,"K06894",0.975881261595547,1,FALSE,FALSE,FALSE,FALSE
"K05367",0.383,0,0.155,49.8,34.9,0.101,NA,"K05367",0.874717832957111,1,FALSE,FALSE,FALSE,FALSE
"K09157",0.0299,0,0.149,-93.6,64.6,0.102,NA,"K09157",0.873108265424913,1,FALSE,FALSE,FALSE,FALSE
"K07124",0.746,0,0.2,-47.7,37.1,0.0907,NA,"K07124",0.932126696832579,1,FALSE,FALSE,FALSE,FALSE
"K24217",0.502,0,0.114,-56.6,35.7,0.112,NA,"K24217",0.844444444444444,1,FALSE,FALSE,FALSE,FALSE
"K09011",0.0448,0,0.806,-21.4,87.1,0.0174,NA,"K09011",0.986782133090246,1,FALSE,FALSE,FALSE,FALSE
"K19173",0.0299,0,0.395,-44.5,52.2,0.0603,NA,"K19173,K19174",0.962578899909829,1,FALSE,FALSE,FALSE,FALSE
"K19175",0.0547,0,0.554,-23.7,40.1,0.0419,NA,"K19175",0.980565371024735,1,FALSE,FALSE,FALSE,FALSE
"K19172",0.0746,0,0.947,2.64,40,0.00469,NA,"K19172",0.996632287939381,1,FALSE,FALSE,FALSE,FALSE
"K19171",0.0796,0,0.467,28.4,38.9,0.0516,NA,"K19171",0.972832600878945,1,FALSE,FALSE,FALSE,FALSE
"K19170",0.104,0,0.919,-3.36,33.2,0.00717,NA,"K19170",0.992884864165589,1,FALSE,FALSE,FALSE,FALSE
"K19169",0.114,0,0.594,-17.1,32,0.0378,NA,"K19169",0.981408107284365,1,FALSE,FALSE,FALSE,FALSE
"K00620",0.677,0,0.329,-67.1,68.6,0.0692,NA,"K00620",0.954968944099379,1,FALSE,FALSE,FALSE,FALSE
"K22320",0.149,0,0.0571,-86.9,45.4,0.134,NA,"K22320",0.746428571428572,1,FALSE,FALSE,FALSE,FALSE
"K22319",0.0945,0,0.099,-87.9,53,0.117,NA,"K22319",0.808130081300813,1,FALSE,FALSE,FALSE,FALSE
"K22318",0.0547,0,0.902,-9.5,76.8,0.00877,NA,"K22318",0.992884864165589,1,FALSE,FALSE,FALSE,FALSE
"K22317",0.144,0,0.105,-75.6,46.3,0.115,NA,"K22317",0.826771653543307,1,FALSE,FALSE,FALSE,FALSE
"K22302",0.114,0,0.294,-32.4,30.8,0.0743,NA,"K22302",0.952380952380952,1,FALSE,FALSE,FALSE,FALSE
"K02574",0.0547,0,0.0398,191,92.3,0.145,NA,"K02574",0.710069444444444,1,FALSE,FALSE,FALSE,FALSE
"K02573",0.0547,0,0.0398,191,92.3,0.145,NA,"K02573",0.710069444444444,1,FALSE,FALSE,FALSE,FALSE
"K01520",0.781,0,0.421,36.4,45.1,0.0571,NA,"K01520",0.962578899909829,1,FALSE,FALSE,FALSE,FALSE
"K05895",0.433,0,0.00277,-163,53.8,0.21,NA,"K05895",0.383783783783784,1,FALSE,FALSE,FALSE,FALSE
"K14347",0.577,0,0.183,-55.6,41.6,0.0944,NA,"K14347",0.918674698795181,1,FALSE,FALSE,FALSE,FALSE
"K00784",0.557,0,0.292,31.4,29.7,0.0746,NA,"K00784",0.952380952380952,1,FALSE,FALSE,FALSE,FALSE
"K23743",0.124,0,0.905,-5.57,46.5,0.00848,NA,"K23743",0.992884864165589,1,FALSE,FALSE,FALSE,FALSE
"K28317",0.0498,0,0.663,31.6,72.2,0.031,NA,"K28317",0.983679525222552,1,FALSE,FALSE,FALSE,FALSE
"K06402",0.234,0,0.177,58.1,42.8,0.0957,NA,"K06402",0.905834186284544,1,FALSE,FALSE,FALSE,FALSE
"K05567",0.383,0,0.907,6.38,54.5,0.0083,NA,"K05567",0.992884864165589,1,FALSE,FALSE,FALSE,FALSE
"K05571",0.418,0,0.415,-43.6,53.3,0.0578,NA,"K05571",0.962578899909829,1,FALSE,FALSE,FALSE,FALSE
"K18353",0.109,0,0.768,13.3,44.9,0.0209,NA,"K18353",0.986782133090246,1,FALSE,FALSE,FALSE,FALSE
"K04749",0.259,0,0.06,78.3,41.4,0.133,NA,"K04749",0.746428571428572,1,FALSE,FALSE,FALSE,FALSE
"K09689",0.204,0,0.48,29.3,41.4,0.0501,NA,"K09689,K10107",0.972832600878945,1,FALSE,FALSE,FALSE,FALSE
"K06320",0.194,0,0.849,5.87,30.8,0.0135,NA,"K06320",0.986782133090246,1,FALSE,FALSE,FALSE,FALSE
"K09688",0.199,0,0.506,25.8,38.8,0.0471,NA,"K09688",0.975103734439834,1,FALSE,FALSE,FALSE,FALSE
"K28186",0.144,0,0.177,54.3,40.1,0.0957,NA,"K28186",0.905834186284544,1,FALSE,FALSE,FALSE,FALSE
"K00116",0.567,0,0.586,-24.8,45.4,0.0386,NA,"K00116",0.981408107284365,1,FALSE,FALSE,FALSE,FALSE
"K21429",0.0299,0,0.441,40.5,52.6,0.0546,NA,"K21429",0.97027972027972,1,FALSE,FALSE,FALSE,FALSE
"K13683",0.0746,0,0.0842,87.6,50.5,0.122,NA,"K13683",0.793621013133208,1,FALSE,FALSE,FALSE,FALSE
"K02377",0.244,0,0.146,37.9,25.9,0.103,NA,"K02377",0.869047619047619,1,FALSE,FALSE,FALSE,FALSE
"K01711",0.443,0,0.41,17.1,20.7,0.0584,NA,"K01711",0.962578899909829,1,FALSE,FALSE,FALSE,FALSE
"K03207",0.0995,0,0.489,33.6,48.5,0.0491,NA,"K03207",0.975103734439834,1,FALSE,FALSE,FALSE,FALSE
"K07248",0.343,0,0.329,26.3,26.9,0.0692,NA,"K07248",0.954968944099379,1,FALSE,FALSE,FALSE,FALSE
"K01174",0.353,0,0.782,9.43,34.1,0.0196,NA,"K01174",0.986782133090246,1,FALSE,FALSE,FALSE,FALSE
"K03291",0.254,0,0.858,8.37,46.6,0.0127,NA,"K03291",0.986782133090246,1,FALSE,FALSE,FALSE,FALSE
"K04517",0.736,0,0.254,-77.7,68,0.0808,NA,"K04517",0.946765498652291,1,FALSE,FALSE,FALSE,FALSE
"K01192",0.219,0,0.932,-3.2,37.5,0.00605,NA,"K01192",0.993854630218267,1,FALSE,FALSE,FALSE,FALSE
"K02498",0.557,0,0.174,-85,62.2,0.0963,NA,"K02498",0.898760330578512,1,FALSE,FALSE,FALSE,FALSE
"K10778",0.577,0,0.965,-1.62,37.1,0.00309,NA,"K10778",0.99876058665565,1,FALSE,FALSE,FALSE,FALSE
"K03810",0.159,0,0.0461,114,56.7,0.141,NA,"K03810",0.736151603498542,1,FALSE,FALSE,FALSE,FALSE
"K05946",0.234,0,0.349,33.5,35.7,0.0664,NA,"K05946",0.954968944099379,1,FALSE,FALSE,FALSE,FALSE
"K19333",0.284,0,0.0218,110,47.7,0.162,NA,"K19333",0.612359550561798,1,FALSE,FALSE,FALSE,FALSE
"K18581",0.209,0,0.145,53.6,36.7,0.103,NA,"K18581",0.869047619047619,1,FALSE,FALSE,FALSE,FALSE
"K15652",0.119,0,0.481,-44.9,63.7,0.0499,NA,"K15652",0.972832600878945,1,FALSE,FALSE,FALSE,FALSE
"K24112",0.0896,0,0.121,-122,78.6,0.11,NA,"K24112",0.855345911949686,1,FALSE,FALSE,FALSE,FALSE
"K24110",0.0846,0,0.391,-52.5,61.1,0.0608,NA,"K24110",0.962578899909829,1,FALSE,FALSE,FALSE,FALSE
"K24109",0.0846,0,0.771,-25.9,88.7,0.0207,NA,"K24109",0.986782133090246,1,FALSE,FALSE,FALSE,FALSE
"K24108",0.169,0,0.947,5.58,83.1,0.00476,NA,"K24108",0.996632287939381,1,FALSE,FALSE,FALSE,FALSE
"K27502",0.0697,0,0.0941,126,74.9,0.118,NA,"K27502",0.808130081300813,1,FALSE,FALSE,FALSE,FALSE
"K27684",0.0697,0,0.0941,126,74.9,0.118,NA,"K27684",0.808130081300813,1,FALSE,FALSE,FALSE,FALSE
"K02007",0.0647,0,0.572,-51.8,91.4,0.0401,NA,"K02007,K02008",0.981408107284365,1,FALSE,FALSE,FALSE,FALSE
"K16915",0.0348,0,0.0271,132,59.3,0.156,NA,"K16915",0.650684931506849,1,FALSE,FALSE,FALSE,FALSE
"K03404",0.0299,0,0.63,-41.1,85.2,0.0342,NA,"K03404",0.981408107284365,1,FALSE,FALSE,FALSE,FALSE
"K03405",0.388,0,0.00117,-158,47.8,0.227,NA,"K03405",0.3075,1,FALSE,FALSE,FALSE,FALSE
"K02224",0.493,0,0.118,-86.3,54.9,0.111,NA,"K02224",0.851370851370851,1,FALSE,FALSE,FALSE,FALSE
"K02188",0.284,0,0.597,-28.5,53.8,0.0375,NA,"K02188",0.981408107284365,1,FALSE,FALSE,FALSE,FALSE
"K06042",0.448,0,0.00252,-181,59.1,0.212,NA,"K00595,K02189,K03394,K05936,K06042",0.383783783783784,1,FALSE,FALSE,FALSE,FALSE
"K02234",0.438,0,0.0335,-93.5,43.7,0.15,NA,"K02234",0.683673469387755,1,FALSE,FALSE,FALSE,FALSE
"K02230",0.393,0,0.0014,-178,54.9,0.224,NA,"K02230",0.320454545454545,1,FALSE,FALSE,FALSE,FALSE
"K03795",0.239,0,0.744,-14.4,44,0.0232,NA,"K03795",0.986782133090246,1,FALSE,FALSE,FALSE,FALSE
"K02225",0.373,0,0.0428,-119,58.5,0.143,NA,"K02225",0.725423728813559,1,FALSE,FALSE,FALSE,FALSE
"K03148",0.244,0,0.372,56.4,63.1,0.0633,NA,"K03148",0.957282552753474,1,FALSE,FALSE,FALSE,FALSE
"K03150",0.189,0,0.696,-21.4,54.7,0.0277,NA,"K03150",0.986782133090246,1,FALSE,FALSE,FALSE,FALSE
"K00067",0.687,0,0.765,-7.37,24.7,0.0212,NA,"K00067",0.986782133090246,1,FALSE,FALSE,FALSE,FALSE
"K01790",0.677,0,0.856,4.7,25.8,0.0129,NA,"K01790",0.986782133090246,1,FALSE,FALSE,FALSE,FALSE
"K01021",0.109,0,0.498,-31.3,46,0.0481,NA,"K01021",0.975103734439834,1,FALSE,FALSE,FALSE,FALSE
"K23164",0.383,0,0.575,14.2,25.4,0.0398,NA,"K23164",0.981408107284365,1,FALSE,FALSE,FALSE,FALSE
"K19159",0.204,0,0.662,-12.3,28.2,0.031,NA,"K19159",0.983363042186572,1,FALSE,FALSE,FALSE,FALSE
"K19158",0.179,0,0.619,-14.6,29.4,0.0353,NA,"K19158",0.981408107284365,1,FALSE,FALSE,FALSE,FALSE
"K06080",0.129,0,0.697,37.6,96.5,0.0276,NA,"K06080",0.986782133090246,1,FALSE,FALSE,FALSE,FALSE
"K02673",0.398,0,0.294,46.1,43.8,0.0744,NA,"K02673",0.952380952380952,1,FALSE,FALSE,FALSE,FALSE
"K28854",0.189,0,0.834,15.1,72.2,0.0149,NA,"K28854",0.986782133090246,1,FALSE,FALSE,FALSE,FALSE
"K02843",0.353,0,0.976,1.7,56.6,0.00213,NA,"K02843",0.999594073472701,1,FALSE,FALSE,FALSE,FALSE
"K02849",0.0796,0,0.119,149,95.4,0.11,NA,"K02849",0.853658536585366,1,FALSE,FALSE,FALSE,FALSE
"K01579",0.711,0,0.161,55.2,39.2,0.0993,NA,"K01579",0.88235294117647,1,FALSE,FALSE,FALSE,FALSE
"K02647",0.373,0,0.462,-39.3,53.4,0.0522,NA,"K02647",0.972832600878945,1,FALSE,FALSE,FALSE,FALSE
"K17247",0.552,0,0.775,-13.3,46.4,0.0203,NA,"K17247",0.986782133090246,1,FALSE,FALSE,FALSE,FALSE
"K07147",0.557,0,0.679,-26.1,63,0.0293,NA,"K07147",0.986782133090246,1,FALSE,FALSE,FALSE,FALSE
"K03606",0.174,0,0.0213,85.5,36.8,0.162,NA,"K03606",0.608571428571429,1,FALSE,FALSE,FALSE,FALSE
"K18554",0.119,0,0.673,24.8,58.8,0.0299,NA,"K18554",0.986782133090246,1,FALSE,FALSE,FALSE,FALSE
"K22441",0.418,0,0.797,-9.84,38.3,0.0182,NA,"K22441",0.986782133090246,1,FALSE,FALSE,FALSE,FALSE
"K16135",0.458,0,0.478,23.8,33.5,0.0503,NA,"K16135",0.972832600878945,1,FALSE,FALSE,FALSE,FALSE
"K03928",0.259,0,0.365,-41.8,46,0.0643,NA,"K03928",0.954968944099379,1,FALSE,FALSE,FALSE,FALSE
"K07192",0.353,0,0.162,52.2,37.2,0.099,NA,"K07192",0.88235294117647,1,FALSE,FALSE,FALSE,FALSE
"K21005",0.0199,0,0.906,-8.72,73.7,0.00838,NA,"K21005",0.992884864165589,1,FALSE,FALSE,FALSE,FALSE
"K18479",0.303,0,0.614,-14.6,29,0.0357,NA,"K18479",0.981408107284365,1,FALSE,FALSE,FALSE,FALSE
"K02056",0.433,0,0.653,15.2,33.9,0.0319,NA,"K02056",0.982841661649609,1,FALSE,FALSE,FALSE,FALSE
"K01304",0.244,0,0.891,3.95,28.7,0.00977,NA,"K01304",0.992868286160018,1,FALSE,FALSE,FALSE,FALSE
"K01815",0.433,0,0.269,-33.3,30.1,0.0783,NA,"K01815",0.946765498652291,1,FALSE,FALSE,FALSE,FALSE
"K03119",0.303,0,0.872,6.66,41.3,0.0114,NA,"K03119",0.989347234814143,1,FALSE,FALSE,FALSE,FALSE
"K23188",0.388,0,0.44,-27.1,34.9,0.0548,NA,"K23188",0.969590127809608,1,FALSE,FALSE,FALSE,FALSE
"K23187",0.264,0,0.413,-29.9,36.5,0.058,NA,"K23187",0.962578899909829,1,FALSE,FALSE,FALSE,FALSE
"K23186",0.274,0,0.486,-24.3,34.9,0.0494,NA,"K23186",0.972832600878945,1,FALSE,FALSE,FALSE,FALSE
"K23185",0.109,0,0.491,-42.5,61.5,0.0489,NA,"K23185",0.975103734439834,1,FALSE,FALSE,FALSE,FALSE
"K00216",0.204,0,0.245,-54.2,46.5,0.0823,NA,"K00216",0.946765498652291,1,FALSE,FALSE,FALSE,FALSE
"K02361",0.199,0,0.283,-55.4,51.5,0.076,NA,"K02361",0.949027498323273,1,FALSE,FALSE,FALSE,FALSE
"K02363",0.194,0,0.579,-31,55.9,0.0393,NA,"K02363",0.981408107284365,1,FALSE,FALSE,FALSE,FALSE
"K01252",0.189,0,0.936,-4.32,53.6,0.00571,NA,"K01252",0.993854630218267,1,FALSE,FALSE,FALSE,FALSE
"K04782",0.269,0,0.518,-26,40.1,0.0459,NA,"K04782",0.975791433891993,1,FALSE,FALSE,FALSE,FALSE
"K01788",0.239,0,0.61,-19.8,38.7,0.0361,NA,"K01788",0.981408107284365,1,FALSE,FALSE,FALSE,FALSE
"K07154",0.507,0,0.976,0.611,20.5,0.00212,NA,"K07154",0.999594073472701,1,FALSE,FALSE,FALSE,FALSE
"K12243",0.0746,0,0.316,63.2,62.8,0.0711,NA,"K12243",0.954968944099379,1,FALSE,FALSE,FALSE,FALSE
"K14698",0.0249,0,0.492,57.1,83,0.0487,NA,"K14698",0.975103734439834,1,FALSE,FALSE,FALSE,FALSE
"K14699",0.0199,0,0.628,-40.5,83.3,0.0344,NA,"K14699",0.981408107284365,1,FALSE,FALSE,FALSE,FALSE
"K07120",0.473,0,0.537,-34.4,55.6,0.0438,NA,"K07120",0.97676107480029,1,FALSE,FALSE,FALSE,FALSE
"K01034",0.0995,0,0.516,-78,120,0.0461,NA,"K01034",0.975103734439834,1,FALSE,FALSE,FALSE,FALSE
"K01035",0.0597,0,0.668,-47.4,110,0.0304,NA,"K01035",0.985832349468713,1,FALSE,FALSE,FALSE,FALSE
"K15532",0.284,0,0.77,11,37.6,0.0207,NA,"K15532",0.986782133090246,1,FALSE,FALSE,FALSE,FALSE
"K13633",0.592,0,0.0137,-107,43.1,0.174,NA,"K13633",0.566115702479339,1,FALSE,FALSE,FALSE,FALSE
"K01821",0.592,0,0.216,39.7,32,0.0877,NA,"K01821",0.938314509122502,1,FALSE,FALSE,FALSE,FALSE
"K11909",0.0498,0,0.851,22.7,121,0.0133,NA,"K11908,K11909",0.986782133090246,1,FALSE,FALSE,FALSE,FALSE
"K11894",0.104,0,0.744,16.1,49.3,0.0231,NA,"K11894",0.986782133090246,1,FALSE,FALSE,FALSE,FALSE
"K13700",0.129,0,0.847,-12.2,63.1,0.0137,NA,"K13700",0.986782133090246,1,FALSE,FALSE,FALSE,FALSE
"K06991",0.418,0,0.185,41.5,31.2,0.0939,NA,"K06991",0.920398009950249,1,FALSE,FALSE,FALSE,FALSE
"K03453",0.627,0,0.335,27.1,28.1,0.0684,NA,"K03453",0.954968944099379,1,FALSE,FALSE,FALSE,FALSE
"K05813",0.388,0,0.571,-22.9,40.4,0.0402,NA,"K05813",0.981408107284365,1,FALSE,FALSE,FALSE,FALSE
"K05814",0.408,0,0.33,-35.3,36.1,0.0691,NA,"K05814",0.954968944099379,1,FALSE,FALSE,FALSE,FALSE
"K00449",0.428,0,0.0271,-103,46.1,0.156,NA,"K00449",0.650684931506849,1,FALSE,FALSE,FALSE,FALSE
"K03331",0.134,0,0.117,-54.4,34.6,0.111,NA,"K03331",0.851370851370851,1,FALSE,FALSE,FALSE,FALSE
"K05982",0.159,0,0.0418,85.9,41.9,0.144,NA,"K05982",0.718213058419244,1,FALSE,FALSE,FALSE,FALSE
"K23492",0.0547,0,0.575,-29.3,52.1,0.0398,NA,"K23492",0.981408107284365,1,FALSE,FALSE,FALSE,FALSE
"K00484",0.159,0,0.625,-25.7,52.4,0.0347,NA,"K00484",0.981408107284365,1,FALSE,FALSE,FALSE,FALSE
"K02509",0.348,0,0.878,5.85,38.1,0.0109,NA,"K02509",0.990747009704356,1,FALSE,FALSE,FALSE,FALSE
"K05921",0.224,0,0.983,0.799,36.9,0.00154,NA,"K05921",0.999594073472701,1,FALSE,FALSE,FALSE,FALSE
"K00151",0.378,0,0.822,-8.96,39.8,0.016,NA,"K00151",0.986782133090246,1,FALSE,FALSE,FALSE,FALSE
"K00455",0.159,0,0.829,8.96,41.4,0.0153,NA,"K00455",0.986782133090246,1,FALSE,FALSE,FALSE,FALSE
"K09471",0.522,0,0.625,-20.6,42.2,0.0346,NA,"K09471",0.981408107284365,1,FALSE,FALSE,FALSE,FALSE
"K06995",0.453,0,0.997,0.148,35.7,0.000295,NA,"K06995",0.999799839871897,1,FALSE,FALSE,FALSE,FALSE
"K02508",0.0945,0,0.812,-11.8,49.8,0.0168,NA,"K02508",0.986782133090246,1,FALSE,FALSE,FALSE,FALSE
"K12984",0.129,0,0.296,56,53.4,0.0741,NA,"K12984",0.952380952380952,1,FALSE,FALSE,FALSE,FALSE
"K03324",0.552,0,0.254,-60.9,53.2,0.0809,NA,"K03324",0.946765498652291,1,FALSE,FALSE,FALSE,FALSE
"K20498",0.0697,0,0.231,82.2,68.4,0.0849,NA,"K20498",0.946765498652291,1,FALSE,FALSE,FALSE,FALSE
"K17324",0.328,0,0.0431,-109,53.8,0.143,NA,"K17321,K17322,K17323,K17324,K17325",0.725589225589226,1,FALSE,FALSE,FALSE,FALSE
"K07389",0.0697,0,0.461,-27.5,37.3,0.0523,NA,"K07389",0.972832600878945,1,FALSE,FALSE,FALSE,FALSE
"K22491",0.373,0,0.387,-42.9,49.5,0.0613,NA,"K22491",0.962578899909829,1,FALSE,FALSE,FALSE,FALSE
"K00875",0.119,0,0.188,-99.7,75.5,0.0932,NA,"K00875",0.922473012757606,1,FALSE,FALSE,FALSE,FALSE
"K00039",0.0697,0,0.417,57.6,70.9,0.0575,NA,"K00039",0.962578899909829,1,FALSE,FALSE,FALSE,FALSE
"K10544",0.294,0,0.687,-15.5,38.6,0.0286,NA,"K10544",0.986782133090246,1,FALSE,FALSE,FALSE,FALSE
"K10545",0.333,0,0.341,-33.5,35.1,0.0675,NA,"K10545",0.954968944099379,1,FALSE,FALSE,FALSE,FALSE
"K10543",0.303,0,0.926,-3.39,36.5,0.00657,NA,"K10543",0.993562231759657,1,FALSE,FALSE,FALSE,FALSE
"K08970",0.269,0,0.351,-41.6,44.5,0.0662,NA,"K08970",0.954968944099379,1,FALSE,FALSE,FALSE,FALSE
"K06859",0.0746,0,0.67,20,46.8,0.0302,NA,"K06859",0.986164262584634,1,FALSE,FALSE,FALSE,FALSE
"K13408",0.0896,0,0.203,48.3,37.8,0.0902,NA,"K13408",0.932126696832579,1,FALSE,FALSE,FALSE,FALSE
"K13409",0.0746,0,0.5,28.6,42.4,0.0478,NA,"K13409",0.975103734439834,1,FALSE,FALSE,FALSE,FALSE
"K06351",0.154,0,0.907,-6.48,55.7,0.00825,NA,"K06351",0.992884864165589,1,FALSE,FALSE,FALSE,FALSE
"K17950",0.0498,0,0.0908,94,55.3,0.12,NA,"K17950",0.808130081300813,1,FALSE,FALSE,FALSE,FALSE
"K21645",0.423,0,0.979,0.928,36,0.00183,NA,"K21645",0.999594073472701,1,FALSE,FALSE,FALSE,FALSE
"K15578",0.249,0,0.0161,-97.3,40.1,0.17,NA,"K15578",0.579136690647482,1,FALSE,FALSE,FALSE,FALSE
"K15577",0.269,0,0.0401,-78.7,38.1,0.145,NA,"K15576,K15577",0.710069444444444,1,FALSE,FALSE,FALSE,FALSE
"K01563",0.109,0,0.307,42.9,41.9,0.0724,NA,"K01563",0.954968944099379,1,FALSE,FALSE,FALSE,FALSE
"K11606",0.204,0,0.0121,-165,65.1,0.177,NA,"K11606",0.534188034188034,1,FALSE,FALSE,FALSE,FALSE
"K11605",0.204,0,0.0121,-165,65.1,0.177,NA,"K11605",0.534188034188034,1,FALSE,FALSE,FALSE,FALSE
"K11607",0.204,0,0.0121,-165,65.1,0.177,NA,"K11607",0.534188034188034,1,FALSE,FALSE,FALSE,FALSE
"K11604",0.204,0,0.0121,-165,65.1,0.177,NA,"K11604",0.534188034188034,1,FALSE,FALSE,FALSE,FALSE
"K03366",0.179,0,0.462,-28.2,38.3,0.0521,NA,"K03366",0.972832600878945,1,FALSE,FALSE,FALSE,FALSE
"K13063",0.0299,0,0.465,-42.3,57.8,0.0518,NA,"K13063",0.972832600878945,1,FALSE,FALSE,FALSE,FALSE
"K09979",0.0746,0,0.517,87,134,0.046,NA,"K05997,K09979",0.975103734439834,1,FALSE,FALSE,FALSE,FALSE
"K03462",0.0945,0,0.722,-12.7,35.7,0.0252,NA,"K03462",0.986782133090246,1,FALSE,FALSE,FALSE,FALSE
"K02058",0.333,0,0.962,-1.74,36.9,0.00335,NA,"K02058",0.99875415282392,1,FALSE,FALSE,FALSE,FALSE
"K18910",0.169,0,0.24,-49.3,41.8,0.0832,NA,"K18910",0.946765498652291,1,FALSE,FALSE,FALSE,FALSE
"K04033",0.358,0,0.927,2.9,31.7,0.0065,NA,"K04033",0.993589743589744,1,FALSE,FALSE,FALSE,FALSE
"K09014",0.587,0,0.78,-17.2,61.5,0.0198,NA,"K09013,K09014",0.986782133090246,1,FALSE,FALSE,FALSE,FALSE
"K09015",0.562,0,0.358,-54.9,59.5,0.0652,NA,"K09015",0.954968944099379,1,FALSE,FALSE,FALSE,FALSE
"K00880",0.184,0,0.214,-65.9,52.8,0.0881,NA,"K00880",0.93804537521815,1,FALSE,FALSE,FALSE,FALSE
"K18471",0.144,0,0.993,0.496,56.2,0.000626,NA,"K18471",0.999799839871897,1,FALSE,FALSE,FALSE,FALSE
"K28061",0.0199,0,0.242,-81.3,69.3,0.0829,NA,"K28061",0.946765498652291,1,FALSE,FALSE,FALSE,FALSE
"K18802",0.189,0,0.00678,-139,50.7,0.19,NA,"K18802",0.443037974683544,1,FALSE,FALSE,FALSE,FALSE
"K03337",0.443,0,0.891,-4.22,30.6,0.00977,NA,"K03335,K03336,K03337",0.992868286160018,1,FALSE,FALSE,FALSE,FALSE
"K00010",0.438,0,0.82,7.2,31.6,0.0161,NA,"K00010",0.986782133090246,1,FALSE,FALSE,FALSE,FALSE
"K03338",0.443,0,0.683,-12.4,30.3,0.029,NA,"K03338",0.986782133090246,1,FALSE,FALSE,FALSE,FALSE
"K25317",0.0697,0,0.462,-45.6,61.9,0.0521,NA,"K25317",0.972832600878945,1,FALSE,FALSE,FALSE,FALSE
"K07704",0.109,0,0.866,14.7,87,0.012,NA,"K07704",0.986782133090246,1,FALSE,FALSE,FALSE,FALSE
"K10119",0.333,0,0.696,-19.4,49.7,0.0277,NA,"K10119",0.986782133090246,1,FALSE,FALSE,FALSE,FALSE
"K03835",0.0995,0,0.278,90.8,83.5,0.0769,NA,"K03835",0.946765498652291,1,FALSE,FALSE,FALSE,FALSE
"K05776",0.249,0,0.833,-10.7,50.7,0.015,NA,"K05776",0.986782133090246,1,FALSE,FALSE,FALSE,FALSE
"K16328",0.0547,0,0.466,75.3,103,0.0518,NA,"K16328",0.972832600878945,1,FALSE,FALSE,FALSE,FALSE
"K16329",0.184,0,0.864,-9.89,57.6,0.0122,NA,"K16329",0.986782133090246,1,FALSE,FALSE,FALSE,FALSE
"K16862",0.0299,0,0.626,-35.2,72.1,0.0346,NA,"K16862",0.981408107284365,1,FALSE,FALSE,FALSE,FALSE
"K21417",0.214,0,0.51,-28.8,43.7,0.0467,NA,"K21417",0.975103734439834,1,FALSE,FALSE,FALSE,FALSE
"K21416",0.189,0,0.535,-31.4,50.5,0.044,NA,"K21416",0.97676107480029,1,FALSE,FALSE,FALSE,FALSE
"K19615",0.0448,0,0.692,27.1,68.2,0.0281,NA,"K19615",0.986782133090246,1,FALSE,FALSE,FALSE,FALSE
"K19130",0.0547,0,0.234,-57.1,47.8,0.0843,NA,"K19130",0.946765498652291,1,FALSE,FALSE,FALSE,FALSE
"K07012",0.0746,0,0.572,-26.2,46.4,0.04,NA,"K07012",0.981408107284365,1,FALSE,FALSE,FALSE,FALSE
"K15342",0.104,0,0.293,40.3,38.2,0.0745,NA,"K15342",0.952380952380952,1,FALSE,FALSE,FALSE,FALSE
"K00477",0.154,0,0.584,20.6,37.6,0.0389,NA,"K00477",0.981408107284365,1,FALSE,FALSE,FALSE,FALSE
"K13075",0.468,0,0.851,-4.71,25,0.0133,NA,"K13075",0.986782133090246,1,FALSE,FALSE,FALSE,FALSE
"K09943",0.114,0,0.526,37.7,59.2,0.045,NA,"K09943",0.975881261595547,1,FALSE,FALSE,FALSE,FALSE
"K21563",0.124,0,0.27,61,55.1,0.0782,NA,"K21563",0.946765498652291,1,FALSE,FALSE,FALSE,FALSE
"K24699",0.104,0,0.0783,-81,45.8,0.124,NA,"K24699",0.786,1,FALSE,FALSE,FALSE,FALSE
"K06720",0.149,0,0.68,-25.6,61.8,0.0293,NA,"K06720",0.986782133090246,1,FALSE,FALSE,FALSE,FALSE
"K06718",0.0796,0,0.966,2.89,67.3,0.00305,NA,"K06718",0.99876058665565,1,FALSE,FALSE,FALSE,FALSE
"K01501",0.284,0,0.164,-44.1,31.6,0.0986,NA,"K01501",0.886143931256713,1,FALSE,FALSE,FALSE,FALSE
"K00450",0.194,0,0.194,44.8,34.4,0.092,NA,"K00450",0.931232091690544,1,FALSE,FALSE,FALSE,FALSE
"K09461",0.209,0,0.0424,92.3,45.2,0.143,NA,"K09461",0.723549488054608,1,FALSE,FALSE,FALSE,FALSE
"K01075",0.299,0,0.0538,-121,62.6,0.136,NA,"K01075",0.739189189189189,1,FALSE,FALSE,FALSE,FALSE
"K00180",0.0348,0,0.855,-14.1,76.7,0.013,NA,"K00179,K00180",0.986782133090246,1,FALSE,FALSE,FALSE,FALSE
"K10236",0.244,0,0.941,-3.29,44.4,0.00525,NA,"K10236",0.993874102239121,1,FALSE,FALSE,FALSE,FALSE
"K10237",0.229,0,0.762,-13.6,45.1,0.0215,NA,"K10237,K10238",0.986782133090246,1,FALSE,FALSE,FALSE,FALSE
"K12532",0.0199,0,0.964,3.07,68.9,0.00316,NA,"K12530,K12532",0.998756734355574,1,FALSE,FALSE,FALSE,FALSE
"K11003",0.0796,0,0.665,15.3,35.3,0.0307,NA,"K11003",0.985477178423237,1,FALSE,FALSE,FALSE,FALSE
"K22390",0.114,0,0.936,3.98,49.2,0.00573,NA,"K22390",0.993854630218267,1,FALSE,FALSE,FALSE,FALSE
"K02745",0.0597,0,0.451,-46.7,61.8,0.0535,NA,"K02745,K02746,K02747",0.972832600878945,1,FALSE,FALSE,FALSE,FALSE
"K02744",0.0547,0,0.391,-59.4,69,0.0609,NA,"K02744",0.962578899909829,1,FALSE,FALSE,FALSE,FALSE
"K08302",0.0746,0,0.973,2.02,58.7,0.00244,NA,"K08302",0.999589069241833,1,FALSE,FALSE,FALSE,FALSE
"K12537",0.269,0,0.0786,-93.1,52.7,0.124,NA,"K12537",0.786,1,FALSE,FALSE,FALSE,FALSE
"K12536",0.284,0,0.352,-45.9,49.2,0.066,NA,"K12536",0.954968944099379,1,FALSE,FALSE,FALSE,FALSE
"K16567",0.204,0,0.692,14.2,35.6,0.0282,NA,"K16567",0.986782133090246,1,FALSE,FALSE,FALSE,FALSE
"K16554",0.289,0,0.345,30.6,32.4,0.067,NA,"K16554",0.954968944099379,1,FALSE,FALSE,FALSE,FALSE
"K20988",0.124,0,0.421,30,37.2,0.0571,NA,"K20988",0.962578899909829,1,FALSE,FALSE,FALSE,FALSE
"K20920",0.149,0,0.239,42.7,36.1,0.0835,NA,"K20920",0.946765498652291,1,FALSE,FALSE,FALSE,FALSE
"K07157",0.478,0,0.147,-95.9,65.9,0.103,NA,"K07157",0.871613663133098,1,FALSE,FALSE,FALSE,FALSE
"K03152",0.313,0,0.416,35.6,43.7,0.0576,NA,"K03152",0.962578899909829,1,FALSE,FALSE,FALSE,FALSE
"K00758",0.373,0,0.617,-21.9,43.8,0.0355,NA,"K00758",0.981408107284365,1,FALSE,FALSE,FALSE,FALSE
"K21024",0.194,0,0.0127,-205,81.5,0.176,NA,"K21024",0.538135593220339,1,FALSE,FALSE,FALSE,FALSE
"K08720",0.0796,0,0.619,-34.8,69.8,0.0353,NA,"K08720",0.981408107284365,1,FALSE,FALSE,FALSE,FALSE
"K01692",0.483,0,0.475,35.7,49.8,0.0507,NA,"K01692",0.972832600878945,1,FALSE,FALSE,FALSE,FALSE
"K17230",0.313,0,0.649,-15.8,34.6,0.0323,NA,"K17230",0.982815797407296,1,FALSE,FALSE,FALSE,FALSE
"K01173",0.333,0,0.0627,46.2,24.7,0.132,NA,"K01173",0.746428571428572,1,FALSE,FALSE,FALSE,FALSE
"K02858",0.229,0,0.763,-15.1,49.9,0.0214,NA,"K02858",0.986782133090246,1,FALSE,FALSE,FALSE,FALSE
"K13735",0.0846,0,0.184,-108,80.7,0.0942,NA,"K13735",0.92,1,FALSE,FALSE,FALSE,FALSE
"K01639",0.0647,0,0.824,14.2,63.5,0.0158,NA,"K01639",0.986782133090246,1,FALSE,FALSE,FALSE,FALSE
"K00885",0.0448,0,0.808,22.9,94.4,0.0172,NA,"K00885",0.986782133090246,1,FALSE,FALSE,FALSE,FALSE
"K25260",0.0945,0,0.63,-23.6,48.9,0.0341,NA,"K25260",0.981408107284365,1,FALSE,FALSE,FALSE,FALSE
"K22104",0.114,0,0.724,-17.4,49.4,0.025,NA,"K22104",0.986782133090246,1,FALSE,FALSE,FALSE,FALSE
"K05832",0.204,0,0.00583,-159,56.9,0.194,NA,"K05832,K05833",0.426811594202899,1,FALSE,FALSE,FALSE,FALSE
"K05523",0.0199,0,0.555,47.7,80.7,0.0418,NA,"K05523",0.980565371024735,1,FALSE,FALSE,FALSE,FALSE
"K26400",0.398,0,0.0468,-115,57.6,0.14,NA,"K26400",0.736151603498542,1,FALSE,FALSE,FALSE,FALSE
"K10221",0.0995,0,0.977,1.62,56.2,0.00204,NA,"K10221",0.999594073472701,1,FALSE,FALSE,FALSE,FALSE
"K10220",0.119,0,0.715,17.4,47.5,0.0259,NA,"K10220",0.986782133090246,1,FALSE,FALSE,FALSE,FALSE
"K04100",0.0697,0,0.61,34.7,67.8,0.0362,NA,"K04100,K04101,K10219",0.981408107284365,1,FALSE,FALSE,FALSE,FALSE
"K05275",0.632,0,0.487,20.2,29,0.0493,NA,"K05275",0.972832600878945,1,FALSE,FALSE,FALSE,FALSE
"K16845",0.0149,0,0.161,-143,102,0.0993,NA,"K16845,K16846",0.88235294117647,1,FALSE,FALSE,FALSE,FALSE
"K28643",0.0249,0,0.112,-177,111,0.113,NA,"K28643",0.838323353293413,1,FALSE,FALSE,FALSE,FALSE
"K28642",0.0249,0,0.112,-177,111,0.113,NA,"K28642",0.838323353293413,1,FALSE,FALSE,FALSE,FALSE
"K03078",0.0846,0,0.593,-34.4,64.3,0.0379,NA,"K03078",0.981408107284365,1,FALSE,FALSE,FALSE,FALSE
"K03079",0.139,0,0.738,-15.3,45.8,0.0237,NA,"K03079",0.986782133090246,1,FALSE,FALSE,FALSE,FALSE
"K03077",0.363,0,0.554,21.9,36.9,0.042,NA,"K03077",0.980565371024735,1,FALSE,FALSE,FALSE,FALSE
"K07452",0.244,0,0.891,3.16,23,0.00974,NA,"K07452",0.992868286160018,1,FALSE,FALSE,FALSE,FALSE
"K19147",0.239,0,0.984,-0.459,23.4,0.00139,NA,"K19147",0.999594073472701,1,FALSE,FALSE,FALSE,FALSE
"K21898",0.0199,0,0.157,100,70.6,0.1,NA,"K21898",0.878754171301446,1,FALSE,FALSE,FALSE,FALSE
"K10227",0.463,0,0.249,43.8,37.9,0.0817,NA,"K10227",0.946765498652291,1,FALSE,FALSE,FALSE,FALSE
"K10228",0.443,0,0.0532,76.1,39.1,0.137,NA,"K10228,K10229",0.739189189189189,1,FALSE,FALSE,FALSE,FALSE
"K00007",0.114,0,0.948,4.31,66.2,0.00462,NA,"K00007",0.99663582842725,1,FALSE,FALSE,FALSE,FALSE
"K21620",0.169,0,0.615,-29.3,58.1,0.0357,NA,"K21620",0.981408107284365,1,FALSE,FALSE,FALSE,FALSE
"K00854",0.632,0,0.308,30,29.3,0.0722,NA,"K00854",0.954968944099379,1,FALSE,FALSE,FALSE,FALSE
"K09690",0.403,0,0.444,-23.3,30.3,0.0543,NA,"K09690",0.97027972027972,1,FALSE,FALSE,FALSE,FALSE
"K00571",0.328,0,0.094,60.4,35.9,0.118,NA,"K00571",0.808130081300813,1,FALSE,FALSE,FALSE,FALSE
"K22874",0.0149,0,0.344,80.3,84.6,0.0671,NA,"K22874",0.954968944099379,1,FALSE,FALSE,FALSE,FALSE
"K03380",0.139,0,0.915,6.62,61.7,0.00761,NA,"K03380",0.992884864165589,1,FALSE,FALSE,FALSE,FALSE
"K22952",0.0348,0,0.974,-2.36,72.2,0.00231,NA,"K22952",0.999589490968801,1,FALSE,FALSE,FALSE,FALSE
"K08475",0.0995,0,0.401,-41.3,49.1,0.0596,NA,"K08475",0.962578899909829,1,FALSE,FALSE,FALSE,FALSE
"K08478",0.0896,0,0.979,1.32,50.9,0.00184,NA,"K08478",0.999594073472701,1,FALSE,FALSE,FALSE,FALSE
"K19610",0.174,0,0.769,-17.2,58.4,0.0208,NA,"K19610",0.986782133090246,1,FALSE,FALSE,FALSE,FALSE
"K21993",0.169,0,0.613,18.1,35.8,0.0359,NA,"K21993",0.981408107284365,1,FALSE,FALSE,FALSE,FALSE
"K23182",0.0647,0,0.38,-67.7,77,0.0622,NA,"K23182",0.962578899909829,1,FALSE,FALSE,FALSE,FALSE
"K23181",0.0547,0,0.484,-50.2,71.6,0.0497,NA,"K23181",0.972832600878945,1,FALSE,FALSE,FALSE,FALSE
"K02448",0.209,0,0.00283,151,49.9,0.21,NA,"K02448",0.383783783783784,1,FALSE,FALSE,FALSE,FALSE
"K04748",0.308,0,0.00284,143,47.3,0.209,NA,"K04748",0.383783783783784,1,FALSE,FALSE,FALSE,FALSE
"K01602",0.0647,0,0.24,-69.7,59.1,0.0832,NA,"K01601,K01602",0.946765498652291,1,FALSE,FALSE,FALSE,FALSE
"K04651",0.119,0,0.941,-4.7,64,0.00521,NA,"K04651,K04652,K04653",0.993874102239121,1,FALSE,FALSE,FALSE,FALSE
"K19641",0.0149,0,0.886,15.1,105,0.0102,NA,"K19641,K23548,K23549",0.992836355495858,1,FALSE,FALSE,FALSE,FALSE
"K04654",0.109,0,0.482,56.6,80.4,0.0498,NA,"K04654,K04655,K04656",0.972832600878945,1,FALSE,FALSE,FALSE,FALSE
"K01193",0.502,0,0.906,2.82,23.8,0.00838,NA,"K01193",0.992884864165589,1,FALSE,FALSE,FALSE,FALSE
"K00883",0.552,0,0.232,43,35.9,0.0846,NA,"K00883",0.946765498652291,1,FALSE,FALSE,FALSE,FALSE
"K01631",0.483,0,0.0297,70.9,32.4,0.153,NA,"K01631",0.653679653679654,1,FALSE,FALSE,FALSE,FALSE
"K18983",0.149,0,0.148,49.9,34.4,0.102,NA,"K18983",0.871613663133098,1,FALSE,FALSE,FALSE,FALSE
"K01674",0.144,0,0.668,-14.4,33.5,0.0304,NA,"K01674",0.985832349468713,1,FALSE,FALSE,FALSE,FALSE
"K21621",0.0945,0,0.107,-110,67.8,0.114,NA,"K21621",0.830745341614907,1,FALSE,FALSE,FALSE,FALSE
"K01720",0.378,0,0.0794,-65.5,37.2,0.124,NA,"K01720",0.787128712871287,1,FALSE,FALSE,FALSE,FALSE
"K12132",0.448,0,0.967,1.61,38.4,0.00297,NA,"K12132",0.99876058665565,1,FALSE,FALSE,FALSE,FALSE
"K24410",0.0149,0,0.811,19.6,81.9,0.017,NA,"K24410",0.986782133090246,1,FALSE,FALSE,FALSE,FALSE
"K09936",0.617,0,0.426,28.7,35.9,0.0565,NA,"K09936",0.962578899909829,1,FALSE,FALSE,FALSE,FALSE
"K01999",0.746,0,0.00242,-168,54.7,0.213,NA,"K01999",0.383783783783784,1,FALSE,FALSE,FALSE,FALSE
"K14189",0.209,0,0.62,14.9,29.9,0.0352,NA,"K14189",0.981408107284365,1,FALSE,FALSE,FALSE,FALSE
"K21833",0.224,0,0.251,-91,79,0.0814,NA,"K21833,K21834,K25960,K25961",0.946765498652291,1,FALSE,FALSE,FALSE,FALSE
"K08264",0.219,0,0.365,43.5,47.9,0.0642,NA,"K08264",0.954968944099379,1,FALSE,FALSE,FALSE,FALSE
"K21826",0.343,0,0.0836,-130,74.5,0.122,NA,"K21826",0.793621013133208,1,FALSE,FALSE,FALSE,FALSE
"K00479",0.378,0,0.253,60.9,53.1,0.081,NA,"K00479",0.946765498652291,1,FALSE,FALSE,FALSE,FALSE
"K04757",0.229,0,0.179,55.8,41.4,0.0952,NA,"K04757",0.912334352701325,1,FALSE,FALSE,FALSE,FALSE
"K07280",0.0945,0,0.0845,71,40.9,0.122,NA,"K07280",0.793621013133208,1,FALSE,FALSE,FALSE,FALSE
"K23514",0.249,0,0.236,-47.8,40.2,0.084,NA,"K23514",0.946765498652291,1,FALSE,FALSE,FALSE,FALSE
"K10021",0.154,0,0.454,-53,70.7,0.0531,NA,"K10021",0.972832600878945,1,FALSE,FALSE,FALSE,FALSE
"K09992",0.259,0,0.0409,64.2,31.2,0.144,NA,"K09992",0.710069444444444,1,FALSE,FALSE,FALSE,FALSE
"K08476",0.0249,0,0.946,4.09,60.8,0.00477,NA,"K08476",0.995999157717414,1,FALSE,FALSE,FALSE,FALSE
"K03523",0.358,0,0.304,-54.8,53.2,0.0728,NA,"K03523",0.954968944099379,1,FALSE,FALSE,FALSE,FALSE
"K18816",0.184,0,0.911,4.84,43.4,0.0079,NA,"K18816",0.992884864165589,1,FALSE,FALSE,FALSE,FALSE
"K13727",0.124,0,0.584,-42.4,77.3,0.0389,NA,"K13727",0.981408107284365,1,FALSE,FALSE,FALSE,FALSE
"K00114",0.214,0,0.417,-47.7,58.5,0.0576,NA,"K00114",0.962578899909829,1,FALSE,FALSE,FALSE,FALSE
"K21012",0.129,0,0.492,-36.1,52.3,0.0488,NA,"K21006,K21007,K21008,K21009,K21010,K21012",0.975103734439834,1,FALSE,FALSE,FALSE,FALSE
"K21011",0.189,0,0.894,-4.82,36.1,0.00947,NA,"K21011",0.992884864165589,1,FALSE,FALSE,FALSE,FALSE
"K08738",0.343,0,0.905,-5.74,47.8,0.00851,NA,"K08738",0.992884864165589,1,FALSE,FALSE,FALSE,FALSE
"K07335",0.647,0,0.311,-31.4,30.9,0.0718,NA,"K07335",0.954968944099379,1,FALSE,FALSE,FALSE,FALSE
"K23537",0.647,0,0.311,-31.4,30.9,0.0718,NA,"K23537",0.954968944099379,1,FALSE,FALSE,FALSE,FALSE
"K23535",0.647,0,0.311,-31.4,30.9,0.0718,NA,"K23535",0.954968944099379,1,FALSE,FALSE,FALSE,FALSE
"K23536",0.647,0,0.311,-31.4,30.9,0.0718,NA,"K23536",0.954968944099379,1,FALSE,FALSE,FALSE,FALSE
"K19339",0.194,0,0.964,1.61,35.9,0.00318,NA,"K19339",0.998756734355574,1,FALSE,FALSE,FALSE,FALSE
"K06135",0.244,0,0.321,-61.1,61.4,0.0704,NA,"K06135",0.954968944099379,1,FALSE,FALSE,FALSE,FALSE
"K06136",0.279,0,0.687,-19.9,49.4,0.0285,NA,"K06136",0.986782133090246,1,FALSE,FALSE,FALSE,FALSE
"K06137",0.269,0,0.228,-63.4,52.4,0.0855,NA,"K06137",0.946765498652291,1,FALSE,FALSE,FALSE,FALSE
"K06138",0.313,0,0.454,-28.2,37.5,0.0532,NA,"K06138",0.972832600878945,1,FALSE,FALSE,FALSE,FALSE
"K06139",0.269,0,0.339,-53.2,55.5,0.0678,NA,"K06139",0.954968944099379,1,FALSE,FALSE,FALSE,FALSE
"K20975",0.393,0,0.669,22.7,52.8,0.0304,NA,"K20975",0.986143867924528,1,FALSE,FALSE,FALSE,FALSE
"K22468",0.542,0,0.701,14.1,36.8,0.0272,NA,"K22468",0.986782133090246,1,FALSE,FALSE,FALSE,FALSE
"K11913",0.0945,0,0.611,20.5,40.2,0.0361,NA,"K11913",0.981408107284365,1,FALSE,FALSE,FALSE,FALSE
"K11898",0.149,0,0.64,16.4,34.9,0.0332,NA,"K11898",0.981408107284365,1,FALSE,FALSE,FALSE,FALSE
"K02043",0.229,0,0.305,47.1,45.7,0.0728,NA,"K02043",0.954968944099379,1,FALSE,FALSE,FALSE,FALSE
"K06166",0.239,0,0.423,33.8,42,0.0569,NA,"K05780,K05781,K06163,K06164,K06166",0.962578899909829,1,FALSE,FALSE,FALSE,FALSE
"K06165",0.244,0,0.411,35.1,42.6,0.0583,NA,"K06165",0.962578899909829,1,FALSE,FALSE,FALSE,FALSE
"K06162",0.269,0,0.302,38.3,37.1,0.0731,NA,"K06162",0.954968944099379,1,FALSE,FALSE,FALSE,FALSE
"K05774",0.388,0,0.596,23.5,44.3,0.0377,NA,"K05774",0.981408107284365,1,FALSE,FALSE,FALSE,FALSE
"K06167",0.308,0,0.332,47.2,48.6,0.0687,NA,"K06167",0.954968944099379,1,FALSE,FALSE,FALSE,FALSE
"K07214",0.119,0,0.989,-0.643,48.5,0.000939,NA,"K07214",0.999799839871897,1,FALSE,FALSE,FALSE,FALSE
"K08676",0.179,0,0.593,-23.1,43.2,0.0379,NA,"K08676",0.981408107284365,1,FALSE,FALSE,FALSE,FALSE
"K21699",0.388,0,0.0061,-151,54.3,0.193,NA,"K21699",0.435714285714286,1,FALSE,FALSE,FALSE,FALSE
"K00822",0.443,0,0.000108,-219,55.4,0.27,NA,"K00822",0.134,0.54,FALSE,FALSE,FALSE,FALSE
"K09988",0.154,0,0.366,-64.4,71.1,0.0641,NA,"K09988",0.954968944099379,1,FALSE,FALSE,FALSE,FALSE
"K07171",0.274,0,0.617,15.5,30.9,0.0355,NA,"K07171",0.981408107284365,1,FALSE,FALSE,FALSE,FALSE
"K17763",0.159,0,0.929,-3.85,43.2,0.00633,NA,"K17752,K17762,K17763",0.993589743589744,1,FALSE,FALSE,FALSE,FALSE
"K05518",0.144,0,0.519,-32.4,50.2,0.0457,NA,"K05518",0.975791433891993,1,FALSE,FALSE,FALSE,FALSE
"K03367",0.0697,0,0.236,-75.3,63.3,0.084,NA,"K03367",0.946765498652291,1,FALSE,FALSE,FALSE,FALSE
"K08217",0.149,0,0.905,7.17,60.1,0.00845,NA,"K08217",0.992884864165589,1,FALSE,FALSE,FALSE,FALSE
"K21832",0.313,0,0.272,-79.5,72.1,0.0779,NA,"K21832",0.946765498652291,1,FALSE,FALSE,FALSE,FALSE
"K00303",0.413,0,0.606,-26.4,51.1,0.0366,NA,"K00303",0.981408107284365,1,FALSE,FALSE,FALSE,FALSE
"K00304",0.423,0,0.287,-59.4,55.6,0.0755,NA,"K00304",0.949241924851681,1,FALSE,FALSE,FALSE,FALSE
"K00302",0.413,0,0.606,-26.4,51.1,0.0366,NA,"K00302",0.981408107284365,1,FALSE,FALSE,FALSE,FALSE
"K00305",0.418,0,0.164,-74.5,53.3,0.0985,NA,"K00305",0.886143931256713,1,FALSE,FALSE,FALSE,FALSE
"K00148",0.408,0,0.21,-56.4,44.9,0.0887,NA,"K00148",0.936663693131133,1,FALSE,FALSE,FALSE,FALSE
"K01995",0.721,0,0.0389,-121,58.4,0.146,NA,"K01995",0.710069444444444,1,FALSE,FALSE,FALSE,FALSE
"K01998",0.726,0,0.0153,-140,57.3,0.171,NA,"K01998",0.575187969924812,1,FALSE,FALSE,FALSE,FALSE
"K08295",0.209,0,0.0681,86.1,47,0.129,NA,"K08295",0.74835886214442,1,FALSE,FALSE,FALSE,FALSE
"K01432",0.0896,0,0.0189,130,55,0.166,NA,"K01432",0.592024539877301,1,FALSE,FALSE,FALSE,FALSE
"K02759",0.189,0,0.336,-61.5,63.8,0.0681,NA,"K02759",0.954968944099379,1,FALSE,FALSE,FALSE,FALSE
"K02760",0.199,0,0.6,-29.8,56.6,0.0373,NA,"K02760",0.981408107284365,1,FALSE,FALSE,FALSE,FALSE
"K09705",0.313,0,0.882,5.38,36.1,0.0105,NA,"K09705",0.992143658810326,1,FALSE,FALSE,FALSE,FALSE
"K13771",0.537,0,0.0453,74.5,37,0.141,NA,"K13771",0.733118971061093,1,FALSE,FALSE,FALSE,FALSE
"K10552",0.264,0,0.237,-56.1,47.3,0.0837,NA,"K10552,K10553,K10554",0.946765498652291,1,FALSE,FALSE,FALSE,FALSE
"K10232",0.164,0,0.566,-32.1,55.8,0.0407,NA,"K10232",0.981408107284365,1,FALSE,FALSE,FALSE,FALSE
"K10233",0.164,0,0.566,-32.1,55.8,0.0407,NA,"K10233",0.981408107284365,1,FALSE,FALSE,FALSE,FALSE
"K10234",0.164,0,0.566,-32.1,55.8,0.0407,NA,"K10234",0.981408107284365,1,FALSE,FALSE,FALSE,FALSE
"K07046",0.363,0,0.444,26.7,34.9,0.0542,NA,"K07046",0.97027972027972,1,FALSE,FALSE,FALSE,FALSE
"K03534",0.423,0,0.926,3.2,34.3,0.00662,NA,"K03534",0.993562231759657,1,FALSE,FALSE,FALSE,FALSE
"K18336",0.473,0,0.835,6.76,32.4,0.0148,NA,"K18336",0.986782133090246,1,FALSE,FALSE,FALSE,FALSE
"K16850",0.0896,0,0.701,-21.9,56.9,0.0273,NA,"K16850",0.986782133090246,1,FALSE,FALSE,FALSE,FALSE
"K09698",0.149,0,0.421,69,85.6,0.057,NA,"K09698",0.962578899909829,1,FALSE,FALSE,FALSE,FALSE
"K02341",0.672,0,0.373,-37.5,42,0.0631,NA,"K02341",0.957883923985619,1,FALSE,FALSE,FALSE,FALSE
"K09931",0.0796,0,0.42,40.4,50,0.0572,NA,"K09931",0.962578899909829,1,FALSE,FALSE,FALSE,FALSE
"K02613",0.383,0,0.506,26.7,40.1,0.0472,NA,"K02613",0.975103734439834,1,FALSE,FALSE,FALSE,FALSE
"K10947",0.433,0,0.536,-33,53.2,0.0439,NA,"K10947",0.97676107480029,1,FALSE,FALSE,FALSE,FALSE
"K22106",0.119,0,0.688,-20.7,51.5,0.0285,NA,"K22106",0.986782133090246,1,FALSE,FALSE,FALSE,FALSE
"K21573",0.0597,0,0.729,29.2,84.2,0.0245,NA,"K21572,K21573",0.986782133090246,1,FALSE,FALSE,FALSE,FALSE
"K19267",0.507,0,0.629,-14.4,29.7,0.0343,NA,"K19267",0.981408107284365,1,FALSE,FALSE,FALSE,FALSE
"K20968",0.0746,0,0.864,10.6,61.6,0.0122,NA,"K20968",0.986782133090246,1,FALSE,FALSE,FALSE,FALSE
"K07501",0.0945,0,0.933,6.84,81.8,0.00593,NA,"K07501",0.993854630218267,1,FALSE,FALSE,FALSE,FALSE
"K15789",0.159,0,0.415,71.7,87.8,0.0579,NA,"K15789",0.962578899909829,1,FALSE,FALSE,FALSE,FALSE
"K26958",0.179,0,0.33,117,119,0.069,NA,"K26958",0.954968944099379,1,FALSE,FALSE,FALSE,FALSE
"K18139",0.562,0,0.767,14.6,49.1,0.021,NA,"K18139",0.986782133090246,1,FALSE,FALSE,FALSE,FALSE
"K13017",0.0697,0,0.554,-36.5,61.5,0.042,NA,"K13017",0.980565371024735,1,FALSE,FALSE,FALSE,FALSE
"K01715",0.179,0,0.895,-5.4,40.9,0.00935,NA,"K01715",0.992884864165589,1,FALSE,FALSE,FALSE,FALSE
"K26060",0.0746,0,0.729,-18.8,54.2,0.0245,NA,"K26060",0.986782133090246,1,FALSE,FALSE,FALSE,FALSE
"K03709",0.184,0,0.786,-25.1,92.5,0.0192,NA,"K03709",0.986782133090246,1,FALSE,FALSE,FALSE,FALSE
"K11707",0.0846,0,0.0375,148,70.5,0.147,NA,"K11707",0.710069444444444,1,FALSE,FALSE,FALSE,FALSE
"K11710",0.0896,0,0.158,90.3,63.8,0.0999,NA,"K11710",0.878754171301446,1,FALSE,FALSE,FALSE,FALSE
"K11708",0.0846,0,0.0375,148,70.5,0.147,NA,"K11708",0.710069444444444,1,FALSE,FALSE,FALSE,FALSE
"K11709",0.0846,0,0.0375,148,70.5,0.147,NA,"K11709",0.710069444444444,1,FALSE,FALSE,FALSE,FALSE
"K00252",0.582,0,0.341,-54.8,57.4,0.0675,NA,"K00252",0.954968944099379,1,FALSE,FALSE,FALSE,FALSE
"K07487",0.289,0,0.849,-4.32,22.6,0.0135,NA,"K07487",0.986782133090246,1,FALSE,FALSE,FALSE,FALSE
"K07481",0.284,0,0.699,8.31,21.4,0.0275,NA,"K07481",0.986782133090246,1,FALSE,FALSE,FALSE,FALSE
"K01136",0.0348,0,0.381,70.9,80.8,0.0621,NA,"K01136",0.962578899909829,1,FALSE,FALSE,FALSE,FALSE
"K01135",0.144,0,0.00519,107,37.8,0.196,NA,"K01135",0.41171875,1,FALSE,FALSE,FALSE,FALSE
"K07302",0.453,0,0.618,-20.2,40.3,0.0354,NA,"K07302",0.981408107284365,1,FALSE,FALSE,FALSE,FALSE
"K07303",0.468,0,0.982,0.937,40.7,0.00163,NA,"K07303",0.999594073472701,1,FALSE,FALSE,FALSE,FALSE
"K09955",0.219,0,0.00519,113,40,0.196,NA,"K09955",0.41171875,1,FALSE,FALSE,FALSE,FALSE
"K07130",0.303,0,0.4,29.2,34.6,0.0597,NA,"K07130",0.962578899909829,1,FALSE,FALSE,FALSE,FALSE
"K07098",0.577,0,0.225,-57.3,47,0.086,NA,"K07098",0.946765498652291,1,FALSE,FALSE,FALSE,FALSE
"K08976",0.159,0,0.257,117,103,0.0803,NA,"K08976",0.946765498652291,1,FALSE,FALSE,FALSE,FALSE
"K09165",0.458,0,0.417,-36.2,44.5,0.0575,NA,"K09165",0.962578899909829,1,FALSE,FALSE,FALSE,FALSE
"K22074",0.303,0,0.51,48.3,73.2,0.0467,NA,"K22074",0.975103734439834,1,FALSE,FALSE,FALSE,FALSE
"K06229",0.0547,0,0.981,1.68,69.2,0.00172,NA,"K06229",0.999594073472701,1,FALSE,FALSE,FALSE,FALSE
"K15518",0.129,0,0.695,37.3,95.2,0.0278,NA,"K15518",0.986782133090246,1,FALSE,FALSE,FALSE,FALSE
"K08972",0.383,0,0.328,-81.7,83.3,0.0694,NA,"K08972",0.954968944099379,1,FALSE,FALSE,FALSE,FALSE
"K08999",0.169,0,0.776,21.9,76.6,0.0202,NA,"K08999",0.986782133090246,1,FALSE,FALSE,FALSE,FALSE
"K00162",0.184,0,0.93,8.35,95.1,0.00622,NA,"K00161,K00162",0.993589743589744,1,FALSE,FALSE,FALSE,FALSE
"K15987",0.244,0,0.211,78.4,62.5,0.0885,NA,"K15987",0.93804537521815,1,FALSE,FALSE,FALSE,FALSE
"K16066",0.353,0,0.841,10.1,50.2,0.0142,NA,"K16066",0.986782133090246,1,FALSE,FALSE,FALSE,FALSE
"K03921",0.0647,0,0.357,-77.4,83.9,0.0653,NA,"K03921",0.954968944099379,1,FALSE,FALSE,FALSE,FALSE
"K26061",0.463,0,0.129,-73.2,48,0.108,NA,"K26061",0.855345911949686,1,FALSE,FALSE,FALSE,FALSE
"K00452",0.154,0,0.16,60.8,43.1,0.0995,NA,"K00452",0.882028665931643,1,FALSE,FALSE,FALSE,FALSE
"K01880",0.234,0,0.272,-87.6,79.5,0.0779,NA,"K01880",0.946765498652291,1,FALSE,FALSE,FALSE,FALSE
"K00453",0.463,0,0.807,10.3,42.2,0.0174,NA,"K00453",0.986782133090246,1,FALSE,FALSE,FALSE,FALSE
"K01758",0.249,0,0.253,62.5,54.5,0.081,NA,"K01758",0.946765498652291,1,FALSE,FALSE,FALSE,FALSE
"K07027",0.547,0,0.753,-11.3,35.8,0.0224,NA,"K07027",0.986782133090246,1,FALSE,FALSE,FALSE,FALSE
"K15519",0.159,0,0.991,1.12,103,0.000775,NA,"K15519",0.999799839871897,1,FALSE,FALSE,FALSE,FALSE
"K10764",0.537,0,0.191,-74.4,56.7,0.0927,NA,"K10764",0.928988326848249,1,FALSE,FALSE,FALSE,FALSE
"K25152",0.0846,0,0.265,-59.7,53.4,0.0789,NA,"K25152",0.946765498652291,1,FALSE,FALSE,FALSE,FALSE
"K10206",0.0547,0,0.976,1.7,57.2,0.00211,NA,"K10206",0.999594073472701,1,FALSE,FALSE,FALSE,FALSE
"K26960",0.169,0,0.303,92.2,89.3,0.073,NA,"K26960",0.954968944099379,1,FALSE,FALSE,FALSE,FALSE
"K00248",0.433,0,0.899,-7.09,55.9,0.00899,NA,"K00248",0.992884864165589,1,FALSE,FALSE,FALSE,FALSE
"K04565",0.478,0,0.0207,84.5,36.3,0.163,NA,"K04565",0.604651162790698,1,FALSE,FALSE,FALSE,FALSE
"K13444",0.219,0,0.737,14.7,43.8,0.0238,NA,"K13444",0.986782133090246,1,FALSE,FALSE,FALSE,FALSE
"K00529",0.413,0,0.506,18.8,28.2,0.0472,NA,"K00529",0.975103734439834,1,FALSE,FALSE,FALSE,FALSE
"K06988",0.458,0,0.417,21.3,26.2,0.0576,NA,"K06988",0.962578899909829,1,FALSE,FALSE,FALSE,FALSE
"K01958",0.363,0,0.614,-36.4,71.9,0.0358,NA,"K01958",0.981408107284365,1,FALSE,FALSE,FALSE,FALSE
"K19033",0.0796,0,0.53,58.3,92.6,0.0446,NA,"K19033",0.976418570375829,1,FALSE,FALSE,FALSE,FALSE
"K22391",0.0249,0,0.402,66.5,79.2,0.0594,NA,"K22391",0.962578899909829,1,FALSE,FALSE,FALSE,FALSE
"K00486",0.0597,0,0.349,91.6,97.5,0.0665,NA,"K00486",0.954968944099379,1,FALSE,FALSE,FALSE,FALSE
"K05995",0.323,0,0.656,18.5,41.4,0.0316,NA,"K05995",0.982918789331735,1,FALSE,FALSE,FALSE,FALSE
"K17609",0.0249,0,0.858,14.3,79.9,0.0127,NA,"K17609",0.986782133090246,1,FALSE,FALSE,FALSE,FALSE
"K06872",0.522,0,0.768,10.8,36.5,0.021,NA,"K06872",0.986782133090246,1,FALSE,FALSE,FALSE,FALSE
"K27772",0.0398,0,0.727,29.7,84.9,0.0248,NA,"K27772",0.986782133090246,1,FALSE,FALSE,FALSE,FALSE
"K06973",0.209,0,0.836,17.8,85.9,0.0147,NA,"K06973",0.986782133090246,1,FALSE,FALSE,FALSE,FALSE
"K22124",0.0697,0,0.174,64.4,47.2,0.0962,NA,"K22124",0.898760330578512,1,FALSE,FALSE,FALSE,FALSE
"K16839",0.119,0,0.675,-20.7,49.2,0.0298,NA,"K16839",0.986782133090246,1,FALSE,FALSE,FALSE,FALSE
"K22934",0.303,0,0.736,-15,44.6,0.0239,NA,"K22934",0.986782133090246,1,FALSE,FALSE,FALSE,FALSE
"K16055",0.0199,0,0.382,85.2,97.3,0.062,NA,"K16055",0.962578899909829,1,FALSE,FALSE,FALSE,FALSE
"K00697",0.398,0,0.273,49.1,44.7,0.0777,NA,"K00697",0.946765498652291,1,FALSE,FALSE,FALSE,FALSE
"K24158",0.398,0,0.208,-68,53.8,0.0892,NA,"K24158",0.936093609360936,1,FALSE,FALSE,FALSE,FALSE
"K06140",0.532,0,0.746,13.2,40.6,0.023,NA,"K06140",0.986782133090246,1,FALSE,FALSE,FALSE,FALSE
"K03282",0.861,0,0.969,3.01,78.2,0.00273,NA,"K03282",0.998969072164948,1,FALSE,FALSE,FALSE,FALSE
"K13532",0.129,0,0.726,-26.6,75.8,0.0249,NA,"K13532",0.986782133090246,1,FALSE,FALSE,FALSE,FALSE
"K06211",0.214,0,0.312,34,33.5,0.0717,NA,"K06211",0.954968944099379,1,FALSE,FALSE,FALSE,FALSE
"K01251",0.692,0,0.435,-58.2,74.4,0.0553,NA,"K01251",0.968458462905376,1,FALSE,FALSE,FALSE,FALSE
"K01372",0.0348,0,0.851,-14.8,79.1,0.0133,NA,"K01372",0.986782133090246,1,FALSE,FALSE,FALSE,FALSE
"K00045",0.393,0,0.215,-48.9,39.3,0.0879,NA,"K00045",0.93804537521815,1,FALSE,FALSE,FALSE,FALSE
"K09967",0.199,0,0.592,20.9,38.9,0.038,NA,"K09967",0.981408107284365,1,FALSE,FALSE,FALSE,FALSE
"K09190",0.184,0,0.701,25.5,66.5,0.0272,NA,"K09190",0.986782133090246,1,FALSE,FALSE,FALSE,FALSE
"K20846",0.0448,0,0.0393,87.7,42.2,0.146,NA,"K20846",0.710069444444444,1,FALSE,FALSE,FALSE,FALSE
"K21162",0.0498,0,0.799,-21.9,86.1,0.018,NA,"K21162",0.986782133090246,1,FALSE,FALSE,FALSE,FALSE
"K11381",0.134,0,0.165,62.2,44.6,0.0983,NA,"K11381",0.886143931256713,1,FALSE,FALSE,FALSE,FALSE
"K12339",0.418,0,0.493,40.2,58.5,0.0486,NA,"K12339",0.975103734439834,1,FALSE,FALSE,FALSE,FALSE
"K06885",0.184,0,0.113,107,67.5,0.112,NA,"K06885",0.843283582089552,1,FALSE,FALSE,FALSE,FALSE
"K08138",0.0597,0,0.598,27,51.2,0.0374,NA,"K08138",0.981408107284365,1,FALSE,FALSE,FALSE,FALSE
"K01805",0.577,0,0.0534,53.6,27.6,0.136,NA,"K01805",0.739189189189189,1,FALSE,FALSE,FALSE,FALSE
"K00936",0.209,0,0.656,-24.9,55.7,0.0316,NA,"K00936",0.982918789331735,1,FALSE,FALSE,FALSE,FALSE
"K18911",0.254,0,0.825,-9.97,45,0.0157,NA,"K18911",0.986782133090246,1,FALSE,FALSE,FALSE,FALSE
"K01463",0.174,0,0.766,34.1,115,0.0211,NA,"K01463",0.986782133090246,1,FALSE,FALSE,FALSE,FALSE
"K05770",0.318,0,0.77,9.59,32.8,0.0207,NA,"K05770",0.986782133090246,1,FALSE,FALSE,FALSE,FALSE
"K21552",0.0597,0,0.928,-7.32,80.4,0.00646,NA,"K21552",0.993589743589744,1,FALSE,FALSE,FALSE,FALSE
"K25151",0.0846,0,0.602,-27.8,53.2,0.037,NA,"K25151",0.981408107284365,1,FALSE,FALSE,FALSE,FALSE
"K25153",0.104,0,0.805,-12.2,49.7,0.0175,NA,"K25153",0.986782133090246,1,FALSE,FALSE,FALSE,FALSE
"K00074",0.567,0,0.509,27.5,41.6,0.0469,NA,"K00074",0.975103734439834,1,FALSE,FALSE,FALSE,FALSE
"K20866",0.149,0,0.0233,-116,50.8,0.16,NA,"K20866",0.635869565217391,1,FALSE,FALSE,FALSE,FALSE
"K18682",0.179,0,0.33,117,119,0.069,NA,"K18682",0.954968944099379,1,FALSE,FALSE,FALSE,FALSE
"K17103",0.607,0,0.215,86.9,69.9,0.0879,NA,"K17103",0.93804537521815,1,FALSE,FALSE,FALSE,FALSE
"K27956",0.0647,0,0.478,66.3,93.3,0.0503,NA,"K27956",0.972832600878945,1,FALSE,FALSE,FALSE,FALSE
"K26996",0.184,0,0.427,34.8,43.8,0.0563,NA,"K26996",0.962578899909829,1,FALSE,FALSE,FALSE,FALSE
"K07588",0.199,0,0.203,88.3,69.1,0.0902,NA,"K07588",0.932126696832579,1,FALSE,FALSE,FALSE,FALSE
"K00752",0.0398,0,0.184,129,96.4,0.0941,NA,"K00752",0.92,1,FALSE,FALSE,FALSE,FALSE
"K18575",0.388,0,0.223,-41.6,34,0.0863,NA,"K18575",0.942519019442096,1,FALSE,FALSE,FALSE,FALSE
"K00812",0.547,0,0.281,43.7,40.4,0.0764,NA,"K00812",0.946765498652291,1,FALSE,FALSE,FALSE,FALSE
"K00294",0.189,0,0.331,-89.3,91.6,0.069,NA,"K00294",0.954968944099379,1,FALSE,FALSE,FALSE,FALSE
"K21571",0.0498,0,0.512,76.9,117,0.0465,NA,"K21571",0.975103734439834,1,FALSE,FALSE,FALSE,FALSE
"K01838",0.154,0,0.0769,85.2,47.9,0.125,NA,"K01838",0.776767676767677,1,FALSE,FALSE,FALSE,FALSE
"K00691",0.0547,0,0.141,150,101,0.104,NA,"K00691",0.868226600985222,1,FALSE,FALSE,FALSE,FALSE
"K01966",0.209,0,0.445,49.8,65.1,0.0541,NA,"K01966",0.971191619380183,1,FALSE,FALSE,FALSE,FALSE
"K07037",0.154,0,0.198,128,99,0.0912,NA,"K07037",0.932126696832579,1,FALSE,FALSE,FALSE,FALSE
"K20742",0.149,0,0.392,83.8,97.7,0.0607,NA,"K20742",0.962578899909829,1,FALSE,FALSE,FALSE,FALSE
"K03696",0.398,0,0.509,-45.6,68.9,0.0469,NA,"K03696",0.975103734439834,1,FALSE,FALSE,FALSE,FALSE
"K22136",0.179,0,0.33,117,119,0.069,NA,"K22136",0.954968944099379,1,FALSE,FALSE,FALSE,FALSE
"K00819",0.279,0,0.785,-17.6,64.6,0.0193,NA,"K00819",0.986782133090246,1,FALSE,FALSE,FALSE,FALSE
"K25137",0.119,0,0.884,12.2,84,0.0103,NA,"K25137",0.992143658810326,1,FALSE,FALSE,FALSE,FALSE
"K13052",0.154,0,0.198,128,99,0.0912,NA,"K13052",0.932126696832579,1,FALSE,FALSE,FALSE,FALSE
"K01847",0.333,0,0.479,39.6,55.9,0.0502,NA,"K01847",0.972832600878945,1,FALSE,FALSE,FALSE,FALSE
"K06013",0.194,0,0.866,13.2,78.2,0.012,NA,"K06013",0.986782133090246,1,FALSE,FALSE,FALSE,FALSE
"K06881",0.184,0,0.608,55.8,109,0.0364,NA,"K06881",0.981408107284365,1,FALSE,FALSE,FALSE,FALSE
"K09958",0.398,0,0.264,-33.8,30.2,0.0791,NA,"K09958",0.946765498652291,1,FALSE,FALSE,FALSE,FALSE
"K00721",0.199,0,0.775,20.8,72.7,0.0203,NA,"K00721",0.986782133090246,1,FALSE,FALSE,FALSE,FALSE
"K01465",0.796,0,0.117,-78,49.5,0.111,NA,"K01465",0.851370851370851,1,FALSE,FALSE,FALSE,FALSE
"K09952",0.0299,0,0.603,38,73,0.0369,NA,"K09952",0.981408107284365,1,FALSE,FALSE,FALSE,FALSE
"K06330",0.219,0,0.795,-9.51,36.6,0.0184,NA,"K06330",0.986782133090246,1,FALSE,FALSE,FALSE,FALSE
"K13993",0.453,0,0.346,29.5,31.2,0.0668,NA,"K13993",0.954968944099379,1,FALSE,FALSE,FALSE,FALSE
"K01219",0.0199,0,0.333,63.4,65.4,0.0686,NA,"K01219",0.954968944099379,1,FALSE,FALSE,FALSE,FALSE
"K08978",0.214,0,0.374,-37.3,41.8,0.0631,NA,"K08978",0.958482829318298,1,FALSE,FALSE,FALSE,FALSE
"K00359",0.134,0,0.21,120,95.4,0.0888,NA,"K00359",0.936663693131133,1,FALSE,FALSE,FALSE,FALSE
"K07456",0.179,0,0.33,117,119,0.069,NA,"K07456",0.954968944099379,1,FALSE,FALSE,FALSE,FALSE
"K11031",0.0199,0,0.856,16.6,91.7,0.0129,NA,"K11031",0.986782133090246,1,FALSE,FALSE,FALSE,FALSE
"K07141",0.776,0,0.622,17.5,35.5,0.035,NA,"K07141",0.981408107284365,1,FALSE,FALSE,FALSE,FALSE
"K16870",0.408,0,0.923,-2.29,23.6,0.00689,NA,"K16870",0.993562231759657,1,FALSE,FALSE,FALSE,FALSE
"K08156",0.0945,0,0.259,108,95.6,0.08,NA,"K08156",0.946765498652291,1,FALSE,FALSE,FALSE,FALSE
"K00131",0.239,0,0.48,-50.8,71.9,0.0501,NA,"K00131",0.972832600878945,1,FALSE,FALSE,FALSE,FALSE
"K28560",0.129,0,0.772,-13.1,45.1,0.0206,NA,"K28560",0.986782133090246,1,FALSE,FALSE,FALSE,FALSE
"K01697",0.388,0,0.425,42.4,53.1,0.0566,NA,"K01697",0.962578899909829,1,FALSE,FALSE,FALSE,FALSE
"K09946",0.323,0,0.477,23.7,33.2,0.0505,NA,"K09946",0.972832600878945,1,FALSE,FALSE,FALSE,FALSE
"K26602",0.204,0,0.138,51,34.2,0.105,NA,"K26602",0.861423220973783,1,FALSE,FALSE,FALSE,FALSE
"K01281",0.0398,0,0.212,86.2,68.8,0.0884,NA,"K01281",0.93804537521815,1,FALSE,FALSE,FALSE,FALSE
"K22757",0.0796,0,0.232,109,91.1,0.0847,NA,"K22757",0.946765498652291,1,FALSE,FALSE,FALSE,FALSE
"K26959",0.179,0,0.33,117,119,0.069,NA,"K26959",0.954968944099379,1,FALSE,FALSE,FALSE,FALSE
"K02473",0.0746,0,0.523,33.2,51.9,0.0453,NA,"K02473",0.975791433891993,1,FALSE,FALSE,FALSE,FALSE
"K02474",0.264,0,0.495,18.6,27.3,0.0484,NA,"K02474",0.975103734439834,1,FALSE,FALSE,FALSE,FALSE
"K00754",0.179,0,0.33,117,119,0.069,NA,"K00754",0.954968944099379,1,FALSE,FALSE,FALSE,FALSE
"K08641",0.289,0,0.858,7.07,39.5,0.0127,NA,"K08641",0.986782133090246,1,FALSE,FALSE,FALSE,FALSE
"K18122",0.0249,0,0.933,7.05,84.2,0.00594,NA,"K18122",0.993854630218267,1,FALSE,FALSE,FALSE,FALSE
"K27683",0.0398,0,0.99,1.22,95,0.000909,NA,"K27683",0.999799839871897,1,FALSE,FALSE,FALSE,FALSE
"K00809",0.0547,0,0.357,91.2,98.8,0.0653,NA,"K00809",0.954968944099379,1,FALSE,FALSE,FALSE,FALSE
"K23499",0.0647,0,0.324,82,83,0.0699,NA,"K23499",0.954968944099379,1,FALSE,FALSE,FALSE,FALSE
"K03930",0.149,0,0.296,-47,44.8,0.074,NA,"K03930",0.952380952380952,1,FALSE,FALSE,FALSE,FALSE
"K06915",0.652,0,0.376,-40.5,45.6,0.0628,NA,"K06915",0.960163432073544,1,FALSE,FALSE,FALSE,FALSE
"K00886",0.229,0,0.905,7.62,63.9,0.00845,NA,"K00886",0.992884864165589,1,FALSE,FALSE,FALSE,FALSE
"K20830",0.0149,0,0.51,55.2,83.8,0.0467,NA,"K20830",0.975103734439834,1,FALSE,FALSE,FALSE,FALSE
"K00024",0.483,0,0.442,51.5,66.9,0.0545,NA,"K00024",0.97027972027972,1,FALSE,FALSE,FALSE,FALSE
"K12257",0.239,0,0.943,-6.23,87,0.00508,NA,"K12257",0.994306199915647,1,FALSE,FALSE,FALSE,FALSE
"K09005",0.358,0,0.774,12,41.9,0.0204,NA,"K09005",0.986782133090246,1,FALSE,FALSE,FALSE,FALSE
"K09164",0.219,0,0.584,-46.3,84.4,0.0388,NA,"K09164",0.981408107284365,1,FALSE,FALSE,FALSE,FALSE
"K11942",0.184,0,0.0051,163,57.5,0.197,NA,"K11942",0.41171875,1,FALSE,FALSE,FALSE,FALSE
"K01829",0.0199,0,0.674,36.8,87.2,0.0299,NA,"K01829",0.986782133090246,1,FALSE,FALSE,FALSE,FALSE
"K02825",0.572,0,0.362,-60.6,66.3,0.0647,NA,"K02825",0.954968944099379,1,FALSE,FALSE,FALSE,FALSE
"K28749",0.0846,0,0.684,14.9,36.6,0.0289,NA,"K28749",0.986782133090246,1,FALSE,FALSE,FALSE,FALSE
"K18333",0.0746,0,0.279,58.9,54.2,0.0768,NA,"K18333",0.946765498652291,1,FALSE,FALSE,FALSE,FALSE
"K00041",0.348,0,0.674,16.2,38.4,0.0299,NA,"K00041",0.986782133090246,1,FALSE,FALSE,FALSE,FALSE
"K01685",0.249,0,0.0794,82.6,46.9,0.124,NA,"K01685",0.787128712871287,1,FALSE,FALSE,FALSE,FALSE
"K23007",0.249,0,0.452,-30.6,40.6,0.0534,NA,"K23007",0.972832600878945,1,FALSE,FALSE,FALSE,FALSE
"K15921",0.0846,0,0.831,11.6,54.3,0.0151,NA,"K15921",0.986782133090246,1,FALSE,FALSE,FALSE,FALSE
"K01206",0.154,0,0.0647,98.2,52.9,0.131,NA,"K01206",0.74835886214442,1,FALSE,FALSE,FALSE,FALSE
"K02291",0.383,0,0.644,-20.3,43.9,0.0328,NA,"K02291",0.981408107284365,1,FALSE,FALSE,FALSE,FALSE
"K15746",0.124,0,0.965,3.03,67.9,0.00316,NA,"K15746",0.99876058665565,1,FALSE,FALSE,FALSE,FALSE
"K14441",0.498,0,0.46,47,63.5,0.0524,NA,"K14441",0.972832600878945,1,FALSE,FALSE,FALSE,FALSE
"K01426",0.9,0,0.339,-37.9,39.5,0.0678,NA,"K01426",0.954968944099379,1,FALSE,FALSE,FALSE,FALSE
"K06889",0.706,0,0.716,9.68,26.5,0.0259,NA,"K06889",0.986782133090246,1,FALSE,FALSE,FALSE,FALSE
"K01823",0.338,0,0.333,38.7,39.9,0.0687,NA,"K01823",0.954968944099379,1,FALSE,FALSE,FALSE,FALSE
"K00367",0.0299,0,0.509,77.8,118,0.0468,NA,"K00367",0.975103734439834,1,FALSE,FALSE,FALSE,FALSE
"K03436",0.269,0,0.316,-51.7,51.4,0.0711,NA,"K03436",0.954968944099379,1,FALSE,FALSE,FALSE,FALSE
"K00054",0.104,0,0.295,45,42.9,0.0742,NA,"K00054",0.952380952380952,1,FALSE,FALSE,FALSE,FALSE
"K03783",0.433,0,0.207,-79.2,62.6,0.0893,NA,"K03783",0.933273219116321,1,FALSE,FALSE,FALSE,FALSE
"K01597",0.0498,0,0.997,0.359,93,0.000273,NA,"K01597",0.999799839871897,1,FALSE,FALSE,FALSE,FALSE
"K09793",0.303,0,0.423,56.5,70.4,0.0568,NA,"K09793",0.962578899909829,1,FALSE,FALSE,FALSE,FALSE
"K15255",0.0896,0,0.614,-34.2,67.8,0.0357,NA,"K15255",0.981408107284365,1,FALSE,FALSE,FALSE,FALSE
"K18890",0.294,0,0.0596,171,90.4,0.133,NA,"K18890",0.746428571428572,1,FALSE,FALSE,FALSE,FALSE
"K18672",0.159,0,0.257,117,103,0.0803,NA,"K18672",0.946765498652291,1,FALSE,FALSE,FALSE,FALSE
"K20853",0.0199,0,0.154,77,53.8,0.101,NA,"K20853",0.874717832957111,1,FALSE,FALSE,FALSE,FALSE
"K01565",0.0746,0,0.0351,85.5,40.3,0.149,NA,"K01565",0.704819277108434,1,FALSE,FALSE,FALSE,FALSE
"K05970",0.0796,0,0.0384,184,88.1,0.146,NA,"K05970",0.710069444444444,1,FALSE,FALSE,FALSE,FALSE
"K20885",0.0647,0,0.816,14,60.3,0.0165,NA,"K20885",0.986782133090246,1,FALSE,FALSE,FALSE,FALSE
"K16899",0.323,0,0.0619,134,71.2,0.132,NA,"K16899",0.746428571428572,1,FALSE,FALSE,FALSE,FALSE
"K07054",0.677,0,0.268,51.3,46.2,0.0785,NA,"K07054",0.946765498652291,1,FALSE,FALSE,FALSE,FALSE
"K05606",0.303,0,0.644,37.5,80.9,0.0328,NA,"K05606",0.981408107284365,1,FALSE,FALSE,FALSE,FALSE
"K01808",0.423,0,0.0593,106,55.7,0.133,NA,"K01808",0.746428571428572,1,FALSE,FALSE,FALSE,FALSE
"K02371",0.119,0,0.0629,155,83.1,0.131,NA,"K02371",0.746445497630332,1,FALSE,FALSE,FALSE,FALSE
"K06384",0.473,0,0.0438,83,40.9,0.142,NA,"K06384",0.732441471571906,1,FALSE,FALSE,FALSE,FALSE
"K06902",0.423,0,0.125,-85.9,55.7,0.109,NA,"K06902",0.855345911949686,1,FALSE,FALSE,FALSE,FALSE
"K15865",0.308,0,0.817,-15.9,68.7,0.0164,NA,"K15865",0.986782133090246,1,FALSE,FALSE,FALSE,FALSE
"K06878",0.393,0,0.349,-39.2,41.7,0.0664,NA,"K06878",0.954968944099379,1,FALSE,FALSE,FALSE,FALSE
"K18889",0.318,0,0.0249,131,58.1,0.158,NA,"K18889",0.650684931506849,1,FALSE,FALSE,FALSE,FALSE
"K21064",0.144,0,0.3,115,111,0.0735,NA,"K21064",0.954968944099379,1,FALSE,FALSE,FALSE,FALSE
"K19776",0.0597,0,0.421,82.7,103,0.057,NA,"K19776,K21086",0.962578899909829,1,FALSE,FALSE,FALSE,FALSE
"K08194",0.274,0,0.514,26.2,40,0.0463,NA,"K08194",0.975103734439834,1,FALSE,FALSE,FALSE,FALSE
"K04081",0.0448,0,0.312,165,163,0.0716,NA,"K01646,K01675,K01910,K02255,K02466,K02467,K02468,K02972,K04081,K04333,K05964,K07309,K07349,K07470,K07592,K08314,K08349,K08350,K11732,K11932,K12943,K13497,K13630,K15827,K15828,K15829,K15830,K15831,K15833,K18325,K19148,K19234,K19688,K20263,K20264,K21085,K21089,K22650,K23676,K24147",0.954968944099379,1,FALSE,FALSE,FALSE,FALSE
"K03482",0.0498,0,0.448,80.1,105,0.0539,NA,"K03482",0.972832600878945,1,FALSE,FALSE,FALSE,FALSE
"K02750",0.104,0,0.389,61.8,71.7,0.061,NA,"K02750",0.962578899909829,1,FALSE,FALSE,FALSE,FALSE
"K01232",0.0796,0,0.692,31.6,79.6,0.0281,NA,"K01232",0.986782133090246,1,FALSE,FALSE,FALSE,FALSE
"K00389",0.294,0,0.299,33.2,31.8,0.0737,NA,"K00389",0.954968944099379,1,FALSE,FALSE,FALSE,FALSE
"K13629",0.0846,0,0.919,6.4,62.6,0.00725,NA,"K13629",0.992884864165589,1,FALSE,FALSE,FALSE,FALSE
"K07675",0.214,0,0.916,-3.78,36,0.00744,NA,"K07675",0.992884864165589,1,FALSE,FALSE,FALSE,FALSE
"K18297",0.383,0,0.0123,-135,53.4,0.176,NA,"K18297",0.534188034188034,1,FALSE,FALSE,FALSE,FALSE
"K03445",0.0896,0,0.831,14.6,68.7,0.0151,NA,"K03445",0.986782133090246,1,FALSE,FALSE,FALSE,FALSE
"K28669",0.119,0,0.921,5.09,51.3,0.00704,NA,"K28669",0.992884864165589,1,FALSE,FALSE,FALSE,FALSE
"K03827",0.438,0,0.292,-38,36,0.0746,NA,"K03827",0.952380952380952,1,FALSE,FALSE,FALSE,FALSE
"K19048",0.0945,0,0.227,-65.9,54.4,0.0857,NA,"K19048",0.946765498652291,1,FALSE,FALSE,FALSE,FALSE
"K01811",0.169,0,0.743,16.1,48.9,0.0233,NA,"K01811",0.986782133090246,1,FALSE,FALSE,FALSE,FALSE
"K16345",0.323,0,0.792,8.16,31,0.0187,NA,"K16345",0.986782133090246,1,FALSE,FALSE,FALSE,FALSE
"K19354",0.0697,0,0.145,269,184,0.103,NA,"K00361,K01085,K01557,K02485,K02505,K02507,K02679,K02680,K02682,K02794,K02846,K02852,K02853,K02854,K03425,K03468,K03971,K04753,K05790,K05804,K05839,K07643,K07676,K07757,K07771,K08137,K08278,K08308,K09475,K09996,K09997,K11736,K11929,K11934,K11938,K12147,K12148,K12151,K12288,K12289,K12290,K12974,K12975,K13301,K13631,K13632,K13918,K15548,K16693,K18324,K18697,K19162,K19354,K21090,K25859,K25864,K26149",0.869047619047619,1,FALSE,FALSE,FALSE,FALSE
"K02844",0.303,0,0.89,-9.55,68.8,0.00984,NA,"K02844",0.992868286160018,1,FALSE,FALSE,FALSE,FALSE
"K02841",0.269,0,0.18,-136,101,0.0949,NA,"K02841",0.914634146341463,1,FALSE,FALSE,FALSE,FALSE
"K16704",0.0945,0,0.925,12.4,131,0.00669,NA,"K16704",0.993562231759657,1,FALSE,FALSE,FALSE,FALSE
"K02805",0.144,0,0.992,0.437,43,0.000721,NA,"K02805",0.999799839871897,1,FALSE,FALSE,FALSE,FALSE
"K12582",0.0746,0,0.0973,203,122,0.117,NA,"K12582",0.808130081300813,1,FALSE,FALSE,FALSE,FALSE
"K03293",0.313,0,0.42,-40.7,50.4,0.0572,NA,"K03293",0.962578899909829,1,FALSE,FALSE,FALSE,FALSE
"K07726",0.284,0,0.265,-27.1,24.3,0.079,NA,"K07726",0.946765498652291,1,FALSE,FALSE,FALSE,FALSE
"K00090",0.428,0,0.618,-27.1,54.4,0.0354,NA,"K00090",0.981408107284365,1,FALSE,FALSE,FALSE,FALSE
"K02525",0.328,0,0.903,5.18,42.4,0.00865,NA,"K02525",0.992884864165589,1,FALSE,FALSE,FALSE,FALSE
"K08351",0.119,0,0.000134,182,46.7,0.266,NA,"K08351",0.134,0.67,FALSE,FALSE,FALSE,FALSE
"K12368",0.418,0,0.00684,-187,68.6,0.19,NA,"K12368",0.443037974683544,1,FALSE,FALSE,FALSE,FALSE
"K12369",0.413,0,0.00966,-201,76.8,0.182,NA,"K12369,K12370",0.534188034188034,1,FALSE,FALSE,FALSE,FALSE
"K12371",0.438,0,0.344,-57.6,60.8,0.0671,NA,"K12371",0.954968944099379,1,FALSE,FALSE,FALSE,FALSE
"K12372",0.413,0,0.0481,-133,67,0.14,NA,"K12372",0.736151603498542,1,FALSE,FALSE,FALSE,FALSE
"K13641",0.274,0,0.319,45.7,45.7,0.0706,NA,"K13641",0.954968944099379,1,FALSE,FALSE,FALSE,FALSE
"K15771",0.159,0,0.364,-60.6,66.5,0.0644,NA,"K15771",0.954968944099379,1,FALSE,FALSE,FALSE,FALSE
"K03788",0.0896,0,0.94,-5.28,70.1,0.00534,NA,"K03788",0.993874102239121,1,FALSE,FALSE,FALSE,FALSE
"K26148",0.383,0,0.623,-26.4,53.6,0.0349,NA,"K26148",0.981408107284365,1,FALSE,FALSE,FALSE,FALSE
"K24163",0.597,0,0.483,-26.8,38.2,0.0497,NA,"K24163",0.972832600878945,1,FALSE,FALSE,FALSE,FALSE
"K11102",0.308,0,0.673,33.2,78.7,0.0299,NA,"K11102",0.986782133090246,1,FALSE,FALSE,FALSE,FALSE
"K22015",0.0796,0,0.446,62.3,81.6,0.054,NA,"K05796,K08315,K15832,K22015",0.971677559912854,1,FALSE,FALSE,FALSE,FALSE
"K13587",0.458,0,0.127,-103,67.2,0.108,NA,"K13587",0.855345911949686,1,FALSE,FALSE,FALSE,FALSE
"K09994",0.0498,0,0.624,50.4,103,0.0348,NA,"K09994",0.981408107284365,1,FALSE,FALSE,FALSE,FALSE
"K02526",0.204,0,0.214,-46.5,37.3,0.088,NA,"K02526",0.93804537521815,1,FALSE,FALSE,FALSE,FALSE
"K03762",0.592,0,0.357,-35,37.9,0.0653,NA,"K03762",0.954968944099379,1,FALSE,FALSE,FALSE,FALSE
"K12518",0.0697,0,0.849,-11.7,61.1,0.0136,NA,"K12518",0.986782133090246,1,FALSE,FALSE,FALSE,FALSE
"K12519",0.0597,0,0.959,4.13,81.2,0.00361,NA,"K12519",0.997296173044925,1,FALSE,FALSE,FALSE,FALSE
"K07346",0.279,0,0.169,44.3,32.1,0.0973,NA,"K07346",0.889473684210526,1,FALSE,FALSE,FALSE,FALSE
"K13888",0.333,0,0.0118,-93.9,37,0.177,NA,"K13888",0.534188034188034,1,FALSE,FALSE,FALSE,FALSE
"K02005",0.448,0,0.698,12.9,33.1,0.0275,NA,"K02005",0.986782133090246,1,FALSE,FALSE,FALSE,FALSE
"K05685",0.328,0,0.00354,-117,39.6,0.205,NA,"K05685",0.41171875,1,FALSE,FALSE,FALSE,FALSE
"K16347",0.179,0,0.0188,151,63.7,0.166,NA,"K16347",0.592024539877301,1,FALSE,FALSE,FALSE,FALSE
"K16348",0.219,0,0.0482,129,65,0.14,NA,"K16348",0.736151603498542,1,FALSE,FALSE,FALSE,FALSE
"K19215",0.0348,0,0.557,86.8,148,0.0417,NA,"K03895,K07352,K07353,K07354,K07355,K07356,K08088,K14062,K16076,K18141,K18920,K18921,K19215,K21264",0.981390449438202,1,FALSE,FALSE,FALSE,FALSE
"K17850",0.284,0,0.96,-2.06,40.6,0.0036,NA,"K17850",0.997713573061734,1,FALSE,FALSE,FALSE,FALSE
"K22051",0.114,0,0.0977,219,132,0.117,NA,"K22051",0.808130081300813,1,FALSE,FALSE,FALSE,FALSE
"K09456",0.468,0,0.41,42.7,51.7,0.0585,NA,"K09456",0.962578899909829,1,FALSE,FALSE,FALSE,FALSE
"K03477",0.0697,0,0.682,30.5,74.2,0.0291,NA,"K03477",0.986782133090246,1,FALSE,FALSE,FALSE,FALSE
"K03476",0.0647,0,0.707,25.7,68.4,0.0267,NA,"K03476",0.986782133090246,1,FALSE,FALSE,FALSE,FALSE
"K11737",0.328,0,0.407,-33.6,40.5,0.0587,NA,"K11737",0.962578899909829,1,FALSE,FALSE,FALSE,FALSE
"K07322",0.249,0,0.677,16.9,40.5,0.0296,NA,"K07322",0.986782133090246,1,FALSE,FALSE,FALSE,FALSE
"K05874",0.114,0,0.742,-24,72.7,0.0234,NA,"K05874",0.986782133090246,1,FALSE,FALSE,FALSE,FALSE
"K16210",0.0945,0,0.243,119,102,0.0827,NA,"K16210",0.946765498652291,1,FALSE,FALSE,FALSE,FALSE
"K13020",0.169,0,0.641,25,53.6,0.0331,NA,"K13020",0.981408107284365,1,FALSE,FALSE,FALSE,FALSE
"K23508",0.323,0,0.837,7.82,38,0.0146,NA,"K10820,K23508",0.986782133090246,1,FALSE,FALSE,FALSE,FALSE
"K01042",0.468,0,0.0684,-62.3,34,0.129,NA,"K01042",0.74835886214442,1,FALSE,FALSE,FALSE,FALSE
"K01531",0.303,0,0.596,-15.8,29.8,0.0376,NA,"K01531",0.981408107284365,1,FALSE,FALSE,FALSE,FALSE
"K19334",0.124,0,0.23,62.5,51.9,0.085,NA,"K19334",0.946765498652291,1,FALSE,FALSE,FALSE,FALSE
"K22397",0.0995,0,0.124,144,93.3,0.109,NA,"K22397",0.855345911949686,1,FALSE,FALSE,FALSE,FALSE
"K22396",0.0498,0,0.907,10.9,93.1,0.00833,NA,"K22396",0.992884864165589,1,FALSE,FALSE,FALSE,FALSE
"K01198",0.294,0,0.403,27.2,32.4,0.0594,NA,"K01198",0.962578899909829,1,FALSE,FALSE,FALSE,FALSE
"K00433",0.667,0,0.158,-59.6,42,0.1,NA,"K00433",0.878754171301446,1,FALSE,FALSE,FALSE,FALSE
"K00483",0.254,0,0.399,42.1,49.8,0.0598,NA,"K00483",0.962578899909829,1,FALSE,FALSE,FALSE,FALSE
"K02511",0.0448,0,0.599,47.3,89.8,0.0373,NA,"K02511",0.981408107284365,1,FALSE,FALSE,FALSE,FALSE
"K06141",0.0796,0,0.716,-25.9,71,0.0258,NA,"K06141",0.986782133090246,1,FALSE,FALSE,FALSE,FALSE
"K01002",0.0945,0,0.858,-16.7,92.8,0.0127,NA,"K01002",0.986782133090246,1,FALSE,FALSE,FALSE,FALSE
"K02315",0.129,0,0.34,32.3,33.7,0.0677,NA,"K02315",0.954968944099379,1,FALSE,FALSE,FALSE,FALSE
"K02317",0.114,0,0.0977,219,132,0.117,NA,"K02317",0.808130081300813,1,FALSE,FALSE,FALSE,FALSE
"K22294",0.423,0,0.819,-13.8,60.1,0.0162,NA,"K22294",0.986782133090246,1,FALSE,FALSE,FALSE,FALSE
"K13255",0.279,0,0.834,9.19,43.8,0.0149,NA,"K13255",0.986782133090246,1,FALSE,FALSE,FALSE,FALSE
"K03800",0.398,0,0.246,56,48.1,0.0822,NA,"K03800",0.946765498652291,1,FALSE,FALSE,FALSE,FALSE
"K15634",0.169,0,0.577,-41,73.3,0.0396,NA,"K15634",0.981408107284365,1,FALSE,FALSE,FALSE,FALSE
"K03831",0.219,0,0.553,43.9,73.9,0.0421,NA,"K03831",0.980565371024735,1,FALSE,FALSE,FALSE,FALSE
"K02795",0.124,0,0.0441,178,87.6,0.142,NA,"K02795",0.733118971061093,1,FALSE,FALSE,FALSE,FALSE
"K11746",0.0647,0,0.603,42.6,81.9,0.0369,NA,"K11746",0.981408107284365,1,FALSE,FALSE,FALSE,FALSE
"K11745",0.0896,0,0.0623,142,75.5,0.132,NA,"K11745",0.746428571428572,1,FALSE,FALSE,FALSE,FALSE
"K01804",0.333,0,0.474,31.2,43.5,0.0508,NA,"K01804",0.972832600878945,1,FALSE,FALSE,FALSE,FALSE
"K00853",0.234,0,0.708,13.5,36,0.0265,NA,"K00853",0.986782133090246,1,FALSE,FALSE,FALSE,FALSE
"K05806",0.0647,0,0.279,153,141,0.0767,NA,"K05806",0.946765498652291,1,FALSE,FALSE,FALSE,FALSE
"K02504",0.0647,0,0.361,-62.9,68.7,0.0647,NA,"K02504",0.954968944099379,1,FALSE,FALSE,FALSE,FALSE
"K11734",0.313,0,0.422,-74.9,93.1,0.057,NA,"K11734",0.962578899909829,1,FALSE,FALSE,FALSE,FALSE
"K14588",0.0846,0,0.104,145,88.8,0.115,NA,"K14588",0.826771653543307,1,FALSE,FALSE,FALSE,FALSE
"K00117",0.363,0,0.0279,-87.5,39.5,0.155,NA,"K00117",0.650684931506849,1,FALSE,FALSE,FALSE,FALSE
"K07347",0.239,0,0.392,28.5,33.2,0.0607,NA,"K07347",0.962578899909829,1,FALSE,FALSE,FALSE,FALSE
"K15540",0.169,0,0.474,24.9,34.7,0.0508,NA,"K15540",0.972832600878945,1,FALSE,FALSE,FALSE,FALSE
"K01975",0.577,0,0.109,71.2,44.3,0.113,NA,"K01975",0.835889570552147,1,FALSE,FALSE,FALSE,FALSE
"K01582",0.0995,0,0.422,64.6,80.3,0.0569,NA,"K01582",0.962578899909829,1,FALSE,FALSE,FALSE,FALSE
"K06222",0.458,0,7.18e-05,-131,32.3,0.276,NA,"K06222",0.134,0.359,FALSE,FALSE,FALSE,FALSE
"K18316",0.0299,0,0.712,40.2,109,0.0262,NA,"K18315,K18316,K18317",0.986782133090246,1,FALSE,FALSE,FALSE,FALSE
"K05908",0.0348,0,0.818,-19.4,84.2,0.0163,NA,"K05908",0.986782133090246,1,FALSE,FALSE,FALSE,FALSE
"K18058",0.0945,0,0.969,1.47,37.7,0.00277,NA,"K18058",0.998969072164948,1,FALSE,FALSE,FALSE,FALSE
"K07474",0.0945,0,0.821,-7.76,34.2,0.0161,NA,"K07474",0.986782133090246,1,FALSE,FALSE,FALSE,FALSE
"K15125",0.194,0,0.819,-7.63,33.3,0.0162,NA,"K15125",0.986782133090246,1,FALSE,FALSE,FALSE,FALSE
"K16235",0.249,0,0.231,48,39.9,0.0849,NA,"K16235",0.946765498652291,1,FALSE,FALSE,FALSE,FALSE
"K00547",0.209,0,0.21,59.7,47.5,0.0888,NA,"K00547",0.936663693131133,1,FALSE,FALSE,FALSE,FALSE
"K15551",0.433,0,0.253,-49,42.8,0.0809,NA,"K15551",0.946765498652291,1,FALSE,FALSE,FALSE,FALSE
"K10831",0.403,0,0.499,-29.2,43,0.048,NA,"K10831",0.975103734439834,1,FALSE,FALSE,FALSE,FALSE
"K15552",0.433,0,0.253,-49,42.8,0.0809,NA,"K15552",0.946765498652291,1,FALSE,FALSE,FALSE,FALSE
"K15554",0.706,0,0.316,-36.5,36.4,0.071,NA,"K15554",0.954968944099379,1,FALSE,FALSE,FALSE,FALSE
"K17938",0.209,0,0.5,-40.9,60.4,0.0479,NA,"K17938",0.975103734439834,1,FALSE,FALSE,FALSE,FALSE
"K08161",0.294,0,0.431,39.2,49.7,0.0559,NA,"K08161",0.963774597495528,1,FALSE,FALSE,FALSE,FALSE
"K18968",0.234,0,0.559,33.9,57.9,0.0414,NA,"K18968",0.981390449438202,1,FALSE,FALSE,FALSE,FALSE
"K14591",0.0746,0,0.529,45.6,72.3,0.0447,NA,"K14591",0.976418570375829,1,FALSE,FALSE,FALSE,FALSE
"K23107",0.403,0,0.492,-25.4,36.9,0.0488,NA,"K23107",0.975103734439834,1,FALSE,FALSE,FALSE,FALSE
"K12500",0.114,0,0.14,134,90.4,0.104,NA,"K12500",0.866336633663366,1,FALSE,FALSE,FALSE,FALSE
"K07149",0.428,0,0.316,46.3,46.1,0.071,NA,"K07149",0.954968944099379,1,FALSE,FALSE,FALSE,FALSE
"K23240",0.214,0,0.623,22.4,45.6,0.0349,NA,"K23240",0.981408107284365,1,FALSE,FALSE,FALSE,FALSE
"K03577",0.274,0,0.0399,-131,63.2,0.145,NA,"K03577",0.710069444444444,1,FALSE,FALSE,FALSE,FALSE
"K05802",0.448,0,0.0827,-93.5,53.6,0.123,NA,"K05802",0.793621013133208,1,FALSE,FALSE,FALSE,FALSE
"K26735",0.234,0,0.359,43.4,47.3,0.065,NA,"K26735",0.954968944099379,1,FALSE,FALSE,FALSE,FALSE
"K08223",0.567,0,0.589,-25.9,47.9,0.0383,NA,"K08223",0.981408107284365,1,FALSE,FALSE,FALSE,FALSE
"K19591",0.532,0,0.512,-39.4,59.9,0.0466,NA,"K19591",0.975103734439834,1,FALSE,FALSE,FALSE,FALSE
"K02068",0.119,0,0.654,27.8,61.8,0.0318,NA,"K02068",0.982918789331735,1,FALSE,FALSE,FALSE,FALSE
"K06917",0.378,0,0.117,71.1,45.2,0.111,NA,"K06917",0.851370851370851,1,FALSE,FALSE,FALSE,FALSE
"K16136",0.0896,0,0.583,55.4,101,0.039,NA,"K16136",0.981408107284365,1,FALSE,FALSE,FALSE,FALSE
"K07345",0.204,0,0.457,25.9,34.8,0.0527,NA,"K07345",0.972832600878945,1,FALSE,FALSE,FALSE,FALSE
"K07351",0.0398,0,0.385,126,145,0.0616,NA,"K01169,K02506,K02615,K03289,K07351,K08320,K08348,K11685,K13650,K14064,K15722,K18837",0.962578899909829,1,FALSE,FALSE,FALSE,FALSE
"K06048",0.393,0,0.167,50.5,36.4,0.0978,NA,"K06048",0.8870116156283,1,FALSE,FALSE,FALSE,FALSE
"K25495",0.164,0,0.844,8.68,43.9,0.014,NA,"K25495",0.986782133090246,1,FALSE,FALSE,FALSE,FALSE
"K28299",0.104,0,0.973,1.42,42.3,0.00238,NA,"K28299",0.999589069241833,1,FALSE,FALSE,FALSE,FALSE
"K18831",0.249,0,0.358,-24.2,26.3,0.0651,NA,"K18831",0.954968944099379,1,FALSE,FALSE,FALSE,FALSE
"K01575",0.164,0,0.826,-12.2,55.4,0.0156,NA,"K01575",0.986782133090246,1,FALSE,FALSE,FALSE,FALSE
"K19611",0.139,0,0.95,3.27,52.6,0.00441,NA,"K19611",0.996642887117079,1,FALSE,FALSE,FALSE,FALSE
"K02364",0.0945,0,0.813,-15,63.3,0.0168,NA,"K02364",0.986782133090246,1,FALSE,FALSE,FALSE,FALSE
"K08225",0.0746,0,0.793,-18.4,70,0.0186,NA,"K08225",0.986782133090246,1,FALSE,FALSE,FALSE,FALSE
"K01295",0.398,0,0.0597,57,30.1,0.133,NA,"K01295",0.746428571428572,1,FALSE,FALSE,FALSE,FALSE
"K06218",0.219,0,0.914,-2.88,26.6,0.00768,NA,"K06218",0.992884864165589,1,FALSE,FALSE,FALSE,FALSE
"K08317",0.0896,0,0.759,19.8,64.7,0.0217,NA,"K08317",0.986782133090246,1,FALSE,FALSE,FALSE,FALSE
"K12973",0.0746,0,0.324,109,111,0.07,NA,"K12973",0.954968944099379,1,FALSE,FALSE,FALSE,FALSE
"K01250",0.0995,0,0.897,5.7,44.1,0.00916,NA,"K01250",0.992884864165589,1,FALSE,FALSE,FALSE,FALSE
"K10004",0.313,0,0.872,12.7,78.8,0.0114,NA,"K10004",0.989347234814143,1,FALSE,FALSE,FALSE,FALSE
"K10002",0.313,0,0.439,54.2,69.9,0.0549,NA,"K10002,K10003",0.96952296819788,1,FALSE,FALSE,FALSE,FALSE
"K10001",0.328,0,0.601,35.9,68.4,0.0371,NA,"K10001",0.981408107284365,1,FALSE,FALSE,FALSE,FALSE
"K02566",0.264,0,0.403,59.5,70.9,0.0594,NA,"K02566",0.962578899909829,1,FALSE,FALSE,FALSE,FALSE
"K03756",0.144,0,0.569,-32,56.1,0.0404,NA,"K03756",0.981408107284365,1,FALSE,FALSE,FALSE,FALSE
"K07646",0.716,0,0.544,-26.4,43.3,0.0431,NA,"K07646",0.979474252790781,1,FALSE,FALSE,FALSE,FALSE
"K01548",0.642,0,0.443,-29.4,38.3,0.0544,NA,"K01548",0.97027972027972,1,FALSE,FALSE,FALSE,FALSE
"K01547",0.642,0,0.443,-29.4,38.3,0.0544,NA,"K01547",0.97027972027972,1,FALSE,FALSE,FALSE,FALSE
"K01546",0.642,0,0.443,-29.4,38.3,0.0544,NA,"K01546",0.97027972027972,1,FALSE,FALSE,FALSE,FALSE
"K23123",0.134,0,0.889,10.3,74.1,0.00988,NA,"K23123",0.992868286160018,1,FALSE,FALSE,FALSE,FALSE
"K05522",0.219,0,0.831,20.7,96.5,0.0152,NA,"K05522",0.986782133090246,1,FALSE,FALSE,FALSE,FALSE
"K01834",0.468,0,0.55,-31.6,52.7,0.0424,NA,"K01834",0.980565371024735,1,FALSE,FALSE,FALSE,FALSE
"K02019",0.433,0,0.193,-75,57.4,0.0922,NA,"K02019",0.930568948891032,1,FALSE,FALSE,FALSE,FALSE
"K28853",0.144,0,0.532,43.7,69.9,0.0443,NA,"K28853",0.97676107480029,1,FALSE,FALSE,FALSE,FALSE
"K01051",0.144,0,0.281,49.4,45.8,0.0764,NA,"K01051",0.946765498652291,1,FALSE,FALSE,FALSE,FALSE
"K06890",0.209,0,0.759,24.6,79.9,0.0218,NA,"K06890",0.986782133090246,1,FALSE,FALSE,FALSE,FALSE
"K25180",0.179,0,0.514,40.5,62,0.0463,NA,"K25180",0.975103734439834,1,FALSE,FALSE,FALSE,FALSE
"K25181",0.184,0,0.0596,83.5,44.1,0.133,NA,"K25181",0.746428571428572,1,FALSE,FALSE,FALSE,FALSE
"K25182",0.189,0,0.493,-30,43.7,0.0486,NA,"K25182",0.975103734439834,1,FALSE,FALSE,FALSE,FALSE
"K25183",0.204,0,0.746,16.5,51.1,0.0229,NA,"K25183",0.986782133090246,1,FALSE,FALSE,FALSE,FALSE
"K23777",0.194,0,0.134,97.5,64.8,0.106,NA,"K23777",0.855345911949686,1,FALSE,FALSE,FALSE,FALSE
"K22044",0.612,0,0.624,-23.6,48.1,0.0348,NA,"K22044",0.981408107284365,1,FALSE,FALSE,FALSE,FALSE
"K10038",0.169,0,0.494,38.2,55.8,0.0485,NA,"K10038",0.975103734439834,1,FALSE,FALSE,FALSE,FALSE
"K11924",0.214,0,0.463,-62.6,85,0.0521,NA,"K11924",0.972832600878945,1,FALSE,FALSE,FALSE,FALSE
"K18904",0.363,0,0.999,0.0571,40.8,9.91e-05,NA,"K18904",0.999799839871897,1,FALSE,FALSE,FALSE,FALSE
"K03492",0.0846,0,0.984,-1.8,90.9,0.0014,NA,"K03492",0.999594073472701,1,FALSE,FALSE,FALSE,FALSE
"K19235",0.114,0,0.0977,219,132,0.117,NA,"K19235",0.808130081300813,1,FALSE,FALSE,FALSE,FALSE
"K08313",0.0398,0,0.536,91.9,148,0.0439,NA,"K04334,K04336,K05877,K08313,K12299,K13620,K16711,K18140,K18142,K25875",0.97676107480029,1,FALSE,FALSE,FALSE,FALSE
"K13889",0.259,0,0.618,-36,72.2,0.0353,NA,"K13889",0.981408107284365,1,FALSE,FALSE,FALSE,FALSE
"K13890",0.174,0,0.0273,-112,50.4,0.156,NA,"K13890",0.650684931506849,1,FALSE,FALSE,FALSE,FALSE
"K13891",0.229,0,0.167,-63.4,45.7,0.0978,NA,"K13891",0.8870116156283,1,FALSE,FALSE,FALSE,FALSE
"K11534",0.214,0,0.77,21.3,72.5,0.0208,NA,"K11534",0.986782133090246,1,FALSE,FALSE,FALSE,FALSE
"K08160",0.0995,0,0.65,-29.7,65.3,0.0322,NA,"K08160",0.982815797407296,1,FALSE,FALSE,FALSE,FALSE
"K20861",0.0647,0,0.279,153,141,0.0767,NA,"K20861",0.946765498652291,1,FALSE,FALSE,FALSE,FALSE
"K23778",0.154,0,0.496,-24.3,35.6,0.0482,NA,"K23778",0.975103734439834,1,FALSE,FALSE,FALSE,FALSE
"K03893",0.468,0,0.472,-24.6,34.1,0.051,NA,"K03893",0.972832600878945,1,FALSE,FALSE,FALSE,FALSE
"K10678",0.0647,0,0.279,153,141,0.0767,NA,"K10678",0.946765498652291,1,FALSE,FALSE,FALSE,FALSE
"K11073",0.473,0,0.291,-67.5,63.8,0.0748,NA,"K11073,K11074,K11075,K11076",0.952225130890052,1,FALSE,FALSE,FALSE,FALSE
"K03212",0.114,0,0.88,-9.41,62.2,0.0107,NA,"K03212",0.991437584497522,1,FALSE,FALSE,FALSE,FALSE
"K00156",0.403,0,0.146,-45.2,31,0.103,NA,"K00156",0.869047619047619,1,FALSE,FALSE,FALSE,FALSE
"K19127",0.0398,0,0.841,-12.8,64.1,0.0142,NA,"K19127",0.986782133090246,1,FALSE,FALSE,FALSE,FALSE
"K19128",0.0498,0,0.287,-52.2,48.9,0.0755,NA,"K19128,K19129",0.949241924851681,1,FALSE,FALSE,FALSE,FALSE
"K09476",0.0647,0,0.279,153,141,0.0767,NA,"K09476",0.946765498652291,1,FALSE,FALSE,FALSE,FALSE
"K00763",0.851,0,0.262,-69,61.3,0.0795,NA,"K00763",0.946765498652291,1,FALSE,FALSE,FALSE,FALSE
"K15555",0.647,0,0.592,19.9,37.1,0.038,NA,"K15555",0.981408107284365,1,FALSE,FALSE,FALSE,FALSE
"K04091",0.507,0,0.368,38,42.2,0.0638,NA,"K04091",0.954968944099379,1,FALSE,FALSE,FALSE,FALSE
"K15553",0.572,0,0.356,35.5,38.4,0.0655,NA,"K15553",0.954968944099379,1,FALSE,FALSE,FALSE,FALSE
"K00299",0.562,0,0.872,6.07,37.5,0.0115,NA,"K00299",0.989347234814143,1,FALSE,FALSE,FALSE,FALSE
"K13053",0.229,0,0.811,22.3,93.2,0.0169,NA,"K13053",0.986782133090246,1,FALSE,FALSE,FALSE,FALSE
"K06929",0.478,0,0.814,-14,59.4,0.0167,NA,"K06929",0.986782133090246,1,FALSE,FALSE,FALSE,FALSE
"K11940",0.214,0,0.328,93.3,95.1,0.0693,NA,"K11940",0.954968944099379,1,FALSE,FALSE,FALSE,FALSE
"K09982",0.149,0,0.89,-8.67,62.8,0.00978,NA,"K09982",0.992868286160018,1,FALSE,FALSE,FALSE,FALSE
"K16840",0.269,0,0.631,24.3,50.4,0.0341,NA,"K16840",0.981408107284365,1,FALSE,FALSE,FALSE,FALSE
"K03457",0.617,0,0.725,-14.2,40.3,0.025,NA,"K03457",0.986782133090246,1,FALSE,FALSE,FALSE,FALSE
"K16841",0.468,0,0.476,-25.1,35.2,0.0506,NA,"K16841",0.972832600878945,1,FALSE,FALSE,FALSE,FALSE
"K22601",0.0697,0,0.335,96.5,99.8,0.0684,NA,"K22601",0.954968944099379,1,FALSE,FALSE,FALSE,FALSE
"K22602",0.169,0,0.00305,-109,36.3,0.208,NA,"K22602",0.39875,1,FALSE,FALSE,FALSE,FALSE
"K00839",0.269,0,0.437,-38.6,49.6,0.0551,NA,"K00839",0.968957871396896,1,FALSE,FALSE,FALSE,FALSE
"K02083",0.249,0,0.629,-21.8,45.1,0.0343,NA,"K02083",0.981408107284365,1,FALSE,FALSE,FALSE,FALSE
"K15770",0.219,0,0.919,4.89,48.1,0.00721,NA,"K15770",0.992884864165589,1,FALSE,FALSE,FALSE,FALSE
"K15772",0.164,0,0.505,-36.3,54.3,0.0473,NA,"K15772",0.975103734439834,1,FALSE,FALSE,FALSE,FALSE
"K01224",0.164,0,0.529,-24.2,38.3,0.0447,NA,"K01224",0.976418570375829,1,FALSE,FALSE,FALSE,FALSE
"K12308",0.398,0,0.408,35.8,43.2,0.0587,NA,"K12308",0.962578899909829,1,FALSE,FALSE,FALSE,FALSE
"K02778",0.0547,0,0.443,81.7,106,0.0544,NA,"K02778",0.97027972027972,1,FALSE,FALSE,FALSE,FALSE
"K06884",0.348,0,0.372,37.1,41.5,0.0633,NA,"K06884",0.957282552753474,1,FALSE,FALSE,FALSE,FALSE
"K09016",0.164,0,0.772,-17.5,60.4,0.0205,NA,"K09016",0.986782133090246,1,FALSE,FALSE,FALSE,FALSE
"K09024",0.139,0,0.69,18.6,46.6,0.0283,NA,"K09024",0.986782133090246,1,FALSE,FALSE,FALSE,FALSE
"K09019",0.269,0,0.887,-5.3,37.1,0.0101,NA,"K09019",0.992836355495858,1,FALSE,FALSE,FALSE,FALSE
"K09023",0.109,0,0.56,37.8,64.7,0.0413,NA,"K09023",0.981408107284365,1,FALSE,FALSE,FALSE,FALSE
"K09020",0.144,0,0.165,-64.6,46.4,0.0983,NA,"K09020",0.886143931256713,1,FALSE,FALSE,FALSE,FALSE
"K09018",0.124,0,0.895,-8.33,63.3,0.00933,NA,"K09018",0.992884864165589,1,FALSE,FALSE,FALSE,FALSE
"K11535",0.234,0,0.214,135,108,0.0881,NA,"K11535",0.93804537521815,1,FALSE,FALSE,FALSE,FALSE
"K07243",0.577,0,0.239,42.4,35.9,0.0834,NA,"K07243",0.946765498652291,1,FALSE,FALSE,FALSE,FALSE
"K07224",0.259,0,0.154,54.3,37.9,0.101,NA,"K07224,K16301",0.874717832957111,1,FALSE,FALSE,FALSE,FALSE
"K23518",0.279,0,0.955,2.24,39.7,0.00399,NA,"K23518",0.997296173044925,1,FALSE,FALSE,FALSE,FALSE
"K03670",0.408,0,0.253,-51.3,44.8,0.081,NA,"K03670",0.946765498652291,1,FALSE,FALSE,FALSE,FALSE
"K03669",0.408,0,0.253,-51.3,44.8,0.081,NA,"K03669",0.946765498652291,1,FALSE,FALSE,FALSE,FALSE
"K00301",0.149,0,0.828,10.3,47.5,0.0154,NA,"K00301",0.986782133090246,1,FALSE,FALSE,FALSE,FALSE
"K12149",0.114,0,0.0977,219,132,0.117,NA,"K12149",0.808130081300813,1,FALSE,FALSE,FALSE,FALSE
"K08162",0.179,0,0.884,6.74,46.2,0.0103,NA,"K08162",0.992143658810326,1,FALSE,FALSE,FALSE,FALSE
"K02779",0.139,0,0.492,49.5,71.9,0.0487,NA,"K02779",0.975103734439834,1,FALSE,FALSE,FALSE,FALSE
"K22041",0.418,0,0.842,6.49,32.5,0.0142,NA,"K22041",0.986782133090246,1,FALSE,FALSE,FALSE,FALSE
"K12152",0.468,0,0.769,19.9,67.6,0.0209,NA,"K12152",0.986782133090246,1,FALSE,FALSE,FALSE,FALSE
"K13069",0.139,0,0.156,52.4,36.7,0.101,NA,"K13069",0.878378378378378,1,FALSE,FALSE,FALSE,FALSE
"K08281",0.597,0,0.205,-46.1,36.3,0.0898,NA,"K08281",0.932126696832579,1,FALSE,FALSE,FALSE,FALSE
"K01008",0.478,0,0.636,16.6,35.1,0.0336,NA,"K01008",0.981408107284365,1,FALSE,FALSE,FALSE,FALSE
"K21028",0.0896,0,0.868,10.7,64.1,0.0118,NA,"K21028",0.987485779294653,1,FALSE,FALSE,FALSE,FALSE
"K00840",0.239,0,0.173,-118,86,0.0965,NA,"K00840",0.896373056994819,1,FALSE,FALSE,FALSE,FALSE
"K09975",0.587,0,0.641,20,42.7,0.0331,NA,"K09975",0.981408107284365,1,FALSE,FALSE,FALSE,FALSE
"K05984",0.0746,0,0.834,-18.4,87.7,0.0149,NA,"K05984",0.986782133090246,1,FALSE,FALSE,FALSE,FALSE
"K04064",0.214,0,0.103,-102,62.4,0.115,NA,"K04064",0.822683706070288,1,FALSE,FALSE,FALSE,FALSE
"K03490",0.0697,0,0.544,45.3,74.7,0.043,NA,"K03490",0.979474252790781,1,FALSE,FALSE,FALSE,FALSE
"K24204",0.124,0,0.724,29,81.8,0.0251,NA,"K24204",0.986782133090246,1,FALSE,FALSE,FALSE,FALSE
"K16370",0.159,0,0.701,15.7,41,0.0272,NA,"K16370",0.986782133090246,1,FALSE,FALSE,FALSE,FALSE
"K07225",0.274,0,0.631,-17.8,36.9,0.034,NA,"K07225",0.981408107284365,1,FALSE,FALSE,FALSE,FALSE
"K17641",0.0945,0,0.0846,-80.8,46.6,0.122,NA,"K17641",0.793621013133208,1,FALSE,FALSE,FALSE,FALSE
"K18475",0.0746,0,0.238,58.9,49.7,0.0836,NA,"K18475",0.946765498652291,1,FALSE,FALSE,FALSE,FALSE
"K21976",0.0647,0,0.408,117,141,0.0587,NA,"K21976",0.962578899909829,1,FALSE,FALSE,FALSE,FALSE
"K21974",0.0647,0,0.408,117,141,0.0587,NA,"K21974",0.962578899909829,1,FALSE,FALSE,FALSE,FALSE
"K21973",0.0697,0,0.0761,173,96.9,0.125,NA,"K21973",0.772819472616633,1,FALSE,FALSE,FALSE,FALSE
"K21972",0.0647,0,0.408,117,141,0.0587,NA,"K21972",0.962578899909829,1,FALSE,FALSE,FALSE,FALSE
"K19303",0.144,0,0.2,117,91.1,0.0908,NA,"K19303",0.932126696832579,1,FALSE,FALSE,FALSE,FALSE
"K02791",0.149,0,0.243,72.6,62,0.0828,NA,"K02791",0.946765498652291,1,FALSE,FALSE,FALSE,FALSE
"K01561",0.328,0,0.308,-29.6,28.9,0.0723,NA,"K01561",0.954968944099379,1,FALSE,FALSE,FALSE,FALSE
"K07639",0.294,0,0.293,64.1,60.8,0.0746,NA,"K07639",0.952380952380952,1,FALSE,FALSE,FALSE,FALSE
"K03758",0.413,0,0.0474,-103,51.8,0.14,NA,"K03758",0.736151603498542,1,FALSE,FALSE,FALSE,FALSE
"K12941",0.274,0,0.811,-10.4,43.4,0.017,NA,"K12941",0.986782133090246,1,FALSE,FALSE,FALSE,FALSE
"K12940",0.134,0,0.663,25.3,58,0.0309,NA,"K12940",0.983679525222552,1,FALSE,FALSE,FALSE,FALSE
"K14057",0.209,0,0.481,-29.7,42.1,0.05,NA,"K14057",0.972832600878945,1,FALSE,FALSE,FALSE,FALSE
"K22419",0.259,0,0.653,-14.1,31.4,0.0319,NA,"K22419",0.982841661649609,1,FALSE,FALSE,FALSE,FALSE
"K18900",0.522,0,0.00646,-89.9,32.7,0.192,NA,"K18900",0.439864864864865,1,FALSE,FALSE,FALSE,FALSE
"K11743",0.234,0,0.347,-62.4,66.2,0.0667,NA,"K11743",0.954968944099379,1,FALSE,FALSE,FALSE,FALSE
"K11742",0.234,0,0.347,-62.4,66.2,0.0667,NA,"K11742",0.954968944099379,1,FALSE,FALSE,FALSE,FALSE
"K04775",0.0796,0,0.205,142,112,0.0897,NA,"K04775",0.932126696832579,1,FALSE,FALSE,FALSE,FALSE
"K21757",0.493,0,0.0142,84.9,34.3,0.173,NA,"K21757",0.575187969924812,1,FALSE,FALSE,FALSE,FALSE
"K05847",0.662,0,0.514,-32.1,49.1,0.0463,NA,"K05847",0.975103734439834,1,FALSE,FALSE,FALSE,FALSE
"K05846",0.677,0,0.155,-69.5,48.7,0.101,NA,"K05845,K05846",0.874717832957111,1,FALSE,FALSE,FALSE,FALSE
"K19586",0.114,0,0.188,76.3,57.7,0.0933,NA,"K19586",0.922473012757606,1,FALSE,FALSE,FALSE,FALSE
"K19585",0.114,0,0.188,76.3,57.7,0.0933,NA,"K19585",0.922473012757606,1,FALSE,FALSE,FALSE,FALSE
"K19587",0.164,0,0.154,107,75,0.101,NA,"K19587",0.874717832957111,1,FALSE,FALSE,FALSE,FALSE
"K08322",0.139,0,0.589,32.3,59.7,0.0384,NA,"K08322",0.981408107284365,1,FALSE,FALSE,FALSE,FALSE
"K08173",0.139,0,0.415,52.9,64.7,0.0579,NA,"K08173",0.962578899909829,1,FALSE,FALSE,FALSE,FALSE
"K22293",0.269,0,0.605,17.9,34.6,0.0367,NA,"K22293",0.981408107284365,1,FALSE,FALSE,FALSE,FALSE
"K14063",0.383,0,0.637,13.9,29.5,0.0335,NA,"K14063",0.981408107284365,1,FALSE,FALSE,FALSE,FALSE
"K00146",0.279,0,0.517,-33.8,52.1,0.046,NA,"K00146",0.975103734439834,1,FALSE,FALSE,FALSE,FALSE
"K00276",0.154,0,0.455,32.3,43.1,0.053,NA,"K00276",0.972832600878945,1,FALSE,FALSE,FALSE,FALSE
"K02618",0.313,0,0.55,24.9,41.6,0.0424,NA,"K02618",0.980565371024735,1,FALSE,FALSE,FALSE,FALSE
"K02609",0.393,0,0.554,24,40.5,0.042,NA,"K02609,K02610,K02611,K02612",0.980565371024735,1,FALSE,FALSE,FALSE,FALSE
"K15866",0.418,0,0.247,40.4,34.8,0.082,NA,"K15866",0.946765498652291,1,FALSE,FALSE,FALSE,FALSE
"K02614",0.403,0,0.771,11.1,37.9,0.0207,NA,"K02614",0.986782133090246,1,FALSE,FALSE,FALSE,FALSE
"K07823",0.478,0,0.465,-28.7,39.2,0.0518,NA,"K07823",0.972832600878945,1,FALSE,FALSE,FALSE,FALSE
"K01912",0.403,0,0.566,22.7,39.4,0.0407,NA,"K01912",0.981408107284365,1,FALSE,FALSE,FALSE,FALSE
"K02616",0.294,0,0.327,33.8,34.4,0.0695,NA,"K02616",0.954968944099379,1,FALSE,FALSE,FALSE,FALSE
"K02617",0.184,0,0.972,-1.61,45.5,0.00251,NA,"K02617",0.999589069241833,1,FALSE,FALSE,FALSE,FALSE
"K08566",0.0398,0,0.641,42.3,90.5,0.0331,NA,"K08566",0.981408107284365,1,FALSE,FALSE,FALSE,FALSE
"K05594",0.328,0,0.108,116,71.8,0.114,NA,"K05594",0.832049306625578,1,FALSE,FALSE,FALSE,FALSE
"K23239",0.343,0,0.918,4.76,46.1,0.00733,NA,"K23239",0.992884864165589,1,FALSE,FALSE,FALSE,FALSE
"K05876",0.0647,0,0.408,117,141,0.0587,NA,"K05876",0.962578899909829,1,FALSE,FALSE,FALSE,FALSE
"K05358",0.204,0,0.498,-31.5,46.4,0.0481,NA,"K05358",0.975103734439834,1,FALSE,FALSE,FALSE,FALSE
"K02623",0.318,0,0.111,72.2,45.1,0.113,NA,"K02623",0.83710407239819,1,FALSE,FALSE,FALSE,FALSE
"K25986",0.284,0,0.184,-82.3,61.7,0.0941,NA,"K25986",0.92,1,FALSE,FALSE,FALSE,FALSE
"K03929",0.219,0,0.225,46,37.8,0.086,NA,"K03929",0.946765498652291,1,FALSE,FALSE,FALSE,FALSE
"K10013",0.129,0,0.862,-10.7,61.6,0.0123,NA,"K10013",0.986782133090246,1,FALSE,FALSE,FALSE,FALSE
"K03304",0.199,0,0.813,-7.08,30,0.0168,NA,"K03304",0.986782133090246,1,FALSE,FALSE,FALSE,FALSE
"K16868",0.149,0,0.335,72.8,75.4,0.0683,NA,"K16868",0.954968944099379,1,FALSE,FALSE,FALSE,FALSE
"K24847",0.274,0,0.363,-54.6,59.9,0.0645,NA,"K24847",0.954968944099379,1,FALSE,FALSE,FALSE,FALSE
"K01996",0.706,0,0.135,-88,58.6,0.106,NA,"K01996",0.855345911949686,1,FALSE,FALSE,FALSE,FALSE
"K03712",0.219,0,0.0353,-135,63.5,0.149,NA,"K03712",0.705533596837945,1,FALSE,FALSE,FALSE,FALSE
"K08159",0.169,0,0.322,-56.2,56.6,0.0702,NA,"K08159",0.954968944099379,1,FALSE,FALSE,FALSE,FALSE
"K22129",0.199,0,0.626,-16.8,34.4,0.0345,NA,"K22129",0.981408107284365,1,FALSE,FALSE,FALSE,FALSE
"K22024",0.308,0,0.495,-21.2,31.1,0.0484,NA,"K22024",0.975103734439834,1,FALSE,FALSE,FALSE,FALSE
"K08324",0.199,0,0.864,-8.87,51.5,0.0122,NA,"K08324",0.986782133090246,1,FALSE,FALSE,FALSE,FALSE
"K08994",0.393,0,0.15,-54.7,37.8,0.102,NA,"K08994",0.873108265424913,1,FALSE,FALSE,FALSE,FALSE
"K00598",0.408,0,0.12,-78.9,50.6,0.11,NA,"K00598",0.855345911949686,1,FALSE,FALSE,FALSE,FALSE
"K12945",0.383,0,0.774,-11.6,40.4,0.0204,NA,"K12945",0.986782133090246,1,FALSE,FALSE,FALSE,FALSE
"K21975",0.0597,0,0.621,46.4,93.7,0.0351,NA,"K21975",0.981408107284365,1,FALSE,FALSE,FALSE,FALSE
"K13688",0.313,0,0.998,0.103,35.8,0.000203,NA,"K13688",0.999799839871897,1,FALSE,FALSE,FALSE,FALSE
"K07810",0.214,0,0.808,10.5,43.3,0.0172,NA,"K07810",0.986782133090246,1,FALSE,FALSE,FALSE,FALSE
"K07665",0.294,0,0.627,-22.9,47.1,0.0345,NA,"K07665",0.981408107284365,1,FALSE,FALSE,FALSE,FALSE
"K07644",0.284,0,0.574,-26.5,47.1,0.0399,NA,"K07644",0.981408107284365,1,FALSE,FALSE,FALSE,FALSE
"K08169",0.149,0,0.175,-82.4,60.6,0.096,NA,"K08169",0.900205761316872,1,FALSE,FALSE,FALSE,FALSE
"K06044",0.403,0,0.134,-63.6,42.2,0.106,NA,"K01236,K06044",0.855345911949686,1,FALSE,FALSE,FALSE,FALSE
"K22958",0.0647,0,0.275,95.3,87.1,0.0773,NA,"K22958",0.946765498652291,1,FALSE,FALSE,FALSE,FALSE
"K03805",0.174,0,0.271,-59.4,53.7,0.0781,NA,"K03805",0.946765498652291,1,FALSE,FALSE,FALSE,FALSE
"K02810",0.194,0,0.61,-19.3,37.7,0.0362,NA,"K02810",0.981408107284365,1,FALSE,FALSE,FALSE,FALSE
"K16077",0.139,0,0.18,54.4,40.4,0.0949,NA,"K16077",0.914634146341463,1,FALSE,FALSE,FALSE,FALSE
"K06016",0.522,0,0.657,-16.2,36.3,0.0315,NA,"K06016",0.98294434470377,1,FALSE,FALSE,FALSE,FALSE
"K08167",0.328,0,0.533,-24.2,38.7,0.0442,NA,"K08167",0.97676107480029,1,FALSE,FALSE,FALSE,FALSE
"K00370",0.294,0,0.0161,93.6,38.5,0.17,NA,"K00370,K00371,K00373,K00374",0.579136690647482,1,FALSE,FALSE,FALSE,FALSE
"K11616",0.249,0,0.521,22.8,35.5,0.0456,NA,"K11616",0.975791433891993,1,FALSE,FALSE,FALSE,FALSE
"K11208",0.214,0,0.202,62.6,48.9,0.0903,NA,"K11208",0.932126696832579,1,FALSE,FALSE,FALSE,FALSE
"K28525",0.239,0,0.856,-5.81,31.9,0.0129,NA,"K28525",0.986782133090246,1,FALSE,FALSE,FALSE,FALSE
"K21613",0.174,0,0.468,48.6,66.9,0.0515,NA,"K21613",0.972832600878945,1,FALSE,FALSE,FALSE,FALSE
"K11738",0.194,0,0.285,-59.9,55.9,0.0757,NA,"K11738",0.949241924851681,1,FALSE,FALSE,FALSE,FALSE
"K13654",0.229,0,0.833,7.97,37.8,0.0149,NA,"K13654",0.986782133090246,1,FALSE,FALSE,FALSE,FALSE
"K00137",0.358,0,0.24,59.2,50.2,0.0833,NA,"K00137",0.946765498652291,1,FALSE,FALSE,FALSE,FALSE
"K02053",0.557,0,0.628,21.7,44.8,0.0344,NA,"K02053",0.981408107284365,1,FALSE,FALSE,FALSE,FALSE
"K03737",0.0896,0,0.63,30.5,63.4,0.0341,NA,"K03737",0.981408107284365,1,FALSE,FALSE,FALSE,FALSE
"K21023",0.527,0,0.956,2.57,46.6,0.00392,NA,"K21023",0.997296173044925,1,FALSE,FALSE,FALSE,FALSE
"K14053",0.0448,0,0.59,52.3,96.8,0.0383,NA,"K14053",0.981408107284365,1,FALSE,FALSE,FALSE,FALSE
"K10231",0.0597,0,0.715,24.4,66.8,0.0259,NA,"K10231",0.986782133090246,1,FALSE,FALSE,FALSE,FALSE
"K22597",0.0945,0,0.264,68.5,61.1,0.0792,NA,"K22597",0.946765498652291,1,FALSE,FALSE,FALSE,FALSE
"K18143",0.144,0,0.168,-81,58.5,0.0977,NA,"K18143",0.8870116156283,1,FALSE,FALSE,FALSE,FALSE
"K18144",0.169,0,0.203,-74.4,58.2,0.0902,NA,"K18144",0.932126696832579,1,FALSE,FALSE,FALSE,FALSE
"K18146",0.0647,0,0.326,-63.5,64.5,0.0697,NA,"K18146",0.954968944099379,1,FALSE,FALSE,FALSE,FALSE
"K00208",0.547,0,0.109,87.9,54.7,0.113,NA,"K00208",0.835889570552147,1,FALSE,FALSE,FALSE,FALSE
"K13816",0.149,0,0.084,-110,63.3,0.122,NA,"K13816",0.793621013133208,1,FALSE,FALSE,FALSE,FALSE
"K11250",0.199,0,0.422,-36.1,44.8,0.057,NA,"K11250",0.962578899909829,1,FALSE,FALSE,FALSE,FALSE
"K15583",0.174,0,0.116,134,84.7,0.111,NA,"K15583",0.851370851370851,1,FALSE,FALSE,FALSE,FALSE
"K07673",0.184,0,0.0571,106,55.4,0.134,NA,"K07673",0.746428571428572,1,FALSE,FALSE,FALSE,FALSE
"K07684",0.239,0,0.0841,81.7,47.1,0.122,NA,"K07684",0.793621013133208,1,FALSE,FALSE,FALSE,FALSE
"K06039",0.0896,0,0.193,157,120,0.0921,NA,"K00112,K06039",0.930568948891032,1,FALSE,FALSE,FALSE,FALSE
"K07232",0.413,0,0.709,-29.4,78.7,0.0265,NA,"K07232",0.986782133090246,1,FALSE,FALSE,FALSE,FALSE
"K06197",0.204,0,0.00413,92.6,31.9,0.201,NA,"K06197",0.41171875,1,FALSE,FALSE,FALSE,FALSE
"K07300",0.532,0,0.7,13.2,34.3,0.0273,NA,"K07300",0.986782133090246,1,FALSE,FALSE,FALSE,FALSE
"K21744",0.299,0,0.145,67.3,46,0.103,NA,"K21744",0.869047619047619,1,FALSE,FALSE,FALSE,FALSE
"K07169",0.0945,0,0.921,-8.56,86.8,0.00699,NA,"K07169",0.992884864165589,1,FALSE,FALSE,FALSE,FALSE
"K21087",0.308,0,0.0281,-180,81.4,0.155,NA,"K21087",0.650684931506849,1,FALSE,FALSE,FALSE,FALSE
"K02796",0.0846,0,0.066,249,135,0.13,NA,"K02796",0.74835886214442,1,FALSE,FALSE,FALSE,FALSE
"K23242",0.249,0,0.606,-27.2,52.7,0.0366,NA,"K23242",0.981408107284365,1,FALSE,FALSE,FALSE,FALSE
"K07313",0.0647,0,0.279,153,141,0.0767,NA,"K07313",0.946765498652291,1,FALSE,FALSE,FALSE,FALSE
"K07245",0.274,0,0.843,9.93,50.1,0.0141,NA,"K07245",0.986782133090246,1,FALSE,FALSE,FALSE,FALSE
"K07156",0.522,0,0.413,40.1,48.9,0.058,NA,"K07156",0.962578899909829,1,FALSE,FALSE,FALSE,FALSE
"K02345",0.0896,0,0.295,75.7,72.1,0.0742,NA,"K02345",0.952380952380952,1,FALSE,FALSE,FALSE,FALSE
"K10857",0.154,0,0.431,46.5,58.9,0.0559,NA,"K10857",0.963774597495528,1,FALSE,FALSE,FALSE,FALSE
"K03516",0.0746,0,0.0674,196,107,0.129,NA,"K03516",0.74835886214442,1,FALSE,FALSE,FALSE,FALSE
"K05875",0.0647,0,0.408,117,141,0.0587,NA,"K05875",0.962578899909829,1,FALSE,FALSE,FALSE,FALSE
"K27078",0.164,0,0.696,14.3,36.5,0.0277,NA,"K27078",0.986782133090246,1,FALSE,FALSE,FALSE,FALSE
"K02402",0.149,0,0.137,103,69.2,0.105,NA,"K02402",0.859473023839398,1,FALSE,FALSE,FALSE,FALSE
"K02403",0.144,0,0.128,116,76,0.108,NA,"K02403",0.855345911949686,1,FALSE,FALSE,FALSE,FALSE
"K01087",0.373,0,0.117,71.2,45.2,0.111,NA,"K01087",0.851370851370851,1,FALSE,FALSE,FALSE,FALSE
"K10538",0.308,0,0.765,14.4,48.3,0.0212,NA,"K10537,K10538,K10539",0.986782133090246,1,FALSE,FALSE,FALSE,FALSE
"K07782",0.164,0,0.356,-93.9,101,0.0655,NA,"K07782",0.954968944099379,1,FALSE,FALSE,FALSE,FALSE
"K10010",0.438,0,0.812,-11.7,49,0.0169,NA,"K10010",0.986782133090246,1,FALSE,FALSE,FALSE,FALSE
"K10009",0.552,0,0.984,0.878,42.4,0.00147,NA,"K10009",0.999594073472701,1,FALSE,FALSE,FALSE,FALSE
"K05396",0.254,0,0.0218,106,45.8,0.162,NA,"K05396",0.612359550561798,1,FALSE,FALSE,FALSE,FALSE
"K02424",0.438,0,0.688,-14.7,36.5,0.0285,NA,"K02424",0.986782133090246,1,FALSE,FALSE,FALSE,FALSE
"K02425",0.0647,0,0.408,117,141,0.0587,NA,"K02425",0.962578899909829,1,FALSE,FALSE,FALSE,FALSE
"K02423",0.428,0,0.468,29.6,40.6,0.0515,NA,"K02423",0.972832600878945,1,FALSE,FALSE,FALSE,FALSE
"K07781",0.0647,0,0.361,-62.9,68.7,0.0647,NA,"K07781",0.954968944099379,1,FALSE,FALSE,FALSE,FALSE
"K07458",0.259,0,0.259,34.3,30.3,0.08,NA,"K07458",0.946765498652291,1,FALSE,FALSE,FALSE,FALSE
"K07701",0.0647,0,0.279,153,141,0.0767,NA,"K07701",0.946765498652291,1,FALSE,FALSE,FALSE,FALSE
"K07703",0.0647,0,0.279,153,141,0.0767,NA,"K07703",0.946765498652291,1,FALSE,FALSE,FALSE,FALSE
"K28482",0.0647,0,0.279,153,141,0.0767,NA,"K28482",0.946765498652291,1,FALSE,FALSE,FALSE,FALSE
"K11106",0.0647,0,0.279,153,141,0.0767,NA,"K11106",0.946765498652291,1,FALSE,FALSE,FALSE,FALSE
"K03288",0.214,0,0.643,22.7,48.9,0.0329,NA,"K03288",0.981408107284365,1,FALSE,FALSE,FALSE,FALSE
"K17737",0.408,0,0.533,-31.3,50.2,0.0442,NA,"K17737",0.97676107480029,1,FALSE,FALSE,FALSE,FALSE
"K04093",0.209,0,0.0299,-101,46.3,0.153,NA,"K04093",0.653679653679654,1,FALSE,FALSE,FALSE,FALSE
"K18841",0.0597,0,0.889,-7.77,55.4,0.00994,NA,"K18841",0.992868286160018,1,FALSE,FALSE,FALSE,FALSE
"K18842",0.0448,0,0.681,23.3,56.6,0.0292,NA,"K18842",0.986782133090246,1,FALSE,FALSE,FALSE,FALSE
"K07172",0.0647,0,0.33,46.6,47.7,0.0691,NA,"K07172",0.954968944099379,1,FALSE,FALSE,FALSE,FALSE
"K17733",0.194,0,0.715,-9.94,27.2,0.0259,NA,"K17733",0.986782133090246,1,FALSE,FALSE,FALSE,FALSE
"K01023",0.0597,0,0.775,15.3,53.4,0.0203,NA,"K01023",0.986782133090246,1,FALSE,FALSE,FALSE,FALSE
"K01081",0.294,0,0.962,-1.88,39.3,0.00339,NA,"K01081",0.99875415282392,1,FALSE,FALSE,FALSE,FALSE
"K13635",0.179,0,0.882,10.1,68.4,0.0105,NA,"K13635",0.992143658810326,1,FALSE,FALSE,FALSE,FALSE
"K19338",0.303,0,0.194,39.9,30.6,0.092,NA,"K19338",0.931232091690544,1,FALSE,FALSE,FALSE,FALSE
"K08172",0.239,0,0.841,-6.69,33.3,0.0142,NA,"K08172",0.986782133090246,1,FALSE,FALSE,FALSE,FALSE
"K01241",0.493,0,0.0133,-145,58,0.174,NA,"K01241",0.554166666666667,1,FALSE,FALSE,FALSE,FALSE
"K09961",0.0746,0,0.449,-29.5,38.8,0.0537,NA,"K09961",0.972832600878945,1,FALSE,FALSE,FALSE,FALSE
"K06909",0.174,0,0.577,14.3,25.7,0.0396,NA,"K06909",0.981408107284365,1,FALSE,FALSE,FALSE,FALSE
"K14744",0.159,0,0.16,-52.9,37.5,0.0995,NA,"K14744",0.882028665931643,1,FALSE,FALSE,FALSE,FALSE
"K07455",0.0647,0,0.266,41.1,36.8,0.0789,NA,"K07455",0.946765498652291,1,FALSE,FALSE,FALSE,FALSE
"K14052",0.453,0,0.786,8.77,32.3,0.0193,NA,"K14052",0.986782133090246,1,FALSE,FALSE,FALSE,FALSE
"K16703",0.174,0,0.607,18.3,35.5,0.0365,NA,"K16703",0.981408107284365,1,FALSE,FALSE,FALSE,FALSE
"K16710",0.239,0,0.852,-5.61,30,0.0132,NA,"K16710",0.986782133090246,1,FALSE,FALSE,FALSE,FALSE
"K16695",0.0547,0,0.321,-64.6,64.9,0.0704,NA,"K16695",0.954968944099379,1,FALSE,FALSE,FALSE,FALSE
"K03208",0.289,0,0.997,0.141,32.9,0.000305,NA,"K03208",0.999799839871897,1,FALSE,FALSE,FALSE,FALSE
"K03818",0.139,0,0.525,25.4,39.9,0.0451,NA,"K03818",0.975836431226766,1,FALSE,FALSE,FALSE,FALSE
"K13684",0.0448,0,0.253,135,117,0.0811,NA,"K13684",0.946765498652291,1,FALSE,FALSE,FALSE,FALSE
"K03819",0.0448,0,0.569,65.1,114,0.0404,NA,"K03819",0.981408107284365,1,FALSE,FALSE,FALSE,FALSE
"K21084",0.279,0,0.5,-32.3,47.8,0.0478,NA,"K21084",0.975103734439834,1,FALSE,FALSE,FALSE,FALSE
"K07799",0.398,0,0.098,-89.9,54.1,0.117,NA,"K07799",0.808130081300813,1,FALSE,FALSE,FALSE,FALSE
"K07788",0.338,0,0.0545,-136,70.4,0.136,NA,"K07788",0.739189189189189,1,FALSE,FALSE,FALSE,FALSE
"K07789",0.308,0,0.297,-100,95.6,0.074,NA,"K07789",0.953757225433526,1,FALSE,FALSE,FALSE,FALSE
"K18326",0.333,0,0.719,-16.5,45.9,0.0255,NA,"K18326",0.986782133090246,1,FALSE,FALSE,FALSE,FALSE
"K07642",0.299,0,0.938,2.84,36.7,0.00548,NA,"K07642",0.993854630218267,1,FALSE,FALSE,FALSE,FALSE
"K07664",0.289,0,0.893,-5.19,38.7,0.00951,NA,"K07664",0.992884864165589,1,FALSE,FALSE,FALSE,FALSE
"K11645",0.0846,0,0.0919,123,72.4,0.119,NA,"K11645",0.808130081300813,1,FALSE,FALSE,FALSE,FALSE
"K21449",0.219,0,0.198,-42.5,33,0.0911,NA,"K21449",0.932126696832579,1,FALSE,FALSE,FALSE,FALSE
"K01486",0.313,0,0.496,-36.8,54,0.0483,NA,"K01486",0.975103734439834,1,FALSE,FALSE,FALSE,FALSE
"K23243",0.318,0,0.531,30.1,48.1,0.0444,NA,"K23243",0.97676107480029,1,FALSE,FALSE,FALSE,FALSE
"K07262",0.363,0,0.825,-18.3,82.4,0.0157,NA,"K07262",0.986782133090246,1,FALSE,FALSE,FALSE,FALSE
"K02757",0.149,0,0.751,-17.2,54,0.0225,NA,"K02757",0.986782133090246,1,FALSE,FALSE,FALSE,FALSE
"K03488",0.124,0,0.855,-11.3,62,0.013,NA,"K03488",0.986782133090246,1,FALSE,FALSE,FALSE,FALSE
"K09470",0.0647,0,0.279,153,141,0.0767,NA,"K09470",0.946765498652291,1,FALSE,FALSE,FALSE,FALSE
"K10541",0.144,0,0.638,38.7,82.1,0.0334,NA,"K10540,K10541,K10542",0.981408107284365,1,FALSE,FALSE,FALSE,FALSE
"K11733",0.249,0,0.913,5.42,49.5,0.00776,NA,"K11733",0.992884864165589,1,FALSE,FALSE,FALSE,FALSE
"K19803",0.119,0,0.0498,170,86,0.139,NA,"K19803",0.736151603498542,1,FALSE,FALSE,FALSE,FALSE
"K08276",0.229,0,0.693,-21.6,54.7,0.028,NA,"K08276",0.986782133090246,1,FALSE,FALSE,FALSE,FALSE
"K03919",0.348,0,0.15,81.5,56.5,0.102,NA,"K03919",0.873108265424913,1,FALSE,FALSE,FALSE,FALSE
"K07687",0.234,0,0.816,-9.6,41.1,0.0165,NA,"K07687",0.986782133090246,1,FALSE,FALSE,FALSE,FALSE
"K07677",0.149,0,0.289,45.5,42.8,0.0751,NA,"K07677",0.949408672798949,1,FALSE,FALSE,FALSE,FALSE
"K00113",0.0945,0,0.368,93.9,104,0.0638,NA,"K00113",0.954968944099379,1,FALSE,FALSE,FALSE,FALSE
"K07649",0.488,0,0.698,13.6,34.9,0.0276,NA,"K07649",0.986782133090246,1,FALSE,FALSE,FALSE,FALSE
"K01911",0.323,0,0.827,18,82.4,0.0155,NA,"K01911",0.986782133090246,1,FALSE,FALSE,FALSE,FALSE
"K00343",0.647,0,0.601,-32,61,0.0371,NA,"K00337,K00338,K00339,K00340,K00341,K00343",0.981408107284365,1,FALSE,FALSE,FALSE,FALSE
"K00342",0.572,0,0.742,-22.1,66.9,0.0234,NA,"K00342",0.986782133090246,1,FALSE,FALSE,FALSE,FALSE
"K00336",0.458,0,0.533,-32.9,52.7,0.0443,NA,"K00336",0.97676107480029,1,FALSE,FALSE,FALSE,FALSE
"K00335",0.592,0,0.606,-34.5,66.8,0.0366,NA,"K00334,K00335",0.981408107284365,1,FALSE,FALSE,FALSE,FALSE
"K13378",0.294,0,0.9,-9.71,77.1,0.00893,NA,"K13378",0.992884864165589,1,FALSE,FALSE,FALSE,FALSE
"K00331",0.622,0,0.684,-25.2,62,0.0289,NA,"K00331",0.986782133090246,1,FALSE,FALSE,FALSE,FALSE
"K00330",0.642,0,0.329,54.4,55.6,0.0692,NA,"K00330",0.954968944099379,1,FALSE,FALSE,FALSE,FALSE
"K10017",0.204,0,0.661,38.2,86.9,0.0311,NA,"K10017",0.983363042186572,1,FALSE,FALSE,FALSE,FALSE
"K10015",0.209,0,0.905,-8.6,72.3,0.00843,NA,"K10015,K10016",0.992884864165589,1,FALSE,FALSE,FALSE,FALSE
"K10014",0.0846,0,0.463,80.1,109,0.052,NA,"K10014",0.972832600878945,1,FALSE,FALSE,FALSE,FALSE
"K21990",0.289,0,0.562,-24,41.3,0.0411,NA,"K21990",0.981408107284365,1,FALSE,FALSE,FALSE,FALSE
"K14261",0.368,0,0.324,71.7,72.6,0.0699,NA,"K14261",0.954968944099379,1,FALSE,FALSE,FALSE,FALSE
"K27884",0.124,0,0.68,-34.1,82.5,0.0293,NA,"K27884,K27885",0.986782133090246,1,FALSE,FALSE,FALSE,FALSE
"K04103",0.0796,0,0.936,-6.4,79.6,0.00569,NA,"K04103",0.993854630218267,1,FALSE,FALSE,FALSE,FALSE
"K19265",0.572,0,0.798,11.6,45.2,0.0181,NA,"K19265",0.986782133090246,1,FALSE,FALSE,FALSE,FALSE
"K03322",0.507,0,0.577,-19.5,34.9,0.0396,NA,"K03322",0.981408107284365,1,FALSE,FALSE,FALSE,FALSE
"K02045",0.592,0,0.0664,86.8,47,0.13,NA,"K02045,K02046,K02047",0.74835886214442,1,FALSE,FALSE,FALSE,FALSE
"K02048",0.299,0,0.633,-41,85.8,0.0338,NA,"K02048",0.981408107284365,1,FALSE,FALSE,FALSE,FALSE
"K17209",0.0398,0,0.58,56.5,102,0.0392,NA,"K17208,K17209,K17210",0.981408107284365,1,FALSE,FALSE,FALSE,FALSE
"K15835",0.109,0,0.407,63.1,75.9,0.0589,NA,"K15835",0.962578899909829,1,FALSE,FALSE,FALSE,FALSE
"K03214",0.104,0,0.264,126,113,0.0791,NA,"K03214",0.946765498652291,1,FALSE,FALSE,FALSE,FALSE
"K05811",0.0796,0,0.735,26.5,78.2,0.0241,NA,"K05811",0.986782133090246,1,FALSE,FALSE,FALSE,FALSE
"K03761",0.468,0,0.796,-10.2,39.4,0.0183,NA,"K03761",0.986782133090246,1,FALSE,FALSE,FALSE,FALSE
"K21021",0.284,0,0.552,-26.2,44,0.0422,NA,"K21021",0.980565371024735,1,FALSE,FALSE,FALSE,FALSE
"K28191",0.0547,0,0.684,20.9,51.3,0.0289,NA,"K28191",0.986782133090246,1,FALSE,FALSE,FALSE,FALSE
"K22300",0.0647,0,0.957,-3.6,66.6,0.00383,NA,"K22300",0.997296173044925,1,FALSE,FALSE,FALSE,FALSE
"K14059",0.303,0,0.861,-3.51,19.9,0.0125,NA,"K14059",0.986782133090246,1,FALSE,FALSE,FALSE,FALSE
"K18838",0.0697,0,0.66,-25.5,57.8,0.0312,NA,"K18838",0.983363042186572,1,FALSE,FALSE,FALSE,FALSE
"K02381",0.0746,0,0.82,-15.6,68.5,0.0161,NA,"K02381",0.986782133090246,1,FALSE,FALSE,FALSE,FALSE
"K06191",0.299,0,0.174,97.1,71.1,0.0963,NA,"K06191",0.898760330578512,1,FALSE,FALSE,FALSE,FALSE
"K03647",0.338,0,0.705,23.2,61.3,0.0268,NA,"K03647",0.986782133090246,1,FALSE,FALSE,FALSE,FALSE
"K15974",0.0846,0,0.347,89.1,94.6,0.0667,NA,"K15974",0.954968944099379,1,FALSE,FALSE,FALSE,FALSE
"K02077",0.323,0,0.849,-7.78,40.7,0.0135,NA,"K02077",0.986782133090246,1,FALSE,FALSE,FALSE,FALSE
"K02075",0.274,0,0.761,12.8,41.8,0.0216,NA,"K02075",0.986782133090246,1,FALSE,FALSE,FALSE,FALSE
"K02783",0.0945,0,0.637,26.4,55.9,0.0335,NA,"K02781,K02782,K02783",0.981408107284365,1,FALSE,FALSE,FALSE,FALSE
"K00068",0.0547,0,0.642,35.4,75.9,0.033,NA,"K00068",0.981408107284365,1,FALSE,FALSE,FALSE,FALSE
"K07241",0.184,0,0.559,29.9,51,0.0415,NA,"K07241",0.981390449438202,1,FALSE,FALSE,FALSE,FALSE
"K02753",0.0945,0,0.562,37.3,64.2,0.0411,NA,"K02753",0.981408107284365,1,FALSE,FALSE,FALSE,FALSE
"K15834",0.0597,0,0.818,-15.7,68,0.0163,NA,"K15834",0.986782133090246,1,FALSE,FALSE,FALSE,FALSE
"K21759",0.0498,0,0.26,132,117,0.0797,NA,"K21759",0.946765498652291,1,FALSE,FALSE,FALSE,FALSE
"K01612",0.0498,0,0.26,132,117,0.0797,NA,"K01612",0.946765498652291,1,FALSE,FALSE,FALSE,FALSE
"K22489",0.0846,0,0.000986,180,53.8,0.231,NA,"K22489",0.3075,1,FALSE,FALSE,FALSE,FALSE
"K09612",0.149,0,0.248,67.3,58.1,0.0818,NA,"K09612",0.946765498652291,1,FALSE,FALSE,FALSE,FALSE
"K00951",0.433,0,0.685,18,44.3,0.0288,NA,"K00951",0.986782133090246,1,FALSE,FALSE,FALSE,FALSE
"K01706",0.408,0,0.303,-35.7,34.6,0.0731,NA,"K01706",0.954968944099379,1,FALSE,FALSE,FALSE,FALSE
"K03535",0.333,0,0.546,-24.9,41.1,0.0428,NA,"K03535",0.980565371024735,1,FALSE,FALSE,FALSE,FALSE
"K02681",0.0647,0,0.498,68.6,101,0.0481,NA,"K02681",0.975103734439834,1,FALSE,FALSE,FALSE,FALSE
"K08227",0.144,0,0.606,55.3,107,0.0366,NA,"K08227",0.981408107284365,1,FALSE,FALSE,FALSE,FALSE
"K10193",0.109,0,0.272,-66.6,60.5,0.0778,NA,"K10193",0.946765498652291,1,FALSE,FALSE,FALSE,FALSE
"K10194",0.109,0,0.272,-66.6,60.5,0.0778,NA,"K10194",0.946765498652291,1,FALSE,FALSE,FALSE,FALSE
"K10192",0.109,0,0.272,-66.6,60.5,0.0778,NA,"K10192",0.946765498652291,1,FALSE,FALSE,FALSE,FALSE
"K02532",0.124,0,0.773,-11.4,39.3,0.0205,NA,"K02532",0.986782133090246,1,FALSE,FALSE,FALSE,FALSE
"K02100",0.104,0,0.0831,96.4,55.4,0.123,NA,"K02100",0.793621013133208,1,FALSE,FALSE,FALSE,FALSE
"K01730",0.0547,0,0.643,52.2,112,0.0329,NA,"K01730",0.981408107284365,1,FALSE,FALSE,FALSE,FALSE
"K07217",0.279,0,0.239,-44.6,37.8,0.0835,NA,"K07217",0.946765498652291,1,FALSE,FALSE,FALSE,FALSE
"K05343",0.353,0,0.426,-36.5,45.7,0.0564,NA,"K05343",0.962578899909829,1,FALSE,FALSE,FALSE,FALSE
"K19168",0.269,0,0.433,25.3,32.1,0.0556,NA,"K19168",0.966517857142857,1,FALSE,FALSE,FALSE,FALSE
"K07387",0.189,0,0.351,-48.5,51.9,0.0661,NA,"K07387",0.954968944099379,1,FALSE,FALSE,FALSE,FALSE
"K18093",0.204,0,0.0193,-200,84.9,0.165,NA,"K18093",0.592024539877301,1,FALSE,FALSE,FALSE,FALSE
"K06989",0.234,0,0.0993,71.6,43.3,0.117,NA,"K06989",0.808130081300813,1,FALSE,FALSE,FALSE,FALSE
"K05710",0.373,0,0.596,25.2,47.4,0.0376,NA,"K05710",0.981408107284365,1,FALSE,FALSE,FALSE,FALSE
"K05966",0.0846,0,0.0197,-213,90.5,0.164,NA,"K05966",0.592814371257485,1,FALSE,FALSE,FALSE,FALSE
"K01643",0.0498,0,0.983,2.45,114,0.00153,NA,"K01643",0.999594073472701,1,FALSE,FALSE,FALSE,FALSE
"K01644",0.532,0,0.515,26.9,41.3,0.0462,NA,"K01644",0.975103734439834,1,FALSE,FALSE,FALSE,FALSE
"K07700",0.0647,0,0.287,-92.2,86.4,0.0754,NA,"K07700,K07702",0.949241924851681,1,FALSE,FALSE,FALSE,FALSE
"K07150",0.139,0,0.0158,235,96.5,0.17,NA,"K07150",0.579136690647482,1,FALSE,FALSE,FALSE,FALSE
"K11935",0.109,0,0.329,-50.5,51.6,0.0693,NA,"K11931,K11935",0.954968944099379,1,FALSE,FALSE,FALSE,FALSE
"K11936",0.279,0,0.778,9.22,32.7,0.02,NA,"K11936",0.986782133090246,1,FALSE,FALSE,FALSE,FALSE
"K11937",0.0945,0,0.397,-50,58.8,0.0601,NA,"K11937",0.962578899909829,1,FALSE,FALSE,FALSE,FALSE
"K01460",0.0896,0,0.924,4.12,42.8,0.00681,NA,"K01460",0.993562231759657,1,FALSE,FALSE,FALSE,FALSE
"K02430",0.0896,0,0.776,19.1,67.1,0.0202,NA,"K02430",0.986782133090246,1,FALSE,FALSE,FALSE,FALSE
"K06221",0.413,0,0.157,-49.9,35.2,0.1,NA,"K06221",0.878754171301446,1,FALSE,FALSE,FALSE,FALSE
"K07666",0.408,0,0.865,-9.23,54.3,0.012,NA,"K07666",0.986782133090246,1,FALSE,FALSE,FALSE,FALSE
"K07645",0.398,0,0.696,-22.4,57.3,0.0277,NA,"K07645",0.986782133090246,1,FALSE,FALSE,FALSE,FALSE
"K03923",0.328,0,0.714,-13.6,37.2,0.026,NA,"K03923",0.986782133090246,1,FALSE,FALSE,FALSE,FALSE
"K15777",0.627,0,0.122,47,30.3,0.109,NA,"K15777",0.855345911949686,1,FALSE,FALSE,FALSE,FALSE
"K07238",0.428,0,0.834,6.58,31.3,0.0149,NA,"K07238",0.986782133090246,1,FALSE,FALSE,FALSE,FALSE
"K03649",0.264,0,0.999,0.0692,38.4,0.000128,NA,"K03649",0.999799839871897,1,FALSE,FALSE,FALSE,FALSE
"K07229",0.299,0,0.557,-25.5,43.3,0.0416,NA,"K07229",0.981390449438202,1,FALSE,FALSE,FALSE,FALSE
"K09251",0.124,0,0.588,-38.9,71.7,0.0384,NA,"K09251",0.981408107284365,1,FALSE,FALSE,FALSE,FALSE
"K11530",0.194,0,0.101,-57.2,34.7,0.116,NA,"K11530",0.815831987075929,1,FALSE,FALSE,FALSE,FALSE
"K08321",0.0647,0,0.643,38.2,82.2,0.0329,NA,"K08321,K10555,K10556,K10557,K10558,K11216",0.981408107284365,1,FALSE,FALSE,FALSE,FALSE
"K11531",0.0846,0,0.92,7.08,70.5,0.00711,NA,"K11531",0.992884864165589,1,FALSE,FALSE,FALSE,FALSE
"K26607",0.0398,0,0.566,59,103,0.0408,NA,"K26607",0.981408107284365,1,FALSE,FALSE,FALSE,FALSE
"K26604",0.0547,0,0.926,7.33,79,0.00658,NA,"K26604",0.993562231759657,1,FALSE,FALSE,FALSE,FALSE
"K00932",0.0498,0,0.849,-21,110,0.0135,NA,"K00932,K03838",0.986782133090246,1,FALSE,FALSE,FALSE,FALSE
"K01630",0.129,0,0.723,15.5,43.6,0.0251,NA,"K01630",0.986782133090246,1,FALSE,FALSE,FALSE,FALSE
"K01708",0.358,0,0.609,-20.4,39.8,0.0363,NA,"K01708",0.981408107284365,1,FALSE,FALSE,FALSE,FALSE
"K07724",0.0846,0,0.994,-0.712,89.6,0.000563,NA,"K07724",0.999799839871897,1,FALSE,FALSE,FALSE,FALSE
"K03814",0.592,0,0.092,-109,64.2,0.119,NA,"K03814",0.808130081300813,1,FALSE,FALSE,FALSE,FALSE
"K12957",0.129,0,0.955,-3.09,55.2,0.00397,NA,"K12957",0.997296173044925,1,FALSE,FALSE,FALSE,FALSE
"K28825",0.154,0,0.179,109,80.7,0.0952,NA,"K28825",0.912334352701325,1,FALSE,FALSE,FALSE,FALSE
"K03290",0.0448,0,0.881,12.4,83,0.0106,NA,"K03290",0.991893717631164,1,FALSE,FALSE,FALSE,FALSE
"K04691",0.333,0,0.632,37.9,79.1,0.034,NA,"K04691",0.981408107284365,1,FALSE,FALSE,FALSE,FALSE
"K03623",0.204,0,0.592,-19.9,37.1,0.038,NA,"K03623",0.981408107284365,1,FALSE,FALSE,FALSE,FALSE
"K21695",0.368,0,0.0276,-117,52.8,0.155,NA,"K21695",0.650684931506849,1,FALSE,FALSE,FALSE,FALSE
"K08996",0.0547,0,0.0658,178,96.1,0.13,NA,"K08996",0.74835886214442,1,FALSE,FALSE,FALSE,FALSE
"K14392",0.129,0,0.262,109,97.1,0.0795,NA,"K14392",0.946765498652291,1,FALSE,FALSE,FALSE,FALSE
"K13928",0.209,0,0.457,-43.3,58,0.0528,NA,"K13928",0.972832600878945,1,FALSE,FALSE,FALSE,FALSE
"K13935",0.219,0,0.992,0.51,48.2,0.000751,NA,"K13935",0.999799839871897,1,FALSE,FALSE,FALSE,FALSE
"K13934",0.239,0,0.185,-61.7,46.4,0.094,NA,"K13929,K13930,K13931,K13932,K13933,K13934",0.920398009950249,1,FALSE,FALSE,FALSE,FALSE
"K12516",0.0398,0,0.0546,-163,84.4,0.136,NA,"K12516",0.739189189189189,1,FALSE,FALSE,FALSE,FALSE
"K07490",0.0796,0,0.133,162,108,0.106,NA,"K07490",0.855345911949686,1,FALSE,FALSE,FALSE,FALSE
"K06155",0.0945,0,0.856,-9.97,54.7,0.0129,NA,"K06155",0.986782133090246,1,FALSE,FALSE,FALSE,FALSE
"K02438",0.438,0,0.725,-13.9,39.5,0.0249,NA,"K02438",0.986782133090246,1,FALSE,FALSE,FALSE,FALSE
"K06156",0.104,0,0.134,96.5,64.1,0.106,NA,"K06156",0.855345911949686,1,FALSE,FALSE,FALSE,FALSE
"K05816",0.119,0,0.537,56.2,91,0.0438,NA,"K05816",0.97676107480029,1,FALSE,FALSE,FALSE,FALSE
"K05815",0.403,0,0.652,16.1,35.5,0.032,NA,"K05815",0.982815797407296,1,FALSE,FALSE,FALSE,FALSE
"K00823",0.373,0,0.284,-43.3,40.3,0.076,NA,"K00823",0.949241924851681,1,FALSE,FALSE,FALSE,FALSE
"K27311",0.169,0,0.341,87,91.1,0.0675,NA,"K27311",0.954968944099379,1,FALSE,FALSE,FALSE,FALSE
"K12963",0.179,0,0.726,18.6,52.9,0.0249,NA,"K12963",0.986782133090246,1,FALSE,FALSE,FALSE,FALSE
"K12962",0.184,0,1,-0.0182,51.3,2.51e-05,NA,"K12962",1,1,FALSE,FALSE,FALSE,FALSE
"K07264",0.174,0,0.745,-16.2,49.7,0.0231,NA,"K07264",0.986782133090246,1,FALSE,FALSE,FALSE,FALSE
"K13014",0.209,0,0.561,-28.4,48.8,0.0413,NA,"K10012,K13014",0.981408107284365,1,FALSE,FALSE,FALSE,FALSE
"K10011",0.174,0,0.745,-16.2,49.7,0.0231,NA,"K10011",0.986782133090246,1,FALSE,FALSE,FALSE,FALSE
"K07806",0.169,0,0.755,-15.4,49.3,0.0222,NA,"K07806",0.986782133090246,1,FALSE,FALSE,FALSE,FALSE
"K05794",0.0597,0,0.0702,-108,59.5,0.128,NA,"K05794",0.751059322033898,1,FALSE,FALSE,FALSE,FALSE
"K13021",0.423,0,0.801,9.72,38.6,0.0179,NA,"K13021",0.986782133090246,1,FALSE,FALSE,FALSE,FALSE
"K16322",0.279,0,0.749,-31.6,98.7,0.0227,NA,"K16322",0.986782133090246,1,FALSE,FALSE,FALSE,FALSE
"K07290",0.373,0,0.232,81,67.5,0.0848,NA,"K07290",0.946765498652291,1,FALSE,FALSE,FALSE,FALSE
"K11103",0.731,0,0.735,-17.1,50.5,0.024,NA,"K11103",0.986782133090246,1,FALSE,FALSE,FALSE,FALSE
"K21602",0.0746,0,0.85,13.4,71.2,0.0134,NA,"K21602",0.986782133090246,1,FALSE,FALSE,FALSE,FALSE
"K08092",0.104,0,0.916,-6.15,58.3,0.00748,NA,"K08092",0.992884864165589,1,FALSE,FALSE,FALSE,FALSE
"K18673",0.0846,0,0.756,24.2,77.7,0.0221,NA,"K18673",0.986782133090246,1,FALSE,FALSE,FALSE,FALSE
"K03833",0.333,0,0.0878,-60.2,35.1,0.121,NA,"K03833",0.805100182149363,1,FALSE,FALSE,FALSE,FALSE
"K00427",0.0697,0,0.386,-73.9,85.1,0.0614,NA,"K00427",0.962578899909829,1,FALSE,FALSE,FALSE,FALSE
"K14348",0.104,0,0.228,-85.4,70.6,0.0855,NA,"K14348",0.946765498652291,1,FALSE,FALSE,FALSE,FALSE
"K00005",0.164,0,0.662,-16.6,37.8,0.031,NA,"K00005",0.983363042186572,1,FALSE,FALSE,FALSE,FALSE
"K01521",0.104,0,0.0405,-194,94.2,0.145,NA,"K01521",0.710069444444444,1,FALSE,FALSE,FALSE,FALSE
"K23163",0.572,0,0.0335,89.6,41.9,0.15,NA,"K23163",0.683673469387755,1,FALSE,FALSE,FALSE,FALSE
"K02856",0.119,0,0.231,63.6,52.9,0.0849,NA,"K02856",0.946765498652291,1,FALSE,FALSE,FALSE,FALSE
"K02855",0.0796,0,0.457,55.3,74.2,0.0527,NA,"K02855",0.972832600878945,1,FALSE,FALSE,FALSE,FALSE
"K00848",0.214,0,0.873,6.93,43.4,0.0113,NA,"K00848",0.989347234814143,1,FALSE,FALSE,FALSE,FALSE
"K01813",0.109,0,0.715,20.8,56.9,0.0259,NA,"K01813",0.986782133090246,1,FALSE,FALSE,FALSE,FALSE
"K01629",0.0846,0,0.814,16.5,69.9,0.0167,NA,"K01629",0.986782133090246,1,FALSE,FALSE,FALSE,FALSE
"K10559",0.259,0,0.0895,-70.1,41.1,0.12,NA,"K10559",0.808130081300813,1,FALSE,FALSE,FALSE,FALSE
"K10562",0.239,0,0.053,-84,43.1,0.137,NA,"K10562",0.739189189189189,1,FALSE,FALSE,FALSE,FALSE
"K10560",0.249,0,0.146,-65.7,45,0.103,NA,"K10560",0.869047619047619,1,FALSE,FALSE,FALSE,FALSE
"K10561",0.249,0,0.146,-65.7,45,0.103,NA,"K10561",0.869047619047619,1,FALSE,FALSE,FALSE,FALSE
"K02380",0.279,0,0.15,-69.7,48.2,0.102,NA,"K02380",0.873108265424913,1,FALSE,FALSE,FALSE,FALSE
"K27243",0.0398,0,0.786,20.2,74.6,0.0192,NA,"K27243",0.986782133090246,1,FALSE,FALSE,FALSE,FALSE
"K18478",0.0796,0,0.355,53.3,57.5,0.0655,NA,"K18478",0.954968944099379,1,FALSE,FALSE,FALSE,FALSE
"K08318",0.0448,0,0.424,-54.8,68.4,0.0567,NA,"K08318",0.962578899909829,1,FALSE,FALSE,FALSE,FALSE
"K01671",0.0398,0,0.962,-3.84,80.1,0.0034,NA,"K01671",0.99875415282392,1,FALSE,FALSE,FALSE,FALSE
"K15922",0.0796,0,0.899,-7.12,55.7,0.00905,NA,"K15922",0.992884864165589,1,FALSE,FALSE,FALSE,FALSE
"K07714",0.0547,0,0.733,-23.7,69.4,0.0242,NA,"K07714",0.986782133090246,1,FALSE,FALSE,FALSE,FALSE
"K02481",0.134,0,0.503,28.8,42.9,0.0475,NA,"K02481",0.975103734439834,1,FALSE,FALSE,FALSE,FALSE
"K03549",0.517,0,0.452,-41.7,55.4,0.0533,NA,"K03549",0.972832600878945,1,FALSE,FALSE,FALSE,FALSE
"K15383",0.129,0,0.281,49.6,45.9,0.0764,NA,"K15383",0.946765498652291,1,FALSE,FALSE,FALSE,FALSE
"K20940",0.0597,0,0.2,61.8,48.1,0.0907,NA,"K20940",0.932126696832579,1,FALSE,FALSE,FALSE,FALSE
"K11475",0.109,0,0.0792,83.6,47.4,0.124,NA,"K11475",0.787128712871287,1,FALSE,FALSE,FALSE,FALSE
"K03862",0.159,0,0.502,24,35.7,0.0477,NA,"K03862",0.975103734439834,1,FALSE,FALSE,FALSE,FALSE
"K03863",0.139,0,0.593,21.2,39.5,0.038,NA,"K03863",0.981408107284365,1,FALSE,FALSE,FALSE,FALSE
"K01768",0.284,0,0.131,55.1,36.3,0.107,NA,"K01768",0.855345911949686,1,FALSE,FALSE,FALSE,FALSE
"K07010",0.602,0,0.931,3.55,40.8,0.00616,NA,"K07010",0.993808710503843,1,FALSE,FALSE,FALSE,FALSE
"K07044",0.134,0,0.39,43.5,50.5,0.0609,NA,"K07044",0.962578899909829,1,FALSE,FALSE,FALSE,FALSE
"K01104",0.284,0,0.519,24,37.1,0.0458,NA,"K01104",0.975791433891993,1,FALSE,FALSE,FALSE,FALSE
"K07117",0.109,0,0.914,-11,102,0.00763,NA,"K07117",0.992884864165589,1,FALSE,FALSE,FALSE,FALSE
"K25901",0.388,0,0.321,-54.7,55,0.0704,NA,"K25901",0.954968944099379,1,FALSE,FALSE,FALSE,FALSE
"K11711",0.0796,0,0.611,40.6,79.6,0.0361,NA,"K11711",0.981408107284365,1,FALSE,FALSE,FALSE,FALSE
"K11712",0.0448,0,0.343,76.4,80.4,0.0672,NA,"K11712",0.954968944099379,1,FALSE,FALSE,FALSE,FALSE
"K04090",0.164,0,0.253,-70.8,61.7,0.081,NA,"K04090",0.946765498652291,1,FALSE,FALSE,FALSE,FALSE
"K13794",0.0547,0,0.643,-26.9,58.1,0.0329,NA,"K13794",0.981408107284365,1,FALSE,FALSE,FALSE,FALSE
"K13796",0.119,0,0.714,15.4,42,0.026,NA,"K13796",0.986782133090246,1,FALSE,FALSE,FALSE,FALSE
"K13795",0.0647,0,0.804,-13.5,54.4,0.0176,NA,"K13795",0.986782133090246,1,FALSE,FALSE,FALSE,FALSE
"K01167",0.204,0,0.246,50.6,43.6,0.0822,NA,"K01167",0.946765498652291,1,FALSE,FALSE,FALSE,FALSE
"K21019",0.189,0,0.683,27,66.2,0.029,NA,"K21019",0.986782133090246,1,FALSE,FALSE,FALSE,FALSE
"K20034",0.264,0,0.525,-24.4,38.3,0.0451,NA,"K20034",0.975836431226766,1,FALSE,FALSE,FALSE,FALSE
"K06196",0.408,0,0.823,12.2,54.4,0.0159,NA,"K06196",0.986782133090246,1,FALSE,FALSE,FALSE,FALSE
"K00003",0.687,0,0.675,-28.7,68.3,0.0298,NA,"K00003",0.986782133090246,1,FALSE,FALSE,FALSE,FALSE
"K03932",0.204,0,0.0561,-72.3,37.6,0.135,NA,"K03932",0.746428571428572,1,FALSE,FALSE,FALSE,FALSE
"K07032",0.473,0,0.553,-25,42.1,0.0421,NA,"K07032",0.980565371024735,1,FALSE,FALSE,FALSE,FALSE
"K22108",0.254,0,0.0768,72.5,40.8,0.125,NA,"K22108",0.776767676767677,1,FALSE,FALSE,FALSE,FALSE
"K07213",0.398,0,0.855,6.1,33.4,0.013,NA,"K07213",0.986782133090246,1,FALSE,FALSE,FALSE,FALSE
"K07002",0.493,0,0.667,16.2,37.5,0.0305,NA,"K07002",0.985832349468713,1,FALSE,FALSE,FALSE,FALSE
"K09983",0.388,0,0.124,89,57.7,0.109,NA,"K09983",0.855345911949686,1,FALSE,FALSE,FALSE,FALSE
"K06953",0.279,0,0.342,-38.9,40.9,0.0673,NA,"K06953",0.954968944099379,1,FALSE,FALSE,FALSE,FALSE
"K07577",0.353,0,0.14,-58.4,39.5,0.104,NA,"K07577",0.866336633663366,1,FALSE,FALSE,FALSE,FALSE
"K00102",0.269,0,0.682,-20.7,50.4,0.0291,NA,"K00102",0.986782133090246,1,FALSE,FALSE,FALSE,FALSE
"K18118",0.522,0,0.487,-24,34.5,0.0493,NA,"K18118",0.972832600878945,1,FALSE,FALSE,FALSE,FALSE
"K01596",0.254,0,0.515,-28.7,44,0.0462,NA,"K01596",0.975103734439834,1,FALSE,FALSE,FALSE,FALSE
"K04561",0.269,0,0.00565,116,41.5,0.195,NA,"K04561",0.421641791044776,1,FALSE,FALSE,FALSE,FALSE
"K00261",0.149,0,0.866,-7.95,47.1,0.012,NA,"K00261",0.986782133090246,1,FALSE,FALSE,FALSE,FALSE
"K01455",0.0547,0,0.671,22.2,52.3,0.0301,NA,"K01455",0.986184597295709,1,FALSE,FALSE,FALSE,FALSE
"K15358",0.0896,0,0.761,22.5,73.8,0.0216,NA,"K15358",0.986782133090246,1,FALSE,FALSE,FALSE,FALSE
"K20449",0.0846,0,0.604,46,88.5,0.0368,NA,"K20449",0.981408107284365,1,FALSE,FALSE,FALSE,FALSE
"K09740",0.0846,0,0.604,46,88.5,0.0368,NA,"K09740",0.981408107284365,1,FALSE,FALSE,FALSE,FALSE
"K18029",0.159,0,0.0843,73.2,42.2,0.122,NA,"K18029,K18030",0.793621013133208,1,FALSE,FALSE,FALSE,FALSE
"K00481",0.458,0,0.637,-24,50.7,0.0335,NA,"K00481",0.981408107284365,1,FALSE,FALSE,FALSE,FALSE
"K20035",0.463,0,0.185,-86.2,64.7,0.0939,NA,"K20035",0.920398009950249,1,FALSE,FALSE,FALSE,FALSE
"K08683",0.572,0,0.438,42.1,54.2,0.055,NA,"K08683",0.96952296819788,1,FALSE,FALSE,FALSE,FALSE
"K12508",0.154,0,0.515,27.8,42.6,0.0462,NA,"K12508",0.975103734439834,1,FALSE,FALSE,FALSE,FALSE
"K20036",0.0498,0,0.629,-43.6,90.1,0.0343,NA,"K20036",0.981408107284365,1,FALSE,FALSE,FALSE,FALSE
"K01026",0.164,0,0.106,81.3,50,0.115,NA,"K01026",0.829420970266041,1,FALSE,FALSE,FALSE,FALSE
"K11472",0.363,0,0.422,38.4,47.7,0.057,NA,"K11472",0.962578899909829,1,FALSE,FALSE,FALSE,FALSE
"K11473",0.443,0,0.697,23.7,60.7,0.0276,NA,"K11473",0.986782133090246,1,FALSE,FALSE,FALSE,FALSE
"K02434",0.687,0,0.112,-124,77.4,0.113,NA,"K02434,K02435",0.838323353293413,1,FALSE,FALSE,FALSE,FALSE
"K02433",0.711,0,0.193,-76.6,58.6,0.0923,NA,"K02433",0.930568948891032,1,FALSE,FALSE,FALSE,FALSE
"K28060",0.0796,0,0.704,24.4,64.2,0.0269,NA,"K28060",0.986782133090246,1,FALSE,FALSE,FALSE,FALSE
"K18480",0.393,0,0.6,29.9,56.8,0.0372,NA,"K18480",0.981408107284365,1,FALSE,FALSE,FALSE,FALSE
"K07018",0.542,0,0.0661,-142,76.7,0.13,NA,"K07018",0.74835886214442,1,FALSE,FALSE,FALSE,FALSE
"K00141",0.0995,0,0.795,10.6,40.6,0.0184,NA,"K00141",0.986782133090246,1,FALSE,FALSE,FALSE,FALSE
"K07183",0.378,0,0.973,1.71,49.7,0.00244,NA,"K07183",0.999589069241833,1,FALSE,FALSE,FALSE,FALSE
"K26139",0.443,0,0.00425,120,41.6,0.201,NA,"K26139",0.41171875,1,FALSE,FALSE,FALSE,FALSE
"K26138",0.438,0,0.0112,104,40.5,0.179,NA,"K26138",0.534188034188034,1,FALSE,FALSE,FALSE,FALSE
"K07246",0.403,0,0.0928,56.5,33.4,0.119,NA,"K07246",0.808130081300813,1,FALSE,FALSE,FALSE,FALSE
"K02533",0.463,0,0.369,-53.3,59.2,0.0637,NA,"K02533",0.954968944099379,1,FALSE,FALSE,FALSE,FALSE
"K07395",0.229,0,0.292,-41.3,39.1,0.0746,NA,"K07395",0.952380952380952,1,FALSE,FALSE,FALSE,FALSE
"K00485",0.0945,0,0.817,-9.29,40.1,0.0164,NA,"K00485",0.986782133090246,1,FALSE,FALSE,FALSE,FALSE
"K09386",0.244,0,0.919,-4.25,41.9,0.0072,NA,"K09386",0.992884864165589,1,FALSE,FALSE,FALSE,FALSE
"K07161",0.189,0,0.587,-30.3,55.6,0.0386,NA,"K07161",0.981408107284365,1,FALSE,FALSE,FALSE,FALSE
"K03519",0.194,0,0.572,-26.6,47,0.0401,NA,"K03519",0.981408107284365,1,FALSE,FALSE,FALSE,FALSE
"K03520",0.189,0,0.619,-25.2,50.7,0.0352,NA,"K03520",0.981408107284365,1,FALSE,FALSE,FALSE,FALSE
"K03518",0.189,0,0.619,-25.2,50.7,0.0352,NA,"K03518",0.981408107284365,1,FALSE,FALSE,FALSE,FALSE
"K06857",0.0498,0,0.00453,203,70.6,0.199,NA,"K06857",0.41171875,1,FALSE,FALSE,FALSE,FALSE
"K07219",0.149,0,0.0795,83.1,47.2,0.124,NA,"K07219",0.787128712871287,1,FALSE,FALSE,FALSE,FALSE
"K01041",0.433,0,0.414,-46.2,56.5,0.0579,NA,"K01041",0.962578899909829,1,FALSE,FALSE,FALSE,FALSE
"K22186",0.144,0,0.899,4.84,38,0.00903,NA,"K22186",0.992884864165589,1,FALSE,FALSE,FALSE,FALSE
"K00523",0.244,0,0.178,-120,89,0.0954,NA,"K00523",0.91002044989775,1,FALSE,FALSE,FALSE,FALSE
"K28842",0.338,0,0.235,-74.2,62.3,0.0841,NA,"K28842",0.946765498652291,1,FALSE,FALSE,FALSE,FALSE
"K05972",0.244,0,0.484,30.2,43,0.0496,NA,"K05972",0.972832600878945,1,FALSE,FALSE,FALSE,FALSE
"K15520",0.164,0,0.627,-28.5,58.6,0.0345,NA,"K15520",0.981408107284365,1,FALSE,FALSE,FALSE,FALSE
"K00376",0.169,0,0.85,-7.27,38.3,0.0134,NA,"K00376",0.986782133090246,1,FALSE,FALSE,FALSE,FALSE
"K07218",0.179,0,0.688,-14.7,36.5,0.0285,NA,"K07218",0.986782133090246,1,FALSE,FALSE,FALSE,FALSE
"K19340",0.164,0,0.787,-10.7,39.4,0.0192,NA,"K19340",0.986782133090246,1,FALSE,FALSE,FALSE,FALSE
"K19341",0.179,0,0.688,-14.7,36.5,0.0285,NA,"K19341",0.986782133090246,1,FALSE,FALSE,FALSE,FALSE
"K19342",0.184,0,0.499,-25.4,37.5,0.048,NA,"K19342",0.975103734439834,1,FALSE,FALSE,FALSE,FALSE
"K19743",0.0746,0,0.88,9.96,65.9,0.0107,NA,"K19743",0.991437584497522,1,FALSE,FALSE,FALSE,FALSE
"K07273",0.348,0,0.369,-47.8,53,0.0637,NA,"K07273",0.954968944099379,1,FALSE,FALSE,FALSE,FALSE
"K20269",0.0149,0,0.918,-9.6,92.8,0.00734,NA,"K20269",0.992884864165589,1,FALSE,FALSE,FALSE,FALSE
"K00101",0.299,0,0.621,22.1,44.6,0.0351,NA,"K00101",0.981408107284365,1,FALSE,FALSE,FALSE,FALSE
"K22515",0.0697,0,0.0015,265,82.4,0.223,NA,"K22515",0.326086956521739,1,FALSE,FALSE,FALSE,FALSE
"K03342",0.134,0,0.00508,212,74.9,0.197,NA,"K03342",0.41171875,1,FALSE,FALSE,FALSE,FALSE
"K26185",0.0796,0,0.0977,98.1,58.9,0.117,NA,"K26185",0.808130081300813,1,FALSE,FALSE,FALSE,FALSE
"K09703",0.229,0,0.126,45.7,29.7,0.108,NA,"K09703",0.855345911949686,1,FALSE,FALSE,FALSE,FALSE
"K06923",0.388,0,0.584,-44.5,81.2,0.0389,NA,"K06923",0.981408107284365,1,FALSE,FALSE,FALSE,FALSE
"K01523",0.547,0,0.119,-92.5,59.1,0.11,NA,"K01523",0.853658536585366,1,FALSE,FALSE,FALSE,FALSE
"K01496",0.552,0,0.0109,-192,74.8,0.179,NA,"K01496",0.534188034188034,1,FALSE,FALSE,FALSE,FALSE
"K07399",0.333,0,0.366,-83.7,92.3,0.0641,NA,"K07399",0.954968944099379,1,FALSE,FALSE,FALSE,FALSE
"K13522",0.0697,0,0.0501,-104,52.6,0.138,NA,"K13522",0.736151603498542,1,FALSE,FALSE,FALSE,FALSE
"K01464",0.473,0,0.622,-18,36.4,0.035,NA,"K01464",0.981408107284365,1,FALSE,FALSE,FALSE,FALSE
"K17723",0.353,0,0.0862,-86.9,50.4,0.121,NA,"K17722,K17723",0.799628942486085,1,FALSE,FALSE,FALSE,FALSE
"K13010",0.0746,0,0.615,21.7,43,0.0357,NA,"K13010",0.981408107284365,1,FALSE,FALSE,FALSE,FALSE
"K09966",0.0995,0,0.392,36.3,42.3,0.0607,NA,"K09966",0.962578899909829,1,FALSE,FALSE,FALSE,FALSE
"K15052",0.313,0,0.374,-30.1,33.7,0.0631,NA,"K15052",0.958482829318298,1,FALSE,FALSE,FALSE,FALSE
"K02431",0.244,0,0.889,5.83,41.8,0.0099,NA,"K02431",0.992868286160018,1,FALSE,FALSE,FALSE,FALSE
"K06442",0.423,0,0.398,-60.3,71.2,0.0599,NA,"K06442",0.962578899909829,1,FALSE,FALSE,FALSE,FALSE
"K18997",0.313,0,0.632,-16.4,34.2,0.034,NA,"K18997",0.981408107284365,1,FALSE,FALSE,FALSE,FALSE
"K05516",0.303,0,0.553,-20.7,34.8,0.0421,NA,"K05516",0.980565371024735,1,FALSE,FALSE,FALSE,FALSE
"K17218",0.249,0,0.474,21.6,30.1,0.0508,NA,"K17218",0.972832600878945,1,FALSE,FALSE,FALSE,FALSE
"K09959",0.338,0,0.347,-40.1,42.5,0.0666,NA,"K09959",0.954968944099379,1,FALSE,FALSE,FALSE,FALSE
"K15511",0.0647,0,0.0923,196,116,0.119,NA,"K04110,K15511,K15512,K15513,K15546",0.808130081300813,1,FALSE,FALSE,FALSE,FALSE
"K15514",0.0448,0,0.0547,197,102,0.136,NA,"K15514",0.739189189189189,1,FALSE,FALSE,FALSE,FALSE
"K18013",0.0299,0,0.792,-15.3,58,0.0187,NA,"K18013",0.986782133090246,1,FALSE,FALSE,FALSE,FALSE
"K17735",0.244,0,0.0831,133,76.3,0.123,NA,"K17735",0.793621013133208,1,FALSE,FALSE,FALSE,FALSE
"K03802",0.124,0,0.0517,108,55.2,0.137,NA,"K03802",0.739189189189189,1,FALSE,FALSE,FALSE,FALSE
"K18199",0.209,0,0.498,-22.2,32.7,0.0481,NA,"K18199",0.975103734439834,1,FALSE,FALSE,FALSE,FALSE
"K00612",0.279,0,0.162,-81.3,58,0.099,NA,"K00612",0.88235294117647,1,FALSE,FALSE,FALSE,FALSE
"K02667",0.249,0,0.128,99.4,65.1,0.108,NA,"K02667",0.855345911949686,1,FALSE,FALSE,FALSE,FALSE
"K02668",0.209,0,0.109,94,58.4,0.113,NA,"K02668",0.835889570552147,1,FALSE,FALSE,FALSE,FALSE
"K07028",0.229,0,0.571,26.7,47,0.0402,NA,"K07028",0.981408107284365,1,FALSE,FALSE,FALSE,FALSE
"K02624",0.483,0,0.485,-36,51.4,0.0496,NA,"K02624",0.972832600878945,1,FALSE,FALSE,FALSE,FALSE
"K02657",0.259,0,0.344,71.2,75.1,0.0671,NA,"K02657",0.954968944099379,1,FALSE,FALSE,FALSE,FALSE
"K02658",0.244,0,0.55,47.6,79.4,0.0425,NA,"K02658,K02659,K02660,K06596",0.980565371024735,1,FALSE,FALSE,FALSE,FALSE
"K03224",0.0945,0,0.532,-31.3,49.9,0.0444,NA,"K03224",0.97676107480029,1,FALSE,FALSE,FALSE,FALSE
"K18981",0.279,0,0.864,-7.46,43.5,0.0122,NA,"K18981",0.986782133090246,1,FALSE,FALSE,FALSE,FALSE
"K02484",0.229,0,0.838,17.5,85.8,0.0145,NA,"K02484",0.986782133090246,1,FALSE,FALSE,FALSE,FALSE
"K01031",0.214,0,0.481,-29.7,42.1,0.0499,NA,"K01031,K01032",0.972832600878945,1,FALSE,FALSE,FALSE,FALSE
"K10979",0.592,0,0.896,4.33,33.1,0.00927,NA,"K10979",0.992884864165589,1,FALSE,FALSE,FALSE,FALSE
"K01971",0.552,0,0.807,7.81,32,0.0173,NA,"K01971",0.986782133090246,1,FALSE,FALSE,FALSE,FALSE
"K02049",0.572,0,0.629,16.2,33.5,0.0342,NA,"K02049",0.981408107284365,1,FALSE,FALSE,FALSE,FALSE
"K01470",0.408,0,0.511,21.1,32.1,0.0466,NA,"K01470",0.975103734439834,1,FALSE,FALSE,FALSE,FALSE
"K24206",0.418,0,0.828,-9.56,43.9,0.0154,NA,"K24206",0.986782133090246,1,FALSE,FALSE,FALSE,FALSE
"K28556",0.169,0,0.67,21.7,50.8,0.0302,NA,"K28556",0.986164262584634,1,FALSE,FALSE,FALSE,FALSE
"K04118",0.164,0,0.45,-40,52.9,0.0536,NA,"K04118",0.972832600878945,1,FALSE,FALSE,FALSE,FALSE
"K09922",0.269,0,0.119,79.5,50.7,0.11,NA,"K09922",0.853658536585366,1,FALSE,FALSE,FALSE,FALSE
"K02204",0.413,0,0.0831,-82.2,47.2,0.123,NA,"K02204",0.793621013133208,1,FALSE,FALSE,FALSE,FALSE
"K16267",0.0398,0,0.766,38.1,128,0.0211,NA,"K16267",0.986782133090246,1,FALSE,FALSE,FALSE,FALSE
"K01551",0.0945,0,0.128,62.9,41.2,0.108,NA,"K01551",0.855345911949686,1,FALSE,FALSE,FALSE,FALSE
"K02054",0.537,0,0.832,-8.14,38.2,0.0151,NA,"K02054",0.986782133090246,1,FALSE,FALSE,FALSE,FALSE
"K02052",0.473,0,0.688,15.9,39.4,0.0285,NA,"K02052",0.986782133090246,1,FALSE,FALSE,FALSE,FALSE
"K18166",0.114,0,0.537,33.7,54.6,0.0437,NA,"K18166",0.97676107480029,1,FALSE,FALSE,FALSE,FALSE
"K00472",0.169,0,0.103,111,67.7,0.115,NA,"K00472",0.822683706070288,1,FALSE,FALSE,FALSE,FALSE
"K27597",0.154,0,0.0597,96.5,51,0.133,NA,"K27597",0.746428571428572,1,FALSE,FALSE,FALSE,FALSE
"K16898",0.303,0,0.0388,172,82.9,0.146,NA,"K16898",0.710069444444444,1,FALSE,FALSE,FALSE,FALSE
"K28280",0.159,0,0.0894,-50.6,29.6,0.12,NA,"K28280",0.808130081300813,1,FALSE,FALSE,FALSE,FALSE
"K11477",0.259,0,0.93,3.19,36.2,0.00625,NA,"K11477",0.993589743589744,1,FALSE,FALSE,FALSE,FALSE
"K16422",0.0398,0,0.0667,151,81.9,0.13,NA,"K16422",0.74835886214442,1,FALSE,FALSE,FALSE,FALSE
"K07336",0.393,0,0.524,-28,43.8,0.0452,NA,"K07336",0.975791433891993,1,FALSE,FALSE,FALSE,FALSE
"K16090",0.378,0,0.574,-25.1,44.5,0.0399,NA,"K16090",0.981408107284365,1,FALSE,FALSE,FALSE,FALSE
"K06919",0.139,0,0.487,21.8,31.3,0.0493,NA,"K06919",0.972832600878945,1,FALSE,FALSE,FALSE,FALSE
"K16319",0.0199,0,0.409,62.8,75.9,0.0585,NA,"K16319,K16320",0.962578899909829,1,FALSE,FALSE,FALSE,FALSE
"K06985",0.398,0,0.749,21.1,65.8,0.0227,NA,"K06985",0.986782133090246,1,FALSE,FALSE,FALSE,FALSE
"K01469",0.154,0,0.536,42.2,67.9,0.0439,NA,"K01469",0.97676107480029,1,FALSE,FALSE,FALSE,FALSE
"K05570",0.373,0,0.89,-5.22,37.8,0.00979,NA,"K05570",0.992868286160018,1,FALSE,FALSE,FALSE,FALSE
"K04518",0.617,0,0.0679,-94.6,51.5,0.129,NA,"K04518",0.74835886214442,1,FALSE,FALSE,FALSE,FALSE
"K02051",0.587,0,0.614,-17,33.7,0.0357,NA,"K02051",0.981408107284365,1,FALSE,FALSE,FALSE,FALSE
"K05603",0.443,0,0.458,32.5,43.6,0.0527,NA,"K05603",0.972832600878945,1,FALSE,FALSE,FALSE,FALSE
"K01458",0.418,0,0.703,-19.7,51.6,0.0271,NA,"K01458",0.986782133090246,1,FALSE,FALSE,FALSE,FALSE
"K03769",0.373,0,0.877,5.79,37.2,0.011,NA,"K03769",0.990736556710348,1,FALSE,FALSE,FALSE,FALSE
"K07516",0.249,0,0.876,-8.51,54.5,0.0111,NA,"K07516",0.99005424954792,1,FALSE,FALSE,FALSE,FALSE
"K00043",0.0796,0,0.741,-19.6,59.4,0.0234,NA,"K00043",0.986782133090246,1,FALSE,FALSE,FALSE,FALSE
"K06373",0.353,0,0.187,-94.6,71.4,0.0935,NA,"K06373",0.922473012757606,1,FALSE,FALSE,FALSE,FALSE
"K06374",0.353,0,0.187,-94.6,71.4,0.0935,NA,"K06374",0.922473012757606,1,FALSE,FALSE,FALSE,FALSE
"K13926",0.214,0,0.218,-40.7,32.9,0.0872,NA,"K13926",0.941226575809199,1,FALSE,FALSE,FALSE,FALSE
"K22589",0.144,0,0.319,-95.5,95.7,0.0706,NA,"K22589",0.954968944099379,1,FALSE,FALSE,FALSE,FALSE
"K12663",0.224,0,0.138,-117,78.8,0.105,NA,"K12663",0.861423220973783,1,FALSE,FALSE,FALSE,FALSE
"K01545",0.244,0,0.0838,-109,62.9,0.122,NA,"K01545",0.793621013133208,1,FALSE,FALSE,FALSE,FALSE
"K08987",0.318,0,0.536,-25.1,40.5,0.0439,NA,"K08987",0.97676107480029,1,FALSE,FALSE,FALSE,FALSE
"K09694",0.139,0,0.359,58.9,64.1,0.065,NA,"K09694,K09695",0.954968944099379,1,FALSE,FALSE,FALSE,FALSE
"K01725",0.184,0,0.144,-58.7,40,0.104,NA,"K01725",0.869047619047619,1,FALSE,FALSE,FALSE,FALSE
"K02584",0.0199,0,0.665,37.7,87,0.0307,NA,"K02584",0.985477178423237,1,FALSE,FALSE,FALSE,FALSE
"K14987",0.174,0,0.604,18.7,36.1,0.0368,NA,"K14987",0.981408107284365,1,FALSE,FALSE,FALSE,FALSE
"K01337",0.0547,0,0.0319,157,72.9,0.151,NA,"K01337",0.667364016736402,1,FALSE,FALSE,FALSE,FALSE
"K19967",0.0299,0,0.729,43.8,126,0.0246,NA,"K19967,K21679",0.986782133090246,1,FALSE,FALSE,FALSE,FALSE
"K03736",0.408,0,0.26,40.4,35.8,0.0797,NA,"K03736",0.946765498652291,1,FALSE,FALSE,FALSE,FALSE
"K03735",0.468,0,0.308,33.7,33,0.0722,NA,"K03735",0.954968944099379,1,FALSE,FALSE,FALSE,FALSE
"K05602",0.229,0,0.617,-19.6,39.1,0.0355,NA,"K05602",0.981408107284365,1,FALSE,FALSE,FALSE,FALSE
"K05597",0.134,0,0.324,-71,71.8,0.07,NA,"K05597",0.954968944099379,1,FALSE,FALSE,FALSE,FALSE
"K28138",0.0697,0,0.181,91.4,68.1,0.0948,NA,"K28138",0.915991902834008,1,FALSE,FALSE,FALSE,FALSE
"K13774",0.174,0,0.493,48.3,70.3,0.0487,NA,"K13774",0.975103734439834,1,FALSE,FALSE,FALSE,FALSE
"K13778",0.184,0,0.15,117,81,0.102,NA,"K13778",0.873108265424913,1,FALSE,FALSE,FALSE,FALSE
"K11731",0.189,0,0.258,89.7,79.1,0.0801,NA,"K11731",0.946765498652291,1,FALSE,FALSE,FALSE,FALSE
"K13779",0.169,0,0.236,89.1,75,0.084,NA,"K13779",0.946765498652291,1,FALSE,FALSE,FALSE,FALSE
"K13777",0.184,0,0.15,117,81,0.102,NA,"K13777",0.873108265424913,1,FALSE,FALSE,FALSE,FALSE
"K00255",0.249,0,0.0645,101,54.5,0.131,NA,"K00255",0.74835886214442,1,FALSE,FALSE,FALSE,FALSE
"K16904",0.0945,0,0.703,-13.5,35.4,0.0271,NA,"K16904",0.986782133090246,1,FALSE,FALSE,FALSE,FALSE
"K01974",0.109,0,0.689,-19.3,48.2,0.0284,NA,"K01974",0.986782133090246,1,FALSE,FALSE,FALSE,FALSE
"K14415",0.338,0,0.252,-41.1,35.8,0.0812,NA,"K14415",0.946765498652291,1,FALSE,FALSE,FALSE,FALSE
"K14414",0.129,0,0.612,-21.9,43.2,0.036,NA,"K14414",0.981408107284365,1,FALSE,FALSE,FALSE,FALSE
"K16639",0.284,0,0.789,15,55.8,0.019,NA,"K16639",0.986782133090246,1,FALSE,FALSE,FALSE,FALSE
"K06134",0.333,0,0.425,47.8,59.9,0.0565,NA,"K06134",0.962578899909829,1,FALSE,FALSE,FALSE,FALSE
"K09667",0.204,0,0.0392,-89,42.9,0.146,NA,"K09667",0.710069444444444,1,FALSE,FALSE,FALSE,FALSE
"K01709",0.274,0,0.0732,-60,33.3,0.127,NA,"K01709",0.760869565217391,1,FALSE,FALSE,FALSE,FALSE
"K00978",0.303,0,0.122,-49.6,31.9,0.11,NA,"K00978",0.855345911949686,1,FALSE,FALSE,FALSE,FALSE
"K05712",0.269,0,0.468,25.7,35.3,0.0515,NA,"K05712",0.972832600878945,1,FALSE,FALSE,FALSE,FALSE
"K26183",0.0846,0,0.193,72.3,55.3,0.0923,NA,"K26183",0.930568948891032,1,FALSE,FALSE,FALSE,FALSE
"K26182",0.179,0,0.452,28.6,37.9,0.0533,NA,"K26182",0.972832600878945,1,FALSE,FALSE,FALSE,FALSE
"K26180",0.0896,0,0.594,24.9,46.5,0.0379,NA,"K26180",0.981408107284365,1,FALSE,FALSE,FALSE,FALSE
"K26179",0.0896,0,0.354,54.8,59,0.0657,NA,"K26179",0.954968944099379,1,FALSE,FALSE,FALSE,FALSE
"K26181",0.0995,0,0.261,59.8,53.1,0.0797,NA,"K26181",0.946765498652291,1,FALSE,FALSE,FALSE,FALSE
"K26184",0.104,0,0.592,23.5,43.9,0.038,NA,"K26184",0.981408107284365,1,FALSE,FALSE,FALSE,FALSE
"K01505",0.184,0,0.0356,-81.9,38.7,0.148,NA,"K01505",0.705533596837945,1,FALSE,FALSE,FALSE,FALSE
"K18587",0.0647,0,0.384,63,72.2,0.0618,NA,"K18587",0.962578899909829,1,FALSE,FALSE,FALSE,FALSE
"K02471",0.294,0,0.128,-68.2,44.7,0.108,NA,"K02471",0.855345911949686,1,FALSE,FALSE,FALSE,FALSE
"K07063",0.0846,0,0.868,15.4,92.3,0.0118,NA,"K07063",0.987485779294653,1,FALSE,FALSE,FALSE,FALSE
"K08983",0.259,0,0.54,38.9,63.4,0.0435,NA,"K08983",0.977198697068404,1,FALSE,FALSE,FALSE,FALSE
"K10819",0.0647,0,0.637,47,99.5,0.0334,NA,"K10819",0.981408107284365,1,FALSE,FALSE,FALSE,FALSE
"K12070",0.0498,0,0.942,-3.39,46.4,0.00517,NA,"K12070,K12071",0.99409033347404,1,FALSE,FALSE,FALSE,FALSE
"K12069",0.0398,0,0.669,-27.3,63.8,0.0304,NA,"K12069",0.986143867924528,1,FALSE,FALSE,FALSE,FALSE
"K00217",0.144,0,0.951,2.2,35.8,0.00436,NA,"K00217",0.996646405365751,1,FALSE,FALSE,FALSE,FALSE
"K04098",0.154,0,0.756,11.9,38.2,0.0221,NA,"K04098",0.986782133090246,1,FALSE,FALSE,FALSE,FALSE
"K17749",0.0299,0,0.541,45,73.5,0.0434,NA,"K17749",0.978300180831826,1,FALSE,FALSE,FALSE,FALSE
"K01247",0.517,0,0.831,9.02,42.1,0.0152,NA,"K01247",0.986782133090246,1,FALSE,FALSE,FALSE,FALSE
"K07518",0.109,0,0.099,137,82.9,0.117,NA,"K07518",0.808130081300813,1,FALSE,FALSE,FALSE,FALSE
"K18208",0.264,0,0.719,-22.3,62,0.0255,NA,"K18208",0.986782133090246,1,FALSE,FALSE,FALSE,FALSE
"K06893",0.318,0,0.324,-25.6,25.9,0.0699,NA,"K06893",0.954968944099379,1,FALSE,FALSE,FALSE,FALSE
"K18302",0.343,0,0.0479,-161,81,0.14,NA,"K18302",0.736151603498542,1,FALSE,FALSE,FALSE,FALSE
"K18303",0.274,0,0.111,-151,94.4,0.113,NA,"K18303",0.83710407239819,1,FALSE,FALSE,FALSE,FALSE
"K01578",0.114,0,0.527,40,63.2,0.0449,NA,"K01578",0.976418570375829,1,FALSE,FALSE,FALSE,FALSE
"K18661",0.119,0,0.0611,121,64.4,0.132,NA,"K18661",0.746428571428572,1,FALSE,FALSE,FALSE,FALSE
"K25034",0.154,0,0.207,119,94.2,0.0894,NA,"K25034",0.933273219116321,1,FALSE,FALSE,FALSE,FALSE
"K07341",0.159,0,0.12,46.5,29.8,0.11,NA,"K07341",0.855345911949686,1,FALSE,FALSE,FALSE,FALSE
"K01857",0.408,0,0.0281,-108,49,0.155,NA,"K01857",0.650684931506849,1,FALSE,FALSE,FALSE,FALSE
"K11443",0.139,0,0.306,68.2,66.5,0.0725,NA,"K11443",0.954968944099379,1,FALSE,FALSE,FALSE,FALSE
"K20628",0.0299,0,0.782,-17.6,63.6,0.0196,NA,"K20628",0.986782133090246,1,FALSE,FALSE,FALSE,FALSE
"K01707",0.448,0,0.198,-40.5,31.4,0.0912,NA,"K01707",0.932126696832579,1,FALSE,FALSE,FALSE,FALSE
"K21686",0.313,0,0.154,-92.7,64.7,0.101,NA,"K21686",0.874717832957111,1,FALSE,FALSE,FALSE,FALSE
"K07110",0.179,0,0.681,-27.1,65.8,0.0292,NA,"K07110",0.986782133090246,1,FALSE,FALSE,FALSE,FALSE
"K18453",0.289,0,0.42,-66.5,82.3,0.0572,NA,"K18453",0.962578899909829,1,FALSE,FALSE,FALSE,FALSE
"K16165",0.313,0,0.997,-0.143,41.8,0.000243,NA,"K16165",0.999799839871897,1,FALSE,FALSE,FALSE,FALSE
"K22296",0.104,0,0.0785,65.1,36.8,0.124,NA,"K22296",0.786,1,FALSE,FALSE,FALSE,FALSE
"K14267",0.418,0,0.569,-32.2,56.5,0.0404,NA,"K14267",0.981408107284365,1,FALSE,FALSE,FALSE,FALSE
"K09691",0.279,0,0.755,-9.17,29.4,0.0221,NA,"K09691",0.986782133090246,1,FALSE,FALSE,FALSE,FALSE
"K05973",0.244,0,0.837,16.6,80.2,0.0146,NA,"K05973",0.986782133090246,1,FALSE,FALSE,FALSE,FALSE
"K07816",0.313,0,0.789,8.76,32.7,0.019,NA,"K07816",0.986782133090246,1,FALSE,FALSE,FALSE,FALSE
"K00496",0.104,0,0.957,-2.74,51,0.00381,NA,"K00496",0.997296173044925,1,FALSE,FALSE,FALSE,FALSE
"K01849",0.0249,0,0.191,121,92.1,0.0927,NA,"K01849",0.928988326848249,1,FALSE,FALSE,FALSE,FALSE
"K01965",0.179,0,0.917,7.37,70.8,0.00738,NA,"K01965",0.992884864165589,1,FALSE,FALSE,FALSE,FALSE
"K11811",0.423,0,0.95,-1.94,30.8,0.00446,NA,"K11811",0.996642887117079,1,FALSE,FALSE,FALSE,FALSE
"K22348",0.174,0,0.136,-122,81.4,0.105,NA,"K22348",0.855345911949686,1,FALSE,FALSE,FALSE,FALSE
"K01155",0.0398,0,0.782,18.8,67.7,0.0197,NA,"K01155",0.986782133090246,1,FALSE,FALSE,FALSE,FALSE
"K18313",0.328,0,0.836,7.51,36.2,0.0147,NA,"K18313",0.986782133090246,1,FALSE,FALSE,FALSE,FALSE
"K01584",0.303,0,0.0275,-110,49.7,0.155,NA,"K01584",0.650684931506849,1,FALSE,FALSE,FALSE,FALSE
"K05913",0.0945,0,0.969,1.71,44.7,0.00272,NA,"K05913",0.998969072164948,1,FALSE,FALSE,FALSE,FALSE
"K25026",0.343,0,0.7,20.2,52.2,0.0274,NA,"K25026",0.986782133090246,1,FALSE,FALSE,FALSE,FALSE
"K01950",0.144,0,0.359,47.3,51.4,0.0651,NA,"K01950",0.954968944099379,1,FALSE,FALSE,FALSE,FALSE
"K22522",0.562,0,0.497,-32.7,48,0.0482,NA,"K22522",0.975103734439834,1,FALSE,FALSE,FALSE,FALSE
"K01537",0.159,0,0.233,88.7,74.1,0.0846,NA,"K01537",0.946765498652291,1,FALSE,FALSE,FALSE,FALSE
"K10844",0.289,0,0.92,-8.07,80.3,0.00712,NA,"K10844",0.992884864165589,1,FALSE,FALSE,FALSE,FALSE
"K13876",0.114,0,0.41,39.7,48,0.0585,NA,"K13876",0.962578899909829,1,FALSE,FALSE,FALSE,FALSE
"K13875",0.279,0,0.629,-22,45.4,0.0342,NA,"K13875",0.981408107284365,1,FALSE,FALSE,FALSE,FALSE
"K10547",0.279,0,0.847,-9.88,51.1,0.0137,NA,"K10547",0.986782133090246,1,FALSE,FALSE,FALSE,FALSE
"K10548",0.284,0,0.93,4.44,50.4,0.00624,NA,"K10548",0.993589743589744,1,FALSE,FALSE,FALSE,FALSE
"K10546",0.284,0,0.93,4.44,50.4,0.00624,NA,"K10546",0.993589743589744,1,FALSE,FALSE,FALSE,FALSE
"K22185",0.149,0,0.0371,102,48.6,0.147,NA,"K22185",0.710069444444444,1,FALSE,FALSE,FALSE,FALSE
"K14274",0.0746,0,0.234,79.3,66.4,0.0843,NA,"K14274",0.946765498652291,1,FALSE,FALSE,FALSE,FALSE
"K09008",0.174,0,0.0148,-138,55.9,0.172,NA,"K09008",0.575187969924812,1,FALSE,FALSE,FALSE,FALSE
"K00332",0.308,0,0.333,-57.7,59.5,0.0687,NA,"K00332",0.954968944099379,1,FALSE,FALSE,FALSE,FALSE
"K00333",0.358,0,0.569,-36.4,63.8,0.0405,NA,"K00333",0.981408107284365,1,FALSE,FALSE,FALSE,FALSE
"K18901",0.169,0,0.264,-66,58.9,0.0792,NA,"K18901,K18902",0.946765498652291,1,FALSE,FALSE,FALSE,FALSE
"K18903",0.0846,0,0.474,-44.7,62.3,0.0508,NA,"K18903",0.972832600878945,1,FALSE,FALSE,FALSE,FALSE
"K22209",0.114,0,0.738,13.6,40.7,0.0237,NA,"K22209",0.986782133090246,1,FALSE,FALSE,FALSE,FALSE
"K18242",0.0348,0,0.0197,305,130,0.164,NA,"K14578,K18242,K18243",0.592814371257485,1,FALSE,FALSE,FALSE,FALSE
"K01801",0.0249,0,0.427,62.1,78,0.0564,NA,"K01801",0.962578899909829,1,FALSE,FALSE,FALSE,FALSE
"K18982",0.134,0,0.0074,-144,53.1,0.188,NA,"K18982",0.451219512195122,1,FALSE,FALSE,FALSE,FALSE
"K22622",0.0796,0,0.745,17,52,0.0231,NA,"K22622",0.986782133090246,1,FALSE,FALSE,FALSE,FALSE
"K17225",0.0796,0,0.745,17,52,0.0231,NA,"K17225",0.986782133090246,1,FALSE,FALSE,FALSE,FALSE
"K19666",0.0448,0,0.851,11.8,62.7,0.0133,NA,"K19666",0.986782133090246,1,FALSE,FALSE,FALSE,FALSE
"K13061",0.0995,0,0.829,10.9,50.3,0.0153,NA,"K13061",0.986782133090246,1,FALSE,FALSE,FALSE,FALSE
"K16216",0.184,0,0.592,-34.6,64.5,0.038,NA,"K16216",0.981408107284365,1,FALSE,FALSE,FALSE,FALSE
"K22476",0.294,0,0.664,-26.7,61.5,0.0308,NA,"K22476",0.984870958172649,1,FALSE,FALSE,FALSE,FALSE
"K18640",0.124,0,0.907,5.21,44.6,0.00828,NA,"K18640",0.992884864165589,1,FALSE,FALSE,FALSE,FALSE
"K00635",0.119,0,0.0739,75.4,42,0.126,NA,"K00635",0.763429752066116,1,FALSE,FALSE,FALSE,FALSE
"K08678",0.164,0,0.0302,85.3,39.1,0.153,NA,"K08678",0.653679653679654,1,FALSE,FALSE,FALSE,FALSE
"K00104",0.592,0,0.643,22.8,49.1,0.0329,NA,"K00104",0.981408107284365,1,FALSE,FALSE,FALSE,FALSE
"K13598",0.219,0,0.948,-6.35,97.3,0.00463,NA,"K13598",0.99663582842725,1,FALSE,FALSE,FALSE,FALSE
"K15778",0.333,0,0.283,83.3,77.3,0.0761,NA,"K15778",0.949027498323273,1,FALSE,FALSE,FALSE,FALSE
"K09990",0.279,0,0.593,22.1,41.2,0.0379,NA,"K09990",0.981408107284365,1,FALSE,FALSE,FALSE,FALSE
"K01559",0.0846,0,0.959,2.75,53.3,0.00366,NA,"K01559",0.997296173044925,1,FALSE,FALSE,FALSE,FALSE
"K23247",0.104,0,0.846,-8.62,44.3,0.0138,NA,"K23247",0.986782133090246,1,FALSE,FALSE,FALSE,FALSE
"K07250",0.289,0,0.532,26.4,42.1,0.0444,NA,"K07250",0.97676107480029,1,FALSE,FALSE,FALSE,FALSE
"K22549",0.239,0,0.0938,74.5,44.3,0.119,NA,"K22549",0.808130081300813,1,FALSE,FALSE,FALSE,FALSE
"K22550",0.249,0,0.281,38.3,35.4,0.0763,NA,"K22550",0.946765498652291,1,FALSE,FALSE,FALSE,FALSE
"K21061",0.249,0,0.176,58.9,43.3,0.0958,NA,"K21061",0.904419321685509,1,FALSE,FALSE,FALSE,FALSE
"K21062",0.403,0,0.0566,80.2,41.8,0.135,NA,"K21062",0.746428571428572,1,FALSE,FALSE,FALSE,FALSE
"K19746",0.388,0,0.404,47,56.2,0.0592,NA,"K19746",0.962578899909829,1,FALSE,FALSE,FALSE,FALSE
"K00109",0.164,0,0.345,-47.7,50.4,0.067,NA,"K00109",0.954968944099379,1,FALSE,FALSE,FALSE,FALSE
"K01576",0.0547,0,0.968,1.98,48.9,0.00287,NA,"K01576",0.998968008255934,1,FALSE,FALSE,FALSE,FALSE
"K07086",0.0995,0,0.693,-18.8,47.5,0.028,NA,"K07086",0.986782133090246,1,FALSE,FALSE,FALSE,FALSE
"K02502",0.433,0,0.894,9.16,69,0.00942,NA,"K02502",0.992884864165589,1,FALSE,FALSE,FALSE,FALSE
"K08086",0.333,0,0.644,-28.8,62.4,0.0328,NA,"K08086",0.981408107284365,1,FALSE,FALSE,FALSE,FALSE
"K01817",0.647,0,0.504,-26.4,39.5,0.0474,NA,"K01817",0.975103734439834,1,FALSE,FALSE,FALSE,FALSE
"K16557",0.129,0,0.699,20.3,52.4,0.0275,NA,"K16557",0.986782133090246,1,FALSE,FALSE,FALSE,FALSE
"K05818",0.0498,0,0.973,-1.58,45.8,0.00244,NA,"K05818",0.999589069241833,1,FALSE,FALSE,FALSE,FALSE
"K07045",0.284,0,0.221,32.6,26.5,0.0867,NA,"K07045",0.941226575809199,1,FALSE,FALSE,FALSE,FALSE
"K02793",0.204,0,0.59,-50.8,94.2,0.0382,NA,"K02793",0.981408107284365,1,FALSE,FALSE,FALSE,FALSE
"K06023",0.249,0,0.477,59.2,83.2,0.0504,NA,"K06023",0.972832600878945,1,FALSE,FALSE,FALSE,FALSE
"K01476",0.343,0,0.454,-37.4,49.8,0.0531,NA,"K01476",0.972832600878945,1,FALSE,FALSE,FALSE,FALSE
"K06446",0.129,0,0.182,58,43.3,0.0946,NA,"K06446",0.918264379414732,1,FALSE,FALSE,FALSE,FALSE
"K17754",0.0249,0,0.295,104,99,0.0742,NA,"K17754",0.952380952380952,1,FALSE,FALSE,FALSE,FALSE
"K00038",0.179,0,0.409,26.7,32.3,0.0586,NA,"K00038",0.962578899909829,1,FALSE,FALSE,FALSE,FALSE
"K03379",0.0348,0,0.876,-8.62,55,0.0111,NA,"K03379",0.99005424954792,1,FALSE,FALSE,FALSE,FALSE
"K14731",0.0697,0,0.97,1.76,46.5,0.00268,NA,"K14731",0.99938182567484,1,FALSE,FALSE,FALSE,FALSE
"K21528",0.139,0,0.62,14.5,29.3,0.0352,NA,"K21528",0.981408107284365,1,FALSE,FALSE,FALSE,FALSE
"K07075",0.0746,0,0.731,-13.4,39,0.0244,NA,"K07075",0.986782133090246,1,FALSE,FALSE,FALSE,FALSE
"K07062",0.184,0,0.791,8.36,31.5,0.0188,NA,"K07062",0.986782133090246,1,FALSE,FALSE,FALSE,FALSE
"K03205",0.174,0,0.845,-8.74,44.6,0.0139,NA,"K03205",0.986782133090246,1,FALSE,FALSE,FALSE,FALSE
"K18320",0.0448,0,0.793,16.4,62.4,0.0186,NA,"K18320",0.986782133090246,1,FALSE,FALSE,FALSE,FALSE
"K07344",0.0995,0,0.401,-34.5,40.9,0.0596,NA,"K07344,K20529,K20530,K20532,K20533",0.962578899909829,1,FALSE,FALSE,FALSE,FALSE
"K20266",0.119,0,0.327,-38.9,39.6,0.0695,NA,"K20266",0.954968944099379,1,FALSE,FALSE,FALSE,FALSE
"K20267",0.0647,0,0.667,-22.4,52.1,0.0305,NA,"K20267",0.985832349468713,1,FALSE,FALSE,FALSE,FALSE
"K20531",0.119,0,0.369,-34.5,38.3,0.0637,NA,"K20531",0.954968944099379,1,FALSE,FALSE,FALSE,FALSE
"K20528",0.104,0,0.193,-52.6,40.3,0.0922,NA,"K20527,K20528",0.930568948891032,1,FALSE,FALSE,FALSE,FALSE
"K28279",0.104,0,0.291,-35.3,33.4,0.0748,NA,"K28279",0.952225130890052,1,FALSE,FALSE,FALSE,FALSE
"K01166",0.199,0,0.616,-24.2,48.3,0.0356,NA,"K01166",0.981408107284365,1,FALSE,FALSE,FALSE,FALSE
"K06443",0.0846,0,0.612,31.6,62.1,0.036,NA,"K06443",0.981408107284365,1,FALSE,FALSE,FALSE,FALSE
"K10027",0.134,0,0.938,4.12,52.9,0.00552,NA,"K10027",0.993854630218267,1,FALSE,FALSE,FALSE,FALSE
"K00824",0.279,0,0.159,-92.6,65.6,0.0996,NA,"K00824",0.881374722838137,1,FALSE,FALSE,FALSE,FALSE
"K04566",0.0647,0,0.77,21.5,73.3,0.0207,NA,"K04566",0.986782133090246,1,FALSE,FALSE,FALSE,FALSE
"K11532",0.0348,0,0.000254,373,100,0.255,NA,"K11532",0.211666666666667,1,FALSE,FALSE,FALSE,FALSE
"K07096",0.0547,0,0.977,-1.96,67.8,0.00205,NA,"K07096",0.999594073472701,1,FALSE,FALSE,FALSE,FALSE
"K09981",0.209,0,0.495,-24.2,35.4,0.0484,NA,"K09981",0.975103734439834,1,FALSE,FALSE,FALSE,FALSE
"K22067",0.348,0,0.478,-40.2,56.5,0.0503,NA,"K22067",0.972832600878945,1,FALSE,FALSE,FALSE,FALSE
"K00126",0.274,0,0.0808,-106,60.2,0.123,NA,"K00126",0.793137254901961,1,FALSE,FALSE,FALSE,FALSE
"K06904",0.139,0,0.994,-0.223,29.7,0.000534,NA,"K06904",0.999799839871897,1,FALSE,FALSE,FALSE,FALSE
"K21511",0.0199,0,0.461,50.1,67.7,0.0523,NA,"K21511",0.972832600878945,1,FALSE,FALSE,FALSE,FALSE
"K26961",0.0249,0,0.836,14.1,68.2,0.0147,NA,"K26961",0.986782133090246,1,FALSE,FALSE,FALSE,FALSE
"K07266",0.149,0,0.9,4.59,36.5,0.00893,NA,"K07266",0.992884864165589,1,FALSE,FALSE,FALSE,FALSE
"K08988",0.264,0,0.937,3.27,41.3,0.00561,NA,"K08988",0.993854630218267,1,FALSE,FALSE,FALSE,FALSE
"K03294",0.353,0,0.438,-36.7,47.2,0.055,NA,"K03294",0.96952296819788,1,FALSE,FALSE,FALSE,FALSE
"K18829",0.154,0,0.62,15.5,31.2,0.0352,NA,"K18829",0.981408107284365,1,FALSE,FALSE,FALSE,FALSE
"K18828",0.159,0,0.38,26.3,29.8,0.0623,NA,"K18828",0.962578899909829,1,FALSE,FALSE,FALSE,FALSE
"K00227",0.124,0,0.497,51.4,75.5,0.0482,NA,"K00227",0.975103734439834,1,FALSE,FALSE,FALSE,FALSE
"K14981",0.119,0,0.494,69.7,102,0.0486,NA,"K14981",0.975103734439834,1,FALSE,FALSE,FALSE,FALSE
"K09991",0.109,0,0.691,47.5,119,0.0282,NA,"K09991,K13592,K17662,K25884",0.986782133090246,1,FALSE,FALSE,FALSE,FALSE
"K16560",0.109,0,0.586,50.1,92,0.0386,NA,"K16560",0.981408107284365,1,FALSE,FALSE,FALSE,FALSE
"K09956",0.229,0,0.258,-46.1,40.7,0.0801,NA,"K09956",0.946765498652291,1,FALSE,FALSE,FALSE,FALSE
"K00955",0.308,0,0.0577,104,54.5,0.134,NA,"K00955",0.746428571428572,1,FALSE,FALSE,FALSE,FALSE
"K12255",0.313,0,0.997,-0.183,49.5,0.000263,NA,"K12255",0.999799839871897,1,FALSE,FALSE,FALSE,FALSE
"K11740",0.129,0,0.525,24,37.7,0.0451,NA,"K11740",0.975836431226766,1,FALSE,FALSE,FALSE,FALSE
"K26273",0.0249,0,0.0948,198,118,0.118,NA,"K26273",0.808130081300813,1,FALSE,FALSE,FALSE,FALSE
"K01156",0.0945,0,0.352,-29.3,31.5,0.0659,NA,"K01156",0.954968944099379,1,FALSE,FALSE,FALSE,FALSE
"K07316",0.104,0,0.462,-22.3,30.2,0.0522,NA,"K07316",0.972832600878945,1,FALSE,FALSE,FALSE,FALSE
"K04094",0.254,0,0.855,17.9,97.9,0.013,NA,"K04094",0.986782133090246,1,FALSE,FALSE,FALSE,FALSE
"K22736",0.294,0,0.771,-8.42,28.9,0.0206,NA,"K22736",0.986782133090246,1,FALSE,FALSE,FALSE,FALSE
"K00570",0.229,0,0.151,59.7,41.5,0.102,NA,"K00570",0.873842592592593,1,FALSE,FALSE,FALSE,FALSE
"K09984",0.308,0,0.624,16.3,33.3,0.0347,NA,"K09984",0.981408107284365,1,FALSE,FALSE,FALSE,FALSE
"K01581",0.378,0,0.0196,-106,45,0.165,NA,"K01581",0.592814371257485,1,FALSE,FALSE,FALSE,FALSE
"K13622",0.104,0,0.806,26.2,106,0.0174,NA,"K13622",0.986782133090246,1,FALSE,FALSE,FALSE,FALSE
"K13623",0.104,0,0.806,26.2,106,0.0174,NA,"K13623",0.986782133090246,1,FALSE,FALSE,FALSE,FALSE
"K00643",0.139,0,0.228,-85.4,70.5,0.0855,NA,"K00643",0.946765498652291,1,FALSE,FALSE,FALSE,FALSE
"K23264",0.383,0,0.694,-33.2,84.5,0.0279,NA,"K23264,K23265,K23269",0.986782133090246,1,FALSE,FALSE,FALSE,FALSE
"K01623",0.214,0,0.804,13.2,53.2,0.0176,NA,"K01623",0.986782133090246,1,FALSE,FALSE,FALSE,FALSE
"K03879",0.104,0,0.966,-4.72,111,0.00301,NA,"K03879",0.99876058665565,1,FALSE,FALSE,FALSE,FALSE
"K12574",0.428,0,0.749,-25.4,79.3,0.0227,NA,"K12574",0.986782133090246,1,FALSE,FALSE,FALSE,FALSE
"K28098",0.289,0,0.912,-7,63.6,0.00781,NA,"K28098",0.992884864165589,1,FALSE,FALSE,FALSE,FALSE
"K13599",0.134,0,0.858,-17.2,96,0.0127,NA,"K13599",0.986782133090246,1,FALSE,FALSE,FALSE,FALSE
"K12506",0.164,0,0.273,-86,78.1,0.0778,NA,"K12506",0.946765498652291,1,FALSE,FALSE,FALSE,FALSE
"K22438",0.0995,0,0.927,5.11,55.4,0.00654,NA,"K22438",0.993589743589744,1,FALSE,FALSE,FALSE,FALSE
"K22617",0.284,0,0.0284,-172,78.1,0.155,NA,"K22617",0.650684931506849,1,FALSE,FALSE,FALSE,FALSE
"K01006",0.139,0,0.239,-109,92.3,0.0835,NA,"K01006",0.946765498652291,1,FALSE,FALSE,FALSE,FALSE
"K07482",0.279,0,0.881,-3.51,23.5,0.0106,NA,"K07482",0.991893717631164,1,FALSE,FALSE,FALSE,FALSE
"K20997",0.154,0,0.133,58.5,38.8,0.106,NA,"K20997",0.855345911949686,1,FALSE,FALSE,FALSE,FALSE
"K16079",0.134,0,0.461,-56.1,75.9,0.0523,NA,"K16079",0.972832600878945,1,FALSE,FALSE,FALSE,FALSE
"K00015",0.239,0,0.149,56.4,38.9,0.102,NA,"K00015",0.873108265424913,1,FALSE,FALSE,FALSE,FALSE
"K01449",0.413,0,0.558,33.5,57.2,0.0415,NA,"K01449",0.981390449438202,1,FALSE,FALSE,FALSE,FALSE
"K01235",0.114,0,0.0933,112,66.4,0.119,NA,"K01235",0.808130081300813,1,FALSE,FALSE,FALSE,FALSE
"K07742",0.274,0,0.896,7.39,56.6,0.00926,NA,"K07742",0.992884864165589,1,FALSE,FALSE,FALSE,FALSE
"K19686",0.0746,0,0.938,3.94,50.8,0.0055,NA,"K19686",0.993854630218267,1,FALSE,FALSE,FALSE,FALSE
"K00035",0.154,0,0.764,-18.3,61,0.0213,NA,"K00035",0.986782133090246,1,FALSE,FALSE,FALSE,FALSE
"K06871",0.154,0,0.958,2.9,54.4,0.00378,NA,"K06871",0.997296173044925,1,FALSE,FALSE,FALSE,FALSE
"K08685",0.129,0,0.764,-17.9,59.5,0.0213,NA,"K08685",0.986782133090246,1,FALSE,FALSE,FALSE,FALSE
"K28561",0.0299,0,0.286,128,120,0.0756,NA,"K28561",0.949241924851681,1,FALSE,FALSE,FALSE,FALSE
"K04092",0.254,0,0.639,-38.2,81.2,0.0333,NA,"K04092",0.981408107284365,1,FALSE,FALSE,FALSE,FALSE
"K00283",0.159,0,0.0125,181,71.9,0.176,NA,"K00282,K00283",0.534188034188034,1,FALSE,FALSE,FALSE,FALSE
"K09965",0.0647,0,0.04,-165,79.6,0.145,NA,"K09965",0.710069444444444,1,FALSE,FALSE,FALSE,FALSE
"K19336",0.0299,0,0.404,74.6,89.1,0.0592,NA,"K19336",0.962578899909829,1,FALSE,FALSE,FALSE,FALSE
"K19335",0.0149,0,0.83,-24.9,116,0.0152,NA,"K19335",0.986782133090246,1,FALSE,FALSE,FALSE,FALSE
"K17675",0.189,0,0.44,69.5,89.9,0.0548,NA,"K17675",0.969590127809608,1,FALSE,FALSE,FALSE,FALSE
"K07736",0.303,0,0.0307,-134,61.7,0.152,NA,"K07736",0.65531914893617,1,FALSE,FALSE,FALSE,FALSE
"K01181",0.194,0,0.883,4.77,32.5,0.0104,NA,"K01181",0.992143658810326,1,FALSE,FALSE,FALSE,FALSE
"K18162",0.114,0,0.689,36.9,92,0.0284,NA,"K18162",0.986782133090246,1,FALSE,FALSE,FALSE,FALSE
"K13589",0.114,0,0.509,-61.8,93.4,0.0468,NA,"K13589",0.975103734439834,1,FALSE,FALSE,FALSE,FALSE
"K01406",0.279,0,0.944,-2.67,38.1,0.00497,NA,"K01406",0.994940978077572,1,FALSE,FALSE,FALSE,FALSE
"K01209",0.194,0,0.218,51.6,41.8,0.0873,NA,"K01209",0.941226575809199,1,FALSE,FALSE,FALSE,FALSE
"K06113",0.0846,0,0.125,95.9,62.2,0.109,NA,"K06113",0.855345911949686,1,FALSE,FALSE,FALSE,FALSE
"K15229",0.119,0,0.721,20,55.9,0.0253,NA,"K15228,K15229",0.986782133090246,1,FALSE,FALSE,FALSE,FALSE
"K08151",0.179,0,0.517,30.7,47.2,0.046,NA,"K08151",0.975103734439834,1,FALSE,FALSE,FALSE,FALSE
"K11177",0.244,0,0.0151,81.6,33.3,0.171,NA,"K11177,K11178",0.575187969924812,1,FALSE,FALSE,FALSE,FALSE
"K13483",0.239,0,0.007,87.1,32,0.19,NA,"K13483",0.443037974683544,1,FALSE,FALSE,FALSE,FALSE
"K16048",0.104,0,0.329,43,43.9,0.0692,NA,"K16048",0.954968944099379,1,FALSE,FALSE,FALSE,FALSE
"K01115",0.164,0,0.77,10.6,36.1,0.0208,NA,"K01115",0.986782133090246,1,FALSE,FALSE,FALSE,FALSE
"K00476",0.0199,0,0.153,-128,89.3,0.101,NA,"K00476",0.874717832957111,1,FALSE,FALSE,FALSE,FALSE
"K00782",0.373,0,0.417,-28.4,35,0.0575,NA,"K00782,K18928,K18929",0.962578899909829,1,FALSE,FALSE,FALSE,FALSE
"K18337",0.0448,0,0.875,-15.9,101,0.0112,NA,"K18337",0.990042996152976,1,FALSE,FALSE,FALSE,FALSE
"K12661",0.0995,0,0.723,-15.4,43.5,0.0251,NA,"K12661",0.986782133090246,1,FALSE,FALSE,FALSE,FALSE
"K21883",0.104,0,0.0835,-82.8,47.6,0.122,NA,"K21883",0.793621013133208,1,FALSE,FALSE,FALSE,FALSE
"K03560",0.368,0,0.097,-89.2,53.5,0.117,NA,"K03560",0.808130081300813,1,FALSE,FALSE,FALSE,FALSE
"K03953",0.0995,0,0.399,70.5,83.4,0.0598,NA,"K03953",0.962578899909829,1,FALSE,FALSE,FALSE,FALSE
"K28868",0.159,0,0.982,-1.26,57,0.00157,NA,"K28868",0.999594073472701,1,FALSE,FALSE,FALSE,FALSE
"K27332",0.0448,0,0.362,48.8,53.4,0.0646,NA,"K27332",0.954968944099379,1,FALSE,FALSE,FALSE,FALSE
"K06905",0.303,0,0.451,-20,26.5,0.0534,NA,"K06905",0.972832600878945,1,FALSE,FALSE,FALSE,FALSE
"K06906",0.254,0,0.856,-5.51,30.3,0.0129,NA,"K06906",0.986782133090246,1,FALSE,FALSE,FALSE,FALSE
"K06908",0.249,0,0.815,-7.42,31.7,0.0166,NA,"K06908",0.986782133090246,1,FALSE,FALSE,FALSE,FALSE
"K06907",0.338,0,0.723,-8.95,25.2,0.0251,NA,"K06907",0.986782133090246,1,FALSE,FALSE,FALSE,FALSE
"K06903",0.308,0,0.544,-15.5,25.5,0.043,NA,"K06903",0.979474252790781,1,FALSE,FALSE,FALSE,FALSE
"K08640",0.0249,0,0.736,-35.6,105,0.024,NA,"K08640",0.986782133090246,1,FALSE,FALSE,FALSE,FALSE
"K03309",0.0448,0,0.995,-0.61,106,0.000407,NA,"K03309",0.999799839871897,1,FALSE,FALSE,FALSE,FALSE
"K00273",0.0249,0,0.998,-0.156,82.3,0.000134,NA,"K00273",0.999799839871897,1,FALSE,FALSE,FALSE,FALSE
"K09457",0.254,0,0.641,37.5,80.3,0.0331,NA,"K09457",0.981408107284365,1,FALSE,FALSE,FALSE,FALSE
"K13525",0.0249,0,0.0982,250,150,0.117,NA,"K13525,K24073,K24078",0.808130081300813,1,FALSE,FALSE,FALSE,FALSE
"K00856",0.144,0,0.215,99.8,80.2,0.0879,NA,"K00856",0.93804537521815,1,FALSE,FALSE,FALSE,FALSE
"K23677",0.164,0,0.731,20.5,59.5,0.0244,NA,"K23677",0.986782133090246,1,FALSE,FALSE,FALSE,FALSE
"K07092",0.179,0,0.719,15.9,44,0.0256,NA,"K07092",0.986782133090246,1,FALSE,FALSE,FALSE,FALSE
"K28223",0.0249,0,0.14,124,83.8,0.104,NA,"K28223",0.866336633663366,1,FALSE,FALSE,FALSE,FALSE
"K12062",0.0448,0,0.135,102,68.1,0.106,NA,"K12062",0.855345911949686,1,FALSE,FALSE,FALSE,FALSE
"K21908",0.139,0,0.0906,86.7,51,0.12,NA,"K21908",0.808130081300813,1,FALSE,FALSE,FALSE,FALSE
"K18369",0.0796,0,0.388,32.9,38.1,0.0612,NA,"K18369",0.962578899909829,1,FALSE,FALSE,FALSE,FALSE
"K14986",0.0796,0,0.053,-71.8,36.9,0.137,NA,"K14986",0.739189189189189,1,FALSE,FALSE,FALSE,FALSE
"K07746",0.234,0,0.294,-29.9,28.4,0.0744,NA,"K07746",0.952380952380952,1,FALSE,FALSE,FALSE,FALSE
"K08995",0.378,0,0.623,-18.9,38.4,0.0349,NA,"K08995",0.981408107284365,1,FALSE,FALSE,FALSE,FALSE
"K09803",0.184,0,0.0709,64.5,35.5,0.128,NA,"K09803",0.751059322033898,1,FALSE,FALSE,FALSE,FALSE
"K10254",0.104,0,0.7,17,44,0.0274,NA,"K10254",0.986782133090246,1,FALSE,FALSE,FALSE,FALSE
"K01533",0.557,0,0.0545,-78,40.3,0.136,NA,"K01533",0.739189189189189,1,FALSE,FALSE,FALSE,FALSE
"K07233",0.219,0,0.335,51.1,52.9,0.0684,NA,"K07233",0.954968944099379,1,FALSE,FALSE,FALSE,FALSE
"K03194",0.134,0,0.975,1.16,37.1,0.00221,NA,"K03194",0.999594073472701,1,FALSE,FALSE,FALSE,FALSE
"K03197",0.139,0,0.458,32.5,43.7,0.0526,NA,"K03197",0.972832600878945,1,FALSE,FALSE,FALSE,FALSE
"K03198",0.134,0,0.771,15.1,51.7,0.0207,NA,"K03198",0.986782133090246,1,FALSE,FALSE,FALSE,FALSE
"K03199",0.139,0,0.206,61,48.1,0.0895,NA,"K03199",0.932126696832579,1,FALSE,FALSE,FALSE,FALSE
"K03200",0.124,0,0.959,2.2,42.7,0.00364,NA,"K03200",0.997296173044925,1,FALSE,FALSE,FALSE,FALSE
"K03201",0.139,0,0.206,61,48.1,0.0895,NA,"K03201",0.932126696832579,1,FALSE,FALSE,FALSE,FALSE
"K03203",0.139,0,0.206,61,48.1,0.0895,NA,"K03203",0.932126696832579,1,FALSE,FALSE,FALSE,FALSE
"K03204",0.139,0,0.206,61,48.1,0.0895,NA,"K03204",0.932126696832579,1,FALSE,FALSE,FALSE,FALSE
"K03195",0.139,0,0.206,61,48.1,0.0895,NA,"K03195",0.932126696832579,1,FALSE,FALSE,FALSE,FALSE
"K03196",0.139,0,0.206,61,48.1,0.0895,NA,"K03196",0.932126696832579,1,FALSE,FALSE,FALSE,FALSE
"K22905",0.0647,0,0.95,-4.47,71.6,0.00442,NA,"K22905",0.996642887117079,1,FALSE,FALSE,FALSE,FALSE
"K05337",0.194,0,0.674,-20.2,47.9,0.0298,NA,"K05337",0.986782133090246,1,FALSE,FALSE,FALSE,FALSE
"K05898",0.164,0,0.385,32.1,36.9,0.0616,NA,"K05898",0.962578899909829,1,FALSE,FALSE,FALSE,FALSE
"K03300",0.448,0,0.00428,-128,44.4,0.201,NA,"K03300",0.41171875,1,FALSE,FALSE,FALSE,FALSE
"K22879",0.164,0,0.0609,-98,52,0.132,NA,"K22879",0.746428571428572,1,FALSE,FALSE,FALSE,FALSE
"K17760",0.0697,0,0.599,-36.9,70,0.0373,NA,"K17760",0.981408107284365,1,FALSE,FALSE,FALSE,FALSE
"K27837",0.333,0,0.473,45.4,63.1,0.0509,NA,"K27837",0.972832600878945,1,FALSE,FALSE,FALSE,FALSE
"K07133",0.0995,0,0.126,-65.4,42.6,0.108,NA,"K07133",0.855345911949686,1,FALSE,FALSE,FALSE,FALSE
"K06601",0.124,0,0.327,-101,103,0.0695,NA,"K06601,K06602",0.954968944099379,1,FALSE,FALSE,FALSE,FALSE
"K00064",0.458,0,0.744,-8.6,26.3,0.0232,NA,"K00064",0.986782133090246,1,FALSE,FALSE,FALSE,FALSE
"K26744",0.0796,0,0.436,-34.5,44.1,0.0553,NA,"K26744",0.968458462905376,1,FALSE,FALSE,FALSE,FALSE
"K00692",0.149,0,0.356,41.9,45.3,0.0655,NA,"K00692",0.954968944099379,1,FALSE,FALSE,FALSE,FALSE
"K07535",0.0498,0,0.797,-12.5,48.7,0.0183,NA,"K07535",0.986782133090246,1,FALSE,FALSE,FALSE,FALSE
"K16516",0.0896,0,0.967,1.95,46.7,0.00296,NA,"K16516",0.99876058665565,1,FALSE,FALSE,FALSE,FALSE
"K02229",0.338,0,0.0342,-145,68.2,0.149,NA,"K02229",0.692307692307692,1,FALSE,FALSE,FALSE,FALSE
"K02228",0.303,0,0.0125,-152,60.3,0.176,NA,"K02228",0.534188034188034,1,FALSE,FALSE,FALSE,FALSE
"K15063",0.0249,0,0.712,-36.5,98.7,0.0262,NA,"K15063",0.986782133090246,1,FALSE,FALSE,FALSE,FALSE
"K11163",0.0995,0,0.496,-32.3,47.2,0.0483,NA,"K11163",0.975103734439834,1,FALSE,FALSE,FALSE,FALSE
"K23948",0.174,0,0.48,-28.7,40.5,0.0501,NA,"K23948",0.972832600878945,1,FALSE,FALSE,FALSE,FALSE
"K18197",0.0547,0,0.692,24.5,61.6,0.0282,NA,"K18197",0.986782133090246,1,FALSE,FALSE,FALSE,FALSE
"K24967",0.453,0,0.58,-19,34.2,0.0393,NA,"K24967",0.981408107284365,1,FALSE,FALSE,FALSE,FALSE
"K07722",0.0398,0,0.318,-79.4,79.3,0.0708,NA,"K07722",0.954968944099379,1,FALSE,FALSE,FALSE,FALSE
"K05886",0.0697,0,0.268,105,94.8,0.0785,NA,"K05886",0.946765498652291,1,FALSE,FALSE,FALSE,FALSE
"K13609",0.318,0,0.193,76,58.2,0.0922,NA,"K13609",0.930568948891032,1,FALSE,FALSE,FALSE,FALSE
"K18459",0.164,0,0.306,68.1,66.4,0.0725,NA,"K18459",0.954968944099379,1,FALSE,FALSE,FALSE,FALSE
"K10621",0.109,0,0.403,40.3,48.1,0.0593,NA,"K10621",0.962578899909829,1,FALSE,FALSE,FALSE,FALSE
"K22303",0.239,0,0.171,52.6,38.3,0.0968,NA,"K22303",0.893970893970894,1,FALSE,FALSE,FALSE,FALSE
"K02277",0.338,0,0.311,-46.9,46.2,0.0718,NA,"K02277",0.954968944099379,1,FALSE,FALSE,FALSE,FALSE
"K05797",0.0697,0,0.382,43.7,49.9,0.062,NA,"K05797",0.962578899909829,1,FALSE,FALSE,FALSE,FALSE
"K18383",0.124,0,0.576,-23.3,41.7,0.0396,NA,"K18383",0.981408107284365,1,FALSE,FALSE,FALSE,FALSE
"K15066",0.0249,0,0.834,14.1,67,0.0149,NA,"K15066",0.986782133090246,1,FALSE,FALSE,FALSE,FALSE
"K24012",0.0746,0,0.347,53,56.3,0.0667,NA,"K24012",0.954968944099379,1,FALSE,FALSE,FALSE,FALSE
"K15782",0.269,0,0.195,54.8,42.2,0.0918,NA,"K15782",0.931232091690544,1,FALSE,FALSE,FALSE,FALSE
"K22737",0.109,0,0.863,-17.1,98.8,0.0123,NA,"K22737",0.986782133090246,1,FALSE,FALSE,FALSE,FALSE
"K01843",0.204,0,0.643,29,62.4,0.0329,NA,"K01843",0.981408107284365,1,FALSE,FALSE,FALSE,FALSE
"K13582",0.0846,0,0.259,-169,149,0.0801,NA,"K13582",0.946765498652291,1,FALSE,FALSE,FALSE,FALSE
"K12252",0.284,0,0.559,37.3,63.9,0.0414,NA,"K12252",0.981390449438202,1,FALSE,FALSE,FALSE,FALSE
"K09826",0.0995,0,0.0671,-171,93,0.129,NA,"K09826",0.74835886214442,1,FALSE,FALSE,FALSE,FALSE
"K01854",0.234,0,0.315,34.2,34,0.0712,NA,"K01854",0.954968944099379,1,FALSE,FALSE,FALSE,FALSE
"K10564",0.0846,0,0.259,-169,149,0.0801,NA,"K10564",0.946765498652291,1,FALSE,FALSE,FALSE,FALSE
"K10565",0.0846,0,0.259,-169,149,0.0801,NA,"K10565",0.946765498652291,1,FALSE,FALSE,FALSE,FALSE
"K21603",0.0846,0,0.259,-169,149,0.0801,NA,"K21603",0.946765498652291,1,FALSE,FALSE,FALSE,FALSE
"K10235",0.104,0,0.0408,-221,107,0.144,NA,"K10235",0.710069444444444,1,FALSE,FALSE,FALSE,FALSE
"K13772",0.0846,0,0.259,-169,149,0.0801,NA,"K13772",0.946765498652291,1,FALSE,FALSE,FALSE,FALSE
"K22217",0.0846,0,0.259,-169,149,0.0801,NA,"K22217",0.946765498652291,1,FALSE,FALSE,FALSE,FALSE
"K22215",0.0995,0,0.362,-82.4,90.1,0.0647,NA,"K22215",0.954968944099379,1,FALSE,FALSE,FALSE,FALSE
"K18098",0.139,0,0.804,-21.5,86.4,0.0177,NA,"K18098",0.986782133090246,1,FALSE,FALSE,FALSE,FALSE
"K16783",0.124,0,0.472,38.8,53.9,0.051,NA,"K16783",0.972832600878945,1,FALSE,FALSE,FALSE,FALSE
"K16784",0.219,0,0.438,40,51.5,0.0549,NA,"K16784",0.96952296819788,1,FALSE,FALSE,FALSE,FALSE
"K21700",0.144,0,0.418,60.1,74.1,0.0574,NA,"K21700",0.962578899909829,1,FALSE,FALSE,FALSE,FALSE
"K01133",0.318,0,0.00637,-137,49.6,0.192,NA,"K01133",0.439864864864865,1,FALSE,FALSE,FALSE,FALSE
"K18234",0.164,0,0.0677,-54.1,29.5,0.129,NA,"K18234",0.74835886214442,1,FALSE,FALSE,FALSE,FALSE
"K18918",0.0746,0,0.533,27.1,43.3,0.0442,NA,"K18918",0.97676107480029,1,FALSE,FALSE,FALSE,FALSE
"K07104",0.338,0,0.13,90.7,59.6,0.107,NA,"K07104",0.855345911949686,1,FALSE,FALSE,FALSE,FALSE
"K05568",0.393,0,0.727,22.9,65.5,0.0248,NA,"K05568",0.986782133090246,1,FALSE,FALSE,FALSE,FALSE
"K05569",0.398,0,0.173,80.5,58.8,0.0966,NA,"K05569",0.896373056994819,1,FALSE,FALSE,FALSE,FALSE
"K11357",0.0846,0,0.259,-169,149,0.0801,NA,"K11357",0.946765498652291,1,FALSE,FALSE,FALSE,FALSE
"K07716",0.0846,0,0.259,-169,149,0.0801,NA,"K07716",0.946765498652291,1,FALSE,FALSE,FALSE,FALSE
"K18305",0.0697,0,0.0744,73.8,41.2,0.126,NA,"K18305",0.765368852459016,1,FALSE,FALSE,FALSE,FALSE
"K12256",0.299,0,0.645,25.8,55.8,0.0327,NA,"K12256",0.981735159817352,1,FALSE,FALSE,FALSE,FALSE
"K06952",0.129,0,0.921,5.27,53.4,0.007,NA,"K06952",0.992884864165589,1,FALSE,FALSE,FALSE,FALSE
"K08744",0.0945,0,0.967,-1.82,44,0.00293,NA,"K08744",0.99876058665565,1,FALSE,FALSE,FALSE,FALSE
"K04343",0.274,0,0.275,-44.6,40.8,0.0774,NA,"K04343",0.946765498652291,1,FALSE,FALSE,FALSE,FALSE
"K02488",0.179,0,0.173,-74.1,54.2,0.0964,NA,"K02488",0.896373056994819,1,FALSE,FALSE,FALSE,FALSE
"K25885",0.0846,0,0.259,-169,149,0.0801,NA,"K25885",0.946765498652291,1,FALSE,FALSE,FALSE,FALSE
"K09949",0.104,0,0.102,-197,120,0.116,NA,"K09949,K12989,K18996",0.82258064516129,1,FALSE,FALSE,FALSE,FALSE
"K03937",0.0945,0,0.471,-55.4,76.7,0.0512,NA,"K03937",0.972832600878945,1,FALSE,FALSE,FALSE,FALSE
"K01004",0.254,0,0.412,-56.7,69,0.0581,NA,"K01004",0.962578899909829,1,FALSE,FALSE,FALSE,FALSE
"K22684",0.149,0,0.373,34.7,38.8,0.0632,NA,"K22684",0.957883923985619,1,FALSE,FALSE,FALSE,FALSE
"K00720",0.0348,0,0.85,-12.6,66.5,0.0134,NA,"K00720",0.986782133090246,1,FALSE,FALSE,FALSE,FALSE
"K07504",0.149,0,0.84,-5.9,29.1,0.0144,NA,"K07504",0.986782133090246,1,FALSE,FALSE,FALSE,FALSE
"K13786",0.0846,0,0.259,-169,149,0.0801,NA,"K13786",0.946765498652291,1,FALSE,FALSE,FALSE,FALSE
"K27080",0.239,0,0.898,-5.8,45.1,0.00911,NA,"K27080",0.992884864165589,1,FALSE,FALSE,FALSE,FALSE
"K21829",0.259,0,0.285,77.9,72.7,0.0757,NA,"K21829",0.949241924851681,1,FALSE,FALSE,FALSE,FALSE
"K14083",0.0995,0,0.833,20.8,98.6,0.015,NA,"K14083",0.986782133090246,1,FALSE,FALSE,FALSE,FALSE
"K16568",0.279,0,0.887,-4.63,32.6,0.0101,NA,"K16568",0.992836355495858,1,FALSE,FALSE,FALSE,FALSE
"K20807",0.149,0,0.773,13.8,47.8,0.0205,NA,"K20807",0.986782133090246,1,FALSE,FALSE,FALSE,FALSE
"K01721",0.164,0,0.784,-11.3,41.2,0.0194,NA,"K01721",0.986782133090246,1,FALSE,FALSE,FALSE,FALSE
"K00895",0.0995,0,0.28,-122,113,0.0766,NA,"K00895",0.946765498652291,1,FALSE,FALSE,FALSE,FALSE
"K27497",0.104,0,0.367,90.7,100,0.064,NA,"K27497",0.954968944099379,1,FALSE,FALSE,FALSE,FALSE
"K08299",0.0995,0,0.254,105,92.1,0.0808,NA,"K08299",0.946765498652291,1,FALSE,FALSE,FALSE,FALSE
"K17509",0.109,0,0.523,48.1,75.1,0.0453,NA,"K17509",0.975791433891993,1,FALSE,FALSE,FALSE,FALSE
"K00314",0.0846,0,0.598,-52.6,99.4,0.0375,NA,"K00314",0.981408107284365,1,FALSE,FALSE,FALSE,FALSE
"K00315",0.134,0,0.0547,-190,98.4,0.136,NA,"K00315",0.739189189189189,1,FALSE,FALSE,FALSE,FALSE
"K09702",0.204,0,0.804,9.92,39.9,0.0176,NA,"K09702",0.986782133090246,1,FALSE,FALSE,FALSE,FALSE
"K13503",0.0846,0,0.259,-169,149,0.0801,NA,"K13503",0.946765498652291,1,FALSE,FALSE,FALSE,FALSE
"K01938",0.239,0,0.806,-12.8,52.3,0.0174,NA,"K01938",0.986782133090246,1,FALSE,FALSE,FALSE,FALSE
"K06606",0.214,0,0.655,15.8,35.4,0.0317,NA,"K06606",0.982918789331735,1,FALSE,FALSE,FALSE,FALSE
"K17213",0.169,0,0.734,17.1,50.1,0.0241,NA,"K17213",0.986782133090246,1,FALSE,FALSE,FALSE,FALSE
"K17215",0.159,0,0.836,11.2,54,0.0147,NA,"K17215",0.986782133090246,1,FALSE,FALSE,FALSE,FALSE
"K17214",0.164,0,0.647,24,52.2,0.0325,NA,"K17214",0.982685297691373,1,FALSE,FALSE,FALSE,FALSE
"K25027",0.214,0,0.0328,103,47.7,0.151,NA,"K25027",0.676954732510288,1,FALSE,FALSE,FALSE,FALSE
"K22086",0.0995,0,0.0283,211,95.4,0.155,NA,"K22086",0.650684931506849,1,FALSE,FALSE,FALSE,FALSE
"K22085",0.109,0,0.0318,214,98.9,0.151,NA,"K22084,K22085",0.667364016736402,1,FALSE,FALSE,FALSE,FALSE
"K21134",0.189,0,0.221,-60.4,49.2,0.0867,NA,"K21134",0.941226575809199,1,FALSE,FALSE,FALSE,FALSE
"K21137",0.179,0,0.612,-27.2,53.4,0.036,NA,"K21137",0.981408107284365,1,FALSE,FALSE,FALSE,FALSE
"K21136",0.149,0,0.302,-60.6,58.5,0.0732,NA,"K21136",0.954968944099379,1,FALSE,FALSE,FALSE,FALSE
"K15975",0.244,0,0.398,-57.2,67.6,0.06,NA,"K15975",0.962578899909829,1,FALSE,FALSE,FALSE,FALSE
"K16653",0.159,0,0.0907,-63,37.1,0.12,NA,"K16653",0.808130081300813,1,FALSE,FALSE,FALSE,FALSE
"K14136",0.0945,0,0.578,-22,39.4,0.0395,NA,"K14136",0.981408107284365,1,FALSE,FALSE,FALSE,FALSE
"K09769",0.229,0,0.354,-95.2,103,0.0657,NA,"K09769",0.954968944099379,1,FALSE,FALSE,FALSE,FALSE
"K09957",0.219,0,0.644,20.6,44.6,0.0328,NA,"K09957",0.981408107284365,1,FALSE,FALSE,FALSE,FALSE
"K00808",0.119,0,0.786,-18.1,66.6,0.0193,NA,"K00808",0.986782133090246,1,FALSE,FALSE,FALSE,FALSE
"K09795",0.0846,0,0.259,-169,149,0.0801,NA,"K09795",0.946765498652291,1,FALSE,FALSE,FALSE,FALSE
"K26399",0.234,0,0.47,-26,36,0.0513,NA,"K26399",0.972832600878945,1,FALSE,FALSE,FALSE,FALSE
"K19181",0.124,0,0.485,33.8,48.3,0.0496,NA,"K19181",0.972832600878945,1,FALSE,FALSE,FALSE,FALSE
"K02638",0.0746,0,0.386,-119,137,0.0615,NA,"K02638,K16552,K16553,K16559,K16563,K16565",0.962578899909829,1,FALSE,FALSE,FALSE,FALSE
"K06867",0.194,0,0.087,-81.4,47.3,0.121,NA,"K06867",0.80110497237569,1,FALSE,FALSE,FALSE,FALSE
"K14977",0.323,0,0.829,9.1,42,0.0153,NA,"K14977",0.986782133090246,1,FALSE,FALSE,FALSE,FALSE
"K01055",0.323,0,0.0164,-132,54.5,0.169,NA,"K01055",0.58041958041958,1,FALSE,FALSE,FALSE,FALSE
"K00448",0.413,0,0.0063,-144,52,0.192,NA,"K00448",0.439864864864865,1,FALSE,FALSE,FALSE,FALSE
"K02133",0.109,0,0.905,-10.4,86.8,0.00849,NA,"K02133",0.992884864165589,1,FALSE,FALSE,FALSE,FALSE
"K22843",0.269,0,0.755,-18.3,58.7,0.0221,NA,"K22843",0.986782133090246,1,FALSE,FALSE,FALSE,FALSE
"K09799",0.129,0,0.602,29.8,57.1,0.037,NA,"K09799",0.981408107284365,1,FALSE,FALSE,FALSE,FALSE
"K00949",0.279,0,0.398,-58.8,69.5,0.0599,NA,"K00949",0.962578899909829,1,FALSE,FALSE,FALSE,FALSE
"K24819",0.0846,0,0.259,-169,149,0.0801,NA,"K24819",0.946765498652291,1,FALSE,FALSE,FALSE,FALSE
"K26065",0.279,0,0.00714,-198,73,0.189,NA,"K26065",0.44625,1,FALSE,FALSE,FALSE,FALSE
"K26064",0.184,0,0.00458,-160,55.9,0.199,NA,"K26064",0.41171875,1,FALSE,FALSE,FALSE,FALSE
"K03381",0.313,0,0.181,46.8,34.9,0.0948,NA,"K03381",0.915991902834008,1,FALSE,FALSE,FALSE,FALSE
"K10676",0.0597,0,0.9,-5.94,47.4,0.00888,NA,"K10676",0.992884864165589,1,FALSE,FALSE,FALSE,FALSE
"K24258",0.104,0,0.574,25.4,45,0.0399,NA,"K24258",0.981408107284365,1,FALSE,FALSE,FALSE,FALSE
"K00663",0.124,0,0.647,29,63.4,0.0325,NA,"K00663",0.982685297691373,1,FALSE,FALSE,FALSE,FALSE
"K19689",0.259,0,0.306,61.1,59.5,0.0725,NA,"K19689",0.954968944099379,1,FALSE,FALSE,FALSE,FALSE
"K08688",0.114,0,0.0718,93.6,51.7,0.127,NA,"K08688",0.757383966244726,1,FALSE,FALSE,FALSE,FALSE
"K23248",0.0796,0,0.509,31.4,47.4,0.0469,NA,"K23248",0.975103734439834,1,FALSE,FALSE,FALSE,FALSE
"K09684",0.333,0,0.31,52.7,51.8,0.0719,NA,"K09684",0.954968944099379,1,FALSE,FALSE,FALSE,FALSE
"K23462",0.0796,0,0.223,66.1,54.1,0.0863,NA,"K23462",0.942519019442096,1,FALSE,FALSE,FALSE,FALSE
"K23463",0.229,0,0.913,3.77,34.6,0.00773,NA,"K23463",0.992884864165589,1,FALSE,FALSE,FALSE,FALSE
"K23464",0.194,0,0.592,23.2,43.2,0.0381,NA,"K23464",0.981408107284365,1,FALSE,FALSE,FALSE,FALSE
"K23465",0.199,0,0.827,8.64,39.4,0.0156,NA,"K23465",0.986782133090246,1,FALSE,FALSE,FALSE,FALSE
"K21617",0.0149,0,0.126,145,94.5,0.108,NA,"K21617",0.855345911949686,1,FALSE,FALSE,FALSE,FALSE
"K16873",0.0448,0,0.881,9.65,64.6,0.0106,NA,"K16873",0.991893717631164,1,FALSE,FALSE,FALSE,FALSE
"K25873",0.0249,0,0.117,98.9,62.9,0.111,NA,"K25873",0.851370851370851,1,FALSE,FALSE,FALSE,FALSE
"K20249",0.0149,0,0.561,43.8,75.2,0.0413,NA,"K20249",0.981408107284365,1,FALSE,FALSE,FALSE,FALSE
"K01621",0.299,0,0.211,-43.6,34.8,0.0886,NA,"K01621",0.93804537521815,1,FALSE,FALSE,FALSE,FALSE
"K20539",0.0647,0,0.668,25,58.1,0.0304,NA,"K20539",0.985832349468713,1,FALSE,FALSE,FALSE,FALSE
"K13028",0.0547,0,0.214,-57.9,46.5,0.0879,NA,"K13028",0.93804537521815,1,FALSE,FALSE,FALSE,FALSE
"K14166",0.114,0,0.401,-57.2,68,0.0595,NA,"K14166",0.962578899909829,1,FALSE,FALSE,FALSE,FALSE
"K04747",0.0945,0,0.409,-59.8,72.2,0.0586,NA,"K04747",0.962578899909829,1,FALSE,FALSE,FALSE,FALSE
"K02305",0.199,0,0.00282,158,52.2,0.21,NA,"K02305",0.383783783783784,1,FALSE,FALSE,FALSE,FALSE
"K00368",0.249,0,0.987,0.67,41.3,0.00115,NA,"K00368",0.999799839871897,1,FALSE,FALSE,FALSE,FALSE
"K21564",0.124,0,0.938,-7.36,94,0.00555,NA,"K21564",0.993854630218267,1,FALSE,FALSE,FALSE,FALSE
"K22025",0.119,0,0.897,-6.62,50.9,0.00921,NA,"K22025",0.992884864165589,1,FALSE,FALSE,FALSE,FALSE
"K10709",0.0796,0,0.938,3.58,45.8,0.00554,NA,"K10709",0.993854630218267,1,FALSE,FALSE,FALSE,FALSE
"K07473",0.0746,0,0.699,16.1,41.5,0.0274,NA,"K07473",0.986782133090246,1,FALSE,FALSE,FALSE,FALSE
"K01635",0.0299,0,0.874,9.27,58.3,0.0113,NA,"K01635",0.989359293638216,1,FALSE,FALSE,FALSE,FALSE
"K01473",0.259,0,0.38,23.3,26.4,0.0622,NA,"K01473",0.962578899909829,1,FALSE,FALSE,FALSE,FALSE
"K03202",0.0547,0,0.746,-15.8,48.7,0.023,NA,"K03202",0.986782133090246,1,FALSE,FALSE,FALSE,FALSE
"K05373",0.0697,0,0.423,-46.3,57.7,0.0569,NA,"K05373",0.962578899909829,1,FALSE,FALSE,FALSE,FALSE
"K05878",0.343,0,0.343,-45.6,48,0.0673,NA,"K05878",0.954968944099379,1,FALSE,FALSE,FALSE,FALSE
"K05879",0.224,0,0.256,-64.3,56.5,0.0804,NA,"K05879",0.946765498652291,1,FALSE,FALSE,FALSE,FALSE
"K00862",0.104,0,0.374,-55.4,62.2,0.0631,NA,"K00862",0.958482829318298,1,FALSE,FALSE,FALSE,FALSE
"K01628",0.149,0,0.162,-65.8,46.9,0.0989,NA,"K01628",0.88235294117647,1,FALSE,FALSE,FALSE,FALSE
"K15783",0.189,0,0.847,8.57,44.5,0.0137,NA,"K15783",0.986782133090246,1,FALSE,FALSE,FALSE,FALSE
"K15784",0.184,0,0.774,14.5,50.4,0.0203,NA,"K15784",0.986782133090246,1,FALSE,FALSE,FALSE,FALSE
"K03652",0.507,0,0.0705,-71.1,39.1,0.128,NA,"K03652",0.751059322033898,1,FALSE,FALSE,FALSE,FALSE
"K00004",0.269,0,0.636,-16.9,35.7,0.0335,NA,"K00004",0.981408107284365,1,FALSE,FALSE,FALSE,FALSE
"K23245",0.0995,0,0.592,24.8,46.2,0.038,NA,"K23245",0.981408107284365,1,FALSE,FALSE,FALSE,FALSE
"K23244",0.0647,0,0.125,-87.4,56.8,0.108,NA,"K23244",0.855345911949686,1,FALSE,FALSE,FALSE,FALSE
"K23246",0.0647,0,0.11,82.2,51.3,0.113,NA,"K23246",0.83710407239819,1,FALSE,FALSE,FALSE,FALSE
"K24268",0.0199,0,0.701,-27.5,71.5,0.0272,NA,"K24268",0.986782133090246,1,FALSE,FALSE,FALSE,FALSE
"K12978",0.0896,0,0.0585,-198,104,0.134,NA,"K12978",0.746428571428572,1,FALSE,FALSE,FALSE,FALSE
"K15408",0.129,0,0.655,21.9,48.8,0.0317,NA,"K15408",0.982918789331735,1,FALSE,FALSE,FALSE,FALSE
"K02351",0.289,0,0.307,51.2,49.9,0.0724,NA,"K02351",0.954968944099379,1,FALSE,FALSE,FALSE,FALSE
"K20938",0.403,0,0.362,-40.2,44,0.0647,NA,"K20938",0.954968944099379,1,FALSE,FALSE,FALSE,FALSE
"K09472",0.413,0,0.654,19.4,43.2,0.0318,NA,"K09472",0.982918789331735,1,FALSE,FALSE,FALSE,FALSE
"K06350",0.234,0,0.188,-51.9,39.3,0.0932,NA,"K06350",0.922473012757606,1,FALSE,FALSE,FALSE,FALSE
"K11263",0.174,0,0.00482,-188,65.9,0.198,NA,"K11263",0.41171875,1,FALSE,FALSE,FALSE,FALSE
"K25029",0.0149,0,0.595,-38.2,71.7,0.0377,NA,"K25029",0.981408107284365,1,FALSE,FALSE,FALSE,FALSE
"K10710",0.139,0,0.595,20.9,39.3,0.0377,NA,"K10710",0.981408107284365,1,FALSE,FALSE,FALSE,FALSE
"K19510",0.104,0,0.922,4.28,43.7,0.00695,NA,"K19510",0.993320405085111,1,FALSE,FALSE,FALSE,FALSE
"K21911",0.0796,0,0.0111,-282,110,0.179,NA,"K21910,K21911",0.534188034188034,1,FALSE,FALSE,FALSE,FALSE
"K21909",0.0896,0,0.0519,-170,86.8,0.137,NA,"K21054,K21909",0.739189189189189,1,FALSE,FALSE,FALSE,FALSE
"K17204",0.104,0,0.133,-76.8,50.9,0.106,NA,"K17202,K17203,K17204",0.855345911949686,1,FALSE,FALSE,FALSE,FALSE
"K18201",0.274,0,0.439,34.8,44.9,0.0549,NA,"K18201",0.96952296819788,1,FALSE,FALSE,FALSE,FALSE
"K22551",0.149,0,0.252,53.8,46.8,0.0812,NA,"K22551",0.946765498652291,1,FALSE,FALSE,FALSE,FALSE
"K18334",0.269,0,0.62,16.2,32.6,0.0352,NA,"K18334",0.981408107284365,1,FALSE,FALSE,FALSE,FALSE
"K00096",0.0348,0,0.432,77.4,98.3,0.0557,NA,"K00096",0.964716391246092,1,FALSE,FALSE,FALSE,FALSE
"K06978",0.373,0,0.891,3.88,28.3,0.00973,NA,"K06978",0.992868286160018,1,FALSE,FALSE,FALSE,FALSE
"K21252",0.0299,0,0.638,31.7,67.4,0.0334,NA,"K21252",0.981408107284365,1,FALSE,FALSE,FALSE,FALSE
"K05884",0.0796,0,0.444,-34.4,44.8,0.0543,NA,"K05884",0.97027972027972,1,FALSE,FALSE,FALSE,FALSE
"K05346",0.249,0,0.213,-51.4,41.1,0.0883,NA,"K05346",0.93804537521815,1,FALSE,FALSE,FALSE,FALSE
"K00128",0.388,0,0.108,-68.6,42.5,0.114,NA,"K00128",0.832049306625578,1,FALSE,FALSE,FALSE,FALSE
"K01506",0.313,0,0.26,56.1,49.7,0.0798,NA,"K01506",0.946765498652291,1,FALSE,FALSE,FALSE,FALSE
"K19687",0.0796,0,0.351,-80.6,86.2,0.0661,NA,"K19687",0.954968944099379,1,FALSE,FALSE,FALSE,FALSE
"K07076",0.0896,0,0.763,18.2,60.2,0.0214,NA,"K07076",0.986782133090246,1,FALSE,FALSE,FALSE,FALSE
"K16555",0.0846,0,0.964,3.01,65.8,0.00325,NA,"K16555",0.998756734355574,1,FALSE,FALSE,FALSE,FALSE
"K16556",0.0846,0,0.372,57.2,63.9,0.0633,NA,"K16556",0.957282552753474,1,FALSE,FALSE,FALSE,FALSE
"K16558",0.0846,0,0.689,31.8,79.3,0.0284,NA,"K16558",0.986782133090246,1,FALSE,FALSE,FALSE,FALSE
"K16562",0.0796,0,0.738,24.9,74.4,0.0237,NA,"K16562,K16564",0.986782133090246,1,FALSE,FALSE,FALSE,FALSE
"K16566",0.423,0,0.473,25.1,35,0.0509,NA,"K16566",0.972832600878945,1,FALSE,FALSE,FALSE,FALSE
"K22935",0.0995,0,0.783,-20.4,73.9,0.0196,NA,"K22935",0.986782133090246,1,FALSE,FALSE,FALSE,FALSE
"K01820",0.244,0,0.833,-8.69,41.1,0.015,NA,"K01820",0.986782133090246,1,FALSE,FALSE,FALSE,FALSE
"K12685",0.179,0,0.805,11.2,45.1,0.0175,NA,"K12685",0.986782133090246,1,FALSE,FALSE,FALSE,FALSE
"K17205",0.0199,0,0.53,-44.2,70.4,0.0445,NA,"K17205,K17206,K17207",0.976418570375829,1,FALSE,FALSE,FALSE,FALSE
"K00046",0.254,0,0.796,-8.53,33,0.0183,NA,"K00046",0.986782133090246,1,FALSE,FALSE,FALSE,FALSE
"K15785",0.209,0,0.941,3.72,49.9,0.00529,NA,"K15785",0.993874102239121,1,FALSE,FALSE,FALSE,FALSE
"K15786",0.189,0,0.255,60.9,53.4,0.0806,NA,"K15786",0.946765498652291,1,FALSE,FALSE,FALSE,FALSE
"K14205",0.532,0,0.272,-42.2,38.3,0.0778,NA,"K14205",0.946765498652291,1,FALSE,FALSE,FALSE,FALSE
"K26731",0.0746,0,0.72,-19.6,54.5,0.0254,NA,"K26731",0.986782133090246,1,FALSE,FALSE,FALSE,FALSE
"K11537",0.0299,0,0.856,-18.1,100,0.0128,NA,"K11537",0.986782133090246,1,FALSE,FALSE,FALSE,FALSE
"K01417",0.0498,0,0.695,-18.1,46.3,0.0278,NA,"K01417",0.986782133090246,1,FALSE,FALSE,FALSE,FALSE
"K26730",0.0597,0,0.268,-75.5,68,0.0785,NA,"K26730",0.946765498652291,1,FALSE,FALSE,FALSE,FALSE
"K01195",0.0547,0,0.429,35,44.1,0.0561,NA,"K01195",0.963611859838275,1,FALSE,FALSE,FALSE,FALSE
"K15923",0.109,0,0.424,40.5,50.6,0.0567,NA,"K15923",0.962578899909829,1,FALSE,FALSE,FALSE,FALSE
"K15924",0.0597,0,0.0985,-153,92,0.117,NA,"K15924",0.808130081300813,1,FALSE,FALSE,FALSE,FALSE
"K01569",0.0697,0,0.811,-13.4,56,0.017,NA,"K01569",0.986782133090246,1,FALSE,FALSE,FALSE,FALSE
"K09932",0.338,0,0.0597,-67.5,35.6,0.133,NA,"K09932",0.746428571428572,1,FALSE,FALSE,FALSE,FALSE
"K09003",0.114,0,0.474,-57.9,80.7,0.0508,NA,"K09003",0.972832600878945,1,FALSE,FALSE,FALSE,FALSE
"K09166",0.124,0,0.692,-21.4,53.9,0.0281,NA,"K09166",0.986782133090246,1,FALSE,FALSE,FALSE,FALSE
"K01201",0.0896,0,0.346,65.5,69.3,0.0669,NA,"K01201",0.954968944099379,1,FALSE,FALSE,FALSE,FALSE
"K03332",0.249,0,0.832,6.53,30.7,0.0151,NA,"K03332",0.986782133090246,1,FALSE,FALSE,FALSE,FALSE
"K11383",0.194,0,0.084,-151,86.8,0.122,NA,"K11383",0.793621013133208,1,FALSE,FALSE,FALSE,FALSE
"K08982",0.104,0,0.0855,85.8,49.7,0.122,NA,"K08982",0.794609665427509,1,FALSE,FALSE,FALSE,FALSE
"K20999",0.0597,0,0.2,85.7,66.6,0.0908,NA,"K20999",0.932126696832579,1,FALSE,FALSE,FALSE,FALSE
"K07074",0.239,0,0.59,15.8,29.3,0.0383,NA,"K07074",0.981408107284365,1,FALSE,FALSE,FALSE,FALSE
"K01728",0.109,0,0.915,-5.09,47.6,0.00758,NA,"K01728",0.992884864165589,1,FALSE,FALSE,FALSE,FALSE
"K07480",0.0249,0,0.55,56.6,94.6,0.0424,NA,"K07480",0.980565371024735,1,FALSE,FALSE,FALSE,FALSE
"K09805",0.0149,0,0.216,-111,89.4,0.0876,NA,"K09805",0.938314509122502,1,FALSE,FALSE,FALSE,FALSE
"K07339",0.0398,0,0.151,68.8,47.8,0.102,NA,"K07339",0.873842592592593,1,FALSE,FALSE,FALSE,FALSE
"K21574",0.0348,0,0.623,-45.1,91.5,0.0349,NA,"K21574",0.981408107284365,1,FALSE,FALSE,FALSE,FALSE
"K03918",0.0448,0,0.485,-65.8,94,0.0495,NA,"K03918",0.972832600878945,1,FALSE,FALSE,FALSE,FALSE
"K19997",0.0398,0,0.948,-3.57,54.7,0.00463,NA,"K19997",0.99663582842725,1,FALSE,FALSE,FALSE,FALSE
"K17947",0.0746,0,0.676,-18.4,43.9,0.0297,NA,"K17947",0.986782133090246,1,FALSE,FALSE,FALSE,FALSE
"K19005",0.373,0,0.457,-34.3,45.9,0.0528,NA,"K19005",0.972832600878945,1,FALSE,FALSE,FALSE,FALSE
"K01641",0.0249,0,0.446,-77,101,0.0541,NA,"K01641",0.971677559912854,1,FALSE,FALSE,FALSE,FALSE
"K13236",0.0498,0,0.689,40.1,99.9,0.0284,NA,"K13236",0.986782133090246,1,FALSE,FALSE,FALSE,FALSE
"K08715",0.0597,0,0.465,-72.2,98.8,0.0518,NA,"K08715",0.972832600878945,1,FALSE,FALSE,FALSE,FALSE
"K07559",0.0597,0,0.148,-80.1,55.2,0.102,NA,"K07559",0.871613663133098,1,FALSE,FALSE,FALSE,FALSE
"K02839",0.0697,0,0.194,67.4,51.7,0.092,NA,"K02839",0.931232091690544,1,FALSE,FALSE,FALSE,FALSE
"K01798",0.0299,0,0.636,-55.9,118,0.0336,NA,"K01798",0.981408107284365,1,FALSE,FALSE,FALSE,FALSE
"K00034",0.194,0,0.51,-33.5,50.9,0.0467,NA,"K00034",0.975103734439834,1,FALSE,FALSE,FALSE,FALSE
"K20483",0.0348,0,0.836,-13.4,64.9,0.0147,NA,"K20483",0.986782133090246,1,FALSE,FALSE,FALSE,FALSE
"K20274",0.0647,0,0.693,25.3,64,0.028,NA,"K20274",0.986782133090246,1,FALSE,FALSE,FALSE,FALSE
"K17362",0.0597,0,0.769,-16.9,57.4,0.0208,NA,"K17362",0.986782133090246,1,FALSE,FALSE,FALSE,FALSE
"K12454",0.0249,0,0.497,63,92.5,0.0482,NA,"K12454",0.975103734439834,1,FALSE,FALSE,FALSE,FALSE
"K08646",0.0398,0,0.257,106,93.7,0.0803,NA,"K08646",0.946765498652291,1,FALSE,FALSE,FALSE,FALSE
"K15773",0.239,0,0.822,6.6,29.2,0.016,NA,"K15773",0.986782133090246,1,FALSE,FALSE,FALSE,FALSE
"K13485",0.244,0,0.305,48.8,47.4,0.0727,NA,"K13485",0.954968944099379,1,FALSE,FALSE,FALSE,FALSE
"K25649",0.0796,0,0.127,63.4,41.4,0.108,NA,"K25649",0.855345911949686,1,FALSE,FALSE,FALSE,FALSE
"K17319",0.204,0,0.917,6.03,57.9,0.00738,NA,"K17318,K17319,K17320",0.992884864165589,1,FALSE,FALSE,FALSE,FALSE
"K24003",0.0299,0,0.375,-69.1,77.7,0.0629,NA,"K24003",0.959079283887468,1,FALSE,FALSE,FALSE,FALSE
"K24004",0.0249,0,0.6,-63.2,120,0.0372,NA,"K24004",0.981408107284365,1,FALSE,FALSE,FALSE,FALSE
"K28691",0.0249,0,0.183,-127,95.1,0.0943,NA,"K28691",0.918674698795181,1,FALSE,FALSE,FALSE,FALSE
"K23359",0.0498,0,0.316,-82.2,81.7,0.0711,NA,"K23359",0.954968944099379,1,FALSE,FALSE,FALSE,FALSE
"K28761",0.0299,0,0.0252,-191,84.7,0.158,NA,"K28761",0.650684931506849,1,FALSE,FALSE,FALSE,FALSE
"K22548",0.209,0,0.144,76.6,52.3,0.103,NA,"K22548",0.869047619047619,1,FALSE,FALSE,FALSE,FALSE
"K01846",0.0348,0,0.734,23.7,69.7,0.0241,NA,"K01846,K19268",0.986782133090246,1,FALSE,FALSE,FALSE,FALSE
"K06151",0.194,0,0.643,17.2,37.1,0.0329,NA,"K06151",0.981408107284365,1,FALSE,FALSE,FALSE,FALSE
"K06152",0.199,0,0.861,-6.16,35.2,0.0124,NA,"K06152",0.986782133090246,1,FALSE,FALSE,FALSE,FALSE
"K13995",0.0796,0,0.321,40.4,40.6,0.0704,NA,"K13995",0.954968944099379,1,FALSE,FALSE,FALSE,FALSE
"K17243",0.0547,0,0.382,-44.2,50.4,0.062,NA,"K17241,K17242,K17243",0.962578899909829,1,FALSE,FALSE,FALSE,FALSE
"K05341",0.0597,0,0.221,73.8,60.1,0.0867,NA,"K05341",0.941226575809199,1,FALSE,FALSE,FALSE,FALSE
"K28637",0.0348,0,0.905,-15,126,0.00843,NA,"K00290,K28637",0.992884864165589,1,FALSE,FALSE,FALSE,FALSE
"K26058",0.0249,0,0.274,-115,105,0.0775,NA,"K26058",0.946765498652291,1,FALSE,FALSE,FALSE,FALSE
"K11603",0.0796,0,0.94,-3.4,44.8,0.00537,NA,"K11603",0.993874102239121,1,FALSE,FALSE,FALSE,FALSE
"K13775",0.284,0,0.474,40.1,56,0.0507,NA,"K13775",0.972832600878945,1,FALSE,FALSE,FALSE,FALSE
"K03851",0.154,0,0.0948,-119,70.7,0.118,NA,"K03851",0.808130081300813,1,FALSE,FALSE,FALSE,FALSE
"K04102",0.0647,0,0.27,-48.8,44.1,0.0782,NA,"K04102",0.946765498652291,1,FALSE,FALSE,FALSE,FALSE
"K21801",0.0896,0,0.935,4.6,56.2,0.00579,NA,"K21801",0.993854630218267,1,FALSE,FALSE,FALSE,FALSE
"K25044",0.0945,0,0.143,-75.5,51.4,0.104,NA,"K25044",0.869047619047619,1,FALSE,FALSE,FALSE,FALSE
"K01796",0.274,0,0.973,1.47,43.6,0.0024,NA,"K01796",0.999589069241833,1,FALSE,FALSE,FALSE,FALSE
"K01474",0.189,0,0.539,16.6,27,0.0436,NA,"K01474",0.977157360406091,1,FALSE,FALSE,FALSE,FALSE
"K22297",0.144,0,0.887,-13.7,96.3,0.0101,NA,"K22297",0.992836355495858,1,FALSE,FALSE,FALSE,FALSE
"K15270",0.149,0,0.864,-5.7,33.2,0.0122,NA,"K15270",0.986782133090246,1,FALSE,FALSE,FALSE,FALSE
"K07048",0.159,0,0.068,-65,35.4,0.129,NA,"K07048",0.74835886214442,1,FALSE,FALSE,FALSE,FALSE
"K00696",0.0299,0,0.349,-112,120,0.0663,NA,"K00696",0.954968944099379,1,FALSE,FALSE,FALSE,FALSE
"K22314",0.249,0,0.0285,-146,66.4,0.155,NA,"K22314",0.650684931506849,1,FALSE,FALSE,FALSE,FALSE
"K08482",0.224,0,0.126,-56.3,36.6,0.108,NA,"K08482",0.855345911949686,1,FALSE,FALSE,FALSE,FALSE
"K13924",0.249,0,0.235,-35,29.4,0.0841,NA,"K13924",0.946765498652291,1,FALSE,FALSE,FALSE,FALSE
"K06898",0.0697,0,0.0756,95.1,53.2,0.126,NA,"K06898,K09121",0.771428571428571,1,FALSE,FALSE,FALSE,FALSE
"K06864",0.114,0,0.0556,96.8,50.3,0.135,NA,"K06864",0.745308310991957,1,FALSE,FALSE,FALSE,FALSE
"K24157",0.114,0,0.335,70.3,72.8,0.0683,NA,"K24157",0.954968944099379,1,FALSE,FALSE,FALSE,FALSE
"K28073",0.0348,0,0.000937,-170,50.5,0.232,NA,"K28073",0.3075,1,FALSE,FALSE,FALSE,FALSE
"K28519",0.0995,0,0.511,-31.9,48.4,0.0466,NA,"K28519",0.975103734439834,1,FALSE,FALSE,FALSE,FALSE
"K21309",0.0249,0,0.00459,286,99.6,0.199,NA,"K21307,K21308,K21309",0.41171875,1,FALSE,FALSE,FALSE,FALSE
"K11414",0.299,0,0.134,-77.9,51.7,0.106,NA,"K11414",0.855345911949686,1,FALSE,FALSE,FALSE,FALSE
"K19702",0.0896,0,0.57,-27.3,48,0.0403,NA,"K19702",0.981408107284365,1,FALSE,FALSE,FALSE,FALSE
"K16922",0.259,0,0.0683,-62.4,34,0.129,NA,"K16922",0.74835886214442,1,FALSE,FALSE,FALSE,FALSE
"K06986",0.134,0,0.547,38.7,64.3,0.0427,NA,"K06986",0.980565371024735,1,FALSE,FALSE,FALSE,FALSE
"K23470",0.0597,0,0.896,-6.96,53.2,0.00927,NA,"K23470",0.992884864165589,1,FALSE,FALSE,FALSE,FALSE
"K07051",0.0597,0,0.437,42.9,55,0.0552,NA,"K07051",0.968957871396896,1,FALSE,FALSE,FALSE,FALSE
"K16255",0.0199,0,0.0958,232,139,0.118,NA,"K16255",0.808130081300813,1,FALSE,FALSE,FALSE,FALSE
"K28188",0.0348,0,0.905,-6.46,54.1,0.00847,NA,"K28188",0.992884864165589,1,FALSE,FALSE,FALSE,FALSE
"K15856",0.119,0,0.25,-37.7,32.7,0.0814,NA,"K15856",0.946765498652291,1,FALSE,FALSE,FALSE,FALSE
"K22252",0.0995,0,0.589,18.6,34.3,0.0384,NA,"K22252",0.981408107284365,1,FALSE,FALSE,FALSE,FALSE
"K00016",0.169,0,0.918,4.85,47.2,0.00729,NA,"K00016",0.992884864165589,1,FALSE,FALSE,FALSE,FALSE
"K03738",0.0199,0,0.754,-32.1,102,0.0222,NA,"K03738",0.986782133090246,1,FALSE,FALSE,FALSE,FALSE
"K21498",0.239,0,0.207,-30.8,24.3,0.0894,NA,"K21498",0.933273219116321,1,FALSE,FALSE,FALSE,FALSE
"K07334",0.139,0,1,0.00356,30.2,8.36e-06,NA,"K07334",1,1,FALSE,FALSE,FALSE,FALSE
"K23127",0.139,0,0.537,35.6,57.5,0.0438,NA,"K23127",0.97676107480029,1,FALSE,FALSE,FALSE,FALSE
"K18372",0.124,0,0.483,-35.6,50.6,0.0498,NA,"K18372",0.972832600878945,1,FALSE,FALSE,FALSE,FALSE
"K01904",0.109,0,0.703,-18.3,48,0.027,NA,"K01904",0.986782133090246,1,FALSE,FALSE,FALSE,FALSE
"K01482",0.219,0,0.206,53.3,42,0.0895,NA,"K01482",0.932126696832579,1,FALSE,FALSE,FALSE,FALSE
"K00528",0.164,0,0.752,22.4,70.7,0.0224,NA,"K00528",0.986782133090246,1,FALSE,FALSE,FALSE,FALSE
"K03319",0.144,0,0.105,-66.9,41.1,0.115,NA,"K03319",0.826771653543307,1,FALSE,FALSE,FALSE,FALSE
"K21900",0.289,0,0.83,9.36,43.4,0.0153,NA,"K21900",0.986782133090246,1,FALSE,FALSE,FALSE,FALSE
"K00098",0.224,0,0.987,-0.62,36.7,0.0012,NA,"K00098",0.999799839871897,1,FALSE,FALSE,FALSE,FALSE
"K01574",0.0597,0,0.221,-79.9,65,0.0867,NA,"K01574",0.941226575809199,1,FALSE,FALSE,FALSE,FALSE
"K17223",0.0299,0,0.0625,225,120,0.132,NA,"K17223",0.746428571428572,1,FALSE,FALSE,FALSE,FALSE
"K17226",0.199,0,0.0298,-120,55,0.153,NA,"K17226",0.653679653679654,1,FALSE,FALSE,FALSE,FALSE
"K17227",0.0348,0,1,-0.0402,97.7,2.91e-05,NA,"K17227",1,1,FALSE,FALSE,FALSE,FALSE
"K17222",0.0299,0,0.0625,225,120,0.132,NA,"K17222",0.746428571428572,1,FALSE,FALSE,FALSE,FALSE
"K17224",0.0299,0,0.0625,225,120,0.132,NA,"K17224",0.746428571428572,1,FALSE,FALSE,FALSE,FALSE
"K22082",0.0796,0,0.552,29.4,49.4,0.0422,NA,"K22081,K22082",0.980565371024735,1,FALSE,FALSE,FALSE,FALSE
"K16871",0.169,0,0.41,-32.5,39.3,0.0584,NA,"K16871",0.962578899909829,1,FALSE,FALSE,FALSE,FALSE
"K07123",0.0746,0,0.371,-43.9,48.9,0.0635,NA,"K07123",0.956678700361011,1,FALSE,FALSE,FALSE,FALSE
"K27838",0.109,0,0.567,-24.4,42.4,0.0407,NA,"K27838",0.981408107284365,1,FALSE,FALSE,FALSE,FALSE
"K15024",0.0498,0,0.464,61.3,83.5,0.052,NA,"K15024",0.972832600878945,1,FALSE,FALSE,FALSE,FALSE
"K03365",0.109,0,0.0263,117,52.2,0.157,NA,"K03365",0.650684931506849,1,FALSE,FALSE,FALSE,FALSE
"K28692",0.279,0,0.299,-37.1,35.6,0.0736,NA,"K28692,K28693",0.954968944099379,1,FALSE,FALSE,FALSE,FALSE
"K01941",0.274,0,0.308,-35.7,34.9,0.0723,NA,"K01941",0.954968944099379,1,FALSE,FALSE,FALSE,FALSE
"K01457",0.299,0,0.12,-49.2,31.5,0.11,NA,"K01457",0.855345911949686,1,FALSE,FALSE,FALSE,FALSE
"K06972",0.0448,0,0.456,-63.7,85.3,0.0529,NA,"K06972",0.972832600878945,1,FALSE,FALSE,FALSE,FALSE
"K05303",0.0995,0,0.259,-40.9,36.2,0.08,NA,"K05303",0.946765498652291,1,FALSE,FALSE,FALSE,FALSE
"K00468",0.229,0,0.536,35.3,57,0.0439,NA,"K00468",0.97676107480029,1,FALSE,FALSE,FALSE,FALSE
"K17239",0.0199,0,0.00122,-215,65.5,0.227,NA,"K17237,K17238,K17239",0.3075,1,FALSE,FALSE,FALSE,FALSE
"K09968",0.0199,0,0.00182,-220,69.6,0.219,NA,"K09968",0.35,1,FALSE,FALSE,FALSE,FALSE
"K17486",0.0199,0,0.00497,351,124,0.197,NA,"K17486",0.41171875,1,FALSE,FALSE,FALSE,FALSE
"K00988",0.0249,0,0.488,79.5,114,0.0492,NA,"K00988",0.97366320830008,1,FALSE,FALSE,FALSE,FALSE
"K08355",0.0746,0,0.369,62,68.9,0.0637,NA,"K08355",0.954968944099379,1,FALSE,FALSE,FALSE,FALSE
"K19696",0.189,0,0.732,23.7,69.2,0.0243,NA,"K19696",0.986782133090246,1,FALSE,FALSE,FALSE,FALSE
"K03328",0.159,0,0.606,24.5,47.4,0.0366,NA,"K03328",0.981408107284365,1,FALSE,FALSE,FALSE,FALSE
"K22579",0.214,0,0.146,103,70.7,0.103,NA,"K22579",0.869047619047619,1,FALSE,FALSE,FALSE,FALSE
"K16259",0.0498,0,0.423,78.6,97.9,0.0568,NA,"K16256,K16257,K16258,K16259",0.962578899909829,1,FALSE,FALSE,FALSE,FALSE
"K23995",0.0547,0,0.469,-64.9,89.5,0.0513,NA,"K23995",0.972832600878945,1,FALSE,FALSE,FALSE,FALSE
"K16254",0.0149,0,0.0962,166,99.2,0.118,NA,"K16254",0.808130081300813,1,FALSE,FALSE,FALSE,FALSE
"K06400",0.0398,0,0.612,36,70.9,0.0359,NA,"K06400",0.981408107284365,1,FALSE,FALSE,FALSE,FALSE
"K16844",0.0348,0,0.492,-44.2,64.2,0.0487,NA,"K16844",0.975103734439834,1,FALSE,FALSE,FALSE,FALSE
"K04486",0.129,0,0.243,144,123,0.0828,NA,"K04486",0.946765498652291,1,FALSE,FALSE,FALSE,FALSE
"K05791",0.129,0,0.465,31.4,42.9,0.0519,NA,"K05791",0.972832600878945,1,FALSE,FALSE,FALSE,FALSE
"K05793",0.0597,0,0.942,3.62,49.6,0.00517,NA,"K05793",0.99409033347404,1,FALSE,FALSE,FALSE,FALSE
"K05795",0.144,0,0.723,15,42.3,0.0252,NA,"K05795",0.986782133090246,1,FALSE,FALSE,FALSE,FALSE
"K05792",0.0448,0,0.641,27.6,59.1,0.0331,NA,"K05792",0.981408107284365,1,FALSE,FALSE,FALSE,FALSE
"K01191",0.159,0,0.884,8.91,61,0.0104,NA,"K01191",0.992143658810326,1,FALSE,FALSE,FALSE,FALSE
"K07077",0.189,0,0.509,-28.7,43.3,0.0468,NA,"K07077",0.975103734439834,1,FALSE,FALSE,FALSE,FALSE
"K10118",0.244,0,0.169,68.8,49.8,0.0974,NA,"K10118",0.889473684210526,1,FALSE,FALSE,FALSE,FALSE
"K04045",0.129,0,0.922,-3.14,32.1,0.00692,NA,"K04045",0.993320405085111,1,FALSE,FALSE,FALSE,FALSE
"K13580",0.189,0,0.0546,-117,60.6,0.136,NA,"K13580",0.739189189189189,1,FALSE,FALSE,FALSE,FALSE
"K28476",0.0299,0,0.0574,131,68.7,0.134,NA,"K28476",0.746428571428572,1,FALSE,FALSE,FALSE,FALSE
"K03780",0.0299,0,0.928,5.36,59.5,0.00639,NA,"K03780",0.993589743589744,1,FALSE,FALSE,FALSE,FALSE
"K03779",0.0299,0,0.928,5.36,59.5,0.00639,NA,"K03779",0.993589743589744,1,FALSE,FALSE,FALSE,FALSE
"K17285",0.109,0,0.464,-69.2,94.4,0.0519,NA,"K17285",0.972832600878945,1,FALSE,FALSE,FALSE,FALSE
"K28179",0.0149,0,0.000927,371,110,0.232,NA,"K18425,K28178,K28179,K28180",0.3075,1,FALSE,FALSE,FALSE,FALSE
"K11735",0.358,0,0.201,-54.6,42.5,0.0906,NA,"K11735",0.932126696832579,1,FALSE,FALSE,FALSE,FALSE
"K27848",0.0249,0,0.675,-30.3,72.2,0.0297,NA,"K27848",0.986782133090246,1,FALSE,FALSE,FALSE,FALSE
"K15054",0.0199,0,0.763,22,72.8,0.0214,NA,"K15054",0.986782133090246,1,FALSE,FALSE,FALSE,FALSE
"K07807",0.0945,0,0.467,42,57.7,0.0515,NA,"K07807",0.972832600878945,1,FALSE,FALSE,FALSE,FALSE
"K00055",0.0448,0,0.558,-30.5,51.9,0.0416,NA,"K00055",0.981390449438202,1,FALSE,FALSE,FALSE,FALSE
"K20329",0.0995,0,0.73,-24.4,70.6,0.0245,NA,"K20329",0.986782133090246,1,FALSE,FALSE,FALSE,FALSE
"K09709",0.139,0,0.716,-15.4,42.4,0.0258,NA,"K09709",0.986782133090246,1,FALSE,FALSE,FALSE,FALSE
"K14470",0.0149,0,0.427,88.7,111,0.0563,NA,"K14470",0.962578899909829,1,FALSE,FALSE,FALSE,FALSE
"K14448",0.0249,0,0.907,-13,112,0.00826,NA,"K14448",0.992884864165589,1,FALSE,FALSE,FALSE,FALSE
"K13247",0.0249,0,0.357,64.4,69.7,0.0653,NA,"K13247",0.954968944099379,1,FALSE,FALSE,FALSE,FALSE
"K28615",0.0597,0,0.124,91.4,59.2,0.109,NA,"K28615",0.855345911949686,1,FALSE,FALSE,FALSE,FALSE
"K21622",0.0945,0,0.221,-83.7,68.1,0.0868,NA,"K21622",0.941226575809199,1,FALSE,FALSE,FALSE,FALSE
"K01342",0.0348,0,0.715,40,110,0.0259,NA,"K01342",0.986782133090246,1,FALSE,FALSE,FALSE,FALSE
"K21310",0.0299,0,0.685,26.4,64.9,0.0288,NA,"K21310",0.986782133090246,1,FALSE,FALSE,FALSE,FALSE
"K22112",0.0746,0,0.11,82.2,51.3,0.113,NA,"K22112",0.83710407239819,1,FALSE,FALSE,FALSE,FALSE
"K16652",0.0199,0,0.316,-70.4,70.1,0.071,NA,"K16652",0.954968944099379,1,FALSE,FALSE,FALSE,FALSE
"K26005",0.0149,0,0.0527,214,110,0.137,NA,"K15515,K26005",0.739189189189189,1,FALSE,FALSE,FALSE,FALSE
"K10255",0.209,0,0.0978,106,63.9,0.117,NA,"K10255",0.808130081300813,1,FALSE,FALSE,FALSE,FALSE
"K17865",0.224,0,0.253,-71.6,62.5,0.081,NA,"K17865",0.946765498652291,1,FALSE,FALSE,FALSE,FALSE
"K09252",0.0149,0,0.106,133,81.8,0.114,NA,"K09252",0.829420970266041,1,FALSE,FALSE,FALSE,FALSE
"K22087",0.0498,0,0.155,69.9,49,0.101,NA,"K22087",0.874717832957111,1,FALSE,FALSE,FALSE,FALSE
"K07979",0.139,0,0.0655,139,75,0.13,NA,"K07979",0.74835886214442,1,FALSE,FALSE,FALSE,FALSE
"K19156",0.0597,0,0.728,15.6,44.9,0.0247,NA,"K19156",0.986782133090246,1,FALSE,FALSE,FALSE,FALSE
"K00881",0.0299,0,0.484,55.8,79.5,0.0496,NA,"K00881",0.972832600878945,1,FALSE,FALSE,FALSE,FALSE
"K01186",0.0398,0,0.702,-22.6,59,0.0272,NA,"K01186",0.986782133090246,1,FALSE,FALSE,FALSE,FALSE
"K17838",0.0896,0,0.69,-22.9,57.3,0.0283,NA,"K17838",0.986782133090246,1,FALSE,FALSE,FALSE,FALSE
"K07755",0.0249,0,0.827,14,64.2,0.0155,NA,"K07755",0.986782133090246,1,FALSE,FALSE,FALSE,FALSE
"K06882",0.0149,0,0.802,-22.2,88.7,0.0178,NA,"K06882",0.986782133090246,1,FALSE,FALSE,FALSE,FALSE
"K09835",0.0199,0,0.93,-6.87,78.6,0.00619,NA,"K09835",0.993589743589744,1,FALSE,FALSE,FALSE,FALSE
"K16167",0.129,0,0.137,-92,61.6,0.105,NA,"K16167",0.859473023839398,1,FALSE,FALSE,FALSE,FALSE
"K05937",0.149,0,0.918,-5.44,53.1,0.00727,NA,"K05937",0.992884864165589,1,FALSE,FALSE,FALSE,FALSE
"K21949",0.0398,0,0.576,37.3,66.5,0.0397,NA,"K21949",0.981408107284365,1,FALSE,FALSE,FALSE,FALSE
"K25010",0.0498,0,0.402,53.5,63.6,0.0595,NA,"K25010",0.962578899909829,1,FALSE,FALSE,FALSE,FALSE
"K01134",0.0199,0,0.746,-30.5,94,0.023,NA,"K01134",0.986782133090246,1,FALSE,FALSE,FALSE,FALSE
"K16238",0.393,0,0.521,21.1,32.8,0.0455,NA,"K16238",0.975791433891993,1,FALSE,FALSE,FALSE,FALSE
"K19670",0.109,0,0.791,-17,64.2,0.0188,NA,"K19670",0.986782133090246,1,FALSE,FALSE,FALSE,FALSE
"K00206",0.0846,0,0.523,-43.9,68.7,0.0453,NA,"K00206",0.975791433891993,1,FALSE,FALSE,FALSE,FALSE
"K23424",0.0149,0,0.99,0.986,75,0.000932,NA,"K23424",0.999799839871897,1,FALSE,FALSE,FALSE,FALSE
"K00232",0.139,0,0.766,-16.7,55.8,0.0211,NA,"K00232",0.986782133090246,1,FALSE,FALSE,FALSE,FALSE
"K06937",0.0697,0,0.0674,98.2,53.4,0.129,NA,"K06937",0.74835886214442,1,FALSE,FALSE,FALSE,FALSE
"K01205",0.0299,0,0.378,60.2,68.2,0.0625,NA,"K01205",0.961342828077314,1,FALSE,FALSE,FALSE,FALSE
"K19053",0.0199,0,0.995,-0.61,102,0.000423,NA,"K19053",0.999799839871897,1,FALSE,FALSE,FALSE,FALSE
"K03301",0.0995,0,0.555,-26.6,45,0.0418,NA,"K03301",0.980565371024735,1,FALSE,FALSE,FALSE,FALSE
"K18785",0.0348,0,0.45,-48.5,64.1,0.0535,NA,"K18785",0.972832600878945,1,FALSE,FALSE,FALSE,FALSE
"K07454",0.209,0,0.183,28.8,21.6,0.0943,NA,"K07454",0.918674698795181,1,FALSE,FALSE,FALSE,FALSE
"K05989",0.149,0,0.745,12.7,39.1,0.0231,NA,"K05989",0.986782133090246,1,FALSE,FALSE,FALSE,FALSE
"K01114",0.199,0,0.919,-3.25,32,0.00721,NA,"K01114",0.992884864165589,1,FALSE,FALSE,FALSE,FALSE
"K15915",0.0249,0,0.486,37.7,54.1,0.0494,NA,"K15915",0.972832600878945,1,FALSE,FALSE,FALSE,FALSE
"K19068",0.0547,0,0.661,22,50.2,0.0311,NA,"K19068",0.983363042186572,1,FALSE,FALSE,FALSE,FALSE
"K22205",0.0896,0,0.816,-16.8,72.3,0.0165,NA,"K22205",0.986782133090246,1,FALSE,FALSE,FALSE,FALSE
"K03768",0.0199,0,0.613,41.9,82.8,0.0359,NA,"K03768",0.981408107284365,1,FALSE,FALSE,FALSE,FALSE
"K14259",0.0448,0,0.893,10.3,76,0.00959,NA,"K14259",0.992884864165589,1,FALSE,FALSE,FALSE,FALSE
"K10860",0.0547,0,0.473,41.8,58.2,0.0509,NA,"K10860",0.972832600878945,1,FALSE,FALSE,FALSE,FALSE
"K25196",0.0448,0,0.313,-68.6,67.8,0.0716,NA,"K25196",0.954968944099379,1,FALSE,FALSE,FALSE,FALSE
"K23257",0.129,0,0.463,83.6,114,0.052,NA,"K23257",0.972832600878945,1,FALSE,FALSE,FALSE,FALSE
"K07100",0.313,0,0.649,-20.8,45.5,0.0323,NA,"K07100",0.982815797407296,1,FALSE,FALSE,FALSE,FALSE
"K01818",0.0348,0,0.593,53.9,101,0.0379,NA,"K01818",0.981408107284365,1,FALSE,FALSE,FALSE,FALSE
"K00078",0.184,0,0.68,16.5,39.9,0.0292,NA,"K00078",0.986782133090246,1,FALSE,FALSE,FALSE,FALSE
"K08093",0.159,0,0.0484,82.3,41.4,0.139,NA,"K08093",0.736151603498542,1,FALSE,FALSE,FALSE,FALSE
"K13665",0.0249,0,0.418,63.4,78.1,0.0575,NA,"K13665",0.962578899909829,1,FALSE,FALSE,FALSE,FALSE
"K01517",0.0547,0,0.141,57.8,39.1,0.104,NA,"K01517",0.868226600985222,1,FALSE,FALSE,FALSE,FALSE
"K01060",0.159,0,0.758,14.1,45.6,0.0218,NA,"K01060",0.986782133090246,1,FALSE,FALSE,FALSE,FALSE
"K07720",0.139,0,0.6,35.5,67.5,0.0372,NA,"K07720",0.981408107284365,1,FALSE,FALSE,FALSE,FALSE
"K07488",0.0199,0,0.688,25.3,62.9,0.0285,NA,"K07488",0.986782133090246,1,FALSE,FALSE,FALSE,FALSE
"K27877",0.194,0,0.936,-3.51,43.5,0.00571,NA,"K27877",0.993854630218267,1,FALSE,FALSE,FALSE,FALSE
"K15045",0.0299,0,0.482,31.4,44.5,0.0499,NA,"K15045",0.972832600878945,1,FALSE,FALSE,FALSE,FALSE
"K07317",0.0597,0,0.823,-8.74,39,0.0159,NA,"K07317",0.986782133090246,1,FALSE,FALSE,FALSE,FALSE
"K01739",0.478,0,0.847,8.9,45.9,0.0137,NA,"K01739",0.986782133090246,1,FALSE,FALSE,FALSE,FALSE
"K07741",0.0796,0,0.702,12.6,32.9,0.0271,NA,"K07741",0.986782133090246,1,FALSE,FALSE,FALSE,FALSE
"K01400",0.0945,0,0.748,-27.2,84.6,0.0228,NA,"K01400",0.986782133090246,1,FALSE,FALSE,FALSE,FALSE
"K18346",0.139,0,0.314,47.5,47.1,0.0713,NA,"K18346",0.954968944099379,1,FALSE,FALSE,FALSE,FALSE
"K09704",0.0796,0,0.795,18.5,71.1,0.0184,NA,"K09704",0.986782133090246,1,FALSE,FALSE,FALSE,FALSE
"K11687",0.0199,0,0.839,-18.4,90.6,0.0144,NA,"K11687",0.986782133090246,1,FALSE,FALSE,FALSE,FALSE
"K24915",0.184,0,0.856,6.59,36.2,0.0129,NA,"K24915",0.986782133090246,1,FALSE,FALSE,FALSE,FALSE
"K13018",0.144,0,0.625,14.9,30.5,0.0346,NA,"K13018",0.981408107284365,1,FALSE,FALSE,FALSE,FALSE
"K18574",0.0149,0,0.39,-99.2,115,0.061,NA,"K18574",0.962578899909829,1,FALSE,FALSE,FALSE,FALSE
"K09776",0.0995,0,0.227,-99.5,82.1,0.0856,NA,"K09776",0.946765498652291,1,FALSE,FALSE,FALSE,FALSE
"K11089",0.0597,0,0.503,-29.6,44.1,0.0475,NA,"K11089",0.975103734439834,1,FALSE,FALSE,FALSE,FALSE
"K13049",0.0995,0,0.289,-43.8,41.2,0.0751,NA,"K13049",0.949408672798949,1,FALSE,FALSE,FALSE,FALSE
"K24700",0.189,0,0.812,-9.99,41.8,0.0169,NA,"K24700",0.986782133090246,1,FALSE,FALSE,FALSE,FALSE
"K09474",0.0597,0,0.484,-34.7,49.5,0.0496,NA,"K09474",0.972832600878945,1,FALSE,FALSE,FALSE,FALSE
"K07502",0.124,0,0.251,113,98.3,0.0813,NA,"K07502",0.946765498652291,1,FALSE,FALSE,FALSE,FALSE
"K06877",0.274,0,0.586,19.3,35.3,0.0387,NA,"K06877",0.981408107284365,1,FALSE,FALSE,FALSE,FALSE
"K09765",0.0299,0,0.00989,-269,103,0.182,NA,"K09765",0.534188034188034,1,FALSE,FALSE,FALSE,FALSE
"K07276",0.0348,0,0.779,39.7,141,0.02,NA,"K06977,K07276,K09065,K12526,K22478,K22881,K23169,K23170",0.986782133090246,1,FALSE,FALSE,FALSE,FALSE
"K06983",0.0249,0,0.306,-107,104,0.0726,NA,"K06983",0.954968944099379,1,FALSE,FALSE,FALSE,FALSE
"K25578",0.0945,0,0.0275,-168,75.6,0.156,NA,"K25578",0.650684931506849,1,FALSE,FALSE,FALSE,FALSE
"K13238",0.0398,0,0.756,34.5,111,0.022,NA,"K13238",0.986782133090246,1,FALSE,FALSE,FALSE,FALSE
"K22770",0.234,0,0.405,-43.8,52.5,0.059,NA,"K22770",0.962578899909829,1,FALSE,FALSE,FALSE,FALSE
"K22769",0.239,0,0.399,-45,53.3,0.0598,NA,"K22769",0.962578899909829,1,FALSE,FALSE,FALSE,FALSE
"K12254",0.254,0,0.467,-43,59,0.0516,NA,"K12254",0.972832600878945,1,FALSE,FALSE,FALSE,FALSE
"K11004",0.0597,0,0.642,18.7,40.1,0.033,NA,"K11004",0.981408107284365,1,FALSE,FALSE,FALSE,FALSE
"K13874",0.0647,0,0.262,-106,93.9,0.0795,NA,"K13874",0.946765498652291,1,FALSE,FALSE,FALSE,FALSE
"K00235",0.0398,0,0.237,-120,101,0.0838,NA,"K00235",0.946765498652291,1,FALSE,FALSE,FALSE,FALSE
"K18300",0.204,0,0.133,-142,94,0.106,NA,"K18300",0.855345911949686,1,FALSE,FALSE,FALSE,FALSE
"K21025",0.104,0,0.859,-14.1,78.9,0.0126,NA,"K21025",0.986782133090246,1,FALSE,FALSE,FALSE,FALSE
"K03785",0.0697,0,0.286,-63.1,58.9,0.0756,NA,"K03785",0.949241924851681,1,FALSE,FALSE,FALSE,FALSE
"K13007",0.179,0,0.776,20.2,70.6,0.0202,NA,"K13007",0.986782133090246,1,FALSE,FALSE,FALSE,FALSE
"K21147",0.179,0,0.588,23.7,43.7,0.0384,NA,"K21147",0.981408107284365,1,FALSE,FALSE,FALSE,FALSE
"K19300",0.0846,0,0.0625,-122,65,0.132,NA,"K19300",0.746428571428572,1,FALSE,FALSE,FALSE,FALSE
"K18844",0.0348,0,0.0749,-125,70.1,0.126,NA,"K18844",0.765848670756646,1,FALSE,FALSE,FALSE,FALSE
"K18145",0.0249,0,0.544,-39.5,64.9,0.0431,NA,"K18145",0.979474252790781,1,FALSE,FALSE,FALSE,FALSE
"K13815",0.0498,0,0.0454,-149,73.9,0.141,NA,"K13815",0.733118971061093,1,FALSE,FALSE,FALSE,FALSE
"K10715",0.0398,0,0.0327,-177,82.5,0.151,NA,"K10715",0.676954732510288,1,FALSE,FALSE,FALSE,FALSE
"K23722",0.0945,0,0.153,-92.2,64.3,0.101,NA,"K23722",0.874717832957111,1,FALSE,FALSE,FALSE,FALSE
"K27862",0.0199,0,0.0018,-226,71.6,0.219,NA,"K27862",0.35,1,FALSE,FALSE,FALSE,FALSE
"K23274",0.114,0,0.377,-44.8,50.6,0.0627,NA,"K23274",0.960264900662252,1,FALSE,FALSE,FALSE,FALSE
"K23275",0.104,0,0.129,-80.4,52.8,0.107,NA,"K23275",0.855345911949686,1,FALSE,FALSE,FALSE,FALSE
"K07512",0.0896,0,0.0106,-105,40.8,0.18,NA,"K07512",0.534188034188034,1,FALSE,FALSE,FALSE,FALSE
"K27079",0.164,0,0.134,-79.1,52.5,0.106,NA,"K27079",0.855345911949686,1,FALSE,FALSE,FALSE,FALSE
"K03759",0.0796,0,0.135,-80.3,53.5,0.106,NA,"K03759",0.855345911949686,1,FALSE,FALSE,FALSE,FALSE
"K27042",0.209,0,0.813,-21.2,89.7,0.0168,NA,"K27042",0.986782133090246,1,FALSE,FALSE,FALSE,FALSE
"K06992",0.194,0,0.21,-76.5,60.9,0.0887,NA,"K06992",0.936663693131133,1,FALSE,FALSE,FALSE,FALSE
"K02688",0.0995,0,0.0868,-92.2,53.6,0.121,NA,"K02688",0.800738007380074,1,FALSE,FALSE,FALSE,FALSE
"K06598",0.199,0,0.168,-139,100,0.0977,NA,"K06598",0.8870116156283,1,FALSE,FALSE,FALSE,FALSE
"K06597",0.0995,0,0.4,-62.3,73.9,0.0597,NA,"K06597",0.962578899909829,1,FALSE,FALSE,FALSE,FALSE
"K12990",0.114,0,0.502,-22.6,33.6,0.0476,NA,"K12990",0.975103734439834,1,FALSE,FALSE,FALSE,FALSE
"K03692",0.0199,0,0.00388,-216,74,0.203,NA,"K03692",0.41171875,1,FALSE,FALSE,FALSE,FALSE
"K18073",0.0398,0,0.023,-145,63.3,0.16,NA,"K18073",0.635359116022099,1,FALSE,FALSE,FALSE,FALSE
"K12686",0.204,0,0.36,45.5,49.5,0.065,NA,"K12686",0.954968944099379,1,FALSE,FALSE,FALSE,FALSE
"K21071",0.179,0,0.424,-53.5,66.9,0.0567,NA,"K21071",0.962578899909829,1,FALSE,FALSE,FALSE,FALSE
"K05020",0.119,0,0.974,1.45,43.9,0.00233,NA,"K05020",0.999589490968801,1,FALSE,FALSE,FALSE,FALSE
"K25232",0.299,0,0.36,62.9,68.5,0.0649,NA,"K25232",0.954968944099379,1,FALSE,FALSE,FALSE,FALSE
"K03793",0.0498,0,0.248,107,92.3,0.0818,NA,"K03793",0.946765498652291,1,FALSE,FALSE,FALSE,FALSE
"K09167",0.338,0,0.118,-72.3,46.1,0.111,NA,"K09167",0.851370851370851,1,FALSE,FALSE,FALSE,FALSE
"K08081",0.0448,0,0.929,8.89,99.8,0.00631,NA,"K08081",0.993589743589744,1,FALSE,FALSE,FALSE,FALSE
"K19594",0.0547,0,0.0291,-169,77,0.154,NA,"K19594,K19595",0.653679653679654,1,FALSE,FALSE,FALSE,FALSE
"K07131",0.109,0,0.646,-27.3,59.4,0.0325,NA,"K07131",0.982658959537572,1,FALSE,FALSE,FALSE,FALSE
"K06945",0.104,0,0.9,-7.16,56.8,0.00893,NA,"K06945",0.992884864165589,1,FALSE,FALSE,FALSE,FALSE
"K12979",0.179,0,0.94,3.56,46.9,0.00537,NA,"K12979",0.993874102239121,1,FALSE,FALSE,FALSE,FALSE
"K09925",0.0448,0,0.267,-51.4,46.1,0.0787,NA,"K09925",0.946765498652291,1,FALSE,FALSE,FALSE,FALSE
"K18240",0.0498,0,0.954,-5.82,100,0.00413,NA,"K18240",0.997296173044925,1,FALSE,FALSE,FALSE,FALSE
"K05841",0.0597,0,0.917,5.79,55.5,0.00739,NA,"K05841",0.992884864165589,1,FALSE,FALSE,FALSE,FALSE
"K20523",0.0697,0,0.583,-41.8,76,0.0389,NA,"K20523",0.981408107284365,1,FALSE,FALSE,FALSE,FALSE
"K15983",0.0498,0,0.827,18.2,83.4,0.0155,NA,"K15983",0.986782133090246,1,FALSE,FALSE,FALSE,FALSE
"K08094",0.159,0,0.0641,73.6,39.6,0.131,NA,"K08094",0.74835886214442,1,FALSE,FALSE,FALSE,FALSE
"K00153",0.0846,0,0.806,29.1,119,0.0174,NA,"K00153",0.986782133090246,1,FALSE,FALSE,FALSE,FALSE
"K13280",0.124,0,0.785,-12.6,46.2,0.0194,NA,"K13280",0.986782133090246,1,FALSE,FALSE,FALSE,FALSE
"K26249",0.114,0,0.921,9.16,92.8,0.007,NA,"K26249",0.992884864165589,1,FALSE,FALSE,FALSE,FALSE
"K16164",0.134,0,0.336,43,44.6,0.0682,NA,"K16164",0.954968944099379,1,FALSE,FALSE,FALSE,FALSE
"K05548",0.348,0,0.188,-49.5,37.5,0.0933,NA,"K05548",0.922473012757606,1,FALSE,FALSE,FALSE,FALSE
"K22553",0.0398,0,0.334,-54.6,56.4,0.0684,NA,"K22553",0.954968944099379,1,FALSE,FALSE,FALSE,FALSE
"K06610",0.0498,0,0.313,55,54.4,0.0715,NA,"K06610",0.954968944099379,1,FALSE,FALSE,FALSE,FALSE
"K20023",0.104,0,0.545,30.9,51,0.0429,NA,"K20023",0.980565371024735,1,FALSE,FALSE,FALSE,FALSE
"K02164",0.169,0,0.00424,132,45.5,0.201,NA,"K02164",0.41171875,1,FALSE,FALSE,FALSE,FALSE
"K16047",0.0547,0,0.873,11.9,74.5,0.0113,NA,"K16047",0.989347234814143,1,FALSE,FALSE,FALSE,FALSE
"K02554",0.0746,0,0.895,-6.3,47.5,0.0094,NA,"K02554",0.992884864165589,1,FALSE,FALSE,FALSE,FALSE
"K04073",0.0746,0,0.802,11.6,46.3,0.0178,NA,"K04073",0.986782133090246,1,FALSE,FALSE,FALSE,FALSE
"K01666",0.184,0,0.345,31.6,33.4,0.0669,NA,"K01666",0.954968944099379,1,FALSE,FALSE,FALSE,FALSE
"K00446",0.174,0,0.469,32,44.1,0.0514,NA,"K00446",0.972832600878945,1,FALSE,FALSE,FALSE,FALSE
"K18833",0.0796,0,0.366,45.2,49.9,0.064,NA,"K18833",0.954968944099379,1,FALSE,FALSE,FALSE,FALSE
"K25676",0.164,0,0.662,23.5,53.7,0.031,NA,"K25676",0.983363042186572,1,FALSE,FALSE,FALSE,FALSE
"K25677",0.164,0,0.662,23.5,53.7,0.031,NA,"K25677",0.983363042186572,1,FALSE,FALSE,FALSE,FALSE
"K25678",0.164,0,0.662,23.5,53.7,0.031,NA,"K25678",0.983363042186572,1,FALSE,FALSE,FALSE,FALSE
"K09814",0.164,0,0.683,-20.1,49,0.029,NA,"K09813,K09814",0.986782133090246,1,FALSE,FALSE,FALSE,FALSE
"K03392",0.104,0,0.383,32.9,37.7,0.0619,NA,"K03392",0.962578899909829,1,FALSE,FALSE,FALSE,FALSE
"K14337",0.0846,0,0.806,29.1,119,0.0174,NA,"K14337",0.986782133090246,1,FALSE,FALSE,FALSE,FALSE
"K00309",0.0746,0,0.018,185,77.6,0.167,NA,"K00309",0.592024539877301,1,FALSE,FALSE,FALSE,FALSE
"K18926",0.244,0,0.599,-36.9,70,0.0373,NA,"K18926",0.981408107284365,1,FALSE,FALSE,FALSE,FALSE
"K00619",0.169,0,0.0831,-183,105,0.123,NA,"K00619",0.793621013133208,1,FALSE,FALSE,FALSE,FALSE
"K05881",0.388,0,0.918,6.01,58.6,0.00727,NA,"K05881",0.992884864165589,1,FALSE,FALSE,FALSE,FALSE
"K07067",0.219,0,0.929,-8.59,95.8,0.00636,NA,"K07067",0.993589743589744,1,FALSE,FALSE,FALSE,FALSE
"K10242",0.0796,0,0.996,0.364,69.4,0.000371,NA,"K10242",0.999799839871897,1,FALSE,FALSE,FALSE,FALSE
"K18198",0.0348,0,0.68,-26.5,64.3,0.0293,NA,"K18198",0.986782133090246,1,FALSE,FALSE,FALSE,FALSE
"K13315",0.0796,0,0.651,-33.1,73.2,0.0321,NA,"K13315",0.982815797407296,1,FALSE,FALSE,FALSE,FALSE
"K18215",0.0597,0,0.819,15.5,67.6,0.0162,NA,"K18215",0.986782133090246,1,FALSE,FALSE,FALSE,FALSE
"K03090",0.174,0,0.378,60.8,68.8,0.0625,NA,"K03090",0.961342828077314,1,FALSE,FALSE,FALSE,FALSE
"K15521",0.139,0,0.852,-14.8,78.9,0.0133,NA,"K15521",0.986782133090246,1,FALSE,FALSE,FALSE,FALSE
"K21345",0.104,0,0.999,-0.0472,50.9,6.58e-05,NA,"K21345",0.999799839871897,1,FALSE,FALSE,FALSE,FALSE
"K02476",0.154,0,0.745,16.1,49.3,0.0231,NA,"K02476",0.986782133090246,1,FALSE,FALSE,FALSE,FALSE
"K04477",0.109,0,0.982,2.03,91.8,0.00157,NA,"K04477",0.999594073472701,1,FALSE,FALSE,FALSE,FALSE
"K16139",0.0348,0,0.384,64.7,74.1,0.0618,NA,"K16139",0.962578899909829,1,FALSE,FALSE,FALSE,FALSE
"K17228",0.239,0,0.677,17.5,42.1,0.0295,NA,"K17228",0.986782133090246,1,FALSE,FALSE,FALSE,FALSE
"K09764",0.199,0,0.283,72.3,67.1,0.0761,NA,"K09764",0.949027498323273,1,FALSE,FALSE,FALSE,FALSE
"K01421",0.239,0,0.865,12.5,73.6,0.0121,NA,"K01421",0.986782133090246,1,FALSE,FALSE,FALSE,FALSE
"K24116",0.313,0,0.0465,60.4,30.1,0.141,NA,"K24116",0.736151603498542,1,FALSE,FALSE,FALSE,FALSE
"K16147",0.343,0,0.281,-54.1,50,0.0765,NA,"K16147",0.946765498652291,1,FALSE,FALSE,FALSE,FALSE
"K16146",0.114,0,0.0294,-199,90.6,0.154,NA,"K16146",0.653679653679654,1,FALSE,FALSE,FALSE,FALSE
"K05549",0.274,0,0.353,39.9,42.8,0.0659,NA,"K05549,K05550,K05784",0.954968944099379,1,FALSE,FALSE,FALSE,FALSE
"K05783",0.289,0,0.638,18.7,39.8,0.0333,NA,"K05783",0.981408107284365,1,FALSE,FALSE,FALSE,FALSE
"K03464",0.308,0,0.384,-36.9,42.3,0.0618,NA,"K03464",0.962578899909829,1,FALSE,FALSE,FALSE,FALSE
"K16163",0.109,0,0.16,89.4,63.4,0.0995,NA,"K16163",0.882028665931643,1,FALSE,FALSE,FALSE,FALSE
"K12554",0.0299,0,0.152,114,79.1,0.101,NA,"K12554",0.874717832957111,1,FALSE,FALSE,FALSE,FALSE
"K14956",0.259,0,0.22,-114,92.6,0.0869,NA,"K14956",0.941226575809199,1,FALSE,FALSE,FALSE,FALSE
"K10843",0.159,0,0.256,-131,115,0.0806,NA,"K10843",0.946765498652291,1,FALSE,FALSE,FALSE,FALSE
"K06605",0.164,0,0.374,32.9,36.9,0.0631,NA,"K06605",0.958482829318298,1,FALSE,FALSE,FALSE,FALSE
"K06609",0.169,0,0.563,24.7,42.6,0.0411,NA,"K06609",0.981408107284365,1,FALSE,FALSE,FALSE,FALSE
"K25365",0.109,0,0.917,9.53,91.7,0.00737,NA,"K25365",0.992884864165589,1,FALSE,FALSE,FALSE,FALSE
"K18887",0.254,0,0.763,25.6,84.7,0.0214,NA,"K18887",0.986782133090246,1,FALSE,FALSE,FALSE,FALSE
"K18888",0.254,0,0.763,25.6,84.7,0.0214,NA,"K18888",0.986782133090246,1,FALSE,FALSE,FALSE,FALSE
"K21687",0.0796,0,0.343,-72.6,76.4,0.0672,NA,"K21687",0.954968944099379,1,FALSE,FALSE,FALSE,FALSE
"K14520",0.0149,0,0.112,135,84.5,0.112,NA,"K14520",0.838323353293413,1,FALSE,FALSE,FALSE,FALSE
"K08368",0.159,0,0.223,48.4,39.6,0.0863,NA,"K08368",0.942519019442096,1,FALSE,FALSE,FALSE,FALSE
"K22894",0.104,0,0.599,24.2,45.9,0.0373,NA,"K22894",0.981408107284365,1,FALSE,FALSE,FALSE,FALSE
"K12583",0.0846,0,0.111,101,63.4,0.113,NA,"K12583",0.83710407239819,1,FALSE,FALSE,FALSE,FALSE
"K28762",0.368,0,0.817,-12.1,52.1,0.0164,NA,"K28762",0.986782133090246,1,FALSE,FALSE,FALSE,FALSE
"K09009",0.159,0,0.316,-91.7,91.2,0.0711,NA,"K09009",0.954968944099379,1,FALSE,FALSE,FALSE,FALSE
"K20469",0.194,0,0.998,-0.212,99.1,0.000151,NA,"K20469",0.999799839871897,1,FALSE,FALSE,FALSE,FALSE
"K18455",0.104,0,0.648,-44.5,97.4,0.0324,NA,"K18455",0.982711555959964,1,FALSE,FALSE,FALSE,FALSE
"K21688",0.169,0,0.9,-10.9,86.4,0.00895,NA,"K21688",0.992884864165589,1,FALSE,FALSE,FALSE,FALSE
"K23842",0.129,0,0.465,-81.9,112,0.0518,NA,"K10005,K10008,K23842",0.972832600878945,1,FALSE,FALSE,FALSE,FALSE
"K27095",0.124,0,0.0958,-162,97.1,0.118,NA,"K27095",0.808130081300813,1,FALSE,FALSE,FALSE,FALSE
"K02478",0.0995,0,0.853,16.1,86.7,0.0132,NA,"K02478",0.986782133090246,1,FALSE,FALSE,FALSE,FALSE
"K11410",0.159,0,0.87,-14.5,88.3,0.0116,NA,"K11410",0.988861104796545,1,FALSE,FALSE,FALSE,FALSE
"K18290",0.149,0,0.415,59.3,72.6,0.0578,NA,"K18290",0.962578899909829,1,FALSE,FALSE,FALSE,FALSE
"K23555",0.114,0,0.48,-66.4,93.9,0.0501,NA,"K23555",0.972832600878945,1,FALSE,FALSE,FALSE,FALSE
"K06976",0.149,0,0.31,81,79.5,0.072,NA,"K06976",0.954968944099379,1,FALSE,FALSE,FALSE,FALSE
"K06117",0.149,0,0.0123,-253,100,0.176,NA,"K06117",0.534188034188034,1,FALSE,FALSE,FALSE,FALSE
"K04074",0.264,0,0.361,-95.6,104,0.0648,NA,"K04074",0.954968944099379,1,FALSE,FALSE,FALSE,FALSE
"K16014",0.0796,0,0.458,-63.4,85.4,0.0526,NA,"K16014",0.972832600878945,1,FALSE,FALSE,FALSE,FALSE
"K07586",0.179,0,0.000984,211,63.1,0.231,NA,"K07586",0.3075,1,FALSE,FALSE,FALSE,FALSE
"K01239",0.0896,0,0.225,-106,87.5,0.0859,NA,"K01239",0.946765498652291,1,FALSE,FALSE,FALSE,FALSE
"K17883",0.0199,0,0.997,-0.303,87.2,0.000246,NA,"K17883",0.999799839871897,1,FALSE,FALSE,FALSE,FALSE
"K22010",0.189,0,0.257,-75.7,66.6,0.0804,NA,"K22010",0.946765498652291,1,FALSE,FALSE,FALSE,FALSE
"K22213",0.0647,0,0.616,28.3,56.4,0.0356,NA,"K22213",0.981408107284365,1,FALSE,FALSE,FALSE,FALSE
"K04104",0.0796,0,0.469,-71.6,98.8,0.0513,NA,"K04104",0.972832600878945,1,FALSE,FALSE,FALSE,FALSE
"K28614",0.0796,0,0.98,-1.15,46.9,0.00174,NA,"K28614",0.999594073472701,1,FALSE,FALSE,FALSE,FALSE
"K18701",0.0348,0,0.209,91.3,72.4,0.0891,NA,"K18701",0.936379928315412,1,FALSE,FALSE,FALSE,FALSE
"K03429",0.134,0,0.835,14.7,70.2,0.0148,NA,"K03429",0.986782133090246,1,FALSE,FALSE,FALSE,FALSE
"K28682",0.129,0,0.0133,89.1,35.7,0.174,NA,"K28682",0.554166666666667,1,FALSE,FALSE,FALSE,FALSE
"K27501",0.224,0,0.0692,61.7,33.8,0.128,NA,"K27501",0.748380129589633,1,FALSE,FALSE,FALSE,FALSE
"K28683",0.0746,0,0.398,43.6,51.6,0.0599,NA,"K28683",0.962578899909829,1,FALSE,FALSE,FALSE,FALSE
"K28684",0.0597,0,0.0456,134,66.7,0.141,NA,"K28684",0.733118971061093,1,FALSE,FALSE,FALSE,FALSE
"K01466",0.264,0,0.335,47.5,49.2,0.0684,NA,"K01466",0.954968944099379,1,FALSE,FALSE,FALSE,FALSE
"K00365",0.114,0,0.179,105,77.9,0.0952,NA,"K00365",0.912334352701325,1,FALSE,FALSE,FALSE,FALSE
"K12528",0.124,0,0.879,8.88,58.1,0.0108,NA,"K12528",0.991204330175913,1,FALSE,FALSE,FALSE,FALSE
"K19190",0.0697,0,0.462,57.2,77.7,0.0522,NA,"K19190",0.972832600878945,1,FALSE,FALSE,FALSE,FALSE
"K06413",0.239,0,0.64,19.9,42.4,0.0332,NA,"K06413",0.981408107284365,1,FALSE,FALSE,FALSE,FALSE
"K07155",0.0697,0,0.784,-16.2,59.1,0.0194,NA,"K07155",0.986782133090246,1,FALSE,FALSE,FALSE,FALSE
"K20902",0.159,0,0.67,-25.8,60.5,0.0303,NA,"K20902",0.986164262584634,1,FALSE,FALSE,FALSE,FALSE
"K06324",0.0448,0,0.788,15.8,58.6,0.0191,NA,"K06324",0.986782133090246,1,FALSE,FALSE,FALSE,FALSE
"K26749",0.0547,0,0.387,-51.2,59,0.0614,NA,"K26749",0.962578899909829,1,FALSE,FALSE,FALSE,FALSE
"K22270",0.139,0,0.887,5.91,41.4,0.0101,NA,"K22270",0.992836355495858,1,FALSE,FALSE,FALSE,FALSE
"K16148",0.129,0,0.68,-24.2,58.6,0.0293,NA,"K16148",0.986782133090246,1,FALSE,FALSE,FALSE,FALSE
"K15526",0.0995,0,0.642,-36,77.3,0.033,NA,"K15526",0.981408107284365,1,FALSE,FALSE,FALSE,FALSE
"K07442",0.129,0,0.254,-103,90.2,0.0808,NA,"K03727,K07442,K13572,K13573",0.946765498652291,1,FALSE,FALSE,FALSE,FALSE
"K13527",0.0945,0,0.916,-8.81,83.3,0.0075,NA,"K03432,K03433,K13527,K13570,K13571,K20814",0.992884864165589,1,FALSE,FALSE,FALSE,FALSE
"K24033",0.0746,0,0.717,31.7,87.4,0.0257,NA,"K24033",0.986782133090246,1,FALSE,FALSE,FALSE,FALSE
"K25144",0.0647,0,0.627,31.8,65.4,0.0345,NA,"K25142,K25144",0.981408107284365,1,FALSE,FALSE,FALSE,FALSE
"K07695",0.0846,0,0.367,-60.8,67.2,0.064,NA,"K07695",0.954968944099379,1,FALSE,FALSE,FALSE,FALSE
"K07682",0.104,0,0.733,-21.7,63.5,0.0242,NA,"K07682",0.986782133090246,1,FALSE,FALSE,FALSE,FALSE
"K12952",0.0398,0,0.202,-70,54.7,0.0903,NA,"K12952",0.932126696832579,1,FALSE,FALSE,FALSE,FALSE
"K24131",0.264,0,0.326,53,53.9,0.0696,NA,"K24131",0.954968944099379,1,FALSE,FALSE,FALSE,FALSE
"K23393",0.114,0,0.901,8.88,71.5,0.00881,NA,"K07009,K23393",0.992884864165589,1,FALSE,FALSE,FALSE,FALSE
"K27681",0.104,0,0.937,7.32,92.3,0.00562,NA,"K27681",0.993854630218267,1,FALSE,FALSE,FALSE,FALSE
"K18917",0.229,0,0.519,-33.8,52.3,0.0458,NA,"K18917",0.975791433891993,1,FALSE,FALSE,FALSE,FALSE
"K11358",0.0398,0,0.127,95,61.9,0.108,NA,"K11358",0.855345911949686,1,FALSE,FALSE,FALSE,FALSE
"K24120",0.124,0,0.115,-145,91.8,0.111,NA,"K24120",0.849335302806499,1,FALSE,FALSE,FALSE,FALSE
"K07030",0.224,0,0.652,44.4,98.2,0.032,NA,"K01926,K07030",0.982815797407296,1,FALSE,FALSE,FALSE,FALSE
"K03296",0.254,0,0.7,-44.8,116,0.0274,NA,"K03296",0.986782133090246,1,FALSE,FALSE,FALSE,FALSE
"K16649",0.129,0,0.353,70.3,75.4,0.0659,NA,"K16649",0.954968944099379,1,FALSE,FALSE,FALSE,FALSE
"K02074",0.154,0,0.66,-18.1,41.2,0.0312,NA,"K02074",0.983363042186572,1,FALSE,FALSE,FALSE,FALSE
"K23987",0.0746,0,0.813,12.8,53.8,0.0168,NA,"K23987",0.986782133090246,1,FALSE,FALSE,FALSE,FALSE
"K16650",0.104,0,0.672,32.9,77.5,0.0301,NA,"K16650",0.986204872321691,1,FALSE,FALSE,FALSE,FALSE
"K08372",0.124,0,0.508,64.7,97.5,0.047,NA,"K08372",0.975103734439834,1,FALSE,FALSE,FALSE,FALSE
"K09118",0.139,0,0.135,-166,110,0.106,NA,"K09118",0.855345911949686,1,FALSE,FALSE,FALSE,FALSE
"K06979",0.189,0,0.634,-24.3,50.9,0.0338,NA,"K06979",0.981408107284365,1,FALSE,FALSE,FALSE,FALSE
"K00231",0.254,0,0.324,-70.8,71.6,0.0699,NA,"K00231",0.954968944099379,1,FALSE,FALSE,FALSE,FALSE
"K07319",0.114,0,0.715,-23.4,64,0.0259,NA,"K07319",0.986782133090246,1,FALSE,FALSE,FALSE,FALSE
"K10006",0.139,0,0.562,-46.4,79.7,0.0412,NA,"K10006",0.981408107284365,1,FALSE,FALSE,FALSE,FALSE
"K10007",0.139,0,0.22,-94.2,76.5,0.0869,NA,"K10007",0.941226575809199,1,FALSE,FALSE,FALSE,FALSE
"K01858",0.149,0,0.879,-7.5,49.2,0.0108,NA,"K01858",0.991204330175913,1,FALSE,FALSE,FALSE,FALSE
"K00392",0.114,0,0.188,107,80.6,0.0933,NA,"K00392",0.922473012757606,1,FALSE,FALSE,FALSE,FALSE
"K21401",0.0995,0,0.995,0.685,108,0.000449,NA,"K21401",0.999799839871897,1,FALSE,FALSE,FALSE,FALSE
"K25149",0.104,0,0.271,44.7,40.5,0.078,NA,"K25149",0.946765498652291,1,FALSE,FALSE,FALSE,FALSE
"K25150",0.104,0,0.271,44.7,40.5,0.078,NA,"K25150",0.946765498652291,1,FALSE,FALSE,FALSE,FALSE
"K25588",0.0945,0,0.624,28.4,57.9,0.0348,NA,"K25588",0.981408107284365,1,FALSE,FALSE,FALSE,FALSE
"K01005",0.239,0,0.678,-25.3,60.8,0.0295,NA,"K01005",0.986782133090246,1,FALSE,FALSE,FALSE,FALSE
"K18230",0.0796,0,0.155,90.3,63.3,0.101,NA,"K18230",0.874717832957111,1,FALSE,FALSE,FALSE,FALSE
"K11602",0.0448,0,0.205,74.5,58.6,0.0898,NA,"K11602",0.932126696832579,1,FALSE,FALSE,FALSE,FALSE
"K11601",0.0448,0,0.205,74.5,58.6,0.0898,NA,"K11601",0.932126696832579,1,FALSE,FALSE,FALSE,FALSE
"K02497",0.239,0,0.643,38.6,83.1,0.0329,NA,"K02497",0.981408107284365,1,FALSE,FALSE,FALSE,FALSE
"K14519",0.104,0,0.105,102,62.7,0.115,NA,"K14519",0.826771653543307,1,FALSE,FALSE,FALSE,FALSE
"K04768",0.199,0,0.768,27.1,91.8,0.0209,NA,"K04768",0.986782133090246,1,FALSE,FALSE,FALSE,FALSE
"K00008",0.0746,0,0.519,-30.8,47.6,0.0458,NA,"K00008",0.975791433891993,1,FALSE,FALSE,FALSE,FALSE
"K25064",0.0498,0,0.0915,129,76.2,0.119,NA,"K25062,K25063,K25064",0.808130081300813,1,FALSE,FALSE,FALSE,FALSE
"K00594",0.109,0,0.576,32.6,58.2,0.0397,NA,"K00594",0.981408107284365,1,FALSE,FALSE,FALSE,FALSE
"K17755",0.0348,0,0.0709,133,73.5,0.128,NA,"K17755",0.751059322033898,1,FALSE,FALSE,FALSE,FALSE
"K28029",0.234,0,0.0426,83.9,41.1,0.143,NA,"K28029",0.724489795918367,1,FALSE,FALSE,FALSE,FALSE
"K16927",0.0697,0,0.000898,223,66.1,0.232,NA,"K16927",0.3075,1,FALSE,FALSE,FALSE,FALSE
"K22336",0.0647,0,0.0636,114,60.9,0.131,NA,"K22336",0.74835886214442,1,FALSE,FALSE,FALSE,FALSE
"K19311",0.0398,0,0.894,8.6,64.6,0.00943,NA,"K19311",0.992884864165589,1,FALSE,FALSE,FALSE,FALSE
"K13950",0.0896,0,0.659,35.1,79.4,0.0313,NA,"K13950",0.983363042186572,1,FALSE,FALSE,FALSE,FALSE
"K01218",0.0398,0,0.693,20.3,51.4,0.028,NA,"K01218",0.986782133090246,1,FALSE,FALSE,FALSE,FALSE
"K16925",0.224,0,0.37,-63.3,70.4,0.0636,NA,"K16925",0.955578512396694,1,FALSE,FALSE,FALSE,FALSE
"K07228",0.229,0,0.203,-101,79.1,0.0902,NA,"K07228",0.932126696832579,1,FALSE,FALSE,FALSE,FALSE
"K26732",0.229,0,0.203,-101,79.1,0.0902,NA,"K26732",0.932126696832579,1,FALSE,FALSE,FALSE,FALSE
"K25286",0.234,0,0.618,18.9,37.9,0.0353,NA,"K25286",0.981408107284365,1,FALSE,FALSE,FALSE,FALSE
"K22107",0.0896,0,0.972,-3.23,91.4,0.0025,NA,"K22107",0.999589069241833,1,FALSE,FALSE,FALSE,FALSE
"K02798",0.194,0,0.512,42.7,65.1,0.0465,NA,"K02798",0.975103734439834,1,FALSE,FALSE,FALSE,FALSE
"K13892",0.104,0,0.96,3.37,67.2,0.00356,NA,"K13892",0.997713573061734,1,FALSE,FALSE,FALSE,FALSE
"K16515",0.0498,0,0.867,7.78,46.4,0.0119,NA,"K16515",0.987021857923497,1,FALSE,FALSE,FALSE,FALSE
"K11947",0.0697,0,0.777,-17.1,60.3,0.0201,NA,"K11947",0.986782133090246,1,FALSE,FALSE,FALSE,FALSE
"K26740",0.0299,0,0.726,-22.9,65.3,0.0249,NA,"K26740",0.986782133090246,1,FALSE,FALSE,FALSE,FALSE
"K21600",0.264,0,0.634,36.6,76.8,0.0337,NA,"K21600",0.981408107284365,1,FALSE,FALSE,FALSE,FALSE
"K22844",0.0697,0,0.215,-72,57.9,0.0878,NA,"K22844",0.93804537521815,1,FALSE,FALSE,FALSE,FALSE
"K05880",0.0498,0,0.424,97,121,0.0567,NA,"K05880",0.962578899909829,1,FALSE,FALSE,FALSE,FALSE
"K07495",0.0348,0,0.199,62.2,48.2,0.0911,NA,"K07495",0.932126696832579,1,FALSE,FALSE,FALSE,FALSE
"K21344",0.229,0,0.36,-57.4,62.6,0.0648,NA,"K21344",0.954968944099379,1,FALSE,FALSE,FALSE,FALSE
"K11021",0.0896,0,0.663,-18,41.2,0.031,NA,"K11021",0.983679525222552,1,FALSE,FALSE,FALSE,FALSE
"K15852",0.0448,0,0.497,101,148,0.0481,NA,"K15852,K18927,K19213,K20801",0.975103734439834,1,FALSE,FALSE,FALSE,FALSE
"K11023",0.0299,0,0.172,-113,82.3,0.0968,NA,"K11023",0.893970893970894,1,FALSE,FALSE,FALSE,FALSE
"K12531",0.0149,0,0.795,18.4,70.7,0.0185,NA,"K12531",0.986782133090246,1,FALSE,FALSE,FALSE,FALSE
"K16872",0.239,0,0.608,37.8,73.6,0.0364,NA,"K16872",0.981408107284365,1,FALSE,FALSE,FALSE,FALSE
"K14056",0.0796,0,0.818,19.2,83.4,0.0163,NA,"K14056",0.986782133090246,1,FALSE,FALSE,FALSE,FALSE
"K00316",0.0697,0,0.965,-2.57,58.9,0.0031,NA,"K00316",0.99876058665565,1,FALSE,FALSE,FALSE,FALSE
"K28380",0.0149,0,0.235,110,92.3,0.0842,NA,"K28380",0.946765498652291,1,FALSE,FALSE,FALSE,FALSE
"K06282",0.0697,0,0.767,-20.4,68.9,0.021,NA,"K03605,K06282",0.986782133090246,1,FALSE,FALSE,FALSE,FALSE
"K06281",0.0547,0,0.39,82.2,95.4,0.0609,NA,"K06281",0.962578899909829,1,FALSE,FALSE,FALSE,FALSE
"K12143",0.0299,0,0.546,44.6,73.7,0.0429,NA,"K12143",0.980565371024735,1,FALSE,FALSE,FALSE,FALSE
"K12138",0.0348,0,0.779,25.2,89.7,0.0199,NA,"K12136,K12138",0.986782133090246,1,FALSE,FALSE,FALSE,FALSE
"K12137",0.0647,0,0.974,-2.03,62.1,0.00232,NA,"K12137",0.999589490968801,1,FALSE,FALSE,FALSE,FALSE
"K19659",0.0299,0,0.41,84.4,102,0.0584,NA,"K19659,K22954",0.962578899909829,1,FALSE,FALSE,FALSE,FALSE
"K19113",0.139,0,0.761,-19.6,64.3,0.0216,NA,"K19113",0.986782133090246,1,FALSE,FALSE,FALSE,FALSE
"K12678",0.0547,0,0.507,45.4,68.2,0.0471,NA,"K12678",0.975103734439834,1,FALSE,FALSE,FALSE,FALSE
"K12527",0.0249,0,0.967,-4.14,99.7,0.00295,NA,"K12527",0.99876058665565,1,FALSE,FALSE,FALSE,FALSE
"K12529",0.0199,0,0.78,-32.3,115,0.0198,NA,"K12529",0.986782133090246,1,FALSE,FALSE,FALSE,FALSE
"K00087",0.0746,0,0.41,-62.4,75.6,0.0584,NA,"K00087",0.962578899909829,1,FALSE,FALSE,FALSE,FALSE
"K13479",0.0796,0,0.212,-88.7,70.9,0.0884,NA,"K13479",0.93804537521815,1,FALSE,FALSE,FALSE,FALSE
"K10952",0.0299,0,0.809,-15.4,63.7,0.0171,NA,"K10952",0.986782133090246,1,FALSE,FALSE,FALSE,FALSE
"K04018",0.0398,0,0.19,137,104,0.0928,NA,"K04018",0.925925925925926,1,FALSE,FALSE,FALSE,FALSE
"K20755",0.0398,0,0.808,-19.9,82,0.0172,NA,"K20755",0.986782133090246,1,FALSE,FALSE,FALSE,FALSE
"K07078",0.169,0,0.0125,146,57.9,0.176,NA,"K07078",0.534188034188034,1,FALSE,FALSE,FALSE,FALSE
"K06926",0.0647,0,0.985,0.639,34.3,0.00132,NA,"K06926",0.999594073472701,1,FALSE,FALSE,FALSE,FALSE
"K18367",0.0995,0,0.921,6.82,69,0.00701,NA,"K18367",0.992884864165589,1,FALSE,FALSE,FALSE,FALSE
"K02598",0.104,0,0.74,23.3,70.1,0.0236,NA,"K02598",0.986782133090246,1,FALSE,FALSE,FALSE,FALSE
"K02464",0.0299,0,0.964,2.44,53.7,0.00322,NA,"K02464",0.998756734355574,1,FALSE,FALSE,FALSE,FALSE
"K08659",0.0348,0,0.161,-81.9,58.2,0.0992,NA,"K08659",0.88235294117647,1,FALSE,FALSE,FALSE,FALSE
"K03757",0.0348,0,0.743,26.3,79.9,0.0233,NA,"K03757",0.986782133090246,1,FALSE,FALSE,FALSE,FALSE
"K00385",0.0149,0,0.673,-51.7,122,0.0299,NA,"K00385,K16346,K16950,K16951",0.986782133090246,1,FALSE,FALSE,FALSE,FALSE
"K11921",0.289,0,0.14,-62.6,42.2,0.105,NA,"K11921",0.866336633663366,1,FALSE,FALSE,FALSE,FALSE
"K13480",0.0199,0,0.285,-113,106,0.0757,NA,"K13480",0.949241924851681,1,FALSE,FALSE,FALSE,FALSE
"K10906",0.0149,0,0.964,-3.5,76.5,0.00324,NA,"K10906",0.998756734355574,1,FALSE,FALSE,FALSE,FALSE
"K06900",0.0249,0,0.934,-5.52,66.4,0.0059,NA,"K06900,K25555",0.993854630218267,1,FALSE,FALSE,FALSE,FALSE
"K03223",0.0846,0,0.425,-42.9,53.7,0.0566,NA,"K03223",0.962578899909829,1,FALSE,FALSE,FALSE,FALSE
"K04054",0.0448,0,0.512,-36.8,56.1,0.0465,NA,"K04054",0.975103734439834,1,FALSE,FALSE,FALSE,FALSE
"K04052",0.0199,0,0.712,36.5,98.5,0.0262,NA,"K04049,K04050,K04051,K04052,K04057,K23476",0.986782133090246,1,FALSE,FALSE,FALSE,FALSE
"K03221",0.0448,0,0.293,60.2,57.1,0.0745,NA,"K03221",0.952380952380952,1,FALSE,FALSE,FALSE,FALSE
"K04060",0.0348,0,0.831,-13,60.7,0.0152,NA,"K04060",0.986782133090246,1,FALSE,FALSE,FALSE,FALSE
"K04059",0.0199,0,0.712,36.5,98.5,0.0262,NA,"K04059",0.986782133090246,1,FALSE,FALSE,FALSE,FALSE
"K04056",0.0498,0,0.838,-11.4,55.7,0.0146,NA,"K04056",0.986782133090246,1,FALSE,FALSE,FALSE,FALSE
"K03225",0.109,0,0.938,3.61,46,0.00556,NA,"K03225",0.993854630218267,1,FALSE,FALSE,FALSE,FALSE
"K02769",0.0348,0,0.917,-7.17,68.4,0.00744,NA,"K02769",0.992884864165589,1,FALSE,FALSE,FALSE,FALSE
"K21965",0.119,0,0.917,-4.6,44.1,0.00739,NA,"K21965",0.992884864165589,1,FALSE,FALSE,FALSE,FALSE
"K09945",0.279,0,0.306,-50.8,49.5,0.0726,NA,"K09945",0.954968944099379,1,FALSE,FALSE,FALSE,FALSE
"K07812",0.0597,0,0.402,65,77.3,0.0595,NA,"K07812",0.962578899909829,1,FALSE,FALSE,FALSE,FALSE
"K16636",0.0149,0,0.285,97.9,91.3,0.0758,NA,"K16636",0.949241924851681,1,FALSE,FALSE,FALSE,FALSE
"K28187",0.0796,0,0.508,26.2,39.5,0.047,NA,"K28187",0.975103734439834,1,FALSE,FALSE,FALSE,FALSE
"K07505",0.0299,0,0.463,-41.8,56.7,0.0521,NA,"K07505",0.972832600878945,1,FALSE,FALSE,FALSE,FALSE
"K05873",0.0846,0,0.95,4.05,64.1,0.00447,NA,"K05873",0.996642887117079,1,FALSE,FALSE,FALSE,FALSE
"K16923",0.104,0,0.234,-68.1,57.1,0.0842,NA,"K16923",0.946765498652291,1,FALSE,FALSE,FALSE,FALSE
"K16638",0.0249,0,0.633,31.4,65.7,0.0339,NA,"K16638",0.981408107284365,1,FALSE,FALSE,FALSE,FALSE
"K23876",0.0149,0,0.331,-102,104,0.069,NA,"K23876",0.954968944099379,1,FALSE,FALSE,FALSE,FALSE
"K20431",0.0149,0,0.481,-60.4,85.6,0.05,NA,"K20431",0.972832600878945,1,FALSE,FALSE,FALSE,FALSE
"K09137",0.0945,0,0.224,-61.8,50.7,0.0861,NA,"K09137",0.945945945945946,1,FALSE,FALSE,FALSE,FALSE
"K24285",0.0149,0,0.234,-74.4,62.3,0.0843,NA,"K24285",0.946765498652291,1,FALSE,FALSE,FALSE,FALSE
"K03410",0.159,0,0.969,1.56,40.5,0.00272,NA,"K03410",0.998969072164948,1,FALSE,FALSE,FALSE,FALSE
"K18365",0.0448,0,0.487,-61.1,87.8,0.0493,NA,"K18365",0.972832600878945,1,FALSE,FALSE,FALSE,FALSE
"K18366",0.0448,0,0.487,-61.1,87.8,0.0493,NA,"K18366",0.972832600878945,1,FALSE,FALSE,FALSE,FALSE
"K01617",0.0697,0,0.712,-17.6,47.7,0.0262,NA,"K01617",0.986782133090246,1,FALSE,FALSE,FALSE,FALSE
"K18364",0.0547,0,0.977,1.92,67.2,0.00202,NA,"K18364",0.999594073472701,1,FALSE,FALSE,FALSE,FALSE
"K10217",0.0597,0,0.466,34.9,47.7,0.0518,NA,"K10217",0.972832600878945,1,FALSE,FALSE,FALSE,FALSE
"K16242",0.0149,0,0.546,-62.9,104,0.0429,NA,"K16242",0.980565371024735,1,FALSE,FALSE,FALSE,FALSE
"K05713",0.0299,0,0.527,-42.9,67.6,0.0449,NA,"K05713",0.976418570375829,1,FALSE,FALSE,FALSE,FALSE
"K05714",0.0249,0,0.552,-45.3,76.2,0.0422,NA,"K05714",0.980565371024735,1,FALSE,FALSE,FALSE,FALSE
"K22450",0.0398,0,0.966,-3.51,83.2,0.00299,NA,"K22450",0.99876058665565,1,FALSE,FALSE,FALSE,FALSE
"K03465",0.0299,0,0.332,-63.8,65.6,0.0688,NA,"K03465",0.954968944099379,1,FALSE,FALSE,FALSE,FALSE
"K07536",0.0249,0,0.439,-51.5,66.5,0.0549,NA,"K07536",0.96952296819788,1,FALSE,FALSE,FALSE,FALSE
"K04117",0.0299,0,0.915,6.94,64.9,0.00758,NA,"K04117",0.992884864165589,1,FALSE,FALSE,FALSE,FALSE
"K04116",0.0299,0,0.926,5.63,60.7,0.00658,NA,"K04116",0.993562231759657,1,FALSE,FALSE,FALSE,FALSE
"K16880",0.0299,0,0.188,101,76.7,0.0933,NA,"K16876,K16877,K16880",0.922473012757606,1,FALSE,FALSE,FALSE,FALSE
"K16879",0.0199,0,0.154,130,90.9,0.101,NA,"K16879",0.874717832957111,1,FALSE,FALSE,FALSE,FALSE
"K18067",0.0149,0,0.736,29,86.1,0.0239,NA,"K18067",0.986782133090246,1,FALSE,FALSE,FALSE,FALSE
"K18068",0.0348,0,0.638,-24.6,52.1,0.0334,NA,"K18068",0.981408107284365,1,FALSE,FALSE,FALSE,FALSE
"K01086",0.0448,0,0.536,-63.1,102,0.0439,NA,"K01086",0.97676107480029,1,FALSE,FALSE,FALSE,FALSE
"K19640",0.0498,0,0.637,32.9,69.6,0.0335,NA,"K19640",0.981408107284365,1,FALSE,FALSE,FALSE,FALSE
"K03620",0.0149,0,0.425,78.4,98.2,0.0565,NA,"K03620",0.962578899909829,1,FALSE,FALSE,FALSE,FALSE
"K00150",0.119,0,0.748,32.4,101,0.0228,NA,"K00150",0.986782133090246,1,FALSE,FALSE,FALSE,FALSE
"K13002",0.0348,0,0.215,65.2,52.4,0.0879,NA,"K13002",0.93804537521815,1,FALSE,FALSE,FALSE,FALSE
"K01787",0.0199,0,0.603,-34.6,66.4,0.0369,NA,"K01787",0.981408107284365,1,FALSE,FALSE,FALSE,FALSE
"K02347",0.119,0,0.798,-19.6,76.3,0.0182,NA,"K02347",0.986782133090246,1,FALSE,FALSE,FALSE,FALSE
"K03333",0.199,0,0.0784,60,33.9,0.124,NA,"K03333",0.786,1,FALSE,FALSE,FALSE,FALSE
"K21196",0.104,0,0.443,-46.7,60.7,0.0544,NA,"K21196",0.97027972027972,1,FALSE,FALSE,FALSE,FALSE
"K17069",0.0199,0,0.981,-2.22,91.7,0.00171,NA,"K17069",0.999594073472701,1,FALSE,FALSE,FALSE,FALSE
"K18285",0.0299,0,0.769,39.4,134,0.0208,NA,"K18285",0.986782133090246,1,FALSE,FALSE,FALSE,FALSE
"K08166",0.0896,0,0.337,-48.8,50.7,0.0681,NA,"K08166",0.954968944099379,1,FALSE,FALSE,FALSE,FALSE
"K19225",0.0896,0,0.59,59.5,110,0.0383,NA,"K19225",0.981408107284365,1,FALSE,FALSE,FALSE,FALSE
"K19166",0.154,0,0.359,31.9,34.6,0.0651,NA,"K19166",0.954968944099379,1,FALSE,FALSE,FALSE,FALSE
"K27493",0.0199,0,0.0693,183,100,0.128,NA,"K27493",0.748380129589633,1,FALSE,FALSE,FALSE,FALSE
"K21003",0.0199,0,0.92,-7.85,78.5,0.00709,NA,"K21003",0.992884864165589,1,FALSE,FALSE,FALSE,FALSE
"K21739",0.0299,0,0.887,9.38,66,0.0101,NA,"K21739",0.992836355495858,1,FALSE,FALSE,FALSE,FALSE
"K11784",0.0299,0,0.769,39.4,134,0.0208,NA,"K11784",0.986782133090246,1,FALSE,FALSE,FALSE,FALSE
"K11622",0.129,0,0.495,87.3,128,0.0484,NA,"K00887,K11622",0.975103734439834,1,FALSE,FALSE,FALSE,FALSE
"K01771",0.0846,0,0.648,-21.2,46.3,0.0324,NA,"K01771",0.982711555959964,1,FALSE,FALSE,FALSE,FALSE
"K06888",0.144,0,0.151,-75.1,52.1,0.102,NA,"K06888",0.873842592592593,1,FALSE,FALSE,FALSE,FALSE
"K16213",0.0199,0,0.833,-17.1,80.7,0.015,NA,"K16212,K16213",0.986782133090246,1,FALSE,FALSE,FALSE,FALSE
"K26997",0.0149,0,0.571,52.9,93.3,0.0402,NA,"K26997",0.981408107284365,1,FALSE,FALSE,FALSE,FALSE
"K05593",0.0398,0,0.735,-30.3,89.5,0.024,NA,"K05593",0.986782133090246,1,FALSE,FALSE,FALSE,FALSE
"K09384",0.0597,0,0.0684,-66.7,36.4,0.129,NA,"K09384",0.74835886214442,1,FALSE,FALSE,FALSE,FALSE
"K25767",0.0199,0,0.382,-62.8,71.7,0.062,NA,"K25767",0.962578899909829,1,FALSE,FALSE,FALSE,FALSE
"K05979",0.164,0,0.206,61.1,48.2,0.0895,NA,"K05979",0.932126696832579,1,FALSE,FALSE,FALSE,FALSE
"K06921",0.0299,0,0.215,64.3,51.7,0.0878,NA,"K06921",0.93804537521815,1,FALSE,FALSE,FALSE,FALSE
"K24126",0.0498,0,0.551,-54.7,91.5,0.0423,NA,"K24126",0.980565371024735,1,FALSE,FALSE,FALSE,FALSE
"K04756",0.0448,0,0.464,-81.8,111,0.052,NA,"K04756",0.972832600878945,1,FALSE,FALSE,FALSE,FALSE
"K08097",0.0448,0,0.775,-15.8,55.2,0.0203,NA,"K08097",0.986782133090246,1,FALSE,FALSE,FALSE,FALSE
"K11785",0.0299,0,0.769,39.4,134,0.0208,NA,"K11785",0.986782133090246,1,FALSE,FALSE,FALSE,FALSE
"K11783",0.0299,0,0.769,39.4,134,0.0208,NA,"K11783",0.986782133090246,1,FALSE,FALSE,FALSE,FALSE
"K12452",0.0249,0,0.336,-66,68.4,0.0682,NA,"K12452",0.954968944099379,1,FALSE,FALSE,FALSE,FALSE
"K07031",0.0249,0,0.742,21.5,65.2,0.0233,NA,"K07031",0.986782133090246,1,FALSE,FALSE,FALSE,FALSE
"K19422",0.0448,0,0.145,-107,73.5,0.103,NA,"K19422",0.869047619047619,1,FALSE,FALSE,FALSE,FALSE
"K20810",0.0249,0,0.802,-21.4,85.2,0.0178,NA,"K20810",0.986782133090246,1,FALSE,FALSE,FALSE,FALSE
"K18815",0.0995,0,0.167,89.7,64.6,0.0979,NA,"K18815",0.8870116156283,1,FALSE,FALSE,FALSE,FALSE
"K08222",0.124,0,0.98,-3.14,127,0.00175,NA,"K08222",0.999594073472701,1,FALSE,FALSE,FALSE,FALSE
"K00274",0.0697,0,0.693,21.4,54,0.0281,NA,"K00274",0.986782133090246,1,FALSE,FALSE,FALSE,FALSE
"K27087",0.0199,0,0.134,-114,75.7,0.106,NA,"K27086,K27087",0.855345911949686,1,FALSE,FALSE,FALSE,FALSE
"K20798",0.0149,0,0.916,11,105,0.00745,NA,"K20798",0.992884864165589,1,FALSE,FALSE,FALSE,FALSE
"K23825",0.0348,0,0.616,-47.2,93.9,0.0356,NA,"K23825",0.981408107284365,1,FALSE,FALSE,FALSE,FALSE
"K00712",0.109,0,0.757,-11.3,36.4,0.022,NA,"K00712",0.986782133090246,1,FALSE,FALSE,FALSE,FALSE
"K21159",0.249,0,0.634,18.5,38.8,0.0338,NA,"K21159",0.981408107284365,1,FALSE,FALSE,FALSE,FALSE
"K00540",0.0398,0,0.377,-77.3,87.3,0.0626,NA,"K00540,K15510",0.960264900662252,1,FALSE,FALSE,FALSE,FALSE
"K19003",0.0498,0,0.222,-91.8,74.9,0.0865,NA,"K19003",0.942519019442096,1,FALSE,FALSE,FALSE,FALSE
"K26110",0.0995,0,0.0118,-167,65.7,0.177,NA,"K26110",0.534188034188034,1,FALSE,FALSE,FALSE,FALSE
"K27853",0.0398,0,0.387,-52,60,0.0614,NA,"K27853",0.962578899909829,1,FALSE,FALSE,FALSE,FALSE
"K13015",0.204,0,0.33,-32.8,33.6,0.0691,NA,"K13015",0.954968944099379,1,FALSE,FALSE,FALSE,FALSE
"K25028",0.149,0,0.609,-18.7,36.4,0.0363,NA,"K25028",0.981408107284365,1,FALSE,FALSE,FALSE,FALSE
"K14952",0.0149,0,0.797,28.2,110,0.0182,NA,"K14952",0.986782133090246,1,FALSE,FALSE,FALSE,FALSE
"K22733",0.0149,0,0.197,-124,95.6,0.0914,NA,"K22733",0.932126696832579,1,FALSE,FALSE,FALSE,FALSE
"K17640",0.0299,0,0.813,16.7,70.5,0.0168,NA,"K17640",0.986782133090246,1,FALSE,FALSE,FALSE,FALSE
"K08221",0.224,0,0.789,-14.7,55,0.019,NA,"K08221",0.986782133090246,1,FALSE,FALSE,FALSE,FALSE
"K23155",0.0647,0,0.364,-64.2,70.5,0.0644,NA,"K23155",0.954968944099379,1,FALSE,FALSE,FALSE,FALSE
"K21685",0.0249,0,0.571,46,81.2,0.0402,NA,"K21685",0.981408107284365,1,FALSE,FALSE,FALSE,FALSE
"K13658",0.0398,0,0.482,-42.1,59.6,0.0499,NA,"K13658",0.972832600878945,1,FALSE,FALSE,FALSE,FALSE
"K18457",0.0348,0,0.925,-6.31,66.8,0.00669,NA,"K18457",0.993562231759657,1,FALSE,FALSE,FALSE,FALSE
"K03343",0.104,0,0.839,-15.5,75.8,0.0145,NA,"K03343",0.986782133090246,1,FALSE,FALSE,FALSE,FALSE
"K26365",0.0398,0,0.898,-6.82,53.1,0.0091,NA,"K26365",0.992884864165589,1,FALSE,FALSE,FALSE,FALSE
"K06336",0.109,0,0.33,-46,47.1,0.0691,NA,"K06336",0.954968944099379,1,FALSE,FALSE,FALSE,FALSE
"K27545",0.0498,0,0.233,-118,98.9,0.0844,NA,"K27545",0.946765498652291,1,FALSE,FALSE,FALSE,FALSE
"K18546",0.0199,0,0.389,-96.9,112,0.0611,NA,"K18546",0.962578899909829,1,FALSE,FALSE,FALSE,FALSE
"K12234",0.0597,0,0.307,-74.4,72.7,0.0724,NA,"K12234",0.954968944099379,1,FALSE,FALSE,FALSE,FALSE
"K11779",0.0299,0,0.243,-105,89.6,0.0827,NA,"K11779",0.946765498652291,1,FALSE,FALSE,FALSE,FALSE
"K14941",0.0547,0,0.48,-53.9,76.2,0.0501,NA,"K11212,K14941",0.972832600878945,1,FALSE,FALSE,FALSE,FALSE
"K00803",0.149,0,0.321,40.3,40.5,0.0703,NA,"K00803",0.954968944099379,1,FALSE,FALSE,FALSE,FALSE
"K10713",0.0995,0,0.456,-37.1,49.7,0.0528,NA,"K10713",0.972832600878945,1,FALSE,FALSE,FALSE,FALSE
"K15629",0.0249,0,0.958,3.74,71.5,0.00371,NA,"K15629",0.997296173044925,1,FALSE,FALSE,FALSE,FALSE
"K15372",0.0796,0,0.843,10.5,52.9,0.0141,NA,"K15372",0.986782133090246,1,FALSE,FALSE,FALSE,FALSE
"K08717",0.129,0,0.608,-31.2,60.7,0.0364,NA,"K08717",0.981408107284365,1,FALSE,FALSE,FALSE,FALSE
"K20484",0.0199,0,0.638,-34.4,73,0.0334,NA,"K20484",0.981408107284365,1,FALSE,FALSE,FALSE,FALSE
"K22580",0.0149,0,0.166,-152,109,0.0981,NA,"K22580",0.8870116156283,1,FALSE,FALSE,FALSE,FALSE
"K20275",0.0796,0,0.47,-45.2,62.4,0.0513,NA,"K20275",0.972832600878945,1,FALSE,FALSE,FALSE,FALSE
"K21492",0.0199,0,0.956,-6.04,108,0.00395,NA,"K21492",0.997296173044925,1,FALSE,FALSE,FALSE,FALSE
"K19200",0.139,0,0.51,-22.9,34.8,0.0467,NA,"K19200",0.975103734439834,1,FALSE,FALSE,FALSE,FALSE
"K16138",0.154,0,0.984,-0.862,44,0.00139,NA,"K16138",0.999594073472701,1,FALSE,FALSE,FALSE,FALSE
"K12991",0.0398,0,0.539,-31.6,51.5,0.0435,NA,"K12991",0.977157360406091,1,FALSE,FALSE,FALSE,FALSE
"K18289",0.159,0,0.777,10.8,38,0.0201,NA,"K18289",0.986782133090246,1,FALSE,FALSE,FALSE,FALSE
"K15733",0.0199,0,0.189,139,106,0.093,NA,"K15733",0.92375366568915,1,FALSE,FALSE,FALSE,FALSE
"K28275",0.0448,0,0.648,24.2,52.9,0.0324,NA,"K28275,K28276",0.982711555959964,1,FALSE,FALSE,FALSE,FALSE
"K18351",0.0398,0,0.784,-25.7,93.8,0.0195,NA,"K18351,K18352",0.986782133090246,1,FALSE,FALSE,FALSE,FALSE
"K14194",0.0149,0,0.0252,214,94.8,0.158,NA,"K14194",0.650684931506849,1,FALSE,FALSE,FALSE,FALSE
"K22298",0.0199,0,0.115,127,80.5,0.111,NA,"K22298",0.849335302806499,1,FALSE,FALSE,FALSE,FALSE
"K10037",0.0398,0,0.635,41.2,86.7,0.0337,NA,"K10036,K10037",0.981408107284365,1,FALSE,FALSE,FALSE,FALSE
"K17624",0.0199,0,0.684,43.4,106,0.0289,NA,"K17624",0.986782133090246,1,FALSE,FALSE,FALSE,FALSE
"K00561",0.0348,0,0.00993,261,100,0.181,NA,"K00561",0.534188034188034,1,FALSE,FALSE,FALSE,FALSE
"K26989",0.0149,0,0.121,131,84.2,0.11,NA,"K26989",0.855345911949686,1,FALSE,FALSE,FALSE,FALSE
"K00441",0.0199,0,0.181,81.3,60.5,0.0948,NA,"K00441",0.915991902834008,1,FALSE,FALSE,FALSE,FALSE
"K28189",0.0199,0,0.274,94.7,86.3,0.0775,NA,"K28189",0.946765498652291,1,FALSE,FALSE,FALSE,FALSE
"K21885",0.119,0,0.335,-75.4,77.9,0.0684,NA,"K21885",0.954968944099379,1,FALSE,FALSE,FALSE,FALSE
"K17329",0.0448,0,0.592,44.5,83,0.038,NA,"K17329,K17330,K17331",0.981408107284365,1,FALSE,FALSE,FALSE,FALSE
"K05888",0.0746,0,0.695,-32.2,81.8,0.0279,NA,"K05888",0.986782133090246,1,FALSE,FALSE,FALSE,FALSE
"K09809",0.119,0,0.53,24.7,39.2,0.0445,NA,"K09809",0.976418570375829,1,FALSE,FALSE,FALSE,FALSE
"K22907",0.0199,0,0.335,72.1,74.6,0.0683,NA,"K09153,K22907",0.954968944099379,1,FALSE,FALSE,FALSE,FALSE
"K15637",0.0299,0,0.0948,184,109,0.118,NA,"K15637",0.808130081300813,1,FALSE,FALSE,FALSE,FALSE
"K14340",0.144,0,0.588,-23.9,44.2,0.0384,NA,"K14340",0.981408107284365,1,FALSE,FALSE,FALSE,FALSE
"K19978",0.0348,0,0.0256,201,89.5,0.157,NA,"K19978",0.650684931506849,1,FALSE,FALSE,FALSE,FALSE
"K01233",0.0149,0,0.657,-32.3,72.5,0.0315,NA,"K01233",0.98294434470377,1,FALSE,FALSE,FALSE,FALSE
"K01654",0.0348,0,0.35,57.3,61.2,0.0663,NA,"K01654",0.954968944099379,1,FALSE,FALSE,FALSE,FALSE
"K21749",0.0398,0,0.392,40.2,46.9,0.0607,NA,"K21749",0.962578899909829,1,FALSE,FALSE,FALSE,FALSE
"K00897",0.0199,0,0.279,125,115,0.0767,NA,"K00897",0.946765498652291,1,FALSE,FALSE,FALSE,FALSE
"K17246",0.0299,0,0.931,-5.95,68.2,0.00618,NA,"K17244,K17246",0.993808710503843,1,FALSE,FALSE,FALSE,FALSE
"K17245",0.0398,0,0.821,13.1,57.8,0.016,NA,"K17245",0.986782133090246,1,FALSE,FALSE,FALSE,FALSE
"K27494",0.0597,0,0.0232,126,54.9,0.16,NA,"K27494",0.635869565217391,1,FALSE,FALSE,FALSE,FALSE
"K27495",0.0199,0,0.122,174,112,0.109,NA,"K27495",0.855345911949686,1,FALSE,FALSE,FALSE,FALSE
"K21480",0.0199,0,0.358,-84,91.2,0.0652,NA,"K21480",0.954968944099379,1,FALSE,FALSE,FALSE,FALSE
"K11384",0.164,0,0.0453,-253,126,0.141,NA,"K06123,K07713,K11384,K14268,K18298,K20972,K20973,K22345",0.733118971061093,1,FALSE,FALSE,FALSE,FALSE
"K22474",0.134,0,0.426,-35.4,44.3,0.0565,NA,"K22474",0.962578899909829,1,FALSE,FALSE,FALSE,FALSE
"K12549",0.0199,0,0.985,-1.28,68.3,0.00132,NA,"K12549",0.999594073472701,1,FALSE,FALSE,FALSE,FALSE
"K13472",0.0846,0,0.286,52.2,48.8,0.0756,NA,"K13472",0.949241924851681,1,FALSE,FALSE,FALSE,FALSE
"K22747",0.164,0,0.487,-30.2,43.4,0.0493,NA,"K22747",0.972832600878945,1,FALSE,FALSE,FALSE,FALSE
"K19157",0.0149,0,0.268,79.8,71.9,0.0784,NA,"K19157",0.946765498652291,1,FALSE,FALSE,FALSE,FALSE
"K23057",0.189,0,0.0384,-186,89.2,0.146,NA,"K23057",0.710069444444444,1,FALSE,FALSE,FALSE,FALSE
"K23056",0.189,0,0.0384,-186,89.2,0.146,NA,"K23056",0.710069444444444,1,FALSE,FALSE,FALSE,FALSE
"K23055",0.189,0,0.0384,-186,89.2,0.146,NA,"K23055",0.710069444444444,1,FALSE,FALSE,FALSE,FALSE
"K23058",0.174,0,0.221,-124,101,0.0867,NA,"K23058",0.941226575809199,1,FALSE,FALSE,FALSE,FALSE
"K22250",0.164,0,0.0502,-181,91.7,0.138,NA,"K22250",0.736151603498542,1,FALSE,FALSE,FALSE,FALSE
"K02848",0.169,0,0.11,-164,102,0.113,NA,"K02848",0.83710407239819,1,FALSE,FALSE,FALSE,FALSE
"K13541",0.199,0,0.019,-258,109,0.165,NA,"K13541",0.592024539877301,1,FALSE,FALSE,FALSE,FALSE
"K27076",0.104,0,0.798,15,58.2,0.0182,NA,"K27076",0.986782133090246,1,FALSE,FALSE,FALSE,FALSE
"K27077",0.104,0,0.93,4.88,55.4,0.00625,NA,"K27077",0.993589743589744,1,FALSE,FALSE,FALSE,FALSE
"K23993",0.209,0,0.812,18.7,78.6,0.0168,NA,"K23993",0.986782133090246,1,FALSE,FALSE,FALSE,FALSE
"K08195",0.224,0,0.639,-26.8,56.9,0.0333,NA,"K08195",0.981408107284365,1,FALSE,FALSE,FALSE,FALSE
"K19296",0.154,0,0.252,-126,110,0.0812,NA,"K00066,K01795,K16081,K19290,K19291,K19292,K19293,K19295,K19296",0.946765498652291,1,FALSE,FALSE,FALSE,FALSE
"K19744",0.214,0,0.756,14.8,47.6,0.022,NA,"K19744",0.986782133090246,1,FALSE,FALSE,FALSE,FALSE
"K13655",0.0746,0,0.566,24,41.8,0.0407,NA,"K13655",0.981408107284365,1,FALSE,FALSE,FALSE,FALSE
"K13651",0.0647,0,0.291,56.7,53.5,0.0749,NA,"K13651",0.952225130890052,1,FALSE,FALSE,FALSE,FALSE
"K17879",0.0896,0,0.722,-17.3,48.7,0.0252,NA,"K17879",0.986782133090246,1,FALSE,FALSE,FALSE,FALSE
"K13487",0.174,0,0.0271,-203,91,0.156,NA,"K11444,K13487,K13488,K13489,K13490,K13491",0.650684931506849,1,FALSE,FALSE,FALSE,FALSE
"K13486",0.169,0,0.0446,-224,111,0.142,NA,"K13486,K18100",0.733118971061093,1,FALSE,FALSE,FALSE,FALSE
"K01039",0.249,0,0.423,-47.7,59.5,0.0568,NA,"K01039",0.962578899909829,1,FALSE,FALSE,FALSE,FALSE
"K01040",0.249,0,0.423,-47.7,59.5,0.0568,NA,"K01040",0.962578899909829,1,FALSE,FALSE,FALSE,FALSE
"K02625",0.154,0,0.323,-69.7,70.3,0.0701,NA,"K02625",0.954968944099379,1,FALSE,FALSE,FALSE,FALSE
"K04061",0.308,0,0.154,-88.8,62,0.101,NA,"K04061",0.874717832957111,1,FALSE,FALSE,FALSE,FALSE
"K18843",0.199,0,0.143,42.5,29,0.104,NA,"K18843",0.869047619047619,1,FALSE,FALSE,FALSE,FALSE
"K01267",0.189,0,0.13,-148,97.5,0.107,NA,"K01267,K01960,K21711",0.855345911949686,1,FALSE,FALSE,FALSE,FALSE
"K13776",0.149,0,0.999,0.127,99,9.11e-05,NA,"K13776",0.999799839871897,1,FALSE,FALSE,FALSE,FALSE
"K17623",0.0995,0,0.795,26.4,102,0.0184,NA,"K17623",0.986782133090246,1,FALSE,FALSE,FALSE,FALSE
"K02203",0.154,0,0.471,56.9,78.8,0.0511,NA,"K02203",0.972832600878945,1,FALSE,FALSE,FALSE,FALSE
"K06160",0.184,0,0.375,-47.7,53.6,0.0629,NA,"K06160",0.959079283887468,1,FALSE,FALSE,FALSE,FALSE
"K07690",0.169,0,0.976,2.23,74,0.00214,NA,"K07690",0.999594073472701,1,FALSE,FALSE,FALSE,FALSE
"K22349",0.0498,0,0.413,-48.9,59.6,0.058,NA,"K22349",0.962578899909829,1,FALSE,FALSE,FALSE,FALSE
"K22350",0.0647,0,0.807,-19.5,79.7,0.0174,NA,"K22350",0.986782133090246,1,FALSE,FALSE,FALSE,FALSE
"K01003",0.179,0,0.00557,-286,102,0.195,NA,"K01003",0.421641791044776,1,FALSE,FALSE,FALSE,FALSE
"K11919",0.0647,0,0.0187,132,55.7,0.166,NA,"K11919",0.592024539877301,1,FALSE,FALSE,FALSE,FALSE
"K11918",0.0647,0,0.0187,132,55.7,0.166,NA,"K11918",0.592024539877301,1,FALSE,FALSE,FALSE,FALSE
"K18072",0.0348,0,0.516,-46,70.7,0.0461,NA,"K18072",0.975103734439834,1,FALSE,FALSE,FALSE,FALSE
"K23467",0.184,0,0.581,24.5,44.3,0.0392,NA,"K23467",0.981408107284365,1,FALSE,FALSE,FALSE,FALSE
"K07326",0.139,0,0.69,-14.1,35.2,0.0283,NA,"K07326",0.986782133090246,1,FALSE,FALSE,FALSE,FALSE
"K23466",0.144,0,0.648,18.5,40.4,0.0323,NA,"K23466",0.982711555959964,1,FALSE,FALSE,FALSE,FALSE
"K00394",0.154,0,0.736,20.4,60.4,0.0239,NA,"K00394",0.986782133090246,1,FALSE,FALSE,FALSE,FALSE
"K21407",0.149,0,0.365,-67.6,74.5,0.0642,NA,"K21407",0.954968944099379,1,FALSE,FALSE,FALSE,FALSE
"K18923",0.164,0,0.408,-23.6,28.4,0.0587,NA,"K18923",0.962578899909829,1,FALSE,FALSE,FALSE,FALSE
"K00032",0.109,0,0.966,3.47,81.1,0.00303,NA,"K00032",0.99876058665565,1,FALSE,FALSE,FALSE,FALSE
"K11441",0.114,0,0.844,13.5,68.3,0.014,NA,"K11441",0.986782133090246,1,FALSE,FALSE,FALSE,FALSE
"K18299",0.244,0,0.594,-40.3,75.6,0.0378,NA,"K18299",0.981408107284365,1,FALSE,FALSE,FALSE,FALSE
"K12538",0.119,0,0.262,-83.6,74.4,0.0794,NA,"K12538",0.946765498652291,1,FALSE,FALSE,FALSE,FALSE
"K19353",0.159,0,0.213,-78.9,63.2,0.0882,NA,"K19353",0.93804537521815,1,FALSE,FALSE,FALSE,FALSE
"K04099",0.0299,0,0.862,-10.2,58.8,0.0124,NA,"K04099",0.986782133090246,1,FALSE,FALSE,FALSE,FALSE
"K07023",0.0498,0,0.151,-77,53.4,0.102,NA,"K07023",0.873842592592593,1,FALSE,FALSE,FALSE,FALSE
"K01856",0.308,0,0.0191,104,44,0.165,NA,"K01856",0.592024539877301,1,FALSE,FALSE,FALSE,FALSE
"K20330",0.0199,0,0.654,38.9,86.7,0.0318,NA,"K20330",0.982918789331735,1,FALSE,FALSE,FALSE,FALSE
"K16124",0.0249,0,0.887,-10.6,74.4,0.0101,NA,"K16124",0.992836355495858,1,FALSE,FALSE,FALSE,FALSE
"K00505",0.0597,0,0.576,28.1,50.3,0.0396,NA,"K00505",0.981408107284365,1,FALSE,FALSE,FALSE,FALSE
"K10816",0.0199,0,0.77,20.7,70.7,0.0208,NA,"K10814,K10815,K10816",0.986782133090246,1,FALSE,FALSE,FALSE,FALSE
"K19231",0.0348,0,0.28,58.2,53.8,0.0765,NA,"K19231",0.946765498652291,1,FALSE,FALSE,FALSE,FALSE
"K13299",0.164,0,0.593,-40.9,76.4,0.0379,NA,"K13299",0.981408107284365,1,FALSE,FALSE,FALSE,FALSE
"K16291",0.214,0,0.751,-21.4,67.1,0.0226,NA,"K16291",0.986782133090246,1,FALSE,FALSE,FALSE,FALSE
"K24018",0.199,0,0.291,-94.6,89.3,0.0749,NA,"K24018",0.952225130890052,1,FALSE,FALSE,FALSE,FALSE
"K13974",0.0945,0,0.38,-35,39.7,0.0623,NA,"K13974",0.962578899909829,1,FALSE,FALSE,FALSE,FALSE
"K21825",0.204,0,0.0263,-150,67.2,0.157,NA,"K21825",0.650684931506849,1,FALSE,FALSE,FALSE,FALSE
"K08369",0.0945,0,0.809,-13.6,55.9,0.0172,NA,"K08369",0.986782133090246,1,FALSE,FALSE,FALSE,FALSE
"K14335",0.129,0,0.378,59.9,67.8,0.0625,NA,"K14335",0.961342828077314,1,FALSE,FALSE,FALSE,FALSE
"K00466",0.0547,0,0.939,-3.95,51.7,0.00542,NA,"K00466",0.993874102239121,1,FALSE,FALSE,FALSE,FALSE
"K17060",0.174,0,0.678,-33,79.3,0.0295,NA,"K17060,K17061",0.986782133090246,1,FALSE,FALSE,FALSE,FALSE
"K18540",0.129,0,0.834,12.7,60.6,0.0148,NA,"K18540",0.986782133090246,1,FALSE,FALSE,FALSE,FALSE
"K14475",0.199,0,0.429,-36.3,45.8,0.0561,NA,"K14475",0.963611859838275,1,FALSE,FALSE,FALSE,FALSE
"K03486",0.189,0,0.615,-30.9,61.3,0.0357,NA,"K03486",0.981408107284365,1,FALSE,FALSE,FALSE,FALSE
"K21135",0.134,0,0.135,-109,72.9,0.106,NA,"K21133,K21135",0.855345911949686,1,FALSE,FALSE,FALSE,FALSE
"K08085",0.124,0,0.506,-45.5,68.3,0.0472,NA,"K08085",0.975103734439834,1,FALSE,FALSE,FALSE,FALSE
"K09934",0.169,0,0.453,-45.1,59.9,0.0532,NA,"K09934",0.972832600878945,1,FALSE,FALSE,FALSE,FALSE
"K13789",0.318,0,0.203,-73.4,57.5,0.0901,NA,"K13789",0.932126696832579,1,FALSE,FALSE,FALSE,FALSE
"K19954",0.174,0,0.55,37.4,62.5,0.0424,NA,"K19954",0.980565371024735,1,FALSE,FALSE,FALSE,FALSE
"K17736",0.204,0,0.951,-5.49,89.5,0.00435,NA,"K17736",0.996646405365751,1,FALSE,FALSE,FALSE,FALSE
"K27492",0.209,0,0.693,32.2,81.5,0.028,NA,"K27492",0.986782133090246,1,FALSE,FALSE,FALSE,FALSE
"K00471",0.164,0,0.851,11.6,61.7,0.0133,NA,"K00471",0.986782133090246,1,FALSE,FALSE,FALSE,FALSE
"K21830",0.149,0,0.908,-12.6,109,0.00818,NA,"K21830",0.992884864165589,1,FALSE,FALSE,FALSE,FALSE
"K03816",0.284,0,0.863,-16.1,93.6,0.0122,NA,"K03816",0.986782133090246,1,FALSE,FALSE,FALSE,FALSE
"K11916",0.0597,0,0.707,-28.2,74.9,0.0267,NA,"K11916",0.986782133090246,1,FALSE,FALSE,FALSE,FALSE
"K01959",0.199,0,0.172,-109,79.8,0.0967,NA,"K01959",0.893970893970894,1,FALSE,FALSE,FALSE,FALSE
"K24655",0.0746,0,0.167,-74.9,54.1,0.0978,NA,"K24655",0.8870116156283,1,FALSE,FALSE,FALSE,FALSE
"K14188",0.0348,0,0.0454,-292,145,0.141,NA,"K03739,K03740,K05739,K06343,K14188,K19419,K23978,K25114,K25115,K25118",0.733118971061093,1,FALSE,FALSE,FALSE,FALSE
"K10681",0.0199,0,0.223,-116,94.9,0.0863,NA,"K10681",0.942519019442096,1,FALSE,FALSE,FALSE,FALSE
"K18345",0.0348,0,0.436,-119,153,0.0553,NA,"K18345",0.968458462905376,1,FALSE,FALSE,FALSE,FALSE
"K02491",0.0945,0,0.711,-57.6,155,0.0263,NA,"K02248,K02249,K02254,K02491,K03794,K05340,K06299,K06300,K06302,K06306,K06327,K06347,K06348,K06422,K06431,K06432,K06714,K11620,K11637,K11638,K11686,K18115,K19449,K21465,K21935",0.986782133090246,1,FALSE,FALSE,FALSE,FALSE
"K05967",0.0945,0,0.307,102,99.8,0.0725,NA,"K05967",0.954968944099379,1,FALSE,FALSE,FALSE,FALSE
"K25575",0.0746,0,0.37,-122,135,0.0636,NA,"K16188,K25575",0.955578512396694,1,FALSE,FALSE,FALSE,FALSE
"K06308",0.114,0,0.435,108,138,0.0554,NA,"K02826,K02828,K02829,K06301,K06303,K06308,K25109",0.968458462905376,1,FALSE,FALSE,FALSE,FALSE
"K06295",0.119,0,0.862,-30.6,175,0.0124,NA,"K06295",0.986782133090246,1,FALSE,FALSE,FALSE,FALSE
"K11615",0.0896,0,0.592,44.5,82.9,0.038,NA,"K11614,K11615",0.981408107284365,1,FALSE,FALSE,FALSE,FALSE
"K06296",0.0945,0,0.369,131,146,0.0637,NA,"K06296",0.954968944099379,1,FALSE,FALSE,FALSE,FALSE
"K06297",0.0945,0,0.369,131,146,0.0637,NA,"K06297",0.954968944099379,1,FALSE,FALSE,FALSE,FALSE
"K06307",0.0647,0,0.483,-53,75.3,0.0498,NA,"K06307",0.972832600878945,1,FALSE,FALSE,FALSE,FALSE
"K20391",0.0697,0,0.497,97,142,0.0482,NA,"K03206,K09683,K09963,K16323,K20391",0.975103734439834,1,FALSE,FALSE,FALSE,FALSE
"K11625",0.0249,0,0.828,-14.1,64.5,0.0154,NA,"K11625",0.986782133090246,1,FALSE,FALSE,FALSE,FALSE
"K11635",0.0448,0,0.906,-10,85,0.00838,NA,"K11635",0.992884864165589,1,FALSE,FALSE,FALSE,FALSE
"K11636",0.0498,0,0.742,26.1,79.4,0.0233,NA,"K11636",0.986782133090246,1,FALSE,FALSE,FALSE,FALSE
"K28830",0.0199,0,0.502,72.7,108,0.0476,NA,"K22222,K28830",0.975103734439834,1,FALSE,FALSE,FALSE,FALSE
"K07282",0.0896,0,0.636,47.9,101,0.0336,NA,"K07282",0.981408107284365,1,FALSE,FALSE,FALSE,FALSE
"K21488",0.0597,0,0.351,54,57.8,0.0661,NA,"K21488",0.954968944099379,1,FALSE,FALSE,FALSE,FALSE
"K20109",0.0498,0,0.537,61.5,99.3,0.0438,NA,"K20109",0.97676107480029,1,FALSE,FALSE,FALSE,FALSE
"K06418",0.119,0,0.862,-30.6,175,0.0124,NA,"K06418",0.986782133090246,1,FALSE,FALSE,FALSE,FALSE
"K19081",0.0199,0,0.698,33.5,86.1,0.0276,NA,"K19081",0.986782133090246,1,FALSE,FALSE,FALSE,FALSE
"K18349",0.0697,0,0.475,46,64.3,0.0507,NA,"K18349",0.972832600878945,1,FALSE,FALSE,FALSE,FALSE
"K11632",0.119,0,0.862,-30.6,175,0.0124,NA,"K11632",0.986782133090246,1,FALSE,FALSE,FALSE,FALSE
"K11631",0.119,0,0.862,-30.6,175,0.0124,NA,"K11631",0.986782133090246,1,FALSE,FALSE,FALSE,FALSE
"K24948",0.0498,0,0.258,-160,141,0.0802,NA,"K24948",0.946765498652291,1,FALSE,FALSE,FALSE,FALSE
"K24949",0.0498,0,0.258,-160,141,0.0802,NA,"K24949",0.946765498652291,1,FALSE,FALSE,FALSE,FALSE
"K24950",0.0498,0,0.258,-160,141,0.0802,NA,"K24950",0.946765498652291,1,FALSE,FALSE,FALSE,FALSE
"K03700",0.0995,0,0.635,71.7,151,0.0337,NA,"K00260,K00841,K02244,K02245,K02246,K02250,K02859,K03093,K03471,K03700,K03706,K05822,K05823,K06286,K07105,K07570,K07658,K08724,K09682,K11619,K12263,K13275,K13300,K13767,K16509,K16787,K17217,K18692,K23675,K23734",0.981408107284365,1,FALSE,FALSE,FALSE,FALSE
"K11476",0.0945,0,0.508,48.4,73,0.047,NA,"K11476",0.975103734439834,1,FALSE,FALSE,FALSE,FALSE
"K25031",0.134,0,0.424,78.8,98.3,0.0567,NA,"K25031",0.962578899909829,1,FALSE,FALSE,FALSE,FALSE
"K06314",0.119,0,0.862,-30.6,175,0.0124,NA,"K06314",0.986782133090246,1,FALSE,FALSE,FALSE,FALSE
"K01447",0.0398,0,0.00891,-333,126,0.184,NA,"K01447,K08600",0.50625,1,FALSE,FALSE,FALSE,FALSE
"K06317",0.119,0,0.862,-30.6,175,0.0124,NA,"K06317",0.986782133090246,1,FALSE,FALSE,FALSE,FALSE
"K06436",0.119,0,0.862,-30.6,175,0.0124,NA,"K06436",0.986782133090246,1,FALSE,FALSE,FALSE,FALSE
"K06423",0.119,0,0.862,-30.6,175,0.0124,NA,"K06423",0.986782133090246,1,FALSE,FALSE,FALSE,FALSE
"K04769",0.119,0,0.862,-30.6,175,0.0124,NA,"K04769",0.986782133090246,1,FALSE,FALSE,FALSE,FALSE
"K06409",0.119,0,0.862,-30.6,175,0.0124,NA,"K06409",0.986782133090246,1,FALSE,FALSE,FALSE,FALSE
"K06382",0.119,0,0.862,-30.6,175,0.0124,NA,"K06382",0.986782133090246,1,FALSE,FALSE,FALSE,FALSE
"K07590",0.119,0,0.862,-30.6,175,0.0124,NA,"K07590",0.986782133090246,1,FALSE,FALSE,FALSE,FALSE
"K16786",0.119,0,0.118,218,139,0.111,NA,"K16786",0.851370851370851,1,FALSE,FALSE,FALSE,FALSE
"K06294",0.119,0,0.862,-30.6,175,0.0124,NA,"K06294",0.986782133090246,1,FALSE,FALSE,FALSE,FALSE
"K16937",0.119,0,0.658,-19.8,44.7,0.0314,NA,"K16937",0.98326359832636,1,FALSE,FALSE,FALSE,FALSE
"K21959",0.119,0,0.919,5.13,50.2,0.00724,NA,"K21959",0.992884864165589,1,FALSE,FALSE,FALSE,FALSE
"K08152",0.0846,0,0.955,3.21,57.3,0.00397,NA,"K08152",0.997296173044925,1,FALSE,FALSE,FALSE,FALSE
"K13281",0.164,0,0.955,4.49,80.3,0.00396,NA,"K13281",0.997296173044925,1,FALSE,FALSE,FALSE,FALSE
"K14665",0.109,0,0.94,-7.31,96.8,0.00536,NA,"K14665",0.993874102239121,1,FALSE,FALSE,FALSE,FALSE
"K25308",0.114,0,0.689,41.4,103,0.0284,NA,"K25290,K25308",0.986782133090246,1,FALSE,FALSE,FALSE,FALSE
"K21567",0.134,0,0.896,14.4,110,0.00925,NA,"K21567",0.992884864165589,1,FALSE,FALSE,FALSE,FALSE
"K06325",0.0647,0,0.839,14.4,70.6,0.0145,NA,"K06325",0.986782133090246,1,FALSE,FALSE,FALSE,FALSE
"K21828",0.0149,0,0.0493,-293,148,0.139,NA,"K21828",0.736151603498542,1,FALSE,FALSE,FALSE,FALSE
"K01182",0.139,0,0.661,22.1,50.3,0.0311,NA,"K01182",0.983363042186572,1,FALSE,FALSE,FALSE,FALSE
"K20108",0.0249,0,0.894,-20.7,155,0.00946,NA,"K20108,K20895",0.992884864165589,1,FALSE,FALSE,FALSE,FALSE
"K06896",0.0299,0,0.321,-131,132,0.0703,NA,"K06896,K21453",0.954968944099379,1,FALSE,FALSE,FALSE,FALSE
"K01567",0.119,0,0.862,-30.6,175,0.0124,NA,"K01567",0.986782133090246,1,FALSE,FALSE,FALSE,FALSE
"K02205",0.169,0,0.41,-57.2,69.3,0.0585,NA,"K02205",0.962578899909829,1,FALSE,FALSE,FALSE,FALSE
"K06428",0.0498,0,0.258,-160,141,0.0802,NA,"K06428",0.946765498652291,1,FALSE,FALSE,FALSE,FALSE
"K24708",0.119,0,0.118,218,139,0.111,NA,"K24708",0.851370851370851,1,FALSE,FALSE,FALSE,FALSE
"K25156",0.0995,0,0.199,140,109,0.091,NA,"K25154,K25155,K25156",0.932126696832579,1,FALSE,FALSE,FALSE,FALSE
"K08713",0.0995,0,0.564,-43.2,74.7,0.041,NA,"K08713",0.981408107284365,1,FALSE,FALSE,FALSE,FALSE
"K13730",0.0199,0,0.00527,-290,103,0.196,NA,"K13730",0.41171875,1,FALSE,FALSE,FALSE,FALSE
"K02443",0.164,0,0.706,-19.1,50.5,0.0268,NA,"K02443",0.986782133090246,1,FALSE,FALSE,FALSE,FALSE
"K14983",0.0746,0,0.812,-30.3,128,0.0169,NA,"K14983",0.986782133090246,1,FALSE,FALSE,FALSE,FALSE
"K14982",0.0796,0,0.666,51,118,0.0307,NA,"K14982,K28635",0.985832349468713,1,FALSE,FALSE,FALSE,FALSE
"K21903",0.0995,0,0.111,217,135,0.113,NA,"K21903",0.83710407239819,1,FALSE,FALSE,FALSE,FALSE
"K20480",0.0647,0,0.989,1.06,76.5,0.000984,NA,"K20480",0.999799839871897,1,FALSE,FALSE,FALSE,FALSE
"K06425",0.0945,0,0.369,131,146,0.0637,NA,"K06425",0.954968944099379,1,FALSE,FALSE,FALSE,FALSE
"K25110",0.154,0,0.394,-46.5,54.5,0.0604,NA,"K25110,K25111,K25130",0.962578899909829,1,FALSE,FALSE,FALSE,FALSE
"K14647",0.104,0,0.864,-14.3,83,0.0122,NA,"K14647",0.986782133090246,1,FALSE,FALSE,FALSE,FALSE
"K23983",0.104,0,0.369,-122,136,0.0637,NA,"K23786,K23983",0.954968944099379,1,FALSE,FALSE,FALSE,FALSE
"K10041",0.119,0,0.862,-30.6,175,0.0124,NA,"K10041",0.986782133090246,1,FALSE,FALSE,FALSE,FALSE
"K10039",0.119,0,0.862,-30.6,175,0.0124,NA,"K10039",0.986782133090246,1,FALSE,FALSE,FALSE,FALSE
"K10040",0.119,0,0.862,-30.6,175,0.0124,NA,"K10040",0.986782133090246,1,FALSE,FALSE,FALSE,FALSE
"K20487",0.0796,0,0.841,-15,74.5,0.0143,NA,"K20487",0.986782133090246,1,FALSE,FALSE,FALSE,FALSE
"K15973",0.219,0,0.328,45.8,46.7,0.0693,NA,"K15973",0.954968944099379,1,FALSE,FALSE,FALSE,FALSE
"K03484",0.0896,0,0.405,75.1,90,0.0591,NA,"K03484",0.962578899909829,1,FALSE,FALSE,FALSE,FALSE
"K01117",0.0149,0,0.353,-117,125,0.0659,NA,"K01117",0.954968944099379,1,FALSE,FALSE,FALSE,FALSE
"K02827",0.119,0,0.862,-30.6,175,0.0124,NA,"K02827",0.986782133090246,1,FALSE,FALSE,FALSE,FALSE
"K06311",0.0945,0,0.369,131,146,0.0637,NA,"K06311",0.954968944099379,1,FALSE,FALSE,FALSE,FALSE
"K06312",0.0945,0,0.369,131,146,0.0637,NA,"K06312",0.954968944099379,1,FALSE,FALSE,FALSE,FALSE
"K10810",0.0995,0,0.2,-182,141,0.0908,NA,"K00686,K06345,K06433,K07717,K07719,K10810,K16919,K16921",0.932126696832579,1,FALSE,FALSE,FALSE,FALSE
"K03491",0.0647,0,0.444,-51.3,66.9,0.0543,NA,"K03491",0.97027972027972,1,FALSE,FALSE,FALSE,FALSE
"K06334",0.104,0,0.106,169,104,0.114,NA,"K06334",0.829420970266041,1,FALSE,FALSE,FALSE,FALSE
"K06333",0.0945,0,0.369,131,146,0.0637,NA,"K06333",0.954968944099379,1,FALSE,FALSE,FALSE,FALSE
"K06332",0.0945,0,0.369,131,146,0.0637,NA,"K06332",0.954968944099379,1,FALSE,FALSE,FALSE,FALSE
"K18924",0.114,0,0.503,73.2,109,0.0475,NA,"K18924",0.975103734439834,1,FALSE,FALSE,FALSE,FALSE
"K18925",0.124,0,0.133,121,80.5,0.106,NA,"K18925",0.855345911949686,1,FALSE,FALSE,FALSE,FALSE
"K19575",0.0746,0,0.98,-1.46,58.9,0.00176,NA,"K19575",0.999594073472701,1,FALSE,FALSE,FALSE,FALSE
"K07446",0.0249,0,0.454,-74.3,99.1,0.0531,NA,"K07446",0.972832600878945,1,FALSE,FALSE,FALSE,FALSE
"K15737",0.0746,0,0.581,-31.8,57.4,0.0392,NA,"K15737",0.981408107284365,1,FALSE,FALSE,FALSE,FALSE
"K01777",0.0597,0,0.916,5.81,54.8,0.00752,NA,"K01777",0.992884864165589,1,FALSE,FALSE,FALSE,FALSE
"K21494",0.0299,0,0.417,39.3,48.3,0.0576,NA,"K21494",0.962578899909829,1,FALSE,FALSE,FALSE,FALSE
"K09124",0.0498,0,0.148,58.5,40.3,0.102,NA,"K09124",0.871613663133098,1,FALSE,FALSE,FALSE,FALSE
"K02086",0.144,0,0.285,60,56,0.0758,NA,"K02086",0.949241924851681,1,FALSE,FALSE,FALSE,FALSE
"K03698",0.119,0,0.118,218,139,0.111,NA,"K03698",0.851370851370851,1,FALSE,FALSE,FALSE,FALSE
"K25159",0.114,0,0.657,35.4,79.7,0.0315,NA,"K25159",0.98294434470377,1,FALSE,FALSE,FALSE,FALSE
"K12555",0.119,0,0.862,-30.6,175,0.0124,NA,"K12555",0.986782133090246,1,FALSE,FALSE,FALSE,FALSE
"K06304",0.0498,0,0.258,-160,141,0.0802,NA,"K06304",0.946765498652291,1,FALSE,FALSE,FALSE,FALSE
"K28810",0.109,0,0.526,-61.3,96.5,0.045,NA,"K28810",0.975881261595547,1,FALSE,FALSE,FALSE,FALSE
"K06198",0.124,0,0.0456,81.6,40.6,0.141,NA,"K06198",0.733118971061093,1,FALSE,FALSE,FALSE,FALSE
"K06372",0.0647,0,0.98,-1.74,69.5,0.00178,NA,"K06372",0.999594073472701,1,FALSE,FALSE,FALSE,FALSE
"K02236",0.0746,0,0.18,174,129,0.095,NA,"K02236,K18244",0.914634146341463,1,FALSE,FALSE,FALSE,FALSE
"K00958",0.164,0,0.553,-37.1,62.3,0.0421,NA,"K00958",0.980565371024735,1,FALSE,FALSE,FALSE,FALSE
"K00366",0.0547,0,0.909,-15.6,136,0.00814,NA,"K00366,K03334",0.992884864165589,1,FALSE,FALSE,FALSE,FALSE
"K09145",0.0398,0,0.956,6.78,124,0.00388,NA,"K09145",0.997296173044925,1,FALSE,FALSE,FALSE,FALSE
"K06398",0.119,0,0.862,-30.6,175,0.0124,NA,"K06398",0.986782133090246,1,FALSE,FALSE,FALSE,FALSE
"K27959",0.0398,0,0.261,-75.1,66.6,0.0797,NA,"K27959",0.946765498652291,1,FALSE,FALSE,FALSE,FALSE
"K07444",0.144,0,0.875,-17,108,0.0112,NA,"K07444",0.990042996152976,1,FALSE,FALSE,FALSE,FALSE
"K23356",0.119,0,0.925,7.96,84.3,0.00669,NA,"K23356",0.993562231759657,1,FALSE,FALSE,FALSE,FALSE
"K25143",0.0597,0,0.76,-23.2,75.9,0.0217,NA,"K25143",0.986782133090246,1,FALSE,FALSE,FALSE,FALSE
"K22552",0.0398,0,0.973,-1.8,52.7,0.00242,NA,"K22552",0.999589069241833,1,FALSE,FALSE,FALSE,FALSE
"K21755",0.0896,0,0.898,13.5,105,0.00914,NA,"K06371,K21755",0.992884864165589,1,FALSE,FALSE,FALSE,FALSE
"K18104",0.0896,0,0.995,-0.306,53.2,0.000408,NA,"K18104",0.999799839871897,1,FALSE,FALSE,FALSE,FALSE
"K18907",0.0945,0,0.369,131,146,0.0637,NA,"K18907",0.954968944099379,1,FALSE,FALSE,FALSE,FALSE
"K06607",0.104,0,0.631,-66.1,138,0.034,NA,"K06607",0.981408107284365,1,FALSE,FALSE,FALSE,FALSE
"K26057",0.0647,0,0.0491,-162,81.6,0.139,NA,"K26057",0.736151603498542,1,FALSE,FALSE,FALSE,FALSE
"K11210",0.0995,0,0.849,12.6,65.8,0.0136,NA,"K11210",0.986782133090246,1,FALSE,FALSE,FALSE,FALSE
"K08986",0.0995,0,0.659,23.9,54,0.0313,NA,"K08986",0.983363042186572,1,FALSE,FALSE,FALSE,FALSE
"K21497",0.0199,0,0.907,-10.3,87.8,0.00831,NA,"K21497",0.992884864165589,1,FALSE,FALSE,FALSE,FALSE
"K13542",0.0846,0,0.733,-40.8,119,0.0242,NA,"K13542",0.986782133090246,1,FALSE,FALSE,FALSE,FALSE
"K06416",0.119,0,0.862,-30.6,175,0.0124,NA,"K06416",0.986782133090246,1,FALSE,FALSE,FALSE,FALSE
"K04780",0.0547,0,0.502,-80.4,120,0.0476,NA,"K04780",0.975103734439834,1,FALSE,FALSE,FALSE,FALSE
"K08651",0.0945,0,0.427,63.2,79.3,0.0564,NA,"K08651",0.962578899909829,1,FALSE,FALSE,FALSE,FALSE
"K00158",0.0547,0,0.752,-40.2,127,0.0224,NA,"K00158,K00929",0.986782133090246,1,FALSE,FALSE,FALSE,FALSE
"K16326",0.0896,0,0.706,-28.5,75.3,0.0268,NA,"K16326",0.986782133090246,1,FALSE,FALSE,FALSE,FALSE
"K27601",0.0199,0,0.331,-117,120,0.0689,NA,"K27601",0.954968944099379,1,FALSE,FALSE,FALSE,FALSE
"K11626",0.114,0,0.905,-11.9,98.9,0.0085,NA,"K11626",0.992884864165589,1,FALSE,FALSE,FALSE,FALSE
"K06310",0.0945,0,0.369,131,146,0.0637,NA,"K06310",0.954968944099379,1,FALSE,FALSE,FALSE,FALSE
"K21960",0.0348,0,0.305,-62.1,60.5,0.0726,NA,"K21960",0.954968944099379,1,FALSE,FALSE,FALSE,FALSE
"K11634",0.0896,0,0.192,128,97.5,0.0923,NA,"K11633,K11634",0.930568948891032,1,FALSE,FALSE,FALSE,FALSE
"K18231",0.114,0,0.839,19.8,97.5,0.0144,NA,"K18231",0.986782133090246,1,FALSE,FALSE,FALSE,FALSE
"K21113",0.0896,0,0.354,88.6,95.5,0.0657,NA,"K21113",0.954968944099379,1,FALSE,FALSE,FALSE,FALSE
"K18941",0.119,0,0.234,122,102,0.0844,NA,"K18941",0.946765498652291,1,FALSE,FALSE,FALSE,FALSE
"K18940",0.114,0,0.536,63.2,102,0.0439,NA,"K18940",0.97676107480029,1,FALSE,FALSE,FALSE,FALSE
"K13955",0.0647,0,0.95,5.92,95,0.00441,NA,"K13955",0.996642887117079,1,FALSE,FALSE,FALSE,FALSE
"K06313",0.119,0,0.862,-30.6,175,0.0124,NA,"K06313",0.986782133090246,1,FALSE,FALSE,FALSE,FALSE
"K21713",0.0199,0,0.927,-9.17,101,0.00646,NA,"K21713",0.993589743589744,1,FALSE,FALSE,FALSE,FALSE
"K13853",0.119,0,0.118,218,139,0.111,NA,"K13853",0.851370851370851,1,FALSE,FALSE,FALSE,FALSE
"K07145",0.104,0,0.526,72.6,114,0.045,NA,"K07145",0.975881261595547,1,FALSE,FALSE,FALSE,FALSE
"K15976",0.129,0,0.384,77.8,89.2,0.0617,NA,"K15976",0.962578899909829,1,FALSE,FALSE,FALSE,FALSE
"K18220",0.129,0,0.948,4.1,62.5,0.00466,NA,"K18220",0.99663582842725,1,FALSE,FALSE,FALSE,FALSE
"K19273",0.0448,0,0.602,49.9,95.5,0.037,NA,"K19273",0.981408107284365,1,FALSE,FALSE,FALSE,FALSE
"K26141",0.114,0,0.481,-38.7,54.8,0.05,NA,"K26141",0.972832600878945,1,FALSE,FALSE,FALSE,FALSE
"K14338",0.139,0,0.485,-41,58.5,0.0496,NA,"K14338",0.972832600878945,1,FALSE,FALSE,FALSE,FALSE
"K09779",0.119,0,0.0892,161,94.1,0.12,NA,"K09779",0.808130081300813,1,FALSE,FALSE,FALSE,FALSE
"K11923",0.119,0,0.862,-30.6,175,0.0124,NA,"K11923",0.986782133090246,1,FALSE,FALSE,FALSE,FALSE
"K14672",0.0299,0,0.269,-97.7,88.1,0.0784,NA,"K14672",0.946765498652291,1,FALSE,FALSE,FALSE,FALSE
"K09775",0.114,0,0.264,69.7,62.2,0.0792,NA,"K09775",0.946765498652291,1,FALSE,FALSE,FALSE,FALSE
"K25147",0.0398,0,0.661,-25.7,58.4,0.0311,NA,"K25147,K25148",0.983363042186572,1,FALSE,FALSE,FALSE,FALSE
"K09951",0.129,0,0.555,73.5,124,0.0419,NA,"K09951",0.980565371024735,1,FALSE,FALSE,FALSE,FALSE
"K06335",0.0796,0,0.293,-138,131,0.0745,NA,"K06335",0.952380952380952,1,FALSE,FALSE,FALSE,FALSE
"K01446",0.0299,0,0.162,-164,117,0.0991,NA,"K01446",0.88235294117647,1,FALSE,FALSE,FALSE,FALSE
"K19430",0.0597,0,0.762,17.1,56.2,0.0215,NA,"K19430",0.986782133090246,1,FALSE,FALSE,FALSE,FALSE
"K19424",0.0547,0,0.274,-58.1,52.9,0.0775,NA,"K19424",0.946765498652291,1,FALSE,FALSE,FALSE,FALSE
"K19420",0.119,0,0.754,-26.8,85.5,0.0222,NA,"K19420",0.986782133090246,1,FALSE,FALSE,FALSE,FALSE
"K07017",0.0995,0,0.457,-35.5,47.7,0.0527,NA,"K07017",0.972832600878945,1,FALSE,FALSE,FALSE,FALSE
"K13530",0.0846,0,0.47,86.2,119,0.0513,NA,"K13530",0.972832600878945,1,FALSE,FALSE,FALSE,FALSE
"K13531",0.0796,0,0.162,154,109,0.0991,NA,"K13531",0.88235294117647,1,FALSE,FALSE,FALSE,FALSE
"K24311",0.0597,0,0.888,-9.73,69.2,0.00997,NA,"K24311,K28372",0.992868286160018,1,FALSE,FALSE,FALSE,FALSE
"K06328",0.119,0,0.862,-30.6,175,0.0124,NA,"K06328",0.986782133090246,1,FALSE,FALSE,FALSE,FALSE
"K00175",0.0995,0,0.255,93.2,81.7,0.0806,NA,"K00174,K00175",0.946765498652291,1,FALSE,FALSE,FALSE,FALSE
"K06411",0.119,0,0.862,-30.6,175,0.0124,NA,"K06411",0.986782133090246,1,FALSE,FALSE,FALSE,FALSE
"K06410",0.119,0,0.862,-30.6,175,0.0124,NA,"K06410",0.986782133090246,1,FALSE,FALSE,FALSE,FALSE
"K06414",0.114,0,0.32,-60.7,60.8,0.0705,NA,"K06414",0.954968944099379,1,FALSE,FALSE,FALSE,FALSE
"K17828",0.124,0,0.671,40.4,94.9,0.0301,NA,"K17828",0.986184597295709,1,FALSE,FALSE,FALSE,FALSE
"K02823",0.124,0,0.671,40.4,94.9,0.0301,NA,"K02823",0.986184597295709,1,FALSE,FALSE,FALSE,FALSE
"K03091",0.119,0,0.862,-30.6,175,0.0124,NA,"K03091",0.986782133090246,1,FALSE,FALSE,FALSE,FALSE
"K06383",0.119,0,0.862,-30.6,175,0.0124,NA,"K06383",0.986782133090246,1,FALSE,FALSE,FALSE,FALSE
"K08384",0.119,0,0.862,-30.6,175,0.0124,NA,"K08384",0.986782133090246,1,FALSE,FALSE,FALSE,FALSE
"K15640",0.129,0,0.913,5.48,50.2,0.00774,NA,"K15640",0.992884864165589,1,FALSE,FALSE,FALSE,FALSE
"K13237",0.0299,0,0.444,-85.4,111,0.0543,NA,"K13237",0.97027972027972,1,FALSE,FALSE,FALSE,FALSE
"K01208",0.0846,0,0.887,10.7,74.9,0.0101,NA,"K01208",0.992836355495858,1,FALSE,FALSE,FALSE,FALSE
"K13566",0.0746,0,0.249,-98.6,85.4,0.0816,NA,"K13566",0.946765498652291,1,FALSE,FALSE,FALSE,FALSE
"K08966",0.144,0,0.64,-38,81,0.0332,NA,"K08966",0.981408107284365,1,FALSE,FALSE,FALSE,FALSE
"K20118",0.119,0,0.862,-30.6,175,0.0124,NA,"K20118",0.986782133090246,1,FALSE,FALSE,FALSE,FALSE
"K03480",0.109,0,0.571,-39.2,69.1,0.0402,NA,"K03480",0.981408107284365,1,FALSE,FALSE,FALSE,FALSE
"K09763",0.144,0,0.217,92.4,74.5,0.0875,NA,"K09763",0.940207972270364,1,FALSE,FALSE,FALSE,FALSE
"K06408",0.119,0,0.862,-30.6,175,0.0124,NA,"K06408",0.986782133090246,1,FALSE,FALSE,FALSE,FALSE
"K06407",0.119,0,0.862,-30.6,175,0.0124,NA,"K06407",0.986782133090246,1,FALSE,FALSE,FALSE,FALSE
"K06406",0.119,0,0.862,-30.6,175,0.0124,NA,"K06406",0.986782133090246,1,FALSE,FALSE,FALSE,FALSE
"K06405",0.119,0,0.862,-30.6,175,0.0124,NA,"K06405",0.986782133090246,1,FALSE,FALSE,FALSE,FALSE
"K06404",0.119,0,0.862,-30.6,175,0.0124,NA,"K06404",0.986782133090246,1,FALSE,FALSE,FALSE,FALSE
"K06403",0.119,0,0.862,-30.6,175,0.0124,NA,"K06403",0.986782133090246,1,FALSE,FALSE,FALSE,FALSE
"K06379",0.119,0,0.862,-30.6,175,0.0124,NA,"K06379",0.986782133090246,1,FALSE,FALSE,FALSE,FALSE
"K06378",0.119,0,0.862,-30.6,175,0.0124,NA,"K06378",0.986782133090246,1,FALSE,FALSE,FALSE,FALSE
"K23060",0.119,0,0.77,-31.8,109,0.0207,NA,"K23060",0.986782133090246,1,FALSE,FALSE,FALSE,FALSE
"K00634",0.0846,0,0.716,-19,52.1,0.0258,NA,"K00634",0.986782133090246,1,FALSE,FALSE,FALSE,FALSE
"K07699",0.119,0,0.668,42.7,99.4,0.0304,NA,"K07699",0.985832349468713,1,FALSE,FALSE,FALSE,FALSE
"K06399",0.114,0,0.927,8.93,97.7,0.00648,NA,"K06399",0.993589743589744,1,FALSE,FALSE,FALSE,FALSE
"K06397",0.119,0,0.862,-30.6,175,0.0124,NA,"K06397",0.986782133090246,1,FALSE,FALSE,FALSE,FALSE
"K06396",0.119,0,0.862,-30.6,175,0.0124,NA,"K06396",0.986782133090246,1,FALSE,FALSE,FALSE,FALSE
"K06395",0.119,0,0.862,-30.6,175,0.0124,NA,"K06395",0.986782133090246,1,FALSE,FALSE,FALSE,FALSE
"K06394",0.119,0,0.862,-30.6,175,0.0124,NA,"K06394",0.986782133090246,1,FALSE,FALSE,FALSE,FALSE
"K06393",0.119,0,0.862,-30.6,175,0.0124,NA,"K06393",0.986782133090246,1,FALSE,FALSE,FALSE,FALSE
"K06392",0.119,0,0.862,-30.6,175,0.0124,NA,"K06392",0.986782133090246,1,FALSE,FALSE,FALSE,FALSE
"K06391",0.119,0,0.862,-30.6,175,0.0124,NA,"K06391",0.986782133090246,1,FALSE,FALSE,FALSE,FALSE
"K06390",0.119,0,0.862,-30.6,175,0.0124,NA,"K06390",0.986782133090246,1,FALSE,FALSE,FALSE,FALSE
"K03716",0.119,0,0.862,-30.6,175,0.0124,NA,"K03716",0.986782133090246,1,FALSE,FALSE,FALSE,FALSE
"K25564",0.0348,0,0.8,-24.4,96.4,0.0179,NA,"K25564",0.986782133090246,1,FALSE,FALSE,FALSE,FALSE
"K02247",0.0846,0,0.642,22.4,48.1,0.033,NA,"K02247",0.981408107284365,1,FALSE,FALSE,FALSE,FALSE
"K02243",0.0896,0,0.782,-18.9,68.2,0.0196,NA,"K02243",0.986782133090246,1,FALSE,FALSE,FALSE,FALSE
"K16881",0.0199,0,0.919,9.62,94.8,0.00719,NA,"K16881",0.992884864165589,1,FALSE,FALSE,FALSE,FALSE
"K23774",0.119,0,0.118,218,139,0.111,NA,"K23774",0.851370851370851,1,FALSE,FALSE,FALSE,FALSE
"K06438",0.119,0,0.862,-30.6,175,0.0124,NA,"K06438",0.986782133090246,1,FALSE,FALSE,FALSE,FALSE
"K06012",0.119,0,0.862,-30.6,175,0.0124,NA,"K06012",0.986782133090246,1,FALSE,FALSE,FALSE,FALSE
"K02239",0.119,0,0.862,-30.6,175,0.0124,NA,"K02239",0.986782133090246,1,FALSE,FALSE,FALSE,FALSE
"K17216",0.104,0,0.631,-66.1,138,0.034,NA,"K17216",0.981408107284365,1,FALSE,FALSE,FALSE,FALSE
"K17462",0.104,0,0.631,-66.1,138,0.034,NA,"K17462",0.981408107284365,1,FALSE,FALSE,FALSE,FALSE
"K21468",0.119,0,0.862,-30.6,175,0.0124,NA,"K21468",0.986782133090246,1,FALSE,FALSE,FALSE,FALSE
"K06318",0.119,0,0.862,-30.6,175,0.0124,NA,"K06318",0.986782133090246,1,FALSE,FALSE,FALSE,FALSE
"K06370",0.119,0,0.862,-30.6,175,0.0124,NA,"K06370",0.986782133090246,1,FALSE,FALSE,FALSE,FALSE
"K06375",0.119,0,0.668,42.7,99.4,0.0304,NA,"K06375",0.985832349468713,1,FALSE,FALSE,FALSE,FALSE
"K06401",0.119,0,0.862,-30.6,175,0.0124,NA,"K06401",0.986782133090246,1,FALSE,FALSE,FALSE,FALSE
"K06380",0.119,0,0.862,-30.6,175,0.0124,NA,"K06380",0.986782133090246,1,FALSE,FALSE,FALSE,FALSE
"K06417",0.119,0,0.862,-30.6,175,0.0124,NA,"K06417",0.986782133090246,1,FALSE,FALSE,FALSE,FALSE
"K04076",0.119,0,0.862,-30.6,175,0.0124,NA,"K04076",0.986782133090246,1,FALSE,FALSE,FALSE,FALSE
"K06298",0.119,0,0.862,-30.6,175,0.0124,NA,"K06298",0.986782133090246,1,FALSE,FALSE,FALSE,FALSE
"K01994",0.109,0,0.498,60.8,89.5,0.0481,NA,"K01994",0.975103734439834,1,FALSE,FALSE,FALSE,FALSE
"K13770",0.159,0,0.918,-12.6,122,0.00727,NA,"K13770",0.992884864165589,1,FALSE,FALSE,FALSE,FALSE
"K25113",0.0398,0,0.00445,-295,103,0.2,NA,"K25113",0.41171875,1,FALSE,FALSE,FALSE,FALSE
"K06426",0.119,0,0.862,-30.6,175,0.0124,NA,"K06426",0.986782133090246,1,FALSE,FALSE,FALSE,FALSE
"K20608",0.104,0,0.0255,245,109,0.158,NA,"K20608",0.650684931506849,1,FALSE,FALSE,FALSE,FALSE
"K06288",0.0846,0,0.938,6.61,84.4,0.00555,NA,"K06288",0.993854630218267,1,FALSE,FALSE,FALSE,FALSE
"K16789",0.0697,0,0.785,24,88,0.0194,NA,"K16789",0.986782133090246,1,FALSE,FALSE,FALSE,FALSE
"K26993",0.0896,0,0.774,17.3,60.4,0.0203,NA,"K26993",0.986782133090246,1,FALSE,FALSE,FALSE,FALSE
"K10907",0.119,0,0.862,-30.6,175,0.0124,NA,"K10907",0.986782133090246,1,FALSE,FALSE,FALSE,FALSE
"K07035",0.0945,0,0.538,48.4,78.5,0.0437,NA,"K07035",0.97676107480029,1,FALSE,FALSE,FALSE,FALSE
"K18567",0.144,0,0.739,-15.2,45.7,0.0236,NA,"K18567",0.986782133090246,1,FALSE,FALSE,FALSE,FALSE
"K24951",0.0647,0,0.263,-76.7,68.4,0.0793,NA,"K24951",0.946765498652291,1,FALSE,FALSE,FALSE,FALSE
"K00903",0.149,0,0.683,21.6,52.9,0.029,NA,"K00903",0.986782133090246,1,FALSE,FALSE,FALSE,FALSE
"K06283",0.119,0,0.862,-30.6,175,0.0124,NA,"K06283",0.986782133090246,1,FALSE,FALSE,FALSE,FALSE
"K06386",0.119,0,0.862,-30.6,175,0.0124,NA,"K06386",0.986782133090246,1,FALSE,FALSE,FALSE,FALSE
"K06381",0.139,0,0.46,-85.4,115,0.0524,NA,"K06381",0.972832600878945,1,FALSE,FALSE,FALSE,FALSE
"K20201",0.129,0,0.754,41.5,132,0.0223,NA,"K20201",0.986782133090246,1,FALSE,FALSE,FALSE,FALSE
"K06387",0.119,0,0.862,-30.6,175,0.0124,NA,"K06387",0.986782133090246,1,FALSE,FALSE,FALSE,FALSE
"K19701",0.104,0,0.699,-26.3,67.9,0.0274,NA,"K19701",0.986782133090246,1,FALSE,FALSE,FALSE,FALSE
"K21902",0.0547,0,0.0612,-238,126,0.132,NA,"K21902",0.746428571428572,1,FALSE,FALSE,FALSE,FALSE
"K21464",0.119,0,0.862,-30.6,175,0.0124,NA,"K21464",0.986782133090246,1,FALSE,FALSE,FALSE,FALSE
"K00435",0.174,0,0.239,-63.3,53.6,0.0834,NA,"K00435",0.946765498652291,1,FALSE,FALSE,FALSE,FALSE
"K06305",0.119,0,0.862,-30.6,175,0.0124,NA,"K06305",0.986782133090246,1,FALSE,FALSE,FALSE,FALSE
"K18967",0.0647,0,0.427,-94.2,118,0.0564,NA,"K18967",0.962578899909829,1,FALSE,FALSE,FALSE,FALSE
"K06595",0.0896,0,0.886,-11.9,82.7,0.0102,NA,"K06595",0.992836355495858,1,FALSE,FALSE,FALSE,FALSE
"K05339",0.0498,0,0.258,-160,141,0.0802,NA,"K05339",0.946765498652291,1,FALSE,FALSE,FALSE,FALSE
"K05338",0.0498,0,0.258,-160,141,0.0802,NA,"K05338",0.946765498652291,1,FALSE,FALSE,FALSE,FALSE
"K00491",0.124,0,0.524,-92.6,145,0.0452,NA,"K00491",0.975791433891993,1,FALSE,FALSE,FALSE,FALSE
"K16234",0.139,0,0.906,-5.36,45.3,0.00838,NA,"K16234",0.992884864165589,1,FALSE,FALSE,FALSE,FALSE
"K12988",0.0746,0,0.243,60,51.3,0.0827,NA,"K12988",0.946765498652291,1,FALSE,FALSE,FALSE,FALSE
"K11311",0.0498,0,0.75,-20,62.8,0.0226,NA,"K05599,K05600,K11311",0.986782133090246,1,FALSE,FALSE,FALSE,FALSE
"K26062",0.104,0,0.132,-111,73.5,0.107,NA,"K26062",0.855345911949686,1,FALSE,FALSE,FALSE,FALSE
"K21904",0.0995,0,0.2,-53.8,41.8,0.0908,NA,"K21904",0.932126696832579,1,FALSE,FALSE,FALSE,FALSE
"K28221",0.0448,0,0.346,-100,106,0.0668,NA,"K28221",0.954968944099379,1,FALSE,FALSE,FALSE,FALSE
"K28222",0.0448,0,0.346,-100,106,0.0668,NA,"K28222",0.954968944099379,1,FALSE,FALSE,FALSE,FALSE
"K28220",0.0448,0,0.346,-100,106,0.0668,NA,"K28220",0.954968944099379,1,FALSE,FALSE,FALSE,FALSE
"K01822",0.0448,0,0.239,-101,85.5,0.0834,NA,"K01822",0.946765498652291,1,FALSE,FALSE,FALSE,FALSE
"K16050",0.0398,0,0.517,-44,67.8,0.046,NA,"K16050",0.975103734439834,1,FALSE,FALSE,FALSE,FALSE
"K15982",0.0448,0,0.346,-100,106,0.0668,NA,"K15982",0.954968944099379,1,FALSE,FALSE,FALSE,FALSE
"K05296",0.0498,0,0.744,28.3,86.5,0.0232,NA,"K05296",0.986782133090246,1,FALSE,FALSE,FALSE,FALSE
"K18687",0.0448,0,0.346,-100,106,0.0668,NA,"K18687",0.954968944099379,1,FALSE,FALSE,FALSE,FALSE
"K16049",0.0448,0,0.346,-100,106,0.0668,NA,"K16049",0.954968944099379,1,FALSE,FALSE,FALSE,FALSE
"K28228",0.0448,0,0.346,-100,106,0.0668,NA,"K28228",0.954968944099379,1,FALSE,FALSE,FALSE,FALSE
"K28229",0.0448,0,0.346,-100,106,0.0668,NA,"K28229",0.954968944099379,1,FALSE,FALSE,FALSE,FALSE
"K28232",0.0448,0,0.346,-100,106,0.0668,NA,"K28232",0.954968944099379,1,FALSE,FALSE,FALSE,FALSE
"K28226",0.0448,0,0.346,-100,106,0.0668,NA,"K28226",0.954968944099379,1,FALSE,FALSE,FALSE,FALSE
"K28227",0.0448,0,0.346,-100,106,0.0668,NA,"K28227",0.954968944099379,1,FALSE,FALSE,FALSE,FALSE
"K28230",0.0448,0,0.346,-100,106,0.0668,NA,"K28230",0.954968944099379,1,FALSE,FALSE,FALSE,FALSE
"K28231",0.0448,0,0.346,-100,106,0.0668,NA,"K28231",0.954968944099379,1,FALSE,FALSE,FALSE,FALSE
"K28225",0.0448,0,0.346,-100,106,0.0668,NA,"K28225",0.954968944099379,1,FALSE,FALSE,FALSE,FALSE
"K17989",0.169,0,0.212,-62.1,49.6,0.0884,NA,"K17989",0.93804537521815,1,FALSE,FALSE,FALSE,FALSE
"K28678",0.0597,0,0.148,88.8,61.1,0.102,NA,"K28678",0.871613663133098,1,FALSE,FALSE,FALSE,FALSE
"K18991",0.179,0,0.669,-20.6,48.1,0.0304,NA,"K18991",0.986143867924528,1,FALSE,FALSE,FALSE,FALSE
"K22027",0.154,0,0.626,19.7,40.3,0.0346,NA,"K22027",0.981408107284365,1,FALSE,FALSE,FALSE,FALSE
"K05301",0.0448,0,0.565,-53.3,92.5,0.0408,NA,"K05301",0.981408107284365,1,FALSE,FALSE,FALSE,FALSE
"K00386",0.0448,0,0.565,-53.3,92.5,0.0408,NA,"K00386",0.981408107284365,1,FALSE,FALSE,FALSE,FALSE
"K09122",0.109,0,0.391,-48.9,56.9,0.0608,NA,"K09122",0.962578899909829,1,FALSE,FALSE,FALSE,FALSE
"K19691",0.0348,0,0.505,-65.7,98.5,0.0473,NA,"K19691",0.975103734439834,1,FALSE,FALSE,FALSE,FALSE
"K26580",0.154,0,0.978,1.1,39.9,0.00195,NA,"K26580",0.999594073472701,1,FALSE,FALSE,FALSE,FALSE
"K11264",0.0199,0,0.636,-40.1,84.6,0.0336,NA,"K11264",0.981408107284365,1,FALSE,FALSE,FALSE,FALSE
"K18292",0.0995,0,0.393,-43.8,51.1,0.0606,NA,"K18292",0.962578899909829,1,FALSE,FALSE,FALSE,FALSE
"K18291",0.0846,0,0.402,-50.9,60.6,0.0594,NA,"K18291",0.962578899909829,1,FALSE,FALSE,FALSE,FALSE
"K09123",0.209,0,0.547,30.4,50.4,0.0427,NA,"K09123",0.980565371024735,1,FALSE,FALSE,FALSE,FALSE
"K10622",0.0299,0,0.698,-24.5,63.1,0.0275,NA,"K10622",0.986782133090246,1,FALSE,FALSE,FALSE,FALSE
"K03396",0.139,0,0.0365,-108,51.4,0.148,NA,"K03396",0.710069444444444,1,FALSE,FALSE,FALSE,FALSE
"K27108",0.189,0,0.105,-95,58.3,0.115,NA,"K27108",0.826771653543307,1,FALSE,FALSE,FALSE,FALSE
"K09129",0.0995,0,0.552,-28.3,47.5,0.0422,NA,"K09129",0.980565371024735,1,FALSE,FALSE,FALSE,FALSE
"K12253",0.0896,0,0.273,-69.9,63.6,0.0777,NA,"K12253",0.946765498652291,1,FALSE,FALSE,FALSE,FALSE
"K15234",0.0149,0,0.657,34.9,78.4,0.0315,NA,"K15234",0.98294434470377,1,FALSE,FALSE,FALSE,FALSE
"K22505",0.0249,0,0.72,28.7,79.8,0.0255,NA,"K13285,K22505",0.986782133090246,1,FALSE,FALSE,FALSE,FALSE
"K22487",0.0199,0,0.704,33.7,88.5,0.027,NA,"K13286,K13287,K22487,K22488,K22506,K22507,K22508,K22509,K22510",0.986782133090246,1,FALSE,FALSE,FALSE,FALSE
"K22486",0.0149,0,0.534,60,96.3,0.0441,NA,"K22486,K22513",0.97676107480029,1,FALSE,FALSE,FALSE,FALSE
"K22511",0.0249,0,0.97,-2.57,68.6,0.00266,NA,"K22504,K22511",0.99938182567484,1,FALSE,FALSE,FALSE,FALSE
"K00669",0.0348,0,0.997,0.221,56.8,0.000276,NA,"K00669",0.999799839871897,1,FALSE,FALSE,FALSE,FALSE
"K10677",0.0149,0,0.287,90.3,84.6,0.0755,NA,"K10677",0.949241924851681,1,FALSE,FALSE,FALSE,FALSE
"K25596",0.0448,0,0.451,43.4,57.5,0.0535,NA,"K25596",0.972832600878945,1,FALSE,FALSE,FALSE,FALSE
"K01160",0.0796,0,0.601,16.4,31.4,0.0371,NA,"K01160",0.981408107284365,1,FALSE,FALSE,FALSE,FALSE
"K23138",0.159,0,0.884,-7.9,53.9,0.0104,NA,"K23138",0.992143658810326,1,FALSE,FALSE,FALSE,FALSE
"K05363",0.0547,0,0.238,-83.2,70.3,0.0835,NA,"K05363",0.946765498652291,1,FALSE,FALSE,FALSE,FALSE
"K02803",0.0498,0,0.504,-38,56.8,0.0474,NA,"K02803",0.975103734439834,1,FALSE,FALSE,FALSE,FALSE
"K08884",0.0796,0,0.672,-22.5,53,0.03,NA,"K08884",0.986204872321691,1,FALSE,FALSE,FALSE,FALSE
"K27097",0.0597,0,0.403,43.9,52.3,0.0594,NA,"K27097",0.962578899909829,1,FALSE,FALSE,FALSE,FALSE
"K27088",0.0149,0,0.725,-29.8,84.6,0.025,NA,"K27088",0.986782133090246,1,FALSE,FALSE,FALSE,FALSE
"K01500",0.0398,0,0.396,62.7,73.7,0.0603,NA,"K01500",0.962578899909829,1,FALSE,FALSE,FALSE,FALSE
"K23980",0.0448,0,0.0919,-124,73,0.119,NA,"K23980",0.808130081300813,1,FALSE,FALSE,FALSE,FALSE
"K25230",0.0299,0,0.276,-68.4,62.5,0.0773,NA,"K25230",0.946765498652291,1,FALSE,FALSE,FALSE,FALSE
"K21302",0.0348,0,0.226,-83.7,69,0.0857,NA,"K21302",0.946765498652291,1,FALSE,FALSE,FALSE,FALSE
"K01212",0.104,0,0.125,88.1,57.1,0.109,NA,"K01212",0.855345911949686,1,FALSE,FALSE,FALSE,FALSE
"K09692",0.129,0,0.945,3.05,44.3,0.00488,NA,"K09692",0.995785036880927,1,FALSE,FALSE,FALSE,FALSE
"K04618",0.0299,0,0.427,-66.6,83.7,0.0563,NA,"K04618",0.962578899909829,1,FALSE,FALSE,FALSE,FALSE
"K13671",0.0597,0,0.609,-40.2,78.5,0.0362,NA,"K13671",0.981408107284365,1,FALSE,FALSE,FALSE,FALSE
"K25952",0.0846,0,0.735,14.8,43.6,0.024,NA,"K25952",0.986782133090246,1,FALSE,FALSE,FALSE,FALSE
"K24694",0.0249,0,0.0505,-154,78.3,0.138,NA,"K24694",0.736151603498542,1,FALSE,FALSE,FALSE,FALSE
"K24695",0.0199,0,0.15,-113,78.5,0.102,NA,"K24695",0.873108265424913,1,FALSE,FALSE,FALSE,FALSE
"K24696",0.0249,0,0.0505,-154,78.3,0.138,NA,"K24696",0.736151603498542,1,FALSE,FALSE,FALSE,FALSE
"K24693",0.0249,0,0.0505,-154,78.3,0.138,NA,"K24693",0.736151603498542,1,FALSE,FALSE,FALSE,FALSE
"K24697",0.0249,0,0.0505,-154,78.3,0.138,NA,"K24697",0.736151603498542,1,FALSE,FALSE,FALSE,FALSE
"K24698",0.0249,0,0.0505,-154,78.3,0.138,NA,"K24698",0.736151603498542,1,FALSE,FALSE,FALSE,FALSE
"K16237",0.0199,0,0.428,-116,146,0.0562,NA,"K06860,K07465,K08256,K11611,K15525,K16237,K18958,K21514,K22306,K22311",0.963529941467807,1,FALSE,FALSE,FALSE,FALSE
"K18232",0.0149,0,0.737,-56.3,167,0.0238,NA,"K18232",0.986782133090246,1,FALSE,FALSE,FALSE,FALSE
"K16168",0.119,0,0.0503,-142,72.3,0.138,NA,"K16168",0.736151603498542,1,FALSE,FALSE,FALSE,FALSE
"K11355",0.0199,0,0.95,-6.44,102,0.00446,NA,"K11355",0.996642887117079,1,FALSE,FALSE,FALSE,FALSE
"K25140",0.0597,0,0.448,-50.9,67,0.0538,NA,"K25140,K25141",0.972832600878945,1,FALSE,FALSE,FALSE,FALSE
"K10200",0.0448,0,0.862,14.4,82.8,0.0123,NA,"K10200",0.986782133090246,1,FALSE,FALSE,FALSE,FALSE
"K10201",0.0249,0,0.588,-49.7,91.6,0.0385,NA,"K10201,K10202",0.981408107284365,1,FALSE,FALSE,FALSE,FALSE
"K02352",0.0299,0,0.124,107,69.2,0.109,NA,"K02352",0.855345911949686,1,FALSE,FALSE,FALSE,FALSE
"K17810",0.0448,0,0.476,64.5,90.3,0.0506,NA,"K17810",0.972832600878945,1,FALSE,FALSE,FALSE,FALSE
"K15878",0.0199,0,0.963,3.84,82.4,0.00331,NA,"K15878",0.998756734355574,1,FALSE,FALSE,FALSE,FALSE
"K02626",0.0149,0,0.737,-56.3,167,0.0238,NA,"K02626",0.986782133090246,1,FALSE,FALSE,FALSE,FALSE
"K23262",0.0348,0,0.981,2.73,116,0.00167,NA,"K23262",0.999594073472701,1,FALSE,FALSE,FALSE,FALSE
"K25672",0.0547,0,0.254,69.2,60.5,0.0808,NA,"K25672",0.946765498652291,1,FALSE,FALSE,FALSE,FALSE
"K01634",0.0299,0,0.503,-49.3,73.4,0.0475,NA,"K01634",0.975103734439834,1,FALSE,FALSE,FALSE,FALSE
"K18909",0.0398,0,0.884,12.6,86.5,0.0103,NA,"K18909",0.992143658810326,1,FALSE,FALSE,FALSE,FALSE
"K18908",0.0299,0,0.781,-19.9,71.6,0.0197,NA,"K18908",0.986782133090246,1,FALSE,FALSE,FALSE,FALSE
"K01727",0.0398,0,0.26,96.5,85.4,0.0799,NA,"K01727",0.946765498652291,1,FALSE,FALSE,FALSE,FALSE
"K05342",0.0647,0,0.147,110,75.5,0.103,NA,"K05342",0.871613663133098,1,FALSE,FALSE,FALSE,FALSE
"K00360",0.0149,0,0.737,-56.3,167,0.0238,NA,"K00360",0.986782133090246,1,FALSE,FALSE,FALSE,FALSE
"K09693",0.0846,0,0.711,-39,105,0.0263,NA,"K09693",0.986782133090246,1,FALSE,FALSE,FALSE,FALSE
"K25675",0.0647,0,0.386,-96.9,111,0.0615,NA,"K25674,K25675",0.962578899909829,1,FALSE,FALSE,FALSE,FALSE
"K21471",0.0348,0,0.19,-132,100,0.0927,NA,"K21471",0.925925925925926,1,FALSE,FALSE,FALSE,FALSE
"K22247",0.0597,0,0.903,4.91,40.3,0.00863,NA,"K22247",0.992884864165589,1,FALSE,FALSE,FALSE,FALSE
"K13940",0.0149,0,0.737,-56.3,167,0.0238,NA,"K13940",0.986782133090246,1,FALSE,FALSE,FALSE,FALSE
"K01180",0.0199,0,0.54,-45.9,74.9,0.0434,NA,"K01180",0.977198697068404,1,FALSE,FALSE,FALSE,FALSE
"K02062",0.0149,0,0.53,56.3,89.5,0.0445,NA,"K02062",0.976418570375829,1,FALSE,FALSE,FALSE,FALSE
"K28149",0.0149,0,0.951,4.5,73.2,0.00435,NA,"K28149",0.996646405365751,1,FALSE,FALSE,FALSE,FALSE
"K18195",0.0199,0,0.252,-152,132,0.0811,NA,"K18195",0.946765498652291,1,FALSE,FALSE,FALSE,FALSE
"K02103",0.104,0,0.283,76.5,71,0.0761,NA,"K02103",0.949027498323273,1,FALSE,FALSE,FALSE,FALSE
"K03882",0.0149,0,0.0992,-182,110,0.117,NA,"K03882",0.808130081300813,1,FALSE,FALSE,FALSE,FALSE
"K01054",0.0498,0,0.3,-107,103,0.0735,NA,"K01054",0.954968944099379,1,FALSE,FALSE,FALSE,FALSE
"K09706",0.0199,0,0.919,-9.61,94,0.00725,NA,"K09706",0.992884864165589,1,FALSE,FALSE,FALSE,FALSE
"K13058",0.0199,0,0.661,-41.8,95.1,0.0311,NA,"K13058",0.983363042186572,1,FALSE,FALSE,FALSE,FALSE
"K18335",0.119,0,0.343,-87.9,92.4,0.0673,NA,"K18335",0.954968944099379,1,FALSE,FALSE,FALSE,FALSE
"K23545",0.0896,0,0.547,-57,94.5,0.0427,NA,"K23545",0.980565371024735,1,FALSE,FALSE,FALSE,FALSE
"K23547",0.0896,0,0.547,-57,94.5,0.0427,NA,"K23547",0.980565371024735,1,FALSE,FALSE,FALSE,FALSE
"K23546",0.0896,0,0.547,-57,94.5,0.0427,NA,"K23546",0.980565371024735,1,FALSE,FALSE,FALSE,FALSE
"K28465",0.0796,0,0.276,-138,126,0.0771,NA,"K18905,K28465",0.946765498652291,1,FALSE,FALSE,FALSE,FALSE
"K19813",0.114,0,0.516,33.6,51.6,0.0461,NA,"K19813",0.975103734439834,1,FALSE,FALSE,FALSE,FALSE
"K19620",0.0846,0,0.248,-108,93,0.0819,NA,"K19620",0.946765498652291,1,FALSE,FALSE,FALSE,FALSE
"K28747",0.0547,0,0.563,38.6,66.6,0.0411,NA,"K28747",0.981408107284365,1,FALSE,FALSE,FALSE,FALSE
"K18009",0.0746,0,0.913,4.28,39.1,0.00777,NA,"K18009",0.992884864165589,1,FALSE,FALSE,FALSE,FALSE
"K12953",0.0149,0,0.894,-14.8,111,0.00944,NA,"K12953",0.992884864165589,1,FALSE,FALSE,FALSE,FALSE
"K10020",0.154,0,0.72,-24.5,68.3,0.0254,NA,"K10018,K10020",0.986782133090246,1,FALSE,FALSE,FALSE,FALSE
"K10019",0.144,0,0.729,-19.5,56.1,0.0246,NA,"K10019",0.986782133090246,1,FALSE,FALSE,FALSE,FALSE
"K05991",0.0149,0,0.922,9.82,100,0.00696,NA,"K05991",0.993320405085111,1,FALSE,FALSE,FALSE,FALSE
"K00467",0.0348,0,0.833,13.7,65,0.015,NA,"K00467",0.986782133090246,1,FALSE,FALSE,FALSE,FALSE
"K15067",0.0299,0,0.357,59,63.8,0.0653,NA,"K15067",0.954968944099379,1,FALSE,FALSE,FALSE,FALSE
"K04127",0.0199,0,0.891,11,80.5,0.0097,NA,"K04127",0.992868286160018,1,FALSE,FALSE,FALSE,FALSE
"K14727",0.0199,0,0.256,-118,103,0.0805,NA,"K14727",0.946765498652291,1,FALSE,FALSE,FALSE,FALSE
"K10190",0.104,0,0.824,17,76.4,0.0158,NA,"K10188,K10189,K10190",0.986782133090246,1,FALSE,FALSE,FALSE,FALSE
"K20486",0.0746,0,0.417,58,71.3,0.0575,NA,"K20486",0.962578899909829,1,FALSE,FALSE,FALSE,FALSE
"K00320",0.0199,0,0.805,-25.1,102,0.0176,NA,"K00320",0.986782133090246,1,FALSE,FALSE,FALSE,FALSE
"K01431",0.0299,0,0.656,36.9,82.6,0.0317,NA,"K01431",0.982918789331735,1,FALSE,FALSE,FALSE,FALSE
"K24648",0.0945,0,0.986,-2.21,129,0.00122,NA,"K24648",0.999799839871897,1,FALSE,FALSE,FALSE,FALSE
"K09681",0.109,0,0.442,108,140,0.0545,NA,"K01308,K09681,K11629,K11630,K13533",0.97027972027972,1,FALSE,FALSE,FALSE,FALSE
"K17910",0.119,0,0.538,31.1,50.5,0.0437,NA,"K17910",0.97676107480029,1,FALSE,FALSE,FALSE,FALSE
"K04720",0.0995,0,0.0988,149,90,0.117,NA,"K04720",0.808130081300813,1,FALSE,FALSE,FALSE,FALSE
"K09388",0.0896,0,0.186,181,137,0.0937,NA,"K07315,K09388,K19224",0.922473012757606,1,FALSE,FALSE,FALSE,FALSE
"K01361",0.0448,0,0.371,142,158,0.0634,NA,"K00306,K01177,K01361,K07079,K11944,K22445,K24966,K24987",0.956678700361011,1,FALSE,FALSE,FALSE,FALSE
"K21285",0.0697,0,0.835,-28.4,137,0.0147,NA,"K06388,K06389,K07698,K11814,K21285,K23989",0.986782133090246,1,FALSE,FALSE,FALSE,FALSE
"K07692",0.114,0,0.126,212,138,0.108,NA,"K06209,K06285,K07692,K07718,K25528,K28166",0.855345911949686,1,FALSE,FALSE,FALSE,FALSE
"K13626",0.144,0,0.613,-24.9,49.1,0.0358,NA,"K13626",0.981408107284365,1,FALSE,FALSE,FALSE,FALSE
"K09766",0.0398,0,0.849,16,84.1,0.0135,NA,"K09766",0.986782133090246,1,FALSE,FALSE,FALSE,FALSE
"K18770",0.0348,0,0.86,-15.6,88.1,0.0126,NA,"K18770",0.986782133090246,1,FALSE,FALSE,FALSE,FALSE
"K26990",0.0846,0,0.559,83.6,143,0.0415,NA,"K03489,K03697,K06315,K11691,K11692,K23253,K23598,K26990",0.981390449438202,1,FALSE,FALSE,FALSE,FALSE
"K26992",0.0896,0,0.504,-59.1,88.3,0.0474,NA,"K26992",0.975103734439834,1,FALSE,FALSE,FALSE,FALSE
"K08693",0.0746,0,0.726,35.8,102,0.0249,NA,"K08693,K26745",0.986782133090246,1,FALSE,FALSE,FALSE,FALSE
"K14940",0.0547,0,0.103,179,109,0.115,NA,"K14940",0.822683706070288,1,FALSE,FALSE,FALSE,FALSE
"K24989",0.0597,0,0.507,69.3,104,0.0471,NA,"K24989",0.975103734439834,1,FALSE,FALSE,FALSE,FALSE
"K03693",0.0746,0,0.127,184,121,0.108,NA,"K03693",0.855345911949686,1,FALSE,FALSE,FALSE,FALSE
"K20859",0.0299,0,0.996,0.477,99.8,0.000339,NA,"K20859",0.999799839871897,1,FALSE,FALSE,FALSE,FALSE
"K22981",0.0597,0,0.0994,240,145,0.117,NA,"K16044,K21479,K22981",0.808130081300813,1,FALSE,FALSE,FALSE,FALSE
"K21114",0.0398,0,0.338,100,104,0.0679,NA,"K21114",0.954968944099379,1,FALSE,FALSE,FALSE,FALSE
"K03483",0.0945,0,0.455,67,89.5,0.053,NA,"K03483",0.972832600878945,1,FALSE,FALSE,FALSE,FALSE
"K18654",0.0846,0,0.886,13,90.9,0.0102,NA,"K18654",0.992836355495858,1,FALSE,FALSE,FALSE,FALSE
"K00076",0.0995,0,0.632,25.8,53.6,0.034,NA,"K00076",0.981408107284365,1,FALSE,FALSE,FALSE,FALSE
"K02385",0.139,0,0.351,-47,50.3,0.0661,NA,"K02385",0.954968944099379,1,FALSE,FALSE,FALSE,FALSE
"K25086",0.0896,0,0.022,286,124,0.161,NA,"K25086,K25087,K25088",0.613888888888889,1,FALSE,FALSE,FALSE,FALSE
"K28891",0.0796,0,0.0161,297,122,0.17,NA,"K28891",0.579136690647482,1,FALSE,FALSE,FALSE,FALSE
"K02241",0.0647,0,0.43,-64.1,81.1,0.056,NA,"K02241",0.963774597495528,1,FALSE,FALSE,FALSE,FALSE
"K28526",0.0547,0,0.757,-19,61.5,0.0219,NA,"K28526",0.986782133090246,1,FALSE,FALSE,FALSE,FALSE
"K00680",0.0348,0,0.797,-16.5,64.2,0.0183,NA,"K00680",0.986782133090246,1,FALSE,FALSE,FALSE,FALSE
"K24117",0.0945,0,0.592,32.8,61.1,0.038,NA,"K24117",0.981408107284365,1,FALSE,FALSE,FALSE,FALSE
"K16957",0.114,0,0.638,34.3,72.9,0.0334,NA,"K16957",0.981408107284365,1,FALSE,FALSE,FALSE,FALSE
"K16958",0.0995,0,0.636,46.5,98.1,0.0336,NA,"K16958,K16959",0.981408107284365,1,FALSE,FALSE,FALSE,FALSE
"K16960",0.0796,0,0.973,-2.18,63.8,0.00242,NA,"K16960",0.999589069241833,1,FALSE,FALSE,FALSE,FALSE
"K10780",0.0945,0,0.451,91.4,121,0.0535,NA,"K10780",0.972832600878945,1,FALSE,FALSE,FALSE,FALSE
"K16849",0.0299,0,0.364,96.9,107,0.0643,NA,"K16849",0.954968944099379,1,FALSE,FALSE,FALSE,FALSE
"K21140",0.0398,0,0.469,53.6,73.8,0.0514,NA,"K21140",0.972832600878945,1,FALSE,FALSE,FALSE,FALSE
"K00710",0.0299,0,0.996,0.477,99.8,0.000339,NA,"K00710",0.999799839871897,1,FALSE,FALSE,FALSE,FALSE
"K06322",0.0299,0,0.488,-69.3,99.9,0.0492,NA,"K06322",0.97366320830008,1,FALSE,FALSE,FALSE,FALSE
"K13006",0.0149,0,0.977,2.03,70.3,0.00205,NA,"K13006",0.999594073472701,1,FALSE,FALSE,FALSE,FALSE
"K06439",0.0597,0,0.551,40.4,67.7,0.0423,NA,"K06439,K06440",0.980565371024735,1,FALSE,FALSE,FALSE,FALSE
"K16236",0.0547,0,0.502,71.2,106,0.0476,NA,"K16236",0.975103734439834,1,FALSE,FALSE,FALSE,FALSE
"K06342",0.0896,0,0.766,-29.8,100,0.0211,NA,"K06341,K06342",0.986782133090246,1,FALSE,FALSE,FALSE,FALSE
"K07696",0.0697,0,0.464,70.3,95.9,0.0519,NA,"K07683,K07696,K10851",0.972832600878945,1,FALSE,FALSE,FALSE,FALSE
"K02006",0.0498,0,0.761,41.7,137,0.0216,NA,"K02006,K02009",0.986782133090246,1,FALSE,FALSE,FALSE,FALSE
"K05934",0.139,0,0.213,56.5,45.2,0.0882,NA,"K05934",0.93804537521815,1,FALSE,FALSE,FALSE,FALSE
"K16901",0.0299,0,0.744,-25,76.6,0.0231,NA,"K16901",0.986782133090246,1,FALSE,FALSE,FALSE,FALSE
"K06434",0.109,0,0.633,45.1,94.5,0.0338,NA,"K06434",0.981408107284365,1,FALSE,FALSE,FALSE,FALSE
"K28880",0.119,0,0.77,-18.5,63.2,0.0208,NA,"K28880",0.986782133090246,1,FALSE,FALSE,FALSE,FALSE
"K00801",0.119,0,0.0577,184,96.5,0.134,NA,"K00801",0.746428571428572,1,FALSE,FALSE,FALSE,FALSE
"K06208",0.0995,0,0.513,79.4,121,0.0464,NA,"K06208",0.975103734439834,1,FALSE,FALSE,FALSE,FALSE
"K22443",0.0448,0,0.578,42.2,75.7,0.0395,NA,"K22443",0.981408107284365,1,FALSE,FALSE,FALSE,FALSE
"K01743",0.0299,0,0.515,46.1,70.7,0.0462,NA,"K01743",0.975103734439834,1,FALSE,FALSE,FALSE,FALSE
"K18939",0.0896,0,0.749,-40.3,126,0.0227,NA,"K18939",0.986782133090246,1,FALSE,FALSE,FALSE,FALSE
"K10938",0.0796,0,0.279,77.6,71.5,0.0767,NA,"K10938",0.946765498652291,1,FALSE,FALSE,FALSE,FALSE
"K10133",0.0299,0,0.364,96.9,107,0.0643,NA,"K10133",0.954968944099379,1,FALSE,FALSE,FALSE,FALSE
"K23398",0.0597,0,0.758,13.3,43,0.0219,NA,"K23398",0.986782133090246,1,FALSE,FALSE,FALSE,FALSE
"K04019",0.0647,0,0.971,-3.2,89.2,0.00254,NA,"K04019",0.999589069241833,1,FALSE,FALSE,FALSE,FALSE
"K04023",0.0796,0,0.365,-43.5,47.9,0.0643,NA,"K04023",0.954968944099379,1,FALSE,FALSE,FALSE,FALSE
"K06329",0.0547,0,0.694,25.5,64.7,0.0279,NA,"K06329",0.986782133090246,1,FALSE,FALSE,FALSE,FALSE
"K23183",0.0597,0,0.487,-58,83.2,0.0493,NA,"K23183",0.972832600878945,1,FALSE,FALSE,FALSE,FALSE
"K23184",0.0348,0,0.245,-88,75.4,0.0824,NA,"K23184",0.946765498652291,1,FALSE,FALSE,FALSE,FALSE
"K06429",0.0697,0,0.609,39.2,76.5,0.0363,NA,"K06429",0.981408107284365,1,FALSE,FALSE,FALSE,FALSE
"K23776",0.0945,0,0.542,56.9,93.2,0.0433,NA,"K23776",0.979046242774567,1,FALSE,FALSE,FALSE,FALSE
"K22342",0.109,0,0.219,46.8,37.9,0.0872,NA,"K22342,K22344",0.941226575809199,1,FALSE,FALSE,FALSE,FALSE
"K22343",0.0945,0,0.259,46,40.7,0.08,NA,"K22343",0.946765498652291,1,FALSE,FALSE,FALSE,FALSE
"K00917",0.0149,0,0.879,-12.1,79.3,0.0108,NA,"K00917",0.991204330175913,1,FALSE,FALSE,FALSE,FALSE
"K11815",0.0647,0,0.672,33.5,79.1,0.03,NA,"K11815",0.986204872321691,1,FALSE,FALSE,FALSE,FALSE
"K10711",0.0746,0,0.139,130,87.2,0.105,NA,"K10711",0.864427860696518,1,FALSE,FALSE,FALSE,FALSE
"K19540",0.0597,0,0.762,26.1,86,0.0215,NA,"K19540",0.986782133090246,1,FALSE,FALSE,FALSE,FALSE
"K07069",0.109,0,0.678,20.5,49.3,0.0295,NA,"K07069",0.986782133090246,1,FALSE,FALSE,FALSE,FALSE
"K16173",0.0498,0,0.141,194,131,0.104,NA,"K16173",0.868226600985222,1,FALSE,FALSE,FALSE,FALSE
"K18702",0.0746,0,0.415,43.5,53.3,0.0578,NA,"K18702",0.962578899909829,1,FALSE,FALSE,FALSE,FALSE
"K16838",0.0398,0,0.866,-17.2,102,0.012,NA,"K16838",0.986782133090246,1,FALSE,FALSE,FALSE,FALSE
"K06338",0.0348,0,0.794,-20.3,77.7,0.0185,NA,"K06338",0.986782133090246,1,FALSE,FALSE,FALSE,FALSE
"K18235",0.119,0,0.449,-26.5,34.9,0.0537,NA,"K18235",0.972832600878945,1,FALSE,FALSE,FALSE,FALSE
"K15584",0.104,0,0.969,2.01,52.1,0.00274,NA,"K10824,K15584",0.998969072164948,1,FALSE,FALSE,FALSE,FALSE
"K15585",0.109,0,0.995,0.377,60.2,0.000444,NA,"K15585,K15586",0.999799839871897,1,FALSE,FALSE,FALSE,FALSE
"K15587",0.0995,0,0.889,-9.34,66.6,0.00994,NA,"K15587",0.992868286160018,1,FALSE,FALSE,FALSE,FALSE
"K23684",0.0199,0,0.105,235,144,0.115,NA,"K07449,K10212,K23684",0.826771653543307,1,FALSE,FALSE,FALSE,FALSE
"K08174",0.0547,0,0.473,-68.6,95.5,0.0509,NA,"K08174",0.972832600878945,1,FALSE,FALSE,FALSE,FALSE
"K24995",0.0249,0,0.981,-1.83,76.3,0.0017,NA,"K24995",0.999594073472701,1,FALSE,FALSE,FALSE,FALSE
"K19286",0.0398,0,0.367,111,123,0.0639,NA,"K19286",0.954968944099379,1,FALSE,FALSE,FALSE,FALSE
"K14597",0.0398,0,0.571,33.2,58.4,0.0402,NA,"K10210,K14597",0.981408107284365,1,FALSE,FALSE,FALSE,FALSE
"K21463",0.0149,0,0.281,207,191,0.0764,NA,"K21463",0.946765498652291,1,FALSE,FALSE,FALSE,FALSE
"K22369",0.0448,0,0.603,67.9,130,0.0369,NA,"K22369",0.981408107284365,1,FALSE,FALSE,FALSE,FALSE
"K05519",0.0398,0,0.821,-33.6,148,0.0161,NA,"K05519,K06608,K07650,K11440,K16199,K16200,K16202,K16331,K26739,K26932",0.986782133090246,1,FALSE,FALSE,FALSE,FALSE
"K16902",0.0149,0,0.502,-53.2,79.1,0.0476,NA,"K16902",0.975103734439834,1,FALSE,FALSE,FALSE,FALSE
"K10211",0.0149,0,0.281,207,191,0.0764,NA,"K10211",0.946765498652291,1,FALSE,FALSE,FALSE,FALSE
"K10120",0.0348,0,0.32,72.9,73.1,0.0705,NA,"K10120,K10121,K10122",0.954968944099379,1,FALSE,FALSE,FALSE,FALSE
"K02538",0.0299,0,0.216,115,92.5,0.0877,NA,"K02538",0.938314509122502,1,FALSE,FALSE,FALSE,FALSE
"K07680",0.0597,0,0.461,-73.7,99.8,0.0523,NA,"K07680",0.972832600878945,1,FALSE,FALSE,FALSE,FALSE
"K06046",0.0199,0,0.395,69.1,81,0.0604,NA,"K06046",0.962578899909829,1,FALSE,FALSE,FALSE,FALSE
"K06290",0.0746,0,0.532,52.7,84.3,0.0443,NA,"K06290",0.97676107480029,1,FALSE,FALSE,FALSE,FALSE
"K06289",0.0697,0,0.373,64.2,71.9,0.0632,NA,"K06289",0.957883923985619,1,FALSE,FALSE,FALSE,FALSE
"K07770",0.0597,0,0.442,91,118,0.0545,NA,"K07770,K22043",0.97027972027972,1,FALSE,FALSE,FALSE,FALSE
"K19082",0.0149,0,0.64,55.9,119,0.0332,NA,"K19082",0.981408107284365,1,FALSE,FALSE,FALSE,FALSE
"K20989",0.0149,0,0.281,207,191,0.0764,NA,"K20989",0.946765498652291,1,FALSE,FALSE,FALSE,FALSE
"K03339",0.0348,0,0.919,-5.61,55.2,0.00721,NA,"K03339",0.992884864165589,1,FALSE,FALSE,FALSE,FALSE
"K22103",0.0448,0,0.742,31.2,94.7,0.0233,NA,"K22103",0.986782133090246,1,FALSE,FALSE,FALSE,FALSE
"K04041",0.0448,0,0.122,190,122,0.109,NA,"K04041",0.855345911949686,1,FALSE,FALSE,FALSE,FALSE
"K20485",0.0149,0,0.979,-2.21,84.2,0.00186,NA,"K20485",0.999594073472701,1,FALSE,FALSE,FALSE,FALSE
"K10708",0.0697,0,0.159,88.1,62.3,0.0997,NA,"K10708",0.881374722838137,1,FALSE,FALSE,FALSE,FALSE
"K16170",0.0398,0,0.344,63.5,66.9,0.0671,NA,"K16170",0.954968944099379,1,FALSE,FALSE,FALSE,FALSE
"K25519",0.0448,0,0.146,98.2,67.3,0.103,NA,"K25519",0.869047619047619,1,FALSE,FALSE,FALSE,FALSE
"K16956",0.0149,0,0.281,207,191,0.0764,NA,"K16956",0.946765498652291,1,FALSE,FALSE,FALSE,FALSE
"K01568",0.0149,0,0.408,-78.9,95.2,0.0586,NA,"K01568",0.962578899909829,1,FALSE,FALSE,FALSE,FALSE
"K11640",0.0498,0,0.929,-9.12,102,0.00634,NA,"K11640,K11641",0.993589743589744,1,FALSE,FALSE,FALSE,FALSE
"K24620",0.0448,0,0.776,27.7,97.5,0.0201,NA,"K24620",0.986782133090246,1,FALSE,FALSE,FALSE,FALSE
"K10208",0.0498,0,0.763,-34.5,114,0.0214,NA,"K10208",0.986782133090246,1,FALSE,FALSE,FALSE,FALSE
"K10209",0.0348,0,0.802,15,59.9,0.0178,NA,"K10209",0.986782133090246,1,FALSE,FALSE,FALSE,FALSE
"K14387",0.0149,0,0.281,207,191,0.0764,NA,"K14387",0.946765498652291,1,FALSE,FALSE,FALSE,FALSE
"K22109",0.0647,0,0.985,-2.45,128,0.00136,NA,"K22109",0.999594073472701,1,FALSE,FALSE,FALSE,FALSE
"K19350",0.0398,0,0.933,6.57,78.2,0.00596,NA,"K19350",0.993854630218267,1,FALSE,FALSE,FALSE,FALSE
"K00617",0.0149,0,0.281,207,191,0.0764,NA,"K00617",0.946765498652291,1,FALSE,FALSE,FALSE,FALSE
"K19242",0.0299,0,0.243,115,98.5,0.0828,NA,"K19242",0.946765498652291,1,FALSE,FALSE,FALSE,FALSE
"K16203",0.189,0,0.103,-111,68.1,0.115,NA,"K16203",0.822683706070288,1,FALSE,FALSE,FALSE,FALSE
"K16201",0.0348,0,0.325,-110,112,0.0697,NA,"K16201",0.954968944099379,1,FALSE,FALSE,FALSE,FALSE
"K06971",0.0995,0,0.251,-64.8,56.3,0.0814,NA,"K06971",0.946765498652291,1,FALSE,FALSE,FALSE,FALSE
"K11194",0.0149,0,0.281,207,191,0.0764,NA,"K11194",0.946765498652291,1,FALSE,FALSE,FALSE,FALSE
"K11195",0.0149,0,0.281,207,191,0.0764,NA,"K11195",0.946765498652291,1,FALSE,FALSE,FALSE,FALSE
"K11196",0.0149,0,0.281,207,191,0.0764,NA,"K11196",0.946765498652291,1,FALSE,FALSE,FALSE,FALSE
"K02771",0.0149,0,0.281,207,191,0.0764,NA,"K02771",0.946765498652291,1,FALSE,FALSE,FALSE,FALSE
"K02775",0.0697,0,0.753,17,53.7,0.0224,NA,"K02774,K02775",0.986782133090246,1,FALSE,FALSE,FALSE,FALSE
"K02773",0.0597,0,0.872,9.71,60,0.0115,NA,"K02773",0.989347234814143,1,FALSE,FALSE,FALSE,FALSE
"K21131",0.0199,0,0.915,-7.24,68.2,0.00753,NA,"K21131",0.992884864165589,1,FALSE,FALSE,FALSE,FALSE
"K18294",0.0746,0,0.0984,-90.9,54.8,0.117,NA,"K18294",0.808130081300813,1,FALSE,FALSE,FALSE,FALSE
"K17236",0.0348,0,0.794,-19.4,74.4,0.0185,NA,"K17234,K17235,K17236",0.986782133090246,1,FALSE,FALSE,FALSE,FALSE
"K07691",0.0597,0,0.505,-61.1,91.4,0.0473,NA,"K07691",0.975103734439834,1,FALSE,FALSE,FALSE,FALSE
"K18980",0.0199,0,0.418,-52.3,64.5,0.0574,NA,"K18980",0.962578899909829,1,FALSE,FALSE,FALSE,FALSE
"K01780",0.0199,0,0.48,-61.3,86.7,0.05,NA,"K01780",0.972832600878945,1,FALSE,FALSE,FALSE,FALSE
"K19973",0.0547,0,0.334,-56.8,58.6,0.0685,NA,"K19973",0.954968944099379,1,FALSE,FALSE,FALSE,FALSE
"K19976",0.0299,0,0.132,-159,105,0.107,NA,"K19975,K19976",0.855345911949686,1,FALSE,FALSE,FALSE,FALSE
"K02251",0.0299,0,0.486,-71.3,102,0.0495,NA,"K02251",0.972832600878945,1,FALSE,FALSE,FALSE,FALSE
"K17869",0.0348,0,0.398,79.9,94.4,0.0599,NA,"K17869",0.962578899909829,1,FALSE,FALSE,FALSE,FALSE
"K26609",0.0398,0,0.666,35,81.1,0.0306,NA,"K26609",0.985832349468713,1,FALSE,FALSE,FALSE,FALSE
"K00132",0.0149,0,0.446,-62.4,81.7,0.0541,NA,"K00132",0.971677559912854,1,FALSE,FALSE,FALSE,FALSE
"K04027",0.0149,0,0.446,-62.4,81.7,0.0541,NA,"K04027",0.971677559912854,1,FALSE,FALSE,FALSE,FALSE
"K21000",0.0896,0,0.0183,124,51.9,0.166,NA,"K21000",0.592024539877301,1,FALSE,FALSE,FALSE,FALSE
"K09459",0.0498,0,0.707,26.1,69.5,0.0266,NA,"K09459",0.986782133090246,1,FALSE,FALSE,FALSE,FALSE
"K01841",0.0547,0,0.699,23.4,60.6,0.0274,NA,"K01841",0.986782133090246,1,FALSE,FALSE,FALSE,FALSE
"K20488",0.0547,0,0.611,-47.7,93.6,0.0361,NA,"K20488",0.981408107284365,1,FALSE,FALSE,FALSE,FALSE
"K01678",0.0149,0,0.288,80.4,75.4,0.0754,NA,"K01678",0.949241924851681,1,FALSE,FALSE,FALSE,FALSE
"K01677",0.0149,0,0.288,80.4,75.4,0.0754,NA,"K01677",0.949241924851681,1,FALSE,FALSE,FALSE,FALSE
"K24411",0.0299,0,0.195,-135,104,0.0917,NA,"K24411",0.931232091690544,1,FALSE,FALSE,FALSE,FALSE
"K20268",0.0149,0,0.0834,-162,93.2,0.122,NA,"K20268",0.793621013133208,1,FALSE,FALSE,FALSE,FALSE
"K14333",0.0149,0,0.645,-49.1,106,0.0327,NA,"K14333",0.981735159817352,1,FALSE,FALSE,FALSE,FALSE
"K24954",0.0398,0,0.558,30.9,52.6,0.0416,NA,"K24954",0.981390449438202,1,FALSE,FALSE,FALSE,FALSE
"K24955",0.0398,0,0.416,44.9,55.1,0.0577,NA,"K24955",0.962578899909829,1,FALSE,FALSE,FALSE,FALSE
"K19163",0.0498,0,0.538,29.6,48.1,0.0437,NA,"K19163",0.97676107480029,1,FALSE,FALSE,FALSE,FALSE
"K02182",0.0597,0,0.958,-3.28,61.7,0.00377,NA,"K02182",0.997296173044925,1,FALSE,FALSE,FALSE,FALSE
"K08282",0.0448,0,0.694,36.4,92.3,0.0279,NA,"K08282",0.986782133090246,1,FALSE,FALSE,FALSE,FALSE
"K04940",0.144,0,0.223,-50,40.9,0.0863,NA,"K04940",0.942519019442096,1,FALSE,FALSE,FALSE,FALSE
"K13574",0.0697,0,0.0202,-166,70.7,0.164,NA,"K13574",0.601190476190476,1,FALSE,FALSE,FALSE,FALSE
"K25184",0.0448,0,0.428,87,109,0.0563,NA,"K25184,K25187,K25188,K25189,K25190",0.963529941467807,1,FALSE,FALSE,FALSE,FALSE
"K17939",0.0199,0,0.0729,-125,69.2,0.127,NA,"K17939",0.760869565217391,1,FALSE,FALSE,FALSE,FALSE
"K06984",0.0398,0,0.635,-62.2,131,0.0337,NA,"K00200,K00201,K00202,K00672,K01499,K06913,K06914,K06984,K07072,K07144,K07749,K09154,K09733,K10714,K15740,K18853",0.981408107284365,1,FALSE,FALSE,FALSE,FALSE
"K17830",0.0199,0,0.271,-64.1,58.1,0.078,NA,"K17830",0.946765498652291,1,FALSE,FALSE,FALSE,FALSE
"K09128",0.0149,0,0.861,19.8,113,0.0124,NA,"K09128",0.986782133090246,1,FALSE,FALSE,FALSE,FALSE
"K25517",0.0398,0,0.126,-77.1,50.2,0.108,NA,"K25517",0.855345911949686,1,FALSE,FALSE,FALSE,FALSE
"K01577",0.0299,0,0.588,-63.5,117,0.0385,NA,"K01577",0.981408107284365,1,FALSE,FALSE,FALSE,FALSE
"K18578",0.0299,0,0.599,-40.4,76.6,0.0373,NA,"K18578",0.981408107284365,1,FALSE,FALSE,FALSE,FALSE
"K15223",0.0149,0,0.0882,224,130,0.121,NA,"K15223",0.805100182149363,1,FALSE,FALSE,FALSE,FALSE
"K00772",0.0448,0,0.319,68.2,68.2,0.0707,NA,"K00772",0.954968944099379,1,FALSE,FALSE,FALSE,FALSE
"K26601",0.0299,0,0.13,103,68,0.107,NA,"K26601",0.855345911949686,1,FALSE,FALSE,FALSE,FALSE
"K22616",0.0149,0,0.0882,224,130,0.121,NA,"K22616",0.805100182149363,1,FALSE,FALSE,FALSE,FALSE
"K09960",0.0348,0,0.766,-13.9,46.8,0.0211,NA,"K09960",0.986782133090246,1,FALSE,FALSE,FALSE,FALSE
"K19731",0.0299,0,0.483,48,68.4,0.0497,NA,"K19731",0.972832600878945,1,FALSE,FALSE,FALSE,FALSE
"K17725",0.0597,0,0.796,14.2,54.7,0.0183,NA,"K17725",0.986782133090246,1,FALSE,FALSE,FALSE,FALSE
"K21678",0.0348,0,0.36,-156,170,0.0649,NA,"K00091,K06045,K07492,K13543,K18373,K18374,K18379,K18380,K18381,K21678,K22895",0.954968944099379,1,FALSE,FALSE,FALSE,FALSE
"K21393",0.0896,0,0.769,15.5,52.6,0.0208,NA,"K21393",0.986782133090246,1,FALSE,FALSE,FALSE,FALSE
"K05819",0.124,0,0.639,-19,40.6,0.0332,NA,"K05819",0.981408107284365,1,FALSE,FALSE,FALSE,FALSE
"K21802",0.109,0,0.82,9.72,42.5,0.0162,NA,"K21802",0.986782133090246,1,FALSE,FALSE,FALSE,FALSE
"K13060",0.0348,0,0.918,-11.9,115,0.00732,NA,"K13060,K18304",0.992884864165589,1,FALSE,FALSE,FALSE,FALSE
"K03285",0.0348,0,0.36,-156,170,0.0649,NA,"K03285",0.954968944099379,1,FALSE,FALSE,FALSE,FALSE
"K20250",0.0149,0,0.836,-15.9,76.6,0.0147,NA,"K20250",0.986782133090246,1,FALSE,FALSE,FALSE,FALSE
"K22704",0.0199,0,0.551,-84.4,141,0.0423,NA,"K14658,K14659,K14666,K22704",0.980565371024735,1,FALSE,FALSE,FALSE,FALSE
"K23016",0.0647,0,0.851,-21.1,112,0.0134,NA,"K23016",0.986782133090246,1,FALSE,FALSE,FALSE,FALSE
"K08677",0.0498,0,0.0915,-125,73.7,0.119,NA,"K08677",0.808130081300813,1,FALSE,FALSE,FALSE,FALSE
"K11192",0.0498,0,0.958,-5.2,99,0.00372,NA,"K11192",0.997296173044925,1,FALSE,FALSE,FALSE,FALSE
"K19622",0.0299,0,0.613,-79.8,157,0.0359,NA,"K19622",0.981408107284365,1,FALSE,FALSE,FALSE,FALSE
"K20277",0.0249,0,0.409,-107,129,0.0585,NA,"K20277",0.962578899909829,1,FALSE,FALSE,FALSE,FALSE
"K16856",0.0746,0,0.405,-48.3,57.9,0.059,NA,"K16856",0.962578899909829,1,FALSE,FALSE,FALSE,FALSE
"K07230",0.129,0,0.583,-26.5,48.3,0.0389,NA,"K07230",0.981408107284365,1,FALSE,FALSE,FALSE,FALSE
"K12141",0.0299,0,0.76,-25.6,83.7,0.0217,NA,"K12140,K12141",0.986782133090246,1,FALSE,FALSE,FALSE,FALSE
"K11474",0.0796,0,0.908,7.59,65.7,0.00819,NA,"K11474",0.992884864165589,1,FALSE,FALSE,FALSE,FALSE
"K19164",0.0597,0,0.691,19.5,49,0.0282,NA,"K19164",0.986782133090246,1,FALSE,FALSE,FALSE,FALSE
"K08178",0.0498,0,0.271,79.3,71.9,0.078,NA,"K08178",0.946765498652291,1,FALSE,FALSE,FALSE,FALSE
"K24707",0.0448,0,0.411,-117,142,0.0584,NA,"K24707",0.962578899909829,1,FALSE,FALSE,FALSE,FALSE
"K23271",0.0547,0,0.358,-77.5,84.2,0.0651,NA,"K23271",0.954968944099379,1,FALSE,FALSE,FALSE,FALSE
"K20429",0.0448,0,0.777,25.2,88.6,0.0201,NA,"K20429",0.986782133090246,1,FALSE,FALSE,FALSE,FALSE
"K24087",0.0249,0,0.731,34.6,100,0.0244,NA,"K24087,K28274",0.986782133090246,1,FALSE,FALSE,FALSE,FALSE
"K23015",0.0249,0,0.789,42.5,159,0.019,NA,"K16696,K16700,K16708,K16709,K18819,K23015,K25957,K25958",0.986782133090246,1,FALSE,FALSE,FALSE,FALSE
"K12291",0.0299,0,0.619,67.1,135,0.0353,NA,"K00048,K12291",0.981408107284365,1,FALSE,FALSE,FALSE,FALSE
"K09473",0.0348,0,0.863,-16.5,95,0.0123,NA,"K09473",0.986782133090246,1,FALSE,FALSE,FALSE,FALSE
"K00737",0.0149,0,0.878,19.3,126,0.0109,NA,"K00737,K19155",0.990747009704356,1,FALSE,FALSE,FALSE,FALSE
"K23238",0.0398,0,0.262,117,104,0.0794,NA,"K23238",0.946765498652291,1,FALSE,FALSE,FALSE,FALSE
"K28214",0.0448,0,0.867,9.42,56.4,0.0118,NA,"K28214",0.987021857923497,1,FALSE,FALSE,FALSE,FALSE
"K01093",0.0249,0,0.786,24.4,89.7,0.0192,NA,"K01093",0.986782133090246,1,FALSE,FALSE,FALSE,FALSE
"K19734",0.0149,0,0.822,21.5,95.4,0.016,NA,"K19734,K22956",0.986782133090246,1,FALSE,FALSE,FALSE,FALSE
"K12944",0.0746,0,0.949,3.76,59.2,0.0045,NA,"K12944",0.996642887117079,1,FALSE,FALSE,FALSE,FALSE
"K14596",0.0448,0,0.622,-43.6,88.3,0.035,NA,"K14596",0.981408107284365,1,FALSE,FALSE,FALSE,FALSE
"K23721",0.0299,0,0.341,-72,75.5,0.0675,NA,"K23721",0.954968944099379,1,FALSE,FALSE,FALSE,FALSE
"K11082",0.0249,0,0.791,-27.6,104,0.0188,NA,"K11081,K11082,K11084",0.986782133090246,1,FALSE,FALSE,FALSE,FALSE
"K11083",0.0199,0,0.926,10.2,109,0.0066,NA,"K11083",0.993562231759657,1,FALSE,FALSE,FALSE,FALSE
"K15547",0.0547,0,0.285,53,49.4,0.0758,NA,"K15547",0.949241924851681,1,FALSE,FALSE,FALSE,FALSE
"K15549",0.0597,0,0.299,53.5,51.3,0.0736,NA,"K15549",0.954968944099379,1,FALSE,FALSE,FALSE,FALSE
"K28520",0.0149,0,0.419,-71.2,87.9,0.0573,NA,"K28520",0.962578899909829,1,FALSE,FALSE,FALSE,FALSE
"K08196",0.0448,0,0.894,-10.7,80.2,0.00943,NA,"K08196",0.992884864165589,1,FALSE,FALSE,FALSE,FALSE
"K05817",0.0448,0,0.734,-23.2,68,0.0241,NA,"K05817",0.986782133090246,1,FALSE,FALSE,FALSE,FALSE
"K16878",0.0149,0,0.0468,218,109,0.14,NA,"K16878",0.736151603498542,1,FALSE,FALSE,FALSE,FALSE
"K16874",0.0249,0,0.394,67.6,79.2,0.0604,NA,"K16874",0.962578899909829,1,FALSE,FALSE,FALSE,FALSE
"K16707",0.0199,0,0.181,-92,68.5,0.0948,NA,"K16707",0.915991902834008,1,FALSE,FALSE,FALSE,FALSE
"K13277",0.0299,0,0.819,-32.6,142,0.0163,NA,"K13277",0.986782133090246,1,FALSE,FALSE,FALSE,FALSE
"K01216",0.0398,0,0.289,-99.3,93.3,0.0752,NA,"K01216",0.949408672798949,1,FALSE,FALSE,FALSE,FALSE
"K08164",0.0647,0,0.987,-1.37,87,0.00112,NA,"K08164",0.999799839871897,1,FALSE,FALSE,FALSE,FALSE
"K23984",0.0149,0,0.829,-18.1,83.5,0.0153,NA,"K23984",0.986782133090246,1,FALSE,FALSE,FALSE,FALSE
"K03481",0.0299,0,0.795,-30.4,117,0.0185,NA,"K03481",0.986782133090246,1,FALSE,FALSE,FALSE,FALSE
"K25617",0.0299,0,0.819,-32.6,142,0.0163,NA,"K25617",0.986782133090246,1,FALSE,FALSE,FALSE,FALSE
"K25619",0.0299,0,0.819,-32.6,142,0.0163,NA,"K25619",0.986782133090246,1,FALSE,FALSE,FALSE,FALSE
"K13276",0.0448,0,0.625,-40.6,82.9,0.0347,NA,"K13276",0.981408107284365,1,FALSE,FALSE,FALSE,FALSE
"K19355",0.0348,0,0.888,11.2,79.7,0.00997,NA,"K19355",0.992868286160018,1,FALSE,FALSE,FALSE,FALSE
"K17734",0.0299,0,0.819,-32.6,142,0.0163,NA,"K17734",0.986782133090246,1,FALSE,FALSE,FALSE,FALSE
"K17195",0.0498,0,0.788,-21.8,81.2,0.0191,NA,"K17195",0.986782133090246,1,FALSE,FALSE,FALSE,FALSE
"K25673",0.0448,0,0.909,15,131,0.00809,NA,"K22301,K25673",0.992884864165589,1,FALSE,FALSE,FALSE,FALSE
"K16918",0.0299,0,0.819,-32.6,142,0.0163,NA,"K16918",0.986782133090246,1,FALSE,FALSE,FALSE,FALSE
"K16920",0.0299,0,0.819,-32.6,142,0.0163,NA,"K16920",0.986782133090246,1,FALSE,FALSE,FALSE,FALSE
"K24072",0.0299,0,0.0509,-275,140,0.138,NA,"K24072",0.738439306358382,1,FALSE,FALSE,FALSE,FALSE
"K22299",0.0547,0,0.611,-40.6,79.5,0.0361,NA,"K22299",0.981408107284365,1,FALSE,FALSE,FALSE,FALSE
"K19429",0.0348,0,0.73,36,104,0.0245,NA,"K19429",0.986782133090246,1,FALSE,FALSE,FALSE,FALSE
"K21493",0.0398,0,0.354,65.2,70.1,0.0658,NA,"K21493",0.954968944099379,1,FALSE,FALSE,FALSE,FALSE
"K21701",0.0498,0,0.416,-115,141,0.0576,NA,"K21701",0.962578899909829,1,FALSE,FALSE,FALSE,FALSE
"K16423",0.0149,0,0.259,103,91.2,0.08,NA,"K16423",0.946765498652291,1,FALSE,FALSE,FALSE,FALSE
"K25271",0.0299,0,0.632,26.6,55.5,0.034,NA,"K25271",0.981408107284365,1,FALSE,FALSE,FALSE,FALSE
"K25272",0.0348,0,0.349,48.6,51.8,0.0663,NA,"K25272",0.954968944099379,1,FALSE,FALSE,FALSE,FALSE
"K12055",0.0249,0,0.42,53,65.6,0.0572,NA,"K12055",0.962578899909829,1,FALSE,FALSE,FALSE,FALSE
"K25904",0.0348,0,0.748,-16.6,51.7,0.0228,NA,"K25904",0.986782133090246,1,FALSE,FALSE,FALSE,FALSE
"K25903",0.0249,0,0.819,13.3,57.9,0.0162,NA,"K25903",0.986782133090246,1,FALSE,FALSE,FALSE,FALSE
"K11912",0.0945,0,0.648,-23.4,51.3,0.0324,NA,"K11912",0.982711555959964,1,FALSE,FALSE,FALSE,FALSE
"K24867",0.0647,0,0.463,50.9,69.1,0.0521,NA,"K15864,K19344,K19345,K22225,K24867,K24868",0.972832600878945,1,FALSE,FALSE,FALSE,FALSE
"K18295",0.0697,0,0.794,-15.3,58.7,0.0185,NA,"K18295",0.986782133090246,1,FALSE,FALSE,FALSE,FALSE
"K21495",0.109,0,0.366,-31.2,34.4,0.0641,NA,"K21495",0.954968944099379,1,FALSE,FALSE,FALSE,FALSE
"K11623",0.0199,0,0.773,-21,72.8,0.0205,NA,"K11623,K11624",0.986782133090246,1,FALSE,FALSE,FALSE,FALSE
"K25599",0.0249,0,0.788,52.1,194,0.019,NA,"K00701,K01062,K01227,K03340,K03856,K08260,K17077,K21142,K23059,K25599",0.986782133090246,1,FALSE,FALSE,FALSE,FALSE
"K20435",0.0149,0,0.517,-70.4,108,0.046,NA,"K20435",0.975103734439834,1,FALSE,FALSE,FALSE,FALSE
"K26741",0.0348,0,0.825,24,108,0.0157,NA,"K20460,K26741",0.986782133090246,1,FALSE,FALSE,FALSE,FALSE
"K08168",0.0348,0,0.464,54.2,73.9,0.052,NA,"K08168",0.972832600878945,1,FALSE,FALSE,FALSE,FALSE
"K20922",0.0299,0,0.604,27,52.1,0.0368,NA,"K20922",0.981408107284365,1,FALSE,FALSE,FALSE,FALSE
"K07669",0.0299,0,0.757,-47.6,153,0.022,NA,"K07669",0.986782133090246,1,FALSE,FALSE,FALSE,FALSE
"K20199",0.0299,0,0.704,29.6,77.9,0.0269,NA,"K20199",0.986782133090246,1,FALSE,FALSE,FALSE,FALSE
"K25671",0.0149,0,0.663,-45.5,104,0.0309,NA,"K25670,K25671",0.983679525222552,1,FALSE,FALSE,FALSE,FALSE
"K21298",0.0299,0,0.89,-12.6,90.7,0.00983,NA,"K21298",0.992868286160018,1,FALSE,FALSE,FALSE,FALSE
"K08869",0.0398,0,0.535,55.4,89.1,0.0441,NA,"K08869",0.97676107480029,1,FALSE,FALSE,FALSE,FALSE
"K23374",0.0149,0,0.296,-88.6,84.5,0.0741,NA,"K23374,K23375",0.952380952380952,1,FALSE,FALSE,FALSE,FALSE
"K20461",0.0448,0,0.258,92.5,81.5,0.0802,NA,"K20459,K20461",0.946765498652291,1,FALSE,FALSE,FALSE,FALSE
"K17880",0.0348,0,0.281,-85.7,79.2,0.0765,NA,"K17880",0.946765498652291,1,FALSE,FALSE,FALSE,FALSE
"K18786",0.0149,0,0.311,-96.2,94.8,0.0718,NA,"K18786",0.954968944099379,1,FALSE,FALSE,FALSE,FALSE
"K17803",0.0149,0,0.0505,193,98.1,0.138,NA,"K06928,K17803",0.736151603498542,1,FALSE,FALSE,FALSE,FALSE
"K25814",0.0249,0,0.0884,189,111,0.12,NA,"K25814",0.805100182149363,1,FALSE,FALSE,FALSE,FALSE
"K07813",0.0348,0,0.236,103,86.8,0.084,NA,"K07813",0.946765498652291,1,FALSE,FALSE,FALSE,FALSE
"K10674",0.0348,0,0.0948,177,106,0.118,NA,"K10674",0.808130081300813,1,FALSE,FALSE,FALSE,FALSE
"K28794",0.0149,0,0.398,-75.6,89.3,0.0599,NA,"K28794",0.962578899909829,1,FALSE,FALSE,FALSE,FALSE
"K18814",0.0249,0,0.883,-9.55,64.6,0.0105,NA,"K18814",0.992143658810326,1,FALSE,FALSE,FALSE,FALSE
"K07008",0.0199,0,0.519,55.9,86.4,0.0458,NA,"K07008",0.975791433891993,1,FALSE,FALSE,FALSE,FALSE
"K21164",0.0249,0,0.839,-14.3,70,0.0145,NA,"K21164",0.986782133090246,1,FALSE,FALSE,FALSE,FALSE
"K15654",0.0199,0,0.264,-73.7,65.8,0.0792,NA,"K15654",0.946765498652291,1,FALSE,FALSE,FALSE,FALSE
"K26858",0.0149,0,0.575,-49.4,88,0.0397,NA,"K26858",0.981408107284365,1,FALSE,FALSE,FALSE,FALSE
"K24288",0.0149,0,0.762,-28.6,94.1,0.0215,NA,"K24288",0.986782133090246,1,FALSE,FALSE,FALSE,FALSE
"K22618",0.119,0,0.635,-32.8,68.9,0.0337,NA,"K22618",0.981408107284365,1,FALSE,FALSE,FALSE,FALSE
"K18650",0.0149,0,0.71,-34.7,93.2,0.0264,NA,"K18650",0.986782133090246,1,FALSE,FALSE,FALSE,FALSE
"K18277",0.0448,0,0.478,39.2,55.2,0.0503,NA,"K18277",0.972832600878945,1,FALSE,FALSE,FALSE,FALSE
"K00480",0.0299,0,0.681,-25.4,61.7,0.0292,NA,"K00480",0.986782133090246,1,FALSE,FALSE,FALSE,FALSE
"K24084",0.0199,0,0.525,39.9,62.7,0.045,NA,"K24084",0.975836431226766,1,FALSE,FALSE,FALSE,FALSE
"K27873",0.0149,0,0.588,-42.6,78.5,0.0385,NA,"K27873",0.981408107284365,1,FALSE,FALSE,FALSE,FALSE
"K25099",0.0697,0,0.307,-143,139,0.0725,NA,"K01266,K04708,K16327,K19733,K20816,K22968,K25096,K25097,K25098,K25099,K25883",0.954968944099379,1,FALSE,FALSE,FALSE,FALSE
"K01593",0.0796,0,0.951,-5.45,88,0.0044,NA,"K01593",0.996646405365751,1,FALSE,FALSE,FALSE,FALSE
"K18552",0.0746,0,0.267,-130,117,0.0786,NA,"K18552",0.946765498652291,1,FALSE,FALSE,FALSE,FALSE
"K06118",0.0746,0,0.955,-6.7,119,0.004,NA,"K06118",0.997296173044925,1,FALSE,FALSE,FALSE,FALSE
"K22216",0.0896,0,0.0073,-224,82.5,0.189,NA,"K22216",0.450617283950617,1,FALSE,FALSE,FALSE,FALSE
"K19732",0.0647,0,0.354,-81.4,87.6,0.0657,NA,"K19732",0.954968944099379,1,FALSE,FALSE,FALSE,FALSE
"K22955",0.0547,0,0.0663,-98.9,53.6,0.13,NA,"K22955",0.74835886214442,1,FALSE,FALSE,FALSE,FALSE
"K07766",0.0149,0,0.901,13.7,110,0.00884,NA,"K07766",0.992884864165589,1,FALSE,FALSE,FALSE,FALSE
"K11725",0.0199,0,0.914,9.95,91.6,0.0077,NA,"K00539,K11725,K28789",0.992884864165589,1,FALSE,FALSE,FALSE,FALSE
"K11816",0.0547,0,0.493,43.7,63.7,0.0486,NA,"K11816",0.975103734439834,1,FALSE,FALSE,FALSE,FALSE
"K00317",0.0249,0,0.793,19.6,74.6,0.0186,NA,"K00317",0.986782133090246,1,FALSE,FALSE,FALSE,FALSE
"K00596",0.0249,0,0.862,12.4,70.9,0.0124,NA,"K00596",0.986782133090246,1,FALSE,FALSE,FALSE,FALSE
"K08691",0.0199,0,0.43,-104,132,0.056,NA,"K08691",0.963774597495528,1,FALSE,FALSE,FALSE,FALSE
"K24846",0.0249,0,0.601,-34.5,65.8,0.0371,NA,"K24846",0.981408107284365,1,FALSE,FALSE,FALSE,FALSE
"K14447",0.0199,0,0.43,-104,132,0.056,NA,"K14447,K14449,K14451,K14660",0.963774597495528,1,FALSE,FALSE,FALSE,FALSE
"K14446",0.0249,0,0.265,-132,118,0.079,NA,"K14446",0.946765498652291,1,FALSE,FALSE,FALSE,FALSE
"K25775",0.0249,0,0.753,-26.5,84,0.0223,NA,"K25775",0.986782133090246,1,FALSE,FALSE,FALSE,FALSE
"K11739",0.0746,0,0.444,-45.7,59.5,0.0543,NA,"K11739",0.97027972027972,1,FALSE,FALSE,FALSE,FALSE
"K26976",0.0697,0,0.53,-25.9,41.1,0.0446,NA,"K26976",0.976418570375829,1,FALSE,FALSE,FALSE,FALSE
"K20273",0.0149,0,0.307,108,106,0.0724,NA,"K20273",0.954968944099379,1,FALSE,FALSE,FALSE,FALSE
"K21022",0.0796,0,0.759,21.1,68.7,0.0217,NA,"K21022",0.986782133090246,1,FALSE,FALSE,FALSE,FALSE
"K18028",0.0299,0,0.462,44.4,60.2,0.0522,NA,"K15357,K18028",0.972832600878945,1,FALSE,FALSE,FALSE,FALSE
"K17229",0.0149,0,0.537,-61.9,100,0.0437,NA,"K17229",0.97676107480029,1,FALSE,FALSE,FALSE,FALSE
"K21607",0.0149,0,0.874,-18.8,118,0.0113,NA,"K21607",0.989359293638216,1,FALSE,FALSE,FALSE,FALSE
"K21014",0.0199,0,0.863,-11.9,69.2,0.0122,NA,"K21014",0.986782133090246,1,FALSE,FALSE,FALSE,FALSE
"K10215",0.0796,0,0.728,-21.9,63,0.0246,NA,"K10215",0.986782133090246,1,FALSE,FALSE,FALSE,FALSE
"K14974",0.0249,0,0.676,26.4,63,0.0297,NA,"K14974",0.986782133090246,1,FALSE,FALSE,FALSE,FALSE
"K01459",0.0149,0,0.399,-66.4,78.6,0.0598,NA,"K01459",0.962578899909829,1,FALSE,FALSE,FALSE,FALSE
"K10300",0.0348,0,0.484,-35,49.9,0.0497,NA,"K10300",0.972832600878945,1,FALSE,FALSE,FALSE,FALSE
"K13670",0.0348,0,0.651,-29.7,65.4,0.0321,NA,"K13670",0.982815797407296,1,FALSE,FALSE,FALSE,FALSE
"K18700",0.0597,0,0.892,-7.09,51.9,0.00967,NA,"K18700",0.992884864165589,1,FALSE,FALSE,FALSE,FALSE
"K07546",0.0597,0,0.707,18.4,48.9,0.0266,NA,"K07546",0.986782133090246,1,FALSE,FALSE,FALSE,FALSE
"K27041",0.0597,0,0.435,-77.7,99.3,0.0554,NA,"K18135,K27041",0.968458462905376,1,FALSE,FALSE,FALSE,FALSE
"K06600",0.0597,0,0.00877,178,67.4,0.184,NA,"K06600",0.504022988505747,1,FALSE,FALSE,FALSE,FALSE
"K16051",0.0299,0,0.653,-33.8,75.1,0.0319,NA,"K16051",0.982841661649609,1,FALSE,FALSE,FALSE,FALSE
"K19711",0.0498,0,0.788,-28.5,106,0.0191,NA,"K19711",0.986782133090246,1,FALSE,FALSE,FALSE,FALSE
"K20949",0.0199,0,0.453,43.7,58.1,0.0532,NA,"K20949",0.972832600878945,1,FALSE,FALSE,FALSE,FALSE
"K20948",0.0398,0,0.572,24.8,43.8,0.0401,NA,"K20948",0.981408107284365,1,FALSE,FALSE,FALSE,FALSE
"K02661",0.0647,0,0.276,-88.8,81.2,0.0772,NA,"K02661",0.946765498652291,1,FALSE,FALSE,FALSE,FALSE
"K21758",0.0846,0,0.907,7.55,64.2,0.00833,NA,"K21758",0.992884864165589,1,FALSE,FALSE,FALSE,FALSE
"K11917",0.0697,0,0.704,27.6,72.5,0.027,NA,"K11917",0.986782133090246,1,FALSE,FALSE,FALSE,FALSE
"K22347",0.0149,0,0.943,-7.86,110,0.00508,NA,"K22347",0.994306199915647,1,FALSE,FALSE,FALSE,FALSE
"K25035",0.0547,0,0.403,-82.8,98.7,0.0593,NA,"K25035",0.962578899909829,1,FALSE,FALSE,FALSE,FALSE
"K04034",0.0348,0,0.719,17.7,49.2,0.0255,NA,"K04034",0.986782133090246,1,FALSE,FALSE,FALSE,FALSE
"K08481",0.0149,0,0.0189,186,78.4,0.166,NA,"K08481",0.592024539877301,1,FALSE,FALSE,FALSE,FALSE
"K14623",0.0199,0,0.974,-2.36,73.4,0.00228,NA,"K14623",0.999589490968801,1,FALSE,FALSE,FALSE,FALSE
"K08721",0.0448,0,0.401,-82.1,97.6,0.0595,NA,"K08721",0.962578899909829,1,FALSE,FALSE,FALSE,FALSE
"K18296",0.0647,0,0.24,-78.2,66.4,0.0832,NA,"K18296",0.946765498652291,1,FALSE,FALSE,FALSE,FALSE
"K07544",0.0149,0,0.0989,-169,102,0.117,NA,"K07544",0.808130081300813,1,FALSE,FALSE,FALSE,FALSE
"K18148",0.0597,0,0.668,26,60.7,0.0304,NA,"K18148",0.985832349468713,1,FALSE,FALSE,FALSE,FALSE
"K21020",0.0498,0,0.749,-33.1,103,0.0227,NA,"K21020",0.986782133090246,1,FALSE,FALSE,FALSE,FALSE
"K26973",0.0597,0,0.868,-6.99,41.9,0.0118,NA,"K26973",0.987485779294653,1,FALSE,FALSE,FALSE,FALSE
"K26974",0.0647,0,0.865,-7.72,45.5,0.012,NA,"K26974",0.986782133090246,1,FALSE,FALSE,FALSE,FALSE
"K26975",0.0647,0,0.865,-7.72,45.5,0.012,NA,"K26975",0.986782133090246,1,FALSE,FALSE,FALSE,FALSE
"K26977",0.0597,0,0.87,-7.58,46.4,0.0116,NA,"K26977",0.988861104796545,1,FALSE,FALSE,FALSE,FALSE
"K07318",0.0249,0,0.778,15.4,54.5,0.02,NA,"K07318",0.986782133090246,1,FALSE,FALSE,FALSE,FALSE
"K13016",0.0249,0,0.294,-76.4,72.6,0.0744,NA,"K13016",0.952380952380952,1,FALSE,FALSE,FALSE,FALSE
"K01535",0.0398,0,0.0279,114,51.5,0.155,NA,"K01535",0.650684931506849,1,FALSE,FALSE,FALSE,FALSE
"K20947",0.0199,0,0.381,50.4,57.4,0.0621,NA,"K20947",0.962578899909829,1,FALSE,FALSE,FALSE,FALSE
"K27195",0.0299,0,0.739,14.6,43.6,0.0236,NA,"K27195",0.986782133090246,1,FALSE,FALSE,FALSE,FALSE
"K00518",0.0348,0,0.707,-26.7,70.9,0.0267,NA,"K00518",0.986782133090246,1,FALSE,FALSE,FALSE,FALSE
"K07821",0.0199,0,0.48,68.6,97,0.0501,NA,"K07821,K08356",0.972832600878945,1,FALSE,FALSE,FALSE,FALSE
"K25886",0.0149,0,0.761,-17.6,57.6,0.0216,NA,"K25886",0.986782133090246,1,FALSE,FALSE,FALSE,FALSE
"K21364",0.0149,0,0.0308,138,63.4,0.152,NA,"K21364",0.65531914893617,1,FALSE,FALSE,FALSE,FALSE
"K28158",0.0796,0,0.15,50.8,35.1,0.102,NA,"K28158",0.873108265424913,1,FALSE,FALSE,FALSE,FALSE
"K00590",0.0149,0,0.504,-44.1,65.8,0.0474,NA,"K00590",0.975103734439834,1,FALSE,FALSE,FALSE,FALSE
"K15876",0.0299,0,0.524,41.8,65.4,0.0452,NA,"K15876",0.975791433891993,1,FALSE,FALSE,FALSE,FALSE
"K00469",0.0149,0,0.84,-20.7,102,0.0143,NA,"K00469",0.986782133090246,1,FALSE,FALSE,FALSE,FALSE
"K12954",0.0199,0,0.376,70.6,79.5,0.0628,NA,"K12954",0.960163432073544,1,FALSE,FALSE,FALSE,FALSE
"K20327",0.0199,0,0.803,18.9,75.5,0.0177,NA,"K20327",0.986782133090246,1,FALSE,FALSE,FALSE,FALSE
"K25589",0.0547,0,0.689,-23.3,58.1,0.0284,NA,"K25589",0.986782133090246,1,FALSE,FALSE,FALSE,FALSE
"K07190",0.0149,0,0.103,-246,150,0.115,NA,"K01138,K01240,K07190,K25877",0.822683706070288,1,FALSE,FALSE,FALSE,FALSE
"K15359",0.0299,0,0.827,-10.9,49.8,0.0155,NA,"K15359",0.986782133090246,1,FALSE,FALSE,FALSE,FALSE
"K00298",0.0199,0,0.668,26.2,61.1,0.0304,NA,"K00298",0.985832349468713,1,FALSE,FALSE,FALSE,FALSE
"K02479",0.0199,0,0.205,121,94.9,0.0898,NA,"K02479",0.932126696832579,1,FALSE,FALSE,FALSE,FALSE
"K21681",0.0249,0,0.615,-27.3,54.1,0.0357,NA,"K21681",0.981408107284365,1,FALSE,FALSE,FALSE,FALSE
"K28297",0.0199,0,0.276,90.2,82.6,0.0772,NA,"K28297",0.946765498652291,1,FALSE,FALSE,FALSE,FALSE
"K20158",0.0149,0,0.171,132,95.9,0.097,NA,"K20158",0.893970893970894,1,FALSE,FALSE,FALSE,FALSE
"K27500",0.0149,0,0.69,34.5,86.3,0.0283,NA,"K27500",0.986782133090246,1,FALSE,FALSE,FALSE,FALSE
"K27674",0.0199,0,0.919,8.42,83.2,0.00717,NA,"K27674",0.992884864165589,1,FALSE,FALSE,FALSE,FALSE
"K24101",0.0149,0,0.717,-44.8,123,0.0258,NA,"K24101",0.986782133090246,1,FALSE,FALSE,FALSE,FALSE
"K25621",0.0149,0,0.891,11.9,86.9,0.00971,NA,"K25621",0.992868286160018,1,FALSE,FALSE,FALSE,FALSE
"K22463",0.0149,0,0.661,-45.3,103,0.0311,NA,"K22463",0.983363042186572,1,FALSE,FALSE,FALSE,FALSE
"K20762",0.0199,0,0.31,-63.9,62.8,0.0719,NA,"K20762",0.954968944099379,1,FALSE,FALSE,FALSE,FALSE
"K23086",0.0199,0,0.237,-105,88.7,0.0837,NA,"K23086",0.946765498652291,1,FALSE,FALSE,FALSE,FALSE
"K21961",0.0149,0,0.823,18,80.4,0.0159,NA,"K21961",0.986782133090246,1,FALSE,FALSE,FALSE,FALSE
"K00122",0.0149,0,0.87,20.8,127,0.0116,NA,"K00122",0.988861104796545,1,FALSE,FALSE,FALSE,FALSE
"K18382",0.0348,0,0.796,12.6,48.4,0.0184,NA,"K18382",0.986782133090246,1,FALSE,FALSE,FALSE,FALSE
"K14358",0.0398,0,0.451,67.9,89.8,0.0535,NA,"K14358",0.972832600878945,1,FALSE,FALSE,FALSE,FALSE
"K19126",0.0199,0,0.807,-20.8,85.1,0.0173,NA,"K19046,K19123,K19124,K19125,K19126",0.986782133090246,1,FALSE,FALSE,FALSE,FALSE
"K03395",0.0149,0,0.398,111,131,0.0599,NA,"K03395",0.962578899909829,1,FALSE,FALSE,FALSE,FALSE
"K19165",0.0149,0,0.421,61.8,76.8,0.057,NA,"K19165",0.962578899909829,1,FALSE,FALSE,FALSE,FALSE
"K00984",0.0299,0,0.17,90.3,65.6,0.0971,NA,"K00984",0.892857142857143,1,FALSE,FALSE,FALSE,FALSE
"K12987",0.0398,0,0.472,-49.9,69.2,0.051,NA,"K12987",0.972832600878945,1,FALSE,FALSE,FALSE,FALSE
"K18131",0.0348,0,0.281,151,140,0.0763,NA,"K18131",0.946765498652291,1,FALSE,FALSE,FALSE,FALSE
"K06599",0.0448,0,0.789,-27.6,103,0.019,NA,"K06599",0.986782133090246,1,FALSE,FALSE,FALSE,FALSE
"K19882",0.0149,0,0.602,-50.4,96.5,0.037,NA,"K19882",0.981408107284365,1,FALSE,FALSE,FALSE,FALSE
"K26972",0.0299,0,0.634,27.1,56.8,0.0338,NA,"K26972",0.981408107284365,1,FALSE,FALSE,FALSE,FALSE
"K15373",0.0149,0,0.705,-43.2,114,0.0268,NA,"K15373",0.986782133090246,1,FALSE,FALSE,FALSE,FALSE
"K26980",0.0149,0,0.925,8.53,90.5,0.00668,NA,"K26980",0.993562231759657,1,FALSE,FALSE,FALSE,FALSE
"K28300",0.0149,0,0.652,-42.8,94.7,0.032,NA,"K28300",0.982815797407296,1,FALSE,FALSE,FALSE,FALSE
"K16712",0.0149,0,0.991,0.978,83.9,0.000826,NA,"K16712",0.999799839871897,1,FALSE,FALSE,FALSE,FALSE
"K21512",0.0199,0,0.787,-16.6,61.4,0.0192,NA,"K21512",0.986782133090246,1,FALSE,FALSE,FALSE,FALSE
"K28267",0.0199,0,0.742,-21.1,64.1,0.0233,NA,"K28267",0.986782133090246,1,FALSE,FALSE,FALSE,FALSE
"K20272",0.0199,0,0.225,-68.9,56.7,0.0859,NA,"K20272",0.946765498652291,1,FALSE,FALSE,FALSE,FALSE
"K01009",0.0149,0,0.288,-112,105,0.0754,NA,"K01009,K22424,K23148,K23150",0.949241924851681,1,FALSE,FALSE,FALSE,FALSE
"K06887",0.0149,0,0.307,-72.4,70.7,0.0724,NA,"K06887",0.954968944099379,1,FALSE,FALSE,FALSE,FALSE
"K11077",0.0199,0,0.874,-9.02,56.8,0.0113,NA,"K11077,K11078,K11079,K11080",0.989359293638216,1,FALSE,FALSE,FALSE,FALSE
"K10673",0.0149,0,0.999,0.128,73.3,0.000124,NA,"K10673",0.999799839871897,1,FALSE,FALSE,FALSE,FALSE
