"experiment_name","assay_plate_number","assay_well","assay_time_hours","od600","assay_strain","stock_b12_conc","stock_met_conc","stock_volume_added","assay_volume_added","bio_replicate","tech_replicate","bacteria_strain_id","sample_treatment","assay_type","b12_conc_ngl","met_conc_mgl","assay_dilution","adjusted_b12_conc_ngl","log_b12_pgl","fluorescence","log_fluorescence"
"b12_assay_4","1","A1",23,0.788,"metE",20000,0,10,90,1,1,"blank","filter_then_boil","E. coli OD600",2000,0.037,0.1,2000,14.5086577385242,NA,NA
"b12_assay_4","1","A10",23,0.221,"metE",512,0,3,97,1,1,"blank","filter_then_boil","E. coli OD600",15.36,0.037,0.03,15.36,9.63952200670166,NA,NA
"b12_assay_4","1","A11",23,0.339,"metE",204.8,0,10,90,1,1,"blank","filter_then_boil","E. coli OD600",20.48,0.037,0.1,20.48,9.92720407915344,NA,NA
"b12_assay_4","1","A12",23,0.095,"metE",204.8,0,3,97,1,1,"blank","filter_then_boil","E. coli OD600",6.144,0.037,0.03,6.144,8.72323127482751,NA,NA
"b12_assay_4","1","A13",23,0.133,"metE",81.92,0,10,90,1,1,"blank","filter_then_boil","E. coli OD600",8.192,0.037,0.1,8.192,9.01091334727929,NA,NA
"b12_assay_4","1","A14",23,0.059,"metE",81.92,0,3,97,1,1,"blank","filter_then_boil","E. coli OD600",2.4576,0.037,0.03,2.4576,7.80694054295335,NA,NA
"b12_assay_4","1","A15",23,0.079,"metE",32.768,0,10,90,1,1,"blank","filter_then_boil","E. coli OD600",3.2768,0.037,0.1,3.2768,8.09462261540513,NA,NA
"b12_assay_4","1","A16",23,0.048,"metE",32.768,0,3,97,1,1,"blank","filter_then_boil","E. coli OD600",0.98304,0.037,0.03,0.98304,6.8906498110792,NA,NA
"b12_assay_4","1","A17",23,0.057,"metE",13.1072,0,10,90,1,1,"blank","filter_then_boil","E. coli OD600",1.31072,0.037,0.1,1.31072,7.17833188353098,NA,NA
"b12_assay_4","1","A18",23,0.039,"metE",13.1072,0,3,97,1,1,"blank","filter_then_boil","E. coli OD600",0.393216,0.037,0.03,0.393216,5.97435907920504,NA,NA
"b12_assay_4","1","A19",23,0.043,"metE",5.24288,0,10,90,1,1,"blank","filter_then_boil","E. coli OD600",0.524288,0.037,0.1,0.524288,6.26204115165682,NA,NA
"b12_assay_4","1","A2",23,0.736,"metE",20000,0,3,97,1,1,"blank","filter_then_boil","E. coli OD600",600,0.037,0.03,600,13.3046849341983,NA,NA
"b12_assay_4","1","A20",23,0.037,"metE",5.24288,0,3,97,1,1,"blank","filter_then_boil","E. coli OD600",0.1572864,0.037,0.03,0.1572864,5.05806834733089,NA,NA
"b12_assay_4","1","A21",23,0.037,"metE",2.097152,0,10,90,1,1,"blank","filter_then_boil","E. coli OD600",0.2097152,0.037,0.1,0.2097152,5.34575041978267,NA,NA
"b12_assay_4","1","A22",23,0.036,"metE",2.097152,0,3,97,1,1,"blank","filter_then_boil","E. coli OD600",0.06291456,0.037,0.03,0.06291456,4.14177761545673,NA,NA
"b12_assay_4","1","A23",23,0.036,"metE",0,0,10,90,1,1,"blank","filter_then_boil","E. coli OD600",0,0.037,0.1,0,-Inf,NA,NA
"b12_assay_4","1","A24",23,0.101,"metE",0,0,3,97,1,1,"blank","filter_then_boil","E. coli OD600",0,0.037,0.03,0,-Inf,NA,NA
"b12_assay_4","1","A3",23,0.753,"metE",8000,0,10,90,1,1,"blank","filter_then_boil","E. coli OD600",800,0.037,0.1,800,13.5923670066501,NA,NA
"b12_assay_4","1","A4",23,0.618,"metE",8000,0,3,97,1,1,"blank","filter_then_boil","E. coli OD600",240,0.037,0.03,240,12.3883942023241,NA,NA
"b12_assay_4","1","A5",23,0.989,"metE",3200,0,10,90,1,1,"blank","filter_then_boil","E. coli OD600",320,0.037,0.1,320,12.6760762747759,NA,NA
"b12_assay_4","1","A6",23,0.879,"metE",3200,0,3,97,1,1,"blank","filter_then_boil","E. coli OD600",96,0.037,0.03,96,11.47210347045,NA,NA
"b12_assay_4","1","A7",23,0.447,"metE",1280,0,10,90,1,1,"blank","filter_then_boil","E. coli OD600",128,0.037,0.1,128,11.7597855429018,NA,NA
"b12_assay_4","1","A8",23,0.371,"metE",1280,0,3,97,1,1,"blank","filter_then_boil","E. coli OD600",38.4,0.037,0.03,38.4,10.5558127385758,NA,NA
"b12_assay_4","1","A9",23,0.608,"metE",512,0,10,90,1,1,"blank","filter_then_boil","E. coli OD600",51.2,0.037,0.1,51.2,10.8434948110276,NA,NA
"b12_assay_4","1","B1",23,0.779,"metE",20000,0,10,90,1,1,"HTWP4","filter_then_boil","E. coli OD600",2000,0.037,0.1,2000,14.5086577385242,NA,NA
"b12_assay_4","1","B10",23,0.108,"metE",512,0,3,97,1,1,"HTWP4","filter_then_boil","E. coli OD600",15.36,0.037,0.03,15.36,9.63952200670166,NA,NA
"b12_assay_4","1","B11",23,0.138,"metE",204.8,0,10,90,1,1,"HTWP4","filter_then_boil","E. coli OD600",20.48,0.037,0.1,20.48,9.92720407915344,NA,NA
"b12_assay_4","1","B12",23,0.082,"metE",204.8,0,3,97,1,1,"HTWP4","filter_then_boil","E. coli OD600",6.144,0.037,0.03,6.144,8.72323127482751,NA,NA
"b12_assay_4","1","B13",23,0.093,"metE",81.92,0,10,90,1,1,"HTWP4","filter_then_boil","E. coli OD600",8.192,0.037,0.1,8.192,9.01091334727929,NA,NA
"b12_assay_4","1","B14",23,0.051,"metE",81.92,0,3,97,1,1,"HTWP4","filter_then_boil","E. coli OD600",2.4576,0.037,0.03,2.4576,7.80694054295335,NA,NA
"b12_assay_4","1","B15",23,0.057,"metE",32.768,0,10,90,1,1,"HTWP4","filter_then_boil","E. coli OD600",3.2768,0.037,0.1,3.2768,8.09462261540513,NA,NA
"b12_assay_4","1","B16",23,0.038,"metE",32.768,0,3,97,1,1,"HTWP4","filter_then_boil","E. coli OD600",0.98304,0.037,0.03,0.98304,6.8906498110792,NA,NA
"b12_assay_4","1","B17",23,0.042,"metE",13.1072,0,10,90,1,1,"HTWP4","filter_then_boil","E. coli OD600",1.31072,0.037,0.1,1.31072,7.17833188353098,NA,NA
"b12_assay_4","1","B18",23,0.039,"metE",13.1072,0,3,97,1,1,"HTWP4","filter_then_boil","E. coli OD600",0.393216,0.037,0.03,0.393216,5.97435907920504,NA,NA
"b12_assay_4","1","B19",23,0.043,"metE",5.24288,0,10,90,1,1,"HTWP4","filter_then_boil","E. coli OD600",0.524288,0.037,0.1,0.524288,6.26204115165682,NA,NA
"b12_assay_4","1","B2",23,0.706,"metE",20000,0,3,97,1,1,"HTWP4","filter_then_boil","E. coli OD600",600,0.037,0.03,600,13.3046849341983,NA,NA
"b12_assay_4","1","B20",23,0.036,"metE",5.24288,0,3,97,1,1,"HTWP4","filter_then_boil","E. coli OD600",0.1572864,0.037,0.03,0.1572864,5.05806834733089,NA,NA
"b12_assay_4","1","B21",23,0.036,"metE",2.097152,0,10,90,1,1,"HTWP4","filter_then_boil","E. coli OD600",0.2097152,0.037,0.1,0.2097152,5.34575041978267,NA,NA
"b12_assay_4","1","B22",23,0.036,"metE",2.097152,0,3,97,1,1,"HTWP4","filter_then_boil","E. coli OD600",0.06291456,0.037,0.03,0.06291456,4.14177761545673,NA,NA
"b12_assay_4","1","B23",23,0.037,"metE",0,0,10,90,1,1,"HTWP4","filter_then_boil","E. coli OD600",0,0.037,0.1,0,-Inf,NA,NA
"b12_assay_4","1","B24",23,0.033,"metE",0,0,3,97,1,1,"HTWP4","filter_then_boil","E. coli OD600",0,0.037,0.03,0,-Inf,NA,NA
"b12_assay_4","1","B3",23,0.752,"metE",8000,0,10,90,1,1,"HTWP4","filter_then_boil","E. coli OD600",800,0.037,0.1,800,13.5923670066501,NA,NA
"b12_assay_4","1","B4",23,0.683,"metE",8000,0,3,97,1,1,"HTWP4","filter_then_boil","E. coli OD600",240,0.037,0.03,240,12.3883942023241,NA,NA
"b12_assay_4","1","B5",23,0.722,"metE",3200,0,10,90,1,1,"HTWP4","filter_then_boil","E. coli OD600",320,0.037,0.1,320,12.6760762747759,NA,NA
"b12_assay_4","1","B6",23,0.509,"metE",3200,0,3,97,1,1,"HTWP4","filter_then_boil","E. coli OD600",96,0.037,0.03,96,11.47210347045,NA,NA
"b12_assay_4","1","B7",23,0.579,"metE",1280,0,10,90,1,1,"HTWP4","filter_then_boil","E. coli OD600",128,0.037,0.1,128,11.7597855429018,NA,NA
"b12_assay_4","1","B8",23,0.565,"metE",1280,0,3,97,1,1,"HTWP4","filter_then_boil","E. coli OD600",38.4,0.037,0.03,38.4,10.5558127385758,NA,NA
"b12_assay_4","1","B9",23,0.378,"metE",512,0,10,90,1,1,"HTWP4","filter_then_boil","E. coli OD600",51.2,0.037,0.1,51.2,10.8434948110276,NA,NA
"b12_assay_4","1","C1",23,0.707,"metE",20000,0,10,90,1,1,"JW50603","filter_then_boil","E. coli OD600",2000,0.037,0.1,2000,14.5086577385242,NA,NA
"b12_assay_4","1","C10",23,0.112,"metE",512,0,3,97,1,1,"JW50603","filter_then_boil","E. coli OD600",15.36,0.037,0.03,15.36,9.63952200670166,NA,NA
"b12_assay_4","1","C11",23,0.197,"metE",204.8,0,10,90,1,1,"JW50603","filter_then_boil","E. coli OD600",20.48,0.037,0.1,20.48,9.92720407915344,NA,NA
"b12_assay_4","1","C12",23,0.065,"metE",204.8,0,3,97,1,1,"JW50603","filter_then_boil","E. coli OD600",6.144,0.037,0.03,6.144,8.72323127482751,NA,NA
"b12_assay_4","1","C13",23,0.119,"metE",81.92,0,10,90,1,1,"JW50603","filter_then_boil","E. coli OD600",8.192,0.037,0.1,8.192,9.01091334727929,NA,NA
"b12_assay_4","1","C14",23,0.043,"metE",81.92,0,3,97,1,1,"JW50603","filter_then_boil","E. coli OD600",2.4576,0.037,0.03,2.4576,7.80694054295335,NA,NA
"b12_assay_4","1","C15",23,0.049,"metE",32.768,0,10,90,1,1,"JW50603","filter_then_boil","E. coli OD600",3.2768,0.037,0.1,3.2768,8.09462261540513,NA,NA
"b12_assay_4","1","C16",23,0.035,"metE",32.768,0,3,97,1,1,"JW50603","filter_then_boil","E. coli OD600",0.98304,0.037,0.03,0.98304,6.8906498110792,NA,NA
"b12_assay_4","1","C17",23,0.036,"metE",13.1072,0,10,90,1,1,"JW50603","filter_then_boil","E. coli OD600",1.31072,0.037,0.1,1.31072,7.17833188353098,NA,NA
"b12_assay_4","1","C18",23,0.034,"metE",13.1072,0,3,97,1,1,"JW50603","filter_then_boil","E. coli OD600",0.393216,0.037,0.03,0.393216,5.97435907920504,NA,NA
"b12_assay_4","1","C19",23,0.036,"metE",5.24288,0,10,90,1,1,"JW50603","filter_then_boil","E. coli OD600",0.524288,0.037,0.1,0.524288,6.26204115165682,NA,NA
"b12_assay_4","1","C2",23,0.81,"metE",20000,0,3,97,1,1,"JW50603","filter_then_boil","E. coli OD600",600,0.037,0.03,600,13.3046849341983,NA,NA
"b12_assay_4","1","C20",23,0.035,"metE",5.24288,0,3,97,1,1,"JW50603","filter_then_boil","E. coli OD600",0.1572864,0.037,0.03,0.1572864,5.05806834733089,NA,NA
"b12_assay_4","1","C21",23,0.037,"metE",2.097152,0,10,90,1,1,"JW50603","filter_then_boil","E. coli OD600",0.2097152,0.037,0.1,0.2097152,5.34575041978267,NA,NA
"b12_assay_4","1","C22",23,0.035,"metE",2.097152,0,3,97,1,1,"JW50603","filter_then_boil","E. coli OD600",0.06291456,0.037,0.03,0.06291456,4.14177761545673,NA,NA
"b12_assay_4","1","C23",23,0.036,"metE",0,0,10,90,1,1,"JW50603","filter_then_boil","E. coli OD600",0,0.037,0.1,0,-Inf,NA,NA
"b12_assay_4","1","C24",23,0.037,"metE",0,0,3,97,1,1,"JW50603","filter_then_boil","E. coli OD600",0,0.037,0.03,0,-Inf,NA,NA
"b12_assay_4","1","C3",23,0.661,"metE",8000,0,10,90,1,1,"JW50603","filter_then_boil","E. coli OD600",800,0.037,0.1,800,13.5923670066501,NA,NA
"b12_assay_4","1","C4",23,0.772,"metE",8000,0,3,97,1,1,"JW50603","filter_then_boil","E. coli OD600",240,0.037,0.03,240,12.3883942023241,NA,NA
"b12_assay_4","1","C5",23,0.75,"metE",3200,0,10,90,1,1,"JW50603","filter_then_boil","E. coli OD600",320,0.037,0.1,320,12.6760762747759,NA,NA
"b12_assay_4","1","C6",23,0.569,"metE",3200,0,3,97,1,1,"JW50603","filter_then_boil","E. coli OD600",96,0.037,0.03,96,11.47210347045,NA,NA
"b12_assay_4","1","C7",23,0.773,"metE",1280,0,10,90,1,1,"JW50603","filter_then_boil","E. coli OD600",128,0.037,0.1,128,11.7597855429018,NA,NA
"b12_assay_4","1","C8",23,0.513,"metE",1280,0,3,97,1,1,"JW50603","filter_then_boil","E. coli OD600",38.4,0.037,0.03,38.4,10.5558127385758,NA,NA
"b12_assay_4","1","C9",23,0.54,"metE",512,0,10,90,1,1,"JW50603","filter_then_boil","E. coli OD600",51.2,0.037,0.1,51.2,10.8434948110276,NA,NA
"b12_assay_4","1","D1",23,0.747,"metE",20000,0,10,90,1,1,"OTU4908","filter_then_boil","E. coli OD600",2000,0.037,0.1,2000,14.5086577385242,NA,NA
"b12_assay_4","1","D10",23,0.118,"metE",512,0,3,97,1,1,"OTU4908","filter_then_boil","E. coli OD600",15.36,0.037,0.03,15.36,9.63952200670166,NA,NA
"b12_assay_4","1","D11",23,0.201,"metE",204.8,0,10,90,1,1,"OTU4908","filter_then_boil","E. coli OD600",20.48,0.037,0.1,20.48,9.92720407915344,NA,NA
"b12_assay_4","1","D12",23,0.062,"metE",204.8,0,3,97,1,1,"OTU4908","filter_then_boil","E. coli OD600",6.144,0.037,0.03,6.144,8.72323127482751,NA,NA
"b12_assay_4","1","D13",23,0.077,"metE",81.92,0,10,90,1,1,"OTU4908","filter_then_boil","E. coli OD600",8.192,0.037,0.1,8.192,9.01091334727929,NA,NA
"b12_assay_4","1","D14",23,0.051,"metE",81.92,0,3,97,1,1,"OTU4908","filter_then_boil","E. coli OD600",2.4576,0.037,0.03,2.4576,7.80694054295335,NA,NA
"b12_assay_4","1","D15",23,0.055,"metE",32.768,0,10,90,1,1,"OTU4908","filter_then_boil","E. coli OD600",3.2768,0.037,0.1,3.2768,8.09462261540513,NA,NA
"b12_assay_4","1","D16",23,0.04,"metE",32.768,0,3,97,1,1,"OTU4908","filter_then_boil","E. coli OD600",0.98304,0.037,0.03,0.98304,6.8906498110792,NA,NA
"b12_assay_4","1","D17",23,0.041,"metE",13.1072,0,10,90,1,1,"OTU4908","filter_then_boil","E. coli OD600",1.31072,0.037,0.1,1.31072,7.17833188353098,NA,NA
"b12_assay_4","1","D18",23,0.036,"metE",13.1072,0,3,97,1,1,"OTU4908","filter_then_boil","E. coli OD600",0.393216,0.037,0.03,0.393216,5.97435907920504,NA,NA
"b12_assay_4","1","D19",23,0.039,"metE",5.24288,0,10,90,1,1,"OTU4908","filter_then_boil","E. coli OD600",0.524288,0.037,0.1,0.524288,6.26204115165682,NA,NA
"b12_assay_4","1","D2",23,0.778,"metE",20000,0,3,97,1,1,"OTU4908","filter_then_boil","E. coli OD600",600,0.037,0.03,600,13.3046849341983,NA,NA
"b12_assay_4","1","D20",23,0.034,"metE",5.24288,0,3,97,1,1,"OTU4908","filter_then_boil","E. coli OD600",0.1572864,0.037,0.03,0.1572864,5.05806834733089,NA,NA
"b12_assay_4","1","D21",23,0.036,"metE",2.097152,0,10,90,1,1,"OTU4908","filter_then_boil","E. coli OD600",0.2097152,0.037,0.1,0.2097152,5.34575041978267,NA,NA
"b12_assay_4","1","D22",23,0.036,"metE",2.097152,0,3,97,1,1,"OTU4908","filter_then_boil","E. coli OD600",0.06291456,0.037,0.03,0.06291456,4.14177761545673,NA,NA
"b12_assay_4","1","D23",23,0.035,"metE",0,0,10,90,1,1,"OTU4908","filter_then_boil","E. coli OD600",0,0.037,0.1,0,-Inf,NA,NA
"b12_assay_4","1","D24",23,0.044,"metE",0,0,3,97,1,1,"OTU4908","filter_then_boil","E. coli OD600",0,0.037,0.03,0,-Inf,NA,NA
"b12_assay_4","1","D3",23,0.71,"metE",8000,0,10,90,1,1,"OTU4908","filter_then_boil","E. coli OD600",800,0.037,0.1,800,13.5923670066501,NA,NA
"b12_assay_4","1","D4",23,0.519,"metE",8000,0,3,97,1,1,"OTU4908","filter_then_boil","E. coli OD600",240,0.037,0.03,240,12.3883942023241,NA,NA
"b12_assay_4","1","D5",23,0.739,"metE",3200,0,10,90,1,1,"OTU4908","filter_then_boil","E. coli OD600",320,0.037,0.1,320,12.6760762747759,NA,NA
"b12_assay_4","1","D6",23,0.506,"metE",3200,0,3,97,1,1,"OTU4908","filter_then_boil","E. coli OD600",96,0.037,0.03,96,11.47210347045,NA,NA
"b12_assay_4","1","D7",23,0.716,"metE",1280,0,10,90,1,1,"OTU4908","filter_then_boil","E. coli OD600",128,0.037,0.1,128,11.7597855429018,NA,NA
"b12_assay_4","1","D8",23,0.588,"metE",1280,0,3,97,1,1,"OTU4908","filter_then_boil","E. coli OD600",38.4,0.037,0.03,38.4,10.5558127385758,NA,NA
"b12_assay_4","1","D9",23,0.334,"metE",512,0,10,90,1,1,"OTU4908","filter_then_boil","E. coli OD600",51.2,0.037,0.1,51.2,10.8434948110276,NA,NA
"b12_assay_4","1","E1",23,0.644,"metE",20000,0,10,90,1,1,"blank","boil_then_filter","E. coli OD600",2000,0.037,0.1,2000,14.5086577385242,NA,NA
"b12_assay_4","1","E10",23,0.091,"metE",512,0,3,97,1,1,"blank","boil_then_filter","E. coli OD600",15.36,0.037,0.03,15.36,9.63952200670166,NA,NA
"b12_assay_4","1","E11",23,0.489,"metE",204.8,0,10,90,1,1,"blank","boil_then_filter","E. coli OD600",20.48,0.037,0.1,20.48,9.92720407915344,NA,NA
"b12_assay_4","1","E12",23,0.059,"metE",204.8,0,3,97,1,1,"blank","boil_then_filter","E. coli OD600",6.144,0.037,0.03,6.144,8.72323127482751,NA,NA
"b12_assay_4","1","E13",23,0.077,"metE",81.92,0,10,90,1,1,"blank","boil_then_filter","E. coli OD600",8.192,0.037,0.1,8.192,9.01091334727929,NA,NA
"b12_assay_4","1","E14",23,0.043,"metE",81.92,0,3,97,1,1,"blank","boil_then_filter","E. coli OD600",2.4576,0.037,0.03,2.4576,7.80694054295335,NA,NA
"b12_assay_4","1","E15",23,0.061,"metE",32.768,0,10,90,1,1,"blank","boil_then_filter","E. coli OD600",3.2768,0.037,0.1,3.2768,8.09462261540513,NA,NA
"b12_assay_4","1","E16",23,0.041,"metE",32.768,0,3,97,1,1,"blank","boil_then_filter","E. coli OD600",0.98304,0.037,0.03,0.98304,6.8906498110792,NA,NA
"b12_assay_4","1","E17",23,0.048,"metE",13.1072,0,10,90,1,1,"blank","boil_then_filter","E. coli OD600",1.31072,0.037,0.1,1.31072,7.17833188353098,NA,NA
"b12_assay_4","1","E18",23,0.038,"metE",13.1072,0,3,97,1,1,"blank","boil_then_filter","E. coli OD600",0.393216,0.037,0.03,0.393216,5.97435907920504,NA,NA
"b12_assay_4","1","E19",23,0.042,"metE",5.24288,0,10,90,1,1,"blank","boil_then_filter","E. coli OD600",0.524288,0.037,0.1,0.524288,6.26204115165682,NA,NA
"b12_assay_4","1","E2",23,0.778,"metE",20000,0,3,97,1,1,"blank","boil_then_filter","E. coli OD600",600,0.037,0.03,600,13.3046849341983,NA,NA
"b12_assay_4","1","E20",23,0.035,"metE",5.24288,0,3,97,1,1,"blank","boil_then_filter","E. coli OD600",0.1572864,0.037,0.03,0.1572864,5.05806834733089,NA,NA
"b12_assay_4","1","E21",23,0.041,"metE",2.097152,0,10,90,1,1,"blank","boil_then_filter","E. coli OD600",0.2097152,0.037,0.1,0.2097152,5.34575041978267,NA,NA
"b12_assay_4","1","E22",23,0.036,"metE",2.097152,0,3,97,1,1,"blank","boil_then_filter","E. coli OD600",0.06291456,0.037,0.03,0.06291456,4.14177761545673,NA,NA
"b12_assay_4","1","E23",23,0.04,"metE",0,0,10,90,1,1,"blank","boil_then_filter","E. coli OD600",0,0.037,0.1,0,-Inf,NA,NA
"b12_assay_4","1","E24",23,0.036,"metE",0,0,3,97,1,1,"blank","boil_then_filter","E. coli OD600",0,0.037,0.03,0,-Inf,NA,NA
"b12_assay_4","1","E3",23,0.733,"metE",8000,0,10,90,1,1,"blank","boil_then_filter","E. coli OD600",800,0.037,0.1,800,13.5923670066501,NA,NA
"b12_assay_4","1","E4",23,0.719,"metE",8000,0,3,97,1,1,"blank","boil_then_filter","E. coli OD600",240,0.037,0.03,240,12.3883942023241,NA,NA
"b12_assay_4","1","E5",23,0.775,"metE",3200,0,10,90,1,1,"blank","boil_then_filter","E. coli OD600",320,0.037,0.1,320,12.6760762747759,NA,NA
"b12_assay_4","1","E6",23,0.556,"metE",3200,0,3,97,1,1,"blank","boil_then_filter","E. coli OD600",96,0.037,0.03,96,11.47210347045,NA,NA
"b12_assay_4","1","E7",23,0.418,"metE",1280,0,10,90,1,1,"blank","boil_then_filter","E. coli OD600",128,0.037,0.1,128,11.7597855429018,NA,NA
"b12_assay_4","1","E8",23,0.475,"metE",1280,0,3,97,1,1,"blank","boil_then_filter","E. coli OD600",38.4,0.037,0.03,38.4,10.5558127385758,NA,NA
"b12_assay_4","1","E9",23,0.354,"metE",512,0,10,90,1,1,"blank","boil_then_filter","E. coli OD600",51.2,0.037,0.1,51.2,10.8434948110276,NA,NA
"b12_assay_4","1","F1",23,0.659,"metE",20000,0,10,90,1,1,"HTWP4","boil_then_filter","E. coli OD600",2000,0.037,0.1,2000,14.5086577385242,NA,NA
"b12_assay_4","1","F10",23,0.11,"metE",512,0,3,97,1,1,"HTWP4","boil_then_filter","E. coli OD600",15.36,0.037,0.03,15.36,9.63952200670166,NA,NA
"b12_assay_4","1","F11",23,0.485,"metE",204.8,0,10,90,1,1,"HTWP4","boil_then_filter","E. coli OD600",20.48,0.037,0.1,20.48,9.92720407915344,NA,NA
"b12_assay_4","1","F12",23,0.058,"metE",204.8,0,3,97,1,1,"HTWP4","boil_then_filter","E. coli OD600",6.144,0.037,0.03,6.144,8.72323127482751,NA,NA
"b12_assay_4","1","F13",23,0.164,"metE",81.92,0,10,90,1,1,"HTWP4","boil_then_filter","E. coli OD600",8.192,0.037,0.1,8.192,9.01091334727929,NA,NA
"b12_assay_4","1","F14",23,0.049,"metE",81.92,0,3,97,1,1,"HTWP4","boil_then_filter","E. coli OD600",2.4576,0.037,0.03,2.4576,7.80694054295335,NA,NA
"b12_assay_4","1","F15",23,0.057,"metE",32.768,0,10,90,1,1,"HTWP4","boil_then_filter","E. coli OD600",3.2768,0.037,0.1,3.2768,8.09462261540513,NA,NA
"b12_assay_4","1","F16",23,0.042,"metE",32.768,0,3,97,1,1,"HTWP4","boil_then_filter","E. coli OD600",0.98304,0.037,0.03,0.98304,6.8906498110792,NA,NA
"b12_assay_4","1","F17",23,0.045,"metE",13.1072,0,10,90,1,1,"HTWP4","boil_then_filter","E. coli OD600",1.31072,0.037,0.1,1.31072,7.17833188353098,NA,NA
"b12_assay_4","1","F18",23,0.037,"metE",13.1072,0,3,97,1,1,"HTWP4","boil_then_filter","E. coli OD600",0.393216,0.037,0.03,0.393216,5.97435907920504,NA,NA
"b12_assay_4","1","F19",23,0.038,"metE",5.24288,0,10,90,1,1,"HTWP4","boil_then_filter","E. coli OD600",0.524288,0.037,0.1,0.524288,6.26204115165682,NA,NA
"b12_assay_4","1","F2",23,0.699,"metE",20000,0,3,97,1,1,"HTWP4","boil_then_filter","E. coli OD600",600,0.037,0.03,600,13.3046849341983,NA,NA
"b12_assay_4","1","F20",23,0.04,"metE",5.24288,0,3,97,1,1,"HTWP4","boil_then_filter","E. coli OD600",0.1572864,0.037,0.03,0.1572864,5.05806834733089,NA,NA
"b12_assay_4","1","F21",23,0.039,"metE",2.097152,0,10,90,1,1,"HTWP4","boil_then_filter","E. coli OD600",0.2097152,0.037,0.1,0.2097152,5.34575041978267,NA,NA
"b12_assay_4","1","F22",23,0.034,"metE",2.097152,0,3,97,1,1,"HTWP4","boil_then_filter","E. coli OD600",0.06291456,0.037,0.03,0.06291456,4.14177761545673,NA,NA
"b12_assay_4","1","F23",23,0.037,"metE",0,0,10,90,1,1,"HTWP4","boil_then_filter","E. coli OD600",0,0.037,0.1,0,-Inf,NA,NA
"b12_assay_4","1","F24",23,0.034,"metE",0,0,3,97,1,1,"HTWP4","boil_then_filter","E. coli OD600",0,0.037,0.03,0,-Inf,NA,NA
"b12_assay_4","1","F3",23,0.797,"metE",8000,0,10,90,1,1,"HTWP4","boil_then_filter","E. coli OD600",800,0.037,0.1,800,13.5923670066501,NA,NA
"b12_assay_4","1","F4",23,0.67,"metE",8000,0,3,97,1,1,"HTWP4","boil_then_filter","E. coli OD600",240,0.037,0.03,240,12.3883942023241,NA,NA
"b12_assay_4","1","F5",23,0.76,"metE",3200,0,10,90,1,1,"HTWP4","boil_then_filter","E. coli OD600",320,0.037,0.1,320,12.6760762747759,NA,NA
"b12_assay_4","1","F6",23,0.597,"metE",3200,0,3,97,1,1,"HTWP4","boil_then_filter","E. coli OD600",96,0.037,0.03,96,11.47210347045,NA,NA
"b12_assay_4","1","F7",23,0.58,"metE",1280,0,10,90,1,1,"HTWP4","boil_then_filter","E. coli OD600",128,0.037,0.1,128,11.7597855429018,NA,NA
"b12_assay_4","1","F8",23,0.647,"metE",1280,0,3,97,1,1,"HTWP4","boil_then_filter","E. coli OD600",38.4,0.037,0.03,38.4,10.5558127385758,NA,NA
"b12_assay_4","1","F9",23,0.563,"metE",512,0,10,90,1,1,"HTWP4","boil_then_filter","E. coli OD600",51.2,0.037,0.1,51.2,10.8434948110276,NA,NA
"b12_assay_4","1","G1",23,0.769,"metE",20000,0,10,90,1,1,"JW50603","boil_then_filter","E. coli OD600",2000,0.037,0.1,2000,14.5086577385242,NA,NA
"b12_assay_4","1","G10",23,0.095,"metE",512,0,3,97,1,1,"JW50603","boil_then_filter","E. coli OD600",15.36,0.037,0.03,15.36,9.63952200670166,NA,NA
"b12_assay_4","1","G11",23,0.121,"metE",204.8,0,10,90,1,1,"JW50603","boil_then_filter","E. coli OD600",20.48,0.037,0.1,20.48,9.92720407915344,NA,NA
"b12_assay_4","1","G12",23,0.06,"metE",204.8,0,3,97,1,1,"JW50603","boil_then_filter","E. coli OD600",6.144,0.037,0.03,6.144,8.72323127482751,NA,NA
"b12_assay_4","1","G13",23,0.052,"metE",81.92,0,10,90,1,1,"JW50603","boil_then_filter","E. coli OD600",8.192,0.037,0.1,8.192,9.01091334727929,NA,NA
"b12_assay_4","1","G14",23,0.045,"metE",81.92,0,3,97,1,1,"JW50603","boil_then_filter","E. coli OD600",2.4576,0.037,0.03,2.4576,7.80694054295335,NA,NA
"b12_assay_4","1","G15",23,0.047,"metE",32.768,0,10,90,1,1,"JW50603","boil_then_filter","E. coli OD600",3.2768,0.037,0.1,3.2768,8.09462261540513,NA,NA
"b12_assay_4","1","G16",23,0.037,"metE",32.768,0,3,97,1,1,"JW50603","boil_then_filter","E. coli OD600",0.98304,0.037,0.03,0.98304,6.8906498110792,NA,NA
"b12_assay_4","1","G17",23,0.047,"metE",13.1072,0,10,90,1,1,"JW50603","boil_then_filter","E. coli OD600",1.31072,0.037,0.1,1.31072,7.17833188353098,NA,NA
"b12_assay_4","1","G18",23,0.042,"metE",13.1072,0,3,97,1,1,"JW50603","boil_then_filter","E. coli OD600",0.393216,0.037,0.03,0.393216,5.97435907920504,NA,NA
"b12_assay_4","1","G19",23,0.044,"metE",5.24288,0,10,90,1,1,"JW50603","boil_then_filter","E. coli OD600",0.524288,0.037,0.1,0.524288,6.26204115165682,NA,NA
"b12_assay_4","1","G2",23,0.765,"metE",20000,0,3,97,1,1,"JW50603","boil_then_filter","E. coli OD600",600,0.037,0.03,600,13.3046849341983,NA,NA
"b12_assay_4","1","G20",23,0.039,"metE",5.24288,0,3,97,1,1,"JW50603","boil_then_filter","E. coli OD600",0.1572864,0.037,0.03,0.1572864,5.05806834733089,NA,NA
"b12_assay_4","1","G21",23,0.043,"metE",2.097152,0,10,90,1,1,"JW50603","boil_then_filter","E. coli OD600",0.2097152,0.037,0.1,0.2097152,5.34575041978267,NA,NA
"b12_assay_4","1","G22",23,0.036,"metE",2.097152,0,3,97,1,1,"JW50603","boil_then_filter","E. coli OD600",0.06291456,0.037,0.03,0.06291456,4.14177761545673,NA,NA
"b12_assay_4","1","G23",23,0.049,"metE",0,0,10,90,1,1,"JW50603","boil_then_filter","E. coli OD600",0,0.037,0.1,0,-Inf,NA,NA
"b12_assay_4","1","G24",23,0.046,"metE",0,0,3,97,1,1,"JW50603","boil_then_filter","E. coli OD600",0,0.037,0.03,0,-Inf,NA,NA
"b12_assay_4","1","G3",23,0.702,"metE",8000,0,10,90,1,1,"JW50603","boil_then_filter","E. coli OD600",800,0.037,0.1,800,13.5923670066501,NA,NA
"b12_assay_4","1","G4",23,0.588,"metE",8000,0,3,97,1,1,"JW50603","boil_then_filter","E. coli OD600",240,0.037,0.03,240,12.3883942023241,NA,NA
"b12_assay_4","1","G5",23,0.602,"metE",3200,0,10,90,1,1,"JW50603","boil_then_filter","E. coli OD600",320,0.037,0.1,320,12.6760762747759,NA,NA
"b12_assay_4","1","G6",23,0.482,"metE",3200,0,3,97,1,1,"JW50603","boil_then_filter","E. coli OD600",96,0.037,0.03,96,11.47210347045,NA,NA
"b12_assay_4","1","G7",23,0.665,"metE",1280,0,10,90,1,1,"JW50603","boil_then_filter","E. coli OD600",128,0.037,0.1,128,11.7597855429018,NA,NA
"b12_assay_4","1","G8",23,0.493,"metE",1280,0,3,97,1,1,"JW50603","boil_then_filter","E. coli OD600",38.4,0.037,0.03,38.4,10.5558127385758,NA,NA
"b12_assay_4","1","G9",23,0.427,"metE",512,0,10,90,1,1,"JW50603","boil_then_filter","E. coli OD600",51.2,0.037,0.1,51.2,10.8434948110276,NA,NA
"b12_assay_4","1","H1",23,0.76,"metE",20000,0,10,90,1,1,"OTU4908","boil_then_filter","E. coli OD600",2000,0.037,0.1,2000,14.5086577385242,NA,NA
"b12_assay_4","1","H10",23,0.074,"metE",512,0,3,97,1,1,"OTU4908","boil_then_filter","E. coli OD600",15.36,0.037,0.03,15.36,9.63952200670166,NA,NA
"b12_assay_4","1","H11",23,0.163,"metE",204.8,0,10,90,1,1,"OTU4908","boil_then_filter","E. coli OD600",20.48,0.037,0.1,20.48,9.92720407915344,NA,NA
"b12_assay_4","1","H12",23,0.055,"metE",204.8,0,3,97,1,1,"OTU4908","boil_then_filter","E. coli OD600",6.144,0.037,0.03,6.144,8.72323127482751,NA,NA
"b12_assay_4","1","H13",23,0.055,"metE",81.92,0,10,90,1,1,"OTU4908","boil_then_filter","E. coli OD600",8.192,0.037,0.1,8.192,9.01091334727929,NA,NA
"b12_assay_4","1","H14",23,0.045,"metE",81.92,0,3,97,1,1,"OTU4908","boil_then_filter","E. coli OD600",2.4576,0.037,0.03,2.4576,7.80694054295335,NA,NA
"b12_assay_4","1","H15",23,0.04,"metE",32.768,0,10,90,1,1,"OTU4908","boil_then_filter","E. coli OD600",3.2768,0.037,0.1,3.2768,8.09462261540513,NA,NA
"b12_assay_4","1","H16",23,0.038,"metE",32.768,0,3,97,1,1,"OTU4908","boil_then_filter","E. coli OD600",0.98304,0.037,0.03,0.98304,6.8906498110792,NA,NA
"b12_assay_4","1","H17",23,0.04,"metE",13.1072,0,10,90,1,1,"OTU4908","boil_then_filter","E. coli OD600",1.31072,0.037,0.1,1.31072,7.17833188353098,NA,NA
"b12_assay_4","1","H18",23,0.036,"metE",13.1072,0,3,97,1,1,"OTU4908","boil_then_filter","E. coli OD600",0.393216,0.037,0.03,0.393216,5.97435907920504,NA,NA
"b12_assay_4","1","H19",23,0.041,"metE",5.24288,0,10,90,1,1,"OTU4908","boil_then_filter","E. coli OD600",0.524288,0.037,0.1,0.524288,6.26204115165682,NA,NA
"b12_assay_4","1","H2",23,0.702,"metE",20000,0,3,97,1,1,"OTU4908","boil_then_filter","E. coli OD600",600,0.037,0.03,600,13.3046849341983,NA,NA
"b12_assay_4","1","H20",23,0.036,"metE",5.24288,0,3,97,1,1,"OTU4908","boil_then_filter","E. coli OD600",0.1572864,0.037,0.03,0.1572864,5.05806834733089,NA,NA
"b12_assay_4","1","H21",23,0.041,"metE",2.097152,0,10,90,1,1,"OTU4908","boil_then_filter","E. coli OD600",0.2097152,0.037,0.1,0.2097152,5.34575041978267,NA,NA
"b12_assay_4","1","H22",23,0.041,"metE",2.097152,0,3,97,1,1,"OTU4908","boil_then_filter","E. coli OD600",0.06291456,0.037,0.03,0.06291456,4.14177761545673,NA,NA
"b12_assay_4","1","H23",23,0.041,"metE",0,0,10,90,1,1,"OTU4908","boil_then_filter","E. coli OD600",0,0.037,0.1,0,-Inf,NA,NA
"b12_assay_4","1","H24",23,0.037,"metE",0,0,3,97,1,1,"OTU4908","boil_then_filter","E. coli OD600",0,0.037,0.03,0,-Inf,NA,NA
"b12_assay_4","1","H3",23,0.71,"metE",8000,0,10,90,1,1,"OTU4908","boil_then_filter","E. coli OD600",800,0.037,0.1,800,13.5923670066501,NA,NA
"b12_assay_4","1","H4",23,0.547,"metE",8000,0,3,97,1,1,"OTU4908","boil_then_filter","E. coli OD600",240,0.037,0.03,240,12.3883942023241,NA,NA
"b12_assay_4","1","H5",23,0.637,"metE",3200,0,10,90,1,1,"OTU4908","boil_then_filter","E. coli OD600",320,0.037,0.1,320,12.6760762747759,NA,NA
"b12_assay_4","1","H6",23,0.583,"metE",3200,0,3,97,1,1,"OTU4908","boil_then_filter","E. coli OD600",96,0.037,0.03,96,11.47210347045,NA,NA
"b12_assay_4","1","H7",23,0.693,"metE",1280,0,10,90,1,1,"OTU4908","boil_then_filter","E. coli OD600",128,0.037,0.1,128,11.7597855429018,NA,NA
"b12_assay_4","1","H8",23,0.542,"metE",1280,0,3,97,1,1,"OTU4908","boil_then_filter","E. coli OD600",38.4,0.037,0.03,38.4,10.5558127385758,NA,NA
"b12_assay_4","1","H9",23,0.439,"metE",512,0,10,90,1,1,"OTU4908","boil_then_filter","E. coli OD600",51.2,0.037,0.1,51.2,10.8434948110276,NA,NA
"b12_assay_4","1","I1",23,0.041,"metE_metH",20000,0,10,90,1,1,"blank","filter_then_boil","E. coli OD600",2000,0.037,0.1,2000,14.5086577385242,NA,NA
"b12_assay_4","1","I10",23,0.038,"metE_metH",512,0,3,97,1,1,"blank","filter_then_boil","E. coli OD600",15.36,0.037,0.03,15.36,9.63952200670166,NA,NA
"b12_assay_4","1","I11",23,0.037,"metE_metH",204.8,0,10,90,1,1,"blank","filter_then_boil","E. coli OD600",20.48,0.037,0.1,20.48,9.92720407915344,NA,NA
"b12_assay_4","1","I12",23,0.039,"metE_metH",204.8,0,3,97,1,1,"blank","filter_then_boil","E. coli OD600",6.144,0.037,0.03,6.144,8.72323127482751,NA,NA
"b12_assay_4","1","I13",23,0.039,"metE_metH",81.92,0,10,90,1,1,"blank","filter_then_boil","E. coli OD600",8.192,0.037,0.1,8.192,9.01091334727929,NA,NA
"b12_assay_4","1","I14",23,0.038,"metE_metH",81.92,0,3,97,1,1,"blank","filter_then_boil","E. coli OD600",2.4576,0.037,0.03,2.4576,7.80694054295335,NA,NA
"b12_assay_4","1","I15",23,0.042,"metE_metH",32.768,0,10,90,1,1,"blank","filter_then_boil","E. coli OD600",3.2768,0.037,0.1,3.2768,8.09462261540513,NA,NA
"b12_assay_4","1","I16",23,0.038,"metE_metH",32.768,0,3,97,1,1,"blank","filter_then_boil","E. coli OD600",0.98304,0.037,0.03,0.98304,6.8906498110792,NA,NA
"b12_assay_4","1","I17",23,0.038,"metE_metH",13.1072,0,10,90,1,1,"blank","filter_then_boil","E. coli OD600",1.31072,0.037,0.1,1.31072,7.17833188353098,NA,NA
"b12_assay_4","1","I18",23,0.035,"metE_metH",13.1072,0,3,97,1,1,"blank","filter_then_boil","E. coli OD600",0.393216,0.037,0.03,0.393216,5.97435907920504,NA,NA
"b12_assay_4","1","I19",23,0.037,"metE_metH",5.24288,0,10,90,1,1,"blank","filter_then_boil","E. coli OD600",0.524288,0.037,0.1,0.524288,6.26204115165682,NA,NA
"b12_assay_4","1","I2",23,0.041,"metE_metH",20000,0,3,97,1,1,"blank","filter_then_boil","E. coli OD600",600,0.037,0.03,600,13.3046849341983,NA,NA
"b12_assay_4","1","I20",23,0.038,"metE_metH",5.24288,0,3,97,1,1,"blank","filter_then_boil","E. coli OD600",0.1572864,0.037,0.03,0.1572864,5.05806834733089,NA,NA
"b12_assay_4","1","I21",23,0.041,"metE_metH",2.097152,0,10,90,1,1,"blank","filter_then_boil","E. coli OD600",0.2097152,0.037,0.1,0.2097152,5.34575041978267,NA,NA
"b12_assay_4","1","I22",23,0.042,"metE_metH",2.097152,0,3,97,1,1,"blank","filter_then_boil","E. coli OD600",0.06291456,0.037,0.03,0.06291456,4.14177761545673,NA,NA
"b12_assay_4","1","I23",23,0.038,"metE_metH",0,0,10,90,1,1,"blank","filter_then_boil","E. coli OD600",0,0.037,0.1,0,-Inf,NA,NA
"b12_assay_4","1","I24",23,0.039,"metE_metH",0,0,3,97,1,1,"blank","filter_then_boil","E. coli OD600",0,0.037,0.03,0,-Inf,NA,NA
"b12_assay_4","1","I3",23,0.037,"metE_metH",8000,0,10,90,1,1,"blank","filter_then_boil","E. coli OD600",800,0.037,0.1,800,13.5923670066501,NA,NA
"b12_assay_4","1","I4",23,0.038,"metE_metH",8000,0,3,97,1,1,"blank","filter_then_boil","E. coli OD600",240,0.037,0.03,240,12.3883942023241,NA,NA
"b12_assay_4","1","I5",23,0.043,"metE_metH",3200,0,10,90,1,1,"blank","filter_then_boil","E. coli OD600",320,0.037,0.1,320,12.6760762747759,NA,NA
"b12_assay_4","1","I6",23,0.036,"metE_metH",3200,0,3,97,1,1,"blank","filter_then_boil","E. coli OD600",96,0.037,0.03,96,11.47210347045,NA,NA
"b12_assay_4","1","I7",23,0.039,"metE_metH",1280,0,10,90,1,1,"blank","filter_then_boil","E. coli OD600",128,0.037,0.1,128,11.7597855429018,NA,NA
"b12_assay_4","1","I8",23,0.038,"metE_metH",1280,0,3,97,1,1,"blank","filter_then_boil","E. coli OD600",38.4,0.037,0.03,38.4,10.5558127385758,NA,NA
"b12_assay_4","1","I9",23,0.041,"metE_metH",512,0,10,90,1,1,"blank","filter_then_boil","E. coli OD600",51.2,0.037,0.1,51.2,10.8434948110276,NA,NA
"b12_assay_4","1","J1",23,0.04,"metE_metH",20000,0,10,90,1,1,"HTWP4","filter_then_boil","E. coli OD600",2000,0.037,0.1,2000,14.5086577385242,NA,NA
"b12_assay_4","1","J10",23,0.036,"metE_metH",512,0,3,97,1,1,"HTWP4","filter_then_boil","E. coli OD600",15.36,0.037,0.03,15.36,9.63952200670166,NA,NA
"b12_assay_4","1","J11",23,0.035,"metE_metH",204.8,0,10,90,1,1,"HTWP4","filter_then_boil","E. coli OD600",20.48,0.037,0.1,20.48,9.92720407915344,NA,NA
"b12_assay_4","1","J12",23,0.035,"metE_metH",204.8,0,3,97,1,1,"HTWP4","filter_then_boil","E. coli OD600",6.144,0.037,0.03,6.144,8.72323127482751,NA,NA
"b12_assay_4","1","J13",23,0.038,"metE_metH",81.92,0,10,90,1,1,"HTWP4","filter_then_boil","E. coli OD600",8.192,0.037,0.1,8.192,9.01091334727929,NA,NA
"b12_assay_4","1","J14",23,0.034,"metE_metH",81.92,0,3,97,1,1,"HTWP4","filter_then_boil","E. coli OD600",2.4576,0.037,0.03,2.4576,7.80694054295335,NA,NA
"b12_assay_4","1","J15",23,0.039,"metE_metH",32.768,0,10,90,1,1,"HTWP4","filter_then_boil","E. coli OD600",3.2768,0.037,0.1,3.2768,8.09462261540513,NA,NA
"b12_assay_4","1","J16",23,0.035,"metE_metH",32.768,0,3,97,1,1,"HTWP4","filter_then_boil","E. coli OD600",0.98304,0.037,0.03,0.98304,6.8906498110792,NA,NA
"b12_assay_4","1","J17",23,0.036,"metE_metH",13.1072,0,10,90,1,1,"HTWP4","filter_then_boil","E. coli OD600",1.31072,0.037,0.1,1.31072,7.17833188353098,NA,NA
"b12_assay_4","1","J18",23,0.035,"metE_metH",13.1072,0,3,97,1,1,"HTWP4","filter_then_boil","E. coli OD600",0.393216,0.037,0.03,0.393216,5.97435907920504,NA,NA
"b12_assay_4","1","J19",23,0.042,"metE_metH",5.24288,0,10,90,1,1,"HTWP4","filter_then_boil","E. coli OD600",0.524288,0.037,0.1,0.524288,6.26204115165682,NA,NA
"b12_assay_4","1","J2",23,0.039,"metE_metH",20000,0,3,97,1,1,"HTWP4","filter_then_boil","E. coli OD600",600,0.037,0.03,600,13.3046849341983,NA,NA
"b12_assay_4","1","J20",23,0.034,"metE_metH",5.24288,0,3,97,1,1,"HTWP4","filter_then_boil","E. coli OD600",0.1572864,0.037,0.03,0.1572864,5.05806834733089,NA,NA
"b12_assay_4","1","J21",23,0.041,"metE_metH",2.097152,0,10,90,1,1,"HTWP4","filter_then_boil","E. coli OD600",0.2097152,0.037,0.1,0.2097152,5.34575041978267,NA,NA
"b12_assay_4","1","J22",23,0.039,"metE_metH",2.097152,0,3,97,1,1,"HTWP4","filter_then_boil","E. coli OD600",0.06291456,0.037,0.03,0.06291456,4.14177761545673,NA,NA
"b12_assay_4","1","J23",23,0.039,"metE_metH",0,0,10,90,1,1,"HTWP4","filter_then_boil","E. coli OD600",0,0.037,0.1,0,-Inf,NA,NA
"b12_assay_4","1","J24",23,0.034,"metE_metH",0,0,3,97,1,1,"HTWP4","filter_then_boil","E. coli OD600",0,0.037,0.03,0,-Inf,NA,NA
"b12_assay_4","1","J3",23,0.038,"metE_metH",8000,0,10,90,1,1,"HTWP4","filter_then_boil","E. coli OD600",800,0.037,0.1,800,13.5923670066501,NA,NA
"b12_assay_4","1","J4",23,0.032,"metE_metH",8000,0,3,97,1,1,"HTWP4","filter_then_boil","E. coli OD600",240,0.037,0.03,240,12.3883942023241,NA,NA
"b12_assay_4","1","J5",23,0.043,"metE_metH",3200,0,10,90,1,1,"HTWP4","filter_then_boil","E. coli OD600",320,0.037,0.1,320,12.6760762747759,NA,NA
"b12_assay_4","1","J6",23,0.039,"metE_metH",3200,0,3,97,1,1,"HTWP4","filter_then_boil","E. coli OD600",96,0.037,0.03,96,11.47210347045,NA,NA
"b12_assay_4","1","J7",23,0.04,"metE_metH",1280,0,10,90,1,1,"HTWP4","filter_then_boil","E. coli OD600",128,0.037,0.1,128,11.7597855429018,NA,NA
"b12_assay_4","1","J8",23,0.036,"metE_metH",1280,0,3,97,1,1,"HTWP4","filter_then_boil","E. coli OD600",38.4,0.037,0.03,38.4,10.5558127385758,NA,NA
"b12_assay_4","1","J9",23,0.041,"metE_metH",512,0,10,90,1,1,"HTWP4","filter_then_boil","E. coli OD600",51.2,0.037,0.1,51.2,10.8434948110276,NA,NA
"b12_assay_4","1","K1",23,0.044,"metE_metH",20000,0,10,90,1,1,"JW50603","filter_then_boil","E. coli OD600",2000,0.037,0.1,2000,14.5086577385242,NA,NA
"b12_assay_4","1","K10",23,0.039,"metE_metH",512,0,3,97,1,1,"JW50603","filter_then_boil","E. coli OD600",15.36,0.037,0.03,15.36,9.63952200670166,NA,NA
"b12_assay_4","1","K11",23,0.039,"metE_metH",204.8,0,10,90,1,1,"JW50603","filter_then_boil","E. coli OD600",20.48,0.037,0.1,20.48,9.92720407915344,NA,NA
"b12_assay_4","1","K12",23,0.034,"metE_metH",204.8,0,3,97,1,1,"JW50603","filter_then_boil","E. coli OD600",6.144,0.037,0.03,6.144,8.72323127482751,NA,NA
"b12_assay_4","1","K13",23,0.037,"metE_metH",81.92,0,10,90,1,1,"JW50603","filter_then_boil","E. coli OD600",8.192,0.037,0.1,8.192,9.01091334727929,NA,NA
"b12_assay_4","1","K14",23,0.035,"metE_metH",81.92,0,3,97,1,1,"JW50603","filter_then_boil","E. coli OD600",2.4576,0.037,0.03,2.4576,7.80694054295335,NA,NA
"b12_assay_4","1","K15",23,0.038,"metE_metH",32.768,0,10,90,1,1,"JW50603","filter_then_boil","E. coli OD600",3.2768,0.037,0.1,3.2768,8.09462261540513,NA,NA
"b12_assay_4","1","K16",23,0.039,"metE_metH",32.768,0,3,97,1,1,"JW50603","filter_then_boil","E. coli OD600",0.98304,0.037,0.03,0.98304,6.8906498110792,NA,NA
"b12_assay_4","1","K17",23,0.038,"metE_metH",13.1072,0,10,90,1,1,"JW50603","filter_then_boil","E. coli OD600",1.31072,0.037,0.1,1.31072,7.17833188353098,NA,NA
"b12_assay_4","1","K18",23,0.036,"metE_metH",13.1072,0,3,97,1,1,"JW50603","filter_then_boil","E. coli OD600",0.393216,0.037,0.03,0.393216,5.97435907920504,NA,NA
"b12_assay_4","1","K19",23,0.036,"metE_metH",5.24288,0,10,90,1,1,"JW50603","filter_then_boil","E. coli OD600",0.524288,0.037,0.1,0.524288,6.26204115165682,NA,NA
"b12_assay_4","1","K2",23,0.035,"metE_metH",20000,0,3,97,1,1,"JW50603","filter_then_boil","E. coli OD600",600,0.037,0.03,600,13.3046849341983,NA,NA
"b12_assay_4","1","K20",23,0.037,"metE_metH",5.24288,0,3,97,1,1,"JW50603","filter_then_boil","E. coli OD600",0.1572864,0.037,0.03,0.1572864,5.05806834733089,NA,NA
"b12_assay_4","1","K21",23,0.043,"metE_metH",2.097152,0,10,90,1,1,"JW50603","filter_then_boil","E. coli OD600",0.2097152,0.037,0.1,0.2097152,5.34575041978267,NA,NA
"b12_assay_4","1","K22",23,0.039,"metE_metH",2.097152,0,3,97,1,1,"JW50603","filter_then_boil","E. coli OD600",0.06291456,0.037,0.03,0.06291456,4.14177761545673,NA,NA
"b12_assay_4","1","K23",23,0.041,"metE_metH",0,0,10,90,1,1,"JW50603","filter_then_boil","E. coli OD600",0,0.037,0.1,0,-Inf,NA,NA
"b12_assay_4","1","K24",23,0.041,"metE_metH",0,0,3,97,1,1,"JW50603","filter_then_boil","E. coli OD600",0,0.037,0.03,0,-Inf,NA,NA
"b12_assay_4","1","K3",23,0.037,"metE_metH",8000,0,10,90,1,1,"JW50603","filter_then_boil","E. coli OD600",800,0.037,0.1,800,13.5923670066501,NA,NA
"b12_assay_4","1","K4",23,0.037,"metE_metH",8000,0,3,97,1,1,"JW50603","filter_then_boil","E. coli OD600",240,0.037,0.03,240,12.3883942023241,NA,NA
"b12_assay_4","1","K5",23,0.041,"metE_metH",3200,0,10,90,1,1,"JW50603","filter_then_boil","E. coli OD600",320,0.037,0.1,320,12.6760762747759,NA,NA
"b12_assay_4","1","K6",23,0.037,"metE_metH",3200,0,3,97,1,1,"JW50603","filter_then_boil","E. coli OD600",96,0.037,0.03,96,11.47210347045,NA,NA
"b12_assay_4","1","K7",23,0.039,"metE_metH",1280,0,10,90,1,1,"JW50603","filter_then_boil","E. coli OD600",128,0.037,0.1,128,11.7597855429018,NA,NA
"b12_assay_4","1","K8",23,0.039,"metE_metH",1280,0,3,97,1,1,"JW50603","filter_then_boil","E. coli OD600",38.4,0.037,0.03,38.4,10.5558127385758,NA,NA
"b12_assay_4","1","K9",23,0.038,"metE_metH",512,0,10,90,1,1,"JW50603","filter_then_boil","E. coli OD600",51.2,0.037,0.1,51.2,10.8434948110276,NA,NA
"b12_assay_4","1","L1",23,0.039,"metE_metH",20000,0,10,90,1,1,"OTU4908","filter_then_boil","E. coli OD600",2000,0.037,0.1,2000,14.5086577385242,NA,NA
"b12_assay_4","1","L10",23,0.035,"metE_metH",512,0,3,97,1,1,"OTU4908","filter_then_boil","E. coli OD600",15.36,0.037,0.03,15.36,9.63952200670166,NA,NA
"b12_assay_4","1","L11",23,0.036,"metE_metH",204.8,0,10,90,1,1,"OTU4908","filter_then_boil","E. coli OD600",20.48,0.037,0.1,20.48,9.92720407915344,NA,NA
"b12_assay_4","1","L12",23,0.036,"metE_metH",204.8,0,3,97,1,1,"OTU4908","filter_then_boil","E. coli OD600",6.144,0.037,0.03,6.144,8.72323127482751,NA,NA
"b12_assay_4","1","L13",23,0.036,"metE_metH",81.92,0,10,90,1,1,"OTU4908","filter_then_boil","E. coli OD600",8.192,0.037,0.1,8.192,9.01091334727929,NA,NA
"b12_assay_4","1","L14",23,0.036,"metE_metH",81.92,0,3,97,1,1,"OTU4908","filter_then_boil","E. coli OD600",2.4576,0.037,0.03,2.4576,7.80694054295335,NA,NA
"b12_assay_4","1","L15",23,0.038,"metE_metH",32.768,0,10,90,1,1,"OTU4908","filter_then_boil","E. coli OD600",3.2768,0.037,0.1,3.2768,8.09462261540513,NA,NA
"b12_assay_4","1","L16",23,0.037,"metE_metH",32.768,0,3,97,1,1,"OTU4908","filter_then_boil","E. coli OD600",0.98304,0.037,0.03,0.98304,6.8906498110792,NA,NA
"b12_assay_4","1","L17",23,0.034,"metE_metH",13.1072,0,10,90,1,1,"OTU4908","filter_then_boil","E. coli OD600",1.31072,0.037,0.1,1.31072,7.17833188353098,NA,NA
"b12_assay_4","1","L18",23,0.035,"metE_metH",13.1072,0,3,97,1,1,"OTU4908","filter_then_boil","E. coli OD600",0.393216,0.037,0.03,0.393216,5.97435907920504,NA,NA
"b12_assay_4","1","L19",23,0.036,"metE_metH",5.24288,0,10,90,1,1,"OTU4908","filter_then_boil","E. coli OD600",0.524288,0.037,0.1,0.524288,6.26204115165682,NA,NA
"b12_assay_4","1","L2",23,0.037,"metE_metH",20000,0,3,97,1,1,"OTU4908","filter_then_boil","E. coli OD600",600,0.037,0.03,600,13.3046849341983,NA,NA
"b12_assay_4","1","L20",23,0.035,"metE_metH",5.24288,0,3,97,1,1,"OTU4908","filter_then_boil","E. coli OD600",0.1572864,0.037,0.03,0.1572864,5.05806834733089,NA,NA
"b12_assay_4","1","L21",23,0.038,"metE_metH",2.097152,0,10,90,1,1,"OTU4908","filter_then_boil","E. coli OD600",0.2097152,0.037,0.1,0.2097152,5.34575041978267,NA,NA
"b12_assay_4","1","L22",23,0.038,"metE_metH",2.097152,0,3,97,1,1,"OTU4908","filter_then_boil","E. coli OD600",0.06291456,0.037,0.03,0.06291456,4.14177761545673,NA,NA
"b12_assay_4","1","L23",23,0.036,"metE_metH",0,0,10,90,1,1,"OTU4908","filter_then_boil","E. coli OD600",0,0.037,0.1,0,-Inf,NA,NA
"b12_assay_4","1","L24",23,0.037,"metE_metH",0,0,3,97,1,1,"OTU4908","filter_then_boil","E. coli OD600",0,0.037,0.03,0,-Inf,NA,NA
"b12_assay_4","1","L3",23,0.035,"metE_metH",8000,0,10,90,1,1,"OTU4908","filter_then_boil","E. coli OD600",800,0.037,0.1,800,13.5923670066501,NA,NA
"b12_assay_4","1","L4",23,0.036,"metE_metH",8000,0,3,97,1,1,"OTU4908","filter_then_boil","E. coli OD600",240,0.037,0.03,240,12.3883942023241,NA,NA
"b12_assay_4","1","L5",23,0.037,"metE_metH",3200,0,10,90,1,1,"OTU4908","filter_then_boil","E. coli OD600",320,0.037,0.1,320,12.6760762747759,NA,NA
"b12_assay_4","1","L6",23,0.038,"metE_metH",3200,0,3,97,1,1,"OTU4908","filter_then_boil","E. coli OD600",96,0.037,0.03,96,11.47210347045,NA,NA
"b12_assay_4","1","L7",23,0.042,"metE_metH",1280,0,10,90,1,1,"OTU4908","filter_then_boil","E. coli OD600",128,0.037,0.1,128,11.7597855429018,NA,NA
"b12_assay_4","1","L8",23,0.037,"metE_metH",1280,0,3,97,1,1,"OTU4908","filter_then_boil","E. coli OD600",38.4,0.037,0.03,38.4,10.5558127385758,NA,NA
"b12_assay_4","1","L9",23,0.034,"metE_metH",512,0,10,90,1,1,"OTU4908","filter_then_boil","E. coli OD600",51.2,0.037,0.1,51.2,10.8434948110276,NA,NA
"b12_assay_4","1","M1",23,0.04,"metE_metH",20000,0,10,90,1,1,"blank","boil_then_filter","E. coli OD600",2000,0.037,0.1,2000,14.5086577385242,NA,NA
"b12_assay_4","1","M10",23,0.036,"metE_metH",512,0,3,97,1,1,"blank","boil_then_filter","E. coli OD600",15.36,0.037,0.03,15.36,9.63952200670166,NA,NA
"b12_assay_4","1","M11",23,0.037,"metE_metH",204.8,0,10,90,1,1,"blank","boil_then_filter","E. coli OD600",20.48,0.037,0.1,20.48,9.92720407915344,NA,NA
"b12_assay_4","1","M12",23,0.037,"metE_metH",204.8,0,3,97,1,1,"blank","boil_then_filter","E. coli OD600",6.144,0.037,0.03,6.144,8.72323127482751,NA,NA
"b12_assay_4","1","M13",23,0.038,"metE_metH",81.92,0,10,90,1,1,"blank","boil_then_filter","E. coli OD600",8.192,0.037,0.1,8.192,9.01091334727929,NA,NA
"b12_assay_4","1","M14",23,0.035,"metE_metH",81.92,0,3,97,1,1,"blank","boil_then_filter","E. coli OD600",2.4576,0.037,0.03,2.4576,7.80694054295335,NA,NA
"b12_assay_4","1","M15",23,0.042,"metE_metH",32.768,0,10,90,1,1,"blank","boil_then_filter","E. coli OD600",3.2768,0.037,0.1,3.2768,8.09462261540513,NA,NA
"b12_assay_4","1","M16",23,0.038,"metE_metH",32.768,0,3,97,1,1,"blank","boil_then_filter","E. coli OD600",0.98304,0.037,0.03,0.98304,6.8906498110792,NA,NA
"b12_assay_4","1","M17",23,0.042,"metE_metH",13.1072,0,10,90,1,1,"blank","boil_then_filter","E. coli OD600",1.31072,0.037,0.1,1.31072,7.17833188353098,NA,NA
"b12_assay_4","1","M18",23,0.035,"metE_metH",13.1072,0,3,97,1,1,"blank","boil_then_filter","E. coli OD600",0.393216,0.037,0.03,0.393216,5.97435907920504,NA,NA
"b12_assay_4","1","M19",23,0.038,"metE_metH",5.24288,0,10,90,1,1,"blank","boil_then_filter","E. coli OD600",0.524288,0.037,0.1,0.524288,6.26204115165682,NA,NA
"b12_assay_4","1","M2",23,0.038,"metE_metH",20000,0,3,97,1,1,"blank","boil_then_filter","E. coli OD600",600,0.037,0.03,600,13.3046849341983,NA,NA
"b12_assay_4","1","M20",23,0.038,"metE_metH",5.24288,0,3,97,1,1,"blank","boil_then_filter","E. coli OD600",0.1572864,0.037,0.03,0.1572864,5.05806834733089,NA,NA
"b12_assay_4","1","M21",23,0.043,"metE_metH",2.097152,0,10,90,1,1,"blank","boil_then_filter","E. coli OD600",0.2097152,0.037,0.1,0.2097152,5.34575041978267,NA,NA
"b12_assay_4","1","M22",23,0.04,"metE_metH",2.097152,0,3,97,1,1,"blank","boil_then_filter","E. coli OD600",0.06291456,0.037,0.03,0.06291456,4.14177761545673,NA,NA
"b12_assay_4","1","M23",23,0.046,"metE_metH",0,0,10,90,1,1,"blank","boil_then_filter","E. coli OD600",0,0.037,0.1,0,-Inf,NA,NA
"b12_assay_4","1","M24",23,0.045,"metE_metH",0,0,3,97,1,1,"blank","boil_then_filter","E. coli OD600",0,0.037,0.03,0,-Inf,NA,NA
"b12_assay_4","1","M3",23,0.038,"metE_metH",8000,0,10,90,1,1,"blank","boil_then_filter","E. coli OD600",800,0.037,0.1,800,13.5923670066501,NA,NA
"b12_assay_4","1","M4",23,0.034,"metE_metH",8000,0,3,97,1,1,"blank","boil_then_filter","E. coli OD600",240,0.037,0.03,240,12.3883942023241,NA,NA
"b12_assay_4","1","M5",23,0.042,"metE_metH",3200,0,10,90,1,1,"blank","boil_then_filter","E. coli OD600",320,0.037,0.1,320,12.6760762747759,NA,NA
"b12_assay_4","1","M6",23,0.036,"metE_metH",3200,0,3,97,1,1,"blank","boil_then_filter","E. coli OD600",96,0.037,0.03,96,11.47210347045,NA,NA
"b12_assay_4","1","M7",23,0.041,"metE_metH",1280,0,10,90,1,1,"blank","boil_then_filter","E. coli OD600",128,0.037,0.1,128,11.7597855429018,NA,NA
"b12_assay_4","1","M8",23,0.039,"metE_metH",1280,0,3,97,1,1,"blank","boil_then_filter","E. coli OD600",38.4,0.037,0.03,38.4,10.5558127385758,NA,NA
"b12_assay_4","1","M9",23,0.04,"metE_metH",512,0,10,90,1,1,"blank","boil_then_filter","E. coli OD600",51.2,0.037,0.1,51.2,10.8434948110276,NA,NA
"b12_assay_4","1","N1",23,0.044,"metE_metH",20000,0,10,90,1,1,"HTWP4","boil_then_filter","E. coli OD600",2000,0.037,0.1,2000,14.5086577385242,NA,NA
"b12_assay_4","1","N10",23,0.038,"metE_metH",512,0,3,97,1,1,"HTWP4","boil_then_filter","E. coli OD600",15.36,0.037,0.03,15.36,9.63952200670166,NA,NA
"b12_assay_4","1","N11",23,0.039,"metE_metH",204.8,0,10,90,1,1,"HTWP4","boil_then_filter","E. coli OD600",20.48,0.037,0.1,20.48,9.92720407915344,NA,NA
"b12_assay_4","1","N12",23,0.034,"metE_metH",204.8,0,3,97,1,1,"HTWP4","boil_then_filter","E. coli OD600",6.144,0.037,0.03,6.144,8.72323127482751,NA,NA
"b12_assay_4","1","N13",23,0.035,"metE_metH",81.92,0,10,90,1,1,"HTWP4","boil_then_filter","E. coli OD600",8.192,0.037,0.1,8.192,9.01091334727929,NA,NA
"b12_assay_4","1","N14",23,0.037,"metE_metH",81.92,0,3,97,1,1,"HTWP4","boil_then_filter","E. coli OD600",2.4576,0.037,0.03,2.4576,7.80694054295335,NA,NA
"b12_assay_4","1","N15",23,0.041,"metE_metH",32.768,0,10,90,1,1,"HTWP4","boil_then_filter","E. coli OD600",3.2768,0.037,0.1,3.2768,8.09462261540513,NA,NA
"b12_assay_4","1","N16",23,0.04,"metE_metH",32.768,0,3,97,1,1,"HTWP4","boil_then_filter","E. coli OD600",0.98304,0.037,0.03,0.98304,6.8906498110792,NA,NA
"b12_assay_4","1","N17",23,0.039,"metE_metH",13.1072,0,10,90,1,1,"HTWP4","boil_then_filter","E. coli OD600",1.31072,0.037,0.1,1.31072,7.17833188353098,NA,NA
"b12_assay_4","1","N18",23,0.039,"metE_metH",13.1072,0,3,97,1,1,"HTWP4","boil_then_filter","E. coli OD600",0.393216,0.037,0.03,0.393216,5.97435907920504,NA,NA
"b12_assay_4","1","N19",23,0.038,"metE_metH",5.24288,0,10,90,1,1,"HTWP4","boil_then_filter","E. coli OD600",0.524288,0.037,0.1,0.524288,6.26204115165682,NA,NA
"b12_assay_4","1","N2",23,0.039,"metE_metH",20000,0,3,97,1,1,"HTWP4","boil_then_filter","E. coli OD600",600,0.037,0.03,600,13.3046849341983,NA,NA
"b12_assay_4","1","N20",23,0.037,"metE_metH",5.24288,0,3,97,1,1,"HTWP4","boil_then_filter","E. coli OD600",0.1572864,0.037,0.03,0.1572864,5.05806834733089,NA,NA
"b12_assay_4","1","N21",23,0.04,"metE_metH",2.097152,0,10,90,1,1,"HTWP4","boil_then_filter","E. coli OD600",0.2097152,0.037,0.1,0.2097152,5.34575041978267,NA,NA
"b12_assay_4","1","N22",23,0.036,"metE_metH",2.097152,0,3,97,1,1,"HTWP4","boil_then_filter","E. coli OD600",0.06291456,0.037,0.03,0.06291456,4.14177761545673,NA,NA
"b12_assay_4","1","N23",23,0.041,"metE_metH",0,0,10,90,1,1,"HTWP4","boil_then_filter","E. coli OD600",0,0.037,0.1,0,-Inf,NA,NA
"b12_assay_4","1","N24",23,0.039,"metE_metH",0,0,3,97,1,1,"HTWP4","boil_then_filter","E. coli OD600",0,0.037,0.03,0,-Inf,NA,NA
"b12_assay_4","1","N3",23,0.037,"metE_metH",8000,0,10,90,1,1,"HTWP4","boil_then_filter","E. coli OD600",800,0.037,0.1,800,13.5923670066501,NA,NA
"b12_assay_4","1","N4",23,0.034,"metE_metH",8000,0,3,97,1,1,"HTWP4","boil_then_filter","E. coli OD600",240,0.037,0.03,240,12.3883942023241,NA,NA
"b12_assay_4","1","N5",23,0.042,"metE_metH",3200,0,10,90,1,1,"HTWP4","boil_then_filter","E. coli OD600",320,0.037,0.1,320,12.6760762747759,NA,NA
"b12_assay_4","1","N6",23,0.042,"metE_metH",3200,0,3,97,1,1,"HTWP4","boil_then_filter","E. coli OD600",96,0.037,0.03,96,11.47210347045,NA,NA
"b12_assay_4","1","N7",23,0.038,"metE_metH",1280,0,10,90,1,1,"HTWP4","boil_then_filter","E. coli OD600",128,0.037,0.1,128,11.7597855429018,NA,NA
"b12_assay_4","1","N8",23,0.038,"metE_metH",1280,0,3,97,1,1,"HTWP4","boil_then_filter","E. coli OD600",38.4,0.037,0.03,38.4,10.5558127385758,NA,NA
"b12_assay_4","1","N9",23,0.039,"metE_metH",512,0,10,90,1,1,"HTWP4","boil_then_filter","E. coli OD600",51.2,0.037,0.1,51.2,10.8434948110276,NA,NA
"b12_assay_4","1","O1",23,0.046,"metE_metH",20000,0,10,90,1,1,"JW50603","boil_then_filter","E. coli OD600",2000,0.037,0.1,2000,14.5086577385242,NA,NA
"b12_assay_4","1","O10",23,0.041,"metE_metH",512,0,3,97,1,1,"JW50603","boil_then_filter","E. coli OD600",15.36,0.037,0.03,15.36,9.63952200670166,NA,NA
"b12_assay_4","1","O11",23,0.045,"metE_metH",204.8,0,10,90,1,1,"JW50603","boil_then_filter","E. coli OD600",20.48,0.037,0.1,20.48,9.92720407915344,NA,NA
"b12_assay_4","1","O12",23,0.041,"metE_metH",204.8,0,3,97,1,1,"JW50603","boil_then_filter","E. coli OD600",6.144,0.037,0.03,6.144,8.72323127482751,NA,NA
"b12_assay_4","1","O13",23,0.046,"metE_metH",81.92,0,10,90,1,1,"JW50603","boil_then_filter","E. coli OD600",8.192,0.037,0.1,8.192,9.01091334727929,NA,NA
"b12_assay_4","1","O14",23,0.04,"metE_metH",81.92,0,3,97,1,1,"JW50603","boil_then_filter","E. coli OD600",2.4576,0.037,0.03,2.4576,7.80694054295335,NA,NA
"b12_assay_4","1","O15",23,0.045,"metE_metH",32.768,0,10,90,1,1,"JW50603","boil_then_filter","E. coli OD600",3.2768,0.037,0.1,3.2768,8.09462261540513,NA,NA
"b12_assay_4","1","O16",23,0.041,"metE_metH",32.768,0,3,97,1,1,"JW50603","boil_then_filter","E. coli OD600",0.98304,0.037,0.03,0.98304,6.8906498110792,NA,NA
"b12_assay_4","1","O17",23,0.044,"metE_metH",13.1072,0,10,90,1,1,"JW50603","boil_then_filter","E. coli OD600",1.31072,0.037,0.1,1.31072,7.17833188353098,NA,NA
"b12_assay_4","1","O18",23,0.041,"metE_metH",13.1072,0,3,97,1,1,"JW50603","boil_then_filter","E. coli OD600",0.393216,0.037,0.03,0.393216,5.97435907920504,NA,NA
"b12_assay_4","1","O19",23,0.044,"metE_metH",5.24288,0,10,90,1,1,"JW50603","boil_then_filter","E. coli OD600",0.524288,0.037,0.1,0.524288,6.26204115165682,NA,NA
"b12_assay_4","1","O2",23,0.043,"metE_metH",20000,0,3,97,1,1,"JW50603","boil_then_filter","E. coli OD600",600,0.037,0.03,600,13.3046849341983,NA,NA
"b12_assay_4","1","O20",23,0.04,"metE_metH",5.24288,0,3,97,1,1,"JW50603","boil_then_filter","E. coli OD600",0.1572864,0.037,0.03,0.1572864,5.05806834733089,NA,NA
"b12_assay_4","1","O21",23,0.044,"metE_metH",2.097152,0,10,90,1,1,"JW50603","boil_then_filter","E. coli OD600",0.2097152,0.037,0.1,0.2097152,5.34575041978267,NA,NA
"b12_assay_4","1","O22",23,0.04,"metE_metH",2.097152,0,3,97,1,1,"JW50603","boil_then_filter","E. coli OD600",0.06291456,0.037,0.03,0.06291456,4.14177761545673,NA,NA
"b12_assay_4","1","O23",23,0.046,"metE_metH",0,0,10,90,1,1,"JW50603","boil_then_filter","E. coli OD600",0,0.037,0.1,0,-Inf,NA,NA
"b12_assay_4","1","O24",23,0.039,"metE_metH",0,0,3,97,1,1,"JW50603","boil_then_filter","E. coli OD600",0,0.037,0.03,0,-Inf,NA,NA
"b12_assay_4","1","O3",23,0.045,"metE_metH",8000,0,10,90,1,1,"JW50603","boil_then_filter","E. coli OD600",800,0.037,0.1,800,13.5923670066501,NA,NA
"b12_assay_4","1","O4",23,0.037,"metE_metH",8000,0,3,97,1,1,"JW50603","boil_then_filter","E. coli OD600",240,0.037,0.03,240,12.3883942023241,NA,NA
"b12_assay_4","1","O5",23,0.049,"metE_metH",3200,0,10,90,1,1,"JW50603","boil_then_filter","E. coli OD600",320,0.037,0.1,320,12.6760762747759,NA,NA
"b12_assay_4","1","O6",23,0.041,"metE_metH",3200,0,3,97,1,1,"JW50603","boil_then_filter","E. coli OD600",96,0.037,0.03,96,11.47210347045,NA,NA
"b12_assay_4","1","O7",23,0.048,"metE_metH",1280,0,10,90,1,1,"JW50603","boil_then_filter","E. coli OD600",128,0.037,0.1,128,11.7597855429018,NA,NA
"b12_assay_4","1","O8",23,0.044,"metE_metH",1280,0,3,97,1,1,"JW50603","boil_then_filter","E. coli OD600",38.4,0.037,0.03,38.4,10.5558127385758,NA,NA
"b12_assay_4","1","O9",23,0.045,"metE_metH",512,0,10,90,1,1,"JW50603","boil_then_filter","E. coli OD600",51.2,0.037,0.1,51.2,10.8434948110276,NA,NA
"b12_assay_4","1","P1",23,0.044,"metE_metH",20000,0,10,90,1,1,"OTU4908","boil_then_filter","E. coli OD600",2000,0.037,0.1,2000,14.5086577385242,NA,NA
"b12_assay_4","1","P10",23,0.048,"metE_metH",512,0,3,97,1,1,"OTU4908","boil_then_filter","E. coli OD600",15.36,0.037,0.03,15.36,9.63952200670166,NA,NA
"b12_assay_4","1","P11",23,0.048,"metE_metH",204.8,0,10,90,1,1,"OTU4908","boil_then_filter","E. coli OD600",20.48,0.037,0.1,20.48,9.92720407915344,NA,NA
"b12_assay_4","1","P12",23,0.039,"metE_metH",204.8,0,3,97,1,1,"OTU4908","boil_then_filter","E. coli OD600",6.144,0.037,0.03,6.144,8.72323127482751,NA,NA
"b12_assay_4","1","P13",23,0.047,"metE_metH",81.92,0,10,90,1,1,"OTU4908","boil_then_filter","E. coli OD600",8.192,0.037,0.1,8.192,9.01091334727929,NA,NA
"b12_assay_4","1","P14",23,0.041,"metE_metH",81.92,0,3,97,1,1,"OTU4908","boil_then_filter","E. coli OD600",2.4576,0.037,0.03,2.4576,7.80694054295335,NA,NA
"b12_assay_4","1","P15",23,0.045,"metE_metH",32.768,0,10,90,1,1,"OTU4908","boil_then_filter","E. coli OD600",3.2768,0.037,0.1,3.2768,8.09462261540513,NA,NA
"b12_assay_4","1","P16",23,0.04,"metE_metH",32.768,0,3,97,1,1,"OTU4908","boil_then_filter","E. coli OD600",0.98304,0.037,0.03,0.98304,6.8906498110792,NA,NA
"b12_assay_4","1","P17",23,0.046,"metE_metH",13.1072,0,10,90,1,1,"OTU4908","boil_then_filter","E. coli OD600",1.31072,0.037,0.1,1.31072,7.17833188353098,NA,NA
"b12_assay_4","1","P18",23,0.043,"metE_metH",13.1072,0,3,97,1,1,"OTU4908","boil_then_filter","E. coli OD600",0.393216,0.037,0.03,0.393216,5.97435907920504,NA,NA
"b12_assay_4","1","P19",23,0.044,"metE_metH",5.24288,0,10,90,1,1,"OTU4908","boil_then_filter","E. coli OD600",0.524288,0.037,0.1,0.524288,6.26204115165682,NA,NA
"b12_assay_4","1","P2",23,0.043,"metE_metH",20000,0,3,97,1,1,"OTU4908","boil_then_filter","E. coli OD600",600,0.037,0.03,600,13.3046849341983,NA,NA
"b12_assay_4","1","P20",23,0.085,"metE_metH",5.24288,0,3,97,1,1,"OTU4908","boil_then_filter","E. coli OD600",0.1572864,0.037,0.03,0.1572864,5.05806834733089,NA,NA
"b12_assay_4","1","P21",23,0.044,"metE_metH",2.097152,0,10,90,1,1,"OTU4908","boil_then_filter","E. coli OD600",0.2097152,0.037,0.1,0.2097152,5.34575041978267,NA,NA
"b12_assay_4","1","P22",23,0.043,"metE_metH",2.097152,0,3,97,1,1,"OTU4908","boil_then_filter","E. coli OD600",0.06291456,0.037,0.03,0.06291456,4.14177761545673,NA,NA
"b12_assay_4","1","P23",23,0.045,"metE_metH",0,0,10,90,1,1,"OTU4908","boil_then_filter","E. coli OD600",0,0.037,0.1,0,-Inf,NA,NA
"b12_assay_4","1","P24",23,0.041,"metE_metH",0,0,3,97,1,1,"OTU4908","boil_then_filter","E. coli OD600",0,0.037,0.03,0,-Inf,NA,NA
"b12_assay_4","1","P3",23,0.044,"metE_metH",8000,0,10,90,1,1,"OTU4908","boil_then_filter","E. coli OD600",800,0.037,0.1,800,13.5923670066501,NA,NA
"b12_assay_4","1","P4",23,0.04,"metE_metH",8000,0,3,97,1,1,"OTU4908","boil_then_filter","E. coli OD600",240,0.037,0.03,240,12.3883942023241,NA,NA
"b12_assay_4","1","P5",23,0.046,"metE_metH",3200,0,10,90,1,1,"OTU4908","boil_then_filter","E. coli OD600",320,0.037,0.1,320,12.6760762747759,NA,NA
"b12_assay_4","1","P6",23,0.036,"metE_metH",3200,0,3,97,1,1,"OTU4908","boil_then_filter","E. coli OD600",96,0.037,0.03,96,11.47210347045,NA,NA
"b12_assay_4","1","P7",23,0.045,"metE_metH",1280,0,10,90,1,1,"OTU4908","boil_then_filter","E. coli OD600",128,0.037,0.1,128,11.7597855429018,NA,NA
"b12_assay_4","1","P8",23,0.04,"metE_metH",1280,0,3,97,1,1,"OTU4908","boil_then_filter","E. coli OD600",38.4,0.037,0.03,38.4,10.5558127385758,NA,NA
"b12_assay_4","1","P9",23,0.051,"metE_metH",512,0,10,90,1,1,"OTU4908","boil_then_filter","E. coli OD600",51.2,0.037,0.1,51.2,10.8434948110276,NA,NA
"b12_assay_4","2","A1",23,0.814,"metE",20000,895.2,10,90,1,1,"blank",NA,"E. coli OD600",2000,89.557,0.1,2000,14.5086577385242,NA,NA
"b12_assay_4","2","A10",23,0.955,"metE",512,895.2,3,97,1,1,"blank",NA,"E. coli OD600",15.36,26.893,0.03,15.36,9.63952200670166,NA,NA
"b12_assay_4","2","A11",23,0.882,"metE",204.8,895.2,10,90,1,1,"blank",NA,"E. coli OD600",20.48,89.557,0.1,20.48,9.92720407915344,NA,NA
"b12_assay_4","2","A12",23,0.879,"metE",204.8,895.2,3,97,1,1,"blank",NA,"E. coli OD600",6.144,26.893,0.03,6.144,8.72323127482751,NA,NA
"b12_assay_4","2","A13",23,0.866,"metE",81.92,895.2,10,90,1,1,"blank",NA,"E. coli OD600",8.192,89.557,0.1,8.192,9.01091334727929,NA,NA
"b12_assay_4","2","A14",23,0.876,"metE",81.92,895.2,3,97,1,1,"blank",NA,"E. coli OD600",2.4576,26.893,0.03,2.4576,7.80694054295335,NA,NA
"b12_assay_4","2","A15",23,0.855,"metE",32.768,895.2,10,90,1,1,"blank",NA,"E. coli OD600",3.2768,89.557,0.1,3.2768,8.09462261540513,NA,NA
"b12_assay_4","2","A16",23,0.843,"metE",32.768,895.2,3,97,1,1,"blank",NA,"E. coli OD600",0.98304,26.893,0.03,0.98304,6.8906498110792,NA,NA
"b12_assay_4","2","A17",23,0.891,"metE",13.1072,895.2,10,90,1,1,"blank",NA,"E. coli OD600",1.31072,89.557,0.1,1.31072,7.17833188353098,NA,NA
"b12_assay_4","2","A18",23,0.866,"metE",13.1072,895.2,3,97,1,1,"blank",NA,"E. coli OD600",0.393216,26.893,0.03,0.393216,5.97435907920504,NA,NA
"b12_assay_4","2","A19",23,0.843,"metE",5.24288,895.2,10,90,1,1,"blank",NA,"E. coli OD600",0.524288,89.557,0.1,0.524288,6.26204115165682,NA,NA
"b12_assay_4","2","A2",23,0.909,"metE",20000,895.2,3,97,1,1,"blank",NA,"E. coli OD600",600,26.893,0.03,600,13.3046849341983,NA,NA
"b12_assay_4","2","A20",23,0.891,"metE",5.24288,895.2,3,97,1,1,"blank",NA,"E. coli OD600",0.1572864,26.893,0.03,0.1572864,5.05806834733089,NA,NA
"b12_assay_4","2","A21",23,0.861,"metE",2.097152,895.2,10,90,1,1,"blank",NA,"E. coli OD600",0.2097152,89.557,0.1,0.2097152,5.34575041978267,NA,NA
"b12_assay_4","2","A22",23,0.835,"metE",2.097152,895.2,3,97,1,1,"blank",NA,"E. coli OD600",0.06291456,26.893,0.03,0.06291456,4.14177761545673,NA,NA
"b12_assay_4","2","A23",23,0.844,"metE",0,895.2,10,90,1,1,"blank",NA,"E. coli OD600",0,89.557,0.1,0,-Inf,NA,NA
"b12_assay_4","2","A24",23,0.759,"metE",0,895.2,3,97,1,1,"blank",NA,"E. coli OD600",0,26.893,0.03,0,-Inf,NA,NA
"b12_assay_4","2","A3",23,0.853,"metE",8000,895.2,10,90,1,1,"blank",NA,"E. coli OD600",800,89.557,0.1,800,13.5923670066501,NA,NA
"b12_assay_4","2","A4",23,0.917,"metE",8000,895.2,3,97,1,1,"blank",NA,"E. coli OD600",240,26.893,0.03,240,12.3883942023241,NA,NA
"b12_assay_4","2","A5",23,0.896,"metE",3200,895.2,10,90,1,1,"blank",NA,"E. coli OD600",320,89.557,0.1,320,12.6760762747759,NA,NA
"b12_assay_4","2","A6",23,0.926,"metE",3200,895.2,3,97,1,1,"blank",NA,"E. coli OD600",96,26.893,0.03,96,11.47210347045,NA,NA
"b12_assay_4","2","A7",23,0.894,"metE",1280,895.2,10,90,1,1,"blank",NA,"E. coli OD600",128,89.557,0.1,128,11.7597855429018,NA,NA
"b12_assay_4","2","A8",23,0.946,"metE",1280,895.2,3,97,1,1,"blank",NA,"E. coli OD600",38.4,26.893,0.03,38.4,10.5558127385758,NA,NA
"b12_assay_4","2","A9",23,0.889,"metE",512,895.2,10,90,1,1,"blank",NA,"E. coli OD600",51.2,89.557,0.1,51.2,10.8434948110276,NA,NA
"b12_assay_4","2","B1",23,0.844,"metE",20000,223.8,10,90,1,1,"blank",NA,"E. coli OD600",2000,22.417,0.1,2000,14.5086577385242,NA,NA
"b12_assay_4","2","B10",23,0.701,"metE",512,223.8,3,97,1,1,"blank",NA,"E. coli OD600",15.36,6.751,0.03,15.36,9.63952200670166,NA,NA
"b12_assay_4","2","B11",23,0.875,"metE",204.8,223.8,10,90,1,1,"blank",NA,"E. coli OD600",20.48,22.417,0.1,20.48,9.92720407915344,NA,NA
"b12_assay_4","2","B12",23,0.685,"metE",204.8,223.8,3,97,1,1,"blank",NA,"E. coli OD600",6.144,6.751,0.03,6.144,8.72323127482751,NA,NA
"b12_assay_4","2","B13",23,0.886,"metE",81.92,223.8,10,90,1,1,"blank",NA,"E. coli OD600",8.192,22.417,0.1,8.192,9.01091334727929,NA,NA
"b12_assay_4","2","B14",23,0.718,"metE",81.92,223.8,3,97,1,1,"blank",NA,"E. coli OD600",2.4576,6.751,0.03,2.4576,7.80694054295335,NA,NA
"b12_assay_4","2","B15",23,0.839,"metE",32.768,223.8,10,90,1,1,"blank",NA,"E. coli OD600",3.2768,22.417,0.1,3.2768,8.09462261540513,NA,NA
"b12_assay_4","2","B16",23,0.671,"metE",32.768,223.8,3,97,1,1,"blank",NA,"E. coli OD600",0.98304,6.751,0.03,0.98304,6.8906498110792,NA,NA
"b12_assay_4","2","B17",23,0.844,"metE",13.1072,223.8,10,90,1,1,"blank",NA,"E. coli OD600",1.31072,22.417,0.1,1.31072,7.17833188353098,NA,NA
"b12_assay_4","2","B18",23,0.617,"metE",13.1072,223.8,3,97,1,1,"blank",NA,"E. coli OD600",0.393216,6.751,0.03,0.393216,5.97435907920504,NA,NA
"b12_assay_4","2","B19",23,0.883,"metE",5.24288,223.8,10,90,1,1,"blank",NA,"E. coli OD600",0.524288,22.417,0.1,0.524288,6.26204115165682,NA,NA
"b12_assay_4","2","B2",23,0.932,"metE",20000,223.8,3,97,1,1,"blank",NA,"E. coli OD600",600,6.751,0.03,600,13.3046849341983,NA,NA
"b12_assay_4","2","B20",23,0.597,"metE",5.24288,223.8,3,97,1,1,"blank",NA,"E. coli OD600",0.1572864,6.751,0.03,0.1572864,5.05806834733089,NA,NA
"b12_assay_4","2","B21",23,0.812,"metE",2.097152,223.8,10,90,1,1,"blank",NA,"E. coli OD600",0.2097152,22.417,0.1,0.2097152,5.34575041978267,NA,NA
"b12_assay_4","2","B22",23,0.621,"metE",2.097152,223.8,3,97,1,1,"blank",NA,"E. coli OD600",0.06291456,6.751,0.03,0.06291456,4.14177761545673,NA,NA
"b12_assay_4","2","B23",23,0.911,"metE",0,223.8,10,90,1,1,"blank",NA,"E. coli OD600",0,22.417,0.1,0,-Inf,NA,NA
"b12_assay_4","2","B24",23,0.604,"metE",0,223.8,3,97,1,1,"blank",NA,"E. coli OD600",0,6.751,0.03,0,-Inf,NA,NA
"b12_assay_4","2","B3",23,0.886,"metE",8000,223.8,10,90,1,1,"blank",NA,"E. coli OD600",800,22.417,0.1,800,13.5923670066501,NA,NA
"b12_assay_4","2","B4",23,0.941,"metE",8000,223.8,3,97,1,1,"blank",NA,"E. coli OD600",240,6.751,0.03,240,12.3883942023241,NA,NA
"b12_assay_4","2","B5",23,0.94,"metE",3200,223.8,10,90,1,1,"blank",NA,"E. coli OD600",320,22.417,0.1,320,12.6760762747759,NA,NA
"b12_assay_4","2","B6",23,0.692,"metE",3200,223.8,3,97,1,1,"blank",NA,"E. coli OD600",96,6.751,0.03,96,11.47210347045,NA,NA
"b12_assay_4","2","B7",23,0.885,"metE",1280,223.8,10,90,1,1,"blank",NA,"E. coli OD600",128,22.417,0.1,128,11.7597855429018,NA,NA
"b12_assay_4","2","B8",23,0.744,"metE",1280,223.8,3,97,1,1,"blank",NA,"E. coli OD600",38.4,6.751,0.03,38.4,10.5558127385758,NA,NA
"b12_assay_4","2","B9",23,0.904,"metE",512,223.8,10,90,1,1,"blank",NA,"E. coli OD600",51.2,22.417,0.1,51.2,10.8434948110276,NA,NA
"b12_assay_4","2","C1",23,0.898,"metE",20000,55.95,10,90,1,1,"blank",NA,"E. coli OD600",2000,5.632,0.1,2000,14.5086577385242,NA,NA
"b12_assay_4","2","C10",23,0.44,"metE",512,55.95,3,97,1,1,"blank",NA,"E. coli OD600",15.36,1.7155,0.03,15.36,9.63952200670166,NA,NA
"b12_assay_4","2","C11",23,0.72,"metE",204.8,55.95,10,90,1,1,"blank",NA,"E. coli OD600",20.48,5.632,0.1,20.48,9.92720407915344,NA,NA
"b12_assay_4","2","C12",23,0.384,"metE",204.8,55.95,3,97,1,1,"blank",NA,"E. coli OD600",6.144,1.7155,0.03,6.144,8.72323127482751,NA,NA
"b12_assay_4","2","C13",23,0.666,"metE",81.92,55.95,10,90,1,1,"blank",NA,"E. coli OD600",8.192,5.632,0.1,8.192,9.01091334727929,NA,NA
"b12_assay_4","2","C14",23,0.317,"metE",81.92,55.95,3,97,1,1,"blank",NA,"E. coli OD600",2.4576,1.7155,0.03,2.4576,7.80694054295335,NA,NA
"b12_assay_4","2","C15",23,0.674,"metE",32.768,55.95,10,90,1,1,"blank",NA,"E. coli OD600",3.2768,5.632,0.1,3.2768,8.09462261540513,NA,NA
"b12_assay_4","2","C16",23,0.329,"metE",32.768,55.95,3,97,1,1,"blank",NA,"E. coli OD600",0.98304,1.7155,0.03,0.98304,6.8906498110792,NA,NA
"b12_assay_4","2","C17",23,0.615,"metE",13.1072,55.95,10,90,1,1,"blank",NA,"E. coli OD600",1.31072,5.632,0.1,1.31072,7.17833188353098,NA,NA
"b12_assay_4","2","C18",23,0.323,"metE",13.1072,55.95,3,97,1,1,"blank",NA,"E. coli OD600",0.393216,1.7155,0.03,0.393216,5.97435907920504,NA,NA
"b12_assay_4","2","C19",23,0.606,"metE",5.24288,55.95,10,90,1,1,"blank",NA,"E. coli OD600",0.524288,5.632,0.1,0.524288,6.26204115165682,NA,NA
"b12_assay_4","2","C2",23,0.69,"metE",20000,55.95,3,97,1,1,"blank",NA,"E. coli OD600",600,1.7155,0.03,600,13.3046849341983,NA,NA
"b12_assay_4","2","C20",23,0.306,"metE",5.24288,55.95,3,97,1,1,"blank",NA,"E. coli OD600",0.1572864,1.7155,0.03,0.1572864,5.05806834733089,NA,NA
"b12_assay_4","2","C21",23,0.612,"metE",2.097152,55.95,10,90,1,1,"blank",NA,"E. coli OD600",0.2097152,5.632,0.1,0.2097152,5.34575041978267,NA,NA
"b12_assay_4","2","C22",23,0.388,"metE",2.097152,55.95,3,97,1,1,"blank",NA,"E. coli OD600",0.06291456,1.7155,0.03,0.06291456,4.14177761545673,NA,NA
"b12_assay_4","2","C23",23,0.646,"metE",0,55.95,10,90,1,1,"blank",NA,"E. coli OD600",0,5.632,0.1,0,-Inf,NA,NA
"b12_assay_4","2","C24",23,0.291,"metE",0,55.95,3,97,1,1,"blank",NA,"E. coli OD600",0,1.7155,0.03,0,-Inf,NA,NA
"b12_assay_4","2","C3",23,0.818,"metE",8000,55.95,10,90,1,1,"blank",NA,"E. coli OD600",800,5.632,0.1,800,13.5923670066501,NA,NA
"b12_assay_4","2","C4",23,0.779,"metE",8000,55.95,3,97,1,1,"blank",NA,"E. coli OD600",240,1.7155,0.03,240,12.3883942023241,NA,NA
"b12_assay_4","2","C5",23,0.902,"metE",3200,55.95,10,90,1,1,"blank",NA,"E. coli OD600",320,5.632,0.1,320,12.6760762747759,NA,NA
"b12_assay_4","2","C6",23,0.734,"metE",3200,55.95,3,97,1,1,"blank",NA,"E. coli OD600",96,1.7155,0.03,96,11.47210347045,NA,NA
"b12_assay_4","2","C7",23,0.822,"metE",1280,55.95,10,90,1,1,"blank",NA,"E. coli OD600",128,5.632,0.1,128,11.7597855429018,NA,NA
"b12_assay_4","2","C8",23,0.608,"metE",1280,55.95,3,97,1,1,"blank",NA,"E. coli OD600",38.4,1.7155,0.03,38.4,10.5558127385758,NA,NA
"b12_assay_4","2","C9",23,0.798,"metE",512,55.95,10,90,1,1,"blank",NA,"E. coli OD600",51.2,5.632,0.1,51.2,10.8434948110276,NA,NA
"b12_assay_4","2","D1",23,0.851,"metE",20000,13.9875,10,90,1,1,"blank",NA,"E. coli OD600",2000,1.43575,0.1,2000,14.5086577385242,NA,NA
"b12_assay_4","2","D10",23,0.235,"metE",512,13.9875,3,97,1,1,"blank",NA,"E. coli OD600",15.36,0.456625,0.03,15.36,9.63952200670166,NA,NA
"b12_assay_4","2","D11",23,0.504,"metE",204.8,13.9875,10,90,1,1,"blank",NA,"E. coli OD600",20.48,1.43575,0.1,20.48,9.92720407915344,NA,NA
"b12_assay_4","2","D12",23,0.152,"metE",204.8,13.9875,3,97,1,1,"blank",NA,"E. coli OD600",6.144,0.456625,0.03,6.144,8.72323127482751,NA,NA
"b12_assay_4","2","D13",23,0.415,"metE",81.92,13.9875,10,90,1,1,"blank",NA,"E. coli OD600",8.192,1.43575,0.1,8.192,9.01091334727929,NA,NA
"b12_assay_4","2","D14",23,0.141,"metE",81.92,13.9875,3,97,1,1,"blank",NA,"E. coli OD600",2.4576,0.456625,0.03,2.4576,7.80694054295335,NA,NA
"b12_assay_4","2","D15",23,0.35,"metE",32.768,13.9875,10,90,1,1,"blank",NA,"E. coli OD600",3.2768,1.43575,0.1,3.2768,8.09462261540513,NA,NA
"b12_assay_4","2","D16",23,0.134,"metE",32.768,13.9875,3,97,1,1,"blank",NA,"E. coli OD600",0.98304,0.456625,0.03,0.98304,6.8906498110792,NA,NA
"b12_assay_4","2","D17",23,0.338,"metE",13.1072,13.9875,10,90,1,1,"blank",NA,"E. coli OD600",1.31072,1.43575,0.1,1.31072,7.17833188353098,NA,NA
"b12_assay_4","2","D18",23,0.102,"metE",13.1072,13.9875,3,97,1,1,"blank",NA,"E. coli OD600",0.393216,0.456625,0.03,0.393216,5.97435907920504,NA,NA
"b12_assay_4","2","D19",23,0.3,"metE",5.24288,13.9875,10,90,1,1,"blank",NA,"E. coli OD600",0.524288,1.43575,0.1,0.524288,6.26204115165682,NA,NA
"b12_assay_4","2","D2",23,0.743,"metE",20000,13.9875,3,97,1,1,"blank",NA,"E. coli OD600",600,0.456625,0.03,600,13.3046849341983,NA,NA
"b12_assay_4","2","D20",23,0.124,"metE",5.24288,13.9875,3,97,1,1,"blank",NA,"E. coli OD600",0.1572864,0.456625,0.03,0.1572864,5.05806834733089,NA,NA
"b12_assay_4","2","D21",23,0.312,"metE",2.097152,13.9875,10,90,1,1,"blank",NA,"E. coli OD600",0.2097152,1.43575,0.1,0.2097152,5.34575041978267,NA,NA
"b12_assay_4","2","D22",23,0.116,"metE",2.097152,13.9875,3,97,1,1,"blank",NA,"E. coli OD600",0.06291456,0.456625,0.03,0.06291456,4.14177761545673,NA,NA
"b12_assay_4","2","D23",23,0.355,"metE",0,13.9875,10,90,1,1,"blank",NA,"E. coli OD600",0,1.43575,0.1,0,-Inf,NA,NA
"b12_assay_4","2","D24",23,0.106,"metE",0,13.9875,3,97,1,1,"blank",NA,"E. coli OD600",0,0.456625,0.03,0,-Inf,NA,NA
"b12_assay_4","2","D3",23,0.838,"metE",8000,13.9875,10,90,1,1,"blank",NA,"E. coli OD600",800,1.43575,0.1,800,13.5923670066501,NA,NA
"b12_assay_4","2","D4",23,0.816,"metE",8000,13.9875,3,97,1,1,"blank",NA,"E. coli OD600",240,0.456625,0.03,240,12.3883942023241,NA,NA
"b12_assay_4","2","D5",23,0.719,"metE",3200,13.9875,10,90,1,1,"blank",NA,"E. coli OD600",320,1.43575,0.1,320,12.6760762747759,NA,NA
"b12_assay_4","2","D6",23,0.524,"metE",3200,13.9875,3,97,1,1,"blank",NA,"E. coli OD600",96,0.456625,0.03,96,11.47210347045,NA,NA
"b12_assay_4","2","D7",23,0.782,"metE",1280,13.9875,10,90,1,1,"blank",NA,"E. coli OD600",128,1.43575,0.1,128,11.7597855429018,NA,NA
"b12_assay_4","2","D8",23,0.553,"metE",1280,13.9875,3,97,1,1,"blank",NA,"E. coli OD600",38.4,0.456625,0.03,38.4,10.5558127385758,NA,NA
"b12_assay_4","2","D9",23,0.696,"metE",512,13.9875,10,90,1,1,"blank",NA,"E. coli OD600",51.2,1.43575,0.1,51.2,10.8434948110276,NA,NA
"b12_assay_4","2","E1",23,0.845,"metE",20000,3.496875,10,90,1,1,"blank",NA,"E. coli OD600",2000,0.3866875,0.1,2000,14.5086577385242,NA,NA
"b12_assay_4","2","E10",23,0.203,"metE",512,3.496875,3,97,1,1,"blank",NA,"E. coli OD600",15.36,0.14190625,0.03,15.36,9.63952200670166,NA,NA
"b12_assay_4","2","E11",23,0.303,"metE",204.8,3.496875,10,90,1,1,"blank",NA,"E. coli OD600",20.48,0.3866875,0.1,20.48,9.92720407915344,NA,NA
"b12_assay_4","2","E12",23,0.111,"metE",204.8,3.496875,3,97,1,1,"blank",NA,"E. coli OD600",6.144,0.14190625,0.03,6.144,8.72323127482751,NA,NA
"b12_assay_4","2","E13",23,0.155,"metE",81.92,3.496875,10,90,1,1,"blank",NA,"E. coli OD600",8.192,0.3866875,0.1,8.192,9.01091334727929,NA,NA
"b12_assay_4","2","E14",23,0.063,"metE",81.92,3.496875,3,97,1,1,"blank",NA,"E. coli OD600",2.4576,0.14190625,0.03,2.4576,7.80694054295335,NA,NA
"b12_assay_4","2","E15",23,0.127,"metE",32.768,3.496875,10,90,1,1,"blank",NA,"E. coli OD600",3.2768,0.3866875,0.1,3.2768,8.09462261540513,NA,NA
"b12_assay_4","2","E16",23,0.057,"metE",32.768,3.496875,3,97,1,1,"blank",NA,"E. coli OD600",0.98304,0.14190625,0.03,0.98304,6.8906498110792,NA,NA
"b12_assay_4","2","E17",23,0.12,"metE",13.1072,3.496875,10,90,1,1,"blank",NA,"E. coli OD600",1.31072,0.3866875,0.1,1.31072,7.17833188353098,NA,NA
"b12_assay_4","2","E18",23,0.045,"metE",13.1072,3.496875,3,97,1,1,"blank",NA,"E. coli OD600",0.393216,0.14190625,0.03,0.393216,5.97435907920504,NA,NA
"b12_assay_4","2","E19",23,0.084,"metE",5.24288,3.496875,10,90,1,1,"blank",NA,"E. coli OD600",0.524288,0.3866875,0.1,0.524288,6.26204115165682,NA,NA
"b12_assay_4","2","E2",23,0.78,"metE",20000,3.496875,3,97,1,1,"blank",NA,"E. coli OD600",600,0.14190625,0.03,600,13.3046849341983,NA,NA
"b12_assay_4","2","E20",23,0.053,"metE",5.24288,3.496875,3,97,1,1,"blank",NA,"E. coli OD600",0.1572864,0.14190625,0.03,0.1572864,5.05806834733089,NA,NA
"b12_assay_4","2","E21",23,0.087,"metE",2.097152,3.496875,10,90,1,1,"blank",NA,"E. coli OD600",0.2097152,0.3866875,0.1,0.2097152,5.34575041978267,NA,NA
"b12_assay_4","2","E22",23,0.054,"metE",2.097152,3.496875,3,97,1,1,"blank",NA,"E. coli OD600",0.06291456,0.14190625,0.03,0.06291456,4.14177761545673,NA,NA
"b12_assay_4","2","E23",23,0.13,"metE",0,3.496875,10,90,1,1,"blank",NA,"E. coli OD600",0,0.3866875,0.1,0,-Inf,NA,NA
"b12_assay_4","2","E24",23,0.051,"metE",0,3.496875,3,97,1,1,"blank",NA,"E. coli OD600",0,0.14190625,0.03,0,-Inf,NA,NA
"b12_assay_4","2","E3",23,0.722,"metE",8000,3.496875,10,90,1,1,"blank",NA,"E. coli OD600",800,0.3866875,0.1,800,13.5923670066501,NA,NA
"b12_assay_4","2","E4",23,0.679,"metE",8000,3.496875,3,97,1,1,"blank",NA,"E. coli OD600",240,0.14190625,0.03,240,12.3883942023241,NA,NA
"b12_assay_4","2","E5",23,0.663,"metE",3200,3.496875,10,90,1,1,"blank",NA,"E. coli OD600",320,0.3866875,0.1,320,12.6760762747759,NA,NA
"b12_assay_4","2","E6",23,0.666,"metE",3200,3.496875,3,97,1,1,"blank",NA,"E. coli OD600",96,0.14190625,0.03,96,11.47210347045,NA,NA
"b12_assay_4","2","E7",23,0.766,"metE",1280,3.496875,10,90,1,1,"blank",NA,"E. coli OD600",128,0.3866875,0.1,128,11.7597855429018,NA,NA
"b12_assay_4","2","E8",23,0.605,"metE",1280,3.496875,3,97,1,1,"blank",NA,"E. coli OD600",38.4,0.14190625,0.03,38.4,10.5558127385758,NA,NA
"b12_assay_4","2","E9",23,0.645,"metE",512,3.496875,10,90,1,1,"blank",NA,"E. coli OD600",51.2,0.3866875,0.1,51.2,10.8434948110276,NA,NA
"b12_assay_4","2","F1",23,0.904,"metE",20000,0.87421875,10,90,1,1,"blank",NA,"E. coli OD600",2000,0.124421875,0.1,2000,14.5086577385242,NA,NA
"b12_assay_4","2","F10",23,0.209,"metE",512,0.87421875,3,97,1,1,"blank",NA,"E. coli OD600",15.36,0.0632265625,0.03,15.36,9.63952200670166,NA,NA
"b12_assay_4","2","F11",23,0.285,"metE",204.8,0.87421875,10,90,1,1,"blank",NA,"E. coli OD600",20.48,0.124421875,0.1,20.48,9.92720407915344,NA,NA
"b12_assay_4","2","F12",23,0.088,"metE",204.8,0.87421875,3,97,1,1,"blank",NA,"E. coli OD600",6.144,0.0632265625,0.03,6.144,8.72323127482751,NA,NA
"b12_assay_4","2","F13",23,0.137,"metE",81.92,0.87421875,10,90,1,1,"blank",NA,"E. coli OD600",8.192,0.124421875,0.1,8.192,9.01091334727929,NA,NA
"b12_assay_4","2","F14",23,0.058,"metE",81.92,0.87421875,3,97,1,1,"blank",NA,"E. coli OD600",2.4576,0.0632265625,0.03,2.4576,7.80694054295335,NA,NA
"b12_assay_4","2","F15",23,0.075,"metE",32.768,0.87421875,10,90,1,1,"blank",NA,"E. coli OD600",3.2768,0.124421875,0.1,3.2768,8.09462261540513,NA,NA
"b12_assay_4","2","F16",23,0.04,"metE",32.768,0.87421875,3,97,1,1,"blank",NA,"E. coli OD600",0.98304,0.0632265625,0.03,0.98304,6.8906498110792,NA,NA
"b12_assay_4","2","F17",23,0.065,"metE",13.1072,0.87421875,10,90,1,1,"blank",NA,"E. coli OD600",1.31072,0.124421875,0.1,1.31072,7.17833188353098,NA,NA
"b12_assay_4","2","F18",23,0.039,"metE",13.1072,0.87421875,3,97,1,1,"blank",NA,"E. coli OD600",0.393216,0.0632265625,0.03,0.393216,5.97435907920504,NA,NA
"b12_assay_4","2","F19",23,0.055,"metE",5.24288,0.87421875,10,90,1,1,"blank",NA,"E. coli OD600",0.524288,0.124421875,0.1,0.524288,6.26204115165682,NA,NA
"b12_assay_4","2","F2",23,0.823,"metE",20000,0.87421875,3,97,1,1,"blank",NA,"E. coli OD600",600,0.0632265625,0.03,600,13.3046849341983,NA,NA
"b12_assay_4","2","F20",23,0.039,"metE",5.24288,0.87421875,3,97,1,1,"blank",NA,"E. coli OD600",0.1572864,0.0632265625,0.03,0.1572864,5.05806834733089,NA,NA
"b12_assay_4","2","F21",23,0.058,"metE",2.097152,0.87421875,10,90,1,1,"blank",NA,"E. coli OD600",0.2097152,0.124421875,0.1,0.2097152,5.34575041978267,NA,NA
"b12_assay_4","2","F22",23,0.038,"metE",2.097152,0.87421875,3,97,1,1,"blank",NA,"E. coli OD600",0.06291456,0.0632265625,0.03,0.06291456,4.14177761545673,NA,NA
"b12_assay_4","2","F23",23,0.062,"metE",0,0.87421875,10,90,1,1,"blank",NA,"E. coli OD600",0,0.124421875,0.1,0,-Inf,NA,NA
"b12_assay_4","2","F24",23,0.034,"metE",0,0.87421875,3,97,1,1,"blank",NA,"E. coli OD600",0,0.0632265625,0.03,0,-Inf,NA,NA
"b12_assay_4","2","F3",23,0.849,"metE",8000,0.87421875,10,90,1,1,"blank",NA,"E. coli OD600",800,0.124421875,0.1,800,13.5923670066501,NA,NA
"b12_assay_4","2","F4",23,0.647,"metE",8000,0.87421875,3,97,1,1,"blank",NA,"E. coli OD600",240,0.0632265625,0.03,240,12.3883942023241,NA,NA
"b12_assay_4","2","F5",23,0.782,"metE",3200,0.87421875,10,90,1,1,"blank",NA,"E. coli OD600",320,0.124421875,0.1,320,12.6760762747759,NA,NA
"b12_assay_4","2","F6",23,0.633,"metE",3200,0.87421875,3,97,1,1,"blank",NA,"E. coli OD600",96,0.0632265625,0.03,96,11.47210347045,NA,NA
"b12_assay_4","2","F7",23,0.685,"metE",1280,0.87421875,10,90,1,1,"blank",NA,"E. coli OD600",128,0.124421875,0.1,128,11.7597855429018,NA,NA
"b12_assay_4","2","F8",23,0.63,"metE",1280,0.87421875,3,97,1,1,"blank",NA,"E. coli OD600",38.4,0.0632265625,0.03,38.4,10.5558127385758,NA,NA
"b12_assay_4","2","F9",23,0.591,"metE",512,0.87421875,10,90,1,1,"blank",NA,"E. coli OD600",51.2,0.124421875,0.1,51.2,10.8434948110276,NA,NA
"b12_assay_4","2","G1",23,0.79,"metE",20000,0.2185546875,10,90,1,1,"blank",NA,"E. coli OD600",2000,0.05885546875,0.1,2000,14.5086577385242,NA,NA
"b12_assay_4","2","G10",23,0.196,"metE",512,0.2185546875,3,97,1,1,"blank",NA,"E. coli OD600",15.36,0.043556640625,0.03,15.36,9.63952200670166,NA,NA
"b12_assay_4","2","G11",23,0.328,"metE",204.8,0.2185546875,10,90,1,1,"blank",NA,"E. coli OD600",20.48,0.05885546875,0.1,20.48,9.92720407915344,NA,NA
"b12_assay_4","2","G12",23,0.102,"metE",204.8,0.2185546875,3,97,1,1,"blank",NA,"E. coli OD600",6.144,0.043556640625,0.03,6.144,8.72323127482751,NA,NA
"b12_assay_4","2","G13",23,0.124,"metE",81.92,0.2185546875,10,90,1,1,"blank",NA,"E. coli OD600",8.192,0.05885546875,0.1,8.192,9.01091334727929,NA,NA
"b12_assay_4","2","G14",23,0.056,"metE",81.92,0.2185546875,3,97,1,1,"blank",NA,"E. coli OD600",2.4576,0.043556640625,0.03,2.4576,7.80694054295335,NA,NA
"b12_assay_4","2","G15",23,0.073,"metE",32.768,0.2185546875,10,90,1,1,"blank",NA,"E. coli OD600",3.2768,0.05885546875,0.1,3.2768,8.09462261540513,NA,NA
"b12_assay_4","2","G16",23,0.038,"metE",32.768,0.2185546875,3,97,1,1,"blank",NA,"E. coli OD600",0.98304,0.043556640625,0.03,0.98304,6.8906498110792,NA,NA
"b12_assay_4","2","G17",23,0.045,"metE",13.1072,0.2185546875,10,90,1,1,"blank",NA,"E. coli OD600",1.31072,0.05885546875,0.1,1.31072,7.17833188353098,NA,NA
"b12_assay_4","2","G18",23,0.033,"metE",13.1072,0.2185546875,3,97,1,1,"blank",NA,"E. coli OD600",0.393216,0.043556640625,0.03,0.393216,5.97435907920504,NA,NA
"b12_assay_4","2","G19",23,0.041,"metE",5.24288,0.2185546875,10,90,1,1,"blank",NA,"E. coli OD600",0.524288,0.05885546875,0.1,0.524288,6.26204115165682,NA,NA
"b12_assay_4","2","G2",23,0.809,"metE",20000,0.2185546875,3,97,1,1,"blank",NA,"E. coli OD600",600,0.043556640625,0.03,600,13.3046849341983,NA,NA
"b12_assay_4","2","G20",23,0.035,"metE",5.24288,0.2185546875,3,97,1,1,"blank",NA,"E. coli OD600",0.1572864,0.043556640625,0.03,0.1572864,5.05806834733089,NA,NA
"b12_assay_4","2","G21",23,0.04,"metE",2.097152,0.2185546875,10,90,1,1,"blank",NA,"E. coli OD600",0.2097152,0.05885546875,0.1,0.2097152,5.34575041978267,NA,NA
"b12_assay_4","2","G22",23,0.035,"metE",2.097152,0.2185546875,3,97,1,1,"blank",NA,"E. coli OD600",0.06291456,0.043556640625,0.03,0.06291456,4.14177761545673,NA,NA
"b12_assay_4","2","G23",23,0.043,"metE",0,0.2185546875,10,90,1,1,"blank",NA,"E. coli OD600",0,0.05885546875,0.1,0,-Inf,NA,NA
"b12_assay_4","2","G24",23,0.038,"metE",0,0.2185546875,3,97,1,1,"blank",NA,"E. coli OD600",0,0.043556640625,0.03,0,-Inf,NA,NA
"b12_assay_4","2","G3",23,0.731,"metE",8000,0.2185546875,10,90,1,1,"blank",NA,"E. coli OD600",800,0.05885546875,0.1,800,13.5923670066501,NA,NA
"b12_assay_4","2","G4",23,0.711,"metE",8000,0.2185546875,3,97,1,1,"blank",NA,"E. coli OD600",240,0.043556640625,0.03,240,12.3883942023241,NA,NA
"b12_assay_4","2","G5",23,0.751,"metE",3200,0.2185546875,10,90,1,1,"blank",NA,"E. coli OD600",320,0.05885546875,0.1,320,12.6760762747759,NA,NA
"b12_assay_4","2","G6",23,0.64,"metE",3200,0.2185546875,3,97,1,1,"blank",NA,"E. coli OD600",96,0.043556640625,0.03,96,11.47210347045,NA,NA
"b12_assay_4","2","G7",23,0.743,"metE",1280,0.2185546875,10,90,1,1,"blank",NA,"E. coli OD600",128,0.05885546875,0.1,128,11.7597855429018,NA,NA
"b12_assay_4","2","G8",23,0.53,"metE",1280,0.2185546875,3,97,1,1,"blank",NA,"E. coli OD600",38.4,0.043556640625,0.03,38.4,10.5558127385758,NA,NA
"b12_assay_4","2","G9",23,0.605,"metE",512,0.2185546875,10,90,1,1,"blank",NA,"E. coli OD600",51.2,0.05885546875,0.1,51.2,10.8434948110276,NA,NA
"b12_assay_4","2","H1",23,0.761,"metE",20000,0,10,90,1,1,"blank",NA,"E. coli OD600",2000,0.037,0.1,2000,14.5086577385242,NA,NA
"b12_assay_4","2","H10",23,0.201,"metE",512,0,3,97,1,1,"blank",NA,"E. coli OD600",15.36,0.037,0.03,15.36,9.63952200670166,NA,NA
"b12_assay_4","2","H11",23,0.298,"metE",204.8,0,10,90,1,1,"blank",NA,"E. coli OD600",20.48,0.037,0.1,20.48,9.92720407915344,NA,NA
"b12_assay_4","2","H12",23,0.086,"metE",204.8,0,3,97,1,1,"blank",NA,"E. coli OD600",6.144,0.037,0.03,6.144,8.72323127482751,NA,NA
"b12_assay_4","2","H13",23,0.117,"metE",81.92,0,10,90,1,1,"blank",NA,"E. coli OD600",8.192,0.037,0.1,8.192,9.01091334727929,NA,NA
"b12_assay_4","2","H14",23,0.057,"metE",81.92,0,3,97,1,1,"blank",NA,"E. coli OD600",2.4576,0.037,0.03,2.4576,7.80694054295335,NA,NA
"b12_assay_4","2","H15",23,0.068,"metE",32.768,0,10,90,1,1,"blank",NA,"E. coli OD600",3.2768,0.037,0.1,3.2768,8.09462261540513,NA,NA
"b12_assay_4","2","H16",23,0.04,"metE",32.768,0,3,97,1,1,"blank",NA,"E. coli OD600",0.98304,0.037,0.03,0.98304,6.8906498110792,NA,NA
"b12_assay_4","2","H17",23,0.047,"metE",13.1072,0,10,90,1,1,"blank",NA,"E. coli OD600",1.31072,0.037,0.1,1.31072,7.17833188353098,NA,NA
"b12_assay_4","2","H18",23,0.036,"metE",13.1072,0,3,97,1,1,"blank",NA,"E. coli OD600",0.393216,0.037,0.03,0.393216,5.97435907920504,NA,NA
"b12_assay_4","2","H19",23,0.038,"metE",5.24288,0,10,90,1,1,"blank",NA,"E. coli OD600",0.524288,0.037,0.1,0.524288,6.26204115165682,NA,NA
"b12_assay_4","2","H2",23,0.74,"metE",20000,0,3,97,1,1,"blank",NA,"E. coli OD600",600,0.037,0.03,600,13.3046849341983,NA,NA
"b12_assay_4","2","H20",23,0.033,"metE",5.24288,0,3,97,1,1,"blank",NA,"E. coli OD600",0.1572864,0.037,0.03,0.1572864,5.05806834733089,NA,NA
"b12_assay_4","2","H21",23,0.036,"metE",2.097152,0,10,90,1,1,"blank",NA,"E. coli OD600",0.2097152,0.037,0.1,0.2097152,5.34575041978267,NA,NA
"b12_assay_4","2","H22",23,0.034,"metE",2.097152,0,3,97,1,1,"blank",NA,"E. coli OD600",0.06291456,0.037,0.03,0.06291456,4.14177761545673,NA,NA
"b12_assay_4","2","H23",23,0.033,"metE",0,0,10,90,1,1,"blank",NA,"E. coli OD600",0,0.037,0.1,0,-Inf,NA,NA
"b12_assay_4","2","H24",23,0.033,"metE",0,0,3,97,1,1,"blank",NA,"E. coli OD600",0,0.037,0.03,0,-Inf,NA,NA
"b12_assay_4","2","H3",23,0.798,"metE",8000,0,10,90,1,1,"blank",NA,"E. coli OD600",800,0.037,0.1,800,13.5923670066501,NA,NA
"b12_assay_4","2","H4",23,0.741,"metE",8000,0,3,97,1,1,"blank",NA,"E. coli OD600",240,0.037,0.03,240,12.3883942023241,NA,NA
"b12_assay_4","2","H5",23,0.743,"metE",3200,0,10,90,1,1,"blank",NA,"E. coli OD600",320,0.037,0.1,320,12.6760762747759,NA,NA
"b12_assay_4","2","H6",23,0.638,"metE",3200,0,3,97,1,1,"blank",NA,"E. coli OD600",96,0.037,0.03,96,11.47210347045,NA,NA
"b12_assay_4","2","H7",23,0.665,"metE",1280,0,10,90,1,1,"blank",NA,"E. coli OD600",128,0.037,0.1,128,11.7597855429018,NA,NA
"b12_assay_4","2","H8",23,0.482,"metE",1280,0,3,97,1,1,"blank",NA,"E. coli OD600",38.4,0.037,0.03,38.4,10.5558127385758,NA,NA
"b12_assay_4","2","H9",23,0.592,"metE",512,0,10,90,1,1,"blank",NA,"E. coli OD600",51.2,0.037,0.1,51.2,10.8434948110276,NA,NA
"b12_assay_4","2","I1",23,0.797,"metE_metH",20000,895.2,10,90,1,1,"blank",NA,"E. coli OD600",2000,89.557,0.1,2000,14.5086577385242,NA,NA
"b12_assay_4","2","I10",23,0.852,"metE_metH",512,895.2,3,97,1,1,"blank",NA,"E. coli OD600",15.36,26.893,0.03,15.36,9.63952200670166,NA,NA
"b12_assay_4","2","I11",23,0.891,"metE_metH",204.8,895.2,10,90,1,1,"blank",NA,"E. coli OD600",20.48,89.557,0.1,20.48,9.92720407915344,NA,NA
"b12_assay_4","2","I12",23,0.877,"metE_metH",204.8,895.2,3,97,1,1,"blank",NA,"E. coli OD600",6.144,26.893,0.03,6.144,8.72323127482751,NA,NA
"b12_assay_4","2","I13",23,0.925,"metE_metH",81.92,895.2,10,90,1,1,"blank",NA,"E. coli OD600",8.192,89.557,0.1,8.192,9.01091334727929,NA,NA
"b12_assay_4","2","I14",23,0.926,"metE_metH",81.92,895.2,3,97,1,1,"blank",NA,"E. coli OD600",2.4576,26.893,0.03,2.4576,7.80694054295335,NA,NA
"b12_assay_4","2","I15",23,0.902,"metE_metH",32.768,895.2,10,90,1,1,"blank",NA,"E. coli OD600",3.2768,89.557,0.1,3.2768,8.09462261540513,NA,NA
"b12_assay_4","2","I16",23,0.887,"metE_metH",32.768,895.2,3,97,1,1,"blank",NA,"E. coli OD600",0.98304,26.893,0.03,0.98304,6.8906498110792,NA,NA
"b12_assay_4","2","I17",23,0.902,"metE_metH",13.1072,895.2,10,90,1,1,"blank",NA,"E. coli OD600",1.31072,89.557,0.1,1.31072,7.17833188353098,NA,NA
"b12_assay_4","2","I18",23,0.901,"metE_metH",13.1072,895.2,3,97,1,1,"blank",NA,"E. coli OD600",0.393216,26.893,0.03,0.393216,5.97435907920504,NA,NA
"b12_assay_4","2","I19",23,0.879,"metE_metH",5.24288,895.2,10,90,1,1,"blank",NA,"E. coli OD600",0.524288,89.557,0.1,0.524288,6.26204115165682,NA,NA
"b12_assay_4","2","I2",23,0.84,"metE_metH",20000,895.2,3,97,1,1,"blank",NA,"E. coli OD600",600,26.893,0.03,600,13.3046849341983,NA,NA
"b12_assay_4","2","I20",23,0.851,"metE_metH",5.24288,895.2,3,97,1,1,"blank",NA,"E. coli OD600",0.1572864,26.893,0.03,0.1572864,5.05806834733089,NA,NA
"b12_assay_4","2","I21",23,0.894,"metE_metH",2.097152,895.2,10,90,1,1,"blank",NA,"E. coli OD600",0.2097152,89.557,0.1,0.2097152,5.34575041978267,NA,NA
"b12_assay_4","2","I22",23,0.839,"metE_metH",2.097152,895.2,3,97,1,1,"blank",NA,"E. coli OD600",0.06291456,26.893,0.03,0.06291456,4.14177761545673,NA,NA
"b12_assay_4","2","I23",23,0.861,"metE_metH",0,895.2,10,90,1,1,"blank",NA,"E. coli OD600",0,89.557,0.1,0,-Inf,NA,NA
"b12_assay_4","2","I24",23,0.855,"metE_metH",0,895.2,3,97,1,1,"blank",NA,"E. coli OD600",0,26.893,0.03,0,-Inf,NA,NA
"b12_assay_4","2","I3",23,0.879,"metE_metH",8000,895.2,10,90,1,1,"blank",NA,"E. coli OD600",800,89.557,0.1,800,13.5923670066501,NA,NA
"b12_assay_4","2","I4",23,0.933,"metE_metH",8000,895.2,3,97,1,1,"blank",NA,"E. coli OD600",240,26.893,0.03,240,12.3883942023241,NA,NA
"b12_assay_4","2","I5",23,0.858,"metE_metH",3200,895.2,10,90,1,1,"blank",NA,"E. coli OD600",320,89.557,0.1,320,12.6760762747759,NA,NA
"b12_assay_4","2","I6",23,0.91,"metE_metH",3200,895.2,3,97,1,1,"blank",NA,"E. coli OD600",96,26.893,0.03,96,11.47210347045,NA,NA
"b12_assay_4","2","I7",23,0.914,"metE_metH",1280,895.2,10,90,1,1,"blank",NA,"E. coli OD600",128,89.557,0.1,128,11.7597855429018,NA,NA
"b12_assay_4","2","I8",23,0.915,"metE_metH",1280,895.2,3,97,1,1,"blank",NA,"E. coli OD600",38.4,26.893,0.03,38.4,10.5558127385758,NA,NA
"b12_assay_4","2","I9",23,0.903,"metE_metH",512,895.2,10,90,1,1,"blank",NA,"E. coli OD600",51.2,89.557,0.1,51.2,10.8434948110276,NA,NA
"b12_assay_4","2","J1",23,0.747,"metE_metH",20000,223.8,10,90,1,1,"blank",NA,"E. coli OD600",2000,22.417,0.1,2000,14.5086577385242,NA,NA
"b12_assay_4","2","J10",23,0.66,"metE_metH",512,223.8,3,97,1,1,"blank",NA,"E. coli OD600",15.36,6.751,0.03,15.36,9.63952200670166,NA,NA
"b12_assay_4","2","J11",23,0.931,"metE_metH",204.8,223.8,10,90,1,1,"blank",NA,"E. coli OD600",20.48,22.417,0.1,20.48,9.92720407915344,NA,NA
"b12_assay_4","2","J12",23,0.7,"metE_metH",204.8,223.8,3,97,1,1,"blank",NA,"E. coli OD600",6.144,6.751,0.03,6.144,8.72323127482751,NA,NA
"b12_assay_4","2","J13",23,0.919,"metE_metH",81.92,223.8,10,90,1,1,"blank",NA,"E. coli OD600",8.192,22.417,0.1,8.192,9.01091334727929,NA,NA
"b12_assay_4","2","J14",23,0.678,"metE_metH",81.92,223.8,3,97,1,1,"blank",NA,"E. coli OD600",2.4576,6.751,0.03,2.4576,7.80694054295335,NA,NA
"b12_assay_4","2","J15",23,0.854,"metE_metH",32.768,223.8,10,90,1,1,"blank",NA,"E. coli OD600",3.2768,22.417,0.1,3.2768,8.09462261540513,NA,NA
"b12_assay_4","2","J16",23,0.653,"metE_metH",32.768,223.8,3,97,1,1,"blank",NA,"E. coli OD600",0.98304,6.751,0.03,0.98304,6.8906498110792,NA,NA
"b12_assay_4","2","J17",23,0.92,"metE_metH",13.1072,223.8,10,90,1,1,"blank",NA,"E. coli OD600",1.31072,22.417,0.1,1.31072,7.17833188353098,NA,NA
"b12_assay_4","2","J18",23,0.675,"metE_metH",13.1072,223.8,3,97,1,1,"blank",NA,"E. coli OD600",0.393216,6.751,0.03,0.393216,5.97435907920504,NA,NA
"b12_assay_4","2","J19",23,0.907,"metE_metH",5.24288,223.8,10,90,1,1,"blank",NA,"E. coli OD600",0.524288,22.417,0.1,0.524288,6.26204115165682,NA,NA
"b12_assay_4","2","J2",23,0.468,"metE_metH",20000,223.8,3,97,1,1,"blank",NA,"E. coli OD600",600,6.751,0.03,600,13.3046849341983,NA,NA
"b12_assay_4","2","J20",23,0.637,"metE_metH",5.24288,223.8,3,97,1,1,"blank",NA,"E. coli OD600",0.1572864,6.751,0.03,0.1572864,5.05806834733089,NA,NA
"b12_assay_4","2","J21",23,0.893,"metE_metH",2.097152,223.8,10,90,1,1,"blank",NA,"E. coli OD600",0.2097152,22.417,0.1,0.2097152,5.34575041978267,NA,NA
"b12_assay_4","2","J22",23,0.668,"metE_metH",2.097152,223.8,3,97,1,1,"blank",NA,"E. coli OD600",0.06291456,6.751,0.03,0.06291456,4.14177761545673,NA,NA
"b12_assay_4","2","J23",23,0.943,"metE_metH",0,223.8,10,90,1,1,"blank",NA,"E. coli OD600",0,22.417,0.1,0,-Inf,NA,NA
"b12_assay_4","2","J24",23,0.643,"metE_metH",0,223.8,3,97,1,1,"blank",NA,"E. coli OD600",0,6.751,0.03,0,-Inf,NA,NA
"b12_assay_4","2","J3",23,0.73,"metE_metH",8000,223.8,10,90,1,1,"blank",NA,"E. coli OD600",800,22.417,0.1,800,13.5923670066501,NA,NA
"b12_assay_4","2","J4",23,0.514,"metE_metH",8000,223.8,3,97,1,1,"blank",NA,"E. coli OD600",240,6.751,0.03,240,12.3883942023241,NA,NA
"b12_assay_4","2","J5",23,0.891,"metE_metH",3200,223.8,10,90,1,1,"blank",NA,"E. coli OD600",320,22.417,0.1,320,12.6760762747759,NA,NA
"b12_assay_4","2","J6",23,0.662,"metE_metH",3200,223.8,3,97,1,1,"blank",NA,"E. coli OD600",96,6.751,0.03,96,11.47210347045,NA,NA
"b12_assay_4","2","J7",23,0.865,"metE_metH",1280,223.8,10,90,1,1,"blank",NA,"E. coli OD600",128,22.417,0.1,128,11.7597855429018,NA,NA
"b12_assay_4","2","J8",23,0.701,"metE_metH",1280,223.8,3,97,1,1,"blank",NA,"E. coli OD600",38.4,6.751,0.03,38.4,10.5558127385758,NA,NA
"b12_assay_4","2","J9",23,0.921,"metE_metH",512,223.8,10,90,1,1,"blank",NA,"E. coli OD600",51.2,22.417,0.1,51.2,10.8434948110276,NA,NA
"b12_assay_4","2","K1",23,0.535,"metE_metH",20000,55.95,10,90,1,1,"blank",NA,"E. coli OD600",2000,5.632,0.1,2000,14.5086577385242,NA,NA
"b12_assay_4","2","K10",23,0.351,"metE_metH",512,55.95,3,97,1,1,"blank",NA,"E. coli OD600",15.36,1.7155,0.03,15.36,9.63952200670166,NA,NA
"b12_assay_4","2","K11",23,0.716,"metE_metH",204.8,55.95,10,90,1,1,"blank",NA,"E. coli OD600",20.48,5.632,0.1,20.48,9.92720407915344,NA,NA
"b12_assay_4","2","K12",23,0.331,"metE_metH",204.8,55.95,3,97,1,1,"blank",NA,"E. coli OD600",6.144,1.7155,0.03,6.144,8.72323127482751,NA,NA
"b12_assay_4","2","K13",23,0.692,"metE_metH",81.92,55.95,10,90,1,1,"blank",NA,"E. coli OD600",8.192,5.632,0.1,8.192,9.01091334727929,NA,NA
"b12_assay_4","2","K14",23,0.329,"metE_metH",81.92,55.95,3,97,1,1,"blank",NA,"E. coli OD600",2.4576,1.7155,0.03,2.4576,7.80694054295335,NA,NA
"b12_assay_4","2","K15",23,0.685,"metE_metH",32.768,55.95,10,90,1,1,"blank",NA,"E. coli OD600",3.2768,5.632,0.1,3.2768,8.09462261540513,NA,NA
"b12_assay_4","2","K16",23,0.33,"metE_metH",32.768,55.95,3,97,1,1,"blank",NA,"E. coli OD600",0.98304,1.7155,0.03,0.98304,6.8906498110792,NA,NA
"b12_assay_4","2","K17",23,0.66,"metE_metH",13.1072,55.95,10,90,1,1,"blank",NA,"E. coli OD600",1.31072,5.632,0.1,1.31072,7.17833188353098,NA,NA
"b12_assay_4","2","K18",23,0.333,"metE_metH",13.1072,55.95,3,97,1,1,"blank",NA,"E. coli OD600",0.393216,1.7155,0.03,0.393216,5.97435907920504,NA,NA
"b12_assay_4","2","K19",23,0.633,"metE_metH",5.24288,55.95,10,90,1,1,"blank",NA,"E. coli OD600",0.524288,5.632,0.1,0.524288,6.26204115165682,NA,NA
"b12_assay_4","2","K2",23,0.234,"metE_metH",20000,55.95,3,97,1,1,"blank",NA,"E. coli OD600",600,1.7155,0.03,600,13.3046849341983,NA,NA
"b12_assay_4","2","K20",23,0.348,"metE_metH",5.24288,55.95,3,97,1,1,"blank",NA,"E. coli OD600",0.1572864,1.7155,0.03,0.1572864,5.05806834733089,NA,NA
"b12_assay_4","2","K21",23,0.652,"metE_metH",2.097152,55.95,10,90,1,1,"blank",NA,"E. coli OD600",0.2097152,5.632,0.1,0.2097152,5.34575041978267,NA,NA
"b12_assay_4","2","K22",23,0.337,"metE_metH",2.097152,55.95,3,97,1,1,"blank",NA,"E. coli OD600",0.06291456,1.7155,0.03,0.06291456,4.14177761545673,NA,NA
"b12_assay_4","2","K23",23,0.683,"metE_metH",0,55.95,10,90,1,1,"blank",NA,"E. coli OD600",0,5.632,0.1,0,-Inf,NA,NA
"b12_assay_4","2","K24",23,0.297,"metE_metH",0,55.95,3,97,1,1,"blank",NA,"E. coli OD600",0,1.7155,0.03,0,-Inf,NA,NA
"b12_assay_4","2","K3",23,0.637,"metE_metH",8000,55.95,10,90,1,1,"blank",NA,"E. coli OD600",800,5.632,0.1,800,13.5923670066501,NA,NA
"b12_assay_4","2","K4",23,0.333,"metE_metH",8000,55.95,3,97,1,1,"blank",NA,"E. coli OD600",240,1.7155,0.03,240,12.3883942023241,NA,NA
"b12_assay_4","2","K5",23,0.653,"metE_metH",3200,55.95,10,90,1,1,"blank",NA,"E. coli OD600",320,5.632,0.1,320,12.6760762747759,NA,NA
"b12_assay_4","2","K6",23,0.379,"metE_metH",3200,55.95,3,97,1,1,"blank",NA,"E. coli OD600",96,1.7155,0.03,96,11.47210347045,NA,NA
"b12_assay_4","2","K7",23,0.676,"metE_metH",1280,55.95,10,90,1,1,"blank",NA,"E. coli OD600",128,5.632,0.1,128,11.7597855429018,NA,NA
"b12_assay_4","2","K8",23,0.399,"metE_metH",1280,55.95,3,97,1,1,"blank",NA,"E. coli OD600",38.4,1.7155,0.03,38.4,10.5558127385758,NA,NA
"b12_assay_4","2","K9",23,0.711,"metE_metH",512,55.95,10,90,1,1,"blank",NA,"E. coli OD600",51.2,5.632,0.1,51.2,10.8434948110276,NA,NA
"b12_assay_4","2","L1",23,0.232,"metE_metH",20000,13.9875,10,90,1,1,"blank",NA,"E. coli OD600",2000,1.43575,0.1,2000,14.5086577385242,NA,NA
"b12_assay_4","2","L10",23,0.133,"metE_metH",512,13.9875,3,97,1,1,"blank",NA,"E. coli OD600",15.36,0.456625,0.03,15.36,9.63952200670166,NA,NA
"b12_assay_4","2","L11",23,0.367,"metE_metH",204.8,13.9875,10,90,1,1,"blank",NA,"E. coli OD600",20.48,1.43575,0.1,20.48,9.92720407915344,NA,NA
"b12_assay_4","2","L12",23,0.122,"metE_metH",204.8,13.9875,3,97,1,1,"blank",NA,"E. coli OD600",6.144,0.456625,0.03,6.144,8.72323127482751,NA,NA
"b12_assay_4","2","L13",23,0.343,"metE_metH",81.92,13.9875,10,90,1,1,"blank",NA,"E. coli OD600",8.192,1.43575,0.1,8.192,9.01091334727929,NA,NA
"b12_assay_4","2","L14",23,0.123,"metE_metH",81.92,13.9875,3,97,1,1,"blank",NA,"E. coli OD600",2.4576,0.456625,0.03,2.4576,7.80694054295335,NA,NA
"b12_assay_4","2","L15",23,0.322,"metE_metH",32.768,13.9875,10,90,1,1,"blank",NA,"E. coli OD600",3.2768,1.43575,0.1,3.2768,8.09462261540513,NA,NA
"b12_assay_4","2","L16",23,0.125,"metE_metH",32.768,13.9875,3,97,1,1,"blank",NA,"E. coli OD600",0.98304,0.456625,0.03,0.98304,6.8906498110792,NA,NA
"b12_assay_4","2","L17",23,0.319,"metE_metH",13.1072,13.9875,10,90,1,1,"blank",NA,"E. coli OD600",1.31072,1.43575,0.1,1.31072,7.17833188353098,NA,NA
"b12_assay_4","2","L18",23,0.125,"metE_metH",13.1072,13.9875,3,97,1,1,"blank",NA,"E. coli OD600",0.393216,0.456625,0.03,0.393216,5.97435907920504,NA,NA
"b12_assay_4","2","L19",23,0.363,"metE_metH",5.24288,13.9875,10,90,1,1,"blank",NA,"E. coli OD600",0.524288,1.43575,0.1,0.524288,6.26204115165682,NA,NA
"b12_assay_4","2","L2",23,0.091,"metE_metH",20000,13.9875,3,97,1,1,"blank",NA,"E. coli OD600",600,0.456625,0.03,600,13.3046849341983,NA,NA
"b12_assay_4","2","L20",23,0.128,"metE_metH",5.24288,13.9875,3,97,1,1,"blank",NA,"E. coli OD600",0.1572864,0.456625,0.03,0.1572864,5.05806834733089,NA,NA
"b12_assay_4","2","L21",23,0.319,"metE_metH",2.097152,13.9875,10,90,1,1,"blank",NA,"E. coli OD600",0.2097152,1.43575,0.1,0.2097152,5.34575041978267,NA,NA
"b12_assay_4","2","L22",23,0.14,"metE_metH",2.097152,13.9875,3,97,1,1,"blank",NA,"E. coli OD600",0.06291456,0.456625,0.03,0.06291456,4.14177761545673,NA,NA
"b12_assay_4","2","L23",23,0.387,"metE_metH",0,13.9875,10,90,1,1,"blank",NA,"E. coli OD600",0,1.43575,0.1,0,-Inf,NA,NA
"b12_assay_4","2","L24",23,0.114,"metE_metH",0,13.9875,3,97,1,1,"blank",NA,"E. coli OD600",0,0.456625,0.03,0,-Inf,NA,NA
"b12_assay_4","2","L3",23,0.324,"metE_metH",8000,13.9875,10,90,1,1,"blank",NA,"E. coli OD600",800,1.43575,0.1,800,13.5923670066501,NA,NA
"b12_assay_4","2","L4",23,0.089,"metE_metH",8000,13.9875,3,97,1,1,"blank",NA,"E. coli OD600",240,0.456625,0.03,240,12.3883942023241,NA,NA
"b12_assay_4","2","L5",23,0.358,"metE_metH",3200,13.9875,10,90,1,1,"blank",NA,"E. coli OD600",320,1.43575,0.1,320,12.6760762747759,NA,NA
"b12_assay_4","2","L6",23,0.143,"metE_metH",3200,13.9875,3,97,1,1,"blank",NA,"E. coli OD600",96,0.456625,0.03,96,11.47210347045,NA,NA
"b12_assay_4","2","L7",23,0.387,"metE_metH",1280,13.9875,10,90,1,1,"blank",NA,"E. coli OD600",128,1.43575,0.1,128,11.7597855429018,NA,NA
"b12_assay_4","2","L8",23,0.118,"metE_metH",1280,13.9875,3,97,1,1,"blank",NA,"E. coli OD600",38.4,0.456625,0.03,38.4,10.5558127385758,NA,NA
"b12_assay_4","2","L9",23,0.348,"metE_metH",512,13.9875,10,90,1,1,"blank",NA,"E. coli OD600",51.2,1.43575,0.1,51.2,10.8434948110276,NA,NA
"b12_assay_4","2","M1",23,0.091,"metE_metH",20000,3.496875,10,90,1,1,"blank",NA,"E. coli OD600",2000,0.3866875,0.1,2000,14.5086577385242,NA,NA
"b12_assay_4","2","M10",23,0.054,"metE_metH",512,3.496875,3,97,1,1,"blank",NA,"E. coli OD600",15.36,0.14190625,0.03,15.36,9.63952200670166,NA,NA
"b12_assay_4","2","M11",23,0.109,"metE_metH",204.8,3.496875,10,90,1,1,"blank",NA,"E. coli OD600",20.48,0.3866875,0.1,20.48,9.92720407915344,NA,NA
"b12_assay_4","2","M12",23,0.057,"metE_metH",204.8,3.496875,3,97,1,1,"blank",NA,"E. coli OD600",6.144,0.14190625,0.03,6.144,8.72323127482751,NA,NA
"b12_assay_4","2","M13",23,0.109,"metE_metH",81.92,3.496875,10,90,1,1,"blank",NA,"E. coli OD600",8.192,0.3866875,0.1,8.192,9.01091334727929,NA,NA
"b12_assay_4","2","M14",23,0.051,"metE_metH",81.92,3.496875,3,97,1,1,"blank",NA,"E. coli OD600",2.4576,0.14190625,0.03,2.4576,7.80694054295335,NA,NA
"b12_assay_4","2","M15",23,0.106,"metE_metH",32.768,3.496875,10,90,1,1,"blank",NA,"E. coli OD600",3.2768,0.3866875,0.1,3.2768,8.09462261540513,NA,NA
"b12_assay_4","2","M16",23,0.055,"metE_metH",32.768,3.496875,3,97,1,1,"blank",NA,"E. coli OD600",0.98304,0.14190625,0.03,0.98304,6.8906498110792,NA,NA
"b12_assay_4","2","M17",23,0.117,"metE_metH",13.1072,3.496875,10,90,1,1,"blank",NA,"E. coli OD600",1.31072,0.3866875,0.1,1.31072,7.17833188353098,NA,NA
"b12_assay_4","2","M18",23,0.052,"metE_metH",13.1072,3.496875,3,97,1,1,"blank",NA,"E. coli OD600",0.393216,0.14190625,0.03,0.393216,5.97435907920504,NA,NA
"b12_assay_4","2","M19",23,0.106,"metE_metH",5.24288,3.496875,10,90,1,1,"blank",NA,"E. coli OD600",0.524288,0.3866875,0.1,0.524288,6.26204115165682,NA,NA
"b12_assay_4","2","M2",23,0.043,"metE_metH",20000,3.496875,3,97,1,1,"blank",NA,"E. coli OD600",600,0.14190625,0.03,600,13.3046849341983,NA,NA
"b12_assay_4","2","M20",23,0.051,"metE_metH",5.24288,3.496875,3,97,1,1,"blank",NA,"E. coli OD600",0.1572864,0.14190625,0.03,0.1572864,5.05806834733089,NA,NA
"b12_assay_4","2","M21",23,0.106,"metE_metH",2.097152,3.496875,10,90,1,1,"blank",NA,"E. coli OD600",0.2097152,0.3866875,0.1,0.2097152,5.34575041978267,NA,NA
"b12_assay_4","2","M22",23,0.059,"metE_metH",2.097152,3.496875,3,97,1,1,"blank",NA,"E. coli OD600",0.06291456,0.14190625,0.03,0.06291456,4.14177761545673,NA,NA
"b12_assay_4","2","M23",23,0.137,"metE_metH",0,3.496875,10,90,1,1,"blank",NA,"E. coli OD600",0,0.3866875,0.1,0,-Inf,NA,NA
"b12_assay_4","2","M24",23,0.055,"metE_metH",0,3.496875,3,97,1,1,"blank",NA,"E. coli OD600",0,0.14190625,0.03,0,-Inf,NA,NA
"b12_assay_4","2","M3",23,0.109,"metE_metH",8000,3.496875,10,90,1,1,"blank",NA,"E. coli OD600",800,0.3866875,0.1,800,13.5923670066501,NA,NA
"b12_assay_4","2","M4",23,0.05,"metE_metH",8000,3.496875,3,97,1,1,"blank",NA,"E. coli OD600",240,0.14190625,0.03,240,12.3883942023241,NA,NA
"b12_assay_4","2","M5",23,0.08,"metE_metH",3200,3.496875,10,90,1,1,"blank",NA,"E. coli OD600",320,0.3866875,0.1,320,12.6760762747759,NA,NA
"b12_assay_4","2","M6",23,0.053,"metE_metH",3200,3.496875,3,97,1,1,"blank",NA,"E. coli OD600",96,0.14190625,0.03,96,11.47210347045,NA,NA
"b12_assay_4","2","M7",23,0.113,"metE_metH",1280,3.496875,10,90,1,1,"blank",NA,"E. coli OD600",128,0.3866875,0.1,128,11.7597855429018,NA,NA
"b12_assay_4","2","M8",23,0.053,"metE_metH",1280,3.496875,3,97,1,1,"blank",NA,"E. coli OD600",38.4,0.14190625,0.03,38.4,10.5558127385758,NA,NA
"b12_assay_4","2","M9",23,0.111,"metE_metH",512,3.496875,10,90,1,1,"blank",NA,"E. coli OD600",51.2,0.3866875,0.1,51.2,10.8434948110276,NA,NA
"b12_assay_4","2","N1",23,0.042,"metE_metH",20000,0.87421875,10,90,1,1,"blank",NA,"E. coli OD600",2000,0.124421875,0.1,2000,14.5086577385242,NA,NA
"b12_assay_4","2","N10",23,0.041,"metE_metH",512,0.87421875,3,97,1,1,"blank",NA,"E. coli OD600",15.36,0.0632265625,0.03,15.36,9.63952200670166,NA,NA
"b12_assay_4","2","N11",23,0.05,"metE_metH",204.8,0.87421875,10,90,1,1,"blank",NA,"E. coli OD600",20.48,0.124421875,0.1,20.48,9.92720407915344,NA,NA
"b12_assay_4","2","N12",23,0.04,"metE_metH",204.8,0.87421875,3,97,1,1,"blank",NA,"E. coli OD600",6.144,0.0632265625,0.03,6.144,8.72323127482751,NA,NA
"b12_assay_4","2","N13",23,0.054,"metE_metH",81.92,0.87421875,10,90,1,1,"blank",NA,"E. coli OD600",8.192,0.124421875,0.1,8.192,9.01091334727929,NA,NA
"b12_assay_4","2","N14",23,0.043,"metE_metH",81.92,0.87421875,3,97,1,1,"blank",NA,"E. coli OD600",2.4576,0.0632265625,0.03,2.4576,7.80694054295335,NA,NA
"b12_assay_4","2","N15",23,0.058,"metE_metH",32.768,0.87421875,10,90,1,1,"blank",NA,"E. coli OD600",3.2768,0.124421875,0.1,3.2768,8.09462261540513,NA,NA
"b12_assay_4","2","N16",23,0.041,"metE_metH",32.768,0.87421875,3,97,1,1,"blank",NA,"E. coli OD600",0.98304,0.0632265625,0.03,0.98304,6.8906498110792,NA,NA
"b12_assay_4","2","N17",23,0.053,"metE_metH",13.1072,0.87421875,10,90,1,1,"blank",NA,"E. coli OD600",1.31072,0.124421875,0.1,1.31072,7.17833188353098,NA,NA
"b12_assay_4","2","N18",23,0.039,"metE_metH",13.1072,0.87421875,3,97,1,1,"blank",NA,"E. coli OD600",0.393216,0.0632265625,0.03,0.393216,5.97435907920504,NA,NA
"b12_assay_4","2","N19",23,0.051,"metE_metH",5.24288,0.87421875,10,90,1,1,"blank",NA,"E. coli OD600",0.524288,0.124421875,0.1,0.524288,6.26204115165682,NA,NA
"b12_assay_4","2","N2",23,0.038,"metE_metH",20000,0.87421875,3,97,1,1,"blank",NA,"E. coli OD600",600,0.0632265625,0.03,600,13.3046849341983,NA,NA
"b12_assay_4","2","N20",23,0.037,"metE_metH",5.24288,0.87421875,3,97,1,1,"blank",NA,"E. coli OD600",0.1572864,0.0632265625,0.03,0.1572864,5.05806834733089,NA,NA
"b12_assay_4","2","N21",23,0.057,"metE_metH",2.097152,0.87421875,10,90,1,1,"blank",NA,"E. coli OD600",0.2097152,0.124421875,0.1,0.2097152,5.34575041978267,NA,NA
"b12_assay_4","2","N22",23,0.041,"metE_metH",2.097152,0.87421875,3,97,1,1,"blank",NA,"E. coli OD600",0.06291456,0.0632265625,0.03,0.06291456,4.14177761545673,NA,NA
"b12_assay_4","2","N23",23,0.062,"metE_metH",0,0.87421875,10,90,1,1,"blank",NA,"E. coli OD600",0,0.124421875,0.1,0,-Inf,NA,NA
"b12_assay_4","2","N24",23,0.035,"metE_metH",0,0.87421875,3,97,1,1,"blank",NA,"E. coli OD600",0,0.0632265625,0.03,0,-Inf,NA,NA
"b12_assay_4","2","N3",23,0.051,"metE_metH",8000,0.87421875,10,90,1,1,"blank",NA,"E. coli OD600",800,0.124421875,0.1,800,13.5923670066501,NA,NA
"b12_assay_4","2","N4",23,0.037,"metE_metH",8000,0.87421875,3,97,1,1,"blank",NA,"E. coli OD600",240,0.0632265625,0.03,240,12.3883942023241,NA,NA
"b12_assay_4","2","N5",23,0.056,"metE_metH",3200,0.87421875,10,90,1,1,"blank",NA,"E. coli OD600",320,0.124421875,0.1,320,12.6760762747759,NA,NA
"b12_assay_4","2","N6",23,0.039,"metE_metH",3200,0.87421875,3,97,1,1,"blank",NA,"E. coli OD600",96,0.0632265625,0.03,96,11.47210347045,NA,NA
"b12_assay_4","2","N7",23,0.058,"metE_metH",1280,0.87421875,10,90,1,1,"blank",NA,"E. coli OD600",128,0.124421875,0.1,128,11.7597855429018,NA,NA
"b12_assay_4","2","N8",23,0.039,"metE_metH",1280,0.87421875,3,97,1,1,"blank",NA,"E. coli OD600",38.4,0.0632265625,0.03,38.4,10.5558127385758,NA,NA
"b12_assay_4","2","N9",23,0.055,"metE_metH",512,0.87421875,10,90,1,1,"blank",NA,"E. coli OD600",51.2,0.124421875,0.1,51.2,10.8434948110276,NA,NA
"b12_assay_4","2","O1",23,0.039,"metE_metH",20000,0.2185546875,10,90,1,1,"blank",NA,"E. coli OD600",2000,0.05885546875,0.1,2000,14.5086577385242,NA,NA
"b12_assay_4","2","O10",23,0.039,"metE_metH",512,0.2185546875,3,97,1,1,"blank",NA,"E. coli OD600",15.36,0.043556640625,0.03,15.36,9.63952200670166,NA,NA
"b12_assay_4","2","O11",23,0.04,"metE_metH",204.8,0.2185546875,10,90,1,1,"blank",NA,"E. coli OD600",20.48,0.05885546875,0.1,20.48,9.92720407915344,NA,NA
"b12_assay_4","2","O12",23,0.034,"metE_metH",204.8,0.2185546875,3,97,1,1,"blank",NA,"E. coli OD600",6.144,0.043556640625,0.03,6.144,8.72323127482751,NA,NA
"b12_assay_4","2","O13",23,0.041,"metE_metH",81.92,0.2185546875,10,90,1,1,"blank",NA,"E. coli OD600",8.192,0.05885546875,0.1,8.192,9.01091334727929,NA,NA
"b12_assay_4","2","O14",23,0.034,"metE_metH",81.92,0.2185546875,3,97,1,1,"blank",NA,"E. coli OD600",2.4576,0.043556640625,0.03,2.4576,7.80694054295335,NA,NA
"b12_assay_4","2","O15",23,0.043,"metE_metH",32.768,0.2185546875,10,90,1,1,"blank",NA,"E. coli OD600",3.2768,0.05885546875,0.1,3.2768,8.09462261540513,NA,NA
"b12_assay_4","2","O16",23,0.036,"metE_metH",32.768,0.2185546875,3,97,1,1,"blank",NA,"E. coli OD600",0.98304,0.043556640625,0.03,0.98304,6.8906498110792,NA,NA
"b12_assay_4","2","O17",23,0.04,"metE_metH",13.1072,0.2185546875,10,90,1,1,"blank",NA,"E. coli OD600",1.31072,0.05885546875,0.1,1.31072,7.17833188353098,NA,NA
"b12_assay_4","2","O18",23,0.032,"metE_metH",13.1072,0.2185546875,3,97,1,1,"blank",NA,"E. coli OD600",0.393216,0.043556640625,0.03,0.393216,5.97435907920504,NA,NA
"b12_assay_4","2","O19",23,0.035,"metE_metH",5.24288,0.2185546875,10,90,1,1,"blank",NA,"E. coli OD600",0.524288,0.05885546875,0.1,0.524288,6.26204115165682,NA,NA
"b12_assay_4","2","O2",23,0.037,"metE_metH",20000,0.2185546875,3,97,1,1,"blank",NA,"E. coli OD600",600,0.043556640625,0.03,600,13.3046849341983,NA,NA
"b12_assay_4","2","O20",23,0.036,"metE_metH",5.24288,0.2185546875,3,97,1,1,"blank",NA,"E. coli OD600",0.1572864,0.043556640625,0.03,0.1572864,5.05806834733089,NA,NA
"b12_assay_4","2","O21",23,0.038,"metE_metH",2.097152,0.2185546875,10,90,1,1,"blank",NA,"E. coli OD600",0.2097152,0.05885546875,0.1,0.2097152,5.34575041978267,NA,NA
"b12_assay_4","2","O22",23,0.035,"metE_metH",2.097152,0.2185546875,3,97,1,1,"blank",NA,"E. coli OD600",0.06291456,0.043556640625,0.03,0.06291456,4.14177761545673,NA,NA
"b12_assay_4","2","O23",23,0.042,"metE_metH",0,0.2185546875,10,90,1,1,"blank",NA,"E. coli OD600",0,0.05885546875,0.1,0,-Inf,NA,NA
"b12_assay_4","2","O24",23,0.036,"metE_metH",0,0.2185546875,3,97,1,1,"blank",NA,"E. coli OD600",0,0.043556640625,0.03,0,-Inf,NA,NA
"b12_assay_4","2","O3",23,0.041,"metE_metH",8000,0.2185546875,10,90,1,1,"blank",NA,"E. coli OD600",800,0.05885546875,0.1,800,13.5923670066501,NA,NA
"b12_assay_4","2","O4",23,0.033,"metE_metH",8000,0.2185546875,3,97,1,1,"blank",NA,"E. coli OD600",240,0.043556640625,0.03,240,12.3883942023241,NA,NA
"b12_assay_4","2","O5",23,0.046,"metE_metH",3200,0.2185546875,10,90,1,1,"blank",NA,"E. coli OD600",320,0.05885546875,0.1,320,12.6760762747759,NA,NA
"b12_assay_4","2","O6",23,0.038,"metE_metH",3200,0.2185546875,3,97,1,1,"blank",NA,"E. coli OD600",96,0.043556640625,0.03,96,11.47210347045,NA,NA
"b12_assay_4","2","O7",23,0.043,"metE_metH",1280,0.2185546875,10,90,1,1,"blank",NA,"E. coli OD600",128,0.05885546875,0.1,128,11.7597855429018,NA,NA
"b12_assay_4","2","O8",23,0.038,"metE_metH",1280,0.2185546875,3,97,1,1,"blank",NA,"E. coli OD600",38.4,0.043556640625,0.03,38.4,10.5558127385758,NA,NA
"b12_assay_4","2","O9",23,0.041,"metE_metH",512,0.2185546875,10,90,1,1,"blank",NA,"E. coli OD600",51.2,0.05885546875,0.1,51.2,10.8434948110276,NA,NA
"b12_assay_4","2","P1",23,0.038,"metE_metH",20000,0,10,90,1,1,"blank",NA,"E. coli OD600",2000,0.037,0.1,2000,14.5086577385242,NA,NA
"b12_assay_4","2","P10",23,0.036,"metE_metH",512,0,3,97,1,1,"blank",NA,"E. coli OD600",15.36,0.037,0.03,15.36,9.63952200670166,NA,NA
"b12_assay_4","2","P11",23,0.033,"metE_metH",204.8,0,10,90,1,1,"blank",NA,"E. coli OD600",20.48,0.037,0.1,20.48,9.92720407915344,NA,NA
"b12_assay_4","2","P12",23,0.034,"metE_metH",204.8,0,3,97,1,1,"blank",NA,"E. coli OD600",6.144,0.037,0.03,6.144,8.72323127482751,NA,NA
"b12_assay_4","2","P13",23,0.036,"metE_metH",81.92,0,10,90,1,1,"blank",NA,"E. coli OD600",8.192,0.037,0.1,8.192,9.01091334727929,NA,NA
"b12_assay_4","2","P14",23,0.036,"metE_metH",81.92,0,3,97,1,1,"blank",NA,"E. coli OD600",2.4576,0.037,0.03,2.4576,7.80694054295335,NA,NA
"b12_assay_4","2","P15",23,0.035,"metE_metH",32.768,0,10,90,1,1,"blank",NA,"E. coli OD600",3.2768,0.037,0.1,3.2768,8.09462261540513,NA,NA
"b12_assay_4","2","P16",23,0.039,"metE_metH",32.768,0,3,97,1,1,"blank",NA,"E. coli OD600",0.98304,0.037,0.03,0.98304,6.8906498110792,NA,NA
"b12_assay_4","2","P17",23,0.036,"metE_metH",13.1072,0,10,90,1,1,"blank",NA,"E. coli OD600",1.31072,0.037,0.1,1.31072,7.17833188353098,NA,NA
"b12_assay_4","2","P18",23,0.033,"metE_metH",13.1072,0,3,97,1,1,"blank",NA,"E. coli OD600",0.393216,0.037,0.03,0.393216,5.97435907920504,NA,NA
"b12_assay_4","2","P19",23,0.033,"metE_metH",5.24288,0,10,90,1,1,"blank",NA,"E. coli OD600",0.524288,0.037,0.1,0.524288,6.26204115165682,NA,NA
"b12_assay_4","2","P2",23,0.036,"metE_metH",20000,0,3,97,1,1,"blank",NA,"E. coli OD600",600,0.037,0.03,600,13.3046849341983,NA,NA
"b12_assay_4","2","P20",23,0.578,"metE_metH",5.24288,0,3,97,1,1,"blank",NA,"E. coli OD600",0.1572864,0.037,0.03,0.1572864,5.05806834733089,NA,NA
"b12_assay_4","2","P21",23,0.034,"metE_metH",2.097152,0,10,90,1,1,"blank",NA,"E. coli OD600",0.2097152,0.037,0.1,0.2097152,5.34575041978267,NA,NA
"b12_assay_4","2","P22",23,0.035,"metE_metH",2.097152,0,3,97,1,1,"blank",NA,"E. coli OD600",0.06291456,0.037,0.03,0.06291456,4.14177761545673,NA,NA
"b12_assay_4","2","P23",23,0.036,"metE_metH",0,0,10,90,1,1,"blank",NA,"E. coli OD600",0,0.037,0.1,0,-Inf,NA,NA
"b12_assay_4","2","P24",23,0.034,"metE_metH",0,0,3,97,1,1,"blank",NA,"E. coli OD600",0,0.037,0.03,0,-Inf,NA,NA
"b12_assay_4","2","P3",23,0.035,"metE_metH",8000,0,10,90,1,1,"blank",NA,"E. coli OD600",800,0.037,0.1,800,13.5923670066501,NA,NA
"b12_assay_4","2","P4",23,0.038,"metE_metH",8000,0,3,97,1,1,"blank",NA,"E. coli OD600",240,0.037,0.03,240,12.3883942023241,NA,NA
"b12_assay_4","2","P5",23,0.036,"metE_metH",3200,0,10,90,1,1,"blank",NA,"E. coli OD600",320,0.037,0.1,320,12.6760762747759,NA,NA
"b12_assay_4","2","P6",23,0.035,"metE_metH",3200,0,3,97,1,1,"blank",NA,"E. coli OD600",96,0.037,0.03,96,11.47210347045,NA,NA
"b12_assay_4","2","P7",23,0.031,"metE_metH",1280,0,10,90,1,1,"blank",NA,"E. coli OD600",128,0.037,0.1,128,11.7597855429018,NA,NA
"b12_assay_4","2","P8",23,0.028,"metE_metH",1280,0,3,97,1,1,"blank",NA,"E. coli OD600",38.4,0.037,0.03,38.4,10.5558127385758,NA,NA
"b12_assay_4","2","P9",23,0.035,"metE_metH",512,0,10,90,1,1,"blank",NA,"E. coli OD600",51.2,0.037,0.1,51.2,10.8434948110276,NA,NA
"b12_assay_4","3","A1",91,NA,"metE4",20000,0,10,90,1,1,"blank","filter_then_boil","Chlamy fluorescence",2000.1,0,0.1,NA,14.5087077372743,429436,12.970227998826
"b12_assay_4","3","A10",91,NA,"metE4",512,0,3,97,1,1,"blank","filter_then_boil","Chlamy fluorescence",15.46,0,0.03,NA,9.64601132214141,83337,11.3306479072083
"b12_assay_4","3","A11",91,NA,"metE4",204.8,0,10,90,1,1,"blank","filter_then_boil","Chlamy fluorescence",20.58,0,0.1,NA,9.93207500938804,132970,11.7978788178508
"b12_assay_4","3","A12",91,NA,"metE4",204.8,0,3,97,1,1,"blank","filter_then_boil","Chlamy fluorescence",6.244,0,0.03,NA,8.73937628163532,25141,10.1322552586006
"b12_assay_4","3","A13",91,NA,"metE4",81.92,0,10,90,1,1,"blank","filter_then_boil","Chlamy fluorescence",8.292,0,0.1,NA,9.02304647355567,44085,10.6938748675211
"b12_assay_4","3","A14",91,NA,"metE4",81.92,0,3,97,1,1,"blank","filter_then_boil","Chlamy fluorescence",2.5576,0,0.03,NA,7.84682459774563,9807,9.19085169539232
"b12_assay_4","3","A15",91,NA,"metE4",32.768,0,10,90,1,1,"blank","filter_then_boil","Chlamy fluorescence",3.3768,0,0.1,NA,8.12468379446829,13379,9.50144159247362
"b12_assay_4","3","A16",91,NA,"metE4",32.768,0,3,97,1,1,"blank","filter_then_boil","Chlamy fluorescence",1.08304,0,0.03,NA,6.9875271807603,3033,8.01730750768858
"b12_assay_4","3","A17",91,NA,"metE4",13.1072,0,10,90,1,1,"blank","filter_then_boil","Chlamy fluorescence",1.41072,0,0.1,NA,7.25185549133872,6503,8.78001888786915
"b12_assay_4","3","A18",91,NA,"metE4",13.1072,0,3,97,1,1,"blank","filter_then_boil","Chlamy fluorescence",0.493216,0,0.03,NA,6.20094721196431,1926,7.56320059235807
"b12_assay_4","3","A19",91,NA,"metE4",5.24288,0,10,90,1,1,"blank","filter_then_boil","Chlamy fluorescence",0.624288,0,0.1,NA,6.43661180035485,2454,7.80547462527086
"b12_assay_4","3","A2",91,NA,"metE4",20000,0,3,97,1,1,"blank","filter_then_boil","Chlamy fluorescence",600.1,0,0.03,NA,13.3048515869776,490337,13.1028481887937
"b12_assay_4","3","A20",91,NA,"metE4",5.24288,0,3,97,1,1,"blank","filter_then_boil","Chlamy fluorescence",0.2572864,0,0.03,NA,5.5501898613031,2529,7.83557924666997
"b12_assay_4","3","A21",91,NA,"metE4",2.097152,0,10,90,1,1,"blank","filter_then_boil","Chlamy fluorescence",0.3097152,0,0.1,NA,5.73565316552939,2147,7.67182679787878
"b12_assay_4","3","A22",91,NA,"metE4",2.097152,0,3,97,1,1,"blank","filter_then_boil","Chlamy fluorescence",0.16291456,0,0.03,NA,5.09322589160157,1477,7.29776828253138
"b12_assay_4","3","A23",91,NA,"metE4",0,0,10,90,1,1,"blank","filter_then_boil","Chlamy fluorescence",0.1,0,0.1,NA,4.60517018598809,1521,7.32712329225929
"b12_assay_4","3","A24",91,NA,"metE4",0,0,3,97,1,1,"blank","filter_then_boil","Chlamy fluorescence",0.1,0,0.03,NA,4.60517018598809,1485,7.3031700512368
"b12_assay_4","3","A3",91,NA,"metE4",8000,0,10,90,1,1,"blank","filter_then_boil","Chlamy fluorescence",800.1,0,0.1,NA,13.5924919988382,484923,13.0917453944289
"b12_assay_4","3","A4",91,NA,"metE4",8000,0,3,97,1,1,"blank","filter_then_boil","Chlamy fluorescence",240.1,0,0.03,NA,12.3888107822093,499974,13.1223113760523
"b12_assay_4","3","A5",91,NA,"metE4",3200,0,10,90,1,1,"blank","filter_then_boil","Chlamy fluorescence",320.1,0,0.1,NA,12.676388725958,496475,13.1152884087324
"b12_assay_4","3","A6",91,NA,"metE4",3200,0,3,97,1,1,"blank","filter_then_boil","Chlamy fluorescence",96.1,0,0.03,NA,11.4731445949584,442299,12.999741402945
"b12_assay_4","3","A7",91,NA,"metE4",1280,0,10,90,1,1,"blank","filter_then_boil","Chlamy fluorescence",128.1,0,0.1,NA,11.7605664878848,476079,13.0733390858292
"b12_assay_4","3","A8",91,NA,"metE4",1280,0,3,97,1,1,"blank","filter_then_boil","Chlamy fluorescence",38.5,0,0.03,NA,10.5584135202759,230343,12.3473247813631
"b12_assay_4","3","A9",91,NA,"metE4",512,0,10,90,1,1,"blank","filter_then_boil","Chlamy fluorescence",51.3,0,0.1,NA,10.8454460311589,319801,12.6754542063314
"b12_assay_4","3","B1",91,NA,"metE4",20000,0,10,90,1,1,"HTWP4","filter_then_boil","Chlamy fluorescence",2000.1,0,0.1,NA,14.5087077372743,436421,12.9863626527732
"b12_assay_4","3","B10",91,NA,"metE4",512,0,3,97,1,1,"HTWP4","filter_then_boil","Chlamy fluorescence",15.46,0,0.03,NA,9.64601132214141,68881,11.1401356569986
"b12_assay_4","3","B11",91,NA,"metE4",204.8,0,10,90,1,1,"HTWP4","filter_then_boil","Chlamy fluorescence",20.58,0,0.1,NA,9.93207500938804,99178,11.5046714944839
"b12_assay_4","3","B12",91,NA,"metE4",204.8,0,3,97,1,1,"HTWP4","filter_then_boil","Chlamy fluorescence",6.244,0,0.03,NA,8.73937628163532,24107,10.090257533736
"b12_assay_4","3","B13",91,NA,"metE4",81.92,0,10,90,1,1,"HTWP4","filter_then_boil","Chlamy fluorescence",8.292,0,0.1,NA,9.02304647355567,36403,10.5024064678111
"b12_assay_4","3","B14",91,NA,"metE4",81.92,0,3,97,1,1,"HTWP4","filter_then_boil","Chlamy fluorescence",2.5576,0,0.03,NA,7.84682459774563,8364,9.03169206054852
"b12_assay_4","3","B15",91,NA,"metE4",32.768,0,10,90,1,1,"HTWP4","filter_then_boil","Chlamy fluorescence",3.3768,0,0.1,NA,8.12468379446829,10539,9.26283794093394
"b12_assay_4","3","B16",91,NA,"metE4",32.768,0,3,97,1,1,"HTWP4","filter_then_boil","Chlamy fluorescence",1.08304,0,0.03,NA,6.9875271807603,3456,8.14786712992395
"b12_assay_4","3","B17",91,NA,"metE4",13.1072,0,10,90,1,1,"HTWP4","filter_then_boil","Chlamy fluorescence",1.41072,0,0.1,NA,7.25185549133872,5164,8.54946675196653
"b12_assay_4","3","B18",91,NA,"metE4",13.1072,0,3,97,1,1,"HTWP4","filter_then_boil","Chlamy fluorescence",0.493216,0,0.03,NA,6.20094721196431,2983,8.00068478451475
"b12_assay_4","3","B19",91,NA,"metE4",5.24288,0,10,90,1,1,"HTWP4","filter_then_boil","Chlamy fluorescence",0.624288,0,0.1,NA,6.43661180035485,2779,7.9298464297425
"b12_assay_4","3","B2",91,NA,"metE4",20000,0,3,97,1,1,"HTWP4","filter_then_boil","Chlamy fluorescence",600.1,0,0.03,NA,13.3048515869776,478320,13.0780352435548
"b12_assay_4","3","B20",91,NA,"metE4",5.24288,0,3,97,1,1,"HTWP4","filter_then_boil","Chlamy fluorescence",0.2572864,0,0.03,NA,5.5501898613031,1507,7.3178761986265
"b12_assay_4","3","B21",91,NA,"metE4",2.097152,0,10,90,1,1,"HTWP4","filter_then_boil","Chlamy fluorescence",0.3097152,0,0.1,NA,5.73565316552939,2294,7.73805229768932
"b12_assay_4","3","B22",91,NA,"metE4",2.097152,0,3,97,1,1,"HTWP4","filter_then_boil","Chlamy fluorescence",0.16291456,0,0.03,NA,5.09322589160157,1529,7.33236920592906
"b12_assay_4","3","B23",91,NA,"metE4",0,0,10,90,1,1,"HTWP4","filter_then_boil","Chlamy fluorescence",0.1,0,0.1,NA,4.60517018598809,1450,7.27931883541462
"b12_assay_4","3","B24",91,NA,"metE4",0,0,3,97,1,1,"HTWP4","filter_then_boil","Chlamy fluorescence",0.1,0,0.03,NA,4.60517018598809,1363,7.21744343169653
"b12_assay_4","3","B3",91,NA,"metE4",8000,0,10,90,1,1,"HTWP4","filter_then_boil","Chlamy fluorescence",800.1,0,0.1,NA,13.5924919988382,453195,13.0240777754185
"b12_assay_4","3","B4",91,NA,"metE4",8000,0,3,97,1,1,"HTWP4","filter_then_boil","Chlamy fluorescence",240.1,0,0.03,NA,12.3888107822093,453208,13.0241064602309
"b12_assay_4","3","B5",91,NA,"metE4",3200,0,10,90,1,1,"HTWP4","filter_then_boil","Chlamy fluorescence",320.1,0,0.1,NA,12.676388725958,459879,13.038718690385
"b12_assay_4","3","B6",91,NA,"metE4",3200,0,3,97,1,1,"HTWP4","filter_then_boil","Chlamy fluorescence",96.1,0,0.03,NA,11.4731445949584,389956,12.8737891912283
"b12_assay_4","3","B7",91,NA,"metE4",1280,0,10,90,1,1,"HTWP4","filter_then_boil","Chlamy fluorescence",128.1,0,0.1,NA,11.7605664878848,608611,13.3189345905505
"b12_assay_4","3","B8",91,NA,"metE4",1280,0,3,97,1,1,"HTWP4","filter_then_boil","Chlamy fluorescence",38.5,0,0.03,NA,10.5584135202759,175674,12.0763852837146
"b12_assay_4","3","B9",91,NA,"metE4",512,0,10,90,1,1,"HTWP4","filter_then_boil","Chlamy fluorescence",51.3,0,0.1,NA,10.8454460311589,294606,12.593394149402
"b12_assay_4","3","C1",91,NA,"metE4",20000,0,10,90,1,1,"JW50603","filter_then_boil","Chlamy fluorescence",2000.1,0,0.1,NA,14.5087077372743,454671,13.0273293594638
"b12_assay_4","3","C10",91,NA,"metE4",512,0,3,97,1,1,"JW50603","filter_then_boil","Chlamy fluorescence",15.46,0,0.03,NA,9.64601132214141,67425,11.1187711480079
"b12_assay_4","3","C11",91,NA,"metE4",204.8,0,10,90,1,1,"JW50603","filter_then_boil","Chlamy fluorescence",20.58,0,0.1,NA,9.93207500938804,92288,11.4326694012046
"b12_assay_4","3","C12",91,NA,"metE4",204.8,0,3,97,1,1,"JW50603","filter_then_boil","Chlamy fluorescence",6.244,0,0.03,NA,8.73937628163532,22164,10.0062246299872
"b12_assay_4","3","C13",91,NA,"metE4",81.92,0,10,90,1,1,"JW50603","filter_then_boil","Chlamy fluorescence",8.292,0,0.1,NA,9.02304647355567,30443,10.323611361653
"b12_assay_4","3","C14",91,NA,"metE4",81.92,0,3,97,1,1,"JW50603","filter_then_boil","Chlamy fluorescence",2.5576,0,0.03,NA,7.84682459774563,9158,9.12238309321704
"b12_assay_4","3","C15",91,NA,"metE4",32.768,0,10,90,1,1,"JW50603","filter_then_boil","Chlamy fluorescence",3.3768,0,0.1,NA,8.12468379446829,9552,9.16450583563238
"b12_assay_4","3","C16",91,NA,"metE4",32.768,0,3,97,1,1,"JW50603","filter_then_boil","Chlamy fluorescence",1.08304,0,0.03,NA,6.9875271807603,3292,8.09925056179696
"b12_assay_4","3","C17",91,NA,"metE4",13.1072,0,10,90,1,1,"JW50603","filter_then_boil","Chlamy fluorescence",1.41072,0,0.1,NA,7.25185549133872,2103,7.6511201757027
"b12_assay_4","3","C18",91,NA,"metE4",13.1072,0,3,97,1,1,"JW50603","filter_then_boil","Chlamy fluorescence",0.493216,0,0.03,NA,6.20094721196431,1451,7.28000825288419
"b12_assay_4","3","C19",91,NA,"metE4",5.24288,0,10,90,1,1,"JW50603","filter_then_boil","Chlamy fluorescence",0.624288,0,0.1,NA,6.43661180035485,1601,7.37838371299671
"b12_assay_4","3","C2",91,NA,"metE4",20000,0,3,97,1,1,"JW50603","filter_then_boil","Chlamy fluorescence",600.1,0,0.03,NA,13.3048515869776,453249,13.0241969223267
"b12_assay_4","3","C20",91,NA,"metE4",5.24288,0,3,97,1,1,"JW50603","filter_then_boil","Chlamy fluorescence",0.2572864,0,0.03,NA,5.5501898613031,1474,7.29573507274928
"b12_assay_4","3","C21",91,NA,"metE4",2.097152,0,10,90,1,1,"JW50603","filter_then_boil","Chlamy fluorescence",0.3097152,0,0.1,NA,5.73565316552939,1367,7.22037383672395
"b12_assay_4","3","C22",91,NA,"metE4",2.097152,0,3,97,1,1,"JW50603","filter_then_boil","Chlamy fluorescence",0.16291456,0,0.03,NA,5.09322589160157,1424,7.26122509197192
"b12_assay_4","3","C23",91,NA,"metE4",0,0,10,90,1,1,"JW50603","filter_then_boil","Chlamy fluorescence",0.1,0,0.1,NA,4.60517018598809,1401,7.24494154633701
"b12_assay_4","3","C24",91,NA,"metE4",0,0,3,97,1,1,"JW50603","filter_then_boil","Chlamy fluorescence",0.1,0,0.03,NA,4.60517018598809,1520,7.32646561384032
"b12_assay_4","3","C3",91,NA,"metE4",8000,0,10,90,1,1,"JW50603","filter_then_boil","Chlamy fluorescence",800.1,0,0.1,NA,13.5924919988382,452101,13.0216608851803
"b12_assay_4","3","C4",91,NA,"metE4",8000,0,3,97,1,1,"JW50603","filter_then_boil","Chlamy fluorescence",240.1,0,0.03,NA,12.3888107822093,432375,12.9770485462395
"b12_assay_4","3","C5",91,NA,"metE4",3200,0,10,90,1,1,"JW50603","filter_then_boil","Chlamy fluorescence",320.1,0,0.1,NA,12.676388725958,461725,13.0427247547441
"b12_assay_4","3","C6",91,NA,"metE4",3200,0,3,97,1,1,"JW50603","filter_then_boil","Chlamy fluorescence",96.1,0,0.03,NA,11.4731445949584,426702,12.9638411562989
"b12_assay_4","3","C7",91,NA,"metE4",1280,0,10,90,1,1,"JW50603","filter_then_boil","Chlamy fluorescence",128.1,0,0.1,NA,11.7605664878848,522489,13.1663592099679
"b12_assay_4","3","C8",91,NA,"metE4",1280,0,3,97,1,1,"JW50603","filter_then_boil","Chlamy fluorescence",38.5,0,0.03,NA,10.5584135202759,182789,12.1160877611369
"b12_assay_4","3","C9",91,NA,"metE4",512,0,10,90,1,1,"JW50603","filter_then_boil","Chlamy fluorescence",51.3,0,0.1,NA,10.8454460311589,272912,12.5169046778807
"b12_assay_4","3","D1",91,NA,"metE4",20000,0,10,90,1,1,"OTU4908","filter_then_boil","Chlamy fluorescence",2000.1,0,0.1,NA,14.5087077372743,472101,13.0649482247274
"b12_assay_4","3","D10",91,NA,"metE4",512,0,3,97,1,1,"OTU4908","filter_then_boil","Chlamy fluorescence",15.46,0,0.03,NA,9.64601132214141,66736,11.1084998164367
"b12_assay_4","3","D11",91,NA,"metE4",204.8,0,10,90,1,1,"OTU4908","filter_then_boil","Chlamy fluorescence",20.58,0,0.1,NA,9.93207500938804,92937,11.4396771232284
"b12_assay_4","3","D12",91,NA,"metE4",204.8,0,3,97,1,1,"OTU4908","filter_then_boil","Chlamy fluorescence",6.244,0,0.03,NA,8.73937628163532,22640,10.0274735323171
"b12_assay_4","3","D13",91,NA,"metE4",81.92,0,10,90,1,1,"OTU4908","filter_then_boil","Chlamy fluorescence",8.292,0,0.1,NA,9.02304647355567,35375,10.4737606349455
"b12_assay_4","3","D14",91,NA,"metE4",81.92,0,3,97,1,1,"OTU4908","filter_then_boil","Chlamy fluorescence",2.5576,0,0.03,NA,7.84682459774563,9028,9.10808613793743
"b12_assay_4","3","D15",91,NA,"metE4",32.768,0,10,90,1,1,"OTU4908","filter_then_boil","Chlamy fluorescence",3.3768,0,0.1,NA,8.12468379446829,12033,9.39540815443816
"b12_assay_4","3","D16",91,NA,"metE4",32.768,0,3,97,1,1,"OTU4908","filter_then_boil","Chlamy fluorescence",1.08304,0,0.03,NA,6.9875271807603,2904,7.97384437594469
"b12_assay_4","3","D17",91,NA,"metE4",13.1072,0,10,90,1,1,"OTU4908","filter_then_boil","Chlamy fluorescence",1.41072,0,0.1,NA,7.25185549133872,6280,8.74512525946224
"b12_assay_4","3","D18",91,NA,"metE4",13.1072,0,3,97,1,1,"OTU4908","filter_then_boil","Chlamy fluorescence",0.493216,0,0.03,NA,6.20094721196431,2075,7.6377164326648
"b12_assay_4","3","D19",91,NA,"metE4",5.24288,0,10,90,1,1,"OTU4908","filter_then_boil","Chlamy fluorescence",0.624288,0,0.1,NA,6.43661180035485,4016,8.29804166137157
"b12_assay_4","3","D2",91,NA,"metE4",20000,0,3,97,1,1,"OTU4908","filter_then_boil","Chlamy fluorescence",600.1,0,0.03,NA,13.3048515869776,507028,13.1363215078728
"b12_assay_4","3","D20",91,NA,"metE4",5.24288,0,3,97,1,1,"OTU4908","filter_then_boil","Chlamy fluorescence",0.2572864,0,0.03,NA,5.5501898613031,1581,7.36581283720947
"b12_assay_4","3","D21",91,NA,"metE4",2.097152,0,10,90,1,1,"OTU4908","filter_then_boil","Chlamy fluorescence",0.3097152,0,0.1,NA,5.73565316552939,1875,7.53636393840451
"b12_assay_4","3","D22",91,NA,"metE4",2.097152,0,3,97,1,1,"OTU4908","filter_then_boil","Chlamy fluorescence",0.16291456,0,0.03,NA,5.09322589160157,1495,7.30988148582479
"b12_assay_4","3","D23",91,NA,"metE4",0,0,10,90,1,1,"OTU4908","filter_then_boil","Chlamy fluorescence",0.1,0,0.1,NA,4.60517018598809,1526,7.3304052118444
"b12_assay_4","3","D24",91,NA,"metE4",0,0,3,97,1,1,"OTU4908","filter_then_boil","Chlamy fluorescence",0.1,0,0.03,NA,4.60517018598809,1459,7.28550654852279
"b12_assay_4","3","D3",91,NA,"metE4",8000,0,10,90,1,1,"OTU4908","filter_then_boil","Chlamy fluorescence",800.1,0,0.1,NA,13.5924919988382,415902,12.9382049345677
"b12_assay_4","3","D4",91,NA,"metE4",8000,0,3,97,1,1,"OTU4908","filter_then_boil","Chlamy fluorescence",240.1,0,0.03,NA,12.3888107822093,427672,12.9661118256235
"b12_assay_4","3","D5",91,NA,"metE4",3200,0,10,90,1,1,"OTU4908","filter_then_boil","Chlamy fluorescence",320.1,0,0.1,NA,12.676388725958,409040,12.9215682297539
"b12_assay_4","3","D6",91,NA,"metE4",3200,0,3,97,1,1,"OTU4908","filter_then_boil","Chlamy fluorescence",96.1,0,0.03,NA,11.4731445949584,495900,13.1141295724772
"b12_assay_4","3","D7",91,NA,"metE4",1280,0,10,90,1,1,"OTU4908","filter_then_boil","Chlamy fluorescence",128.1,0,0.1,NA,11.7605664878848,524717,13.1706143486163
"b12_assay_4","3","D8",91,NA,"metE4",1280,0,3,97,1,1,"OTU4908","filter_then_boil","Chlamy fluorescence",38.5,0,0.03,NA,10.5584135202759,179633,12.0986711596199
"b12_assay_4","3","D9",91,NA,"metE4",512,0,10,90,1,1,"OTU4908","filter_then_boil","Chlamy fluorescence",51.3,0,0.1,NA,10.8454460311589,285024,12.5603286662316
"b12_assay_4","3","E1",91,NA,"metE4",20000,0,10,90,1,1,"blank","boil_then_filter","Chlamy fluorescence",2000.1,0,0.1,NA,14.5087077372743,448916,13.014591066817
"b12_assay_4","3","E10",91,NA,"metE4",512,0,3,97,1,1,"blank","boil_then_filter","Chlamy fluorescence",15.46,0,0.03,NA,9.64601132214141,52633,10.8710985784333
"b12_assay_4","3","E11",91,NA,"metE4",204.8,0,10,90,1,1,"blank","boil_then_filter","Chlamy fluorescence",20.58,0,0.1,NA,9.93207500938804,100178,11.5147038826476
"b12_assay_4","3","E12",91,NA,"metE4",204.8,0,3,97,1,1,"blank","boil_then_filter","Chlamy fluorescence",6.244,0,0.03,NA,8.73937628163532,23878,10.0807128119053
"b12_assay_4","3","E13",91,NA,"metE4",81.92,0,10,90,1,1,"blank","boil_then_filter","Chlamy fluorescence",8.292,0,0.1,NA,9.02304647355567,37977,10.5447359923049
"b12_assay_4","3","E14",91,NA,"metE4",81.92,0,3,97,1,1,"blank","boil_then_filter","Chlamy fluorescence",2.5576,0,0.03,NA,7.84682459774563,8559,9.05473863988161
"b12_assay_4","3","E15",91,NA,"metE4",32.768,0,10,90,1,1,"blank","boil_then_filter","Chlamy fluorescence",3.3768,0,0.1,NA,8.12468379446829,12719,9.45085221745148
"b12_assay_4","3","E16",91,NA,"metE4",32.768,0,3,97,1,1,"blank","boil_then_filter","Chlamy fluorescence",1.08304,0,0.03,NA,6.9875271807603,4280,8.36170828857584
"b12_assay_4","3","E17",91,NA,"metE4",13.1072,0,10,90,1,1,"blank","boil_then_filter","Chlamy fluorescence",1.41072,0,0.1,NA,7.25185549133872,5861,8.67607551647643
"b12_assay_4","3","E18",91,NA,"metE4",13.1072,0,3,97,1,1,"blank","boil_then_filter","Chlamy fluorescence",0.493216,0,0.03,NA,6.20094721196431,2519,7.83161727635261
"b12_assay_4","3","E19",91,NA,"metE4",5.24288,0,10,90,1,1,"blank","boil_then_filter","Chlamy fluorescence",0.624288,0,0.1,NA,6.43661180035485,3549,8.1744211526465
"b12_assay_4","3","E2",91,NA,"metE4",20000,0,3,97,1,1,"blank","boil_then_filter","Chlamy fluorescence",600.1,0,0.03,NA,13.3048515869776,443420,13.0022726811462
"b12_assay_4","3","E20",91,NA,"metE4",5.24288,0,3,97,1,1,"blank","boil_then_filter","Chlamy fluorescence",0.2572864,0,0.03,NA,5.5501898613031,1489,7.30586003268401
"b12_assay_4","3","E21",91,NA,"metE4",2.097152,0,10,90,1,1,"blank","boil_then_filter","Chlamy fluorescence",0.3097152,0,0.1,NA,5.73565316552939,3026,8.0149968943483
"b12_assay_4","3","E22",91,NA,"metE4",2.097152,0,3,97,1,1,"blank","boil_then_filter","Chlamy fluorescence",0.16291456,0,0.03,NA,5.09322589160157,1474,7.29573507274928
"b12_assay_4","3","E23",91,NA,"metE4",0,0,10,90,1,1,"blank","boil_then_filter","Chlamy fluorescence",0.1,0,0.1,NA,4.60517018598809,1525,7.32974968904151
"b12_assay_4","3","E24",91,NA,"metE4",0,0,3,97,1,1,"blank","boil_then_filter","Chlamy fluorescence",0.1,0,0.03,NA,4.60517018598809,1609,7.38336814699238
"b12_assay_4","3","E3",91,NA,"metE4",8000,0,10,90,1,1,"blank","boil_then_filter","Chlamy fluorescence",800.1,0,0.1,NA,13.5924919988382,418267,12.94387526357
"b12_assay_4","3","E4",91,NA,"metE4",8000,0,3,97,1,1,"blank","boil_then_filter","Chlamy fluorescence",240.1,0,0.03,NA,12.3888107822093,411842,12.928395059633
"b12_assay_4","3","E5",91,NA,"metE4",3200,0,10,90,1,1,"blank","boil_then_filter","Chlamy fluorescence",320.1,0,0.1,NA,12.676388725958,412649,12.9303526316567
"b12_assay_4","3","E6",91,NA,"metE4",3200,0,3,97,1,1,"blank","boil_then_filter","Chlamy fluorescence",96.1,0,0.03,NA,11.4731445949584,458922,13.0366355399616
"b12_assay_4","3","E7",91,NA,"metE4",1280,0,10,90,1,1,"blank","boil_then_filter","Chlamy fluorescence",128.1,0,0.1,NA,11.7605664878848,553411,13.2238562232607
"b12_assay_4","3","E8",91,NA,"metE4",1280,0,3,97,1,1,"blank","boil_then_filter","Chlamy fluorescence",38.5,0,0.03,NA,10.5584135202759,248975,12.4251077687998
"b12_assay_4","3","E9",91,NA,"metE4",512,0,10,90,1,1,"blank","boil_then_filter","Chlamy fluorescence",51.3,0,0.1,NA,10.8454460311589,271490,12.5116805852653
"b12_assay_4","3","F1",91,NA,"metE4",20000,0,10,90,1,1,"HTWP4","boil_then_filter","Chlamy fluorescence",2000.1,0,0.1,NA,14.5087077372743,472278,13.0653230742361
"b12_assay_4","3","F10",91,NA,"metE4",512,0,3,97,1,1,"HTWP4","boil_then_filter","Chlamy fluorescence",15.46,0,0.03,NA,9.64601132214141,69372,11.1472386068705
"b12_assay_4","3","F11",91,NA,"metE4",204.8,0,10,90,1,1,"HTWP4","boil_then_filter","Chlamy fluorescence",20.58,0,0.1,NA,9.93207500938804,110130,11.609416765159
"b12_assay_4","3","F12",91,NA,"metE4",204.8,0,3,97,1,1,"HTWP4","boil_then_filter","Chlamy fluorescence",6.244,0,0.03,NA,8.73937628163532,26076,10.1687706300444
"b12_assay_4","3","F13",91,NA,"metE4",81.92,0,10,90,1,1,"HTWP4","boil_then_filter","Chlamy fluorescence",8.292,0,0.1,NA,9.02304647355567,36168,10.4959300289744
"b12_assay_4","3","F14",91,NA,"metE4",81.92,0,3,97,1,1,"HTWP4","boil_then_filter","Chlamy fluorescence",2.5576,0,0.03,NA,7.84682459774563,7454,8.9165060800392
"b12_assay_4","3","F15",91,NA,"metE4",32.768,0,10,90,1,1,"HTWP4","boil_then_filter","Chlamy fluorescence",3.3768,0,0.1,NA,8.12468379446829,15310,9.63626148865173
"b12_assay_4","3","F16",91,NA,"metE4",32.768,0,3,97,1,1,"HTWP4","boil_then_filter","Chlamy fluorescence",1.08304,0,0.03,NA,6.9875271807603,4423,8.39457347786833
"b12_assay_4","3","F17",91,NA,"metE4",13.1072,0,10,90,1,1,"HTWP4","boil_then_filter","Chlamy fluorescence",1.41072,0,0.1,NA,7.25185549133872,6174,8.7281022050621
"b12_assay_4","3","F18",91,NA,"metE4",13.1072,0,3,97,1,1,"HTWP4","boil_then_filter","Chlamy fluorescence",0.493216,0,0.03,NA,6.20094721196431,2913,7.97693875695943
"b12_assay_4","3","F19",91,NA,"metE4",5.24288,0,10,90,1,1,"HTWP4","boil_then_filter","Chlamy fluorescence",0.624288,0,0.1,NA,6.43661180035485,2834,7.94944442025063
"b12_assay_4","3","F2",91,NA,"metE4",20000,0,3,97,1,1,"HTWP4","boil_then_filter","Chlamy fluorescence",600.1,0,0.03,NA,13.3048515869776,454821,13.027659213935
"b12_assay_4","3","F20",91,NA,"metE4",5.24288,0,3,97,1,1,"HTWP4","boil_then_filter","Chlamy fluorescence",0.2572864,0,0.03,NA,5.5501898613031,1912,7.55590509361135
"b12_assay_4","3","F21",91,NA,"metE4",2.097152,0,10,90,1,1,"HTWP4","boil_then_filter","Chlamy fluorescence",0.3097152,0,0.1,NA,5.73565316552939,2259,7.722677516468
"b12_assay_4","3","F22",91,NA,"metE4",2.097152,0,3,97,1,1,"HTWP4","boil_then_filter","Chlamy fluorescence",0.16291456,0,0.03,NA,5.09322589160157,1357,7.21303165983487
"b12_assay_4","3","F23",91,NA,"metE4",0,0,10,90,1,1,"HTWP4","boil_then_filter","Chlamy fluorescence",0.1,0,0.1,NA,4.60517018598809,1433,7.26752542782817
"b12_assay_4","3","F24",91,NA,"metE4",0,0,3,97,1,1,"HTWP4","boil_then_filter","Chlamy fluorescence",0.1,0,0.03,NA,4.60517018598809,1552,7.34729970074316
"b12_assay_4","3","F3",91,NA,"metE4",8000,0,10,90,1,1,"HTWP4","boil_then_filter","Chlamy fluorescence",800.1,0,0.1,NA,13.5924919988382,409969,12.9238368260658
"b12_assay_4","3","F4",91,NA,"metE4",8000,0,3,97,1,1,"HTWP4","boil_then_filter","Chlamy fluorescence",240.1,0,0.03,NA,12.3888107822093,409518,12.9227361373532
"b12_assay_4","3","F5",91,NA,"metE4",3200,0,10,90,1,1,"HTWP4","boil_then_filter","Chlamy fluorescence",320.1,0,0.1,NA,12.676388725958,410311,12.9246706877224
"b12_assay_4","3","F6",91,NA,"metE4",3200,0,3,97,1,1,"HTWP4","boil_then_filter","Chlamy fluorescence",96.1,0,0.03,NA,11.4731445949584,436859,12.9873657675513
"b12_assay_4","3","F7",91,NA,"metE4",1280,0,10,90,1,1,"HTWP4","boil_then_filter","Chlamy fluorescence",128.1,0,0.1,NA,11.7605664878848,424296,12.958186603854
"b12_assay_4","3","F8",91,NA,"metE4",1280,0,3,97,1,1,"HTWP4","boil_then_filter","Chlamy fluorescence",38.5,0,0.03,NA,10.5584135202759,202420,12.2181000257429
"b12_assay_4","3","F9",91,NA,"metE4",512,0,10,90,1,1,"HTWP4","boil_then_filter","Chlamy fluorescence",51.3,0,0.1,NA,10.8454460311589,417037,12.9409302258615
"b12_assay_4","3","G1",91,NA,"metE4",20000,0,10,90,1,1,"JW50603","boil_then_filter","Chlamy fluorescence",2000.1,0,0.1,NA,14.5087077372743,462955,13.0453851361203
"b12_assay_4","3","G10",91,NA,"metE4",512,0,3,97,1,1,"JW50603","boil_then_filter","Chlamy fluorescence",15.46,0,0.03,NA,9.64601132214141,58566,10.977909602403
"b12_assay_4","3","G11",91,NA,"metE4",204.8,0,10,90,1,1,"JW50603","boil_then_filter","Chlamy fluorescence",20.58,0,0.1,NA,9.93207500938804,83845,11.3367251351812
"b12_assay_4","3","G12",91,NA,"metE4",204.8,0,3,97,1,1,"JW50603","boil_then_filter","Chlamy fluorescence",6.244,0,0.03,NA,8.73937628163532,18217,9.81011050303083
"b12_assay_4","3","G13",91,NA,"metE4",81.92,0,10,90,1,1,"JW50603","boil_then_filter","Chlamy fluorescence",8.292,0,0.1,NA,9.02304647355567,17462,9.76778237037075
"b12_assay_4","3","G14",91,NA,"metE4",81.92,0,3,97,1,1,"JW50603","boil_then_filter","Chlamy fluorescence",2.5576,0,0.03,NA,7.84682459774563,4982,8.51358669582213
"b12_assay_4","3","G15",91,NA,"metE4",32.768,0,10,90,1,1,"JW50603","boil_then_filter","Chlamy fluorescence",3.3768,0,0.1,NA,8.12468379446829,1425,7.26192709270275
"b12_assay_4","3","G16",91,NA,"metE4",32.768,0,3,97,1,1,"JW50603","boil_then_filter","Chlamy fluorescence",1.08304,0,0.03,NA,6.9875271807603,2021,7.61134771740362
"b12_assay_4","3","G17",91,NA,"metE4",13.1072,0,10,90,1,1,"JW50603","boil_then_filter","Chlamy fluorescence",1.41072,0,0.1,NA,7.25185549133872,1383,7.23201033166476
"b12_assay_4","3","G18",91,NA,"metE4",13.1072,0,3,97,1,1,"JW50603","boil_then_filter","Chlamy fluorescence",0.493216,0,0.03,NA,6.20094721196431,2038,7.61972421378267
"b12_assay_4","3","G19",91,NA,"metE4",5.24288,0,10,90,1,1,"JW50603","boil_then_filter","Chlamy fluorescence",0.624288,0,0.1,NA,6.43661180035485,1649,7.4079243225596
"b12_assay_4","3","G2",91,NA,"metE4",20000,0,3,97,1,1,"JW50603","boil_then_filter","Chlamy fluorescence",600.1,0,0.03,NA,13.3048515869776,435519,12.9842937023368
"b12_assay_4","3","G20",91,NA,"metE4",5.24288,0,3,97,1,1,"JW50603","boil_then_filter","Chlamy fluorescence",0.2572864,0,0.03,NA,5.5501898613031,1595,7.37462901521894
"b12_assay_4","3","G21",91,NA,"metE4",2.097152,0,10,90,1,1,"JW50603","boil_then_filter","Chlamy fluorescence",0.3097152,0,0.1,NA,5.73565316552939,1534,7.3356339819272
"b12_assay_4","3","G22",91,NA,"metE4",2.097152,0,3,97,1,1,"JW50603","boil_then_filter","Chlamy fluorescence",0.16291456,0,0.03,NA,5.09322589160157,1831,7.51261754467451
"b12_assay_4","3","G23",91,NA,"metE4",0,0,10,90,1,1,"JW50603","boil_then_filter","Chlamy fluorescence",0.1,0,0.1,NA,4.60517018598809,1458,7.2848209125686
"b12_assay_4","3","G24",91,NA,"metE4",0,0,3,97,1,1,"JW50603","boil_then_filter","Chlamy fluorescence",0.1,0,0.03,NA,4.60517018598809,1391,7.23777819192344
"b12_assay_4","3","G3",91,NA,"metE4",8000,0,10,90,1,1,"JW50603","boil_then_filter","Chlamy fluorescence",800.1,0,0.1,NA,13.5924919988382,408616,12.9205311186998
"b12_assay_4","3","G4",91,NA,"metE4",8000,0,3,97,1,1,"JW50603","boil_then_filter","Chlamy fluorescence",240.1,0,0.03,NA,12.3888107822093,399703,12.8984770503005
"b12_assay_4","3","G5",91,NA,"metE4",3200,0,10,90,1,1,"JW50603","boil_then_filter","Chlamy fluorescence",320.1,0,0.1,NA,12.676388725958,400947,12.9015845279775
"b12_assay_4","3","G6",91,NA,"metE4",3200,0,3,97,1,1,"JW50603","boil_then_filter","Chlamy fluorescence",96.1,0,0.03,NA,11.4731445949584,504226,13.130779859245
"b12_assay_4","3","G7",91,NA,"metE4",1280,0,10,90,1,1,"JW50603","boil_then_filter","Chlamy fluorescence",128.1,0,0.1,NA,11.7605664878848,541231,13.2016014537566
"b12_assay_4","3","G8",91,NA,"metE4",1280,0,3,97,1,1,"JW50603","boil_then_filter","Chlamy fluorescence",38.5,0,0.03,NA,10.5584135202759,175954,12.0779778762225
"b12_assay_4","3","G9",91,NA,"metE4",512,0,10,90,1,1,"JW50603","boil_then_filter","Chlamy fluorescence",51.3,0,0.1,NA,10.8454460311589,370298,12.8220633658609
"b12_assay_4","3","H1",91,NA,"metE4",20000,0,10,90,1,1,"OTU4908","boil_then_filter","Chlamy fluorescence",2000.1,0,0.1,NA,14.5087077372743,476379,13.0739690348872
"b12_assay_4","3","H10",91,NA,"metE4",512,0,3,97,1,1,"OTU4908","boil_then_filter","Chlamy fluorescence",15.46,0,0.03,NA,9.64601132214141,44844,10.7109450792735
"b12_assay_4","3","H11",91,NA,"metE4",204.8,0,10,90,1,1,"OTU4908","boil_then_filter","Chlamy fluorescence",20.58,0,0.1,NA,9.93207500938804,34874,10.4594968448774
"b12_assay_4","3","H12",91,NA,"metE4",204.8,0,3,97,1,1,"OTU4908","boil_then_filter","Chlamy fluorescence",6.244,0,0.03,NA,8.73937628163532,14340,9.57080811415361
"b12_assay_4","3","H13",91,NA,"metE4",81.92,0,10,90,1,1,"OTU4908","boil_then_filter","Chlamy fluorescence",8.292,0,0.1,NA,9.02304647355567,10885,9.29514097366865
"b12_assay_4","3","H14",91,NA,"metE4",81.92,0,3,97,1,1,"OTU4908","boil_then_filter","Chlamy fluorescence",2.5576,0,0.03,NA,7.84682459774563,4078,8.3133619511344
"b12_assay_4","3","H15",91,NA,"metE4",32.768,0,10,90,1,1,"OTU4908","boil_then_filter","Chlamy fluorescence",3.3768,0,0.1,NA,8.12468379446829,5231,8.56235774337061
"b12_assay_4","3","H16",91,NA,"metE4",32.768,0,3,97,1,1,"OTU4908","boil_then_filter","Chlamy fluorescence",1.08304,0,0.03,NA,6.9875271807603,2597,7.86211221166275
"b12_assay_4","3","H17",91,NA,"metE4",13.1072,0,10,90,1,1,"OTU4908","boil_then_filter","Chlamy fluorescence",1.41072,0,0.1,NA,7.25185549133872,1511,7.32052696227274
"b12_assay_4","3","H18",91,NA,"metE4",13.1072,0,3,97,1,1,"OTU4908","boil_then_filter","Chlamy fluorescence",0.493216,0,0.03,NA,6.20094721196431,1948,7.57455848420248
"b12_assay_4","3","H19",91,NA,"metE4",5.24288,0,10,90,1,1,"OTU4908","boil_then_filter","Chlamy fluorescence",0.624288,0,0.1,NA,6.43661180035485,2359,7.76599307940768
"b12_assay_4","3","H2",91,NA,"metE4",20000,0,3,97,1,1,"OTU4908","boil_then_filter","Chlamy fluorescence",600.1,0,0.03,NA,13.3048515869776,427139,12.9648647661705
"b12_assay_4","3","H20",91,NA,"metE4",5.24288,0,3,97,1,1,"OTU4908","boil_then_filter","Chlamy fluorescence",0.2572864,0,0.03,NA,5.5501898613031,1621,7.39079852173568
"b12_assay_4","3","H21",91,NA,"metE4",2.097152,0,10,90,1,1,"OTU4908","boil_then_filter","Chlamy fluorescence",0.3097152,0,0.1,NA,5.73565316552939,1284,7.15773548424991
"b12_assay_4","3","H22",91,NA,"metE4",2.097152,0,3,97,1,1,"OTU4908","boil_then_filter","Chlamy fluorescence",0.16291456,0,0.03,NA,5.09322589160157,1884,7.54115245513631
"b12_assay_4","3","H23",91,NA,"metE4",0,0,10,90,1,1,"OTU4908","boil_then_filter","Chlamy fluorescence",0.1,0,0.1,NA,4.60517018598809,1198,7.0884087786754
"b12_assay_4","3","H24",91,NA,"metE4",0,0,3,97,1,1,"OTU4908","boil_then_filter","Chlamy fluorescence",0.1,0,0.03,NA,4.60517018598809,1398,7.24279792279376
"b12_assay_4","3","H3",91,NA,"metE4",8000,0,10,90,1,1,"OTU4908","boil_then_filter","Chlamy fluorescence",800.1,0,0.1,NA,13.5924919988382,413770,12.9330655428737
"b12_assay_4","3","H4",91,NA,"metE4",8000,0,3,97,1,1,"OTU4908","boil_then_filter","Chlamy fluorescence",240.1,0,0.03,NA,12.3888107822093,412457,12.929887236899
"b12_assay_4","3","H5",91,NA,"metE4",3200,0,10,90,1,1,"OTU4908","boil_then_filter","Chlamy fluorescence",320.1,0,0.1,NA,12.676388725958,399020,12.8967668199291
"b12_assay_4","3","H6",91,NA,"metE4",3200,0,3,97,1,1,"OTU4908","boil_then_filter","Chlamy fluorescence",96.1,0,0.03,NA,11.4731445949584,439675,12.9937910966046
"b12_assay_4","3","H7",91,NA,"metE4",1280,0,10,90,1,1,"OTU4908","boil_then_filter","Chlamy fluorescence",128.1,0,0.1,NA,11.7605664878848,552427,13.2220765769477
"b12_assay_4","3","H8",91,NA,"metE4",1280,0,3,97,1,1,"OTU4908","boil_then_filter","Chlamy fluorescence",38.5,0,0.03,NA,10.5584135202759,147713,11.9030264808954
"b12_assay_4","3","H9",91,NA,"metE4",512,0,10,90,1,1,"OTU4908","boil_then_filter","Chlamy fluorescence",51.3,0,0.1,NA,10.8454460311589,184905,12.1275974586537
"b12_assay_4","3","I1",91,NA,"metE4",20000,0,10,90,1,2,"blank","filter_then_boil","Chlamy fluorescence",2000.1,0,0.1,NA,14.5087077372743,432211,12.9766691739111
"b12_assay_4","3","I10",91,NA,"metE4",512,0,3,97,1,2,"blank","filter_then_boil","Chlamy fluorescence",15.46,0,0.03,NA,9.64601132214141,61086,11.0200379863353
"b12_assay_4","3","I11",91,NA,"metE4",204.8,0,10,90,1,2,"blank","filter_then_boil","Chlamy fluorescence",20.58,0,0.1,NA,9.93207500938804,98349,11.4962776559973
"b12_assay_4","3","I12",91,NA,"metE4",204.8,0,3,97,1,2,"blank","filter_then_boil","Chlamy fluorescence",6.244,0,0.03,NA,8.73937628163532,17027,9.74255559842064
"b12_assay_4","3","I13",91,NA,"metE4",81.92,0,10,90,1,2,"blank","filter_then_boil","Chlamy fluorescence",8.292,0,0.1,NA,9.02304647355567,34260,10.4417337718781
"b12_assay_4","3","I14",91,NA,"metE4",81.92,0,3,97,1,2,"blank","filter_then_boil","Chlamy fluorescence",2.5576,0,0.03,NA,7.84682459774563,8390,9.03479579946125
"b12_assay_4","3","I15",91,NA,"metE4",32.768,0,10,90,1,2,"blank","filter_then_boil","Chlamy fluorescence",3.3768,0,0.1,NA,8.12468379446829,13959,9.54387974051276
"b12_assay_4","3","I16",91,NA,"metE4",32.768,0,3,97,1,2,"blank","filter_then_boil","Chlamy fluorescence",1.08304,0,0.03,NA,6.9875271807603,3265,8.09101504171053
"b12_assay_4","3","I17",91,NA,"metE4",13.1072,0,10,90,1,2,"blank","filter_then_boil","Chlamy fluorescence",1.41072,0,0.1,NA,7.25185549133872,4982,8.51358669582213
"b12_assay_4","3","I18",91,NA,"metE4",13.1072,0,3,97,1,2,"blank","filter_then_boil","Chlamy fluorescence",0.493216,0,0.03,NA,6.20094721196431,3085,8.03430693633949
"b12_assay_4","3","I19",91,NA,"metE4",5.24288,0,10,90,1,2,"blank","filter_then_boil","Chlamy fluorescence",0.624288,0,0.1,NA,6.43661180035485,2959,7.99260665240021
"b12_assay_4","3","I2",91,NA,"metE4",20000,0,3,97,1,2,"blank","filter_then_boil","Chlamy fluorescence",600.1,0,0.03,NA,13.3048515869776,428725,12.9685709667243
"b12_assay_4","3","I20",91,NA,"metE4",5.24288,0,3,97,1,2,"blank","filter_then_boil","Chlamy fluorescence",0.2572864,0,0.03,NA,5.5501898613031,1658,7.41336733569524
"b12_assay_4","3","I21",91,NA,"metE4",2.097152,0,10,90,1,2,"blank","filter_then_boil","Chlamy fluorescence",0.3097152,0,0.1,NA,5.73565316552939,2210,7.7007477945118
"b12_assay_4","3","I22",91,NA,"metE4",2.097152,0,3,97,1,2,"blank","filter_then_boil","Chlamy fluorescence",0.16291456,0,0.03,NA,5.09322589160157,1396,7.24136628332232
"b12_assay_4","3","I23",91,NA,"metE4",0,0,10,90,1,2,"blank","filter_then_boil","Chlamy fluorescence",0.1,0,0.1,NA,4.60517018598809,1665,7.41758040241454
"b12_assay_4","3","I24",91,NA,"metE4",0,0,3,97,1,2,"blank","filter_then_boil","Chlamy fluorescence",0.1,0,0.03,NA,4.60517018598809,1407,7.24921505711439
"b12_assay_4","3","I3",91,NA,"metE4",8000,0,10,90,1,2,"blank","filter_then_boil","Chlamy fluorescence",800.1,0,0.1,NA,13.5924919988382,403093,12.9069225835365
"b12_assay_4","3","I4",91,NA,"metE4",8000,0,3,97,1,2,"blank","filter_then_boil","Chlamy fluorescence",240.1,0,0.03,NA,12.3888107822093,405759,12.9135146662769
"b12_assay_4","3","I5",91,NA,"metE4",3200,0,10,90,1,2,"blank","filter_then_boil","Chlamy fluorescence",320.1,0,0.1,NA,12.676388725958,407030,12.916642171782
"b12_assay_4","3","I6",91,NA,"metE4",3200,0,3,97,1,2,"blank","filter_then_boil","Chlamy fluorescence",96.1,0,0.03,NA,11.4731445949584,424050,12.9576066517898
"b12_assay_4","3","I7",91,NA,"metE4",1280,0,10,90,1,2,"blank","filter_then_boil","Chlamy fluorescence",128.1,0,0.1,NA,11.7605664878848,439483,12.9933543150407
"b12_assay_4","3","I8",91,NA,"metE4",1280,0,3,97,1,2,"blank","filter_then_boil","Chlamy fluorescence",38.5,0,0.03,NA,10.5584135202759,171642,12.0531661913331
"b12_assay_4","3","I9",91,NA,"metE4",512,0,10,90,1,2,"blank","filter_then_boil","Chlamy fluorescence",51.3,0,0.1,NA,10.8454460311589,304517,12.6264821938019
"b12_assay_4","3","J1",91,NA,"metE4",20000,0,10,90,1,2,"HTWP4","filter_then_boil","Chlamy fluorescence",2000.1,0,0.1,NA,14.5087077372743,426866,12.9642254256296
"b12_assay_4","3","J10",91,NA,"metE4",512,0,3,97,1,2,"HTWP4","filter_then_boil","Chlamy fluorescence",15.46,0,0.03,NA,9.64601132214141,60798,11.0153121726764
"b12_assay_4","3","J11",91,NA,"metE4",204.8,0,10,90,1,2,"HTWP4","filter_then_boil","Chlamy fluorescence",20.58,0,0.1,NA,9.93207500938804,107497,11.5852182191837
"b12_assay_4","3","J12",91,NA,"metE4",204.8,0,3,97,1,2,"HTWP4","filter_then_boil","Chlamy fluorescence",6.244,0,0.03,NA,8.73937628163532,23556,10.0671358440645
"b12_assay_4","3","J13",91,NA,"metE4",81.92,0,10,90,1,2,"HTWP4","filter_then_boil","Chlamy fluorescence",8.292,0,0.1,NA,9.02304647355567,31518,10.358314090182
"b12_assay_4","3","J14",91,NA,"metE4",81.92,0,3,97,1,2,"HTWP4","filter_then_boil","Chlamy fluorescence",2.5576,0,0.03,NA,7.84682459774563,8118,9.00183909739884
"b12_assay_4","3","J15",91,NA,"metE4",32.768,0,10,90,1,2,"HTWP4","filter_then_boil","Chlamy fluorescence",3.3768,0,0.1,NA,8.12468379446829,11973,9.39040939371684
"b12_assay_4","3","J16",91,NA,"metE4",32.768,0,3,97,1,2,"HTWP4","filter_then_boil","Chlamy fluorescence",1.08304,0,0.03,NA,6.9875271807603,4590,8.43163530305459
"b12_assay_4","3","J17",91,NA,"metE4",13.1072,0,10,90,1,2,"HTWP4","filter_then_boil","Chlamy fluorescence",1.41072,0,0.1,NA,7.25185549133872,5454,8.60410456340553
"b12_assay_4","3","J18",91,NA,"metE4",13.1072,0,3,97,1,2,"HTWP4","filter_then_boil","Chlamy fluorescence",0.493216,0,0.03,NA,6.20094721196431,2911,7.97625194374562
"b12_assay_4","3","J19",91,NA,"metE4",5.24288,0,10,90,1,2,"HTWP4","filter_then_boil","Chlamy fluorescence",0.624288,0,0.1,NA,6.43661180035485,3022,8.01367414283268
"b12_assay_4","3","J2",91,NA,"metE4",20000,0,3,97,1,2,"HTWP4","filter_then_boil","Chlamy fluorescence",600.1,0,0.03,NA,13.3048515869776,447836,13.012182372948
"b12_assay_4","3","J20",91,NA,"metE4",5.24288,0,3,97,1,2,"HTWP4","filter_then_boil","Chlamy fluorescence",0.2572864,0,0.03,NA,5.5501898613031,3559,8.17723488551019
"b12_assay_4","3","J21",91,NA,"metE4",2.097152,0,10,90,1,2,"HTWP4","filter_then_boil","Chlamy fluorescence",0.3097152,0,0.1,NA,5.73565316552939,1930,7.56527528189893
"b12_assay_4","3","J22",91,NA,"metE4",2.097152,0,3,97,1,2,"HTWP4","filter_then_boil","Chlamy fluorescence",0.16291456,0,0.03,NA,5.09322589160157,1450,7.27931883541462
"b12_assay_4","3","J23",91,NA,"metE4",0,0,10,90,1,2,"HTWP4","filter_then_boil","Chlamy fluorescence",0.1,0,0.1,NA,4.60517018598809,1543,7.34148385236316
"b12_assay_4","3","J24",91,NA,"metE4",0,0,3,97,1,2,"HTWP4","filter_then_boil","Chlamy fluorescence",0.1,0,0.03,NA,4.60517018598809,1462,7.28756064030972
"b12_assay_4","3","J3",91,NA,"metE4",8000,0,10,90,1,2,"HTWP4","filter_then_boil","Chlamy fluorescence",800.1,0,0.1,NA,13.5924919988382,417010,12.9408654813088
"b12_assay_4","3","J4",91,NA,"metE4",8000,0,3,97,1,2,"HTWP4","filter_then_boil","Chlamy fluorescence",240.1,0,0.03,NA,12.3888107822093,394358,12.8850144051679
"b12_assay_4","3","J5",91,NA,"metE4",3200,0,10,90,1,2,"HTWP4","filter_then_boil","Chlamy fluorescence",320.1,0,0.1,NA,12.676388725958,383873,12.8580670477002
"b12_assay_4","3","J6",91,NA,"metE4",3200,0,3,97,1,2,"HTWP4","filter_then_boil","Chlamy fluorescence",96.1,0,0.03,NA,11.4731445949584,497650,13.1176522976742
"b12_assay_4","3","J7",91,NA,"metE4",1280,0,10,90,1,2,"HTWP4","filter_then_boil","Chlamy fluorescence",128.1,0,0.1,NA,11.7605664878848,419238,12.9461940567356
"b12_assay_4","3","J8",91,NA,"metE4",1280,0,3,97,1,2,"HTWP4","filter_then_boil","Chlamy fluorescence",38.5,0,0.03,NA,10.5584135202759,198483,12.1984587331245
"b12_assay_4","3","J9",91,NA,"metE4",512,0,10,90,1,2,"HTWP4","filter_then_boil","Chlamy fluorescence",51.3,0,0.1,NA,10.8454460311589,272420,12.5151002720013
"b12_assay_4","3","K1",91,NA,"metE4",20000,0,10,90,1,2,"JW50603","filter_then_boil","Chlamy fluorescence",2000.1,0,0.1,NA,14.5087077372743,453892,13.0256145632617
"b12_assay_4","3","K10",91,NA,"metE4",512,0,3,97,1,2,"JW50603","filter_then_boil","Chlamy fluorescence",15.46,0,0.03,NA,9.64601132214141,68221,11.1305077143231
"b12_assay_4","3","K11",91,NA,"metE4",204.8,0,10,90,1,2,"JW50603","filter_then_boil","Chlamy fluorescence",20.58,0,0.1,NA,9.93207500938804,93454,11.445224615606
"b12_assay_4","3","K12",91,NA,"metE4",204.8,0,3,97,1,2,"JW50603","filter_then_boil","Chlamy fluorescence",6.244,0,0.03,NA,8.73937628163532,21574,9.97924416493538
"b12_assay_4","3","K13",91,NA,"metE4",81.92,0,10,90,1,2,"JW50603","filter_then_boil","Chlamy fluorescence",8.292,0,0.1,NA,9.02304647355567,33166,10.409280533774
"b12_assay_4","3","K14",91,NA,"metE4",81.92,0,3,97,1,2,"JW50603","filter_then_boil","Chlamy fluorescence",2.5576,0,0.03,NA,7.84682459774563,10181,9.2282785171072
"b12_assay_4","3","K15",91,NA,"metE4",32.768,0,10,90,1,2,"JW50603","filter_then_boil","Chlamy fluorescence",3.3768,0,0.1,NA,8.12468379446829,8851,9.08828572596888
"b12_assay_4","3","K16",91,NA,"metE4",32.768,0,3,97,1,2,"JW50603","filter_then_boil","Chlamy fluorescence",1.08304,0,0.03,NA,6.9875271807603,3330,8.11072758297449
"b12_assay_4","3","K17",91,NA,"metE4",13.1072,0,10,90,1,2,"JW50603","filter_then_boil","Chlamy fluorescence",1.41072,0,0.1,NA,7.25185549133872,1568,7.35755620091035
"b12_assay_4","3","K18",91,NA,"metE4",13.1072,0,3,97,1,2,"JW50603","filter_then_boil","Chlamy fluorescence",0.493216,0,0.03,NA,6.20094721196431,1548,7.34471905414967
"b12_assay_4","3","K19",91,NA,"metE4",5.24288,0,10,90,1,2,"JW50603","filter_then_boil","Chlamy fluorescence",0.624288,0,0.1,NA,6.43661180035485,1427,7.26332961747684
"b12_assay_4","3","K2",91,NA,"metE4",20000,0,3,97,1,2,"JW50603","filter_then_boil","Chlamy fluorescence",600.1,0,0.03,NA,13.3048515869776,440071,12.9946913565131
"b12_assay_4","3","K20",91,NA,"metE4",5.24288,0,3,97,1,2,"JW50603","filter_then_boil","Chlamy fluorescence",0.2572864,0,0.03,NA,5.5501898613031,1566,7.35627987655075
"b12_assay_4","3","K21",91,NA,"metE4",2.097152,0,10,90,1,2,"JW50603","filter_then_boil","Chlamy fluorescence",0.3097152,0,0.1,NA,5.73565316552939,1512,7.32118855673948
"b12_assay_4","3","K22",91,NA,"metE4",2.097152,0,3,97,1,2,"JW50603","filter_then_boil","Chlamy fluorescence",0.16291456,0,0.03,NA,5.09322589160157,1706,7.44190672805162
"b12_assay_4","3","K23",91,NA,"metE4",0,0,10,90,1,2,"JW50603","filter_then_boil","Chlamy fluorescence",0.1,0,0.1,NA,4.60517018598809,1460,7.28619171470238
"b12_assay_4","3","K24",91,NA,"metE4",0,0,3,97,1,2,"JW50603","filter_then_boil","Chlamy fluorescence",0.1,0,0.03,NA,4.60517018598809,1475,7.29641326877392
"b12_assay_4","3","K3",91,NA,"metE4",8000,0,10,90,1,2,"JW50603","filter_then_boil","Chlamy fluorescence",800.1,0,0.1,NA,13.5924919988382,417119,12.9411268317728
"b12_assay_4","3","K4",91,NA,"metE4",8000,0,3,97,1,2,"JW50603","filter_then_boil","Chlamy fluorescence",240.1,0,0.03,NA,12.3888107822093,415807,12.9379764892812
"b12_assay_4","3","K5",91,NA,"metE4",3200,0,10,90,1,2,"JW50603","filter_then_boil","Chlamy fluorescence",320.1,0,0.1,NA,12.676388725958,415684,12.9376806352048
"b12_assay_4","3","K6",91,NA,"metE4",3200,0,3,97,1,2,"JW50603","filter_then_boil","Chlamy fluorescence",96.1,0,0.03,NA,11.4731445949584,424378,12.9583798464896
"b12_assay_4","3","K7",91,NA,"metE4",1280,0,10,90,1,2,"JW50603","filter_then_boil","Chlamy fluorescence",128.1,0,0.1,NA,11.7605664878848,511963,13.1460076357854
"b12_assay_4","3","K8",91,NA,"metE4",1280,0,3,97,1,2,"JW50603","filter_then_boil","Chlamy fluorescence",38.5,0,0.03,NA,10.5584135202759,217028,12.2877816564567
"b12_assay_4","3","K9",91,NA,"metE4",512,0,10,90,1,2,"JW50603","filter_then_boil","Chlamy fluorescence",51.3,0,0.1,NA,10.8454460311589,286814,12.5665892010211
"b12_assay_4","3","L1",91,NA,"metE4",20000,0,10,90,1,2,"OTU4908","filter_then_boil","Chlamy fluorescence",2000.1,0,0.1,NA,14.5087077372743,441151,12.9971424994504
"b12_assay_4","3","L10",91,NA,"metE4",512,0,3,97,1,2,"OTU4908","filter_then_boil","Chlamy fluorescence",15.46,0,0.03,NA,9.64601132214141,61468,11.0262719931752
"b12_assay_4","3","L11",91,NA,"metE4",204.8,0,10,90,1,2,"OTU4908","filter_then_boil","Chlamy fluorescence",20.58,0,0.1,NA,9.93207500938804,94831,11.4598516390083
"b12_assay_4","3","L12",91,NA,"metE4",204.8,0,3,97,1,2,"OTU4908","filter_then_boil","Chlamy fluorescence",6.244,0,0.03,NA,8.73937628163532,21781,9.98879330911523
"b12_assay_4","3","L13",91,NA,"metE4",81.92,0,10,90,1,2,"OTU4908","filter_then_boil","Chlamy fluorescence",8.292,0,0.1,NA,9.02304647355567,35165,10.4678065487421
"b12_assay_4","3","L14",91,NA,"metE4",81.92,0,3,97,1,2,"OTU4908","filter_then_boil","Chlamy fluorescence",2.5576,0,0.03,NA,7.84682459774563,8101,8.99974278983049
"b12_assay_4","3","L15",91,NA,"metE4",32.768,0,10,90,1,2,"OTU4908","filter_then_boil","Chlamy fluorescence",3.3768,0,0.1,NA,8.12468379446829,13658,9.52208070952103
"b12_assay_4","3","L16",91,NA,"metE4",32.768,0,3,97,1,2,"OTU4908","filter_then_boil","Chlamy fluorescence",1.08304,0,0.03,NA,6.9875271807603,6231,8.73729211254422
"b12_assay_4","3","L17",91,NA,"metE4",13.1072,0,10,90,1,2,"OTU4908","filter_then_boil","Chlamy fluorescence",1.41072,0,0.1,NA,7.25185549133872,6185,8.72988228482659
"b12_assay_4","3","L18",91,NA,"metE4",13.1072,0,3,97,1,2,"OTU4908","filter_then_boil","Chlamy fluorescence",0.493216,0,0.03,NA,6.20094721196431,3433,8.14118979345769
"b12_assay_4","3","L19",91,NA,"metE4",5.24288,0,10,90,1,2,"OTU4908","filter_then_boil","Chlamy fluorescence",0.624288,0,0.1,NA,6.43661180035485,2378,7.77401507725073
"b12_assay_4","3","L2",91,NA,"metE4",20000,0,3,97,1,2,"OTU4908","filter_then_boil","Chlamy fluorescence",600.1,0,0.03,NA,13.3048515869776,472893,13.0666244262386
"b12_assay_4","3","L20",91,NA,"metE4",5.24288,0,3,97,1,2,"OTU4908","filter_then_boil","Chlamy fluorescence",0.2572864,0,0.03,NA,5.5501898613031,1515,7.32317071794347
"b12_assay_4","3","L21",91,NA,"metE4",2.097152,0,10,90,1,2,"OTU4908","filter_then_boil","Chlamy fluorescence",0.3097152,0,0.1,NA,5.73565316552939,3332,8.11132800328673
"b12_assay_4","3","L22",91,NA,"metE4",2.097152,0,3,97,1,2,"OTU4908","filter_then_boil","Chlamy fluorescence",0.16291456,0,0.03,NA,5.09322589160157,1571,7.35946763825562
"b12_assay_4","3","L23",91,NA,"metE4",0,0,10,90,1,2,"OTU4908","filter_then_boil","Chlamy fluorescence",0.1,0,0.1,NA,4.60517018598809,1722,7.45124168498768
"b12_assay_4","3","L24",91,NA,"metE4",0,0,3,97,1,2,"OTU4908","filter_then_boil","Chlamy fluorescence",0.1,0,0.03,NA,4.60517018598809,1381,7.23056315340929
"b12_assay_4","3","L3",91,NA,"metE4",8000,0,10,90,1,2,"OTU4908","filter_then_boil","Chlamy fluorescence",800.1,0,0.1,NA,13.5924919988382,421439,12.9514303247172
"b12_assay_4","3","L4",91,NA,"metE4",8000,0,3,97,1,2,"OTU4908","filter_then_boil","Chlamy fluorescence",240.1,0,0.03,NA,12.3888107822093,402328,12.9050229553171
"b12_assay_4","3","L5",91,NA,"metE4",3200,0,10,90,1,2,"OTU4908","filter_then_boil","Chlamy fluorescence",320.1,0,0.1,NA,12.676388725958,407058,12.9167109604142
"b12_assay_4","3","L6",91,NA,"metE4",3200,0,3,97,1,2,"OTU4908","filter_then_boil","Chlamy fluorescence",96.1,0,0.03,NA,11.4731445949584,398691,12.8959419597512
"b12_assay_4","3","L7",91,NA,"metE4",1280,0,10,90,1,2,"OTU4908","filter_then_boil","Chlamy fluorescence",128.1,0,0.1,NA,11.7605664878848,444719,13.005197901019
"b12_assay_4","3","L8",91,NA,"metE4",1280,0,3,97,1,2,"OTU4908","filter_then_boil","Chlamy fluorescence",38.5,0,0.03,NA,10.5584135202759,180428,12.1030870852098
"b12_assay_4","3","L9",91,NA,"metE4",512,0,10,90,1,2,"OTU4908","filter_then_boil","Chlamy fluorescence",51.3,0,0.1,NA,10.8454460311589,303943,12.624595462808
"b12_assay_4","3","M1",91,NA,"metE4",20000,0,10,90,1,2,"blank","boil_then_filter","Chlamy fluorescence",2000.1,0,0.1,NA,14.5087077372743,439852,12.9941935856751
"b12_assay_4","3","M10",91,NA,"metE4",512,0,3,97,1,2,"blank","boil_then_filter","Chlamy fluorescence",15.46,0,0.03,NA,9.64601132214141,54556,10.9069829760468
"b12_assay_4","3","M11",91,NA,"metE4",204.8,0,10,90,1,2,"blank","boil_then_filter","Chlamy fluorescence",20.58,0,0.1,NA,9.93207500938804,97628,11.4889196165034
"b12_assay_4","3","M12",91,NA,"metE4",204.8,0,3,97,1,2,"blank","boil_then_filter","Chlamy fluorescence",6.244,0,0.03,NA,8.73937628163532,22366,10.0152972275881
"b12_assay_4","3","M13",91,NA,"metE4",81.92,0,10,90,1,2,"blank","boil_then_filter","Chlamy fluorescence",8.292,0,0.1,NA,9.02304647355567,39047,10.5725213277328
"b12_assay_4","3","M14",91,NA,"metE4",81.92,0,3,97,1,2,"blank","boil_then_filter","Chlamy fluorescence",2.5576,0,0.03,NA,7.84682459774563,7703,8.94936514235297
"b12_assay_4","3","M15",91,NA,"metE4",32.768,0,10,90,1,2,"blank","boil_then_filter","Chlamy fluorescence",3.3768,0,0.1,NA,8.12468379446829,12632,9.44398855593548
"b12_assay_4","3","M16",91,NA,"metE4",32.768,0,3,97,1,2,"blank","boil_then_filter","Chlamy fluorescence",1.08304,0,0.03,NA,6.9875271807603,3483,8.155649270366
"b12_assay_4","3","M17",91,NA,"metE4",13.1072,0,10,90,1,2,"blank","boil_then_filter","Chlamy fluorescence",1.41072,0,0.1,NA,7.25185549133872,6029,8.70433643848941
"b12_assay_4","3","M18",91,NA,"metE4",13.1072,0,3,97,1,2,"blank","boil_then_filter","Chlamy fluorescence",0.493216,0,0.03,NA,6.20094721196431,2272,7.72841577984104
"b12_assay_4","3","M19",91,NA,"metE4",5.24288,0,10,90,1,2,"blank","boil_then_filter","Chlamy fluorescence",0.624288,0,0.1,NA,6.43661180035485,3108,8.04173471148754
"b12_assay_4","3","M2",91,NA,"metE4",20000,0,3,97,1,2,"blank","boil_then_filter","Chlamy fluorescence",600.1,0,0.03,NA,13.3048515869776,452634,13.0228391308802
"b12_assay_4","3","M20",91,NA,"metE4",5.24288,0,3,97,1,2,"blank","boil_then_filter","Chlamy fluorescence",0.2572864,0,0.03,NA,5.5501898613031,2569,7.85127199710988
"b12_assay_4","3","M21",91,NA,"metE4",2.097152,0,10,90,1,2,"blank","boil_then_filter","Chlamy fluorescence",0.3097152,0,0.1,NA,5.73565316552939,1976,7.58882987830781
"b12_assay_4","3","M22",91,NA,"metE4",2.097152,0,3,97,1,2,"blank","boil_then_filter","Chlamy fluorescence",0.16291456,0,0.03,NA,5.09322589160157,1508,7.3185395485679
"b12_assay_4","3","M23",91,NA,"metE4",0,0,10,90,1,2,"blank","boil_then_filter","Chlamy fluorescence",0.1,0,0.1,NA,4.60517018598809,1480,7.29979736675816
"b12_assay_4","3","M24",91,NA,"metE4",0,0,3,97,1,2,"blank","boil_then_filter","Chlamy fluorescence",0.1,0,0.03,NA,4.60517018598809,1652,7.40974195408092
"b12_assay_4","3","M3",91,NA,"metE4",8000,0,10,90,1,2,"blank","boil_then_filter","Chlamy fluorescence",800.1,0,0.1,NA,13.5924919988382,428520,12.9680926903765
"b12_assay_4","3","M4",91,NA,"metE4",8000,0,3,97,1,2,"blank","boil_then_filter","Chlamy fluorescence",240.1,0,0.03,NA,12.3888107822093,414043,12.9337251121482
"b12_assay_4","3","M5",91,NA,"metE4",3200,0,10,90,1,2,"blank","boil_then_filter","Chlamy fluorescence",320.1,0,0.1,NA,12.676388725958,450775,13.0187236026446
"b12_assay_4","3","M6",91,NA,"metE4",3200,0,3,97,1,2,"blank","boil_then_filter","Chlamy fluorescence",96.1,0,0.03,NA,11.4731445949584,487466,13.0969758233981
"b12_assay_4","3","M7",91,NA,"metE4",1280,0,10,90,1,2,"blank","boil_then_filter","Chlamy fluorescence",128.1,0,0.1,NA,11.7605664878848,433715,12.9801429153448
"b12_assay_4","3","M8",91,NA,"metE4",1280,0,3,97,1,2,"blank","boil_then_filter","Chlamy fluorescence",38.5,0,0.03,NA,10.5584135202759,158351,11.9725693670716
"b12_assay_4","3","M9",91,NA,"metE4",512,0,10,90,1,2,"blank","boil_then_filter","Chlamy fluorescence",51.3,0,0.1,NA,10.8454460311589,284176,12.5573490435071
"b12_assay_4","3","N1",91,NA,"metE4",20000,0,10,90,1,2,"HTWP4","boil_then_filter","Chlamy fluorescence",2000.1,0,0.1,NA,14.5087077372743,458362,13.0354145439134
"b12_assay_4","3","N10",91,NA,"metE4",512,0,3,97,1,2,"HTWP4","boil_then_filter","Chlamy fluorescence",15.46,0,0.03,NA,9.64601132214141,75708,11.2346391141588
"b12_assay_4","3","N11",91,NA,"metE4",204.8,0,10,90,1,2,"HTWP4","boil_then_filter","Chlamy fluorescence",20.58,0,0.1,NA,9.93207500938804,104347,11.555477162691
"b12_assay_4","3","N12",91,NA,"metE4",204.8,0,3,97,1,2,"HTWP4","boil_then_filter","Chlamy fluorescence",6.244,0,0.03,NA,8.73937628163532,16081,9.68539372985402
"b12_assay_4","3","N13",91,NA,"metE4",81.92,0,10,90,1,2,"HTWP4","boil_then_filter","Chlamy fluorescence",8.292,0,0.1,NA,9.02304647355567,31703,10.3641665926115
"b12_assay_4","3","N14",91,NA,"metE4",81.92,0,3,97,1,2,"HTWP4","boil_then_filter","Chlamy fluorescence",2.5576,0,0.03,NA,7.84682459774563,8221,9.01444713515213
"b12_assay_4","3","N15",91,NA,"metE4",32.768,0,10,90,1,2,"HTWP4","boil_then_filter","Chlamy fluorescence",3.3768,0,0.1,NA,8.12468379446829,14063,9.55130251387025
"b12_assay_4","3","N16",91,NA,"metE4",32.768,0,3,97,1,2,"HTWP4","boil_then_filter","Chlamy fluorescence",1.08304,0,0.03,NA,6.9875271807603,3564,8.1786387885907
"b12_assay_4","3","N17",91,NA,"metE4",13.1072,0,10,90,1,2,"HTWP4","boil_then_filter","Chlamy fluorescence",1.41072,0,0.1,NA,7.25185549133872,6125,8.72013403541293
"b12_assay_4","3","N18",91,NA,"metE4",13.1072,0,3,97,1,2,"HTWP4","boil_then_filter","Chlamy fluorescence",0.493216,0,0.03,NA,6.20094721196431,2583,7.85670679309584
"b12_assay_4","3","N19",91,NA,"metE4",5.24288,0,10,90,1,2,"HTWP4","boil_then_filter","Chlamy fluorescence",0.624288,0,0.1,NA,6.43661180035485,2464,7.80954132465341
"b12_assay_4","3","N2",91,NA,"metE4",20000,0,3,97,1,2,"HTWP4","boil_then_filter","Chlamy fluorescence",600.1,0,0.03,NA,13.3048515869776,457665,13.0338927544148
"b12_assay_4","3","N20",91,NA,"metE4",5.24288,0,3,97,1,2,"HTWP4","boil_then_filter","Chlamy fluorescence",0.2572864,0,0.03,NA,5.5501898613031,1839,7.51697722460432
"b12_assay_4","3","N21",91,NA,"metE4",2.097152,0,10,90,1,2,"HTWP4","boil_then_filter","Chlamy fluorescence",0.3097152,0,0.1,NA,5.73565316552939,2508,7.82724090175281
"b12_assay_4","3","N22",91,NA,"metE4",2.097152,0,3,97,1,2,"HTWP4","boil_then_filter","Chlamy fluorescence",0.16291456,0,0.03,NA,5.09322589160157,1605,7.38087903556412
"b12_assay_4","3","N23",91,NA,"metE4",0,0,10,90,1,2,"HTWP4","boil_then_filter","Chlamy fluorescence",0.1,0,0.1,NA,4.60517018598809,1422,7.25981961036319
"b12_assay_4","3","N24",91,NA,"metE4",0,0,3,97,1,2,"HTWP4","boil_then_filter","Chlamy fluorescence",0.1,0,0.03,NA,4.60517018598809,1464,7.28892769452126
"b12_assay_4","3","N3",91,NA,"metE4",8000,0,10,90,1,2,"HTWP4","boil_then_filter","Chlamy fluorescence",800.1,0,0.1,NA,13.5924919988382,448424,13.0134944923874
"b12_assay_4","3","N4",91,NA,"metE4",8000,0,3,97,1,2,"HTWP4","boil_then_filter","Chlamy fluorescence",240.1,0,0.03,NA,12.3888107822093,434343,12.9815898235227
"b12_assay_4","3","N5",91,NA,"metE4",3200,0,10,90,1,2,"HTWP4","boil_then_filter","Chlamy fluorescence",320.1,0,0.1,NA,12.676388725958,415574,12.9374159760962
"b12_assay_4","3","N6",91,NA,"metE4",3200,0,3,97,1,2,"HTWP4","boil_then_filter","Chlamy fluorescence",96.1,0,0.03,NA,11.4731445949584,420386,12.9489286158129
"b12_assay_4","3","N7",91,NA,"metE4",1280,0,10,90,1,2,"HTWP4","boil_then_filter","Chlamy fluorescence",128.1,0,0.1,NA,11.7605664878848,415342,12.9368575562174
"b12_assay_4","3","N8",91,NA,"metE4",1280,0,3,97,1,2,"HTWP4","boil_then_filter","Chlamy fluorescence",38.5,0,0.03,NA,10.5584135202759,202237,12.2171955559698
"b12_assay_4","3","N9",91,NA,"metE4",512,0,10,90,1,2,"HTWP4","boil_then_filter","Chlamy fluorescence",51.3,0,0.1,NA,10.8454460311589,267922,12.4984511723551
"b12_assay_4","3","O1",91,NA,"metE4",20000,0,10,90,1,2,"JW50603","boil_then_filter","Chlamy fluorescence",2000.1,0,0.1,NA,14.5087077372743,498853,13.1200667421554
"b12_assay_4","3","O10",91,NA,"metE4",512,0,3,97,1,2,"JW50603","boil_then_filter","Chlamy fluorescence",15.46,0,0.03,NA,9.64601132214141,60820,11.0156739612314
"b12_assay_4","3","O11",91,NA,"metE4",204.8,0,10,90,1,2,"JW50603","boil_then_filter","Chlamy fluorescence",20.58,0,0.1,NA,9.93207500938804,70077,11.1573499164748
"b12_assay_4","3","O12",91,NA,"metE4",204.8,0,3,97,1,2,"JW50603","boil_then_filter","Chlamy fluorescence",6.244,0,0.03,NA,8.73937628163532,18807,9.84198441994208
"b12_assay_4","3","O13",91,NA,"metE4",81.92,0,10,90,1,2,"JW50603","boil_then_filter","Chlamy fluorescence",8.292,0,0.1,NA,9.02304647355567,14547,9.58514006577346
"b12_assay_4","3","O14",91,NA,"metE4",81.92,0,3,97,1,2,"JW50603","boil_then_filter","Chlamy fluorescence",2.5576,0,0.03,NA,7.84682459774563,4093,8.3170334764924
"b12_assay_4","3","O15",91,NA,"metE4",32.768,0,10,90,1,2,"JW50603","boil_then_filter","Chlamy fluorescence",3.3768,0,0.1,NA,8.12468379446829,2981,8.00001409367807
"b12_assay_4","3","O16",91,NA,"metE4",32.768,0,3,97,1,2,"JW50603","boil_then_filter","Chlamy fluorescence",1.08304,0,0.03,NA,6.9875271807603,1604,7.38025578842646
"b12_assay_4","3","O17",91,NA,"metE4",13.1072,0,10,90,1,2,"JW50603","boil_then_filter","Chlamy fluorescence",1.41072,0,0.1,NA,7.25185549133872,1579,7.36454701425564
"b12_assay_4","3","O18",91,NA,"metE4",13.1072,0,3,97,1,2,"JW50603","boil_then_filter","Chlamy fluorescence",0.493216,0,0.03,NA,6.20094721196431,1443,7.27447955877387
"b12_assay_4","3","O19",91,NA,"metE4",5.24288,0,10,90,1,2,"JW50603","boil_then_filter","Chlamy fluorescence",0.624288,0,0.1,NA,6.43661180035485,1533,7.33498187887181
"b12_assay_4","3","O2",91,NA,"metE4",20000,0,3,97,1,2,"JW50603","boil_then_filter","Chlamy fluorescence",600.1,0,0.03,NA,13.3048515869776,494889,13.1120887739805
"b12_assay_4","3","O20",91,NA,"metE4",5.24288,0,3,97,1,2,"JW50603","boil_then_filter","Chlamy fluorescence",0.2572864,0,0.03,NA,5.5501898613031,1412,7.25276241805319
"b12_assay_4","3","O21",91,NA,"metE4",2.097152,0,10,90,1,2,"JW50603","boil_then_filter","Chlamy fluorescence",0.3097152,0,0.1,NA,5.73565316552939,1497,7.31121838441963
"b12_assay_4","3","O22",91,NA,"metE4",2.097152,0,3,97,1,2,"JW50603","boil_then_filter","Chlamy fluorescence",0.16291456,0,0.03,NA,5.09322589160157,1509,7.31920245876785
"b12_assay_4","3","O23",91,NA,"metE4",0,0,10,90,1,2,"JW50603","boil_then_filter","Chlamy fluorescence",0.1,0,0.1,NA,4.60517018598809,1433,7.26752542782817
"b12_assay_4","3","O24",91,NA,"metE4",0,0,3,97,1,2,"JW50603","boil_then_filter","Chlamy fluorescence",0.1,0,0.03,NA,4.60517018598809,1581,7.36581283720947
"b12_assay_4","3","O3",91,NA,"metE4",8000,0,10,90,1,2,"JW50603","boil_then_filter","Chlamy fluorescence",800.1,0,0.1,NA,13.5924919988382,442983,13.0012866735731
"b12_assay_4","3","O4",91,NA,"metE4",8000,0,3,97,1,2,"JW50603","boil_then_filter","Chlamy fluorescence",240.1,0,0.03,NA,12.3888107822093,458417,13.0355345292099
"b12_assay_4","3","O5",91,NA,"metE4",3200,0,10,90,1,2,"JW50603","boil_then_filter","Chlamy fluorescence",320.1,0,0.1,NA,12.676388725958,454685,13.0273601504851
"b12_assay_4","3","O6",91,NA,"metE4",3200,0,3,97,1,2,"JW50603","boil_then_filter","Chlamy fluorescence",96.1,0,0.03,NA,11.4731445949584,411036,12.9264360808834
"b12_assay_4","3","O7",91,NA,"metE4",1280,0,10,90,1,2,"JW50603","boil_then_filter","Chlamy fluorescence",128.1,0,0.1,NA,11.7605664878848,488600,13.0992994378058
"b12_assay_4","3","O8",91,NA,"metE4",1280,0,3,97,1,2,"JW50603","boil_then_filter","Chlamy fluorescence",38.5,0,0.03,NA,10.5584135202759,104127,11.5533665869678
"b12_assay_4","3","O9",91,NA,"metE4",512,0,10,90,1,2,"JW50603","boil_then_filter","Chlamy fluorescence",51.3,0,0.1,NA,10.8454460311589,275372,12.5258781898102
"b12_assay_4","3","P1",91,NA,"metE4",20000,0,10,90,1,2,"OTU4908","boil_then_filter","Chlamy fluorescence",2000.1,0,0.1,NA,14.5087077372743,543172,13.2051813075063
"b12_assay_4","3","P10",91,NA,"metE4",512,0,3,97,1,2,"OTU4908","boil_then_filter","Chlamy fluorescence",15.46,0,0.03,NA,9.64601132214141,54466,10.9053319327629
"b12_assay_4","3","P11",91,NA,"metE4",204.8,0,10,90,1,2,"OTU4908","boil_then_filter","Chlamy fluorescence",20.58,0,0.1,NA,9.93207500938804,37546,10.5333221268843
"b12_assay_4","3","P12",91,NA,"metE4",204.8,0,3,97,1,2,"OTU4908","boil_then_filter","Chlamy fluorescence",6.244,0,0.03,NA,8.73937628163532,15109,9.62304587173984
"b12_assay_4","3","P13",91,NA,"metE4",81.92,0,10,90,1,2,"OTU4908","boil_then_filter","Chlamy fluorescence",8.292,0,0.1,NA,9.02304647355567,11501,9.35018926709258
"b12_assay_4","3","P14",91,NA,"metE4",81.92,0,3,97,1,2,"OTU4908","boil_then_filter","Chlamy fluorescence",2.5576,0,0.03,NA,7.84682459774563,5400,8.59415423255237
"b12_assay_4","3","P15",91,NA,"metE4",32.768,0,10,90,1,2,"OTU4908","boil_then_filter","Chlamy fluorescence",3.3768,0,0.1,NA,8.12468379446829,2639,7.87815533650332
"b12_assay_4","3","P16",91,NA,"metE4",32.768,0,3,97,1,2,"OTU4908","boil_then_filter","Chlamy fluorescence",1.08304,0,0.03,NA,6.9875271807603,2048,7.6246189861594
"b12_assay_4","3","P17",91,NA,"metE4",13.1072,0,10,90,1,2,"OTU4908","boil_then_filter","Chlamy fluorescence",1.41072,0,0.1,NA,7.25185549133872,2216,7.70345904786717
"b12_assay_4","3","P18",91,NA,"metE4",13.1072,0,3,97,1,2,"OTU4908","boil_then_filter","Chlamy fluorescence",0.493216,0,0.03,NA,6.20094721196431,2262,7.72400465667607
"b12_assay_4","3","P19",91,NA,"metE4",5.24288,0,10,90,1,2,"OTU4908","boil_then_filter","Chlamy fluorescence",0.624288,0,0.1,NA,6.43661180035485,1763,7.47477218239787
"b12_assay_4","3","P2",91,NA,"metE4",20000,0,3,97,1,2,"OTU4908","boil_then_filter","Chlamy fluorescence",600.1,0,0.03,NA,13.3048515869776,509270,13.1407336067592
"b12_assay_4","3","P20",91,NA,"metE4",5.24288,0,3,97,1,2,"OTU4908","boil_then_filter","Chlamy fluorescence",0.2572864,0,0.03,NA,5.5501898613031,1420,7.25841215059531
"b12_assay_4","3","P21",91,NA,"metE4",2.097152,0,10,90,1,2,"OTU4908","boil_then_filter","Chlamy fluorescence",0.3097152,0,0.1,NA,5.73565316552939,1358,7.21376830811864
"b12_assay_4","3","P22",91,NA,"metE4",2.097152,0,3,97,1,2,"OTU4908","boil_then_filter","Chlamy fluorescence",0.16291456,0,0.03,NA,5.09322589160157,1441,7.27309259599952
"b12_assay_4","3","P23",91,NA,"metE4",0,0,10,90,1,2,"OTU4908","boil_then_filter","Chlamy fluorescence",0.1,0,0.1,NA,4.60517018598809,1799,7.49498623395053
"b12_assay_4","3","P24",91,NA,"metE4",0,0,3,97,1,2,"OTU4908","boil_then_filter","Chlamy fluorescence",0.1,0,0.03,NA,4.60517018598809,1381,7.23056315340929
"b12_assay_4","3","P3",91,NA,"metE4",8000,0,10,90,1,2,"OTU4908","boil_then_filter","Chlamy fluorescence",800.1,0,0.1,NA,13.5924919988382,482367,13.086460514095
"b12_assay_4","3","P4",91,NA,"metE4",8000,0,3,97,1,2,"OTU4908","boil_then_filter","Chlamy fluorescence",240.1,0,0.03,NA,12.3888107822093,497636,13.117624165057
"b12_assay_4","3","P5",91,NA,"metE4",3200,0,10,90,1,2,"OTU4908","boil_then_filter","Chlamy fluorescence",320.1,0,0.1,NA,12.676388725958,518743,13.1591638564601
"b12_assay_4","3","P6",91,NA,"metE4",3200,0,3,97,1,2,"OTU4908","boil_then_filter","Chlamy fluorescence",96.1,0,0.03,NA,11.4731445949584,466072,13.0520954076107
"b12_assay_4","3","P7",91,NA,"metE4",1280,0,10,90,1,2,"OTU4908","boil_then_filter","Chlamy fluorescence",128.1,0,0.1,NA,11.7605664878848,465539,13.0509511530706
"b12_assay_4","3","P8",91,NA,"metE4",1280,0,3,97,1,2,"OTU4908","boil_then_filter","Chlamy fluorescence",38.5,0,0.03,NA,10.5584135202759,228798,12.3405947971908
"b12_assay_4","3","P9",91,NA,"metE4",512,0,10,90,1,2,"OTU4908","boil_then_filter","Chlamy fluorescence",51.3,0,0.1,NA,10.8454460311589,235455,12.3692750913774
"b12_assay_4","4","A1",91,NA,"metE4",20000,895.2,10,90,1,1,"blank",NA,"Chlamy fluorescence",2000.1,89.52,0.1,NA,14.5087077372743,421056,12.9505211204457
"b12_assay_4","4","A10",91,NA,"metE4",512,895.2,3,97,1,1,"blank",NA,"Chlamy fluorescence",15.46,26.856,0.03,NA,9.64601132214141,113134,11.6363282358487
"b12_assay_4","4","A11",91,NA,"metE4",204.8,895.2,10,90,1,1,"blank",NA,"Chlamy fluorescence",20.58,89.52,0.1,NA,9.93207500938804,242003,12.3967054017562
"b12_assay_4","4","A12",91,NA,"metE4",204.8,895.2,3,97,1,1,"blank",NA,"Chlamy fluorescence",6.244,26.856,0.03,NA,8.73937628163532,29380,10.2880694497279
"b12_assay_4","4","A13",91,NA,"metE4",81.92,895.2,10,90,1,1,"blank",NA,"Chlamy fluorescence",8.292,89.52,0.1,NA,9.02304647355567,54697,10.9095641422991
"b12_assay_4","4","A14",91,NA,"metE4",81.92,895.2,3,97,1,1,"blank",NA,"Chlamy fluorescence",2.5576,26.856,0.03,NA,7.84682459774563,7907,8.97550372207093
"b12_assay_4","4","A15",91,NA,"metE4",32.768,895.2,10,90,1,1,"blank",NA,"Chlamy fluorescence",3.3768,89.52,0.1,NA,8.12468379446829,16038,9.68271618536697
"b12_assay_4","4","A16",91,NA,"metE4",32.768,895.2,3,97,1,1,"blank",NA,"Chlamy fluorescence",1.08304,26.856,0.03,NA,6.9875271807603,3623,8.19505769089508
"b12_assay_4","4","A17",91,NA,"metE4",13.1072,895.2,10,90,1,1,"blank",NA,"Chlamy fluorescence",1.41072,89.52,0.1,NA,7.25185549133872,4860,8.48879371689454
"b12_assay_4","4","A18",91,NA,"metE4",13.1072,895.2,3,97,1,1,"blank",NA,"Chlamy fluorescence",0.493216,26.856,0.03,NA,6.20094721196431,2462,7.8087293067444
"b12_assay_4","4","A19",91,NA,"metE4",5.24288,895.2,10,90,1,1,"blank",NA,"Chlamy fluorescence",0.624288,89.52,0.1,NA,6.43661180035485,3100,8.03915739047324
"b12_assay_4","4","A2",91,NA,"metE4",20000,895.2,3,97,1,1,"blank",NA,"Chlamy fluorescence",600.1,26.856,0.03,NA,13.3048515869776,436285,12.9860509785069
"b12_assay_4","4","A20",91,NA,"metE4",5.24288,895.2,3,97,1,1,"blank",NA,"Chlamy fluorescence",0.2572864,26.856,0.03,NA,5.5501898613031,1455,7.28276117960559
"b12_assay_4","4","A21",91,NA,"metE4",2.097152,895.2,10,90,1,1,"blank",NA,"Chlamy fluorescence",0.3097152,89.52,0.1,NA,5.73565316552939,2611,7.86748856869913
"b12_assay_4","4","A22",91,NA,"metE4",2.097152,895.2,3,97,1,1,"blank",NA,"Chlamy fluorescence",0.16291456,26.856,0.03,NA,5.09322589160157,1443,7.27447955877387
"b12_assay_4","4","A23",91,NA,"metE4",0,895.2,10,90,1,1,"blank",NA,"Chlamy fluorescence",0.1,89.52,0.1,NA,4.60517018598809,1331,7.19368581839511
"b12_assay_4","4","A24",91,NA,"metE4",0,895.2,3,97,1,1,"blank",NA,"Chlamy fluorescence",0.1,26.856,0.03,NA,4.60517018598809,1411,7.25205395185281
"b12_assay_4","4","A3",91,NA,"metE4",8000,895.2,10,90,1,1,"blank",NA,"Chlamy fluorescence",800.1,89.52,0.1,NA,13.5924919988382,439989,12.9945050055819
"b12_assay_4","4","A4",91,NA,"metE4",8000,895.2,3,97,1,1,"blank",NA,"Chlamy fluorescence",240.1,26.856,0.03,NA,12.3888107822093,397858,12.8938504366845
"b12_assay_4","4","A5",91,NA,"metE4",3200,895.2,10,90,1,1,"blank",NA,"Chlamy fluorescence",320.1,89.52,0.1,NA,12.676388725958,686983,13.440064825629
"b12_assay_4","4","A6",91,NA,"metE4",3200,895.2,3,97,1,1,"blank",NA,"Chlamy fluorescence",96.1,26.856,0.03,NA,11.4731445949584,498689,13.1197379339418
"b12_assay_4","4","A7",91,NA,"metE4",1280,895.2,10,90,1,1,"blank",NA,"Chlamy fluorescence",128.1,89.52,0.1,NA,11.7605664878848,863957,13.6692782780292
"b12_assay_4","4","A8",91,NA,"metE4",1280,895.2,3,97,1,1,"blank",NA,"Chlamy fluorescence",38.5,26.856,0.03,NA,10.5584135202759,271668,12.5123360115183
"b12_assay_4","4","A9",91,NA,"metE4",512,895.2,10,90,1,1,"blank",NA,"Chlamy fluorescence",51.3,89.52,0.1,NA,10.8454460311589,579863,13.2705471477248
"b12_assay_4","4","B1",91,NA,"metE4",20000,223.8,10,90,1,1,"blank",NA,"Chlamy fluorescence",2000.1,22.38,0.1,NA,14.5087077372743,450078,13.0171761800593
"b12_assay_4","4","B10",91,NA,"metE4",512,223.8,3,97,1,1,"blank",NA,"Chlamy fluorescence",15.46,6.714,0.03,NA,9.64601132214141,97047,11.4829506762183
"b12_assay_4","4","B11",91,NA,"metE4",204.8,223.8,10,90,1,1,"blank",NA,"Chlamy fluorescence",20.58,22.38,0.1,NA,9.93207500938804,169129,12.038417016339
"b12_assay_4","4","B12",91,NA,"metE4",204.8,223.8,3,97,1,1,"blank",NA,"Chlamy fluorescence",6.244,6.714,0.03,NA,8.73937628163532,27190,10.2106045376265
"b12_assay_4","4","B13",91,NA,"metE4",81.92,223.8,10,90,1,1,"blank",NA,"Chlamy fluorescence",8.292,22.38,0.1,NA,9.02304647355567,53053,10.8790466928673
"b12_assay_4","4","B14",91,NA,"metE4",81.92,223.8,3,97,1,1,"blank",NA,"Chlamy fluorescence",2.5576,6.714,0.03,NA,7.84682459774563,9987,9.20903952624314
"b12_assay_4","4","B15",91,NA,"metE4",32.768,223.8,10,90,1,1,"blank",NA,"Chlamy fluorescence",3.3768,22.38,0.1,NA,8.12468379446829,13372,9.50091824753999
"b12_assay_4","4","B16",91,NA,"metE4",32.768,223.8,3,97,1,1,"blank",NA,"Chlamy fluorescence",1.08304,6.714,0.03,NA,6.9875271807603,4248,8.35420356292178
"b12_assay_4","4","B17",91,NA,"metE4",13.1072,223.8,10,90,1,1,"blank",NA,"Chlamy fluorescence",1.41072,22.38,0.1,NA,7.25185549133872,4010,8.29654652030061
"b12_assay_4","4","B18",91,NA,"metE4",13.1072,223.8,3,97,1,1,"blank",NA,"Chlamy fluorescence",0.493216,6.714,0.03,NA,6.20094721196431,2309,7.7445698093545
"b12_assay_4","4","B19",91,NA,"metE4",5.24288,223.8,10,90,1,1,"blank",NA,"Chlamy fluorescence",0.624288,22.38,0.1,NA,6.43661180035485,2466,7.81035268372429
"b12_assay_4","4","B2",91,NA,"metE4",20000,223.8,3,97,1,1,"blank",NA,"Chlamy fluorescence",600.1,6.714,0.03,NA,13.3048515869776,850014,13.6530080989191
"b12_assay_4","4","B20",91,NA,"metE4",5.24288,223.8,3,97,1,1,"blank",NA,"Chlamy fluorescence",0.2572864,6.714,0.03,NA,5.5501898613031,1637,7.40062057737113
"b12_assay_4","4","B21",91,NA,"metE4",2.097152,223.8,10,90,1,1,"blank",NA,"Chlamy fluorescence",0.3097152,22.38,0.1,NA,5.73565316552939,2453,7.80506704425849
"b12_assay_4","4","B22",91,NA,"metE4",2.097152,223.8,3,97,1,1,"blank",NA,"Chlamy fluorescence",0.16291456,6.714,0.03,NA,5.09322589160157,1801,7.49609734517596
"b12_assay_4","4","B23",91,NA,"metE4",0,223.8,10,90,1,1,"blank",NA,"Chlamy fluorescence",0.1,22.38,0.1,NA,4.60517018598809,1412,7.25276241805319
"b12_assay_4","4","B24",91,NA,"metE4",0,223.8,3,97,1,1,"blank",NA,"Chlamy fluorescence",0.1,6.714,0.03,NA,4.60517018598809,1487,7.30451594646016
"b12_assay_4","4","B3",91,NA,"metE4",8000,223.8,10,90,1,1,"blank",NA,"Chlamy fluorescence",800.1,22.38,0.1,NA,13.5924919988382,859487,13.6640909786179
"b12_assay_4","4","B4",91,NA,"metE4",8000,223.8,3,97,1,1,"blank",NA,"Chlamy fluorescence",240.1,6.714,0.03,NA,12.3888107822093,800432,13.5929068609025
"b12_assay_4","4","B5",91,NA,"metE4",3200,223.8,10,90,1,1,"blank",NA,"Chlamy fluorescence",320.1,22.38,0.1,NA,12.676388725958,773966,13.5592832239584
"b12_assay_4","4","B6",91,NA,"metE4",3200,223.8,3,97,1,1,"blank",NA,"Chlamy fluorescence",96.1,6.714,0.03,NA,11.4731445949584,561408,13.2382031928975
"b12_assay_4","4","B7",91,NA,"metE4",1280,223.8,10,90,1,1,"blank",NA,"Chlamy fluorescence",128.1,22.38,0.1,NA,11.7605664878848,686955,13.4400240668757
"b12_assay_4","4","B8",91,NA,"metE4",1280,223.8,3,97,1,1,"blank",NA,"Chlamy fluorescence",38.5,6.714,0.03,NA,10.5584135202759,314688,12.6593369507716
"b12_assay_4","4","B9",91,NA,"metE4",512,223.8,10,90,1,1,"blank",NA,"Chlamy fluorescence",51.3,22.38,0.1,NA,10.8454460311589,474589,13.0702044453026
"b12_assay_4","4","C1",91,NA,"metE4",20000,55.95,10,90,1,1,"blank",NA,"Chlamy fluorescence",2000.1,5.595,0.1,NA,14.5087077372743,384844,12.8605933363511
"b12_assay_4","4","C10",91,NA,"metE4",512,55.95,3,97,1,1,"blank",NA,"Chlamy fluorescence",15.46,1.6785,0.03,NA,9.64601132214141,81021,11.302463659312
"b12_assay_4","4","C11",91,NA,"metE4",204.8,55.95,10,90,1,1,"blank",NA,"Chlamy fluorescence",20.58,5.595,0.1,NA,9.93207500938804,146282,11.8932915445789
"b12_assay_4","4","C12",91,NA,"metE4",204.8,55.95,3,97,1,1,"blank",NA,"Chlamy fluorescence",6.244,1.6785,0.03,NA,8.73937628163532,17705,9.781602364546
"b12_assay_4","4","C13",91,NA,"metE4",81.92,55.95,10,90,1,1,"blank",NA,"Chlamy fluorescence",8.292,5.595,0.1,NA,9.02304647355567,39447,10.582713277755
"b12_assay_4","4","C14",91,NA,"metE4",81.92,55.95,3,97,1,1,"blank",NA,"Chlamy fluorescence",2.5576,1.6785,0.03,NA,7.84682459774563,9205,9.12750209366718
"b12_assay_4","4","C15",91,NA,"metE4",32.768,55.95,10,90,1,1,"blank",NA,"Chlamy fluorescence",3.3768,5.595,0.1,NA,8.12468379446829,13884,9.53849237698168
"b12_assay_4","4","C16",91,NA,"metE4",32.768,55.95,3,97,1,1,"blank",NA,"Chlamy fluorescence",1.08304,1.6785,0.03,NA,6.9875271807603,2608,7.86633892304654
"b12_assay_4","4","C17",91,NA,"metE4",13.1072,55.95,10,90,1,1,"blank",NA,"Chlamy fluorescence",1.41072,5.595,0.1,NA,7.25185549133872,4948,8.50673873351238
"b12_assay_4","4","C18",91,NA,"metE4",13.1072,55.95,3,97,1,1,"blank",NA,"Chlamy fluorescence",0.493216,1.6785,0.03,NA,6.20094721196431,1807,7.49942329059223
"b12_assay_4","4","C19",91,NA,"metE4",5.24288,55.95,10,90,1,1,"blank",NA,"Chlamy fluorescence",0.624288,5.595,0.1,NA,6.43661180035485,4155,8.33206770728955
"b12_assay_4","4","C2",91,NA,"metE4",20000,55.95,3,97,1,1,"blank",NA,"Chlamy fluorescence",600.1,1.6785,0.03,NA,13.3048515869776,847430,13.6499635189553
"b12_assay_4","4","C20",91,NA,"metE4",5.24288,55.95,3,97,1,1,"blank",NA,"Chlamy fluorescence",0.2572864,1.6785,0.03,NA,5.5501898613031,1729,7.45529848568329
"b12_assay_4","4","C21",91,NA,"metE4",2.097152,55.95,10,90,1,1,"blank",NA,"Chlamy fluorescence",0.3097152,5.595,0.1,NA,5.73565316552939,2447,7.80261806344267
"b12_assay_4","4","C22",91,NA,"metE4",2.097152,55.95,3,97,1,1,"blank",NA,"Chlamy fluorescence",0.16291456,1.6785,0.03,NA,5.09322589160157,1290,7.16239749735572
"b12_assay_4","4","C23",91,NA,"metE4",0,55.95,10,90,1,1,"blank",NA,"Chlamy fluorescence",0.1,5.595,0.1,NA,4.60517018598809,1566,7.35627987655075
"b12_assay_4","4","C24",91,NA,"metE4",0,55.95,3,97,1,1,"blank",NA,"Chlamy fluorescence",0.1,1.6785,0.03,NA,4.60517018598809,1398,7.24279792279376
"b12_assay_4","4","C3",91,NA,"metE4",8000,55.95,10,90,1,1,"blank",NA,"Chlamy fluorescence",800.1,5.595,0.1,NA,13.5924919988382,814075,13.6098077783324
"b12_assay_4","4","C4",91,NA,"metE4",8000,55.95,3,97,1,1,"blank",NA,"Chlamy fluorescence",240.1,1.6785,0.03,NA,12.3888107822093,769961,13.5540951431965
"b12_assay_4","4","C5",91,NA,"metE4",3200,55.95,10,90,1,1,"blank",NA,"Chlamy fluorescence",320.1,5.595,0.1,NA,12.676388725958,797096,13.5887304022125
"b12_assay_4","4","C6",91,NA,"metE4",3200,55.95,3,97,1,1,"blank",NA,"Chlamy fluorescence",96.1,1.6785,0.03,NA,11.4731445949584,632521,13.3574687006137
"b12_assay_4","4","C7",91,NA,"metE4",1280,55.95,10,90,1,1,"blank",NA,"Chlamy fluorescence",128.1,5.595,0.1,NA,11.7605664878848,690387,13.4450075889101
"b12_assay_4","4","C8",91,NA,"metE4",1280,55.95,3,97,1,1,"blank",NA,"Chlamy fluorescence",38.5,1.6785,0.03,NA,10.5584135202759,261552,12.474388395491
"b12_assay_4","4","C9",91,NA,"metE4",512,55.95,10,90,1,1,"blank",NA,"Chlamy fluorescence",51.3,5.595,0.1,NA,10.8454460311589,472114,13.0649757608289
"b12_assay_4","4","D1",91,NA,"metE4",20000,13.9875,10,90,1,1,"blank",NA,"Chlamy fluorescence",2000.1,1.39875,0.1,NA,14.5087077372743,366922,12.8129045703882
"b12_assay_4","4","D10",91,NA,"metE4",512,13.9875,3,97,1,1,"blank",NA,"Chlamy fluorescence",15.46,0.419625,0.03,NA,9.64601132214141,99233,11.5052258992438
"b12_assay_4","4","D11",91,NA,"metE4",204.8,13.9875,10,90,1,1,"blank",NA,"Chlamy fluorescence",20.58,1.39875,0.1,NA,9.93207500938804,143829,11.8763803729213
"b12_assay_4","4","D12",91,NA,"metE4",204.8,13.9875,3,97,1,1,"blank",NA,"Chlamy fluorescence",6.244,0.419625,0.03,NA,8.73937628163532,31734,10.365143940294
"b12_assay_4","4","D13",91,NA,"metE4",81.92,13.9875,10,90,1,1,"blank",NA,"Chlamy fluorescence",8.292,1.39875,0.1,NA,9.02304647355567,49640,10.8125522393185
"b12_assay_4","4","D14",91,NA,"metE4",81.92,13.9875,3,97,1,1,"blank",NA,"Chlamy fluorescence",2.5576,0.419625,0.03,NA,7.84682459774563,12593,9.44089638300585
"b12_assay_4","4","D15",91,NA,"metE4",32.768,13.9875,10,90,1,1,"blank",NA,"Chlamy fluorescence",3.3768,1.39875,0.1,NA,8.12468379446829,16055,9.68377560652361
"b12_assay_4","4","D16",91,NA,"metE4",32.768,13.9875,3,97,1,1,"blank",NA,"Chlamy fluorescence",1.08304,0.419625,0.03,NA,6.9875271807603,3351,8.11701408773731
"b12_assay_4","4","D17",91,NA,"metE4",13.1072,13.9875,10,90,1,1,"blank",NA,"Chlamy fluorescence",1.41072,1.39875,0.1,NA,7.25185549133872,4569,8.42704964156327
"b12_assay_4","4","D18",91,NA,"metE4",13.1072,13.9875,3,97,1,1,"blank",NA,"Chlamy fluorescence",0.493216,0.419625,0.03,NA,6.20094721196431,2840,7.95155933115525
"b12_assay_4","4","D19",91,NA,"metE4",5.24288,13.9875,10,90,1,1,"blank",NA,"Chlamy fluorescence",0.624288,1.39875,0.1,NA,6.43661180035485,2662,7.88683299895506
"b12_assay_4","4","D2",91,NA,"metE4",20000,13.9875,3,97,1,1,"blank",NA,"Chlamy fluorescence",600.1,0.419625,0.03,NA,13.3048515869776,826405,13.6248402471081
"b12_assay_4","4","D20",91,NA,"metE4",5.24288,13.9875,3,97,1,1,"blank",NA,"Chlamy fluorescence",0.2572864,0.419625,0.03,NA,5.5501898613031,1550,7.34601020991329
"b12_assay_4","4","D21",91,NA,"metE4",2.097152,13.9875,10,90,1,1,"blank",NA,"Chlamy fluorescence",0.3097152,1.39875,0.1,NA,5.73565316552939,2079,7.63964228785801
"b12_assay_4","4","D22",91,NA,"metE4",2.097152,13.9875,3,97,1,1,"blank",NA,"Chlamy fluorescence",0.16291456,0.419625,0.03,NA,5.09322589160157,1390,7.23705902612474
"b12_assay_4","4","D23",91,NA,"metE4",0,13.9875,10,90,1,1,"blank",NA,"Chlamy fluorescence",0.1,1.39875,0.1,NA,4.60517018598809,1781,7.48493028328966
"b12_assay_4","4","D24",91,NA,"metE4",0,13.9875,3,97,1,1,"blank",NA,"Chlamy fluorescence",0.1,0.419625,0.03,NA,4.60517018598809,1422,7.25981961036319
"b12_assay_4","4","D3",91,NA,"metE4",8000,13.9875,10,90,1,1,"blank",NA,"Chlamy fluorescence",800.1,1.39875,0.1,NA,13.5924919988382,770658,13.5549999743683
"b12_assay_4","4","D4",91,NA,"metE4",8000,13.9875,3,97,1,1,"blank",NA,"Chlamy fluorescence",240.1,0.419625,0.03,NA,12.3888107822093,779120,13.5659203566351
"b12_assay_4","4","D5",91,NA,"metE4",3200,13.9875,10,90,1,1,"blank",NA,"Chlamy fluorescence",320.1,1.39875,0.1,NA,12.676388725958,778477,13.5650947258249
"b12_assay_4","4","D6",91,NA,"metE4",3200,13.9875,3,97,1,1,"blank",NA,"Chlamy fluorescence",96.1,0.419625,0.03,NA,11.4731445949584,616212,13.3313463391518
"b12_assay_4","4","D7",91,NA,"metE4",1280,13.9875,10,90,1,1,"blank",NA,"Chlamy fluorescence",128.1,1.39875,0.1,NA,11.7605664878848,687365,13.4406207256046
"b12_assay_4","4","D8",91,NA,"metE4",1280,13.9875,3,97,1,1,"blank",NA,"Chlamy fluorescence",38.5,0.419625,0.03,NA,10.5584135202759,323628,12.6873499869993
"b12_assay_4","4","D9",91,NA,"metE4",512,13.9875,10,90,1,1,"blank",NA,"Chlamy fluorescence",51.3,1.39875,0.1,NA,10.8454460311589,478307,13.0780080647275
"b12_assay_4","4","E1",91,NA,"metE4",20000,3.496875,10,90,1,1,"blank",NA,"Chlamy fluorescence",2000.1,0.3496875,0.1,NA,14.5087077372743,424802,12.9593784569967
"b12_assay_4","4","E10",91,NA,"metE4",512,3.496875,3,97,1,1,"blank",NA,"Chlamy fluorescence",15.46,0.10490625,0.03,NA,9.64601132214141,90327,11.4111916980348
"b12_assay_4","4","E11",91,NA,"metE4",204.8,3.496875,10,90,1,1,"blank",NA,"Chlamy fluorescence",20.58,0.3496875,0.1,NA,9.93207500938804,163815,12.0064930212999
"b12_assay_4","4","E12",91,NA,"metE4",204.8,3.496875,3,97,1,1,"blank",NA,"Chlamy fluorescence",6.244,0.10490625,0.03,NA,8.73937628163532,29911,10.3059815846993
"b12_assay_4","4","E13",91,NA,"metE4",81.92,3.496875,10,90,1,1,"blank",NA,"Chlamy fluorescence",8.292,0.3496875,0.1,NA,9.02304647355567,42127,10.6484441442724
"b12_assay_4","4","E14",91,NA,"metE4",81.92,3.496875,3,97,1,1,"blank",NA,"Chlamy fluorescence",2.5576,0.10490625,0.03,NA,7.84682459774563,8513,9.04934968588406
"b12_assay_4","4","E15",91,NA,"metE4",32.768,3.496875,10,90,1,1,"blank",NA,"Chlamy fluorescence",3.3768,0.3496875,0.1,NA,8.12468379446829,10609,9.26945797645927
"b12_assay_4","4","E16",91,NA,"metE4",32.768,3.496875,3,97,1,1,"blank",NA,"Chlamy fluorescence",1.08304,0.10490625,0.03,NA,6.9875271807603,3552,8.17526610411206
"b12_assay_4","4","E17",91,NA,"metE4",13.1072,3.496875,10,90,1,1,"blank",NA,"Chlamy fluorescence",1.41072,0.3496875,0.1,NA,7.25185549133872,5744,8.65591111072806
"b12_assay_4","4","E18",91,NA,"metE4",13.1072,3.496875,3,97,1,1,"blank",NA,"Chlamy fluorescence",0.493216,0.10490625,0.03,NA,6.20094721196431,2598,7.86249719723055
"b12_assay_4","4","E19",91,NA,"metE4",5.24288,3.496875,10,90,1,1,"blank",NA,"Chlamy fluorescence",0.624288,0.3496875,0.1,NA,6.43661180035485,3694,8.21446516075919
"b12_assay_4","4","E2",91,NA,"metE4",20000,3.496875,3,97,1,1,"blank",NA,"Chlamy fluorescence",600.1,0.10490625,0.03,NA,13.3048515869776,813514,13.6091184150813
"b12_assay_4","4","E20",91,NA,"metE4",5.24288,3.496875,3,97,1,1,"blank",NA,"Chlamy fluorescence",0.2572864,0.10490625,0.03,NA,5.5501898613031,1883,7.54062152865715
"b12_assay_4","4","E21",91,NA,"metE4",2.097152,3.496875,10,90,1,1,"blank",NA,"Chlamy fluorescence",0.3097152,0.3496875,0.1,NA,5.73565316552939,1725,7.45298232946546
"b12_assay_4","4","E22",91,NA,"metE4",2.097152,3.496875,3,97,1,1,"blank",NA,"Chlamy fluorescence",0.16291456,0.10490625,0.03,NA,5.09322589160157,1285,7.15851399732932
"b12_assay_4","4","E23",91,NA,"metE4",0,3.496875,10,90,1,1,"blank",NA,"Chlamy fluorescence",0.1,0.3496875,0.1,NA,4.60517018598809,2257,7.72179177681754
"b12_assay_4","4","E24",91,NA,"metE4",0,3.496875,3,97,1,1,"blank",NA,"Chlamy fluorescence",0.1,0.10490625,0.03,NA,4.60517018598809,1719,7.44949800538285
"b12_assay_4","4","E3",91,NA,"metE4",8000,3.496875,10,90,1,1,"blank",NA,"Chlamy fluorescence",800.1,0.3496875,0.1,NA,13.5924919988382,792312,13.5827105326168
"b12_assay_4","4","E4",91,NA,"metE4",8000,3.496875,3,97,1,1,"blank",NA,"Chlamy fluorescence",240.1,0.10490625,0.03,NA,12.3888107822093,754090,13.5332670032621
"b12_assay_4","4","E5",91,NA,"metE4",3200,3.496875,10,90,1,1,"blank",NA,"Chlamy fluorescence",320.1,0.3496875,0.1,NA,12.676388725958,780501,13.5676913001668
"b12_assay_4","4","E6",91,NA,"metE4",3200,3.496875,3,97,1,1,"blank",NA,"Chlamy fluorescence",96.1,0.10490625,0.03,NA,11.4731445949584,673285,13.4199239959546
"b12_assay_4","4","E7",91,NA,"metE4",1280,3.496875,10,90,1,1,"blank",NA,"Chlamy fluorescence",128.1,0.3496875,0.1,NA,11.7605664878848,662404,13.4036309206823
"b12_assay_4","4","E8",91,NA,"metE4",1280,3.496875,3,97,1,1,"blank",NA,"Chlamy fluorescence",38.5,0.10490625,0.03,NA,10.5584135202759,300512,12.6132429656043
"b12_assay_4","4","E9",91,NA,"metE4",512,3.496875,10,90,1,1,"blank",NA,"Chlamy fluorescence",51.3,0.3496875,0.1,NA,10.8454460311589,497390,13.1171297056057
"b12_assay_4","4","F1",91,NA,"metE4",20000,0.87421875,10,90,1,1,"blank",NA,"Chlamy fluorescence",2000.1,0.087421875,0.1,NA,14.5087077372743,527397,13.175708864603
"b12_assay_4","4","F10",91,NA,"metE4",512,0.87421875,3,97,1,1,"blank",NA,"Chlamy fluorescence",15.46,0.0262265625,0.03,NA,9.64601132214141,109268,11.6015588591118
"b12_assay_4","4","F11",91,NA,"metE4",204.8,0.87421875,10,90,1,1,"blank",NA,"Chlamy fluorescence",20.58,0.087421875,0.1,NA,9.93207500938804,144701,11.8824248234457
"b12_assay_4","4","F12",91,NA,"metE4",204.8,0.87421875,3,97,1,1,"blank",NA,"Chlamy fluorescence",6.244,0.0262265625,0.03,NA,8.73937628163532,31010,10.3420650120945
"b12_assay_4","4","F13",91,NA,"metE4",81.92,0.87421875,10,90,1,1,"blank",NA,"Chlamy fluorescence",8.292,0.087421875,0.1,NA,9.02304647355567,41045,10.6224243047824
"b12_assay_4","4","F14",91,NA,"metE4",81.92,0.87421875,3,97,1,1,"blank",NA,"Chlamy fluorescence",2.5576,0.0262265625,0.03,NA,7.84682459774563,8532,9.05157907959124
"b12_assay_4","4","F15",91,NA,"metE4",32.768,0.87421875,10,90,1,1,"blank",NA,"Chlamy fluorescence",3.3768,0.087421875,0.1,NA,8.12468379446829,14135,9.55640927012769
"b12_assay_4","4","F16",91,NA,"metE4",32.768,0.87421875,3,97,1,1,"blank",NA,"Chlamy fluorescence",1.08304,0.0262265625,0.03,NA,6.9875271807603,3323,8.1086232683546
"b12_assay_4","4","F17",91,NA,"metE4",13.1072,0.87421875,10,90,1,1,"blank",NA,"Chlamy fluorescence",1.41072,0.087421875,0.1,NA,7.25185549133872,3777,8.23668532271246
"b12_assay_4","4","F18",91,NA,"metE4",13.1072,0.87421875,3,97,1,1,"blank",NA,"Chlamy fluorescence",0.493216,0.0262265625,0.03,NA,6.20094721196431,2951,7.98989937494294
"b12_assay_4","4","F19",91,NA,"metE4",5.24288,0.87421875,10,90,1,1,"blank",NA,"Chlamy fluorescence",0.624288,0.087421875,0.1,NA,6.43661180035485,3052,8.02355239240435
"b12_assay_4","4","F2",91,NA,"metE4",20000,0.87421875,3,97,1,1,"blank",NA,"Chlamy fluorescence",600.1,0.0262265625,0.03,NA,13.3048515869776,740515,13.5151011690682
"b12_assay_4","4","F20",91,NA,"metE4",5.24288,0.87421875,3,97,1,1,"blank",NA,"Chlamy fluorescence",0.2572864,0.0262265625,0.03,NA,5.5501898613031,1646,7.40610338123702
"b12_assay_4","4","F21",91,NA,"metE4",2.097152,0.87421875,10,90,1,1,"blank",NA,"Chlamy fluorescence",0.3097152,0.087421875,0.1,NA,5.73565316552939,1620,7.39018142822643
"b12_assay_4","4","F22",91,NA,"metE4",2.097152,0.87421875,3,97,1,1,"blank",NA,"Chlamy fluorescence",0.16291456,0.0262265625,0.03,NA,5.09322589160157,1927,7.56371966841437
"b12_assay_4","4","F23",91,NA,"metE4",0,0.87421875,10,90,1,1,"blank",NA,"Chlamy fluorescence",0.1,0.087421875,0.1,NA,4.60517018598809,1205,7.09423484592476
"b12_assay_4","4","F24",91,NA,"metE4",0,0.87421875,3,97,1,1,"blank",NA,"Chlamy fluorescence",0.1,0.0262265625,0.03,NA,4.60517018598809,1375,7.22620901010067
"b12_assay_4","4","F3",91,NA,"metE4",8000,0.87421875,10,90,1,1,"blank",NA,"Chlamy fluorescence",800.1,0.087421875,0.1,NA,13.5924919988382,724617,13.4933985183879
"b12_assay_4","4","F4",91,NA,"metE4",8000,0.87421875,3,97,1,1,"blank",NA,"Chlamy fluorescence",240.1,0.0262265625,0.03,NA,12.3888107822093,750317,13.5282510628808
"b12_assay_4","4","F5",91,NA,"metE4",3200,0.87421875,10,90,1,1,"blank",NA,"Chlamy fluorescence",320.1,0.087421875,0.1,NA,12.676388725958,776946,13.5631261288652
"b12_assay_4","4","F6",91,NA,"metE4",3200,0.87421875,3,97,1,1,"blank",NA,"Chlamy fluorescence",96.1,0.0262265625,0.03,NA,11.4731445949584,675226,13.4228027286315
"b12_assay_4","4","F7",91,NA,"metE4",1280,0.87421875,10,90,1,1,"blank",NA,"Chlamy fluorescence",128.1,0.087421875,0.1,NA,11.7605664878848,685985,13.4386110405797
"b12_assay_4","4","F8",91,NA,"metE4",1280,0.87421875,3,97,1,1,"blank",NA,"Chlamy fluorescence",38.5,0.0262265625,0.03,NA,10.5584135202759,320908,12.6789097566719
"b12_assay_4","4","F9",91,NA,"metE4",512,0.87421875,10,90,1,1,"blank",NA,"Chlamy fluorescence",51.3,0.087421875,0.1,NA,10.8454460311589,459196,13.0372324131482
"b12_assay_4","4","G1",91,NA,"metE4",20000,0.2185546875,10,90,1,1,"blank",NA,"Chlamy fluorescence",2000.1,0.02185546875,0.1,NA,14.5087077372743,593998,13.2946312313357
"b12_assay_4","4","G10",91,NA,"metE4",512,0.2185546875,3,97,1,1,"blank",NA,"Chlamy fluorescence",15.46,0.006556640625,0.03,NA,9.64601132214141,93694,11.4477894320247
"b12_assay_4","4","G11",91,NA,"metE4",204.8,0.2185546875,10,90,1,1,"blank",NA,"Chlamy fluorescence",20.58,0.02185546875,0.1,NA,9.93207500938804,167716,12.0300273517277
"b12_assay_4","4","G12",91,NA,"metE4",204.8,0.2185546875,3,97,1,1,"blank",NA,"Chlamy fluorescence",6.244,0.006556640625,0.03,NA,8.73937628163532,27630,10.2266574179175
"b12_assay_4","4","G13",91,NA,"metE4",81.92,0.2185546875,10,90,1,1,"blank",NA,"Chlamy fluorescence",8.292,0.02185546875,0.1,NA,9.02304647355567,48076,10.7805383710727
"b12_assay_4","4","G14",91,NA,"metE4",81.92,0.2185546875,3,97,1,1,"blank",NA,"Chlamy fluorescence",2.5576,0.006556640625,0.03,NA,7.84682459774563,7663,8.9441588309704
"b12_assay_4","4","G15",91,NA,"metE4",32.768,0.2185546875,10,90,1,1,"blank",NA,"Chlamy fluorescence",3.3768,0.02185546875,0.1,NA,8.12468379446829,15140,9.62509552699144
"b12_assay_4","4","G16",91,NA,"metE4",32.768,0.2185546875,3,97,1,1,"blank",NA,"Chlamy fluorescence",1.08304,0.006556640625,0.03,NA,6.9875271807603,3680,8.21066803116298
"b12_assay_4","4","G17",91,NA,"metE4",13.1072,0.2185546875,10,90,1,1,"blank",NA,"Chlamy fluorescence",1.41072,0.02185546875,0.1,NA,7.25185549133872,4899,8.49678638163858
"b12_assay_4","4","G18",91,NA,"metE4",13.1072,0.2185546875,3,97,1,1,"blank",NA,"Chlamy fluorescence",0.493216,0.006556640625,0.03,NA,6.20094721196431,2319,7.74889133725553
"b12_assay_4","4","G19",91,NA,"metE4",5.24288,0.2185546875,10,90,1,1,"blank",NA,"Chlamy fluorescence",0.624288,0.02185546875,0.1,NA,6.43661180035485,2343,7.7591874385078
"b12_assay_4","4","G2",91,NA,"metE4",20000,0.2185546875,3,97,1,1,"blank",NA,"Chlamy fluorescence",600.1,0.006556640625,0.03,NA,13.3048515869776,715718,13.481041513613
"b12_assay_4","4","G20",91,NA,"metE4",5.24288,0.2185546875,3,97,1,1,"blank",NA,"Chlamy fluorescence",0.2572864,0.006556640625,0.03,NA,5.5501898613031,1845,7.52023455647463
"b12_assay_4","4","G21",91,NA,"metE4",2.097152,0.2185546875,10,90,1,1,"blank",NA,"Chlamy fluorescence",0.3097152,0.02185546875,0.1,NA,5.73565316552939,1978,7.58984151218266
"b12_assay_4","4","G22",91,NA,"metE4",2.097152,0.2185546875,3,97,1,1,"blank",NA,"Chlamy fluorescence",0.16291456,0.006556640625,0.03,NA,5.09322589160157,1915,7.55747290161475
"b12_assay_4","4","G23",91,NA,"metE4",0,0.2185546875,10,90,1,1,"blank",NA,"Chlamy fluorescence",0.1,0.02185546875,0.1,NA,4.60517018598809,1369,7.22183582528845
"b12_assay_4","4","G24",91,NA,"metE4",0,0.2185546875,3,97,1,1,"blank",NA,"Chlamy fluorescence",0.1,0.006556640625,0.03,NA,4.60517018598809,1509,7.31920245876785
"b12_assay_4","4","G3",91,NA,"metE4",8000,0.2185546875,10,90,1,1,"blank",NA,"Chlamy fluorescence",800.1,0.02185546875,0.1,NA,13.5924919988382,748389,13.5256781752516
"b12_assay_4","4","G4",91,NA,"metE4",8000,0.2185546875,3,97,1,1,"blank",NA,"Chlamy fluorescence",240.1,0.006556640625,0.03,NA,12.3888107822093,712860,13.4770403266804
"b12_assay_4","4","G5",91,NA,"metE4",3200,0.2185546875,10,90,1,1,"blank",NA,"Chlamy fluorescence",320.1,0.02185546875,0.1,NA,12.676388725958,748977,13.5264635544177
"b12_assay_4","4","G6",91,NA,"metE4",3200,0.2185546875,3,97,1,1,"blank",NA,"Chlamy fluorescence",96.1,0.006556640625,0.03,NA,11.4731445949584,602966,13.3096160893767
"b12_assay_4","4","G7",91,NA,"metE4",1280,0.2185546875,10,90,1,1,"blank",NA,"Chlamy fluorescence",128.1,0.02185546875,0.1,NA,11.7605664878848,678644,13.4278519686055
"b12_assay_4","4","G8",91,NA,"metE4",1280,0.2185546875,3,97,1,1,"blank",NA,"Chlamy fluorescence",38.5,0.006556640625,0.03,NA,10.5584135202759,304681,12.6270206066134
"b12_assay_4","4","G9",91,NA,"metE4",512,0.2185546875,10,90,1,1,"blank",NA,"Chlamy fluorescence",51.3,0.02185546875,0.1,NA,10.8454460311589,492182,13.1066038457706
"b12_assay_4","4","H1",91,NA,"metE4",20000,0,10,90,1,1,"blank",NA,"Chlamy fluorescence",2000.1,0,0.1,NA,14.5087077372743,624824,13.3452252890618
"b12_assay_4","4","H10",91,NA,"metE4",512,0,3,97,1,1,"blank",NA,"Chlamy fluorescence",15.46,0,0.03,NA,9.64601132214141,74812,11.2227335789029
"b12_assay_4","4","H11",91,NA,"metE4",204.8,0,10,90,1,1,"blank",NA,"Chlamy fluorescence",20.58,0,0.1,NA,9.93207500938804,183818,12.121701416644
"b12_assay_4","4","H12",91,NA,"metE4",204.8,0,3,97,1,1,"blank",NA,"Chlamy fluorescence",6.244,0,0.03,NA,8.73937628163532,28250,10.2488487365746
"b12_assay_4","4","H13",91,NA,"metE4",81.92,0,10,90,1,1,"blank",NA,"Chlamy fluorescence",8.292,0,0.1,NA,9.02304647355567,43205,10.6737115082755
"b12_assay_4","4","H14",91,NA,"metE4",81.92,0,3,97,1,1,"blank",NA,"Chlamy fluorescence",2.5576,0,0.03,NA,7.84682459774563,8456,9.04263152755007
"b12_assay_4","4","H15",91,NA,"metE4",32.768,0,10,90,1,1,"blank",NA,"Chlamy fluorescence",3.3768,0,0.1,NA,8.12468379446829,15029,9.6177369469341
"b12_assay_4","4","H16",91,NA,"metE4",32.768,0,3,97,1,1,"blank",NA,"Chlamy fluorescence",1.08304,0,0.03,NA,6.9875271807603,4137,8.32772616646141
"b12_assay_4","4","H17",91,NA,"metE4",13.1072,0,10,90,1,1,"blank",NA,"Chlamy fluorescence",1.41072,0,0.1,NA,7.25185549133872,5328,8.58073121222023
"b12_assay_4","4","H18",91,NA,"metE4",13.1072,0,3,97,1,1,"blank",NA,"Chlamy fluorescence",0.493216,0,0.03,NA,6.20094721196431,2651,7.88269220628903
"b12_assay_4","4","H19",91,NA,"metE4",5.24288,0,10,90,1,1,"blank",NA,"Chlamy fluorescence",0.624288,0,0.1,NA,6.43661180035485,3912,8.27180403115471
"b12_assay_4","4","H2",91,NA,"metE4",20000,0,3,97,1,1,"blank",NA,"Chlamy fluorescence",600.1,0,0.03,NA,13.3048515869776,719190,13.4858808577047
"b12_assay_4","4","H20",91,NA,"metE4",5.24288,0,3,97,1,1,"blank",NA,"Chlamy fluorescence",0.2572864,0,0.03,NA,5.5501898613031,1786,7.48773376143644
"b12_assay_4","4","H21",91,NA,"metE4",2.097152,0,10,90,1,1,"blank",NA,"Chlamy fluorescence",0.3097152,0,0.1,NA,5.73565316552939,1987,7.59438124255182
"b12_assay_4","4","H22",91,NA,"metE4",2.097152,0,3,97,1,1,"blank",NA,"Chlamy fluorescence",0.16291456,0,0.03,NA,5.09322589160157,1240,7.12286665859908
"b12_assay_4","4","H23",91,NA,"metE4",0,0,10,90,1,1,"blank",NA,"Chlamy fluorescence",0.1,0,0.1,NA,4.60517018598809,1661,7.4151751096133
"b12_assay_4","4","H24",91,NA,"metE4",0,0,3,97,1,1,"blank",NA,"Chlamy fluorescence",0.1,0,0.03,NA,4.60517018598809,2173,7.68386398025643
"b12_assay_4","4","H3",91,NA,"metE4",8000,0,10,90,1,1,"blank",NA,"Chlamy fluorescence",800.1,0,0.1,NA,13.5924919988382,712642,13.4767344695133
"b12_assay_4","4","H4",91,NA,"metE4",8000,0,3,97,1,1,"blank",NA,"Chlamy fluorescence",240.1,0,0.03,NA,12.3888107822093,716046,13.4814996896892
"b12_assay_4","4","H5",91,NA,"metE4",3200,0,10,90,1,1,"blank",NA,"Chlamy fluorescence",320.1,0,0.1,NA,12.676388725958,754514,13.5338291123526
"b12_assay_4","4","H6",91,NA,"metE4",3200,0,3,97,1,1,"blank",NA,"Chlamy fluorescence",96.1,0,0.03,NA,11.4731445949584,616075,13.3311239883511
"b12_assay_4","4","H7",91,NA,"metE4",1280,0,10,90,1,1,"blank",NA,"Chlamy fluorescence",128.1,0,0.1,NA,11.7605664878848,680407,13.4304464275168
"b12_assay_4","4","H8",91,NA,"metE4",1280,0,3,97,1,1,"blank",NA,"Chlamy fluorescence",38.5,0,0.03,NA,10.5584135202759,318871,12.6725419112651
"b12_assay_4","4","H9",91,NA,"metE4",512,0,10,90,1,1,"blank",NA,"Chlamy fluorescence",51.3,0,0.1,NA,10.8454460311589,498416,13.1191903486688
"b12_assay_4","4","I1",91,NA,"metE4",20000,895.2,10,90,1,2,"blank",NA,"Chlamy fluorescence",2000.1,89.52,0.1,NA,14.5087077372743,639055,13.3677458016432
"b12_assay_4","4","I10",91,NA,"metE4",512,895.2,3,97,1,2,"blank",NA,"Chlamy fluorescence",15.46,26.856,0.03,NA,9.64601132214141,106413,11.5750830288774
"b12_assay_4","4","I11",91,NA,"metE4",204.8,895.2,10,90,1,2,"blank",NA,"Chlamy fluorescence",20.58,89.52,0.1,NA,9.93207500938804,180623,12.1041672651232
"b12_assay_4","4","I12",91,NA,"metE4",204.8,895.2,3,97,1,2,"blank",NA,"Chlamy fluorescence",6.244,26.856,0.03,NA,8.73937628163532,27613,10.2260419553055
"b12_assay_4","4","I13",91,NA,"metE4",81.92,895.2,10,90,1,2,"blank",NA,"Chlamy fluorescence",8.292,89.52,0.1,NA,9.02304647355567,43994,10.6918085399657
"b12_assay_4","4","I14",91,NA,"metE4",81.92,895.2,3,97,1,2,"blank",NA,"Chlamy fluorescence",2.5576,26.856,0.03,NA,7.84682459774563,10187,9.22886767659007
"b12_assay_4","4","I15",91,NA,"metE4",32.768,895.2,10,90,1,2,"blank",NA,"Chlamy fluorescence",3.3768,89.52,0.1,NA,8.12468379446829,16543,9.71371833060702
"b12_assay_4","4","I16",91,NA,"metE4",32.768,895.2,3,97,1,2,"blank",NA,"Chlamy fluorescence",1.08304,26.856,0.03,NA,6.9875271807603,3846,8.25478892614873
"b12_assay_4","4","I17",91,NA,"metE4",13.1072,895.2,10,90,1,2,"blank",NA,"Chlamy fluorescence",1.41072,89.52,0.1,NA,7.25185549133872,5220,8.56025268087669
"b12_assay_4","4","I18",91,NA,"metE4",13.1072,895.2,3,97,1,2,"blank",NA,"Chlamy fluorescence",0.493216,26.856,0.03,NA,6.20094721196431,2177,7.68570306123455
"b12_assay_4","4","I19",91,NA,"metE4",5.24288,895.2,10,90,1,2,"blank",NA,"Chlamy fluorescence",0.624288,89.52,0.1,NA,6.43661180035485,2253,7.72001794043224
"b12_assay_4","4","I2",91,NA,"metE4",20000,895.2,3,97,1,2,"blank",NA,"Chlamy fluorescence",600.1,26.856,0.03,NA,13.3048515869776,737494,13.5110132315698
"b12_assay_4","4","I20",91,NA,"metE4",5.24288,895.2,3,97,1,2,"blank",NA,"Chlamy fluorescence",0.2572864,26.856,0.03,NA,5.5501898613031,2022,7.61184239958042
"b12_assay_4","4","I21",91,NA,"metE4",2.097152,895.2,10,90,1,2,"blank",NA,"Chlamy fluorescence",0.3097152,89.52,0.1,NA,5.73565316552939,1748,7.46622755621548
"b12_assay_4","4","I22",91,NA,"metE4",2.097152,895.2,3,97,1,2,"blank",NA,"Chlamy fluorescence",0.16291456,26.856,0.03,NA,5.09322589160157,1350,7.20785987143248
"b12_assay_4","4","I23",91,NA,"metE4",0,895.2,10,90,1,2,"blank",NA,"Chlamy fluorescence",0.1,89.52,0.1,NA,4.60517018598809,1882,7.54009032014532
"b12_assay_4","4","I24",91,NA,"metE4",0,895.2,3,97,1,2,"blank",NA,"Chlamy fluorescence",0.1,26.856,0.03,NA,4.60517018598809,1561,7.35308192051543
"b12_assay_4","4","I3",91,NA,"metE4",8000,895.2,10,90,1,2,"blank",NA,"Chlamy fluorescence",800.1,89.52,0.1,NA,13.5924919988382,760706,13.5420022284264
"b12_assay_4","4","I4",91,NA,"metE4",8000,895.2,3,97,1,2,"blank",NA,"Chlamy fluorescence",240.1,26.856,0.03,NA,12.3888107822093,742976,13.5184190216977
"b12_assay_4","4","I5",91,NA,"metE4",3200,895.2,10,90,1,2,"blank",NA,"Chlamy fluorescence",320.1,89.52,0.1,NA,12.676388725958,759462,13.5403655668499
"b12_assay_4","4","I6",91,NA,"metE4",3200,895.2,3,97,1,2,"blank",NA,"Chlamy fluorescence",96.1,26.856,0.03,NA,11.4731445949584,625631,13.3465160194152
"b12_assay_4","4","I7",91,NA,"metE4",1280,895.2,10,90,1,2,"blank",NA,"Chlamy fluorescence",128.1,89.52,0.1,NA,11.7605664878848,691918,13.4472227304686
"b12_assay_4","4","I8",91,NA,"metE4",1280,895.2,3,97,1,2,"blank",NA,"Chlamy fluorescence",38.5,26.856,0.03,NA,10.5584135202759,330163,12.7073417508887
"b12_assay_4","4","I9",91,NA,"metE4",512,895.2,10,90,1,2,"blank",NA,"Chlamy fluorescence",51.3,89.52,0.1,NA,10.8454460311589,598208,13.3016937985423
"b12_assay_4","4","J1",91,NA,"metE4",20000,223.8,10,90,1,2,"blank",NA,"Chlamy fluorescence",2000.1,22.38,0.1,NA,14.5087077372743,544348,13.2073440271958
"b12_assay_4","4","J10",91,NA,"metE4",512,223.8,3,97,1,2,"blank",NA,"Chlamy fluorescence",15.46,6.714,0.03,NA,9.64601132214141,63603,11.0604159180271
"b12_assay_4","4","J11",91,NA,"metE4",204.8,223.8,10,90,1,2,"blank",NA,"Chlamy fluorescence",20.58,22.38,0.1,NA,9.93207500938804,135214,11.8146139875259
"b12_assay_4","4","J12",91,NA,"metE4",204.8,223.8,3,97,1,2,"blank",NA,"Chlamy fluorescence",6.244,6.714,0.03,NA,8.73937628163532,23601,10.0690443629974
"b12_assay_4","4","J13",91,NA,"metE4",81.92,223.8,10,90,1,2,"blank",NA,"Chlamy fluorescence",8.292,22.38,0.1,NA,9.02304647355567,34438,10.4469158848461
"b12_assay_4","4","J14",91,NA,"metE4",81.92,223.8,3,97,1,2,"blank",NA,"Chlamy fluorescence",2.5576,6.714,0.03,NA,7.84682459774563,10211,9.23122084955554
"b12_assay_4","4","J15",91,NA,"metE4",32.768,223.8,10,90,1,2,"blank",NA,"Chlamy fluorescence",3.3768,22.38,0.1,NA,8.12468379446829,14584,9.5876803163585
"b12_assay_4","4","J16",91,NA,"metE4",32.768,223.8,3,97,1,2,"blank",NA,"Chlamy fluorescence",1.08304,6.714,0.03,NA,6.9875271807603,3061,8.02649693894541
"b12_assay_4","4","J17",91,NA,"metE4",13.1072,223.8,10,90,1,2,"blank",NA,"Chlamy fluorescence",1.41072,22.38,0.1,NA,7.25185549133872,3441,8.14351740579748
"b12_assay_4","4","J18",91,NA,"metE4",13.1072,223.8,3,97,1,2,"blank",NA,"Chlamy fluorescence",0.493216,6.714,0.03,NA,6.20094721196431,2323,7.75061473277041
"b12_assay_4","4","J19",91,NA,"metE4",5.24288,223.8,10,90,1,2,"blank",NA,"Chlamy fluorescence",0.624288,22.38,0.1,NA,6.43661180035485,3702,8.21662849313344
"b12_assay_4","4","J2",91,NA,"metE4",20000,223.8,3,97,1,2,"blank",NA,"Chlamy fluorescence",600.1,6.714,0.03,NA,13.3048515869776,743960,13.5197425489291
"b12_assay_4","4","J20",91,NA,"metE4",5.24288,223.8,3,97,1,2,"blank",NA,"Chlamy fluorescence",0.2572864,6.714,0.03,NA,5.5501898613031,1636,7.40000951716269
"b12_assay_4","4","J21",91,NA,"metE4",2.097152,223.8,10,90,1,2,"blank",NA,"Chlamy fluorescence",0.3097152,22.38,0.1,NA,5.73565316552939,2084,7.64204440287326
"b12_assay_4","4","J22",91,NA,"metE4",2.097152,223.8,3,97,1,2,"blank",NA,"Chlamy fluorescence",0.16291456,6.714,0.03,NA,5.09322589160157,2727,7.91095738284559
"b12_assay_4","4","J23",91,NA,"metE4",0,223.8,10,90,1,2,"blank",NA,"Chlamy fluorescence",0.1,22.38,0.1,NA,4.60517018598809,1433,7.26752542782817
"b12_assay_4","4","J24",91,NA,"metE4",0,223.8,3,97,1,2,"blank",NA,"Chlamy fluorescence",0.1,6.714,0.03,NA,4.60517018598809,1549,7.34536484041687
"b12_assay_4","4","J3",91,NA,"metE4",8000,223.8,10,90,1,2,"blank",NA,"Chlamy fluorescence",800.1,22.38,0.1,NA,13.5924919988382,764657,13.5471826462495
"b12_assay_4","4","J4",91,NA,"metE4",8000,223.8,3,97,1,2,"blank",NA,"Chlamy fluorescence",240.1,6.714,0.03,NA,12.3888107822093,709470,13.4722734913902
"b12_assay_4","4","J5",91,NA,"metE4",3200,223.8,10,90,1,2,"blank",NA,"Chlamy fluorescence",320.1,22.38,0.1,NA,12.676388725958,738930,13.5129584728458
"b12_assay_4","4","J6",91,NA,"metE4",3200,223.8,3,97,1,2,"blank",NA,"Chlamy fluorescence",96.1,6.714,0.03,NA,11.4731445949584,593806,13.294307945673
"b12_assay_4","4","J7",91,NA,"metE4",1280,223.8,10,90,1,2,"blank",NA,"Chlamy fluorescence",128.1,22.38,0.1,NA,11.7605664878848,638194,13.3663975913405
"b12_assay_4","4","J8",91,NA,"metE4",1280,223.8,3,97,1,2,"blank",NA,"Chlamy fluorescence",38.5,6.714,0.03,NA,10.5584135202759,287006,12.5672584004466
"b12_assay_4","4","J9",91,NA,"metE4",512,223.8,10,90,1,2,"blank",NA,"Chlamy fluorescence",51.3,22.38,0.1,NA,10.8454460311589,526850,13.1746711570277
"b12_assay_4","4","K1",91,NA,"metE4",20000,55.95,10,90,1,2,"blank",NA,"Chlamy fluorescence",2000.1,5.595,0.1,NA,14.5087077372743,565413,13.2453117165489
"b12_assay_4","4","K10",91,NA,"metE4",512,55.95,3,97,1,2,"blank",NA,"Chlamy fluorescence",15.46,1.6785,0.03,NA,9.64601132214141,57377,10.9573988051431
"b12_assay_4","4","K11",91,NA,"metE4",204.8,55.95,10,90,1,2,"blank",NA,"Chlamy fluorescence",20.58,5.595,0.1,NA,9.93207500938804,88969,11.3960432734319
"b12_assay_4","4","K12",91,NA,"metE4",204.8,55.95,3,97,1,2,"blank",NA,"Chlamy fluorescence",6.244,1.6785,0.03,NA,8.73937628163532,22611,10.0261917925116
"b12_assay_4","4","K13",91,NA,"metE4",81.92,55.95,10,90,1,2,"blank",NA,"Chlamy fluorescence",8.292,5.595,0.1,NA,9.02304647355567,23722,10.0741581665892
"b12_assay_4","4","K14",91,NA,"metE4",81.92,55.95,3,97,1,2,"blank",NA,"Chlamy fluorescence",2.5576,1.6785,0.03,NA,7.84682459774563,7356,8.90327158572421
"b12_assay_4","4","K15",91,NA,"metE4",32.768,55.95,10,90,1,2,"blank",NA,"Chlamy fluorescence",3.3768,5.595,0.1,NA,8.12468379446829,15135,9.62476522145582
"b12_assay_4","4","K16",91,NA,"metE4",32.768,55.95,3,97,1,2,"blank",NA,"Chlamy fluorescence",1.08304,1.6785,0.03,NA,6.9875271807603,3673,8.20876404581967
"b12_assay_4","4","K17",91,NA,"metE4",13.1072,55.95,10,90,1,2,"blank",NA,"Chlamy fluorescence",1.41072,5.595,0.1,NA,7.25185549133872,4952,8.50754681436443
"b12_assay_4","4","K18",91,NA,"metE4",13.1072,55.95,3,97,1,2,"blank",NA,"Chlamy fluorescence",0.493216,1.6785,0.03,NA,6.20094721196431,2464,7.80954132465341
"b12_assay_4","4","K19",91,NA,"metE4",5.24288,55.95,10,90,1,2,"blank",NA,"Chlamy fluorescence",0.624288,5.595,0.1,NA,6.43661180035485,2856,7.95717732345947
"b12_assay_4","4","K2",91,NA,"metE4",20000,55.95,3,97,1,2,"blank",NA,"Chlamy fluorescence",600.1,1.6785,0.03,NA,13.3048515869776,763030,13.5450526279733
"b12_assay_4","4","K20",91,NA,"metE4",5.24288,55.95,3,97,1,2,"blank",NA,"Chlamy fluorescence",0.2572864,1.6785,0.03,NA,5.5501898613031,1358,7.21376830811864
"b12_assay_4","4","K21",91,NA,"metE4",2.097152,55.95,10,90,1,2,"blank",NA,"Chlamy fluorescence",0.3097152,5.595,0.1,NA,5.73565316552939,1408,7.24992553671799
"b12_assay_4","4","K22",91,NA,"metE4",2.097152,55.95,3,97,1,2,"blank",NA,"Chlamy fluorescence",0.16291456,1.6785,0.03,NA,5.09322589160157,1412,7.25276241805319
"b12_assay_4","4","K23",91,NA,"metE4",0,55.95,10,90,1,2,"blank",NA,"Chlamy fluorescence",0.1,5.595,0.1,NA,4.60517018598809,1590,7.37148929521428
"b12_assay_4","4","K24",91,NA,"metE4",0,55.95,3,97,1,2,"blank",NA,"Chlamy fluorescence",0.1,1.6785,0.03,NA,4.60517018598809,1520,7.32646561384032
"b12_assay_4","4","K3",91,NA,"metE4",8000,55.95,10,90,1,2,"blank",NA,"Chlamy fluorescence",800.1,5.595,0.1,NA,13.5924919988382,740365,13.5148985868191
"b12_assay_4","4","K4",91,NA,"metE4",8000,55.95,3,97,1,2,"blank",NA,"Chlamy fluorescence",240.1,1.6785,0.03,NA,12.3888107822093,742798,13.5181794159423
"b12_assay_4","4","K5",91,NA,"metE4",3200,55.95,10,90,1,2,"blank",NA,"Chlamy fluorescence",320.1,5.595,0.1,NA,12.676388725958,736729,13.5099753966308
"b12_assay_4","4","K6",91,NA,"metE4",3200,55.95,3,97,1,2,"blank",NA,"Chlamy fluorescence",96.1,1.6785,0.03,NA,11.4731445949584,586384,13.2817301440527
"b12_assay_4","4","K7",91,NA,"metE4",1280,55.95,10,90,1,2,"blank",NA,"Chlamy fluorescence",128.1,5.595,0.1,NA,11.7605664878848,643963,13.3753965500198
"b12_assay_4","4","K8",91,NA,"metE4",1280,55.95,3,97,1,2,"blank",NA,"Chlamy fluorescence",38.5,1.6785,0.03,NA,10.5584135202759,297942,12.604654115672
"b12_assay_4","4","K9",91,NA,"metE4",512,55.95,10,90,1,2,"blank",NA,"Chlamy fluorescence",51.3,5.595,0.1,NA,10.8454460311589,405663,12.9132780446411
"b12_assay_4","4","L1",91,NA,"metE4",20000,13.9875,10,90,1,2,"blank",NA,"Chlamy fluorescence",2000.1,1.39875,0.1,NA,14.5087077372743,568626,13.250978203499
"b12_assay_4","4","L10",91,NA,"metE4",512,13.9875,3,97,1,2,"blank",NA,"Chlamy fluorescence",15.46,0.419625,0.03,NA,9.64601132214141,72876,11.1965146456856
"b12_assay_4","4","L11",91,NA,"metE4",204.8,13.9875,10,90,1,2,"blank",NA,"Chlamy fluorescence",20.58,1.39875,0.1,NA,9.93207500938804,115740,11.6591015751278
"b12_assay_4","4","L12",91,NA,"metE4",204.8,13.9875,3,97,1,2,"blank",NA,"Chlamy fluorescence",6.244,0.419625,0.03,NA,8.73937628163532,25144,10.1323745784774
"b12_assay_4","4","L13",91,NA,"metE4",81.92,13.9875,10,90,1,2,"blank",NA,"Chlamy fluorescence",8.292,1.39875,0.1,NA,9.02304647355567,29468,10.2910602078027
"b12_assay_4","4","L14",91,NA,"metE4",81.92,13.9875,3,97,1,2,"blank",NA,"Chlamy fluorescence",2.5576,0.419625,0.03,NA,7.84682459774563,10513,9.26036786557583
"b12_assay_4","4","L15",91,NA,"metE4",32.768,13.9875,10,90,1,2,"blank",NA,"Chlamy fluorescence",3.3768,1.39875,0.1,NA,8.12468379446829,14177,9.55937621211763
"b12_assay_4","4","L16",91,NA,"metE4",32.768,13.9875,3,97,1,2,"blank",NA,"Chlamy fluorescence",1.08304,0.419625,0.03,NA,6.9875271807603,3693,8.21419441485256
"b12_assay_4","4","L17",91,NA,"metE4",13.1072,13.9875,10,90,1,2,"blank",NA,"Chlamy fluorescence",1.41072,1.39875,0.1,NA,7.25185549133872,5110,8.53895468319775
"b12_assay_4","4","L18",91,NA,"metE4",13.1072,13.9875,3,97,1,2,"blank",NA,"Chlamy fluorescence",0.493216,0.419625,0.03,NA,6.20094721196431,2109,7.65396918047877
"b12_assay_4","4","L19",91,NA,"metE4",5.24288,13.9875,10,90,1,2,"blank",NA,"Chlamy fluorescence",0.624288,1.39875,0.1,NA,6.43661180035485,3384,8.12681372072611
"b12_assay_4","4","L2",91,NA,"metE4",20000,13.9875,3,97,1,2,"blank",NA,"Chlamy fluorescence",600.1,0.419625,0.03,NA,13.3048515869776,803330,13.5965208674125
"b12_assay_4","4","L20",91,NA,"metE4",5.24288,13.9875,3,97,1,2,"blank",NA,"Chlamy fluorescence",0.2572864,0.419625,0.03,NA,5.5501898613031,1733,7.45760928971561
"b12_assay_4","4","L21",91,NA,"metE4",2.097152,13.9875,10,90,1,2,"blank",NA,"Chlamy fluorescence",0.3097152,1.39875,0.1,NA,5.73565316552939,1584,7.36770857237437
"b12_assay_4","4","L22",91,NA,"metE4",2.097152,13.9875,3,97,1,2,"blank",NA,"Chlamy fluorescence",0.16291456,0.419625,0.03,NA,5.09322589160157,1497,7.31121838441963
"b12_assay_4","4","L23",91,NA,"metE4",0,13.9875,10,90,1,2,"blank",NA,"Chlamy fluorescence",0.1,1.39875,0.1,NA,4.60517018598809,1566,7.35627987655075
"b12_assay_4","4","L24",91,NA,"metE4",0,13.9875,3,97,1,2,"blank",NA,"Chlamy fluorescence",0.1,0.419625,0.03,NA,4.60517018598809,2138,7.66762609158499
"b12_assay_4","4","L3",91,NA,"metE4",8000,13.9875,10,90,1,2,"blank",NA,"Chlamy fluorescence",800.1,1.39875,0.1,NA,13.5924919988382,654092,13.3910032933287
"b12_assay_4","4","L4",91,NA,"metE4",8000,13.9875,3,97,1,2,"blank",NA,"Chlamy fluorescence",240.1,0.419625,0.03,NA,12.3888107822093,747227,13.5241243001476
"b12_assay_4","4","L5",91,NA,"metE4",3200,13.9875,10,90,1,2,"blank",NA,"Chlamy fluorescence",320.1,1.39875,0.1,NA,12.676388725958,702731,13.4627294517615
"b12_assay_4","4","L6",91,NA,"metE4",3200,13.9875,3,97,1,2,"blank",NA,"Chlamy fluorescence",96.1,0.419625,0.03,NA,11.4731445949584,593027,13.2929952081407
"b12_assay_4","4","L7",91,NA,"metE4",1280,13.9875,10,90,1,2,"blank",NA,"Chlamy fluorescence",128.1,1.39875,0.1,NA,11.7605664878848,610867,13.3226345385178
"b12_assay_4","4","L8",91,NA,"metE4",1280,13.9875,3,97,1,2,"blank",NA,"Chlamy fluorescence",38.5,0.419625,0.03,NA,10.5584135202759,301455,12.6163760302786
"b12_assay_4","4","L9",91,NA,"metE4",512,13.9875,10,90,1,2,"blank",NA,"Chlamy fluorescence",51.3,1.39875,0.1,NA,10.8454460311589,468669,13.0576520413351
"b12_assay_4","4","M1",91,NA,"metE4",20000,3.496875,10,90,1,2,"blank",NA,"Chlamy fluorescence",2000.1,0.3496875,0.1,NA,14.5087077372743,533740,13.1876641079865
"b12_assay_4","4","M10",91,NA,"metE4",512,3.496875,3,97,1,2,"blank",NA,"Chlamy fluorescence",15.46,0.10490625,0.03,NA,9.64601132214141,72923,11.1971593689227
"b12_assay_4","4","M11",91,NA,"metE4",204.8,3.496875,10,90,1,2,"blank",NA,"Chlamy fluorescence",20.58,0.3496875,0.1,NA,9.93207500938804,108421,11.5937770761623
"b12_assay_4","4","M12",91,NA,"metE4",204.8,3.496875,3,97,1,2,"blank",NA,"Chlamy fluorescence",6.244,0.10490625,0.03,NA,8.73937628163532,19632,9.88491616695069
"b12_assay_4","4","M13",91,NA,"metE4",81.92,3.496875,10,90,1,2,"blank",NA,"Chlamy fluorescence",8.292,0.3496875,0.1,NA,9.02304647355567,29255,10.2838057782223
"b12_assay_4","4","M14",91,NA,"metE4",81.92,3.496875,3,97,1,2,"blank",NA,"Chlamy fluorescence",2.5576,0.10490625,0.03,NA,7.84682459774563,8062,8.99491694367711
"b12_assay_4","4","M15",91,NA,"metE4",32.768,3.496875,10,90,1,2,"blank",NA,"Chlamy fluorescence",3.3768,0.3496875,0.1,NA,8.12468379446829,10411,9.25061821847475
"b12_assay_4","4","M16",91,NA,"metE4",32.768,3.496875,3,97,1,2,"blank",NA,"Chlamy fluorescence",1.08304,0.10490625,0.03,NA,6.9875271807603,3169,8.06117135969092
"b12_assay_4","4","M17",91,NA,"metE4",13.1072,3.496875,10,90,1,2,"blank",NA,"Chlamy fluorescence",1.41072,0.3496875,0.1,NA,7.25185549133872,4489,8.40938523878193
"b12_assay_4","4","M18",91,NA,"metE4",13.1072,3.496875,3,97,1,2,"blank",NA,"Chlamy fluorescence",0.493216,0.10490625,0.03,NA,6.20094721196431,2630,7.87473912517181
"b12_assay_4","4","M19",91,NA,"metE4",5.24288,3.496875,10,90,1,2,"blank",NA,"Chlamy fluorescence",0.624288,0.3496875,0.1,NA,6.43661180035485,2588,7.85864065562079
"b12_assay_4","4","M2",91,NA,"metE4",20000,3.496875,3,97,1,2,"blank",NA,"Chlamy fluorescence",600.1,0.10490625,0.03,NA,13.3048515869776,732559,13.5042991627048
"b12_assay_4","4","M20",91,NA,"metE4",5.24288,3.496875,3,97,1,2,"blank",NA,"Chlamy fluorescence",0.2572864,0.10490625,0.03,NA,5.5501898613031,1614,7.3864708488299
"b12_assay_4","4","M21",91,NA,"metE4",2.097152,3.496875,10,90,1,2,"blank",NA,"Chlamy fluorescence",0.3097152,0.3496875,0.1,NA,5.73565316552939,2980,7.99967857949945
"b12_assay_4","4","M22",91,NA,"metE4",2.097152,3.496875,3,97,1,2,"blank",NA,"Chlamy fluorescence",0.16291456,0.10490625,0.03,NA,5.09322589160157,1550,7.34601020991329
"b12_assay_4","4","M23",91,NA,"metE4",0,3.496875,10,90,1,2,"blank",NA,"Chlamy fluorescence",0.1,0.3496875,0.1,NA,4.60517018598809,1528,7.33171496972647
"b12_assay_4","4","M24",91,NA,"metE4",0,3.496875,3,97,1,2,"blank",NA,"Chlamy fluorescence",0.1,0.10490625,0.03,NA,4.60517018598809,1417,7.25629723969068
"b12_assay_4","4","M3",91,NA,"metE4",8000,3.496875,10,90,1,2,"blank",NA,"Chlamy fluorescence",800.1,0.3496875,0.1,NA,13.5924919988382,728909,13.4993041746668
"b12_assay_4","4","M4",91,NA,"metE4",8000,3.496875,3,97,1,2,"blank",NA,"Chlamy fluorescence",240.1,0.10490625,0.03,NA,12.3888107822093,711849,13.4756210892506
"b12_assay_4","4","M5",91,NA,"metE4",3200,3.496875,10,90,1,2,"blank",NA,"Chlamy fluorescence",320.1,0.3496875,0.1,NA,12.676388725958,720447,13.4876271316883
"b12_assay_4","4","M6",91,NA,"metE4",3200,3.496875,3,97,1,2,"blank",NA,"Chlamy fluorescence",96.1,0.10490625,0.03,NA,11.4731445949584,563609,13.2421160276513
"b12_assay_4","4","M7",91,NA,"metE4",1280,3.496875,10,90,1,2,"blank",NA,"Chlamy fluorescence",128.1,0.3496875,0.1,NA,11.7605664878848,631454,13.3557803756809
"b12_assay_4","4","M8",91,NA,"metE4",1280,3.496875,3,97,1,2,"blank",NA,"Chlamy fluorescence",38.5,0.10490625,0.03,NA,10.5584135202759,256549,12.4550749584869
"b12_assay_4","4","M9",91,NA,"metE4",512,3.496875,10,90,1,2,"blank",NA,"Chlamy fluorescence",51.3,0.3496875,0.1,NA,10.8454460311589,358501,12.7896867284182
"b12_assay_4","4","N1",91,NA,"metE4",20000,0.87421875,10,90,1,2,"blank",NA,"Chlamy fluorescence",2000.1,0.087421875,0.1,NA,14.5087077372743,572194,13.2572333736991
"b12_assay_4","4","N10",91,NA,"metE4",512,0.87421875,3,97,1,2,"blank",NA,"Chlamy fluorescence",15.46,0.0262265625,0.03,NA,9.64601132214141,78754,11.2740843490487
"b12_assay_4","4","N11",91,NA,"metE4",204.8,0.87421875,10,90,1,2,"blank",NA,"Chlamy fluorescence",20.58,0.087421875,0.1,NA,9.93207500938804,140233,11.8510606039169
"b12_assay_4","4","N12",91,NA,"metE4",204.8,0.87421875,3,97,1,2,"blank",NA,"Chlamy fluorescence",6.244,0.0262265625,0.03,NA,8.73937628163532,17184,9.75173399730859
"b12_assay_4","4","N13",91,NA,"metE4",81.92,0.87421875,10,90,1,2,"blank",NA,"Chlamy fluorescence",8.292,0.087421875,0.1,NA,9.02304647355567,25985,10.1652747274425
"b12_assay_4","4","N14",91,NA,"metE4",81.92,0.87421875,3,97,1,2,"blank",NA,"Chlamy fluorescence",2.5576,0.0262265625,0.03,NA,7.84682459774563,8107,9.00048316498771
"b12_assay_4","4","N15",91,NA,"metE4",32.768,0.87421875,10,90,1,2,"blank",NA,"Chlamy fluorescence",3.3768,0.087421875,0.1,NA,8.12468379446829,12924,9.46684132694439
"b12_assay_4","4","N16",91,NA,"metE4",32.768,0.87421875,3,97,1,2,"blank",NA,"Chlamy fluorescence",1.08304,0.0262265625,0.03,NA,6.9875271807603,2899,7.97212112892166
"b12_assay_4","4","N17",91,NA,"metE4",13.1072,0.87421875,10,90,1,2,"blank",NA,"Chlamy fluorescence",1.41072,0.087421875,0.1,NA,7.25185549133872,3438,8.1426451859428
"b12_assay_4","4","N18",91,NA,"metE4",13.1072,0.87421875,3,97,1,2,"blank",NA,"Chlamy fluorescence",0.493216,0.0262265625,0.03,NA,6.20094721196431,2426,7.793999089504
"b12_assay_4","4","N19",91,NA,"metE4",5.24288,0.87421875,10,90,1,2,"blank",NA,"Chlamy fluorescence",0.624288,0.087421875,0.1,NA,6.43661180035485,2775,7.92840602618053
"b12_assay_4","4","N2",91,NA,"metE4",20000,0.87421875,3,97,1,2,"blank",NA,"Chlamy fluorescence",600.1,0.0262265625,0.03,NA,13.3048515869776,744343,13.5202572290828
"b12_assay_4","4","N20",91,NA,"metE4",5.24288,0.87421875,3,97,1,2,"blank",NA,"Chlamy fluorescence",0.2572864,0.0262265625,0.03,NA,5.5501898613031,2251,7.71912984090673
"b12_assay_4","4","N21",91,NA,"metE4",2.097152,0.87421875,10,90,1,2,"blank",NA,"Chlamy fluorescence",0.3097152,0.087421875,0.1,NA,5.73565316552939,1926,7.56320059235807
"b12_assay_4","4","N22",91,NA,"metE4",2.097152,0.87421875,3,97,1,2,"blank",NA,"Chlamy fluorescence",0.16291456,0.0262265625,0.03,NA,5.09322589160157,1514,7.32251043399739
"b12_assay_4","4","N23",91,NA,"metE4",0,0.87421875,10,90,1,2,"blank",NA,"Chlamy fluorescence",0.1,0.087421875,0.1,NA,4.60517018598809,1707,7.44249272279444
"b12_assay_4","4","N24",91,NA,"metE4",0,0.87421875,3,97,1,2,"blank",NA,"Chlamy fluorescence",0.1,0.0262265625,0.03,NA,4.60517018598809,1526,7.3304052118444
"b12_assay_4","4","N3",91,NA,"metE4",8000,0.87421875,10,90,1,2,"blank",NA,"Chlamy fluorescence",800.1,0.087421875,0.1,NA,13.5924919988382,588571,13.2854528441148
"b12_assay_4","4","N4",91,NA,"metE4",8000,0.87421875,3,97,1,2,"blank",NA,"Chlamy fluorescence",240.1,0.0262265625,0.03,NA,12.3888107822093,666218,13.40937222329
"b12_assay_4","4","N5",91,NA,"metE4",3200,0.87421875,10,90,1,2,"blank",NA,"Chlamy fluorescence",320.1,0.087421875,0.1,NA,12.676388725958,731616,13.503011065134
"b12_assay_4","4","N6",91,NA,"metE4",3200,0.87421875,3,97,1,2,"blank",NA,"Chlamy fluorescence",96.1,0.0262265625,0.03,NA,11.4731445949584,564908,13.2444181650116
"b12_assay_4","4","N7",91,NA,"metE4",1280,0.87421875,10,90,1,2,"blank",NA,"Chlamy fluorescence",128.1,0.087421875,0.1,NA,11.7605664878848,639246,13.368044635801
"b12_assay_4","4","N8",91,NA,"metE4",1280,0.87421875,3,97,1,2,"blank",NA,"Chlamy fluorescence",38.5,0.0262265625,0.03,NA,10.5584135202759,287320,12.5683518561887
"b12_assay_4","4","N9",91,NA,"metE4",512,0.87421875,10,90,1,2,"blank",NA,"Chlamy fluorescence",51.3,0.087421875,0.1,NA,10.8454460311589,378405,12.8437203296032
"b12_assay_4","4","O1",91,NA,"metE4",20000,0.2185546875,10,90,1,2,"blank",NA,"Chlamy fluorescence",2000.1,0.02185546875,0.1,NA,14.5087077372743,443653,13.0027980043279
"b12_assay_4","4","O10",91,NA,"metE4",512,0.2185546875,3,97,1,2,"blank",NA,"Chlamy fluorescence",15.46,0.006556640625,0.03,NA,9.64601132214141,39933,10.5949583287151
"b12_assay_4","4","O11",91,NA,"metE4",204.8,0.2185546875,10,90,1,2,"blank",NA,"Chlamy fluorescence",20.58,0.02185546875,0.1,NA,9.93207500938804,87063,11.3743872735064
"b12_assay_4","4","O12",91,NA,"metE4",204.8,0.2185546875,3,97,1,2,"blank",NA,"Chlamy fluorescence",6.244,0.006556640625,0.03,NA,8.73937628163532,16640,9.7195647143752
"b12_assay_4","4","O13",91,NA,"metE4",81.92,0.2185546875,10,90,1,2,"blank",NA,"Chlamy fluorescence",8.292,0.02185546875,0.1,NA,9.02304647355567,26525,10.1858429634822
"b12_assay_4","4","O14",91,NA,"metE4",81.92,0.2185546875,3,97,1,2,"blank",NA,"Chlamy fluorescence",2.5576,0.006556640625,0.03,NA,7.84682459774563,7267,8.89109883061664
"b12_assay_4","4","O15",91,NA,"metE4",32.768,0.2185546875,10,90,1,2,"blank",NA,"Chlamy fluorescence",3.3768,0.02185546875,0.1,NA,8.12468379446829,10095,9.21979553074694
"b12_assay_4","4","O16",91,NA,"metE4",32.768,0.2185546875,3,97,1,2,"blank",NA,"Chlamy fluorescence",1.08304,0.006556640625,0.03,NA,6.9875271807603,3868,8.26049285657318
"b12_assay_4","4","O17",91,NA,"metE4",13.1072,0.2185546875,10,90,1,2,"blank",NA,"Chlamy fluorescence",1.41072,0.02185546875,0.1,NA,7.25185549133872,3781,8.23774380389093
"b12_assay_4","4","O18",91,NA,"metE4",13.1072,0.2185546875,3,97,1,2,"blank",NA,"Chlamy fluorescence",0.493216,0.006556640625,0.03,NA,6.20094721196431,2874,7.96346006663897
"b12_assay_4","4","O19",91,NA,"metE4",5.24288,0.2185546875,10,90,1,2,"blank",NA,"Chlamy fluorescence",0.624288,0.02185546875,0.1,NA,6.43661180035485,3097,8.0381891799732
"b12_assay_4","4","O2",91,NA,"metE4",20000,0.2185546875,3,97,1,2,"blank",NA,"Chlamy fluorescence",600.1,0.006556640625,0.03,NA,13.3048515869776,724507,13.4932467025319
"b12_assay_4","4","O20",91,NA,"metE4",5.24288,0.2185546875,3,97,1,2,"blank",NA,"Chlamy fluorescence",0.2572864,0.006556640625,0.03,NA,5.5501898613031,1779,7.48380668766583
"b12_assay_4","4","O21",91,NA,"metE4",2.097152,0.2185546875,10,90,1,2,"blank",NA,"Chlamy fluorescence",0.3097152,0.02185546875,0.1,NA,5.73565316552939,2030,7.61579107203583
"b12_assay_4","4","O22",91,NA,"metE4",2.097152,0.2185546875,3,97,1,2,"blank",NA,"Chlamy fluorescence",0.16291456,0.006556640625,0.03,NA,5.09322589160157,1429,7.26473017792987
"b12_assay_4","4","O23",91,NA,"metE4",0,0.2185546875,10,90,1,2,"blank",NA,"Chlamy fluorescence",0.1,0.02185546875,0.1,NA,4.60517018598809,1349,7.20711885620776
"b12_assay_4","4","O24",91,NA,"metE4",0,0.2185546875,3,97,1,2,"blank",NA,"Chlamy fluorescence",0.1,0.006556640625,0.03,NA,4.60517018598809,1778,7.48324441607385
"b12_assay_4","4","O3",91,NA,"metE4",8000,0.2185546875,10,90,1,2,"blank",NA,"Chlamy fluorescence",800.1,0.02185546875,0.1,NA,13.5924919988382,760569,13.5418221163488
"b12_assay_4","4","O4",91,NA,"metE4",8000,0.2185546875,3,97,1,2,"blank",NA,"Chlamy fluorescence",240.1,0.006556640625,0.03,NA,12.3888107822093,721145,13.4885955056173
"b12_assay_4","4","O5",91,NA,"metE4",3200,0.2185546875,10,90,1,2,"blank",NA,"Chlamy fluorescence",320.1,0.02185546875,0.1,NA,12.676388725958,678138,13.4271060860341
"b12_assay_4","4","O6",91,NA,"metE4",3200,0.2185546875,3,97,1,2,"blank",NA,"Chlamy fluorescence",96.1,0.006556640625,0.03,NA,11.4731445949584,472893,13.0666244262386
"b12_assay_4","4","O7",91,NA,"metE4",1280,0.2185546875,10,90,1,2,"blank",NA,"Chlamy fluorescence",128.1,0.02185546875,0.1,NA,11.7605664878848,646027,13.378596577557
"b12_assay_4","4","O8",91,NA,"metE4",1280,0.2185546875,3,97,1,2,"blank",NA,"Chlamy fluorescence",38.5,0.006556640625,0.03,NA,10.5584135202759,135766,11.8186880945709
"b12_assay_4","4","O9",91,NA,"metE4",512,0.2185546875,10,90,1,2,"blank",NA,"Chlamy fluorescence",51.3,0.02185546875,0.1,NA,10.8454460311589,368713,12.8177738426188
"b12_assay_4","4","P1",91,NA,"metE4",20000,0,10,90,1,2,"blank",NA,"Chlamy fluorescence",2000.1,0,0.1,NA,14.5087077372743,455300,13.0287118213229
"b12_assay_4","4","P10",91,NA,"metE4",512,0,3,97,1,2,"blank",NA,"Chlamy fluorescence",15.46,0,0.03,NA,9.64601132214141,53761,10.8923035762145
"b12_assay_4","4","P11",91,NA,"metE4",204.8,0,10,90,1,2,"blank",NA,"Chlamy fluorescence",20.58,0,0.1,NA,9.93207500938804,70557,11.16417617277
"b12_assay_4","4","P12",91,NA,"metE4",204.8,0,3,97,1,2,"blank",NA,"Chlamy fluorescence",6.244,0,0.03,NA,8.73937628163532,20192,9.91304176534094
"b12_assay_4","4","P13",91,NA,"metE4",81.92,0,10,90,1,2,"blank",NA,"Chlamy fluorescence",8.292,0,0.1,NA,9.02304647355567,32987,10.4038688234402
"b12_assay_4","4","P14",91,NA,"metE4",81.92,0,3,97,1,2,"blank",NA,"Chlamy fluorescence",2.5576,0,0.03,NA,7.84682459774563,9049,9.11040953335113
"b12_assay_4","4","P15",91,NA,"metE4",32.768,0,10,90,1,2,"blank",NA,"Chlamy fluorescence",3.3768,0,0.1,NA,8.12468379446829,12232,9.4118107476089
"b12_assay_4","4","P16",91,NA,"metE4",32.768,0,3,97,1,2,"blank",NA,"Chlamy fluorescence",1.08304,0,0.03,NA,6.9875271807603,3197,8.06996814905984
"b12_assay_4","4","P17",91,NA,"metE4",13.1072,0,10,90,1,2,"blank",NA,"Chlamy fluorescence",1.41072,0,0.1,NA,7.25185549133872,5841,8.67265729404031
"b12_assay_4","4","P18",91,NA,"metE4",13.1072,0,3,97,1,2,"blank",NA,"Chlamy fluorescence",0.493216,0,0.03,NA,6.20094721196431,2491,7.82043951526218
"b12_assay_4","4","P19",91,NA,"metE4",5.24288,0,10,90,1,2,"blank",NA,"Chlamy fluorescence",0.624288,0,0.1,NA,6.43661180035485,3103,8.04012466444838
"b12_assay_4","4","P2",91,NA,"metE4",20000,0,3,97,1,2,"blank",NA,"Chlamy fluorescence",600.1,0,0.03,NA,13.3048515869776,443502,13.0024575903045
"b12_assay_4","4","P20",91,NA,"metE4",5.24288,0,3,97,1,2,"blank",NA,"Chlamy fluorescence",0.2572864,0,0.03,NA,5.5501898613031,1956,7.57865685059476
"b12_assay_4","4","P21",91,NA,"metE4",2.097152,0,10,90,1,2,"blank",NA,"Chlamy fluorescence",0.3097152,0,0.1,NA,5.73565316552939,1836,7.51534457118044
"b12_assay_4","4","P22",91,NA,"metE4",2.097152,0,3,97,1,2,"blank",NA,"Chlamy fluorescence",0.16291456,0,0.03,NA,5.09322589160157,1438,7.27100853828099
"b12_assay_4","4","P23",91,NA,"metE4",0,0,10,90,1,2,"blank",NA,"Chlamy fluorescence",0.1,0,0.1,NA,4.60517018598809,1434,7.26822302115957
"b12_assay_4","4","P24",91,NA,"metE4",0,0,3,97,1,2,"blank",NA,"Chlamy fluorescence",0.1,0,0.03,NA,4.60517018598809,1554,7.34858753092759
"b12_assay_4","4","P3",91,NA,"metE4",8000,0,10,90,1,2,"blank",NA,"Chlamy fluorescence",800.1,0,0.1,NA,13.5924919988382,584702,13.2788575947155
"b12_assay_4","4","P4",91,NA,"metE4",8000,0,3,97,1,2,"blank",NA,"Chlamy fluorescence",240.1,0,0.03,NA,12.3888107822093,739394,13.5135862107642
"b12_assay_4","4","P5",91,NA,"metE4",3200,0,10,90,1,2,"blank",NA,"Chlamy fluorescence",320.1,0,0.1,NA,12.676388725958,467138,13.0543799962106
"b12_assay_4","4","P6",91,NA,"metE4",3200,0,3,97,1,2,"blank",NA,"Chlamy fluorescence",96.1,0,0.03,NA,11.4731445949584,422464,12.9538595150484
"b12_assay_4","4","P7",91,NA,"metE4",1280,0,10,90,1,2,"blank",NA,"Chlamy fluorescence",128.1,0,0.1,NA,11.7605664878848,638823,13.3673826996842
"b12_assay_4","4","P8",91,NA,"metE4",1280,0,3,97,1,2,"blank",NA,"Chlamy fluorescence",38.5,0,0.03,NA,10.5584135202759,128914,11.7669007943561
"b12_assay_4","4","P9",91,NA,"metE4",512,0,10,90,1,2,"blank",NA,"Chlamy fluorescence",51.3,0,0.1,NA,10.8454460311589,188839,12.148650079158
